timestamp,frame,state,shoulder_x,shoulder_y,elbow_x,elbow_y,wrist_x,wrist_y,raw_upper,filtered_upper,raw_elbow,filtered_elbow,raw_forearm,filtered_forearm,delta_upper,delta_elbow,delta_forearm,mapped_joint2,joint2,mapped_joint3,joint3,mapped_joint5,joint5,openness,joint7
744098.5848,31,TRACKING,297.0,271.6,327.4,416.0,89.0,344.7,-78.13,0.00,118.51,0.00,163.36,0.00,0.00,0.00,0.00,0.0000,0.0000,0.0000,0.0000,0.0000,0.0000,0.819,0.03347
744098.6170,32,TRACKING,297.0,271.6,327.4,416.0,89.0,344.7,-78.13,0.00,118.51,0.00,163.36,0.00,0.00,0.00,0.00,0.0000,0.0000,0.0000,0.0000,0.0000,0.0000,0.819,0.03347
744098.6501,33,TRACKING,297.0,271.6,327.4,416.0,89.0,344.7,-78.13,0.00,118.51,0.00,163.36,0.00,0.00,0.00,0.00,0.0000,0.0000,0.0000,0.0000,0.0000,0.0000,0.819,0.03347
744098.6838,34,TRACKING,296.9,272.4,327.9,416.6,88.0,346.7,-77.89,0.00,118.36,0.00,163.75,0.00,0.00,0.00,0.00,0.0000,0.0000,0.0000,0.0000,0.0000,0.0000,0.867,0.03500
744098.7171,35,TRACKING,296.9,272.4,327.9,416.6,88.0,346.7,-77.89,0.00,118.36,0.00,163.75,0.00,0.00,0.00,0.00,0.0000,0.0000,0.0000,0.0000,0.0000,0.0000,0.867,0.03500
744098.7512,36,TRACKING,296.9,272.4,327.9,416.6,88.0,346.7,-77.89,0.00,118.36,0.00,163.75,0.00,0.00,0.00,0.00,0.0000,0.0000,0.0000,0.0000,0.0000,0.0000,0.867,0.03500
744098.7837,37,TRACKING,297.2,271.7,328.8,414.4,88.3,345.8,-77.51,0.00,118.42,0.00,164.07,0.00,0.00,0.00,0.00,0.0000,0.0000,0.0000,0.0000,0.0000,0.0000,0.859,0.03500
744098.8169,38,TRACKING,297.2,271.7,328.8,414.4,88.3,345.8,-77.51,0.00,118.42,0.00,164.07,0.00,0.00,0.00,0.00,0.0000,0.0000,0.0000,0.0000,0.0000,0.0000,0.859,0.03500
744098.9000,39,TRACKING,297.2,271.7,328.8,414.4,88.3,345.8,-77.51,0.00,118.42,0.00,164.07,0.00,0.00,0.00,0.00,0.0000,0.0000,0.0000,0.0000,0.0000,0.0000,0.859,0.03500
744098.9041,40,TRACKING,297.2,271.7,328.8,414.4,88.3,345.8,-77.51,0.00,118.42,0.00,164.07,0.00,0.00,0.00,0.00,0.0000,0.0000,0.0000,0.0000,0.0000,0.0000,0.859,0.03500
744098.9381,41,TRACKING,296.2,272.6,329.5,414.3,88.8,345.9,-76.76,0.00,119.10,0.00,164.14,0.00,0.00,0.00,0.00,0.0000,0.0000,0.0000,0.0000,0.0000,0.0000,0.859,0.03500
744098.9709,42,TRACKING,296.2,272.6,329.5,414.3,88.8,345.9,-76.76,0.00,119.10,0.00,164.14,0.00,0.00,0.00,0.00,0.0000,0.0000,0.0000,0.0000,0.0000,0.0000,0.859,0.03500
744099.0044,43,TRACKING,296.0,272.5,325.8,416.5,88.7,345.3,-78.30,0.00,118.42,0.00,163.28,0.00,0.00,0.00,0.00,0.0000,0.0000,0.0000,0.0000,0.0000,0.0000,0.870,0.03500
744099.0380,44,TRACKING,294.3,271.9,328.3,413.4,86.6,345.2,-76.48,0.00,119.29,0.00,164.23,0.00,0.00,0.00,0.00,0.0000,0.0000,0.0000,0.0000,0.0000,0.0000,0.857,0.03500
744099.0711,45,TRACKING,294.3,271.9,328.3,413.4,86.6,345.2,-76.48,0.00,119.29,0.00,164.23,0.00,0.00,0.00,0.00,0.0000,0.0000,0.0000,0.0000,0.0000,0.0000,0.857,0.03500
744099.1042,46,TRACKING,293.6,272.2,327.9,411.5,85.9,347.3,-76.15,0.00,118.71,0.00,165.14,0.00,0.00,0.00,0.00,0.0000,0.0000,0.0000,0.0000,0.0000,0.0000,0.880,0.03500
744099.1375,47,TRACKING,293.6,272.2,327.9,411.5,85.9,347.3,-76.15,0.00,118.71,0.00,165.14,0.00,0.00,0.00,0.00,0.0000,0.0000,0.0000,0.0000,0.0000,0.0000,0.880,0.03500
744099.1712,48,TRACKING,294.1,272.4,329.3,412.1,87.1,345.2,-75.85,0.00,119.58,0.00,164.58,0.00,0.00,0.00,0.00,0.0000,0.0000,0.0000,0.0000,0.0000,0.0000,0.853,0.03500
744099.2046,49,TRACKING,294.1,272.4,329.3,412.1,87.1,345.2,-75.85,0.00,119.58,0.00,164.58,0.00,0.00,0.00,0.00,0.0000,0.0000,0.0000,0.0000,0.0000,0.0000,0.853,0.03500
744099.2379,50,TRACKING,294.2,272.4,328.6,413.2,85.9,345.2,-76.24,0.00,119.42,0.00,164.34,0.00,0.00,0.00,0.00,0.0000,0.0000,0.0000,0.0000,0.0000,0.0000,0.846,0.03500
744099.2709,51,TRACKING,294.2,272.4,328.6,413.2,85.9,345.2,-76.24,0.00,119.42,0.00,164.34,0.00,0.00,0.00,0.00,0.0000,0.0000,0.0000,0.0000,0.0000,0.0000,0.846,0.03500
744099.3042,52,TRACKING,293.9,273.0,327.9,411.3,85.7,346.7,-76.17,0.00,118.76,0.00,165.07,0.00,0.00,0.00,0.00,0.0000,0.0000,0.0000,0.0000,0.0000,0.0000,0.866,0.03500
744099.3376,53,TRACKING,293.9,273.0,327.9,411.3,85.7,346.7,-76.17,0.00,118.76,0.00,165.07,0.00,0.00,0.00,0.00,0.0000,0.0000,0.0000,0.0000,0.0000,0.0000,0.866,0.03500
744099.3709,54,TRACKING,294.1,272.4,327.6,411.9,87.1,345.8,-76.49,0.00,118.86,0.00,164.64,0.00,0.00,0.00,0.00,0.0000,0.0000,0.0000,0.0000,0.0000,0.0000,0.855,0.03500
744099.4044,55,TRACKING,294.7,269.9,328.5,410.3,85.4,345.4,-76.46,0.00,118.49,0.00,165.05,0.00,0.00,0.00,0.00,0.0000,0.0000,0.0000,0.0000,0.0000,0.0000,0.854,0.03500
744099.4376,56,TRACKING,294.7,271.9,328.4,412.1,86.2,345.7,-76.46,0.00,118.87,0.00,164.67,0.00,0.00,0.00,0.00,0.0000,0.0000,0.0000,0.0000,0.0000,0.0000,0.856,0.03500
744099.4711,57,TRACKING,293.8,271.5,328.3,411.8,86.7,346.0,-76.20,0.00,119.05,0.00,164.76,0.00,0.00,0.00,0.00,0.0000,0.0000,0.0000,0.0000,0.0000,0.0000,0.862,0.03500
744099.5042,58,TRACKING,293.8,271.5,328.3,411.8,86.7,346.0,-76.20,-76.26,119.05,118.97,164.76,164.77,0.22,0.21,0.54,0.5943,0.6000,-0.6019,-0.6000,-0.0098,-0.0039,0.862,0.03500
744099.5376,59,TRACKING,294.2,271.7,328.6,413.2,86.5,346.2,-76.31,-76.26,119.15,118.97,164.53,164.77,0.22,0.21,0.54,0.5943,0.6000,-0.6019,-0.6000,-0.0098,-0.0039,0.860,0.03500
744099.5711,60,TRACKING,294.0,269.2,328.5,413.0,85.6,347.2,-76.50,-76.26,118.65,118.97,164.85,164.77,0.22,0.21,0.54,0.5943,0.6000,-0.6019,-0.6000,-0.0098,-0.0039,0.877,0.03500
744099.6042,61,TRACKING,294.0,269.2,328.5,413.0,85.6,347.2,-76.50,-76.26,118.65,118.97,164.85,164.77,0.22,0.21,0.54,0.5943,0.6000,-0.6019,-0.6000,-0.0098,-0.0039,0.877,0.03500
744099.6375,62,TRACKING,293.5,269.6,326.1,413.5,86.2,346.4,-77.20,-76.26,118.41,118.97,164.39,164.77,0.22,0.21,0.54,0.5943,0.6000,-0.6019,-0.6000,-0.0098,-0.0039,0.868,0.03500
744099.6713,63,TRACKING,294.8,271.4,330.5,413.1,85.1,346.3,-75.87,-76.26,119.34,118.97,164.80,164.77,0.22,0.21,0.54,0.5943,0.6000,-0.6019,-0.6000,-0.0098,-0.0039,0.877,0.03500
744099.7042,64,TRACKING,294.8,271.4,330.5,413.1,85.1,346.3,-75.87,-76.26,119.34,118.97,164.80,164.77,0.22,0.21,0.54,0.5943,0.6000,-0.6019,-0.6000,-0.0098,-0.0039,0.877,0.03500
744099.7375,65,TRACKING,295.0,271.9,329.9,415.6,86.3,346.6,-76.39,-76.26,119.43,118.97,164.18,164.77,0.22,0.21,0.54,0.5943,0.6000,-0.6019,-0.6000,-0.0098,-0.0039,0.860,0.03500
744099.7719,66,TRACKING,295.4,271.9,331.6,413.1,90.0,347.5,-75.60,-76.26,119.58,118.97,164.82,164.77,0.22,0.21,0.54,0.5943,0.6000,-0.6019,-0.6000,-0.0098,-0.0039,0.809,0.03296
744099.8052,67,TRACKING,295.5,273.4,332.2,412.8,89.8,350.9,-75.25,-76.26,119.09,118.97,165.66,164.77,0.22,0.21,0.54,0.5943,0.6000,-0.6019,-0.6000,-0.0098,-0.0039,0.860,0.03500
744099.8379,68,TRACKING,295.5,273.4,332.2,412.8,89.8,350.9,-75.25,-76.26,119.09,118.97,165.66,164.77,0.22,0.21,0.54,0.5943,0.6000,-0.6019,-0.6000,-0.0098,-0.0039,0.860,0.03500
744099.8718,69,TRACKING,296.9,274.4,331.6,412.5,93.1,351.4,-75.92,-76.26,118.44,118.97,165.63,164.77,0.22,0.21,0.54,0.5943,0.6000,-0.6019,-0.6000,-0.0098,-0.0039,0.858,0.03500
744099.9042,70,TRACKING,296.9,274.4,331.6,412.5,93.1,351.4,-75.92,-76.26,118.44,118.97,165.63,164.77,0.22,0.21,0.54,0.5943,0.6000,-0.6019,-0.6000,-0.0098,-0.0039,0.858,0.03500
744099.9377,71,TRACKING,298.2,274.6,332.1,414.2,102.8,356.5,-76.33,-76.26,117.79,118.97,165.88,164.77,0.22,0.21,0.54,0.5943,0.6000,-0.6019,-0.6000,-0.0098,-0.0039,0.871,0.03500
744099.9709,72,TRACKING,299.6,278.6,336.2,425.8,110.3,360.1,-76.06,-76.26,120.17,118.97,163.78,164.77,0.22,0.21,0.54,0.5943,0.6000,-0.6019,-0.6000,-0.0098,-0.0039,0.872,0.03500
744100.0042,73,TRACKING,299.6,278.6,336.2,425.8,110.3,360.1,-76.06,-76.26,120.17,118.97,163.78,164.77,0.22,0.21,0.54,0.5943,0.6000,-0.6019,-0.6000,-0.0098,-0.0039,0.872,0.03500
744100.0378,74,TRACKING,305.4,284.8,333.3,437.8,111.3,373.3,-79.67,-76.77,116.54,118.97,163.79,164.77,-0.29,0.21,0.54,0.6078,0.6000,-0.6019,-0.6000,-0.0098,-0.0039,0.979,0.03500
744100.0709,75,TRACKING,305.4,284.8,333.3,437.8,111.3,373.3,-79.67,-77.41,116.54,118.43,163.79,164.77,-0.94,-0.33,0.54,0.6249,0.6100,-0.5969,-0.6000,-0.0098,-0.0039,0.979,0.03500
744100.1044,76,TRACKING,304.7,275.7,339.1,427.0,124.9,374.5,-77.18,-77.41,116.60,117.96,166.22,164.77,-0.94,-0.80,0.54,0.6249,0.6160,-0.5926,-0.6000,-0.0098,-0.0039,0.933,0.03500
744100.1376,77,TRACKING,304.7,275.7,339.1,427.0,124.9,374.5,-77.18,-77.41,116.60,117.96,166.22,164.77,-0.94,-0.80,0.54,0.6249,0.6196,-0.5926,-0.6000,-0.0098,-0.0039,0.933,0.03500
744100.1711,78,TRACKING,314.3,278.6,346.7,435.1,135.5,381.3,-78.31,-77.41,115.99,117.44,165.70,164.77,-0.94,-1.32,0.54,0.6249,0.6196,-0.5878,-0.5951,-0.0098,-0.0039,0.986,0.03500
744100.2105,79,TRACKING,314.3,278.6,346.7,435.1,135.5,381.3,-78.31,-77.41,115.99,117.44,165.70,164.77,-0.94,-1.32,0.54,0.6249,0.6196,-0.5878,-0.5951,-0.0098,-0.0039,0.986,0.03500
744100.2383,80,TRACKING,322.0,287.6,347.0,442.4,149.5,385.9,-80.83,-78.08,115.13,116.84,164.04,164.77,-1.60,-1.92,0.54,0.6428,0.6288,-0.5823,-0.5900,-0.0098,-0.0039,0.965,0.03500
744100.2712,81,TRACKING,322.0,287.6,347.0,442.4,149.5,385.9,-80.83,-78.75,115.13,116.36,164.04,164.77,-2.28,-2.40,0.54,0.6607,0.6416,-0.5778,-0.5851,-0.0098,-0.0039,0.965,0.03500
744100.3042,82,TRACKING,322.0,287.6,347.0,442.4,149.5,385.9,-80.83,-79.32,115.13,116.36,164.04,164.77,-2.84,-2.40,0.54,0.6758,0.6553,-0.5778,-0.5851,-0.0098,-0.0039,0.965,0.03500
744100.3378,83,TRACKING,323.7,281.7,354.1,434.2,152.0,390.4,-78.73,-79.32,113.50,115.70,167.77,164.77,-2.84,-3.06,0.54,0.6758,0.6635,-0.5718,-0.5798,-0.0098,-0.0039,0.981,0.03500
744100.3710,84,TRACKING,323.7,281.7,354.1,434.2,152.0,390.4,-78.73,-79.32,113.50,115.12,167.77,165.45,-2.84,-3.64,1.22,0.6758,0.6684,-0.5664,-0.5744,-0.0224,-0.0113,0.981,0.03500
744100.4047,85,TRACKING,329.1,279.6,367.5,426.4,161.3,392.5,-75.36,-78.69,113.98,115.12,170.66,166.52,-2.21,-3.64,2.29,0.6590,0.6646,-0.5664,-0.5712,-0.0419,-0.0236,0.979,0.03500
744100.4375,86,TRACKING,333.6,282.3,369.6,436.0,171.0,398.6,-76.82,-78.17,113.82,114.70,169.36,167.35,-1.69,-4.06,3.11,0.6451,0.6568,-0.5625,-0.5678,-0.0571,-0.0370,0.981,0.03500
744100.4709,87,TRACKING,333.6,282.3,369.6,436.0,171.0,398.6,-76.82,-78.17,113.82,114.70,169.36,167.96,-1.69,-4.06,3.73,0.6451,0.6521,-0.5625,-0.5678,-0.0683,-0.0495,0.981,0.03500
744100.5051,88,TRACKING,342.0,282.1,376.3,436.0,178.9,403.6,-77.45,-78.17,111.87,114.10,170.67,168.60,-1.69,-4.66,4.37,0.6451,0.6521,-0.5570,-0.5635,-0.0801,-0.0618,0.940,0.03500
744100.5377,89,TRACKING,347.3,282.0,378.5,431.4,183.5,405.4,-78.21,-78.17,109.40,113.15,172.39,169.42,-1.69,-5.61,5.19,0.6451,0.6521,-0.5482,-0.5574,-0.0952,-0.0751,0.948,0.03500
744100.5710,90,TRACKING,347.3,282.0,378.5,431.4,183.5,405.4,-78.21,-78.17,109.40,112.23,172.39,170.18,-1.69,-6.53,5.95,0.6451,0.6521,-0.5397,-0.5503,-0.1091,-0.0887,0.948,0.03500
744100.6047,91,TRACKING,355.4,281.4,385.0,433.4,186.2,403.2,-78.97,-78.17,109.65,111.49,171.38,170.64,-1.69,-7.27,6.41,0.6451,0.6521,-0.5329,-0.5433,-0.1175,-0.1002,0.913,0.03500
744100.6398,92,TRACKING,355.4,281.4,385.0,433.4,186.2,403.2,-78.97,-78.17,109.65,110.93,171.38,170.64,-1.69,-7.83,6.41,0.6451,0.6521,-0.5278,-0.5371,-0.1175,-0.1071,0.913,0.03500
744100.6720,93,TRACKING,356.1,283.6,388.2,430.7,185.3,404.8,-77.69,-78.17,109.59,110.93,172.72,171.12,-1.69,-7.83,6.89,0.6451,0.6521,-0.5278,-0.5334,-0.1264,-0.1148,0.955,0.03500
744100.7042,94,TRACKING,356.1,283.6,388.2,430.7,185.3,404.8,-77.69,-78.17,109.59,110.50,172.72,171.55,-1.69,-8.27,7.32,0.6451,0.6521,-0.5237,-0.5295,-0.1341,-0.1226,0.955,0.03500
744100.7375,95,TRACKING,358.6,285.0,389.3,438.5,184.9,404.7,-78.71,-78.17,110.71,110.50,170.59,171.55,-1.69,-8.27,7.32,0.6451,0.6521,-0.5237,-0.5295,-0.1341,-0.1272,0.960,0.03500
744100.7712,96,TRACKING,358.7,284.3,389.0,437.8,183.9,404.8,-78.84,-78.17,110.29,110.50,170.86,171.55,-1.69,-8.27,7.32,0.6451,0.6521,-0.5237,-0.5295,-0.1341,-0.1272,0.932,0.03500
744100.8046,97,TRACKING,358.7,284.3,389.0,437.8,183.9,404.8,-78.84,-78.17,110.29,110.50,170.86,171.55,-1.69,-8.27,7.32,0.6451,0.6521,-0.5237,-0.5295,-0.1341,-0.1272,0.932,0.03500
744100.8387,98,TRACKING,361.3,285.8,391.2,441.8,183.7,404.4,-79.16,-78.17,111.05,110.50,169.80,171.55,-1.69,-8.27,7.32,0.6451,0.6521,-0.5237,-0.5295,-0.1341,-0.1272,0.922,0.03500
744100.8710,99,TRACKING,361.3,285.8,391.2,441.8,183.7,404.4,-79.16,-78.17,111.05,110.50,169.80,171.07,-1.69,-8.27,6.84,0.6451,0.6521,-0.5237,-0.5295,-0.1253,-0.1272,0.922,0.03500
744100.9063,100,TRACKING,361.4,286.2,392.0,440.6,179.8,403.2,-78.80,-78.17,111.20,110.50,170.00,171.07,-1.69,-8.27,6.84,0.6451,0.6521,-0.5237,-0.5295,-0.1253,-0.1272,0.929,0.03500
744100.9377,101,TRACKING,359.0,284.8,388.8,442.8,177.3,404.9,-79.29,-78.17,110.85,110.50,169.86,171.07,-1.69,-8.27,6.84,0.6451,0.6521,-0.5237,-0.5295,-0.1253,-0.1272,0.899,0.03500
744100.9710,102,TRACKING,359.0,284.8,388.8,442.8,177.3,404.9,-79.29,-78.17,110.85,110.50,169.86,171.07,-1.69,-8.27,6.84,0.6451,0.6521,-0.5237,-0.5295,-0.1253,-0.1272,0.899,0.03500
744101.0043,103,TRACKING,359.8,284.4,389.2,442.5,173.1,405.6,-79.48,-78.17,110.21,110.50,170.31,171.07,-1.69,-8.27,6.84,0.6451,0.6521,-0.5237,-0.5295,-0.1253,-0.1272,0.949,0.03500
744101.0376,104,TRACKING,359.8,284.4,389.2,442.5,173.1,405.6,-79.48,-78.59,110.21,110.50,170.31,171.07,-2.12,-8.27,6.84,0.6564,0.6521,-0.5237,-0.5295,-0.1253,-0.1272,0.949,0.03500
744101.0711,105,TRACKING,359.7,283.7,387.8,438.1,166.7,402.9,-79.69,-78.59,109.35,110.50,170.96,171.07,-2.12,-8.27,6.84,0.6564,0.6521,-0.5237,-0.5295,-0.1253,-0.1272,0.920,0.03500
744101.1047,106,TRACKING,357.6,287.2,385.9,442.6,162.9,399.2,-79.69,-78.59,111.33,110.50,168.98,170.64,-2.12,-8.27,6.40,0.6564,0.6521,-0.5237,-0.5295,-0.1174,-0.1233,0.911,0.03500
744101.1375,107,TRACKING,357.6,287.2,385.9,442.6,162.9,399.2,-79.69,-78.59,111.33,110.50,168.98,170.64,-2.12,-8.27,6.40,0.6564,0.6521,-0.5237,-0.5295,-0.1174,-0.1233,0.911,0.03500
744101.1715,108,TRACKING,358.3,286.8,398.3,435.2,166.1,388.5,-74.93,-78.59,116.46,111.51,168.61,170.08,-2.12,-7.25,5.85,0.6564,0.6521,-0.5330,-0.5295,-0.1073,-0.1169,0.825,0.03377
744101.2042,109,TRACKING,358.3,286.8,398.3,435.2,166.1,388.5,-74.93,-77.82,116.46,112.65,168.61,169.65,-1.34,-6.11,5.42,0.6358,0.6456,-0.5436,-0.5351,-0.0994,-0.1099,0.825,0.03377
744101.2377,110,TRACKING,357.9,280.1,419.9,415.8,393.3,408.3,-65.45,-75.63,130.31,115.21,164.24,169.23,0.85,-3.55,5.00,0.5775,0.6183,-0.5673,-0.5480,-0.0917,-0.1026,1.000,0.03500
744101.2709,111,TRACKING,357.9,280.1,419.9,415.8,393.3,408.3,-65.45,-73.25,130.31,118.04,164.24,168.75,3.22,-0.72,4.52,0.5140,0.5766,-0.5934,-0.5661,-0.0829,-0.0947,1.000,0.03500
744101.3043,112,TRACKING,351.3,281.6,395.8,420.8,153.3,377.2,-72.28,-72.24,117.92,118.88,169.80,168.75,4.24,0.12,4.52,0.4870,0.5408,-0.6011,-0.5801,-0.0829,-0.0900,0.685,0.02676
744101.3375,113,TRACKING,351.3,281.6,395.8,420.8,153.3,377.2,-72.28,-72.24,117.92,118.88,169.80,168.75,4.24,0.12,4.52,0.4870,0.5193,-0.6011,-0.5885,-0.0829,-0.0900,0.685,0.02676
744101.3711,114,TRACKING,350.7,281.1,395.0,422.7,142.4,373.5,-72.64,-72.24,118.38,118.88,168.98,168.75,4.24,0.12,4.52,0.4870,0.5064,-0.6011,-0.5936,-0.0829,-0.0900,0.768,0.03091
744101.4043,115,TRACKING,350.7,281.1,395.0,422.7,142.4,373.5,-72.64,-72.24,118.38,118.88,168.98,168.75,4.24,0.12,4.52,0.4870,0.4986,-0.6011,-0.5936,-0.0829,-0.0900,0.768,0.03091
744101.4378,116,TRACKING,349.4,279.6,397.7,422.3,156.1,377.0,-71.30,-72.24,119.30,118.88,169.40,168.75,4.24,0.12,4.52,0.4870,0.4940,-0.6011,-0.5936,-0.0829,-0.0900,0.641,0.02454
744101.4715,117,TRACKING,349.8,279.3,396.2,421.9,140.4,373.6,-71.97,-72.24,118.73,118.88,169.30,168.75,4.24,0.12,4.52,0.4870,0.4940,-0.6011,-0.5936,-0.0829,-0.0900,0.750,0.03002
744101.5051,118,TRACKING,349.8,279.3,396.2,421.9,140.4,373.6,-71.97,-72.24,118.73,118.88,169.30,168.75,4.24,0.12,4.52,0.4870,0.4940,-0.6011,-0.5936,-0.0829,-0.0900,0.750,0.03002
744101.5380,119,TRACKING,346.4,278.1,390.4,421.5,146.8,375.8,-72.96,-72.24,117.67,118.88,169.37,168.75,4.24,0.12,4.52,0.4870,0.4940,-0.6011,-0.5936,-0.0829,-0.0900,0.696,0.02731
744101.5713,120,TRACKING,346.4,278.1,390.4,421.5,146.8,375.8,-72.96,-72.24,117.67,118.88,169.37,168.75,4.24,0.12,4.52,0.4870,0.4940,-0.6011,-0.5936,-0.0829,-0.0900,0.696,0.02731
744101.6066,121,TRACKING,346.4,278.1,390.4,421.5,146.8,375.8,-72.96,-72.24,117.67,118.88,169.37,168.75,4.24,0.12,4.52,0.4870,0.4940,-0.6011,-0.5936,-0.0829,-0.0900,0.696,0.02731
744101.6375,122,TRACKING,346.4,278.1,390.4,421.5,146.8,375.8,-72.96,-72.24,117.67,118.88,169.37,168.75,4.24,0.12,4.52,0.4870,0.4940,-0.6011,-0.5936,-0.0829,-0.0900,0.696,0.02731
744101.6729,123,TRACKING,351.1,278.2,398.5,421.0,143.7,382.8,-71.65,-72.24,116.89,118.35,171.46,169.30,4.24,-0.41,5.07,0.4870,0.4940,-0.5962,-0.5936,-0.0930,-0.0900,0.736,0.02931
744101.7044,124,TRACKING,351.1,278.2,398.5,421.0,143.7,382.8,-71.65,-72.24,116.89,117.93,171.46,169.84,4.24,-0.83,5.61,0.4870,0.4940,-0.5923,-0.5936,-0.1029,-0.0952,0.736,0.02931
744101.7399,125,TRACKING,349.6,278.9,396.1,424.1,141.2,386.6,-72.23,-72.24,116.13,117.49,171.64,170.32,4.24,-1.27,6.09,0.4870,0.4940,-0.5883,-0.5936,-0.1116,-0.1017,0.791,0.03205
744101.7712,126,TRACKING,349.6,278.9,396.1,424.1,141.2,386.6,-72.23,-72.24,116.13,117.49,171.64,170.32,4.24,-1.27,6.09,0.4870,0.4940,-0.5883,-0.5936,-0.1116,-0.1057,0.791,0.03205
744101.8042,127,TRACKING,349.6,278.9,396.1,424.1,141.2,386.6,-72.23,-72.24,116.13,117.49,171.64,170.32,4.24,-1.27,6.09,0.4870,0.4940,-0.5883,-0.5936,-0.1116,-0.1057,0.791,0.03205
744101.8376,128,TRACKING,348.3,278.4,394.5,423.2,142.9,384.4,-72.31,-72.24,116.45,117.49,171.24,170.32,4.24,-1.27,6.09,0.4870,0.4940,-0.5883,-0.5936,-0.1116,-0.1057,0.736,0.02932
744101.8709,129,TRACKING,348.3,278.4,394.5,423.2,142.9,384.4,-72.31,-72.24,116.45,117.49,171.24,170.32,4.24,-1.27,6.09,0.4870,0.4940,-0.5883,-0.5936,-0.1116,-0.1057,0.736,0.02932
744101.9043,130,TRACKING,348.4,278.1,397.2,419.6,142.8,388.6,-70.95,-72.24,116.00,117.05,173.05,170.94,4.24,-1.72,6.71,0.4870,0.4940,-0.5842,-0.5898,-0.1230,-0.1126,0.796,0.03228
744101.9376,131,TRACKING,348.4,278.1,397.2,419.6,142.8,388.6,-70.95,-72.24,116.00,117.05,173.05,171.50,4.24,-1.72,7.27,0.4870,0.4940,-0.5842,-0.5898,-0.1332,-0.1209,0.796,0.03228
744101.9712,132,TRACKING,347.7,276.3,396.3,417.3,143.0,385.6,-70.97,-72.24,116.17,117.05,172.85,171.50,4.24,-1.72,7.27,0.4870,0.4940,-0.5842,-0.5898,-0.1332,-0.1258,0.755,0.03025
744102.0042,133,TRACKING,347.7,276.3,396.3,417.3,143.0,385.6,-70.97,-72.24,116.17,117.05,172.85,171.94,4.24,-1.72,7.71,0.4870,0.4940,-0.5842,-0.5898,-0.1413,-0.1320,0.755,0.03025
744102.0383,134,TRACKING,347.1,278.3,394.4,418.1,138.3,389.2,-71.34,-72.24,115.10,116.57,173.56,171.94,4.24,-2.19,7.71,0.4870,0.4940,-0.5798,-0.5858,-0.1413,-0.1357,0.868,0.03500
744102.0710,135,TRACKING,347.1,278.3,394.4,418.1,138.3,389.2,-71.34,-72.24,115.10,116.57,173.56,172.42,4.24,-2.19,8.19,0.4870,0.4940,-0.5798,-0.5858,-0.1501,-0.1415,0.868,0.03500
744102.1042,136,TRACKING,347.5,278.0,393.5,416.7,140.2,386.8,-71.62,-72.24,115.11,116.12,173.27,172.42,4.24,-2.64,8.19,0.4870,0.4940,-0.5756,-0.5817,-0.1501,-0.1449,0.815,0.03324
744102.1380,137,TRACKING,347.5,278.0,393.5,416.7,140.2,386.8,-71.62,-72.24,115.11,116.12,173.27,172.42,4.24,-2.64,8.19,0.4870,0.4940,-0.5756,-0.5817,-0.1501,-0.1449,0.815,0.03324
744102.1710,138,TRACKING,349.2,279.9,396.7,421.0,142.3,386.3,-71.42,-72.24,116.34,116.12,172.24,172.42,4.24,-2.64,8.19,0.4870,0.4940,-0.5756,-0.5817,-0.1501,-0.1449,0.807,0.03324
744102.2042,139,TRACKING,349.2,279.9,396.7,421.0,142.3,386.3,-71.42,-72.24,116.34,116.12,172.24,172.42,4.24,-2.64,8.19,0.4870,0.4940,-0.5756,-0.5817,-0.1501,-0.1449,0.807,0.03324
744102.2379,140,TRACKING,348.5,279.0,394.4,422.9,144.0,387.6,-72.30,-72.24,115.72,116.12,171.98,172.42,4.24,-2.64,8.19,0.4870,0.4940,-0.5756,-0.5817,-0.1501,-0.1449,0.783,0.03166
744102.2709,141,TRACKING,348.5,279.0,394.4,422.9,144.0,387.6,-72.30,-72.24,115.72,116.12,171.98,172.42,4.24,-2.64,8.19,0.4870,0.4940,-0.5756,-0.5817,-0.1501,-0.1449,0.783,0.03166
744102.3042,142,TRACKING,348.4,278.8,394.2,419.8,141.1,384.6,-72.01,-72.24,115.92,116.12,172.07,172.42,4.24,-2.64,8.19,0.4870,0.4940,-0.5756,-0.5817,-0.1501,-0.1449,0.791,0.03166
744102.3378,143,TRACKING,347.3,278.4,394.4,420.9,140.0,386.1,-71.68,-72.24,116.09,116.12,172.22,172.42,4.24,-2.64,8.19,0.4870,0.4940,-0.5756,-0.5817,-0.1501,-0.1449,0.820,0.03349
744102.3710,144,TRACKING,347.3,278.4,394.4,420.9,140.0,386.1,-71.68,-72.24,116.09,116.12,172.22,172.42,4.24,-2.64,8.19,0.4870,0.4940,-0.5756,-0.5817,-0.1501,-0.1449,0.820,0.03349
744102.4043,145,TRACKING,347.5,277.8,393.1,420.0,138.4,385.9,-72.22,-72.24,115.40,116.12,172.38,172.42,4.24,-2.64,8.19,0.4870,0.4940,-0.5756,-0.5817,-0.1501,-0.1449,0.821,0.03349
744102.4378,146,TRACKING,348.0,277.6,394.0,421.1,141.1,386.3,-72.25,-72.24,115.60,116.12,172.15,172.42,4.24,-2.64,8.19,0.4870,0.4940,-0.5756,-0.5817,-0.1501,-0.1449,0.791,0.03206
744102.4713,147,TRACKING,349.3,274.6,411.9,410.6,393.1,413.2,-65.28,-71.12,106.79,116.73,-172.07,172.42,5.36,-2.03,8.19,0.4571,0.4792,-0.5812,-0.5817,-0.1501,-0.1449,1.000,0.03500
744102.5084,148,TRACKING,349.3,274.6,411.9,410.6,393.1,413.2,-65.28,-69.80,106.79,117.23,-172.07,173.15,6.68,-1.53,8.91,0.4218,0.4563,-0.5859,-0.5817,-0.1634,-0.1523,1.000,0.03500
744102.5380,149,TRACKING,348.6,278.5,395.8,418.8,141.4,373.6,-71.43,-69.80,118.64,118.03,169.93,172.50,6.68,-0.73,8.27,0.4218,0.4425,-0.5933,-0.5863,-0.1515,-0.1523,0.693,0.02713
744102.5710,150,TRACKING,348.6,278.5,395.8,418.8,141.4,373.6,-71.43,-69.80,118.64,118.47,169.93,171.81,6.68,-0.29,7.58,0.4218,0.4342,-0.5973,-0.5907,-0.1389,-0.1470,0.693,0.02713
744102.6046,151,TRACKING,347.3,278.2,395.4,418.0,141.3,382.8,-71.02,-69.80,116.88,118.47,172.10,171.81,6.68,-0.29,7.58,0.4218,0.4293,-0.5973,-0.5907,-0.1389,-0.1437,0.786,0.03178
744102.6375,152,TRACKING,347.3,278.2,395.4,418.0,141.3,382.8,-71.02,-69.80,116.88,118.47,172.10,171.81,6.68,-0.29,7.58,0.4218,0.4293,-0.5973,-0.5907,-0.1389,-0.1437,0.786,0.03178
744102.6717,153,TRACKING,348.4,277.9,396.7,422.7,142.8,384.6,-71.55,-70.26,116.98,118.47,171.47,171.81,6.22,-0.29,7.58,0.4342,0.4293,-0.5973,-0.5907,-0.1389,-0.1437,0.747,0.02984
744102.7042,154,TRACKING,347.5,277.9,395.2,421.1,141.6,384.2,-71.61,-70.26,116.67,117.96,171.72,171.81,6.22,-0.80,7.58,0.4342,0.4293,-0.5926,-0.5907,-0.1389,-0.1437,0.745,0.02984
744102.7376,155,TRACKING,347.5,277.9,395.2,421.1,141.6,384.2,-71.61,-70.26,116.67,117.96,171.72,171.81,6.22,-0.80,7.58,0.4342,0.4293,-0.5926,-0.5907,-0.1389,-0.1437,0.745,0.02984
744102.7711,156,TRACKING,347.9,276.9,397.7,417.8,141.6,386.3,-70.54,-70.26,116.47,117.51,172.99,171.81,6.22,-1.25,7.58,0.4342,0.4293,-0.5885,-0.5907,-0.1389,-0.1437,0.799,0.03247
744102.8051,157,TRACKING,347.9,276.9,397.7,417.8,141.6,386.3,-70.54,-70.26,116.47,117.51,172.99,171.81,6.22,-1.25,7.58,0.4342,0.4293,-0.5885,-0.5907,-0.1389,-0.1437,0.799,0.03247
744102.8375,158,TRACKING,348.9,279.1,396.7,421.0,138.0,383.6,-71.37,-70.26,116.85,117.51,171.78,171.81,6.22,-1.25,7.58,0.4342,0.4293,-0.5885,-0.5907,-0.1389,-0.1437,0.814,0.03247
744102.8711,159,TRACKING,349.2,279.5,400.2,417.6,135.1,379.2,-69.71,-70.26,118.53,117.51,171.76,171.81,6.22,-1.25,7.58,0.4342,0.4293,-0.5885,-0.5907,-0.1389,-0.1437,0.821,0.03356
744102.9042,160,TRACKING,349.2,279.5,400.2,417.6,135.1,379.2,-69.71,-70.26,118.53,117.51,171.76,171.81,6.22,-1.25,7.58,0.4342,0.4293,-0.5885,-0.5907,-0.1389,-0.1437,0.821,0.03356
744102.9387,161,TRACKING,349.3,277.2,398.9,414.4,131.3,374.8,-70.14,-70.26,118.28,117.51,171.57,171.81,6.22,-1.25,7.58,0.4342,0.4293,-0.5885,-0.5907,-0.1389,-0.1437,0.818,0.03356
744102.9709,162,TRACKING,349.3,277.2,398.9,414.4,131.3,374.8,-70.14,-70.26,118.28,117.51,171.57,171.81,6.22,-1.25,7.58,0.4342,0.4293,-0.5885,-0.5907,-0.1389,-0.1437,0.818,0.03356
744103.0050,163,TRACKING,347.9,277.0,401.3,415.6,128.9,369.7,-68.93,-70.26,120.65,118.14,170.43,171.81,6.22,-0.62,7.58,0.4342,0.4293,-0.5943,-0.5907,-0.1389,-0.1437,0.809,0.03356
744103.0376,164,TRACKING,347.9,277.0,401.3,415.6,128.9,369.7,-68.93,-70.26,120.65,118.76,170.43,171.81,6.22,0.00,7.58,0.4342,0.4293,-0.6000,-0.5944,-0.1389,-0.1437,0.809,0.03356
744103.0722,165,TRACKING,347.9,275.0,403.1,415.9,126.2,368.2,-68.62,-69.81,121.15,119.36,170.22,171.36,6.66,0.60,7.13,0.4223,0.4293,-0.6056,-0.5989,-0.1307,-0.1385,0.898,0.03500
744103.1042,166,TRACKING,347.9,275.0,403.1,415.9,126.2,368.2,-68.62,-69.81,121.15,119.86,170.22,171.36,6.66,1.10,7.13,0.4223,0.4293,-0.6102,-0.6034,-0.1307,-0.1385,0.898,0.03500
744103.1380,167,TRACKING,348.6,277.5,400.9,420.2,127.5,367.4,-69.87,-69.81,121.06,119.86,169.07,170.81,6.66,1.10,6.58,0.4223,0.4293,-0.6102,-0.6034,-0.1207,-0.1314,0.852,0.03500
744103.1709,168,TRACKING,348.6,277.5,400.9,420.2,127.5,367.4,-69.87,-69.81,121.06,119.86,169.07,170.34,6.66,1.10,6.11,0.4223,0.4293,-0.6102,-0.6034,-0.1120,-0.1237,0.852,0.03500
744103.2042,169,TRACKING,350.9,276.0,404.7,416.3,127.3,369.8,-69.01,-69.81,120.50,119.86,170.49,170.34,6.66,1.10,6.11,0.4223,0.4293,-0.6102,-0.6034,-0.1120,-0.1190,0.852,0.03500
744103.2375,170,TRACKING,350.9,276.0,404.7,416.3,127.3,369.8,-69.01,-69.81,120.50,119.86,170.49,170.34,6.66,1.10,6.11,0.4223,0.4293,-0.6102,-0.6034,-0.1120,-0.1190,0.852,0.03500
744103.2710,171,TRACKING,348.7,276.2,403.8,413.7,124.8,372.2,-68.17,-69.81,120.31,119.86,171.52,170.34,6.66,1.10,6.11,0.4223,0.4293,-0.6102,-0.6034,-0.1120,-0.1190,0.838,0.03500
744103.3042,172,TRACKING,348.8,276.4,403.0,415.1,123.0,374.7,-68.65,-69.81,119.57,119.86,171.78,170.34,6.66,1.10,6.11,0.4223,0.4293,-0.6102,-0.6034,-0.1120,-0.1190,0.874,0.03500
744103.3376,173,TRACKING,348.8,276.4,403.0,415.1,123.0,374.7,-68.65,-69.81,119.57,119.86,171.78,170.34,6.66,1.10,6.11,0.4223,0.4293,-0.6102,-0.6034,-0.1120,-0.1190,0.874,0.03500
744103.3711,174,TRACKING,348.0,276.7,398.0,419.2,123.3,373.1,-70.65,-69.81,118.87,119.86,170.47,170.34,6.66,1.10,6.11,0.4223,0.4293,-0.6102,-0.6034,-0.1120,-0.1190,0.848,0.03500
744103.4043,175,TRACKING,346.6,276.9,398.7,417.6,122.3,376.7,-69.68,-69.81,118.73,119.86,171.59,170.34,6.66,1.10,6.11,0.4223,0.4293,-0.6102,-0.6034,-0.1120,-0.1190,0.802,0.03262
744103.4375,176,TRACKING,346.6,276.9,398.7,417.6,122.3,376.7,-69.68,-69.81,118.73,119.86,171.59,170.34,6.66,1.10,6.11,0.4223,0.4293,-0.6102,-0.6034,-0.1120,-0.1190,0.802,0.03262
744103.4712,177,TRACKING,346.8,275.7,396.6,415.5,125.1,376.9,-70.42,-69.81,117.68,119.34,171.89,170.79,6.66,0.58,6.56,0.4223,0.4293,-0.6053,-0.6034,-0.1203,-0.1190,0.748,0.02988
744103.5043,178,TRACKING,348.3,277.4,399.6,417.3,127.6,363.3,-69.86,-69.81,121.35,119.34,168.78,170.79,6.66,0.58,6.56,0.4223,0.4293,-0.6053,-0.6034,-0.1203,-0.1190,0.776,0.03129
744103.5375,179,TRACKING,348.3,277.4,399.6,417.3,127.6,363.3,-69.86,-69.81,121.35,119.34,168.78,170.79,6.66,0.58,6.56,0.4223,0.4293,-0.6053,-0.6034,-0.1203,-0.1190,0.776,0.03129
744103.5711,180,TRACKING,351.6,281.0,403.1,424.5,337.7,406.5,-70.28,-69.81,125.18,119.97,164.54,170.09,6.66,1.21,5.86,0.4223,0.4293,-0.6111,-0.6034,-0.1075,-0.1144,1.000,0.03500
744103.6043,181,TRACKING,351.6,281.0,403.1,424.5,337.7,406.5,-70.28,-69.81,125.18,120.69,164.54,169.29,6.66,1.93,5.06,0.4223,0.4293,-0.6178,-0.6092,-0.0928,-0.1057,1.000,0.03500
744103.6380,182,TRACKING,351.5,283.7,399.2,430.7,157.6,365.9,-72.01,-69.81,123.00,121.47,164.99,168.17,6.66,2.71,3.94,0.4223,0.4293,-0.6250,-0.6155,-0.0722,-0.0923,0.101,0.00000
744103.6709,183,TRACKING,351.5,283.7,399.2,430.7,157.6,365.9,-72.01,-70.39,123.00,122.01,164.99,167.24,6.09,3.25,3.01,0.4377,0.4326,-0.6300,-0.6213,-0.0551,-0.0774,0.101,0.00000
744103.7042,184,TRACKING,350.2,282.1,394.1,431.2,121.0,385.4,-73.59,-71.10,115.93,121.14,170.48,167.24,5.38,2.38,3.01,0.4566,0.4422,-0.6220,-0.6213,-0.0551,-0.0685,0.946,0.03500
744103.7378,185,TRACKING,350.2,282.1,394.1,431.2,121.0,385.4,-73.59,-71.75,115.93,119.98,170.48,167.94,4.73,1.22,3.70,0.4739,0.4549,-0.6112,-0.6173,-0.0679,-0.0685,0.946,0.03500
744103.7716,186,TRACKING,349.9,278.2,401.4,423.9,184.5,380.7,-70.53,-71.75,120.72,119.98,168.75,167.94,4.73,1.22,3.70,0.4739,0.4625,-0.6112,-0.6173,-0.0679,-0.0685,0.000,0.00000
744103.8043,187,TRACKING,349.9,278.2,401.4,423.9,184.5,380.7,-70.53,-71.75,120.72,119.98,168.75,167.94,4.73,1.22,3.70,0.4739,0.4671,-0.6112,-0.6173,-0.0679,-0.0685,0.000,0.00000
744103.8375,188,TRACKING,351.5,275.0,416.7,412.1,391.9,420.4,-64.57,-70.54,96.96,119.98,-161.53,169.12,5.94,1.22,4.89,0.4416,0.4569,-0.6112,-0.6173,-0.0896,-0.0770,1.000,0.03500
744103.8710,189,TRACKING,351.5,275.0,416.7,412.1,391.9,420.4,-64.57,-69.17,96.96,119.46,-161.53,171.13,7.31,0.70,6.90,0.4050,0.4361,-0.6065,-0.6130,-0.1265,-0.0968,1.000,0.03500
744103.9057,190,TRACKING,349.5,278.9,401.1,424.2,127.0,391.1,-70.43,-69.17,116.44,118.96,173.13,172.00,7.31,0.20,7.77,0.4050,0.4237,-0.6019,-0.6085,-0.1424,-0.1151,1.000,0.03500
744103.9380,191,TRACKING,349.2,279.9,399.0,425.1,133.0,392.1,-71.10,-69.17,115.98,118.34,172.92,172.43,7.31,-0.42,8.20,0.4050,0.4162,-0.5961,-0.6036,-0.1503,-0.1291,1.000,0.03500
744103.9709,192,TRACKING,349.2,279.9,399.0,425.1,133.0,392.1,-71.10,-69.17,115.98,117.75,172.92,172.43,7.31,-1.01,8.20,0.4050,0.4117,-0.5907,-0.5984,-0.1503,-0.1376,1.000,0.03500
744104.0044,193,TRACKING,351.5,277.0,411.9,415.6,170.1,390.5,-66.44,-69.17,119.47,117.75,174.09,172.43,7.31,-1.01,8.20,0.4050,0.4117,-0.5907,-0.5984,-0.1503,-0.1427,0.744,0.02970
744104.0375,194,TRACKING,351.5,277.0,411.9,415.6,170.1,390.5,-66.44,-68.62,119.47,117.75,174.09,172.90,7.86,-1.01,8.67,0.3905,0.4032,-0.5907,-0.5984,-0.1590,-0.1492,0.744,0.02970
744104.0716,195,TRACKING,349.3,280.2,398.6,427.3,135.1,377.5,-71.48,-68.62,119.23,118.18,169.29,172.46,7.86,-0.58,8.23,0.3905,0.3981,-0.5947,-0.5984,-0.1509,-0.1492,1.000,0.03500
744104.1051,196,TRACKING,349.3,280.2,398.6,427.3,135.1,377.5,-71.48,-69.22,119.23,118.18,169.29,171.80,7.26,-0.58,7.56,0.4064,0.4014,-0.5947,-0.5984,-0.1387,-0.1450,1.000,0.03500
744104.1375,197,TRACKING,350.0,280.9,400.5,432.0,142.7,387.5,-71.54,-69.80,118.27,118.18,170.20,171.30,6.68,-0.58,7.07,0.4219,0.4096,-0.5947,-0.5984,-0.1297,-0.1389,1.000,0.03500
744104.1711,198,TRACKING,352.1,274.7,417.3,411.6,393.7,416.9,-64.52,-69.19,102.74,118.82,-167.26,171.30,7.28,0.06,7.07,0.4058,0.4096,-0.6005,-0.5984,-0.1297,-0.1352,1.000,0.03500
744104.2042,199,TRACKING,352.1,274.7,417.3,411.6,393.7,416.9,-64.52,-68.25,102.74,118.82,-167.26,172.34,8.23,0.06,8.11,0.3805,0.3980,-0.6005,-0.5984,-0.1487,-0.1406,1.000,0.03500
744104.2378,200,TRACKING,348.6,279.6,399.8,424.0,137.1,386.7,-70.47,-68.25,117.60,118.82,171.93,172.34,8.23,0.06,8.11,0.3805,0.3910,-0.6005,-0.5984,-0.1487,-0.1439,1.000,0.03500
744104.2719,201,TRACKING,349.7,280.7,399.5,428.8,138.3,387.6,-71.42,-68.76,117.55,118.82,171.03,172.34,7.72,0.06,8.11,0.3942,0.3910,-0.6005,-0.5984,-0.1487,-0.1439,1.000,0.03500
744104.3042,202,TRACKING,349.7,280.7,399.5,428.8,138.3,387.6,-71.42,-69.36,117.55,118.82,171.03,172.34,7.11,0.06,8.11,0.4103,0.3987,-0.6005,-0.5984,-0.1487,-0.1439,1.000,0.03500
744104.3376,203,TRACKING,348.9,280.9,398.5,428.0,140.5,392.7,-71.36,-69.89,116.45,118.30,172.20,172.34,6.58,-0.46,8.11,0.4244,0.4090,-0.5958,-0.5984,-0.1487,-0.1439,1.000,0.03500
744104.3721,204,TRACKING,348.2,279.9,400.7,427.3,136.5,392.8,-70.42,-69.89,117.02,118.30,172.56,172.34,6.58,-0.46,8.11,0.4244,0.4152,-0.5958,-0.5984,-0.1487,-0.1439,1.000,0.03500
744104.4042,205,TRACKING,348.2,279.9,400.7,427.3,136.5,392.8,-70.42,-69.89,117.02,118.30,172.56,172.34,6.58,-0.46,8.11,0.4244,0.4189,-0.5958,-0.5984,-0.1487,-0.1439,1.000,0.03500
744104.4376,206,TRACKING,350.8,276.1,414.2,412.1,167.1,394.3,-65.01,-69.27,119.11,118.30,175.88,172.88,7.21,-0.46,8.65,0.4078,0.4145,-0.5958,-0.5984,-0.1586,-0.1498,1.000,0.03500
744104.4710,207,TRACKING,350.8,276.1,414.2,412.1,167.1,394.3,-65.01,-68.38,119.11,118.30,175.88,173.54,8.09,-0.46,9.31,0.3842,0.4023,-0.5958,-0.5984,-0.1707,-0.1581,1.000,0.03500
744104.5048,208,TRACKING,349.1,280.6,397.8,425.3,134.3,388.9,-71.41,-68.38,116.47,118.30,172.12,173.54,8.09,-0.46,9.31,0.3842,0.3951,-0.5958,-0.5984,-0.1707,-0.1632,1.000,0.03500
744104.5382,209,TRACKING,349.1,280.6,397.8,425.3,134.3,388.9,-71.41,-68.95,116.47,118.30,172.12,173.54,7.53,-0.46,9.31,0.3993,0.3951,-0.5958,-0.5984,-0.1707,-0.1632,1.000,0.03500
744104.5710,210,TRACKING,349.1,280.6,397.8,425.3,134.3,388.9,-71.41,-69.54,116.47,117.79,172.12,173.54,6.94,-0.98,9.31,0.4150,0.4031,-0.5910,-0.5984,-0.1707,-0.1632,1.000,0.03500
744104.6049,211,TRACKING,351.6,275.2,416.6,409.3,396.0,425.6,-64.14,-68.91,77.60,117.35,-141.74,174.30,7.56,-1.41,10.07,0.3983,0.4031,-0.5870,-0.5939,-0.1846,-0.1717,1.000,0.03500
744104.6380,212,TRACKING,351.6,275.2,416.6,409.3,396.0,425.6,-64.14,-67.94,77.60,115.92,-141.74,176.50,8.54,-2.84,12.27,0.3723,0.3908,-0.5738,-0.5858,-0.2250,-0.1930,1.000,0.03500
744104.6717,213,TRACKING,351.7,275.0,418.5,407.5,154.4,385.6,-63.23,-66.85,121.52,116.76,175.25,176.50,9.62,-2.00,12.27,0.3434,0.3718,-0.5815,-0.5858,-0.2250,-0.2058,0.909,0.03500
744104.7042,214,TRACKING,351.7,275.0,418.5,407.5,154.4,385.6,-63.23,-65.89,121.52,117.87,175.25,176.50,10.58,-0.90,12.27,0.3178,0.3502,-0.5917,-0.5858,-0.2250,-0.2135,0.909,0.03500
744104.7376,215,TRACKING,350.6,276.1,414.3,410.8,140.1,376.6,-64.72,-65.37,122.40,119.05,172.89,175.76,11.11,0.28,11.53,0.3037,0.3316,-0.6026,-0.5926,-0.2113,-0.2135,1.000,0.03500
744104.7711,216,TRACKING,350.6,276.1,414.3,410.8,140.1,376.6,-64.72,-65.37,122.40,120.01,172.89,175.02,11.11,1.25,10.79,0.3037,0.3204,-0.6116,-0.6002,-0.1978,-0.2072,1.000,0.03500
744104.8042,217,TRACKING,350.6,276.1,414.3,410.8,140.1,376.6,-64.72,-65.37,122.40,120.74,172.89,174.42,11.11,1.98,10.19,0.3037,0.3138,-0.6183,-0.6074,-0.1867,-0.1990,1.000,0.03500
744104.8379,218,TRACKING,350.6,273.5,418.0,406.5,139.5,370.9,-63.11,-64.87,124.17,121.54,172.72,173.93,11.61,2.78,9.70,0.2904,0.3044,-0.6257,-0.6147,-0.1778,-0.1905,1.000,0.03500
744104.8725,219,TRACKING,351.0,274.9,416.5,408.5,128.6,359.5,-63.88,-64.87,125.77,122.51,170.35,173.18,11.61,3.75,8.94,0.2904,0.2988,-0.6346,-0.6227,-0.1640,-0.1799,1.000,0.03500
744104.9042,220,TRACKING,351.0,274.9,416.5,408.5,128.6,359.5,-63.88,-64.87,125.77,123.38,170.35,172.46,11.61,4.61,8.22,0.2904,0.2954,-0.6426,-0.6306,-0.1508,-0.1683,1.000,0.03500
744104.9380,221,TRACKING,350.0,273.1,416.4,404.0,393.0,423.0,-63.11,-64.40,77.79,122.85,-140.90,173.20,12.07,4.09,8.97,0.2781,0.2885,-0.6377,-0.6306,-0.1645,-0.1683,1.000,0.03500
744104.9718,222,TRACKING,350.0,273.1,416.4,404.0,393.0,423.0,-63.11,-64.40,77.79,120.70,-140.90,175.56,12.07,1.94,11.33,0.2781,0.2843,-0.6179,-0.6255,-0.2077,-0.1841,1.000,0.03500
744105.0045,223,TRACKING,348.4,272.1,416.2,400.0,394.2,415.0,-62.06,-63.83,83.74,117.45,-145.80,179.15,12.64,-1.31,14.91,0.2629,0.2757,-0.5879,-0.6105,-0.2734,-0.2198,1.000,0.03500
744105.0384,224,TRACKING,348.4,272.1,416.2,400.0,394.2,415.0,-62.06,-63.35,83.74,113.03,-145.80,-176.10,13.12,-5.73,19.67,0.2500,0.2654,-0.5471,-0.5851,-0.3606,-0.2761,1.000,0.03500
744105.0710,225,TRACKING,346.5,274.2,400.0,408.7,131.3,363.1,-68.28,-63.95,121.35,115.73,170.37,-179.50,12.52,-3.03,16.27,0.2660,0.2654,-0.5720,-0.5799,-0.2982,-0.2850,0.622,0.02358
744105.1048,226,TRACKING,346.5,274.2,400.0,408.7,131.3,363.1,-68.28,-64.85,121.35,117.79,170.37,177.47,11.63,-0.97,13.24,0.2899,0.2752,-0.5910,-0.5843,-0.2427,-0.2681,0.622,0.02358
744105.1378,227,TRACKING,346.4,268.7,415.0,401.9,390.9,415.9,-62.75,-64.85,87.01,118.44,-149.76,176.80,11.63,-0.32,12.57,0.2899,0.2811,-0.5971,-0.5894,-0.2304,-0.2530,1.000,0.03500
744105.1711,228,TRACKING,346.4,268.7,415.0,401.9,390.9,415.9,-62.75,-64.85,87.01,117.34,-149.76,178.22,11.63,-1.42,13.98,0.2899,0.2846,-0.5869,-0.5894,-0.2564,-0.2530,1.000,0.03500
744105.2042,229,TRACKING,346.0,269.8,416.6,400.8,395.6,420.8,-61.65,-64.16,74.57,113.59,-136.22,-177.48,12.32,-5.17,18.28,0.2714,0.2793,-0.5523,-0.5746,-0.3352,-0.2859,1.000,0.03500
744105.2376,230,TRACKING,346.0,269.8,416.6,400.8,395.6,420.8,-61.65,-63.51,74.57,107.80,-136.22,-171.13,12.96,-10.96,24.64,0.2543,0.2693,-0.4988,-0.5443,-0.4517,-0.3522,1.000,0.03500
744105.2713,231,TRACKING,346.2,267.9,416.3,399.4,386.6,413.3,-61.92,-63.03,93.02,103.45,-154.94,-166.36,13.44,-15.31,29.41,0.2415,0.2582,-0.4587,-0.5100,-0.5392,-0.4270,1.000,0.03500
744105.3042,232,TRACKING,346.2,267.9,416.3,399.4,386.6,413.3,-61.92,-63.03,93.02,100.28,-154.94,-162.87,13.44,-18.49,32.90,0.2415,0.2515,-0.4294,-0.4778,-0.6031,-0.4974,1.000,0.03500
744105.3381,233,TRACKING,347.5,267.9,417.2,401.8,385.7,413.4,-62.49,-63.03,97.32,98.66,-159.81,-161.13,13.44,-20.10,34.64,0.2415,0.2475,-0.4145,-0.4525,-0.6350,-0.5525,1.000,0.03500
744105.3709,234,TRACKING,347.5,267.9,417.2,401.8,385.7,413.4,-62.49,-63.03,97.32,97.87,-159.81,-160.30,13.44,-20.89,35.47,0.2415,0.2475,-0.4072,-0.4343,-0.6502,-0.5916,1.000,0.03500
744105.4046,235,TRACKING,344.5,270.6,399.1,411.8,124.6,361.6,-68.85,-63.82,121.51,105.99,169.64,-169.41,12.65,-12.77,26.36,0.2626,0.2535,-0.4821,-0.4535,-0.4832,-0.5482,0.614,0.02320
744105.4381,236,TRACKING,344.9,267.6,414.9,384.5,407.1,419.6,-59.10,-63.82,43.42,108.25,-102.52,-171.41,12.65,-10.51,24.36,0.2626,0.2571,-0.5030,-0.4733,-0.4466,-0.5076,1.000,0.03500
744105.4709,237,TRACKING,344.9,267.6,414.9,384.5,407.1,419.6,-59.10,-62.87,43.42,104.15,-102.52,-166.58,13.61,-14.61,29.19,0.2372,0.2492,-0.4652,-0.4700,-0.5352,-0.5186,1.000,0.03500
744105.5042,238,TRACKING,344.9,267.6,414.9,384.5,407.1,419.6,-59.10,-61.94,43.42,95.04,-102.52,-156.67,14.54,-23.72,39.10,0.2124,0.2344,-0.3810,-0.4344,-0.7168,-0.5979,1.000,0.03500
744105.5375,239,TRACKING,346.0,268.1,416.7,384.0,410.0,420.0,-58.61,-61.09,42.03,83.64,-100.64,-144.48,15.39,-35.12,51.28,0.1896,0.2165,-0.2758,-0.3710,-0.9402,-0.7348,1.000,0.03500
744105.5717,240,TRACKING,349.6,271.3,418.5,398.1,396.3,415.9,-61.48,-61.09,79.78,78.44,-141.26,-139.09,15.39,-40.32,56.67,0.1896,0.2057,-0.2278,-0.3137,-1.0390,-0.8565,1.000,0.03500
744105.6048,241,TRACKING,349.6,271.3,418.5,398.1,396.3,415.9,-61.48,-61.09,79.78,76.71,-141.26,-137.44,15.39,-42.05,58.32,0.1896,0.1993,-0.2118,-0.2729,-1.0693,-0.9416,1.000,0.03500
744105.6384,242,TRACKING,350.3,273.0,414.6,399.2,400.7,431.8,-63.02,-61.09,50.00,71.54,-113.02,-132.67,15.39,-47.22,63.10,0.1896,0.1954,-0.1641,-0.2294,-1.1000,-1.0050,1.000,0.03500
744105.6709,243,TRACKING,350.3,273.0,414.6,399.2,400.7,431.8,-63.02,-61.54,50.00,66.18,-113.02,-127.74,14.94,-52.58,68.03,0.2017,0.1954,-0.1146,-0.1835,-1.1000,-1.0430,1.000,0.03500
744105.7043,244,TRACKING,349.4,271.3,412.2,392.1,405.5,421.8,-62.52,-61.54,40.34,60.29,-102.87,-122.16,14.94,-58.47,73.61,0.2017,0.1954,-0.0603,-0.1342,-1.1000,-1.0658,1.000,0.03500
744105.7379,245,TRACKING,350.2,273.4,412.0,390.4,401.3,422.7,-62.16,-61.54,46.23,55.92,-108.40,-117.96,14.94,-62.84,77.81,0.2017,0.1954,-0.0200,-0.0885,-1.1000,-1.0795,1.000,0.03500
744105.7709,246,TRACKING,350.2,273.4,412.0,390.4,401.3,422.7,-62.16,-61.54,46.23,52.83,-108.40,-114.94,14.94,-65.94,80.83,0.2017,0.1954,0.0000,-0.0531,-1.1000,-1.0877,1.000,0.03500
744105.8046,247,TRACKING,351.1,276.8,401.8,397.9,369.5,414.7,-67.29,-62.57,85.26,57.20,-152.55,-120.15,13.90,-61.56,75.62,0.2292,0.2089,-0.0317,-0.0446,-1.1000,-1.0926,1.000,0.03500
744105.8376,248,TRACKING,351.1,276.8,401.8,397.9,369.5,414.7,-67.29,-63.68,85.26,63.44,-152.55,-127.38,12.79,-55.32,68.39,0.2588,0.2289,-0.0894,-0.0625,-1.1000,-1.0926,1.000,0.03500
744105.8710,249,LOST_SHORT,350.2,276.9,398.9,401.8,363.8,421.8,-68.68,-63.68,81.77,63.44,-150.45,-127.38,0.00,0.00,0.00,0.0000,0.2289,0.0000,-0.0625,0.0000,-1.0926,1.000,0.03500
744105.9045,250,LOST_SHORT,350.2,276.9,398.9,401.8,363.8,421.8,-68.68,-63.68,81.77,63.44,-150.45,-127.38,0.00,0.00,0.00,0.0000,0.2289,0.0000,-0.0625,0.0000,-1.0926,1.000,0.03500
744105.9375,251,LOST_SHORT,350.9,278.3,399.7,401.8,366.3,417.6,-68.44,-63.68,86.12,63.44,-154.56,-127.38,0.00,0.00,0.00,0.0000,0.2289,0.0000,-0.0625,0.0000,-1.0926,1.000,0.03500
744105.9718,252,LOST_SHORT,351.2,278.8,399.0,406.2,364.2,427.8,-69.44,-63.68,78.66,63.44,-148.10,-127.38,0.00,0.00,0.00,0.0000,0.2289,0.0000,-0.0625,0.0000,-1.0926,1.000,0.03500
744106.0042,253,LOST_SHORT,351.2,278.8,399.0,406.2,364.2,427.8,-69.44,-63.68,78.66,63.44,-148.10,-127.38,0.00,0.00,0.00,0.0000,0.2289,0.0000,-0.0625,0.0000,-1.0926,1.000,0.03500
744106.0377,254,LOST_SHORT,351.8,277.5,399.9,405.4,361.9,424.3,-69.36,-63.68,84.18,63.44,-153.54,-127.38,0.00,0.00,0.00,0.0000,0.2289,0.0000,-0.0625,0.0000,-1.0926,1.000,0.03500
744106.0709,255,TRACKING,354.3,279.2,399.6,408.8,365.4,434.1,-70.72,-65.85,72.80,67.82,-143.52,-133.87,10.63,-50.94,61.90,0.3166,0.2640,-0.1298,-0.0894,-1.1000,-1.0926,1.000,0.03500
744106.1042,256,TRACKING,354.3,279.2,399.6,408.8,365.4,434.1,-70.72,-67.39,72.80,70.12,-143.52,-137.68,9.08,-48.64,58.09,0.3578,0.3015,-0.1510,-0.1140,-1.0650,-1.0816,1.000,0.03500
744106.1383,257,TRACKING,354.4,282.0,394.4,411.3,359.8,435.0,-72.82,-68.80,72.84,71.38,-145.65,-140.31,7.68,-47.38,55.46,0.3952,0.3390,-0.1626,-0.1335,-1.0168,-1.0557,1.000,0.03500
744106.1714,258,TRACKING,358.6,283.1,400.8,411.8,367.8,426.5,-71.82,-69.78,84.09,73.76,-155.91,-143.64,6.70,-45.00,52.12,0.4213,0.3719,-0.1846,-0.1539,-0.9556,-1.0156,1.000,0.03500
744106.2042,259,TRACKING,360.4,283.1,397.1,410.5,350.7,422.3,-73.90,-70.77,91.86,77.82,-165.76,-148.67,5.71,-40.94,47.09,0.4478,0.4023,-0.2220,-0.1812,-0.8634,-0.9547,1.000,0.03500
744106.2376,260,TRACKING,360.4,283.1,397.1,410.5,350.7,422.3,-73.90,-71.62,91.86,81.58,-165.76,-153.28,4.86,-37.18,42.49,0.4704,0.4295,-0.2568,-0.2114,-0.7790,-0.8845,1.000,0.03500
744106.2709,261,TRACKING,360.4,283.1,397.1,410.5,350.7,422.3,-73.90,-72.28,91.86,84.58,-165.76,-156.93,4.20,-34.18,38.84,0.4881,0.4530,-0.2845,-0.2407,-0.7121,-0.8155,1.000,0.03500
744106.3043,262,LOST_SHORT,362.8,284.4,401.3,417.1,359.9,434.6,-73.83,-72.28,83.28,84.58,-157.10,-156.93,0.00,0.00,0.00,0.0000,0.4530,0.0000,-0.2407,0.0000,-0.8155,1.000,0.03500
744106.3416,263,LOST_SHORT,366.7,284.2,399.9,417.8,354.1,436.8,-76.01,-72.28,81.43,84.58,-157.45,-156.93,0.00,0.00,0.00,0.0000,0.4530,0.0000,-0.2407,0.0000,-0.8155,1.000,0.03500
744106.3709,264,LOST_SHORT,366.7,284.2,399.9,417.8,354.1,436.8,-76.01,-72.28,81.43,84.58,-157.45,-156.93,0.00,0.00,0.00,0.0000,0.4530,0.0000,-0.2407,0.0000,-0.8155,1.000,0.03500
744106.4043,265,LOST_SHORT,368.2,283.2,400.1,414.4,353.7,426.3,-76.36,-72.28,89.31,84.58,-165.67,-156.93,0.00,0.00,0.00,0.0000,0.4530,0.0000,-0.2407,0.0000,-0.8155,1.000,0.03500
744106.4378,266,TRACKING,368.2,280.7,399.2,410.1,352.1,429.3,-76.53,-73.62,81.25,85.91,-157.78,-159.59,2.86,-32.85,36.18,0.5239,0.4813,-0.2968,-0.2631,-0.6632,-0.7546,1.000,0.03500
744106.4709,267,TRACKING,368.2,280.7,399.2,410.1,352.1,429.3,-76.53,-74.56,81.25,85.91,-157.78,-160.23,1.92,-32.85,35.54,0.5488,0.5083,-0.2968,-0.2766,-0.6516,-0.7134,1.000,0.03500
744106.5045,268,LOST_SHORT,372.8,284.0,401.2,413.8,352.4,435.8,-77.67,-74.56,78.02,85.91,-155.70,-160.23,0.00,0.00,0.00,0.0000,0.5083,0.0000,-0.2766,0.0000,-0.7134,1.000,0.03500
744106.5377,269,TRACKING,374.1,285.8,404.4,404.9,392.6,444.2,-75.73,-75.21,31.03,78.34,-106.76,-153.38,1.27,-40.42,42.39,0.5661,0.5314,-0.2269,-0.2567,-0.7771,-0.7389,1.000,0.03500
744106.5709,270,TRACKING,374.1,285.8,404.4,404.9,392.6,444.2,-75.73,-75.21,31.03,68.13,-106.76,-143.56,1.27,-50.63,52.21,0.5661,0.5453,-0.1327,-0.2071,-0.9572,-0.8262,1.000,0.03500
744106.6048,271,LOST_SHORT,378.4,284.2,404.4,404.4,381.6,436.6,-77.77,-75.21,47.62,68.13,-125.39,-143.56,0.00,0.00,0.00,0.0000,0.5453,0.0000,-0.2071,0.0000,-0.8262,1.000,0.03500
744106.6376,272,LOST_SHORT,378.4,284.2,404.4,404.4,381.6,436.6,-77.77,-75.21,47.62,68.13,-125.39,-143.56,0.00,0.00,0.00,0.0000,0.5453,0.0000,-0.2071,0.0000,-0.8262,1.000,0.03500
744106.6709,273,LOST_SHORT,381.9,283.7,407.3,403.4,85.6,436.2,-78.05,-75.21,96.12,68.13,-174.17,-143.56,0.00,0.00,0.00,0.0000,0.5453,0.0000,-0.2071,0.0000,-0.8262,1.000,0.03500
744106.7069,274,LOST_SHORT,385.7,282.2,412.0,399.0,83.4,435.4,-77.29,-75.21,96.38,68.13,-173.67,-143.56,0.00,0.00,0.00,0.0000,0.5453,0.0000,-0.2071,0.0000,-0.8262,1.000,0.03500
744106.7385,275,LOST_SHORT,394.7,281.8,416.1,418.8,374.1,440.3,-81.10,-75.21,71.91,68.13,-153.01,-143.56,0.00,0.00,0.00,0.0000,0.5453,0.0000,-0.2071,0.0000,-0.8262,1.000,0.03500
744106.7710,276,LOST_SHORT,394.7,281.8,416.1,418.8,374.1,440.3,-81.10,-75.21,71.91,68.13,-153.01,-143.56,0.00,0.00,0.00,0.0000,0.5453,0.0000,-0.2071,0.0000,-0.8262,1.000,0.03500
744106.8043,277,LOST_SHORT,399.1,283.3,414.0,422.1,103.3,421.1,-83.88,-75.21,96.30,68.13,179.82,-143.56,0.00,0.00,0.00,0.0000,0.5453,0.0000,-0.2071,0.0000,-0.8262,1.000,0.03500
744106.8382,278,LOST_SHORT,403.6,285.1,418.0,426.2,104.9,425.6,-84.20,-75.21,95.91,68.13,179.89,-143.56,0.00,0.00,0.00,0.0000,0.5453,0.0000,-0.2071,0.0000,-0.8262,0.934,0.03500
744106.8709,279,LOST_SHORT,403.6,285.1,418.0,426.2,104.9,425.6,-84.20,-75.21,95.91,68.13,179.89,-143.56,0.00,0.00,0.00,0.0000,0.5453,0.0000,-0.2071,0.0000,-0.8262,0.934,0.03500
744106.9049,280,TRACKING,414.4,285.4,427.6,424.8,374.8,438.5,-84.57,-78.28,80.95,77.24,-165.51,-155.64,-1.80,-41.52,40.13,0.6480,0.5864,-0.2168,-0.2110,-0.7357,-0.7900,1.000,0.03500
744106.9380,281,TRACKING,414.4,285.4,427.6,424.8,374.8,438.5,-84.57,-80.37,80.95,82.23,-165.51,-162.79,-3.89,-36.53,32.97,0.7038,0.6334,-0.2628,-0.2317,-0.6045,-0.7158,1.000,0.03500
744106.9710,282,TRACKING,427.4,281.7,445.9,421.3,403.6,420.9,-82.46,-81.45,98.09,86.08,179.45,-167.73,-4.97,-32.68,28.04,0.7325,0.6730,-0.2983,-0.2583,-0.5141,-0.6351,1.000,0.03500
744107.0049,283,TRACKING,431.2,284.7,442.2,426.6,389.0,428.7,-85.58,-82.49,92.12,88.34,-177.70,-171.00,-6.01,-30.42,24.77,0.7602,0.7079,-0.3192,-0.2827,-0.4541,-0.5627,1.000,0.03500
744107.0375,284,TRACKING,431.2,284.7,442.2,426.6,389.0,428.7,-85.58,-83.35,92.12,89.72,-177.70,-173.20,-6.87,-29.04,22.57,0.7832,0.7380,-0.3319,-0.3024,-0.4138,-0.5031,1.000,0.03500
744107.0720,285,TRACKING,435.5,285.5,452.6,421.2,415.0,427.5,-82.81,-83.35,87.67,90.16,-170.48,-173.83,-6.87,-28.60,21.94,0.7832,0.7561,-0.3360,-0.3158,-0.4022,-0.4628,1.000,0.03500
744107.1042,286,TRACKING,435.5,285.5,452.6,421.2,415.0,427.5,-82.81,-83.35,87.67,90.16,-170.48,-173.83,-6.87,-28.60,21.94,0.7832,0.7669,-0.3360,-0.3239,-0.4022,-0.4385,1.000,0.03500
744107.1377,287,TRACKING,447.3,286.5,459.8,427.8,403.4,427.3,-84.92,-83.35,95.53,91.07,179.55,-174.91,-6.87,-27.69,20.86,0.7832,0.7734,-0.3444,-0.3321,-0.3824,-0.4161,1.000,0.03500
744107.1718,288,TRACKING,455.4,283.9,464.3,426.4,397.0,430.9,-86.42,-83.99,89.81,91.07,-176.22,-175.48,-7.51,-27.69,20.29,0.8002,0.7841,-0.3444,-0.3370,-0.3719,-0.3984,1.000,0.03500
744107.2048,289,TRACKING,455.4,283.9,464.3,426.4,397.0,430.9,-86.42,-84.60,89.81,91.07,-176.22,-175.48,-8.12,-27.69,20.29,0.8166,0.7971,-0.3444,-0.3370,-0.3719,-0.3878,1.000,0.03500
744107.2380,290,TRACKING,455.4,283.9,464.3,426.4,397.0,430.9,-86.42,-85.11,89.81,91.07,-176.22,-175.48,-8.63,-27.69,20.29,0.8301,0.8103,-0.3444,-0.3370,-0.3719,-0.3815,1.000,0.03500
744107.2711,291,TRACKING,459.7,289.1,468.9,429.9,323.0,448.2,-86.27,-85.11,86.55,89.96,-172.83,-174.98,-8.63,-28.80,20.79,0.8301,0.8182,-0.3341,-0.3370,-0.3812,-0.3815,1.000,0.03500
744107.3043,292,TRACKING,472.3,290.5,476.9,435.2,332.1,453.6,-88.19,-85.80,84.59,88.67,-172.78,-174.41,-9.32,-30.09,21.36,0.8485,0.8303,-0.3222,-0.3311,-0.3916,-0.3855,1.000,0.03500
744107.3377,293,TRACKING,472.3,290.5,476.9,435.2,332.1,453.6,-88.19,-86.42,84.59,87.55,-172.78,-173.94,-9.94,-31.21,21.83,0.8652,0.8443,-0.3119,-0.3234,-0.4002,-0.3914,1.000,0.03500
744107.3710,294,TRACKING,480.4,300.6,476.5,449.0,330.8,452.8,-91.51,-87.46,86.99,87.10,-178.50,-174.54,-10.98,-31.66,21.23,0.8928,0.8637,-0.3078,-0.3172,-0.3892,-0.3914,1.000,0.03500
744107.4042,295,TRACKING,480.4,300.6,476.5,449.0,330.8,452.8,-91.51,-88.47,86.99,87.10,-178.50,-175.39,-11.99,-31.66,20.38,0.9198,0.8861,-0.3078,-0.3134,-0.3736,-0.3843,1.000,0.03500
744107.4377,296,TRACKING,488.9,301.8,486.8,449.0,332.4,454.5,-90.80,-89.20,87.16,87.10,-177.95,-176.11,-12.72,-31.66,19.66,0.9392,0.9074,-0.3078,-0.3134,-0.3605,-0.3748,1.000,0.03500
744107.4709,297,TRACKING,488.9,301.8,486.8,449.0,332.4,454.5,-90.80,-89.71,87.16,87.10,-177.95,-176.65,-13.23,-31.66,19.11,0.9529,0.9256,-0.3078,-0.3134,-0.3504,-0.3650,1.000,0.03500
744107.5042,298,TRACKING,502.3,299.0,501.2,443.6,410.2,424.0,-90.44,-89.71,101.68,88.80,167.88,-178.71,-13.23,-29.96,17.06,0.9529,0.9365,-0.3234,-0.3174,-0.3128,-0.3441,1.000,0.03500
744107.5387,299,TRACKING,502.3,299.0,501.2,443.6,410.2,424.0,-90.44,-89.71,101.68,91.20,167.88,178.68,-13.23,-27.56,14.45,0.9529,0.9430,-0.3456,-0.3287,-0.2649,-0.3124,1.000,0.03500
744107.5709,300,TRACKING,502.3,299.0,501.2,443.6,410.2,424.0,-90.44,-89.71,101.68,93.63,167.88,176.12,-13.23,-25.13,11.89,0.9529,0.9470,-0.3680,-0.3444,-0.2180,-0.2747,1.000,0.03500
744107.6057,301,TRACKING,510.2,312.2,497.8,459.7,205.9,244.0,-94.82,-90.67,121.64,101.78,143.54,167.21,-14.19,-16.98,2.98,0.9785,0.9596,-0.4433,-0.3840,-0.0547,-0.1867,1.000,0.03500
744107.6378,302,TRACKING,510.2,312.2,497.8,459.7,205.9,244.0,-94.82,-91.67,121.64,108.22,143.54,159.87,-15.19,-10.54,-4.36,1.0051,0.9778,-0.5027,-0.4315,0.0800,-0.0800,1.000,0.03500
744107.6709,303,TRACKING,510.2,312.2,497.8,459.7,205.9,244.0,-94.82,-92.52,121.64,112.73,143.54,154.56,-16.05,-6.03,-9.67,1.0279,0.9978,-0.5444,-0.4766,0.1773,0.0229,1.000,0.03500
744107.7056,304,TRACKING,522.6,315.4,508.2,455.5,211.2,242.4,-95.87,-93.35,119.79,115.47,144.34,151.04,-16.87,-3.29,-13.20,1.0499,1.0187,-0.5696,-0.5138,0.2419,0.1105,1.000,0.03500
744107.7375,305,TRACKING,522.6,315.4,508.2,455.5,211.2,242.4,-95.87,-94.04,119.79,117.13,144.34,148.72,-17.56,-1.63,-15.51,1.0683,1.0385,-0.5850,-0.5423,0.2843,0.1800,1.000,0.03500
744107.7709,306,TRACKING,534.9,313.8,519.0,442.9,217.1,238.3,-97.03,-94.74,117.10,117.72,145.88,147.46,-18.26,-1.04,-16.78,1.0870,1.0579,-0.5904,-0.5615,0.3076,0.2310,1.000,0.03500
744107.8045,307,TRACKING,534.9,313.8,519.0,442.9,217.1,238.3,-97.03,-95.35,117.10,117.72,145.88,146.76,-18.87,-1.04,-17.47,1.1032,1.0760,-0.5904,-0.5731,0.3203,0.2668,1.000,0.03500
744107.8377,308,TRACKING,536.9,311.6,523.6,435.3,219.9,233.7,-96.13,-95.35,117.46,117.72,146.42,146.76,-18.87,-1.04,-17.47,1.1032,1.0869,-0.5904,-0.5800,0.3203,0.2882,1.000,0.03500
744107.8721,309,TRACKING,536.9,311.6,523.6,435.3,219.9,233.7,-96.13,-95.35,117.46,117.72,146.42,146.76,-18.87,-1.04,-17.47,1.1032,1.0935,-0.5904,-0.5842,0.3203,0.3011,1.000,0.03500
744107.9060,310,LOST_SHORT,548.8,307.3,537.6,423.3,227.5,223.9,-95.53,-95.35,117.20,117.72,147.26,146.76,0.00,0.00,0.00,0.0000,1.0935,0.0000,-0.5842,0.0000,0.3011,1.000,0.03500
744107.9375,311,LOST_SHORT,548.8,307.3,537.6,423.3,227.5,223.9,-95.53,-95.35,117.20,117.72,147.26,146.76,0.00,0.00,0.00,0.0000,1.0935,0.0000,-0.5842,0.0000,0.3011,1.000,0.03500
744107.9764,312,LOST_SHORT,554.9,302.1,540.5,427.7,228.7,223.0,-96.55,-95.35,116.73,117.72,146.72,146.76,0.00,0.00,0.00,0.0000,1.0935,0.0000,-0.5842,0.0000,0.3011,1.000,0.03500
744108.0050,313,LOST_SHORT,554.9,302.1,540.5,427.7,228.7,223.0,-96.55,-95.35,116.73,117.72,146.72,146.76,0.00,0.00,0.00,0.0000,1.0935,0.0000,-0.5842,0.0000,0.3011,1.000,0.03500
744108.0375,314,LOST_SHORT,551.7,303.4,534.6,439.5,218.8,227.9,-97.15,-95.35,116.67,117.72,146.17,146.76,0.00,0.00,0.00,0.0000,1.0935,0.0000,-0.5842,0.0000,0.3011,1.000,0.03500
744108.0710,315,LOST_SHORT,539.2,303.7,524.2,447.7,208.8,237.2,-95.95,-95.35,117.76,117.72,146.29,146.76,0.00,0.00,0.00,0.0000,1.0935,0.0000,-0.5842,0.0000,0.3011,1.000,0.03500
744108.1043,316,LOST_SHORT,539.2,303.7,524.2,447.7,208.8,237.2,-95.95,-95.35,117.76,117.72,146.29,146.76,0.00,0.00,0.00,0.0000,1.0935,0.0000,-0.5842,0.0000,0.3011,1.000,0.03500
744108.1387,317,TRACKING,528.1,304.1,512.4,452.7,195.9,244.5,-96.03,-96.19,117.30,117.04,146.67,146.76,-19.71,-1.72,-17.47,1.1256,1.1063,-0.5841,-0.5842,0.3203,0.3088,1.000,0.03500
744108.1715,318,TRACKING,528.1,304.1,512.4,452.7,195.9,244.5,-96.03,-96.19,117.30,117.04,146.67,146.76,-19.71,-1.72,-17.47,1.1256,1.1140,-0.5841,-0.5842,0.3203,0.3134,1.000,0.03500
744108.2046,319,LOST_SHORT,523.5,308.0,502.7,459.7,191.2,248.0,-97.81,-96.19,116.39,117.04,145.80,146.76,0.00,0.00,0.00,0.0000,1.1140,0.0000,-0.5842,0.0000,0.3134,1.000,0.03500
744108.2376,320,LOST_SHORT,523.5,308.0,502.7,459.7,191.2,248.0,-97.81,-96.19,116.39,117.04,145.80,146.76,0.00,0.00,0.00,0.0000,1.1140,0.0000,-0.5842,0.0000,0.3134,1.000,0.03500
744108.2709,321,TRACKING,508.6,301.9,497.1,460.2,185.8,252.9,-94.16,-95.55,119.50,117.56,146.34,146.76,-19.07,-1.20,-17.47,1.1086,1.1140,-0.5889,-0.5842,0.3203,0.3134,1.000,0.03500
744108.3042,322,TRACKING,508.6,301.9,497.1,460.2,185.8,252.9,-94.16,-95.10,119.50,118.05,146.34,146.76,-18.62,-0.71,-17.47,1.0966,1.1071,-0.5934,-0.5879,0.3203,0.3134,1.000,0.03500
744108.3385,323,TRACKING,493.9,291.5,488.3,443.5,404.9,411.4,-92.09,-94.47,108.96,118.05,158.95,147.46,-17.99,-0.71,-16.77,1.0798,1.0962,-0.5934,-0.5879,0.3075,0.3134,1.000,0.03500
744108.3709,324,TRACKING,493.9,291.5,488.3,443.5,404.9,411.4,-92.09,-93.87,108.96,117.39,158.95,148.73,-17.39,-1.37,-15.50,1.0638,1.0832,-0.5874,-0.5879,0.2842,0.3017,1.000,0.03500
744108.4042,325,TRACKING,489.5,293.3,483.4,444.8,406.4,408.5,-92.32,-93.41,112.87,116.66,154.81,149.93,-16.93,-2.10,-14.31,1.0515,1.0705,-0.5806,-0.5879,0.2623,0.2860,1.000,0.03500
744108.4380,326,TRACKING,471.9,284.2,477.1,426.1,402.8,424.4,-87.87,-92.40,93.46,114.03,178.66,153.57,-15.92,-4.73,-10.67,1.0247,1.0522,-0.5563,-0.5753,0.1955,0.2498,1.000,0.03500
744108.4712,327,TRACKING,471.9,284.2,477.1,426.1,402.8,424.4,-87.87,-91.34,93.46,110.38,178.66,158.29,-14.86,-8.38,-5.95,0.9963,1.0298,-0.5226,-0.5542,0.1090,0.1935,1.000,0.03500
744108.5044,328,TRACKING,470.0,288.2,471.3,428.1,396.6,424.2,-89.49,-90.66,93.50,106.57,177.02,162.78,-14.19,-12.19,-1.45,0.9783,1.0092,-0.4875,-0.5275,0.0266,0.1267,1.000,0.03500
744108.5380,329,TRACKING,470.0,288.2,471.3,428.1,396.6,424.2,-89.49,-90.24,93.50,103.19,177.02,166.59,-13.76,-15.57,2.36,0.9669,0.9923,-0.4563,-0.4990,-0.0433,0.0587,1.000,0.03500
744108.5710,330,TRACKING,463.8,286.5,470.9,428.1,398.0,432.5,-87.12,-89.59,89.46,99.88,-176.57,170.55,-13.12,-18.88,6.32,0.9497,0.9753,-0.4257,-0.4697,-0.1158,-0.0111,1.000,0.03500
744108.6042,331,TRACKING,463.8,286.5,470.9,428.1,398.0,432.5,-87.12,-88.97,89.46,97.07,-176.57,173.98,-12.49,-21.69,9.75,0.9332,0.9584,-0.3998,-0.4418,-0.1787,-0.0781,1.000,0.03500
744108.6378,332,TRACKING,464.2,284.6,474.9,426.0,399.0,436.5,-85.68,-88.23,86.43,94.37,-172.11,177.42,-11.75,-24.39,13.19,0.9134,0.9404,-0.3749,-0.4150,-0.2419,-0.1436,1.000,0.03500
744108.6709,333,TRACKING,463.7,282.7,477.7,426.2,407.6,433.7,-84.45,-87.37,89.43,92.64,-173.88,-179.98,-10.89,-26.12,15.78,0.8904,0.9204,-0.3589,-0.3926,-0.2894,-0.2019,1.000,0.03500
744108.7043,334,TRACKING,463.7,282.7,477.7,426.2,407.6,433.7,-84.45,-86.60,89.43,91.52,-173.88,-178.10,-10.12,-27.24,17.67,0.8699,0.9002,-0.3486,-0.3750,-0.3239,-0.2507,1.000,0.03500
744108.7378,335,TRACKING,469.7,282.7,485.5,417.1,411.4,416.5,-83.32,-85.82,97.13,92.02,179.55,-178.10,-9.34,-26.74,17.67,0.8491,0.8798,-0.3531,-0.3662,-0.3239,-0.2800,1.000,0.03500
744108.7709,336,TRACKING,469.7,282.7,485.5,417.1,411.4,416.5,-83.32,-85.15,97.13,93.00,179.55,-178.10,-8.67,-25.76,17.67,0.8312,0.8603,-0.3622,-0.3662,-0.3239,-0.2976,1.000,0.03500
744108.8057,337,TRACKING,473.6,292.8,482.8,438.2,404.0,418.3,-86.38,-85.15,107.80,95.81,165.82,179.10,-8.67,-22.95,14.87,0.8312,0.8487,-0.3881,-0.3750,-0.2726,-0.2876,1.000,0.03500
744108.8375,338,TRACKING,473.6,292.8,482.8,438.2,404.0,418.3,-86.38,-85.15,107.80,98.75,165.82,175.96,-8.67,-20.02,11.73,0.8312,0.8417,-0.4152,-0.3911,-0.2150,-0.2585,1.000,0.03500
744108.8709,339,TRACKING,484.8,295.5,495.7,438.7,409.4,415.7,-85.65,-85.15,109.27,101.52,165.07,173.06,-8.67,-17.24,8.82,0.8312,0.8375,-0.4408,-0.4110,-0.1618,-0.2198,1.000,0.03500
744108.9044,340,TRACKING,494.2,297.5,507.0,433.2,407.2,395.1,-84.62,-85.15,116.25,105.01,159.13,169.63,-8.67,-13.75,5.40,0.8312,0.8375,-0.4731,-0.4358,-0.0990,-0.1715,1.000,0.03500
744108.9380,341,TRACKING,494.2,297.5,507.0,433.2,407.2,395.1,-84.62,-85.15,116.25,108.09,159.13,166.70,-8.67,-10.67,2.47,0.8312,0.8375,-0.5015,-0.4621,-0.0452,-0.1210,1.000,0.03500
744108.9713,342,TRACKING,498.5,297.8,507.2,428.8,407.2,394.9,-86.19,-85.15,112.54,109.90,161.27,164.79,-8.67,-8.86,0.56,0.8312,0.8375,-0.5182,-0.4845,-0.0103,-0.0767,1.000,0.03500
744109.0042,343,TRACKING,498.5,297.8,507.2,428.8,407.2,394.9,-86.19,-85.15,112.54,110.96,161.27,163.56,-8.67,-7.80,-0.67,0.8312,0.8375,-0.5280,-0.5019,0.0123,-0.0411,1.000,0.03500
744109.0385,344,TRACKING,509.1,311.6,513.0,447.9,413.5,399.6,-88.37,-85.78,117.52,112.41,154.11,161.59,-9.31,-6.35,-2.64,0.8482,0.8418,-0.5414,-0.5177,0.0485,-0.0053,1.000,0.03500
744109.0710,345,TRACKING,509.1,311.6,513.0,447.9,413.5,399.6,-88.37,-86.42,117.52,113.74,154.11,159.69,-9.94,-5.02,-4.54,0.8652,0.8511,-0.5537,-0.5321,0.0833,0.0301,1.000,0.03500
744109.1044,346,TRACKING,517.7,312.7,519.5,441.6,420.0,403.9,-89.16,-87.07,111.59,113.74,159.25,158.94,-10.60,-5.02,-5.29,0.8825,0.8637,-0.5537,-0.5407,0.0970,0.0569,1.000,0.03500
744109.1378,347,LOST_SHORT,522.3,316.1,520.9,444.1,422.9,403.5,-90.64,-87.07,111.85,113.74,157.51,158.94,0.00,0.00,0.00,0.0000,0.8637,0.0000,-0.5407,0.0000,0.0569,1.000,0.03500
744109.1709,348,LOST_SHORT,529.3,317.6,528.5,433.9,430.4,409.0,-90.41,-87.07,103.89,113.74,165.71,158.94,0.00,0.00,0.00,0.0000,0.8637,0.0000,-0.5407,0.0000,0.0569,1.000,0.03500
744109.2051,349,LOST_SHORT,529.3,317.6,528.5,433.9,430.4,409.0,-90.41,-87.07,103.89,113.74,165.71,158.94,0.00,0.00,0.00,0.0000,0.8637,0.0000,-0.5407,0.0000,0.0569,1.000,0.03500
744109.2375,350,LOST_SHORT,538.8,314.3,534.0,426.7,438.7,421.4,-92.48,-87.07,90.65,113.74,176.87,158.94,0.00,0.00,0.00,0.0000,0.8637,0.0000,-0.5407,0.0000,0.0569,1.000,0.03500
744109.2709,351,LOST_SHORT,538.8,314.3,534.0,426.7,438.7,421.4,-92.48,-87.07,90.65,113.74,176.87,158.94,0.00,0.00,0.00,0.0000,0.8637,0.0000,-0.5407,0.0000,0.0569,1.000,0.03500
744109.3042,352,LOST_SHORT,559.0,340.7,544.8,466.7,428.6,426.9,-96.46,-87.07,102.46,113.74,161.08,158.94,0.00,0.00,0.00,0.0000,0.8637,0.0000,-0.5407,0.0000,0.0569,1.000,0.03500
744109.3376,353,LOST_SHORT,559.6,334.0,550.9,453.2,446.5,415.4,-94.18,-87.07,105.72,113.74,160.10,158.94,0.00,0.00,0.00,0.0000,0.8637,0.0000,-0.5407,0.0000,0.0569,1.000,0.03500
744109.3709,354,LOST_SHORT,566.7,330.2,559.5,443.6,454.4,416.5,-93.66,-87.07,100.79,113.74,165.55,158.94,0.00,0.00,0.00,0.0000,0.8637,0.0000,-0.5407,0.0000,0.0569,1.000,0.03500
744109.4049,355,LOST_SHORT,569.9,344.3,552.0,454.9,460.2,412.7,-99.16,-87.07,105.50,113.74,155.34,158.94,0.00,0.00,0.00,0.0000,0.8637,0.0000,-0.5407,0.0000,0.0569,1.000,0.03500
744109.4375,356,LOST_SHORT,569.9,344.3,552.0,454.9,460.2,412.7,-99.16,-87.07,105.50,113.74,155.34,158.94,0.00,0.00,0.00,0.0000,0.8637,0.0000,-0.5407,0.0000,0.0569,1.000,0.03500
744109.4711,357,LOST_SHORT,576.1,339.6,567.2,438.8,473.3,419.0,-95.14,-87.07,96.79,113.74,168.06,158.94,0.00,0.00,0.00,0.0000,0.8637,0.0000,-0.5407,0.0000,0.0569,1.000,0.03500
744109.5062,358,LOST_SHORT,579.6,353.0,548.7,455.9,456.8,422.5,-106.74,-87.07,93.23,113.74,160.04,158.94,0.00,0.00,0.00,0.0000,0.8637,0.0000,-0.5407,0.0000,0.0569,1.000,0.03500
744109.5375,359,LOST_SHORT,579.6,353.0,548.7,455.9,456.8,422.5,-106.74,-87.07,93.23,113.74,160.04,158.94,0.00,0.00,0.00,0.0000,0.8637,0.0000,-0.5407,0.0000,0.0569,1.000,0.03500
744109.5710,360,LOST_SHORT,583.8,355.7,554.4,458.1,460.6,431.4,-106.03,-87.07,89.86,113.74,164.11,158.94,0.00,0.00,0.00,0.0000,0.8637,0.0000,-0.5407,0.0000,0.0569,1.000,0.03500
744109.6042,361,LOST_SHORT,583.9,360.8,553.9,464.1,450.0,435.7,-106.20,-87.07,89.07,113.74,164.73,158.94,0.00,0.00,0.00,0.0000,0.8637,0.0000,-0.5407,0.0000,0.0569,1.000,0.03500
744109.6375,362,LOST_LONG,583.9,360.8,553.9,464.1,450.0,435.7,-106.20,-87.07,89.07,113.74,164.73,158.94,0.00,0.00,0.00,0.0000,0.8637,0.0000,-0.5407,0.0000,0.0569,1.000,0.03500
744109.6714,363,LOST_LONG,588.6,359.0,563.9,460.4,464.8,432.1,-103.71,-87.07,92.24,113.74,164.05,158.94,0.00,0.00,0.00,0.0000,0.8637,0.0000,-0.5407,0.0000,0.0569,1.000,0.03500
744109.7042,364,LOST_LONG,591.8,360.2,568.6,461.8,466.8,429.6,-102.92,-87.07,94.62,113.74,162.45,158.94,0.00,0.00,0.00,0.0000,0.8637,0.0000,-0.5407,0.0000,0.0569,1.000,0.03500
744109.7375,365,LOST_LONG,591.8,360.2,568.6,461.8,466.8,429.6,-102.92,-87.07,94.62,113.74,162.45,158.94,0.00,0.00,0.00,0.0000,0.8637,0.0000,-0.5407,0.0000,0.0569,1.000,0.03500
744109.7709,366,LOST_LONG,596.4,359.7,574.8,448.9,482.6,426.8,-103.60,-87.07,89.89,113.74,166.51,158.94,0.00,0.00,0.00,0.0000,0.8637,0.0000,-0.5407,0.0000,0.0569,1.000,0.03500
744109.8042,367,LOST_LONG,598.8,358.8,579.6,445.3,491.8,421.9,-102.51,-87.07,92.45,113.74,165.04,158.94,0.00,0.00,0.00,0.0000,0.8637,0.0000,-0.5407,0.0000,0.0569,1.000,0.03500
744109.8390,368,LOST_LONG,601.2,359.5,579.0,443.1,491.2,421.6,-104.85,-87.07,88.95,113.74,166.20,158.94,0.00,0.00,0.00,0.0000,0.8637,0.0000,-0.5407,0.0000,0.0569,1.000,0.03500
744109.8709,369,LOST_LONG,601.2,359.5,579.0,443.1,491.2,421.6,-104.85,-87.07,88.95,113.74,166.20,158.94,0.00,0.00,0.00,0.0000,0.8637,0.0000,-0.5407,0.0000,0.0569,1.000,0.03500
744109.9042,370,LOST_LONG,604.9,357.5,582.1,436.7,502.3,419.5,-106.05,-87.07,86.09,113.74,167.86,158.94,0.00,0.00,0.00,0.0000,0.8637,0.0000,-0.5407,0.0000,0.0569,1.000,0.03500
744109.9376,371,LOST_LONG,608.8,355.1,584.3,433.6,503.8,415.5,-107.30,-87.07,85.41,113.74,167.29,158.94,0.00,0.00,0.00,0.0000,0.8637,0.0000,-0.5407,0.0000,0.0569,1.000,0.03500
744109.9712,372,LOST_LONG,611.9,363.8,581.4,432.7,496.3,429.4,-113.89,-87.07,68.32,113.74,177.78,158.94,0.00,0.00,0.00,0.0000,0.8637,0.0000,-0.5407,0.0000,0.0569,1.000,0.03500
744110.0048,373,LOST_LONG,609.8,353.4,584.4,429.2,509.8,415.1,-108.50,-87.07,82.19,113.74,169.32,158.94,0.00,0.00,0.00,0.0000,0.8637,0.0000,-0.5407,0.0000,0.0569,1.000,0.03500
744110.0375,374,LOST_LONG,609.8,353.4,584.4,429.2,509.8,415.1,-108.50,-87.07,82.19,113.74,169.32,158.94,0.00,0.00,0.00,0.0000,0.8637,0.0000,-0.5407,0.0000,0.0569,1.000,0.03500
744110.0710,375,LOST_LONG,615.0,365.1,583.3,434.6,498.3,426.7,-114.53,-87.07,70.75,113.74,174.71,158.94,0.00,0.00,0.00,0.0000,0.8637,0.0000,-0.5407,0.0000,0.0569,1.000,0.03500
744110.1045,376,LOST_LONG,614.6,361.0,582.8,431.7,504.4,429.2,-114.22,-87.07,67.67,113.74,178.11,158.94,0.00,0.00,0.00,0.0000,0.8004,0.0000,-0.5550,0.0000,0.0432,1.000,0.03500
744110.1379,377,LOST_LONG,604.7,348.5,582.5,427.3,514.6,414.8,-105.72,-87.07,84.78,113.74,169.50,158.94,0.00,0.00,0.00,0.0000,0.7523,0.0000,-0.5658,0.0000,0.0329,1.000,0.03500
744110.1709,378,LOST_LONG,604.7,348.5,582.5,427.3,514.6,414.8,-105.72,-87.07,84.78,113.74,169.50,158.94,0.00,0.00,0.00,0.0000,0.7158,0.0000,-0.5740,0.0000,0.0250,1.000,0.03500
744110.2042,379,LOST_LONG,610.4,361.2,582.0,433.6,505.2,429.3,-111.38,-87.07,71.80,113.74,176.81,158.94,0.00,0.00,0.00,0.0000,0.6880,0.0000,-0.5802,0.0000,0.0190,1.000,0.03500
744110.2378,380,LOST_LONG,596.3,363.5,568.2,461.6,243.7,214.0,-106.00,-87.07,111.33,113.74,142.67,158.94,0.00,0.00,0.00,0.0000,0.6669,0.0000,-0.5850,0.0000,0.0144,1.000,0.03500
744110.2709,381,LOST_LONG,596.3,363.5,568.2,461.6,243.7,214.0,-106.00,-87.07,111.33,113.74,142.67,158.94,0.00,0.00,0.00,0.0000,0.6508,0.0000,-0.5886,0.0000,0.0110,1.000,0.03500
744110.3053,382,LOST_LONG,595.1,363.4,566.8,463.5,249.6,211.8,-105.80,-87.07,112.63,113.74,141.57,158.94,0.00,0.00,0.00,0.0000,0.6386,0.0000,-0.5886,0.0000,0.0110,1.000,0.03500
744110.3376,383,LOST_LONG,594.1,365.4,567.2,464.1,257.5,215.4,-105.23,-87.07,113.53,113.74,141.24,158.94,0.00,0.00,0.00,0.0000,0.6293,0.0000,-0.5886,0.0000,0.0110,1.000,0.03500
744110.3710,384,LOST_LONG,594.1,365.4,567.2,464.1,257.5,215.4,-105.23,-87.07,113.53,113.74,141.24,158.94,0.00,0.00,0.00,0.0000,0.6223,0.0000,-0.5886,0.0000,0.0110,1.000,0.03500
744110.4042,385,LOST_LONG,604.1,356.2,586.0,431.5,262.3,214.9,-103.54,-87.07,110.27,113.74,146.20,158.94,0.00,0.00,0.00,0.0000,0.6170,0.0000,-0.5886,0.0000,0.0110,1.000,0.03500
744110.4376,386,LOST_LONG,604.4,356.3,587.5,435.2,508.4,420.7,-102.11,-87.07,88.27,113.74,169.62,158.94,0.00,0.00,0.00,0.0000,0.6129,0.0000,-0.5886,0.0000,0.0110,1.000,0.03500
744110.4710,387,LOST_LONG,605.5,359.3,588.1,432.6,509.5,419.1,-103.37,-87.07,86.44,113.74,170.19,158.94,0.00,0.00,0.00,0.0000,0.6129,0.0000,-0.5886,0.0000,0.0110,1.000,0.03500
744110.5042,388,LOST_LONG,605.5,359.3,588.1,432.6,509.5,419.1,-103.37,-87.07,86.44,113.74,170.19,158.94,0.00,0.00,0.00,0.0000,0.6129,0.0000,-0.5886,0.0000,0.0110,1.000,0.03500
744110.5375,389,LOST_LONG,604.9,362.9,588.3,436.3,282.2,221.8,-102.68,-87.07,112.34,113.74,144.98,158.94,0.00,0.00,0.00,0.0000,0.6129,0.0000,-0.5886,0.0000,0.0110,1.000,0.03500
744110.5716,390,LOST_LONG,593.4,371.8,567.3,460.2,489.7,427.7,-106.41,-87.07,96.35,113.74,157.24,158.94,0.00,0.00,0.00,0.0000,0.6129,0.0000,-0.5886,0.0000,0.0110,1.000,0.03500
744110.6042,391,LOST_LONG,593.4,371.8,567.3,460.2,489.7,427.7,-106.41,-87.07,96.35,113.74,157.24,158.94,0.00,0.00,0.00,0.0000,0.6129,0.0000,-0.5886,0.0000,0.0110,1.000,0.03500
744110.6376,392,LOST_LONG,602.2,358.8,592.0,437.4,283.3,224.2,-97.33,-87.07,117.31,113.74,145.36,158.94,0.00,0.00,0.00,0.0000,0.6129,0.0000,-0.5886,0.0000,0.0110,1.000,0.03500
744110.6714,393,LOST_LONG,593.1,368.4,569.6,469.6,489.3,430.1,-103.09,-87.07,103.14,113.74,153.77,158.94,0.00,0.00,0.00,0.0000,0.6129,0.0000,-0.5886,0.0000,0.0110,1.000,0.03500
744110.7042,394,LOST_LONG,593.1,368.4,569.6,469.6,489.3,430.1,-103.09,-87.07,103.14,113.74,153.77,158.94,0.00,0.00,0.00,0.0000,0.6129,0.0000,-0.5886,0.0000,0.0110,1.000,0.03500
744110.7377,395,LOST_LONG,593.7,366.6,570.2,468.6,282.5,226.7,-102.95,-87.07,117.10,113.74,139.94,158.94,0.00,0.00,0.00,0.0000,0.6129,0.0000,-0.5886,0.0000,0.0110,1.000,0.03500
744110.7709,396,LOST_LONG,598.4,354.6,588.1,434.7,512.4,418.1,-97.28,-87.07,95.14,113.74,167.58,158.94,0.00,0.00,0.00,0.0000,0.6129,0.0000,-0.5886,0.0000,0.0110,1.000,0.03500
744110.8042,397,LOST_LONG,598.4,354.6,588.1,434.7,512.4,418.1,-97.28,-87.07,95.14,113.74,167.58,158.94,0.00,0.00,0.00,0.0000,0.6129,0.0000,-0.5886,0.0000,0.0110,1.000,0.03500
744110.8376,398,LOST_LONG,598.7,356.1,586.4,438.1,507.3,416.4,-98.52,-87.07,96.89,113.74,164.59,158.94,0.00,0.00,0.00,0.0000,0.6129,0.0000,-0.5886,0.0000,0.0110,1.000,0.03500
744110.8710,399,LOST_LONG,600.0,358.9,589.0,441.4,282.7,230.5,-97.63,-87.07,116.94,113.74,145.43,158.94,0.00,0.00,0.00,0.0000,0.6129,0.0000,-0.5886,0.0000,0.0110,1.000,0.03500
744110.9065,400,LOST_LONG,600.0,358.9,589.0,441.4,282.7,230.5,-97.63,-87.07,116.94,113.74,145.43,158.94,0.00,0.00,0.00,0.0000,0.6129,0.0000,-0.5886,0.0000,0.0110,1.000,0.03500
744110.9380,401,LOST_LONG,601.2,359.5,590.8,440.4,278.8,231.8,-97.32,-87.07,116.43,113.74,146.25,158.94,0.00,0.00,0.00,0.0000,0.6129,0.0000,-0.5886,0.0000,0.0110,1.000,0.03500
744110.9747,402,LOST_LONG,601.2,359.5,590.8,440.4,278.8,231.8,-97.32,-87.07,116.43,113.74,146.25,158.94,0.00,0.00,0.00,0.0000,0.6129,0.0000,-0.5886,0.0000,0.0110,1.000,0.03500
744111.0044,403,LOST_LONG,601.2,359.5,590.8,440.4,278.8,231.8,-97.32,-87.07,116.43,113.74,146.25,158.94,0.00,0.00,0.00,0.0000,0.6129,0.0000,-0.5886,0.0000,0.0110,1.000,0.03500
744111.0380,404,LOST_LONG,600.3,359.9,590.3,439.7,277.7,230.3,-97.15,-87.07,116.67,113.74,146.18,158.94,0.00,0.00,0.00,0.0000,0.6129,0.0000,-0.5886,0.0000,0.0110,1.000,0.03500
744111.0713,405,LOST_LONG,600.3,359.9,590.3,439.7,277.7,230.3,-97.15,-87.07,116.67,113.74,146.18,158.94,0.00,0.00,0.00,0.0000,0.6129,0.0000,-0.5886,0.0000,0.0110,1.000,0.03500
744111.1043,406,LOST_LONG,600.9,359.6,590.2,435.6,507.7,417.2,-97.97,-87.07,94.60,113.74,167.42,158.94,0.00,0.00,0.00,0.0000,0.6129,0.0000,-0.5886,0.0000,0.0110,1.000,0.03500
744111.1375,407,LOST_LONG,600.9,359.6,590.2,435.6,507.7,417.2,-97.97,-87.07,94.60,113.74,167.42,158.94,0.00,0.00,0.00,0.0000,0.6129,0.0000,-0.5886,0.0000,0.0110,1.000,0.03500
744111.1715,408,LOST_LONG,604.4,362.3,588.5,438.0,500.6,414.6,-101.87,-87.07,93.04,113.74,165.09,158.94,0.00,0.00,0.00,0.0000,0.6129,0.0000,-0.5886,0.0000,0.0110,1.000,0.03500
744111.2042,409,LOST_LONG,604.4,362.3,588.5,438.0,500.6,414.6,-101.87,-87.07,93.04,113.74,165.09,158.94,0.00,0.00,0.00,0.0000,0.6129,0.0000,-0.5886,0.0000,0.0110,1.000,0.03500
744111.2378,410,LOST_LONG,605.2,362.8,589.8,441.8,502.7,417.2,-100.99,-87.07,94.77,113.74,164.24,158.94,0.00,0.00,0.00,0.0000,0.6129,0.0000,-0.5886,0.0000,0.0110,1.000,0.03500
744111.2712,411,LOST_LONG,608.9,363.7,592.2,445.4,507.9,415.0,-101.56,-87.07,98.25,113.74,160.19,158.94,0.00,0.00,0.00,0.0000,0.6129,0.0000,-0.5886,0.0000,0.0110,1.000,0.03500
744111.3043,412,LOST_LONG,608.9,363.7,592.2,445.4,507.9,415.0,-101.56,-87.07,98.25,113.74,160.19,158.94,0.00,0.00,0.00,0.0000,0.6129,0.0000,-0.5886,0.0000,0.0110,1.000,0.03500
744111.3377,413,LOST_LONG,609.3,365.7,593.3,446.5,506.0,416.6,-101.19,-87.07,97.71,113.74,161.11,158.94,0.00,0.00,0.00,0.0000,0.6129,0.0000,-0.5886,0.0000,0.0110,1.000,0.03500
744111.3719,414,LOST_LONG,611.0,364.4,591.8,447.8,506.1,418.4,-103.02,-87.07,95.93,113.74,161.05,158.94,0.00,0.00,0.00,0.0000,0.6129,0.0000,-0.5886,0.0000,0.0110,1.000,0.03500
744111.4045,415,LOST_LONG,607.8,360.2,590.0,448.2,505.4,420.4,-101.48,-87.07,96.72,113.74,161.80,158.94,0.00,0.00,0.00,0.0000,0.6129,0.0000,-0.5886,0.0000,0.0110,1.000,0.03500
744111.4382,416,LOST_LONG,607.8,360.2,590.0,448.2,505.4,420.4,-101.48,-87.07,96.72,113.74,161.80,158.94,0.00,0.00,0.00,0.0000,0.6129,0.0000,-0.5886,0.0000,0.0110,1.000,0.03500
744111.4710,417,LOST_LONG,607.6,361.0,588.1,445.1,505.6,418.0,-103.02,-87.07,95.15,113.74,161.83,158.94,0.00,0.00,0.00,0.0000,0.6129,0.0000,-0.5886,0.0000,0.0110,1.000,0.03500
744111.5050,418,LOST_LONG,611.7,365.9,588.4,448.9,501.6,431.4,-105.66,-87.07,85.70,113.74,168.63,158.94,0.00,0.00,0.00,0.0000,0.6129,0.0000,-0.5886,0.0000,0.0110,1.000,0.03500
744111.5375,419,LOST_LONG,611.7,365.9,588.4,448.9,501.6,431.4,-105.66,-87.07,85.70,113.74,168.63,158.94,0.00,0.00,0.00,0.0000,0.6129,0.0000,-0.5886,0.0000,0.0110,1.000,0.03500
744111.5710,420,LOST_LONG,610.9,367.8,588.1,451.6,500.0,431.1,-105.21,-87.07,87.89,113.74,166.90,158.94,0.00,0.00,0.00,0.0000,0.6129,0.0000,-0.5886,0.0000,0.0110,1.000,0.03500
744111.6042,421,LOST_LONG,611.0,368.7,587.2,452.4,501.2,429.6,-105.86,-87.07,88.98,113.74,165.16,158.94,0.00,0.00,0.00,0.0000,0.6129,0.0000,-0.5886,0.0000,0.0110,1.000,0.03500
744111.6377,422,LOST_LONG,611.0,368.7,587.2,452.4,501.2,429.6,-105.86,-87.07,88.98,113.74,165.16,158.94,0.00,0.00,0.00,0.0000,0.6129,0.0000,-0.5886,0.0000,0.0110,1.000,0.03500
744111.6710,423,LOST_LONG,609.5,367.8,585.2,451.0,498.7,433.0,-106.28,-87.07,85.44,113.74,168.28,158.94,0.00,0.00,0.00,0.0000,0.6129,0.0000,-0.5886,0.0000,0.0110,1.000,0.03500
744111.7048,424,LOST_LONG,609.3,367.3,587.2,448.6,504.3,428.4,-105.19,-87.07,88.51,113.74,166.30,158.94,0.00,0.00,0.00,0.0000,0.6129,0.0000,-0.5886,0.0000,0.0110,1.000,0.03500
744111.7380,425,LOST_LONG,607.8,367.8,581.2,451.7,498.8,428.7,-107.58,-87.07,88.01,113.74,164.41,158.94,0.00,0.00,0.00,0.0000,0.6129,0.0000,-0.5886,0.0000,0.0110,1.000,0.03500
744111.7717,426,LOST_LONG,605.0,366.4,577.6,450.2,488.7,424.0,-108.11,-87.07,88.30,113.74,163.59,158.94,0.00,0.00,0.00,0.0000,0.6129,0.0000,-0.5886,0.0000,0.0110,1.000,0.03500
744111.8042,427,LOST_LONG,602.6,364.1,575.3,450.1,489.3,424.0,-107.59,-87.07,89.35,113.74,163.06,158.94,0.00,0.00,0.00,0.0000,0.6129,0.0000,-0.5886,0.0000,0.0110,1.000,0.03500
744111.8377,428,LOST_LONG,602.6,364.1,575.3,450.1,489.3,424.0,-107.59,-87.07,89.35,113.74,163.06,158.94,0.00,0.00,0.00,0.0000,0.6129,0.0000,-0.5886,0.0000,0.0110,1.000,0.03500
744111.8710,429,LOST_LONG,600.3,364.8,571.1,466.9,476.9,423.2,-105.98,-87.07,98.94,113.74,155.07,158.94,0.00,0.00,0.00,0.0000,0.6129,0.0000,-0.5886,0.0000,0.0110,1.000,0.03500
744111.9049,430,LOST_LONG,596.1,357.1,566.3,480.0,467.6,422.6,-103.64,-87.07,106.55,113.74,149.81,158.94,0.00,0.00,0.00,0.0000,0.6129,0.0000,-0.5886,0.0000,0.0110,1.000,0.03500
744111.9379,431,LOST_LONG,598.8,330.8,580.0,444.0,490.5,401.5,-99.41,-87.07,106.02,113.74,154.57,158.94,0.00,0.00,0.00,0.0000,0.6129,0.0000,-0.5886,0.0000,0.0110,1.000,0.03500
744111.9712,432,LOST_LONG,598.8,330.8,580.0,444.0,490.5,401.5,-99.41,-87.07,106.02,113.74,154.57,158.94,0.00,0.00,0.00,0.0000,0.6129,0.0000,-0.5886,0.0000,0.0110,1.000,0.03500
744112.0052,433,LOST_LONG,591.4,322.4,579.2,439.6,496.5,405.7,-95.96,-87.07,106.32,113.74,157.71,158.94,0.00,0.00,0.00,0.0000,0.6129,0.0000,-0.5886,0.0000,0.0110,1.000,0.03500
744112.0377,434,LOST_LONG,556.6,284.1,530.5,415.0,161.3,248.6,-101.25,-87.07,103.01,113.74,155.74,158.94,0.00,0.00,0.00,0.0000,0.6129,0.0000,-0.5886,0.0000,0.0110,1.000,0.03500
744112.0714,435,LOST_LONG,556.6,284.1,530.5,415.0,161.3,248.6,-101.25,-87.07,103.01,113.74,155.74,158.94,0.00,0.00,0.00,0.0000,0.6129,0.0000,-0.5886,0.0000,0.0110,1.000,0.03500
744112.1068,436,LOST_LONG,577.6,332.6,562.5,471.2,158.3,262.8,-96.24,-87.07,111.03,113.74,152.73,158.94,0.00,0.00,0.00,0.0000,0.6129,0.0000,-0.5886,0.0000,0.0110,1.000,0.03500
744112.1377,437,LOST_LONG,577.6,332.6,562.5,471.2,158.3,262.8,-96.24,-87.07,111.03,113.74,152.73,158.94,0.00,0.00,0.00,0.0000,0.6129,0.0000,-0.5886,0.0000,0.0110,1.000,0.03500
744112.1710,438,LOST_LONG,565.9,333.5,553.1,480.0,431.4,436.3,-95.01,-87.07,104.75,113.74,160.24,158.94,0.00,0.00,0.00,0.0000,0.6129,0.0000,-0.5886,0.0000,0.0110,1.000,0.03500
744112.2057,439,LOST_LONG,553.7,296.1,542.5,433.0,447.8,392.9,-94.65,-87.07,108.27,113.74,157.08,158.94,0.00,0.00,0.00,0.0000,0.6129,0.0000,-0.5886,0.0000,0.0110,1.000,0.03500
744112.2375,440,LOST_LONG,553.7,296.1,542.5,433.0,447.8,392.9,-94.65,-87.07,108.27,113.74,157.08,158.94,0.00,0.00,0.00,0.0000,0.6129,0.0000,-0.5886,0.0000,0.0110,1.000,0.03500
744112.2711,441,LOST_LONG,543.0,282.3,524.3,417.6,434.2,384.4,-97.86,-87.07,102.36,113.74,159.77,158.94,0.00,0.00,0.00,0.0000,0.6129,0.0000,-0.5886,0.0000,0.0110,1.000,0.03500
744112.3042,442,LOST_LONG,543.0,282.3,524.3,417.6,434.2,384.4,-97.86,-87.07,102.36,113.74,159.77,158.94,0.00,0.00,0.00,0.0000,0.6129,0.0000,-0.5886,0.0000,0.0110,1.000,0.03500
744112.3379,443,LOST_LONG,537.1,293.2,498.8,439.8,139.9,356.3,-104.64,-87.07,88.46,113.74,166.90,158.94,0.00,0.00,0.00,0.0000,0.6129,0.0000,-0.5886,0.0000,0.0110,1.000,0.03500
744112.3709,444,LOST_LONG,522.5,300.3,506.6,462.6,418.4,388.8,-95.59,-87.07,124.34,113.74,140.08,158.94,0.00,0.00,0.00,0.0000,0.6129,0.0000,-0.5886,0.0000,0.0110,1.000,0.03500
744112.4050,445,LOST_LONG,534.6,320.3,512.2,477.3,305.8,266.4,-98.11,-87.07,127.50,113.74,134.38,158.94,0.00,0.00,0.00,0.0000,0.6129,0.0000,-0.5886,0.0000,0.0110,1.000,0.03500
744112.4380,446,LOST_LONG,534.6,320.3,512.2,477.3,305.8,266.4,-98.11,-87.07,127.50,113.74,134.38,158.94,0.00,0.00,0.00,0.0000,0.6129,0.0000,-0.5886,0.0000,0.0110,1.000,0.03500
744112.4709,447,LOST_LONG,534.6,320.3,512.2,477.3,305.8,266.4,-98.11,-87.07,127.50,113.74,134.38,158.94,0.00,0.00,0.00,0.0000,0.6129,0.0000,-0.5886,0.0000,0.0110,1.000,0.03500
744112.5046,448,LOST_LONG,514.6,310.8,499.0,464.7,371.5,356.3,-95.79,-87.07,124.60,113.74,139.62,158.94,0.00,0.00,0.00,0.0000,0.6129,0.0000,-0.5886,0.0000,0.0110,1.000,0.03500
744112.5386,449,TRACKING,504.2,310.8,496.5,452.1,331.8,263.5,-93.11,-94.01,135.77,127.63,131.11,138.36,0.00,0.00,0.00,0.6000,0.6077,-0.6000,-0.5931,0.0000,0.0066,1.000,0.03500
744112.5713,450,TRACKING,504.2,310.8,496.5,452.1,331.8,263.5,-93.11,-94.01,135.77,128.96,131.11,137.17,0.00,1.33,-1.19,0.6000,0.6077,-0.6123,-0.6008,0.0218,0.0127,1.000,0.03500
744112.6047,451,TRACKING,504.2,310.8,496.5,452.1,331.8,263.5,-93.11,-94.01,135.77,130.53,131.11,135.78,0.00,2.90,-2.58,0.6000,0.6077,-0.6268,-0.6112,0.0473,0.0265,1.000,0.03500
744112.6375,452,TRACKING,499.5,293.0,486.9,436.4,305.4,250.5,-95.03,-94.01,130.65,131.10,134.32,135.05,0.00,3.47,-3.30,0.6000,0.6077,-0.6320,-0.6195,0.0606,0.0401,1.000,0.03500
744112.6709,453,TRACKING,499.5,293.0,486.9,436.4,305.4,250.5,-95.03,-94.01,130.65,131.10,134.32,135.05,0.00,3.47,-3.30,0.6000,0.6077,-0.6320,-0.6245,0.0606,0.0483,1.000,0.03500
744112.7042,454,TRACKING,497.1,290.3,494.5,429.4,308.5,248.2,-91.05,-94.01,133.19,131.10,135.76,135.05,0.00,3.47,-3.30,0.6000,0.6077,-0.6320,-0.6245,0.0606,0.0532,1.000,0.03500
744112.7376,455,LOST_SHORT,499.2,287.8,497.1,423.7,304.5,244.4,-90.87,-94.01,132.07,131.10,137.06,135.05,0.00,0.00,0.00,0.0000,0.6077,0.0000,-0.6245,0.0000,0.0532,1.000,0.03500
744112.7709,456,LOST_SHORT,499.2,287.8,497.1,423.7,304.5,244.4,-90.87,-94.01,132.07,131.10,137.06,135.05,0.00,0.00,0.00,0.0000,0.6077,0.0000,-0.6245,0.0000,0.0532,1.000,0.03500
744112.8043,457,LOST_SHORT,494.1,285.4,499.4,425.9,310.6,247.3,-87.84,-94.01,135.58,131.10,136.58,135.05,0.00,0.00,0.00,0.0000,0.6077,0.0000,-0.6245,0.0000,0.0532,1.000,0.03500
744112.8378,458,LOST_SHORT,485.6,282.2,488.4,417.4,299.8,240.3,-88.80,-94.01,134.41,131.10,136.79,135.05,0.00,0.00,0.00,0.0000,0.6077,0.0000,-0.6245,0.0000,0.0532,1.000,0.03500
744112.8718,459,TRACKING,481.2,276.5,484.9,410.4,295.8,236.2,-88.42,-92.33,134.22,132.49,137.35,135.05,1.68,4.86,-3.30,0.5551,0.5867,-0.6448,-0.6326,0.0606,0.0532,1.000,0.03500
744112.9042,460,TRACKING,481.2,276.5,484.9,410.4,295.8,236.2,-88.42,-91.12,134.22,133.26,137.35,135.54,2.90,5.63,-2.81,0.5228,0.5611,-0.6519,-0.6404,0.0516,0.0532,1.000,0.03500
744112.9379,461,LOST_SHORT,484.2,277.3,498.0,408.9,294.2,234.1,-84.03,-91.12,136.59,133.26,139.38,135.54,0.00,0.00,0.00,0.0000,0.5611,0.0000,-0.6404,0.0000,0.0532,1.000,0.03500
744112.9718,462,LOST_SHORT,482.4,272.8,497.6,406.5,291.0,233.3,-83.54,-91.12,136.44,133.26,140.02,135.54,0.00,0.00,0.00,0.0000,0.5611,0.0000,-0.6404,0.0000,0.0532,1.000,0.03500
744113.0042,463,LOST_SHORT,482.4,272.8,497.6,406.5,291.0,233.3,-83.54,-91.12,136.44,133.26,140.02,135.54,0.00,0.00,0.00,0.0000,0.5611,0.0000,-0.6404,0.0000,0.0532,1.000,0.03500
744113.0375,464,LOST_SHORT,483.6,277.7,502.2,416.3,377.2,306.5,-82.33,-91.12,138.97,133.26,138.70,135.54,0.00,0.00,0.00,0.0000,0.5611,0.0000,-0.6404,0.0000,0.0532,1.000,0.03500
744113.0710,465,LOST_SHORT,482.0,276.4,499.6,420.4,286.8,227.4,-83.02,-91.12,139.17,133.26,137.81,135.54,0.00,0.00,0.00,0.0000,0.5611,0.0000,-0.6404,0.0000,0.0532,1.000,0.03500
744113.1046,466,LOST_SHORT,480.2,274.5,498.7,415.4,372.6,310.7,-82.52,-91.12,137.18,133.26,140.31,135.54,0.00,0.00,0.00,0.0000,0.5611,0.0000,-0.6404,0.0000,0.0532,1.000,0.03500
744113.1375,467,LOST_SHORT,480.2,274.5,498.7,415.4,372.6,310.7,-82.52,-91.12,137.18,133.26,140.31,135.54,0.00,0.00,0.00,0.0000,0.5611,0.0000,-0.6404,0.0000,0.0532,1.000,0.03500
744113.1709,468,LOST_SHORT,480.6,270.0,496.5,407.3,286.9,229.1,-83.41,-91.12,136.95,133.26,139.64,135.54,0.00,0.00,0.00,0.0000,0.5611,0.0000,-0.6404,0.0000,0.0532,1.000,0.03500
744113.2051,469,LOST_SHORT,478.6,274.6,491.9,412.5,282.7,230.8,-84.49,-91.12,136.49,133.26,139.02,135.54,0.00,0.00,0.00,0.0000,0.5611,0.0000,-0.6404,0.0000,0.0532,1.000,0.03500
744113.2376,470,LOST_SHORT,478.6,274.6,491.9,412.5,282.7,230.8,-84.49,-91.12,136.49,133.26,139.02,135.54,0.00,0.00,0.00,0.0000,0.5611,0.0000,-0.6404,0.0000,0.0532,1.000,0.03500
744113.2709,471,LOST_SHORT,478.2,273.9,490.3,407.9,282.4,229.3,-84.84,-91.12,135.83,133.26,139.33,135.54,0.00,0.00,0.00,0.0000,0.5611,0.0000,-0.6404,0.0000,0.0532,1.000,0.03500
744113.3114,472,LOST_SHORT,480.1,274.8,495.1,417.0,291.2,234.5,-83.99,-91.12,137.85,133.26,138.17,135.54,0.00,0.00,0.00,0.0000,0.5611,0.0000,-0.6404,0.0000,0.0532,1.000,0.03500
744113.3375,473,LOST_SHORT,480.1,274.8,495.1,417.0,291.2,234.5,-83.99,-91.12,137.85,133.26,138.17,135.54,0.00,0.00,0.00,0.0000,0.5611,0.0000,-0.6404,0.0000,0.0532,1.000,0.03500
744113.3709,474,LOST_SHORT,479.3,273.8,492.2,413.3,283.0,230.7,-84.69,-91.12,136.42,133.26,138.89,135.54,0.00,0.00,0.00,0.0000,0.5611,0.0000,-0.6404,0.0000,0.0532,1.000,0.03500
744113.4057,475,LOST_LONG,484.0,274.0,505.0,420.5,272.2,220.8,-81.84,-91.12,138.78,133.26,139.38,135.54,0.00,0.00,0.00,0.0000,0.5611,0.0000,-0.6404,0.0000,0.0532,1.000,0.03500
744113.4376,476,LOST_LONG,481.1,278.5,485.2,424.6,375.6,361.4,-88.41,-91.12,121.58,133.26,150.01,135.54,0.00,0.00,0.00,0.0000,0.5611,0.0000,-0.6404,0.0000,0.0532,1.000,0.03500
744113.4710,477,LOST_LONG,481.1,278.5,485.2,424.6,375.6,361.4,-88.41,-91.12,121.58,133.26,150.01,135.54,0.00,0.00,0.00,0.0000,0.5611,0.0000,-0.6404,0.0000,0.0532,1.000,0.03500
744113.5042,478,LOST_LONG,481.9,279.2,486.1,424.0,292.7,220.8,-88.32,-91.12,138.11,133.26,133.57,135.54,0.00,0.00,0.00,0.0000,0.5611,0.0000,-0.6404,0.0000,0.0532,1.000,0.03500
744113.5375,479,LOST_LONG,481.9,279.2,486.1,424.0,292.7,220.8,-88.32,-91.12,138.11,133.26,133.57,135.54,0.00,0.00,0.00,0.0000,0.5611,0.0000,-0.6404,0.0000,0.0532,1.000,0.03500
744113.5710,480,TRACKING,480.8,283.5,479.7,431.4,291.1,220.1,-90.40,-88.97,137.84,136.66,131.76,134.37,0.00,0.00,0.00,0.6000,0.5767,-0.6000,-0.6242,0.0000,0.0319,1.000,0.03500
744113.6050,481,TRACKING,480.8,283.5,479.7,431.4,291.1,220.1,-90.40,-88.97,137.84,136.66,131.76,133.94,0.00,0.00,-0.43,0.6000,0.5860,-0.6000,-0.6145,0.0079,0.0223,1.000,0.03500
744113.6376,482,TRACKING,480.9,284.8,477.4,432.7,296.2,218.8,-91.39,-89.48,138.35,136.66,130.26,133.20,-0.51,0.00,-1.17,0.6136,0.5970,-0.6000,-0.6087,0.0215,0.0223,1.000,0.03500
744113.6709,483,LOST_SHORT,485.9,278.4,493.8,422.5,393.2,361.1,-86.85,-89.48,124.54,136.66,148.61,133.20,0.00,0.00,0.00,0.0000,0.5970,0.0000,-0.6087,0.0000,0.0223,1.000,0.03500
744113.7046,484,LOST_SHORT,488.4,279.3,499.9,424.2,302.6,215.6,-85.47,-89.48,141.13,136.66,133.41,133.20,0.00,0.00,0.00,0.0000,0.5970,0.0000,-0.6087,0.0000,0.0223,1.000,0.03500
744113.7380,485,LOST_SHORT,488.4,279.3,499.9,424.2,302.6,215.6,-85.47,-89.48,141.13,136.66,133.41,133.20,0.00,0.00,0.00,0.0000,0.5970,0.0000,-0.6087,0.0000,0.0223,1.000,0.03500
744113.7710,486,LOST_SHORT,488.5,277.2,498.0,430.2,308.4,216.5,-86.45,-89.48,141.97,136.66,131.58,133.20,0.00,0.00,0.00,0.0000,0.5970,0.0000,-0.6087,0.0000,0.0223,1.000,0.03500
744113.8042,487,LOST_SHORT,491.3,277.5,501.5,427.4,319.5,223.8,-86.12,-89.48,142.10,136.66,131.77,133.20,0.00,0.00,0.00,0.0000,0.5970,0.0000,-0.6087,0.0000,0.0223,1.000,0.03500
744113.8381,488,LOST_SHORT,494.1,287.3,495.7,435.5,329.8,226.1,-89.40,-89.48,142.21,136.66,128.38,133.20,0.00,0.00,0.00,0.0000,0.5970,0.0000,-0.6087,0.0000,0.0223,1.000,0.03500
744113.8709,489,LOST_SHORT,495.6,288.1,493.4,437.9,329.3,224.2,-90.84,-89.48,141.62,136.66,127.53,133.20,0.00,0.00,0.00,0.0000,0.5970,0.0000,-0.6087,0.0000,0.0223,1.000,0.03500
744113.9042,490,LOST_SHORT,497.4,287.7,495.5,434.4,328.5,223.7,-90.75,-89.48,140.86,136.66,128.39,133.20,0.00,0.00,0.00,0.0000,0.5970,0.0000,-0.6087,0.0000,0.0223,1.000,0.03500
744113.9380,491,LOST_SHORT,497.1,288.4,499.7,438.9,327.7,224.3,-89.01,-89.48,142.27,136.66,128.72,133.20,0.00,0.00,0.00,0.0000,0.5970,0.0000,-0.6087,0.0000,0.0223,1.000,0.03500
744113.9726,492,LOST_SHORT,497.7,284.9,501.5,438.1,325.3,226.4,-88.61,-89.48,141.62,136.66,129.77,133.20,0.00,0.00,0.00,0.0000,0.5970,0.0000,-0.6087,0.0000,0.0223,1.000,0.03500
744114.0043,493,LOST_SHORT,497.7,284.9,501.5,438.1,325.3,226.4,-88.61,-89.48,141.62,136.66,129.77,133.20,0.00,0.00,0.00,0.0000,0.5970,0.0000,-0.6087,0.0000,0.0223,1.000,0.03500
744114.0376,494,LOST_SHORT,503.4,289.4,506.4,443.7,322.4,228.4,-88.89,-89.48,140.59,136.66,130.52,133.20,0.00,0.00,0.00,0.0000,0.5970,0.0000,-0.6087,0.0000,0.0223,1.000,0.03500
744114.0714,495,LOST_SHORT,506.2,294.4,504.2,448.7,322.9,227.7,-90.77,-89.48,139.87,136.66,129.36,133.20,0.00,0.00,0.00,0.0000,0.5970,0.0000,-0.6087,0.0000,0.0223,1.000,0.03500
744114.1048,496,LOST_SHORT,505.9,292.2,503.0,450.8,322.0,229.1,-91.04,-89.48,139.73,136.66,129.23,133.20,0.00,0.00,0.00,0.0000,0.5970,0.0000,-0.6087,0.0000,0.0223,1.000,0.03500
744114.1378,497,LOST_LONG,505.6,291.9,505.0,453.8,323.3,230.4,-90.19,-89.48,140.68,136.66,129.13,133.20,0.00,0.00,0.00,0.0000,0.5970,0.0000,-0.6087,0.0000,0.0223,1.000,0.03500
744114.1710,498,LOST_LONG,505.6,291.9,505.0,453.8,323.3,230.4,-90.19,-89.48,140.68,136.66,129.13,133.20,0.00,0.00,0.00,0.0000,0.5970,0.0000,-0.6087,0.0000,0.0223,1.000,0.03500
744114.2044,499,TRACKING,506.8,294.7,505.0,460.6,324.3,232.7,-90.60,-95.56,140.98,136.20,128.42,128.24,0.00,0.00,0.00,0.6000,0.5970,-0.6000,-0.6052,0.0000,0.0134,1.000,0.03500
744114.2379,500,LOST_SHORT,514.4,300.5,515.2,460.3,325.1,234.6,-89.73,-95.56,140.17,136.20,130.10,128.24,0.00,0.00,0.00,0.0000,0.5970,0.0000,-0.6052,0.0000,0.0134,1.000,0.03500
744114.2718,501,LOST_SHORT,513.9,300.4,511.1,453.8,326.3,235.9,-91.03,-95.56,138.67,136.20,130.30,128.24,0.00,0.00,0.00,0.0000,0.5970,0.0000,-0.6052,0.0000,0.0134,1.000,0.03500
744114.3042,502,LOST_SHORT,513.9,300.4,511.1,453.8,326.3,235.9,-91.03,-95.56,138.67,136.20,130.30,128.24,0.00,0.00,0.00,0.0000,0.5970,0.0000,-0.6052,0.0000,0.0134,1.000,0.03500
744114.3375,503,LOST_SHORT,513.1,300.8,514.1,446.2,328.1,236.8,-89.62,-95.56,138.78,136.20,131.61,128.24,0.00,0.00,0.00,0.0000,0.5970,0.0000,-0.6052,0.0000,0.0134,1.000,0.03500
744114.3710,504,LOST_SHORT,514.8,302.1,513.1,442.5,329.1,238.2,-90.70,-95.56,137.30,136.20,132.00,128.24,0.00,0.00,0.00,0.0000,0.5970,0.0000,-0.6052,0.0000,0.0134,1.000,0.03500
744114.4043,505,LOST_SHORT,520.9,308.4,511.6,457.6,390.8,327.5,-93.60,-95.56,133.52,136.20,132.89,128.24,0.00,0.00,0.00,0.0000,0.5970,0.0000,-0.6052,0.0000,0.0134,1.000,0.03500
744114.4378,506,LOST_SHORT,521.4,308.1,516.4,464.1,333.2,242.2,-91.84,-95.56,138.61,136.20,129.55,128.24,0.00,0.00,0.00,0.0000,0.5970,0.0000,-0.6052,0.0000,0.0134,1.000,0.03500
744114.4710,507,LOST_SHORT,521.4,308.1,516.4,464.1,333.2,242.2,-91.84,-95.56,138.61,136.20,129.55,128.24,0.00,0.00,0.00,0.0000,0.5970,0.0000,-0.6052,0.0000,0.0134,1.000,0.03500
744114.5045,508,LOST_SHORT,546.7,334.2,534.1,480.0,378.6,368.7,-94.94,-95.56,120.64,136.20,144.42,128.24,0.00,0.00,0.00,0.0000,0.5970,0.0000,-0.6052,0.0000,0.0134,1.000,0.03500
744114.5375,509,LOST_SHORT,554.3,329.9,539.5,480.0,331.6,239.1,-95.62,-95.56,133.59,136.20,130.79,128.24,0.00,0.00,0.00,0.0000,0.5970,0.0000,-0.6052,0.0000,0.0134,1.000,0.03500
744114.5771,510,LOST_SHORT,554.8,336.7,541.4,480.0,328.0,238.0,-95.33,-95.56,133.27,136.20,131.40,128.24,0.00,0.00,0.00,0.0000,0.5970,0.0000,-0.6052,0.0000,0.0134,1.000,0.03500
744114.6043,511,LOST_SHORT,554.8,336.7,541.4,480.0,328.0,238.0,-95.33,-95.56,133.27,136.20,131.40,128.24,0.00,0.00,0.00,0.0000,0.5970,0.0000,-0.6052,0.0000,0.0134,1.000,0.03500
744114.6376,512,LOST_SHORT,554.8,336.7,541.4,480.0,328.0,238.0,-95.33,-95.56,133.27,136.20,131.40,128.24,0.00,0.00,0.00,0.0000,0.5970,0.0000,-0.6052,0.0000,0.0134,1.000,0.03500
744114.6709,513,LOST_SHORT,558.9,333.1,547.2,480.0,393.3,377.2,-94.55,-95.56,119.20,136.20,146.25,128.24,0.00,0.00,0.00,0.0000,0.5970,0.0000,-0.6052,0.0000,0.0134,1.000,0.03500
744114.7042,514,LOST_SHORT,558.9,333.1,547.2,480.0,393.3,377.2,-94.55,-95.56,119.20,136.20,146.25,128.24,0.00,0.00,0.00,0.0000,0.5970,0.0000,-0.6052,0.0000,0.0134,1.000,0.03500
744114.7378,515,LOST_LONG,554.3,334.9,542.3,480.0,329.2,240.1,-94.73,-95.56,133.65,136.20,131.62,128.24,0.00,0.00,0.00,0.0000,0.5970,0.0000,-0.6052,0.0000,0.0134,1.000,0.03500
744114.7709,516,LOST_LONG,554.3,334.9,542.3,480.0,329.2,240.1,-94.73,-95.56,133.65,136.20,131.62,128.24,0.00,0.00,0.00,0.0000,0.5970,0.0000,-0.6052,0.0000,0.0134,1.000,0.03500
744114.8042,517,LOST_LONG,554.3,334.9,542.3,480.0,329.2,240.1,-94.73,-95.56,133.65,136.20,131.62,128.24,0.00,0.00,0.00,0.0000,0.5970,0.0000,-0.6052,0.0000,0.0134,1.000,0.03500
744114.8377,518,LOST_LONG,554.8,330.6,544.6,480.0,328.5,236.3,-93.90,-95.56,134.53,136.20,131.57,128.24,0.00,0.00,0.00,0.0000,0.5970,0.0000,-0.6052,0.0000,0.0134,1.000,0.03500
744114.8710,519,LOST_LONG,554.6,313.1,551.9,455.9,435.7,392.3,-91.11,-95.56,117.57,136.20,151.32,128.24,0.00,0.00,0.00,0.0000,0.5970,0.0000,-0.6052,0.0000,0.0134,1.000,0.03500
744114.9042,520,LOST_LONG,554.6,313.1,551.9,455.9,435.7,392.3,-91.11,-95.56,117.57,136.20,151.32,128.24,0.00,0.00,0.00,0.0000,0.5970,0.0000,-0.6052,0.0000,0.0134,1.000,0.03500
744114.9375,521,LOST_LONG,549.7,302.1,536.4,449.0,327.2,233.0,-95.19,-95.56,130.73,136.20,134.08,128.24,0.00,0.00,0.00,0.0000,0.5970,0.0000,-0.6052,0.0000,0.0134,1.000,0.03500
744114.9709,522,LOST_LONG,549.7,302.1,536.4,449.0,327.2,233.0,-95.19,-95.56,130.73,136.20,134.08,128.24,0.00,0.00,0.00,0.0000,0.5970,0.0000,-0.6052,0.0000,0.0134,1.000,0.03500
744115.0042,523,LOST_LONG,547.2,302.9,555.1,462.7,328.0,232.7,-87.18,-95.56,138.18,136.20,134.63,128.24,0.00,0.00,0.00,0.0000,0.5970,0.0000,-0.6052,0.0000,0.0134,1.000,0.03500
744115.0376,524,LOST_LONG,556.6,320.5,541.1,480.0,322.9,228.5,-95.55,-95.56,133.50,136.20,130.95,128.24,0.00,0.00,0.00,0.0000,0.5970,0.0000,-0.6052,0.0000,0.0134,1.000,0.03500
744115.0709,525,LOST_LONG,556.6,320.5,541.1,480.0,322.9,228.5,-95.55,-95.56,133.50,136.20,130.95,128.24,0.00,0.00,0.00,0.0000,0.5970,0.0000,-0.6052,0.0000,0.0134,1.000,0.03500
744115.1104,526,LOST_LONG,552.7,320.6,535.2,480.0,324.7,226.6,-96.25,-95.56,134.02,136.20,129.73,128.24,0.00,0.00,0.00,0.0000,0.5970,0.0000,-0.6052,0.0000,0.0134,1.000,0.03500
744115.1376,527,LOST_LONG,552.7,320.6,535.2,480.0,324.7,226.6,-96.25,-95.56,134.02,136.20,129.73,128.24,0.00,0.00,0.00,0.0000,0.5970,0.0000,-0.6052,0.0000,0.0134,1.000,0.03500
744115.1709,528,LOST_LONG,546.8,319.9,524.1,480.0,325.1,224.8,-98.06,-95.56,133.99,136.20,127.95,128.24,0.00,0.00,0.00,0.0000,0.5970,0.0000,-0.6052,0.0000,0.0134,1.000,0.03500
744115.2049,529,TRACKING,544.1,319.8,506.8,480.0,322.9,221.1,-103.10,-109.35,131.51,124.20,125.39,126.45,0.00,0.00,0.00,0.6000,0.5970,-0.6000,-0.6052,0.0000,0.0080,1.000,0.03500
744115.2376,530,TRACKING,544.1,319.8,506.8,480.0,322.9,221.1,-103.10,-108.31,131.51,125.41,125.39,126.45,1.04,1.21,0.00,0.5723,0.5871,-0.6112,-0.6052,0.0000,0.0048,1.000,0.03500
744115.2710,531,TRACKING,538.9,317.9,503.8,480.0,319.8,215.8,-102.22,-106.96,132.92,127.06,124.86,126.45,2.39,2.86,0.00,0.5362,0.5668,-0.6264,-0.6137,0.0000,0.0048,1.000,0.03500
744115.3044,532,TRACKING,538.9,317.9,503.8,480.0,319.8,215.8,-102.22,-105.72,132.92,128.58,124.86,126.00,3.63,4.38,-0.45,0.5033,0.5414,-0.6404,-0.6244,0.0082,0.0048,1.000,0.03500
744115.3378,533,LOST_SHORT,536.8,320.0,509.9,480.0,317.3,212.8,-99.53,-105.72,134.68,128.58,125.79,126.00,0.00,0.00,0.00,0.0000,0.5414,0.0000,-0.6244,0.0000,0.0048,1.000,0.03500
744115.3709,534,LOST_SHORT,536.8,320.0,509.9,480.0,317.3,212.8,-99.53,-105.72,134.68,128.58,125.79,126.00,0.00,0.00,0.00,0.0000,0.5414,0.0000,-0.6244,0.0000,0.0048,1.000,0.03500
744115.4050,535,LOST_SHORT,531.4,307.1,516.4,480.0,309.3,207.1,-94.94,-105.72,137.86,128.58,127.20,126.00,0.00,0.00,0.00,0.0000,0.5414,0.0000,-0.6244,0.0000,0.0048,1.000,0.03500
744115.4377,536,LOST_SHORT,526.9,308.0,510.1,480.0,308.0,207.4,-95.57,-105.72,137.89,128.58,126.55,126.00,0.00,0.00,0.00,0.0000,0.5414,0.0000,-0.6244,0.0000,0.0048,1.000,0.03500
744115.4709,537,LOST_SHORT,526.9,308.0,510.1,480.0,308.0,207.4,-95.57,-105.72,137.89,128.58,126.55,126.00,0.00,0.00,0.00,0.0000,0.5414,0.0000,-0.6244,0.0000,0.0048,1.000,0.03500
744115.5042,538,TRACKING,514.3,307.9,499.6,480.0,304.5,205.3,-94.87,-102.69,139.74,131.65,125.39,126.00,6.66,7.45,-0.45,0.4223,0.4938,-0.6687,-0.6421,0.0082,0.0048,1.000,0.03500
744115.5375,539,TRACKING,514.3,307.9,499.6,480.0,304.5,205.3,-94.87,-100.36,139.74,134.02,125.39,126.00,8.99,9.82,-0.45,0.3604,0.4404,-0.6907,-0.6615,0.0082,0.0048,1.000,0.03500
744115.5711,540,TRACKING,473.7,275.3,453.5,443.3,295.6,206.7,-96.86,-98.98,139.43,135.70,123.71,125.57,10.37,11.50,-0.88,0.3235,0.3936,-0.7062,-0.6794,0.0161,0.0093,1.000,0.03500
744115.6042,541,TRACKING,473.7,275.3,453.5,443.3,295.6,206.7,-96.86,-98.15,139.43,136.88,123.71,125.13,11.20,12.68,-1.32,0.3014,0.3568,-0.7170,-0.6944,0.0241,0.0152,1.000,0.03500
744115.6375,542,TRACKING,468.0,269.6,458.4,439.3,284.1,202.0,-93.23,-97.08,140.47,137.87,126.30,125.13,12.27,13.67,-1.32,0.2729,0.3232,-0.7262,-0.7071,0.0241,0.0188,1.000,0.03500
744115.6709,543,TRACKING,468.0,269.6,458.4,439.3,284.1,202.0,-93.23,-96.09,140.47,138.63,126.30,125.13,13.26,14.43,-1.32,0.2465,0.2925,-0.7332,-0.7176,0.0241,0.0188,1.000,0.03500
744115.7043,544,TRACKING,454.1,266.2,438.8,422.4,277.9,196.7,-95.59,-95.65,138.92,138.63,125.49,125.13,13.70,14.43,-1.32,0.2347,0.2694,-0.7332,-0.7238,0.0241,0.0188,1.000,0.03500
744115.7377,545,TRACKING,454.1,266.2,438.8,422.4,277.9,196.7,-95.59,-95.65,138.92,138.63,125.49,125.13,13.70,14.43,-1.32,0.2347,0.2555,-0.7332,-0.7276,0.0241,0.0188,1.000,0.03500
744115.7710,546,TRACKING,439.1,259.9,434.9,419.0,264.7,186.6,-91.52,-94.91,142.27,139.33,126.21,125.13,14.44,15.13,-1.32,0.2150,0.2393,-0.7396,-0.7324,0.0241,0.0188,1.000,0.03500
744115.8050,547,TRACKING,425.1,252.6,423.0,403.5,247.2,179.4,-90.78,-94.01,141.11,139.84,128.11,125.74,15.34,15.64,-0.71,0.1909,0.2200,-0.7444,-0.7372,0.0130,0.0188,1.000,0.03500
744115.8388,548,TRACKING,425.1,252.6,423.0,403.5,247.2,179.4,-90.78,-93.18,141.11,139.84,128.11,126.33,16.17,15.64,-0.12,0.1689,0.1995,-0.7444,-0.7372,0.0022,0.0122,1.000,0.03500
744115.8711,549,TRACKING,415.9,248.2,400.1,400.7,231.8,172.7,-95.89,-93.18,137.68,139.84,126.43,126.33,16.17,15.64,-0.12,0.1689,0.1873,-0.7444,-0.7372,0.0022,0.0082,1.000,0.03500
744115.9045,550,TRACKING,415.9,248.2,400.1,400.7,231.8,172.7,-95.89,-93.68,137.68,139.84,126.43,126.33,15.67,15.64,-0.12,0.1822,0.1873,-0.7444,-0.7372,0.0022,0.0082,1.000,0.03500
744115.9376,551,TRACKING,413.4,249.2,394.4,404.0,220.3,167.2,-97.00,-94.38,136.67,139.11,126.33,126.33,14.96,14.91,-0.12,0.2010,0.1928,-0.7377,-0.7372,0.0022,0.0082,1.000,0.03500
744115.9710,552,TRACKING,413.4,249.2,394.4,404.0,220.3,167.2,-97.00,-95.05,136.67,138.47,126.33,126.33,14.30,14.27,-0.12,0.2187,0.2032,-0.7317,-0.7372,0.0022,0.0082,1.000,0.03500
744116.0042,553,TRACKING,396.1,246.5,366.5,390.2,203.7,163.8,-101.64,-96.30,132.64,137.34,125.72,126.33,13.05,13.14,-0.12,0.2521,0.2227,-0.7213,-0.7308,0.0022,0.0082,1.000,0.03500
744116.0376,554,TRACKING,387.2,248.4,352.6,384.8,193.3,157.6,-104.21,-97.96,130.74,135.93,125.05,126.33,11.39,11.73,-0.12,0.2963,0.2521,-0.7083,-0.7218,0.0022,0.0082,1.000,0.03500
744116.0709,555,TRACKING,387.2,248.4,352.6,384.8,193.3,157.6,-104.21,-99.52,130.74,134.62,125.05,126.33,9.82,10.42,-0.12,0.3381,0.2865,-0.6962,-0.7116,0.0022,0.0082,1.000,0.03500
744116.1044,556,TRACKING,376.4,242.7,348.7,372.4,184.0,152.7,-102.05,-100.48,131.09,133.59,126.86,126.33,8.86,9.39,-0.12,0.3637,0.3174,-0.6867,-0.7016,0.0022,0.0082,1.000,0.03500
744116.1387,557,TRACKING,376.4,242.7,348.7,372.4,184.0,152.7,-102.05,-101.07,131.09,132.83,126.86,126.33,8.27,8.63,-0.12,0.3794,0.3422,-0.6797,-0.6928,0.0022,0.0082,1.000,0.03500
744116.1709,558,TRACKING,369.6,243.9,328.7,374.7,174.8,150.8,-107.36,-102.28,128.13,131.82,124.51,126.33,7.07,7.61,-0.12,0.4115,0.3699,-0.6703,-0.6838,0.0022,0.0082,1.000,0.03500
744116.2047,559,TRACKING,369.6,243.9,328.7,374.7,174.8,150.8,-107.36,-103.51,128.13,130.87,124.51,125.89,5.84,6.67,-0.56,0.4444,0.3997,-0.6615,-0.6749,0.0102,0.0082,1.000,0.03500
744116.2376,560,TRACKING,359.9,245.9,316.4,368.7,172.2,149.5,-109.48,-104.88,127.16,129.96,123.35,125.34,4.47,5.76,-1.11,0.4808,0.4321,-0.6531,-0.6662,0.0203,0.0130,1.000,0.03500
744116.2712,561,TRACKING,359.9,245.9,316.4,368.7,172.2,149.5,-109.48,-106.09,127.16,129.19,123.35,124.84,3.26,4.99,-1.61,0.5131,0.4645,-0.6461,-0.6582,0.0296,0.0197,1.000,0.03500
744116.3045,562,TRACKING,358.2,245.6,319.4,368.7,169.9,150.5,-107.51,-106.75,128.09,128.74,124.41,124.84,2.60,4.54,-1.61,0.5306,0.4909,-0.6419,-0.6517,0.0296,0.0236,1.000,0.03500
744116.3380,563,TRACKING,358.2,245.6,319.4,368.7,169.9,150.5,-107.51,-106.75,128.09,128.74,124.41,124.84,2.60,4.54,-1.61,0.5306,0.5068,-0.6419,-0.6478,0.0296,0.0236,1.000,0.03500
744116.3711,564,TRACKING,358.6,246.2,316.4,368.1,169.3,156.7,-109.11,-107.31,126.06,128.18,124.83,124.84,2.04,3.98,-1.61,0.5457,0.5224,-0.6367,-0.6433,0.0296,0.0236,1.000,0.03500
744116.4044,565,TRACKING,359.6,247.5,313.0,367.0,173.5,156.9,-111.28,-108.14,125.13,127.49,123.59,124.84,1.21,3.29,-1.61,0.5677,0.5405,-0.6304,-0.6382,0.0296,0.0236,1.000,0.03500
744116.4378,566,TRACKING,359.6,247.5,313.0,367.0,173.5,156.9,-111.28,-108.93,125.13,126.88,123.59,124.84,0.42,2.68,-1.61,0.5888,0.5598,-0.6247,-0.6328,0.0296,0.0236,1.000,0.03500
744116.4725,567,TRACKING,360.5,246.8,314.5,366.5,177.8,155.9,-111.02,-109.54,126.00,126.88,122.98,124.36,-0.19,2.68,-2.09,0.6051,0.5780,-0.6247,-0.6295,0.0383,0.0295,1.000,0.03500
744116.5042,568,TRACKING,360.5,246.8,314.5,366.5,177.8,155.9,-111.02,-109.99,126.00,126.88,122.98,124.36,-0.64,2.68,-2.09,0.6172,0.5936,-0.6247,-0.6295,0.0383,0.0330,1.000,0.03500
744116.5378,569,TRACKING,363.2,249.6,315.7,371.9,182.8,153.0,-111.20,-109.99,127.55,126.88,121.25,123.66,-0.64,2.68,-2.80,0.6172,0.6031,-0.6247,-0.6295,0.0512,0.0403,1.000,0.03500
744116.5715,570,TRACKING,362.0,249.3,312.5,374.3,183.4,150.2,-111.60,-110.44,128.44,126.88,119.96,122.82,-1.09,2.68,-3.63,0.6292,0.6135,-0.6247,-0.6295,0.0666,0.0508,1.000,0.03500
744116.6050,571,TRACKING,362.0,249.3,312.5,374.3,183.4,150.2,-111.60,-110.44,128.44,126.88,119.96,122.07,-1.09,2.68,-4.39,0.6292,0.6198,-0.6247,-0.6295,0.0804,0.0627,1.000,0.03500
744116.6377,572,TRACKING,370.4,247.6,320.9,378.7,188.8,148.2,-110.67,-110.44,129.51,127.50,119.82,121.44,-1.09,3.29,-5.01,0.6292,0.6235,-0.6304,-0.6295,0.0919,0.0743,1.000,0.03500
744116.6712,573,TRACKING,370.4,247.6,320.9,378.7,188.8,148.2,-110.67,-110.44,129.51,128.03,119.82,120.96,-1.09,3.83,-5.49,0.6292,0.6235,-0.6354,-0.6295,0.1006,0.0849,1.000,0.03500
744116.7046,574,TRACKING,372.9,246.5,322.8,378.8,193.2,148.3,-110.74,-110.44,129.93,128.53,119.33,120.53,-1.09,4.33,-5.92,0.6292,0.6235,-0.6399,-0.6337,0.1085,0.0943,1.000,0.03500
744116.7376,575,TRACKING,372.9,246.5,322.8,378.8,193.2,148.3,-110.74,-110.44,129.93,128.53,119.33,120.53,-1.09,4.33,-5.92,0.6292,0.6235,-0.6399,-0.6337,0.1085,0.1000,1.000,0.03500
744116.7709,576,TRACKING,375.2,249.7,323.9,381.0,196.4,148.5,-111.36,-110.44,129.89,128.96,118.74,120.06,-1.09,4.76,-6.39,0.6292,0.6235,-0.6439,-0.6378,0.1171,0.1068,1.000,0.03500
744116.8046,577,TRACKING,379.2,251.6,325.3,378.1,201.2,151.8,-113.07,-110.97,128.20,128.96,118.74,120.06,-1.62,4.76,-6.39,0.6432,0.6314,-0.6439,-0.6378,0.1171,0.1110,1.000,0.03500
744116.8379,578,TRACKING,379.3,250.9,325.0,381.5,202.0,152.0,-112.59,-111.41,129.23,128.96,118.18,119.56,-2.06,4.76,-6.89,0.6550,0.6408,-0.6439,-0.6378,0.1263,0.1171,1.000,0.03500
744116.8709,579,TRACKING,379.3,250.9,325.0,381.5,202.0,152.0,-112.59,-111.41,129.23,128.96,118.18,119.56,-2.06,4.76,-6.89,0.6550,0.6465,-0.6439,-0.6378,0.1263,0.1208,1.000,0.03500
744116.9043,580,TRACKING,380.6,251.6,330.6,383.1,203.9,152.3,-110.82,-111.41,130.40,128.96,118.78,119.56,-2.06,4.76,-6.89,0.6550,0.6499,-0.6439,-0.6378,0.1263,0.1208,1.000,0.03500
744116.9376,581,TRACKING,380.6,251.6,330.6,383.1,203.9,152.3,-110.82,-111.41,130.40,128.96,118.78,119.56,-2.06,4.76,-6.89,0.6550,0.6499,-0.6439,-0.6378,0.1263,0.1208,1.000,0.03500
744116.9711,582,TRACKING,382.4,252.6,331.4,380.2,204.3,153.6,-111.81,-111.41,128.90,128.96,119.29,119.56,-2.06,4.76,-6.89,0.6550,0.6499,-0.6439,-0.6378,0.1263,0.1208,1.000,0.03500
744117.0045,583,TRACKING,382.5,253.8,331.3,380.3,204.4,154.5,-112.03,-111.41,128.63,128.96,119.34,119.56,-2.06,4.76,-6.89,0.6550,0.6499,-0.6439,-0.6378,0.1263,0.1208,1.000,0.03500
744117.0379,584,TRACKING,382.7,255.6,331.2,382.1,204.7,154.9,-112.12,-111.41,128.75,128.96,119.12,119.56,-2.06,4.76,-6.89,0.6550,0.6499,-0.6439,-0.6378,0.1263,0.1208,1.000,0.03500
744117.0709,585,TRACKING,382.5,254.3,330.9,381.9,206.2,156.5,-112.00,-111.41,129.03,128.96,118.97,119.56,-2.06,4.76,-6.89,0.6550,0.6499,-0.6439,-0.6378,0.1263,0.1208,1.000,0.03500
744117.1042,586,TRACKING,382.5,254.3,330.9,381.9,206.2,156.5,-112.00,-111.41,129.03,128.96,118.97,119.56,-2.06,4.76,-6.89,0.6550,0.6499,-0.6439,-0.6378,0.1263,0.1208,1.000,0.03500
744117.1377,587,TRACKING,383.5,252.8,334.5,386.3,206.0,158.1,-110.14,-111.41,130.47,128.96,119.39,119.56,-2.06,4.76,-6.89,0.6550,0.6499,-0.6439,-0.6378,0.1263,0.1208,1.000,0.03500
744117.1717,588,TRACKING,383.4,252.6,336.1,387.9,204.9,160.0,-109.25,-111.41,130.81,129.39,119.94,119.56,-2.06,5.19,-6.89,0.6550,0.6499,-0.6479,-0.6418,0.1263,0.1208,1.000,0.03500
744117.2042,589,TRACKING,383.4,252.6,336.1,387.9,204.9,160.0,-109.25,-110.85,130.81,129.39,119.94,119.56,-1.50,5.19,-6.89,0.6401,0.6460,-0.6479,-0.6418,0.1263,0.1208,1.000,0.03500
744117.2376,590,TRACKING,384.8,255.1,337.7,390.2,205.2,160.8,-109.24,-110.40,130.75,129.82,120.01,119.56,-1.05,5.61,-6.89,0.6280,0.6388,-0.6518,-0.6458,0.1263,0.1208,1.000,0.03500
744117.2710,591,TRACKING,388.8,256.2,344.4,401.2,210.3,163.8,-107.02,-109.69,133.50,130.56,119.48,119.56,-0.34,6.36,-6.89,0.6091,0.6269,-0.6587,-0.6510,0.1263,0.1208,1.000,0.03500
744117.3046,592,TRACKING,388.8,256.2,344.4,401.2,210.3,163.8,-107.02,-109.01,133.50,131.30,119.48,119.56,0.34,7.09,-6.89,0.5911,0.6126,-0.6655,-0.6568,0.1263,0.1208,1.000,0.03500
744117.3382,593,TRACKING,380.7,255.8,344.9,392.2,212.7,166.7,-104.71,-108.11,134.92,132.12,120.37,119.56,1.24,7.92,-6.89,0.5669,0.5943,-0.6731,-0.6633,0.1263,0.1208,1.000,0.03500
744117.3709,594,TRACKING,380.7,255.8,344.9,392.2,212.7,166.7,-104.71,-107.25,134.92,132.85,120.37,119.56,2.10,8.65,-6.89,0.5441,0.5742,-0.6798,-0.6699,0.1263,0.1208,1.000,0.03500
744117.4042,595,TRACKING,380.8,254.3,348.8,395.4,220.8,167.1,-102.78,-106.24,137.94,133.92,119.28,119.56,3.11,9.71,-6.89,0.5171,0.5514,-0.6897,-0.6778,0.1263,0.1208,1.000,0.03500
744117.4375,596,TRACKING,380.8,254.3,348.8,395.4,220.8,167.1,-102.78,-105.33,137.94,134.93,119.28,119.56,4.02,10.73,-6.89,0.4929,0.5280,-0.6990,-0.6863,0.1263,0.1208,1.000,0.03500
744117.4710,597,TRACKING,385.0,259.0,356.8,405.9,237.1,177.6,-100.86,-104.29,141.48,136.33,117.66,119.56,5.05,12.13,-6.89,0.4652,0.5029,-0.7120,-0.6966,0.1263,0.1208,1.000,0.03500
744117.5062,598,TRACKING,385.0,259.0,356.8,405.9,237.1,177.6,-100.86,-103.38,141.48,137.64,117.66,119.10,5.97,13.44,-7.35,0.4408,0.4780,-0.7241,-0.7076,0.1348,0.1264,1.000,0.03500
744117.5410,599,TRACKING,385.0,259.0,356.8,405.9,237.1,177.6,-100.86,-102.65,141.48,138.72,117.66,119.10,6.69,14.52,-7.35,0.4215,0.4554,-0.7340,-0.7181,0.1348,0.1298,1.000,0.03500
744117.5712,600,TRACKING,387.8,263.8,367.7,411.1,248.3,185.5,-97.75,-101.62,144.35,139.99,117.90,119.10,7.72,15.79,-7.35,0.3940,0.4309,-0.7457,-0.7292,0.1348,0.1298,1.000,0.03500
744117.6044,601,TRACKING,387.8,263.8,367.7,411.1,248.3,185.5,-97.75,-100.64,144.35,141.13,117.90,119.10,8.70,16.93,-7.35,0.3679,0.4057,-0.7563,-0.7400,0.1348,0.1298,1.000,0.03500
744117.6376,602,TRACKING,387.8,263.8,367.7,411.1,248.3,185.5,-97.75,-99.84,144.35,142.05,117.90,119.10,9.51,17.84,-7.35,0.3464,0.3820,-0.7647,-0.7499,0.1348,0.1298,1.000,0.03500
744117.6711,603,TRACKING,394.5,261.3,379.7,412.1,268.3,199.7,-95.59,-98.87,146.73,143.11,117.68,118.65,10.47,18.91,-7.80,0.3207,0.3575,-0.7746,-0.7598,0.1431,0.1351,1.000,0.03500
744117.7042,604,TRACKING,394.5,261.3,379.7,412.1,268.3,199.7,-95.59,-98.01,146.73,144.07,117.68,118.65,11.34,19.87,-7.80,0.2977,0.3336,-0.7834,-0.7692,0.1431,0.1351,1.000,0.03500
744117.7379,605,TRACKING,390.4,263.1,373.0,416.7,277.7,204.2,-96.48,-97.46,149.37,145.23,114.15,117.78,11.89,21.03,-8.67,0.2830,0.3133,-0.7941,-0.7792,0.1589,0.1446,1.000,0.03500
744117.7709,606,TRACKING,390.4,263.1,373.0,416.7,277.7,204.2,-96.48,-97.46,149.37,146.29,114.15,116.90,11.89,22.09,-9.55,0.2830,0.3012,-0.8039,-0.7891,0.1750,0.1568,1.000,0.03500
744117.8043,607,TRACKING,383.9,266.8,371.9,409.9,280.6,207.8,-94.80,-96.86,150.88,147.38,114.31,116.19,12.49,23.18,-10.26,0.2670,0.2875,-0.8140,-0.7990,0.1881,0.1693,1.000,0.03500
744117.8378,608,TRACKING,383.9,266.8,371.9,409.9,280.6,207.8,-94.80,-96.32,150.88,148.32,114.31,115.64,13.03,24.12,-10.81,0.2527,0.2736,-0.8226,-0.8085,0.1982,0.1809,1.000,0.03500
744117.8712,609,TRACKING,389.9,261.2,374.9,415.8,287.5,208.7,-95.56,-96.32,151.56,149.16,112.87,115.01,13.03,24.96,-11.44,0.2527,0.2652,-0.8304,-0.8172,0.2098,0.1924,1.000,0.03500
744117.9042,610,TRACKING,389.9,261.2,374.9,415.8,287.5,208.7,-95.56,-96.32,151.56,149.84,112.87,114.45,13.03,25.64,-12.00,0.2527,0.2602,-0.8367,-0.8250,0.2201,0.2035,1.000,0.03500
744117.9381,611,TRACKING,384.3,265.2,372.3,414.0,289.1,210.0,-94.59,-95.89,153.21,150.61,112.20,113.89,13.46,26.41,-12.56,0.2412,0.2526,-0.8438,-0.8325,0.2302,0.2142,1.000,0.03500
744117.9711,612,TRACKING,384.3,265.2,372.3,414.0,289.1,210.0,-94.59,-95.89,153.21,151.29,112.20,113.43,13.46,27.09,-13.02,0.2412,0.2480,-0.8501,-0.8395,0.2387,0.2240,1.000,0.03500
744118.0044,613,TRACKING,392.3,262.8,373.5,418.8,292.2,210.9,-96.86,-95.89,151.79,151.29,111.35,112.93,13.46,27.09,-13.52,0.2412,0.2480,-0.8501,-0.8438,0.2478,0.2335,1.000,0.03500
744118.0376,614,TRACKING,392.3,262.8,373.5,418.8,292.2,210.9,-96.86,-95.89,151.79,151.29,111.35,112.51,13.46,27.09,-13.94,0.2412,0.2480,-0.8501,-0.8438,0.2556,0.2424,1.000,0.03500
744118.0731,615,TRACKING,391.0,264.1,373.3,419.2,293.2,213.1,-96.50,-95.89,152.27,151.29,111.23,112.51,13.46,27.09,-13.94,0.2412,0.2480,-0.8501,-0.8438,0.2556,0.2477,1.000,0.03500
744118.1043,616,TRACKING,391.0,264.1,373.3,419.2,293.2,213.1,-96.50,-95.89,152.27,151.29,111.23,112.51,13.46,27.09,-13.94,0.2412,0.2480,-0.8501,-0.8438,0.2556,0.2477,1.000,0.03500
744118.1377,617,TRACKING,384.6,264.9,375.8,415.1,293.7,212.5,-93.34,-95.89,154.61,151.98,112.05,112.51,13.46,27.78,-13.94,0.2412,0.2480,-0.8564,-0.8488,0.2556,0.2477,1.000,0.03500
744118.1709,618,TRACKING,384.6,264.9,375.8,415.1,293.7,212.5,-93.34,-95.34,154.61,152.64,112.05,112.51,14.01,28.43,-13.94,0.2263,0.2393,-0.8625,-0.8543,0.2556,0.2477,1.000,0.03500
744118.2042,619,TRACKING,383.9,266.9,373.0,415.4,291.5,212.0,-94.20,-95.34,153.96,153.08,111.84,112.51,14.01,28.88,-13.94,0.2263,0.2341,-0.8666,-0.8592,0.2556,0.2477,1.000,0.03500
744118.2383,620,TRACKING,383.9,267.2,373.7,417.3,293.0,213.7,-93.90,-94.90,154.47,153.08,111.62,112.51,14.45,28.88,-13.94,0.2148,0.2264,-0.8666,-0.8592,0.2556,0.2477,1.000,0.03500
744118.2711,621,TRACKING,383.9,267.2,373.7,417.3,293.0,213.7,-93.90,-94.90,154.47,153.51,111.62,112.51,14.45,29.31,-13.94,0.2148,0.2218,-0.8705,-0.8637,0.2556,0.2477,1.000,0.03500
744118.3086,622,TRACKING,383.9,267.3,372.9,417.5,295.3,215.3,-94.20,-94.90,154.80,153.51,111.00,112.51,14.45,29.31,-13.94,0.2148,0.2218,-0.8705,-0.8637,0.2556,0.2477,1.000,0.03500
744118.3376,623,TRACKING,383.9,267.3,372.9,417.5,295.3,215.3,-94.20,-94.90,154.80,153.51,111.00,112.05,14.45,29.31,-14.40,0.2148,0.2218,-0.8705,-0.8637,0.2640,0.2542,1.000,0.03500
744118.3718,624,TRACKING,390.0,265.4,374.8,422.7,296.1,212.8,-95.55,-94.90,153.90,153.51,110.55,112.05,14.45,29.31,-14.40,0.2148,0.2218,-0.8705,-0.8637,0.2640,0.2581,1.000,0.03500
744118.4070,625,TRACKING,390.5,264.6,374.1,421.6,293.8,214.5,-95.98,-94.90,152.84,153.51,111.18,112.05,14.45,29.31,-14.40,0.2148,0.2218,-0.8705,-0.8637,0.2640,0.2581,1.000,0.03500
744118.4376,626,TRACKING,390.5,264.6,374.1,421.6,293.8,214.5,-95.98,-94.90,152.84,153.51,111.18,112.05,14.45,29.31,-14.40,0.2148,0.2218,-0.8705,-0.8637,0.2640,0.2581,1.000,0.03500
744118.4718,627,TRACKING,391.1,265.2,374.0,421.2,292.9,214.0,-96.24,-94.90,152.40,153.51,111.36,112.05,14.45,29.31,-14.40,0.2148,0.2218,-0.8705,-0.8637,0.2640,0.2581,1.000,0.03500
744118.5044,628,TRACKING,391.1,265.2,374.0,421.2,292.9,214.0,-96.24,-94.90,152.40,153.51,111.36,112.05,14.45,29.31,-14.40,0.2148,0.2218,-0.8705,-0.8637,0.2640,0.2581,1.000,0.03500
744118.5375,629,TRACKING,391.3,266.7,374.6,422.0,290.8,214.9,-96.17,-95.32,151.83,153.08,112.01,112.05,14.03,28.88,-14.40,0.2260,0.2218,-0.8666,-0.8637,0.2640,0.2581,1.000,0.03500
744118.5710,630,TRACKING,391.0,266.0,372.4,421.9,290.2,215.1,-96.83,-95.32,151.52,153.08,111.66,112.05,14.03,28.88,-14.40,0.2260,0.2218,-0.8666,-0.8637,0.2640,0.2581,1.000,0.03500
744118.6042,631,TRACKING,391.0,266.0,372.4,421.9,290.2,215.1,-96.83,-95.77,151.52,152.61,111.66,112.05,13.58,28.41,-14.40,0.2380,0.2283,-0.8623,-0.8637,0.2640,0.2581,1.000,0.03500
744118.6380,632,TRACKING,390.4,266.5,373.2,422.2,290.2,212.8,-96.28,-95.77,152.08,152.61,111.64,112.05,13.58,28.41,-14.40,0.2380,0.2321,-0.8623,-0.8637,0.2640,0.2581,1.000,0.03500
744118.6714,633,TRACKING,390.2,266.6,373.4,423.6,288.8,212.6,-96.11,-95.77,152.04,152.61,111.85,112.05,13.58,28.41,-14.40,0.2380,0.2321,-0.8623,-0.8637,0.2640,0.2581,1.000,0.03500
744118.7044,634,TRACKING,390.2,266.6,373.4,423.6,288.8,212.6,-96.11,-95.77,152.04,152.61,111.85,112.05,13.58,28.41,-14.40,0.2380,0.2321,-0.8623,-0.8637,0.2640,0.2581,1.000,0.03500
744118.7377,635,TRACKING,391.3,266.2,370.1,425.0,282.2,208.3,-97.60,-95.77,150.32,152.13,112.08,112.05,13.58,27.93,-14.40,0.2380,0.2321,-0.8578,-0.8637,0.2640,0.2581,1.000,0.03500
744118.7710,636,TRACKING,391.3,266.2,370.1,425.0,282.2,208.3,-97.60,-96.27,150.32,151.67,112.08,112.05,13.08,27.47,-14.40,0.2512,0.2398,-0.8536,-0.8597,0.2640,0.2581,1.000,0.03500
744118.8044,637,TRACKING,391.3,266.9,372.2,423.6,280.4,209.9,-96.97,-96.27,149.78,151.21,113.25,112.05,13.08,27.01,-14.40,0.2512,0.2443,-0.8493,-0.8555,0.2640,0.2581,1.000,0.03500
744118.8376,638,TRACKING,394.6,265.2,379.3,421.4,273.8,207.7,-95.60,-96.27,148.13,150.55,116.27,112.82,13.08,26.35,-13.63,0.2512,0.2443,-0.8432,-0.8506,0.2498,0.2548,1.000,0.03500
744118.8710,639,TRACKING,394.6,265.2,379.3,421.4,273.8,207.7,-95.60,-96.27,148.13,149.93,116.27,113.65,13.08,25.73,-12.81,0.2512,0.2443,-0.8375,-0.8453,0.2348,0.2468,1.000,0.03500
744118.9045,640,TRACKING,388.0,261.7,368.7,410.4,261.9,208.6,-97.38,-96.27,144.71,148.90,117.90,114.60,13.08,24.70,-11.85,0.2512,0.2443,-0.8280,-0.8384,0.2172,0.2350,1.000,0.03500
744118.9375,641,TRACKING,388.0,261.7,368.7,410.4,261.9,208.6,-97.38,-96.27,144.71,147.88,117.90,115.46,13.08,23.67,-10.99,0.2512,0.2443,-0.8185,-0.8305,0.2015,0.2216,1.000,0.03500
744118.9711,642,TRACKING,390.4,262.4,367.7,413.0,250.6,208.6,-98.59,-96.77,141.61,146.52,119.80,116.46,12.58,22.32,-9.99,0.2645,0.2524,-0.8060,-0.8207,0.1832,0.2062,1.000,0.03500
744119.0045,643,TRACKING,392.2,264.5,368.2,424.9,232.1,211.3,-98.51,-97.23,138.99,144.81,122.50,117.80,12.12,20.61,-8.65,0.2767,0.2621,-0.7902,-0.8085,0.1587,0.1872,1.000,0.03500
744119.0378,644,TRACKING,392.2,264.5,368.2,424.9,232.1,211.3,-98.51,-97.23,138.99,143.27,122.50,119.03,12.12,19.07,-7.43,0.2767,0.2680,-0.7760,-0.7955,0.1361,0.1668,1.000,0.03500
744119.0716,645,TRACKING,391.0,266.4,370.9,409.6,209.0,214.6,-97.99,-97.23,132.31,140.97,129.71,121.17,12.12,16.77,-5.28,0.2767,0.2715,-0.7548,-0.7792,0.0969,0.1388,1.000,0.03500
744119.1042,646,TRACKING,391.0,266.4,370.9,409.6,209.0,214.6,-97.99,-97.23,132.31,138.78,129.71,123.29,12.12,14.58,-3.17,0.2767,0.2715,-0.7345,-0.7614,0.0580,0.1065,1.000,0.03500
744119.1385,647,TRACKING,380.0,263.8,345.6,402.9,179.1,219.9,-103.87,-98.42,123.82,135.66,132.31,125.46,10.93,11.46,-0.99,0.3085,0.2863,-0.7058,-0.7391,0.0182,0.0712,1.000,0.03500
744119.1710,648,TRACKING,370.0,264.6,351.7,388.7,162.7,220.0,-98.39,-98.87,123.35,132.56,138.25,128.27,10.48,8.36,1.82,0.3206,0.3000,-0.6771,-0.7143,-0.0333,0.0294,1.000,0.03500
744119.2047,649,TRACKING,370.0,264.6,351.7,388.7,162.7,220.0,-98.39,-98.87,123.35,129.98,138.25,130.85,10.48,5.78,4.40,0.3206,0.3082,-0.6534,-0.6899,-0.0807,-0.0146,1.000,0.03500
744119.2376,650,TRACKING,375.3,266.1,352.6,385.8,155.3,224.8,-100.74,-98.87,118.46,127.25,140.79,133.35,10.48,3.05,6.90,0.3206,0.3132,-0.6281,-0.6652,-0.1265,-0.0594,1.000,0.03500
744119.2711,651,TRACKING,375.3,266.1,352.6,385.8,155.3,224.8,-100.74,-99.35,118.46,124.88,140.79,135.42,10.00,0.68,8.97,0.3333,0.3212,-0.6063,-0.6417,-0.1644,-0.1014,1.000,0.03500
744119.3042,652,TRACKING,373.4,267.3,340.3,376.4,140.2,227.5,-106.86,-100.65,109.79,121.72,143.35,137.40,8.70,-2.48,10.95,0.3680,0.3400,-0.5771,-0.6158,-0.2008,-0.1412,1.000,0.03500
744119.3382,653,TRACKING,373.4,267.3,340.3,376.4,140.2,227.5,-106.86,-102.08,109.79,118.72,143.35,139.05,7.27,-5.48,12.60,0.4061,0.3664,-0.5494,-0.5892,-0.2310,-0.1771,1.000,0.03500
744119.3710,654,TRACKING,377.3,262.5,332.6,354.4,131.2,230.7,-115.95,-104.64,95.62,114.17,148.43,141.09,4.71,-10.04,14.63,0.4744,0.4096,-0.5074,-0.5565,-0.2683,-0.2136,1.000,0.03500
744119.4042,655,TRACKING,377.3,262.5,332.6,354.4,131.2,230.7,-115.95,-107.30,95.62,109.65,148.43,142.96,2.05,-14.55,16.51,0.5454,0.4639,-0.4657,-0.5202,-0.3027,-0.2492,1.000,0.03500
744119.4380,656,TRACKING,376.5,263.4,329.4,354.8,130.1,233.2,-117.30,-109.81,94.09,105.59,148.61,144.52,-0.47,-18.61,18.07,0.6124,0.5233,-0.4282,-0.4834,-0.3312,-0.2820,1.000,0.03500
744119.4709,657,TRACKING,376.5,263.4,329.4,354.8,130.1,233.2,-117.30,-111.89,94.09,102.33,148.61,145.72,-2.54,-21.87,19.27,0.6678,0.5811,-0.3981,-0.4493,-0.3532,-0.3105,1.000,0.03500
744119.5070,658,TRACKING,375.5,260.6,331.3,354.7,129.2,234.1,-115.17,-113.15,95.66,100.11,149.17,146.69,-3.80,-24.09,20.24,0.7013,0.6292,-0.3776,-0.4206,-0.3711,-0.3347,1.000,0.03500
744119.5376,659,TRACKING,375.5,260.6,331.3,354.7,129.2,234.1,-115.17,-113.92,95.66,98.61,149.17,147.43,-4.57,-25.59,20.98,0.7218,0.6662,-0.3638,-0.3979,-0.3846,-0.3547,1.000,0.03500
744119.5713,660,TRACKING,375.3,260.3,330.3,356.0,127.1,234.3,-115.17,-114.39,95.76,97.63,149.08,147.95,-5.04,-26.57,21.50,0.7344,0.6935,-0.3547,-0.3806,-0.3942,-0.3705,1.000,0.03500
744119.6045,661,TRACKING,374.2,256.3,331.2,353.7,128.1,232.6,-113.84,-114.39,96.95,97.17,149.21,147.95,-5.04,-27.03,21.50,0.7344,0.7099,-0.3505,-0.3686,-0.3942,-0.3800,1.000,0.03500
744119.6377,662,TRACKING,374.2,256.3,331.2,353.7,128.1,232.6,-113.84,-114.39,96.95,97.17,149.21,147.95,-5.04,-27.03,21.50,0.7344,0.7197,-0.3505,-0.3614,-0.3942,-0.3857,1.000,0.03500
744119.6712,663,TRACKING,374.1,258.5,330.0,352.7,127.6,233.4,-115.06,-114.39,95.45,97.17,149.49,148.42,-5.04,-27.03,21.97,0.7344,0.7256,-0.3505,-0.3570,-0.4028,-0.3925,1.000,0.03500
744119.7043,664,TRACKING,376.5,259.0,318.9,370.4,126.8,232.3,-117.33,-114.94,98.38,97.17,144.29,147.94,-5.59,-27.03,21.49,0.7491,0.7350,-0.3505,-0.3570,-0.3939,-0.3925,1.000,0.03500
744119.7378,665,TRACKING,377.0,259.8,315.7,369.0,124.7,231.0,-119.31,-115.85,96.54,97.17,144.14,147.16,-6.50,-27.03,20.71,0.7734,0.7504,-0.3505,-0.3570,-0.3798,-0.3874,1.000,0.03500
744119.7711,666,TRACKING,377.0,259.8,315.7,369.0,124.7,231.0,-119.31,-116.73,96.54,97.17,144.14,146.41,-7.38,-27.03,19.96,0.7969,0.7690,-0.3505,-0.3570,-0.3660,-0.3788,1.000,0.03500
744119.8049,667,TRACKING,377.3,260.7,318.4,369.4,124.4,232.2,-118.47,-117.32,96.80,97.17,144.73,145.88,-7.97,-27.03,19.43,0.8126,0.7864,-0.3505,-0.3570,-0.3562,-0.3698,1.000,0.03500
744119.8388,668,TRACKING,375.8,258.9,319.8,368.7,122.6,230.2,-117.05,-117.32,98.04,97.17,144.91,145.88,-7.97,-27.03,19.43,0.8126,0.7969,-0.3505,-0.3570,-0.3562,-0.3643,1.000,0.03500
744119.8709,669,TRACKING,375.8,258.9,319.8,368.7,122.6,230.2,-117.05,-117.32,98.04,97.17,144.91,145.88,-7.97,-27.03,19.43,0.8126,0.8032,-0.3505,-0.3570,-0.3562,-0.3611,1.000,0.03500
744119.9046,670,TRACKING,377.7,260.5,317.7,370.3,123.3,231.6,-118.65,-117.32,96.88,97.17,144.47,145.88,-7.97,-27.03,19.43,0.8126,0.8069,-0.3505,-0.3570,-0.3562,-0.3611,1.000,0.03500
744119.9382,671,TRACKING,378.4,262.9,315.9,371.5,122.8,231.3,-119.94,-117.86,96.04,97.17,144.02,145.36,-8.52,-27.03,18.91,0.8271,0.8150,-0.3505,-0.3570,-0.3467,-0.3553,1.000,0.03500
744119.9713,672,TRACKING,378.0,261.9,315.3,369.5,123.3,231.6,-120.25,-118.43,95.43,97.17,144.32,145.36,-9.09,-27.03,18.91,0.8423,0.8259,-0.3505,-0.3570,-0.3467,-0.3519,1.000,0.03500
744120.0044,673,TRACKING,378.0,261.9,315.3,369.5,123.3,231.6,-120.25,-118.92,95.43,96.70,144.32,145.36,-9.58,-27.50,18.91,0.8554,0.8377,-0.3461,-0.3527,-0.3467,-0.3519,1.000,0.03500
744120.0379,674,TRACKING,369.7,261.7,317.9,360.9,123.0,230.6,-117.58,-118.92,96.17,96.70,146.25,145.36,-9.58,-27.50,18.91,0.8554,0.8448,-0.3461,-0.3527,-0.3467,-0.3519,1.000,0.03500
744120.0711,675,TRACKING,369.7,261.7,317.9,360.9,123.0,230.6,-117.58,-118.92,96.17,96.70,146.25,145.36,-9.58,-27.50,18.91,0.8554,0.8490,-0.3461,-0.3527,-0.3467,-0.3519,1.000,0.03500
744120.1045,676,TRACKING,369.5,260.1,314.6,360.0,119.7,232.8,-118.82,-118.92,94.31,96.19,146.87,145.36,-9.58,-28.01,18.91,0.8554,0.8490,-0.3415,-0.3482,-0.3467,-0.3519,1.000,0.03500
744120.1377,677,TRACKING,368.8,262.6,308.6,358.6,118.4,233.0,-122.12,-119.35,91.32,95.25,146.56,145.36,-10.00,-28.95,18.91,0.8667,0.8561,-0.3328,-0.3420,-0.3467,-0.3519,1.000,0.03500
744120.1709,678,TRACKING,368.8,262.6,308.6,358.6,118.4,233.0,-122.12,-119.94,91.32,94.29,146.56,145.36,-10.59,-29.91,18.91,0.8824,0.8666,-0.3239,-0.3348,-0.3467,-0.3519,1.000,0.03500
744120.2055,679,TRACKING,368.8,262.6,308.6,358.6,118.4,233.0,-122.12,-120.49,91.32,93.48,146.56,145.36,-11.14,-30.72,18.91,0.8972,0.8788,-0.3164,-0.3274,-0.3467,-0.3519,1.000,0.03500
744120.2375,680,TRACKING,368.8,262.6,308.6,358.6,118.4,233.0,-122.12,-120.95,91.32,92.85,146.56,145.36,-11.60,-31.35,18.91,0.9093,0.8910,-0.3106,-0.3207,-0.3467,-0.3519,1.000,0.03500
744120.2709,681,TRACKING,368.3,259.2,311.1,359.6,115.9,233.3,-119.67,-120.95,93.22,92.85,147.10,145.86,-11.60,-31.35,19.41,0.9093,0.8983,-0.3106,-0.3167,-0.3559,-0.3519,1.000,0.03500
744120.3044,682,TRACKING,368.3,259.2,311.1,359.6,115.9,233.3,-119.67,-120.95,93.22,92.85,147.10,145.86,-11.60,-31.35,19.41,0.9093,0.9027,-0.3106,-0.3167,-0.3559,-0.3519,1.000,0.03500
744120.3381,683,TRACKING,392.7,256.7,323.3,367.9,113.4,233.1,-122.00,-120.95,90.69,92.85,147.30,146.30,-11.60,-31.35,19.85,0.9093,0.9027,-0.3106,-0.3167,-0.3638,-0.3567,1.000,0.03500
744120.3719,684,TRACKING,392.7,256.7,323.3,367.9,113.4,233.1,-122.00,-120.95,90.69,92.30,147.30,146.30,-11.60,-31.90,19.85,0.9093,0.9027,-0.3055,-0.3122,-0.3638,-0.3567,1.000,0.03500
744120.4042,685,TRACKING,392.7,256.7,323.3,367.9,113.4,233.1,-122.00,-120.95,90.69,91.84,147.30,146.30,-11.60,-32.36,19.85,0.9093,0.9027,-0.3013,-0.3079,-0.3638,-0.3567,1.000,0.03500
744120.4376,686,TRACKING,391.2,257.2,318.5,368.3,109.8,232.3,-123.21,-121.46,89.88,91.37,146.91,146.30,-12.12,-32.83,19.85,0.9231,0.9109,-0.2969,-0.3035,-0.3638,-0.3567,1.000,0.03500
744120.4714,687,TRACKING,389.7,257.2,305.1,361.8,100.5,229.1,-128.93,-122.84,84.02,90.02,147.04,146.30,-13.49,-34.18,19.85,0.9598,0.9305,-0.2845,-0.2959,-0.3638,-0.3567,1.000,0.03500
744120.5044,688,TRACKING,389.7,257.2,305.1,361.8,100.5,229.1,-128.93,-124.30,84.02,88.59,147.04,146.30,-14.95,-35.61,19.85,0.9987,0.9578,-0.2713,-0.2861,-0.3638,-0.3567,1.000,0.03500
744120.5377,689,TRACKING,390.9,255.2,298.0,350.7,89.0,224.5,-134.21,-126.38,76.92,86.24,148.88,146.85,-17.04,-37.96,20.40,1.0543,0.9964,-0.2496,-0.2715,-0.3740,-0.3636,1.000,0.03500
744120.5710,690,TRACKING,390.9,255.2,298.0,350.7,89.0,224.5,-134.21,-128.36,76.92,83.93,148.88,147.37,-19.01,-40.27,20.91,1.1070,1.0406,-0.2283,-0.2542,-0.3834,-0.3715,1.000,0.03500
744120.6057,691,TRACKING,380.0,258.3,280.9,345.4,79.3,227.0,-138.71,-130.70,71.72,81.19,149.57,147.89,-21.35,-43.01,21.44,1.1693,1.0921,-0.2029,-0.2337,-0.3931,-0.3802,1.000,0.03500
744120.6375,692,TRACKING,380.0,258.3,280.9,345.4,79.3,227.0,-138.71,-132.80,71.72,78.71,149.57,148.34,-23.45,-45.49,21.89,1.2253,1.1454,-0.1801,-0.2123,-0.4014,-0.3886,1.000,0.03500
744120.6711,693,TRACKING,380.3,257.2,280.3,344.2,76.6,225.6,-138.96,-134.52,71.25,76.65,149.79,148.34,-25.17,-47.55,21.89,1.2712,1.1957,-0.1611,-0.1918,-0.4014,-0.3937,1.000,0.03500
744120.7043,694,TRACKING,379.5,255.7,279.9,341.5,72.6,225.3,-139.24,-135.88,70.02,74.87,150.74,148.93,-26.53,-49.33,22.48,1.3074,1.2404,-0.1446,-0.1729,-0.4122,-0.4011,1.000,0.03500
744120.7375,695,TRACKING,379.5,255.7,279.9,341.5,72.6,225.3,-139.24,-136.89,70.02,73.47,150.74,149.43,-27.54,-50.73,22.98,1.3345,1.2780,-0.1317,-0.1564,-0.4213,-0.4092,1.000,0.03500
744120.7710,696,TRACKING,379.0,253.2,279.6,338.3,70.3,225.9,-139.42,-137.65,68.82,72.23,151.76,149.98,-28.31,-51.97,23.52,1.3548,1.3087,-0.1203,-0.1420,-0.4313,-0.4180,1.000,0.03500
744120.8044,697,TRACKING,378.1,254.2,275.4,338.6,67.2,224.9,-140.57,-138.39,68.07,71.14,151.36,149.98,-29.04,-53.07,23.52,1.3743,1.3350,-0.1102,-0.1293,-0.4313,-0.4233,1.000,0.03500
744120.8382,698,TRACKING,378.1,254.2,275.4,338.6,67.2,224.9,-140.57,-138.99,68.07,70.26,151.36,150.42,-29.64,-53.94,23.97,1.3905,1.3572,-0.1021,-0.1184,-0.4395,-0.4298,1.000,0.03500
744120.8712,699,TRACKING,377.1,250.8,284.4,333.5,65.2,225.5,-138.27,-138.99,67.94,69.56,153.79,151.12,-29.64,-54.64,24.67,1.3905,1.3705,-0.0957,-0.1093,-0.4522,-0.4388,1.000,0.03500
744120.9042,700,TRACKING,377.1,250.8,284.4,333.5,65.2,225.5,-138.27,-138.99,67.94,69.05,153.79,151.79,-29.64,-55.15,25.34,1.3905,1.3785,-0.0909,-0.1020,-0.4646,-0.4491,1.000,0.03500
744120.9375,701,TRACKING,378.0,253.3,275.8,328.4,86.0,237.7,-143.68,-139.70,61.87,67.76,154.45,152.43,-30.36,-56.44,25.98,1.4095,1.3909,-0.0790,-0.0928,-0.4763,-0.4600,1.000,0.03500
744120.9710,702,TRACKING,378.0,253.3,275.8,328.4,86.0,237.7,-143.68,-140.59,61.87,66.37,154.45,152.97,-31.24,-57.83,26.52,1.4330,1.4078,-0.0662,-0.0821,-0.4862,-0.4705,1.000,0.03500
744121.0042,703,TRACKING,372.2,252.6,274.7,330.3,88.1,239.2,-141.44,-141.04,64.57,65.59,153.99,152.97,-31.69,-58.61,26.52,1.4450,1.4227,-0.0590,-0.0729,-0.4862,-0.4768,1.000,0.03500
744121.0376,704,TRACKING,371.5,254.7,264.5,326.3,87.4,236.4,-146.21,-142.02,60.69,64.53,153.11,152.97,-32.67,-59.68,26.52,1.4713,1.4421,-0.0492,-0.0634,-0.4862,-0.4806,1.000,0.03500
744121.0709,705,TRACKING,371.5,254.7,264.5,326.3,87.4,236.4,-146.21,-143.03,60.69,63.54,153.11,152.97,-33.69,-60.67,26.52,1.4983,1.4646,-0.0400,-0.0540,-0.4862,-0.4806,1.000,0.03500
744121.1048,706,TRACKING,373.3,257.1,258.7,312.1,60.6,223.8,-154.34,-145.17,49.70,60.99,155.97,153.54,-35.82,-63.21,27.09,1.5553,1.5009,-0.0165,-0.0390,-0.4966,-0.4870,1.000,0.03500
744121.1375,707,TRACKING,373.3,257.1,258.7,312.1,60.6,223.8,-154.34,-147.38,49.70,58.30,155.97,154.13,-38.03,-65.90,27.68,1.6142,1.5462,0.0000,-0.0234,-0.5074,-0.4951,1.000,0.03500
744121.1709,708,TRACKING,372.1,258.2,246.7,306.9,58.0,215.9,-158.81,-150.01,46.93,55.50,154.26,154.13,-40.66,-68.70,27.68,1.6843,1.6015,0.0000,-0.0141,-0.5074,-0.5001,1.000,0.03500
744121.2042,709,TRACKING,372.1,258.2,246.7,306.9,58.0,215.9,-158.81,-152.35,46.93,53.14,154.26,154.13,-43.00,-71.06,27.68,1.7467,1.6596,0.0000,-0.0084,-0.5074,-0.5001,1.000,0.03500
744121.2380,710,TRACKING,378.0,258.0,239.5,305.2,69.1,224.1,-161.20,-154.62,44.27,50.85,154.53,154.13,-45.28,-73.35,27.68,1.8074,1.7187,0.0000,-0.0051,-0.5074,-0.5001,1.000,0.03500
744121.2709,711,TRACKING,378.0,258.0,239.5,305.2,69.1,224.1,-161.20,-156.49,44.27,48.98,154.53,154.13,-47.14,-75.22,27.68,1.8570,1.7740,0.0000,-0.0051,-0.5074,-0.5001,1.000,0.03500
744121.3050,712,TRACKING,385.4,260.7,260.5,306.1,73.3,225.8,-160.03,-157.71,43.19,47.40,156.79,154.63,-48.36,-76.81,28.18,1.8896,1.8203,0.0000,-0.0051,-0.5167,-0.5067,1.000,0.03500
744121.3380,713,TRACKING,379.7,264.3,240.9,297.7,50.5,214.5,-166.46,-159.55,37.14,45.19,156.40,155.09,-50.20,-79.01,28.64,1.9386,1.8676,0.0000,-0.0051,-0.5251,-0.5141,1.000,0.03500
744121.3709,714,TRACKING,379.7,264.3,240.9,297.7,50.5,214.5,-166.46,-161.30,37.14,43.12,156.40,155.09,-51.95,-81.08,28.64,1.9854,1.9147,0.0000,-0.0051,-0.5251,-0.5185,1.000,0.03500
744121.4044,715,TRACKING,388.1,262.0,257.8,303.8,72.9,224.1,-162.22,-162.08,41.11,42.06,156.68,155.55,-52.73,-82.14,29.10,2.0061,1.9513,0.0000,-0.0051,-0.5334,-0.5245,1.000,0.03500
744121.4376,716,TRACKING,388.1,262.0,257.8,303.8,72.9,224.1,-162.22,-162.08,41.11,41.53,156.68,155.55,-52.73,-82.67,29.10,2.0061,1.9732,0.0000,-0.0051,-0.5334,-0.5281,1.000,0.03500
744121.4711,717,TRACKING,391.7,260.2,261.1,301.9,69.7,230.3,-162.28,-162.08,38.21,40.81,159.51,156.36,-52.73,-83.39,29.91,2.0061,1.9864,0.0000,-0.0051,-0.5484,-0.5362,1.000,0.03500
744121.5042,718,TRACKING,391.7,260.2,261.1,301.9,69.7,230.3,-162.28,-162.08,38.21,40.15,159.51,157.15,-52.73,-84.06,30.70,2.0061,1.9943,0.0000,-0.0051,-0.5628,-0.5468,1.000,0.03500
744121.5376,719,TRACKING,388.1,260.3,257.4,304.3,71.3,227.8,-161.40,-162.08,40.94,40.15,157.66,157.15,-52.73,-84.06,30.70,2.0061,1.9990,0.0000,-0.0051,-0.5628,-0.5532,1.000,0.03500
744121.5711,720,TRACKING,375.4,260.4,249.6,297.5,68.2,209.7,-163.57,-162.08,42.26,40.15,154.17,157.15,-52.73,-84.06,30.70,2.0061,1.9990,0.0000,-0.0051,-0.5628,-0.5571,1.000,0.03500
744121.6042,721,TRACKING,375.4,260.4,249.6,297.5,68.2,209.7,-163.57,-162.08,42.26,40.63,154.17,156.53,-52.73,-83.57,30.08,2.0061,1.9990,0.0000,-0.0051,-0.5515,-0.5571,1.000,0.03500
744121.6379,722,TRACKING,385.9,261.4,265.8,308.0,79.9,222.0,-158.79,-162.08,46.02,41.64,155.19,156.10,-52.73,-82.56,29.65,2.0061,1.9990,0.0000,-0.0051,-0.5436,-0.5517,1.000,0.03500
744121.6709,723,TRACKING,385.9,261.4,265.8,308.0,79.9,222.0,-158.79,-161.39,46.02,42.69,155.19,156.10,-52.04,-81.51,29.65,1.9878,1.9945,0.0000,-0.0051,-0.5436,-0.5484,1.000,0.03500
744121.7047,724,TRACKING,389.1,260.5,273.6,308.0,83.3,221.9,-157.65,-160.56,46.70,43.69,155.65,156.10,-51.22,-80.51,29.65,1.9658,1.9830,0.0000,-0.0051,-0.5436,-0.5484,1.000,0.03500
744121.7375,725,TRACKING,389.1,260.5,273.6,308.0,83.3,221.9,-157.65,-159.81,46.70,44.52,155.65,156.10,-50.47,-79.69,29.65,1.9457,1.9681,0.0000,-0.0051,-0.5436,-0.5484,1.000,0.03500
744121.7709,726,TRACKING,391.7,261.7,282.1,312.6,87.2,221.6,-155.12,-158.82,49.90,45.65,154.97,156.10,-49.47,-78.55,29.65,1.9192,1.9486,0.0000,-0.0051,-0.5436,-0.5484,1.000,0.03500
744121.8044,727,TRACKING,386.5,263.5,285.3,315.8,97.6,218.4,-152.66,-157.52,54.77,47.46,152.58,155.39,-48.18,-76.74,28.93,1.8847,1.9230,0.0000,-0.0051,-0.5305,-0.5413,1.000,0.03500
744121.8377,728,TRACKING,386.5,263.5,285.3,315.8,97.6,218.4,-152.66,-156.30,54.77,49.25,152.58,154.69,-46.96,-74.95,28.24,1.8521,1.8947,0.0000,-0.0051,-0.5177,-0.5318,1.000,0.03500
744121.8720,729,TRACKING,386.4,264.4,288.8,316.8,76.5,199.8,-151.75,-155.16,57.11,51.14,151.14,153.85,-45.81,-73.06,27.40,1.8217,1.8655,0.0000,-0.0051,-0.5024,-0.5200,1.000,0.03500
744121.9042,730,TRACKING,386.4,264.4,288.8,316.8,76.5,199.8,-151.75,-154.22,57.11,52.77,151.14,153.12,-44.87,-71.44,26.67,1.7965,1.8379,0.0000,-0.0051,-0.4889,-0.5076,1.000,0.03500
744121.9389,731,TRACKING,403.5,249.6,310.6,324.7,81.1,199.5,-141.05,-151.75,67.56,55.74,151.40,152.58,-42.40,-68.46,26.13,1.7307,1.7950,0.0000,-0.0051,-0.4791,-0.4962,1.000,0.03500
744121.9712,732,TRACKING,403.5,249.6,310.6,324.7,81.1,199.5,-141.05,-149.16,67.56,58.69,151.40,152.58,-39.81,-65.51,26.13,1.6616,1.7416,0.0000,-0.0051,-0.4791,-0.4893,1.000,0.03500
744122.0045,733,TRACKING,403.5,250.5,317.4,327.4,85.2,199.4,-138.24,-146.52,70.63,61.62,151.13,152.14,-37.17,-62.58,25.69,1.5912,1.6815,-0.0223,-0.0120,-0.4710,-0.4820,1.000,0.03500
744122.0375,734,TRACKING,403.5,250.5,317.4,327.4,85.2,199.4,-138.24,-144.27,70.63,64.09,151.13,152.14,-34.92,-60.11,25.69,1.5312,1.6214,-0.0451,-0.0252,-0.4710,-0.4776,1.000,0.03500
744122.0711,735,TRACKING,404.9,253.2,324.0,333.7,94.3,200.8,-135.15,-142.03,74.90,66.67,149.95,151.62,-32.68,-57.53,25.17,1.4716,1.5614,-0.0690,-0.0427,-0.4615,-0.4712,1.000,0.03500
744122.1052,736,TRACKING,374.3,267.3,324.4,330.5,112.0,204.1,-128.24,-139.35,82.51,69.80,149.24,151.07,-30.00,-54.40,24.62,1.4000,1.4969,-0.0978,-0.0648,-0.4513,-0.4632,1.000,0.03500
744122.1382,737,TRACKING,374.3,267.3,324.4,330.5,112.0,204.1,-128.24,-136.75,82.51,72.81,149.24,150.59,-27.40,-51.39,24.13,1.3306,1.4304,-0.1256,-0.0891,-0.4425,-0.4549,1.000,0.03500
744122.1709,738,TRACKING,374.3,267.3,324.4,330.5,112.0,204.1,-128.24,-134.51,82.51,75.38,149.24,150.59,-25.16,-48.82,24.13,1.2710,1.3666,-0.1494,-0.1132,-0.4425,-0.4499,1.000,0.03500
744122.2044,739,TRACKING,382.8,273.5,344.1,343.3,130.6,208.2,-119.02,-131.35,93.28,79.05,147.70,149.92,-22.00,-45.15,23.47,1.1866,1.2946,-0.1832,-0.1412,-0.4302,-0.4421,1.000,0.03500
744122.2378,740,TRACKING,390.3,267.9,357.2,352.1,151.2,208.2,-111.44,-126.97,103.48,84.33,145.08,148.92,-17.62,-39.87,22.47,1.0698,1.2047,-0.2319,-0.1775,-0.4119,-0.4300,1.000,0.03500
744122.2711,741,TRACKING,390.3,267.9,357.2,352.1,151.2,208.2,-111.44,-122.91,103.48,89.29,145.08,147.95,-13.56,-34.91,21.50,0.9616,1.1074,-0.2777,-0.2176,-0.3942,-0.4157,1.000,0.03500
744122.3060,742,TRACKING,391.5,261.1,373.6,362.2,169.0,209.3,-100.07,-117.63,116.72,95.62,143.22,146.86,-8.28,-28.58,20.41,0.8209,0.9928,-0.3362,-0.2650,-0.3742,-0.3991,1.000,0.03500
744122.3375,743,TRACKING,391.5,261.1,373.6,362.2,169.0,209.3,-100.07,-112.89,116.72,101.32,143.22,145.89,-3.54,-22.88,19.44,0.6945,0.8735,-0.3888,-0.3145,-0.3564,-0.3820,1.000,0.03500
744122.3709,744,TRACKING,397.0,266.5,368.8,373.8,177.9,210.9,-104.70,-109.91,115.77,105.64,139.53,144.55,-0.56,-18.56,18.10,0.6149,0.7700,-0.4287,-0.3602,-0.3318,-0.3619,1.000,0.03500
744122.4042,745,TRACKING,399.1,264.5,384.2,368.1,190.9,210.7,-98.17,-106.98,120.98,109.62,140.85,143.49,2.37,-14.58,17.04,0.5368,0.6767,-0.4654,-0.4023,-0.3123,-0.3421,1.000,0.03500
744122.4375,746,TRACKING,399.1,264.5,384.2,368.1,190.9,210.7,-98.17,-104.54,120.98,112.84,140.85,142.69,4.81,-11.36,16.24,0.4717,0.5947,-0.4951,-0.4394,-0.2978,-0.3244,1.000,0.03500
744122.4710,747,TRACKING,405.0,266.4,380.5,390.5,205.5,207.5,-101.17,-103.16,125.10,115.92,133.73,140.99,6.19,-8.28,14.54,0.4349,0.5308,-0.5236,-0.4731,-0.2665,-0.3012,1.000,0.03500
744122.5042,748,TRACKING,405.0,266.4,380.5,390.5,205.5,207.5,-101.17,-102.35,125.10,118.47,133.73,139.23,6.99,-5.73,12.78,0.4135,0.4839,-0.5471,-0.5027,-0.2343,-0.2745,1.000,0.03500
744122.5379,749,TRACKING,409.6,274.7,386.0,399.1,217.4,204.1,-100.74,-101.81,128.42,120.96,130.84,137.27,7.53,-3.24,10.82,0.3991,0.4500,-0.5701,-0.5297,-0.1984,-0.2440,1.000,0.03500
744122.5711,750,TRACKING,417.4,267.2,391.1,412.8,222.4,201.3,-100.21,-101.36,131.22,123.51,128.57,135.17,7.99,-0.69,8.72,0.3869,0.4247,-0.5936,-0.5552,-0.1599,-0.2104,1.000,0.03500
744122.6054,751,TRACKING,417.4,267.2,391.1,412.8,222.4,201.3,-100.21,-101.36,131.22,125.65,128.57,133.37,7.99,1.45,6.92,0.3869,0.4096,-0.6134,-0.5785,-0.1269,-0.1770,1.000,0.03500
744122.6387,752,TRACKING,416.7,267.2,387.7,408.4,230.3,199.2,-101.61,-101.36,131.43,127.32,126.96,131.72,7.99,3.12,5.27,0.3869,0.4005,-0.6288,-0.5986,-0.0966,-0.1448,1.000,0.03500
744122.6709,753,TRACKING,416.7,267.2,387.7,408.4,230.3,199.2,-101.61,-101.36,131.43,128.56,126.96,130.38,7.99,4.36,3.93,0.3869,0.3951,-0.6403,-0.6153,-0.0721,-0.1157,1.000,0.03500
744122.7048,754,TRACKING,420.6,265.7,398.5,414.7,235.4,195.3,-98.44,-100.86,134.93,130.03,126.62,129.31,8.49,5.83,2.86,0.3737,0.3865,-0.6538,-0.6307,-0.0523,-0.0904,1.000,0.03500
744122.7375,755,TRACKING,420.6,265.7,398.5,414.7,235.4,195.3,-98.44,-100.30,134.93,131.33,126.62,128.50,9.05,7.13,2.05,0.3588,0.3754,-0.6658,-0.6447,-0.0375,-0.0692,1.000,0.03500
744122.7711,756,TRACKING,419.9,265.1,400.9,414.7,237.2,193.1,-97.23,-99.61,136.31,132.58,126.46,127.89,9.73,8.38,1.44,0.3404,0.3614,-0.6774,-0.6578,-0.0263,-0.0521,1.000,0.03500
744122.8049,757,TRACKING,418.1,267.0,399.9,415.5,241.2,192.1,-96.99,-98.95,137.62,133.83,125.39,127.28,10.39,9.62,0.82,0.3228,0.3460,-0.6888,-0.6702,-0.0151,-0.0373,1.000,0.03500
744122.8375,758,TRACKING,418.1,267.0,399.9,415.5,241.2,192.1,-96.99,-98.41,137.62,134.87,125.39,126.76,10.94,10.67,0.31,0.3083,0.3309,-0.6985,-0.6815,-0.0057,-0.0246,1.000,0.03500
744122.8719,759,TRACKING,416.0,267.0,399.8,418.8,242.7,190.3,-96.06,-97.84,139.42,135.96,124.51,126.22,11.51,11.76,-0.23,0.2932,0.3158,-0.7086,-0.6923,0.0042,-0.0131,1.000,0.03500
744122.9042,760,TRACKING,416.0,267.0,399.8,418.8,242.7,190.3,-96.06,-97.36,139.42,136.90,124.51,125.76,11.99,12.70,-0.69,0.2803,0.3016,-0.7172,-0.7023,0.0127,-0.0028,1.000,0.03500
744122.9378,761,TRACKING,415.9,266.7,399.1,417.5,244.9,189.7,-96.37,-97.36,139.54,137.65,124.09,125.33,11.99,13.45,-1.12,0.2803,0.2931,-0.7242,-0.7110,0.0205,0.0066,1.000,0.03500
744122.9711,762,TRACKING,415.9,266.7,399.1,417.5,244.9,189.7,-96.37,-97.36,139.54,138.22,124.09,125.33,11.99,14.02,-1.12,0.2803,0.2880,-0.7294,-0.7184,0.0205,0.0121,1.000,0.03500
744123.0042,763,TRACKING,415.9,266.7,399.1,417.5,244.9,189.7,-96.37,-97.36,139.54,138.22,124.09,125.33,11.99,14.02,-1.12,0.2803,0.2880,-0.7294,-0.7228,0.0205,0.0155,1.000,0.03500
744123.0387,764,TRACKING,415.3,265.8,398.9,418.7,244.9,189.9,-96.11,-97.36,139.95,138.72,123.94,124.90,11.99,14.51,-1.55,0.2803,0.2880,-0.7340,-0.7273,0.0284,0.0207,1.000,0.03500
744123.0709,765,TRACKING,415.3,265.8,398.9,418.7,244.9,189.9,-96.11,-97.36,139.95,138.72,123.94,124.90,11.99,14.51,-1.55,0.2803,0.2880,-0.7340,-0.7273,0.0284,0.0207,1.000,0.03500
744123.1044,766,TRACKING,415.8,265.9,398.7,420.0,246.4,190.2,-96.30,-97.36,140.17,139.15,123.53,124.90,11.99,14.95,-1.55,0.2803,0.2880,-0.7380,-0.7315,0.0284,0.0207,1.000,0.03500
744123.1378,767,TRACKING,415.8,265.9,398.7,420.0,246.4,190.2,-96.30,-97.36,140.17,139.15,123.53,124.47,11.99,14.95,-1.98,0.2803,0.2880,-0.7380,-0.7315,0.0363,0.0269,1.000,0.03500
744123.1715,768,TRACKING,416.1,265.4,399.4,421.7,245.3,190.6,-96.13,-97.36,140.18,139.15,123.68,124.47,11.99,14.95,-1.98,0.2803,0.2880,-0.7380,-0.7315,0.0363,0.0306,1.000,0.03500
744123.2045,769,TRACKING,416.1,265.4,399.4,421.7,245.3,190.6,-96.13,-97.36,140.18,139.15,123.68,124.47,11.99,14.95,-1.98,0.2803,0.2880,-0.7380,-0.7315,0.0363,0.0306,1.000,0.03500
744123.2375,770,TRACKING,416.8,266.1,399.5,421.6,245.8,192.0,-96.32,-97.36,139.87,139.15,123.81,124.47,11.99,14.95,-1.98,0.2803,0.2880,-0.7380,-0.7315,0.0363,0.0306,1.000,0.03500
744123.2718,771,TRACKING,414.7,266.5,400.5,422.2,249.6,195.9,-95.23,-96.81,141.07,139.62,123.70,124.47,12.54,15.42,-1.98,0.2656,0.2790,-0.7423,-0.7359,0.0363,0.0306,1.000,0.03500
744123.3042,772,TRACKING,414.7,266.5,400.5,422.2,249.6,195.9,-95.23,-96.36,141.07,139.62,123.70,124.47,12.99,15.42,-1.98,0.2537,0.2689,-0.7423,-0.7359,0.0363,0.0306,1.000,0.03500
744123.3378,773,TRACKING,415.3,267.3,403.6,424.9,250.7,197.3,-94.25,-95.87,141.86,140.19,123.89,124.47,13.48,15.99,-1.98,0.2406,0.2576,-0.7476,-0.7406,0.0363,0.0306,1.000,0.03500
744123.3709,774,TRACKING,415.3,267.3,403.6,424.9,250.7,197.3,-94.25,-95.44,141.86,140.66,123.89,124.47,13.91,16.46,-1.98,0.2291,0.2462,-0.7519,-0.7451,0.0363,0.0306,1.000,0.03500
744123.4046,775,TRACKING,415.3,267.8,404.3,425.4,253.7,200.2,-93.99,-95.44,142.23,140.66,123.78,124.47,13.91,16.46,-1.98,0.2291,0.2393,-0.7519,-0.7451,0.0363,0.0306,1.000,0.03500
744123.4377,776,TRACKING,415.3,267.8,404.3,425.4,253.7,200.2,-93.99,-95.00,142.23,141.13,123.78,124.47,14.35,16.93,-1.98,0.2174,0.2305,-0.7563,-0.7496,0.0363,0.0306,1.000,0.03500
744123.4727,777,TRACKING,416.5,268.5,405.3,428.6,257.5,200.7,-94.02,-95.00,143.03,141.60,122.95,124.47,14.35,17.40,-1.98,0.2174,0.2253,-0.7606,-0.7540,0.0363,0.0306,1.000,0.03500
744123.5048,778,TRACKING,414.0,268.2,397.5,416.6,260.4,199.7,-96.33,-95.00,141.36,141.60,122.31,123.94,14.35,17.40,-2.52,0.2174,0.2253,-0.7606,-0.7540,0.0461,0.0368,1.000,0.03500
744123.5378,779,TRACKING,414.0,268.2,397.5,416.6,260.4,199.7,-96.33,-95.00,141.36,141.60,122.31,123.49,14.35,17.40,-2.96,0.2174,0.2253,-0.7606,-0.7540,0.0543,0.0438,1.000,0.03500
744123.5710,780,TRACKING,412.1,267.4,399.4,417.5,263.5,200.6,-94.81,-95.00,143.11,141.60,122.07,123.49,14.35,17.40,-2.96,0.2174,0.2253,-0.7606,-0.7540,0.0543,0.0480,1.000,0.03500
744123.6042,781,TRACKING,412.1,267.4,399.4,417.5,263.5,200.6,-94.81,-95.00,143.11,141.60,122.07,123.06,14.35,17.40,-3.39,0.2174,0.2253,-0.7606,-0.7540,0.0622,0.0537,1.000,0.03500
744123.6378,782,TRACKING,413.2,266.9,407.2,422.9,272.8,200.9,-92.19,-94.56,146.62,142.61,121.19,122.61,14.79,18.41,-3.84,0.2057,0.2174,-0.7699,-0.7604,0.0705,0.0604,1.000,0.03500
744123.6711,783,TRACKING,413.2,266.9,407.2,422.9,272.8,200.9,-92.19,-94.03,146.62,143.61,121.19,122.61,15.32,19.40,-3.84,0.1914,0.2070,-0.7791,-0.7679,0.0705,0.0644,1.000,0.03500
744123.7049,784,TRACKING,417.3,267.2,407.0,431.1,283.9,204.3,-93.59,-94.03,147.93,144.64,118.49,121.75,15.32,20.44,-4.70,0.1914,0.2008,-0.7886,-0.7762,0.0862,0.0731,1.000,0.03500
744123.7379,785,TRACKING,417.3,267.2,407.0,431.1,283.9,204.3,-93.59,-94.03,147.93,145.52,118.49,120.93,15.32,21.32,-5.52,0.1914,0.1970,-0.7968,-0.7844,0.1013,0.0844,1.000,0.03500
744123.7712,786,TRACKING,419.9,269.6,407.1,432.2,289.8,207.4,-94.49,-94.03,147.96,146.22,117.55,120.10,15.32,22.02,-6.35,0.1914,0.1970,-0.8033,-0.7920,0.1163,0.0972,1.000,0.03500
744123.8042,787,TRACKING,419.9,269.6,407.1,432.2,289.8,207.4,-94.49,-94.03,147.96,146.74,117.55,119.41,15.32,22.54,-7.04,0.1914,0.1970,-0.8081,-0.7984,0.1291,0.1099,1.000,0.03500
744123.8379,788,TRACKING,415.5,271.5,409.6,436.4,298.5,209.8,-92.03,-94.03,151.85,147.74,116.12,118.64,15.32,23.53,-7.81,0.1914,0.1970,-0.8172,-0.8059,0.1431,0.1232,1.000,0.03500
744123.8709,789,TRACKING,415.5,271.5,409.6,436.4,298.5,209.8,-92.03,-93.55,151.85,148.74,116.12,117.97,15.80,24.54,-8.48,0.1788,0.1897,-0.8265,-0.8142,0.1554,0.1361,1.000,0.03500
744123.9049,790,TRACKING,420.1,283.0,409.1,436.4,298.0,212.1,-94.12,-93.55,149.53,149.23,116.34,117.48,15.80,25.03,-8.97,0.1788,0.1853,-0.8310,-0.8209,0.1645,0.1475,1.000,0.03500
744123.9375,791,TRACKING,420.1,283.0,409.1,436.4,298.0,212.1,-94.12,-93.55,149.53,149.23,116.34,117.48,15.80,25.03,-8.97,0.1788,0.1853,-0.8310,-0.8250,0.1645,0.1543,1.000,0.03500
744123.9714,792,TRACKING,409.7,284.1,412.4,435.4,330.9,218.9,-89.00,-92.87,160.38,151.05,110.62,116.24,16.48,26.85,-10.21,0.1606,0.1755,-0.8479,-0.8341,0.1872,0.1674,1.000,0.03500
744124.0044,793,TRACKING,409.7,284.1,412.4,435.4,330.9,218.9,-89.00,-92.02,160.38,153.16,110.62,114.93,17.32,28.96,-11.52,0.1380,0.1605,-0.8673,-0.8474,0.2113,0.1850,1.000,0.03500
744124.0389,794,TRACKING,416.8,282.5,422.8,438.8,340.8,223.6,-87.78,-91.05,161.36,155.21,110.86,113.82,18.30,31.00,-12.63,0.1120,0.1411,-0.8862,-0.8629,0.2315,0.2036,1.000,0.03500
744124.0710,795,TRACKING,416.8,282.5,422.8,438.8,340.8,223.6,-87.78,-90.18,161.36,156.91,110.86,112.96,19.17,32.71,-13.49,0.0889,0.1202,-0.9019,-0.8785,0.2473,0.2211,1.000,0.03500
744124.1044,796,TRACKING,423.0,286.4,427.7,436.2,354.1,235.0,-88.19,-89.56,161.71,158.26,110.10,112.21,19.79,34.06,-14.24,0.0723,0.1010,-0.9144,-0.8929,0.2611,0.2371,1.000,0.03500
744124.1378,797,TRACKING,425.6,288.9,435.2,430.9,362.5,243.0,-86.14,-88.81,162.70,159.44,111.16,111.78,20.54,35.24,-14.68,0.0523,0.0816,-0.9252,-0.9058,0.2690,0.2499,1.000,0.03500
744124.1726,798,TRACKING,425.6,288.9,435.2,430.9,362.5,243.0,-86.14,-88.13,162.70,160.37,111.16,111.78,21.22,36.17,-14.68,0.0341,0.0626,-0.9338,-0.9170,0.2690,0.2575,1.000,0.03500
744124.2047,799,TRACKING,427.4,285.6,438.0,433.5,366.3,245.4,-85.92,-87.53,163.23,161.15,110.85,111.78,21.81,36.95,-14.68,0.0183,0.0449,-0.9411,-0.9267,0.2690,0.2621,1.000,0.03500
744124.2377,800,TRACKING,427.4,285.6,438.0,433.5,366.3,245.4,-85.92,-87.07,163.23,161.76,110.85,111.78,22.28,37.56,-14.68,0.0058,0.0292,-0.9467,-0.9347,0.2690,0.2621,1.000,0.03500
744124.2717,801,TRACKING,428.1,287.1,437.4,437.2,370.3,250.7,-86.46,-87.07,163.75,162.29,109.79,111.30,22.28,38.09,-15.15,0.0058,0.0199,-0.9516,-0.9414,0.2778,0.2684,1.000,0.03500
744124.3042,802,TRACKING,428.1,287.1,437.4,437.2,370.3,250.7,-86.46,-87.07,163.75,162.29,109.79,111.30,22.28,38.09,-15.15,0.0058,0.0143,-0.9516,-0.9455,0.2778,0.2722,1.000,0.03500
744124.3382,803,TRACKING,429.2,287.3,439.0,438.7,371.4,251.3,-86.30,-87.07,163.86,162.77,109.84,110.84,22.28,38.57,-15.61,0.0058,0.0109,-0.9560,-0.9497,0.2861,0.2777,1.000,0.03500
744124.3709,804,TRACKING,429.2,287.3,439.0,438.7,371.4,251.3,-86.30,-87.07,163.86,162.77,109.84,110.84,22.28,38.57,-15.61,0.0058,0.0109,-0.9560,-0.9497,0.2861,0.2811,1.000,0.03500
744124.4042,805,TRACKING,431.0,285.4,459.2,441.7,373.4,252.8,-79.77,-85.75,165.80,163.45,114.43,110.84,23.60,39.25,-15.61,0.0000,0.0065,-0.9623,-0.9547,0.2861,0.2811,1.000,0.03500
744124.4381,806,TRACKING,431.0,285.4,459.2,441.7,373.4,252.8,-79.77,-84.32,165.80,164.06,114.43,111.64,25.03,39.86,-14.81,0.0000,0.0065,-0.9680,-0.9600,0.2716,0.2773,1.000,0.03500
744124.4714,807,TRACKING,428.9,286.2,449.6,443.7,372.4,255.0,-82.49,-83.53,165.24,164.06,112.27,111.64,25.82,39.86,-14.81,0.0000,0.0065,-0.9680,-0.9600,0.2716,0.2773,1.000,0.03500
744124.5047,808,TRACKING,430.6,286.4,448.7,441.7,371.4,257.3,-83.35,-83.53,163.90,164.06,112.75,111.64,25.82,39.86,-14.81,0.0000,0.0065,-0.9680,-0.9600,0.2716,0.2773,1.000,0.03500
744124.5375,809,TRACKING,430.6,286.4,448.7,441.7,371.4,257.3,-83.35,-83.53,163.90,164.06,112.75,111.64,25.82,39.86,-14.81,0.0000,0.0065,-0.9680,-0.9600,0.2716,0.2773,1.000,0.03500
744124.5709,810,TRACKING,431.5,288.2,447.4,442.7,370.4,259.2,-84.13,-83.53,163.12,164.06,112.75,111.64,25.82,39.86,-14.81,0.0000,0.0065,-0.9680,-0.9600,0.2716,0.2773,1.000,0.03500
744124.6047,811,TRACKING,431.5,288.2,447.4,442.7,370.4,259.2,-84.13,-83.53,163.12,164.06,112.75,111.64,25.82,39.86,-14.81,0.0000,0.0065,-0.9680,-0.9600,0.2716,0.2773,1.000,0.03500
744124.6378,812,TRACKING,429.2,289.6,439.8,438.0,370.5,261.4,-85.90,-83.53,162.66,164.06,111.44,111.64,25.82,39.86,-14.81,0.0000,0.0065,-0.9680,-0.9600,0.2716,0.2773,1.000,0.03500
744124.6710,813,TRACKING,426.8,286.1,439.9,435.4,368.9,263.8,-85.00,-83.99,162.53,163.64,112.47,111.64,25.36,39.44,-14.81,0.0000,0.0065,-0.9641,-0.9600,0.2716,0.2773,1.000,0.03500
744124.7042,814,TRACKING,426.8,286.1,439.9,435.4,368.9,263.8,-85.00,-83.99,162.53,163.64,112.47,111.64,25.36,39.44,-14.81,0.0000,0.0065,-0.9641,-0.9600,0.2716,0.2773,1.000,0.03500
744124.7379,815,TRACKING,421.9,282.6,440.6,435.8,366.5,269.0,-83.07,-83.99,162.99,163.64,113.94,112.14,25.36,39.44,-14.31,0.0000,0.0065,-0.9641,-0.9600,0.2624,0.2713,1.000,0.03500
744124.7710,816,TRACKING,417.1,277.2,444.3,431.2,364.2,276.7,-79.99,-83.36,162.60,163.64,117.41,113.12,25.98,39.44,-13.33,0.0000,0.0065,-0.9641,-0.9600,0.2443,0.2605,1.000,0.03500
744124.8045,817,TRACKING,417.1,277.2,444.3,431.2,364.2,276.7,-79.99,-82.61,162.60,163.64,117.41,114.14,26.74,39.44,-12.31,0.0000,0.0065,-0.9641,-0.9600,0.2257,0.2466,1.000,0.03500
744124.8383,818,TRACKING,423.4,278.7,451.0,442.7,364.5,285.7,-80.45,-81.99,160.69,163.01,118.86,115.25,27.36,38.81,-11.20,0.0000,0.0065,-0.9582,-0.9600,0.2053,0.2301,1.000,0.03500
744124.8710,819,TRACKING,423.4,278.7,451.0,442.7,364.5,285.7,-80.45,-81.53,160.69,162.42,118.86,116.22,27.82,38.22,-10.23,0.0000,0.0065,-0.9528,-0.9600,0.1876,0.2131,1.000,0.03500
744124.9044,820,TRACKING,419.4,280.2,441.4,438.1,363.6,297.9,-82.09,-81.53,158.91,161.67,119.00,116.99,27.82,37.47,-9.46,0.0000,0.0065,-0.9458,-0.9544,0.1734,0.1972,1.000,0.03500
744124.9375,821,TRACKING,419.4,280.2,441.4,438.1,363.6,297.9,-82.09,-81.53,158.91,160.97,119.00,117.58,27.82,36.77,-8.87,0.0000,0.0065,-0.9394,-0.9484,0.1626,0.1834,1.000,0.03500
744124.9711,822,TRACKING,420.4,280.9,446.7,439.4,362.1,302.1,-80.58,-81.53,157.77,160.22,121.66,118.43,27.82,36.02,-8.02,0.0000,0.0065,-0.9325,-0.9420,0.1471,0.1688,1.000,0.03500
744125.0042,823,TRACKING,419.3,281.6,446.5,435.9,365.9,312.2,-80.03,-81.53,156.90,159.46,123.07,119.44,27.82,35.25,-7.01,0.0000,0.0065,-0.9254,-0.9354,0.1286,0.1527,1.000,0.03500
744125.0378,824,TRACKING,419.3,281.6,446.5,435.9,365.9,312.2,-80.03,-81.53,156.90,158.79,123.07,120.36,27.82,34.59,-6.09,0.0000,0.0065,-0.9192,-0.9289,0.1117,0.1363,1.000,0.03500
744125.0713,825,TRACKING,417.2,271.6,462.2,412.4,374.3,317.0,-72.30,-79.90,155.06,158.06,132.63,122.48,29.45,33.86,-3.97,0.0000,0.0065,-0.9126,-0.9224,0.0729,0.1109,1.000,0.03500
744125.1044,826,TRACKING,419.4,276.1,462.9,429.1,367.4,314.2,-74.11,-78.40,156.13,157.49,129.76,124.40,30.95,33.29,-2.05,0.0000,0.0065,-0.9073,-0.9164,0.0377,0.0816,1.000,0.03500
744125.1375,827,TRACKING,419.4,276.1,462.9,429.1,367.4,314.2,-74.11,-77.18,156.13,157.49,129.76,125.93,32.17,33.29,-0.52,0.0000,0.0065,-0.9073,-0.9127,0.0095,0.0528,1.000,0.03500
744125.1710,828,TRACKING,421.2,280.3,461.6,435.1,366.1,317.4,-75.37,-76.46,155.56,156.96,129.06,126.98,32.89,32.76,0.53,0.0000,0.0065,-0.9024,-0.9086,-0.0096,0.0278,1.000,0.03500
744125.2042,829,TRACKING,421.2,280.3,461.6,435.1,366.1,317.4,-75.37,-76.03,155.56,156.96,129.06,127.68,33.31,32.76,1.23,0.0000,0.0065,-0.9024,-0.9086,-0.0225,0.0077,1.000,0.03500
744125.2376,830,TRACKING,424.5,279.6,468.6,434.3,372.4,321.6,-74.07,-75.57,155.45,156.49,130.49,128.37,33.78,32.29,1.92,0.0000,0.0065,-0.8981,-0.9044,-0.0352,-0.0095,1.000,0.03500
744125.2711,831,TRACKING,423.7,276.9,468.3,436.6,373.9,324.0,-74.39,-75.57,155.62,156.49,129.99,128.87,33.78,32.29,2.42,0.0000,0.0065,-0.8981,-0.9044,-0.0444,-0.0234,1.000,0.03500
744125.3044,832,TRACKING,423.7,276.9,468.3,436.6,373.9,324.0,-74.39,-75.57,155.62,156.49,129.99,128.87,33.78,32.29,2.42,0.0000,0.0065,-0.8981,-0.9044,-0.0444,-0.0318,1.000,0.03500
744125.3377,833,TRACKING,426.0,280.4,468.2,440.2,372.3,322.1,-75.20,-75.57,155.74,156.49,129.06,128.87,33.78,32.29,2.42,0.0000,0.0065,-0.8981,-0.9044,-0.0444,-0.0368,1.000,0.03500
744125.3712,834,TRACKING,426.0,280.4,468.2,440.2,372.3,322.1,-75.20,-75.57,155.74,156.49,129.06,128.87,33.78,32.29,2.42,0.0000,0.0065,-0.8981,-0.9044,-0.0444,-0.0368,1.000,0.03500
744125.4049,835,TRACKING,424.5,277.9,466.6,435.6,374.2,326.6,-75.05,-75.57,154.68,156.06,130.27,128.87,33.78,31.86,2.42,0.0000,0.0065,-0.8941,-0.9003,-0.0444,-0.0368,1.000,0.03500
744125.4379,836,TRACKING,423.6,278.3,468.9,434.7,373.1,325.7,-73.85,-75.57,154.84,156.06,131.31,129.42,33.78,31.86,2.97,0.0000,0.0065,-0.8941,-0.9003,-0.0544,-0.0439,1.000,0.03500
744125.4709,837,TRACKING,423.6,278.3,468.9,434.7,373.1,325.7,-73.85,-75.09,154.84,156.06,131.31,129.91,34.26,31.86,3.46,0.0000,0.0065,-0.8941,-0.9003,-0.0635,-0.0517,1.000,0.03500
744125.5044,838,TRACKING,422.7,278.1,468.9,436.0,370.5,326.0,-73.70,-75.09,154.50,155.60,131.81,130.39,34.26,31.40,3.94,0.0000,0.0065,-0.8899,-0.8961,-0.0722,-0.0599,1.000,0.03500
744125.5378,839,TRACKING,423.0,277.5,469.6,436.1,369.1,325.1,-73.61,-74.64,154.22,155.60,132.17,130.84,34.71,31.40,4.39,0.0000,0.0065,-0.8899,-0.8961,-0.0805,-0.0681,1.000,0.03500
744125.5710,840,TRACKING,423.0,277.5,469.6,436.1,369.1,325.1,-73.61,-74.64,154.22,155.18,132.17,130.84,34.71,30.97,4.39,0.0000,0.0065,-0.8859,-0.8920,-0.0805,-0.0731,1.000,0.03500
744125.6043,841,TRACKING,422.9,278.2,469.7,437.3,368.7,324.9,-73.62,-74.64,154.46,155.18,131.93,130.84,34.71,30.97,4.39,0.0000,0.0065,-0.8859,-0.8920,-0.0805,-0.0731,1.000,0.03500
744125.6379,842,TRACKING,423.2,278.3,470.1,436.3,368.1,323.8,-73.45,-74.64,154.33,155.18,132.22,131.26,34.71,30.97,4.81,0.0000,0.0065,-0.8859,-0.8920,-0.0883,-0.0791,1.000,0.03500
744125.6710,843,TRACKING,423.2,278.3,470.1,436.3,368.1,323.8,-73.45,-74.64,154.33,155.18,132.22,131.26,34.71,30.97,4.81,0.0000,0.0065,-0.8859,-0.8920,-0.0883,-0.0828,1.000,0.03500
744125.7070,844,TRACKING,423.8,279.2,469.3,437.0,367.3,323.8,-73.93,-74.64,154.05,155.18,132.02,131.26,34.71,30.97,4.81,0.0000,0.0065,-0.8859,-0.8920,-0.0883,-0.0828,1.000,0.03500
744125.7386,845,TRACKING,423.8,279.2,469.3,437.0,367.3,323.8,-73.93,-74.64,154.05,155.18,132.02,131.26,34.71,30.97,4.81,0.0000,0.0065,-0.8859,-0.8920,-0.0883,-0.0828,1.000,0.03500
744125.7715,846,TRACKING,423.8,279.2,469.3,437.0,367.3,323.8,-73.93,-74.64,154.05,155.18,132.02,131.26,34.71,30.97,4.81,0.0000,0.0065,-0.8859,-0.8920,-0.0883,-0.0828,1.000,0.03500
744125.8042,847,TRACKING,423.8,279.2,469.3,437.0,367.3,323.8,-73.93,-74.64,154.05,155.18,132.02,131.26,34.71,30.97,4.81,0.0000,0.0065,-0.8859,-0.8920,-0.0883,-0.0828,1.000,0.03500
744125.8375,848,TRACKING,422.6,277.8,467.5,437.1,368.1,325.6,-74.24,-74.64,154.03,155.18,131.73,131.26,34.71,30.97,4.81,0.0000,0.0065,-0.8859,-0.8920,-0.0883,-0.0828,1.000,0.03500
744125.8709,849,TRACKING,422.6,277.8,467.5,437.1,368.1,325.6,-74.24,-74.64,154.03,155.18,131.73,131.26,34.71,30.97,4.81,0.0000,0.0065,-0.8859,-0.8920,-0.0883,-0.0828,1.000,0.03500
744125.9044,850,TRACKING,421.8,277.1,467.5,434.9,367.5,325.0,-73.85,-74.64,153.84,154.75,132.31,131.26,34.71,30.55,4.81,0.0000,0.0065,-0.8820,-0.8880,-0.0883,-0.0828,1.000,0.03500
744125.9396,851,TRACKING,422.0,279.0,466.6,436.8,367.2,324.8,-74.22,-74.64,154.20,154.75,131.59,131.26,34.71,30.55,4.81,0.0000,0.0065,-0.8820,-0.8880,-0.0883,-0.0828,1.000,0.03500
744125.9709,852,TRACKING,422.0,279.0,466.6,436.8,367.2,324.8,-74.22,-74.64,154.20,154.75,131.59,131.26,34.71,30.55,4.81,0.0000,0.0065,-0.8820,-0.8880,-0.0883,-0.0828,1.000,0.03500
744126.0042,853,TRACKING,421.4,277.8,469.8,434.7,367.0,325.6,-72.85,-74.64,153.82,154.75,133.33,131.26,34.71,30.55,4.81,0.0000,0.0065,-0.8820,-0.8880,-0.0883,-0.0828,1.000,0.03500
744126.0387,854,TRACKING,422.8,279.5,464.6,433.7,363.8,323.6,-74.80,-74.64,152.72,154.28,132.48,131.26,34.71,30.08,4.81,0.0000,0.0065,-0.8777,-0.8839,-0.0883,-0.0828,1.000,0.03500
744126.0709,855,TRACKING,422.8,279.5,464.6,433.7,363.8,323.6,-74.80,-74.64,152.72,154.28,132.48,131.69,34.71,30.08,5.24,0.0000,0.0065,-0.8777,-0.8839,-0.0960,-0.0881,1.000,0.03500
744126.1049,856,TRACKING,422.3,284.5,458.8,440.9,369.3,327.1,-76.87,-74.64,154.97,154.28,128.16,131.69,34.71,30.08,5.24,0.0000,0.0065,-0.8777,-0.8839,-0.0960,-0.0881,1.000,0.03500
744126.1378,857,TRACKING,422.3,284.5,458.8,440.9,369.3,327.1,-76.87,-75.16,154.97,154.28,128.16,130.92,34.18,30.08,4.47,0.0000,0.0065,-0.8777,-0.8839,-0.0819,-0.0881,1.000,0.03500
744126.1713,858,TRACKING,420.5,279.6,457.8,434.2,370.9,325.1,-76.43,-75.16,155.02,154.28,128.55,130.27,34.18,30.08,3.82,0.0000,0.0065,-0.8777,-0.8839,-0.0701,-0.0809,1.000,0.03500
744126.2042,859,TRACKING,420.5,279.6,457.8,434.2,370.9,325.1,-76.43,-75.16,155.02,154.28,128.55,129.77,34.18,30.08,3.32,0.0000,0.0065,-0.8777,-0.8839,-0.0609,-0.0729,1.000,0.03500
744126.2375,860,TRACKING,418.1,276.7,464.9,428.1,377.3,324.9,-72.81,-75.16,156.85,154.79,130.34,129.77,34.18,30.59,3.32,0.0000,0.0065,-0.8824,-0.8839,-0.0609,-0.0681,1.000,0.03500
744126.2710,861,TRACKING,418.1,276.7,464.9,428.1,377.3,324.9,-72.81,-74.71,156.85,155.30,130.34,129.77,34.63,31.10,3.32,0.0000,0.0065,-0.8871,-0.8839,-0.0609,-0.0681,1.000,0.03500
744126.3042,862,TRACKING,417.2,275.0,468.2,426.0,377.2,318.1,-71.34,-74.02,158.52,155.99,130.14,129.77,35.33,31.79,3.32,0.0000,0.0065,-0.8934,-0.8877,-0.0609,-0.0681,1.000,0.03500
744126.3375,863,TRACKING,417.6,274.2,471.5,426.9,376.9,312.5,-70.57,-73.23,159.83,156.85,129.60,129.77,36.12,32.65,3.32,0.0000,0.0065,-0.9013,-0.8932,-0.0609,-0.0681,1.000,0.03500
744126.3710,864,TRACKING,417.6,274.2,471.5,426.9,376.9,312.5,-70.57,-72.52,159.83,157.63,129.60,129.77,36.83,33.42,3.32,0.0000,0.0065,-0.9085,-0.8993,-0.0609,-0.0681,1.000,0.03500
744126.4045,865,TRACKING,420.4,276.0,474.4,423.8,381.2,308.8,-69.93,-71.86,161.04,158.44,129.03,129.77,37.48,34.24,3.32,0.0000,0.0065,-0.9161,-0.9060,-0.0609,-0.0681,1.000,0.03500
744126.4376,866,TRACKING,420.4,276.0,474.4,423.8,381.2,308.8,-69.93,-71.33,161.04,159.14,129.03,129.77,38.02,34.94,3.32,0.0000,0.0065,-0.9225,-0.9126,-0.0609,-0.0681,1.000,0.03500
744126.4712,867,TRACKING,420.9,275.5,474.4,424.7,382.4,301.9,-70.27,-71.33,162.88,159.99,126.85,129.20,38.02,35.79,2.75,0.0000,0.0065,-0.9304,-0.9197,-0.0504,-0.0610,1.000,0.03500
744126.5042,868,TRACKING,420.9,275.5,474.4,424.7,382.4,301.9,-70.27,-71.33,162.88,160.75,126.85,128.62,38.02,36.55,2.17,0.0000,0.0065,-0.9374,-0.9268,-0.0398,-0.0525,1.000,0.03500
744126.5377,869,TRACKING,417.9,279.1,466.0,429.6,384.2,297.1,-72.27,-71.33,166.05,161.87,121.67,127.31,38.02,37.67,0.86,0.0000,0.0065,-0.9477,-0.9352,-0.0157,-0.0378,1.000,0.03500
744126.5710,870,TRACKING,417.9,279.1,466.0,429.6,384.2,297.1,-72.27,-71.33,166.05,162.94,121.67,125.95,38.02,38.73,-0.50,0.0000,0.0065,-0.9576,-0.9441,0.0092,-0.0190,1.000,0.03500
744126.6043,871,TRACKING,417.5,278.8,463.4,435.0,385.8,293.4,-73.64,-71.76,167.64,164.07,118.72,124.30,37.59,39.87,-2.15,0.0000,0.0065,-0.9680,-0.9537,0.0394,0.0044,1.000,0.03500
744126.6375,872,TRACKING,417.5,278.8,463.4,435.0,385.8,293.4,-73.64,-72.21,167.64,165.04,118.72,122.83,37.13,40.84,-3.62,0.0000,0.0065,-0.9770,-0.9630,0.0664,0.0292,1.000,0.03500
744126.6711,873,TRACKING,415.8,277.3,464.9,432.3,386.3,293.3,-72.41,-72.21,168.09,165.87,119.50,121.78,37.13,41.67,-4.67,0.0000,0.0065,-0.9847,-0.9717,0.0857,0.0518,1.000,0.03500
744126.7042,874,TRACKING,415.8,277.3,464.9,432.3,386.3,293.3,-72.41,-72.21,168.09,166.52,119.50,121.04,37.13,42.32,-5.41,0.0000,0.0065,-0.9906,-0.9792,0.0991,0.0707,1.000,0.03500
744126.7378,875,TRACKING,415.4,277.8,465.2,433.0,385.5,293.1,-72.22,-72.21,168.13,167.00,119.66,120.56,37.13,42.80,-5.89,0.0000,0.0065,-0.9951,-0.9856,0.1080,0.0856,1.000,0.03500
744126.7714,876,TRACKING,416.3,278.3,465.8,432.8,386.0,290.5,-72.21,-72.21,168.49,167.00,119.30,120.56,37.13,42.80,-5.89,0.0000,0.0065,-0.9951,-0.9894,0.1080,0.0945,1.000,0.03500
744126.8042,877,TRACKING,416.3,278.3,465.8,432.8,386.0,290.5,-72.21,-72.21,168.49,167.46,119.30,120.56,37.13,43.26,-5.89,0.0000,0.0065,-0.9993,-0.9934,0.1080,0.0999,1.000,0.03500
744126.8380,878,TRACKING,418.5,270.4,477.7,419.8,386.1,290.5,-68.38,-71.63,166.29,167.46,125.33,121.08,37.72,43.26,-5.37,0.0000,0.0065,-0.9993,-0.9934,0.0985,0.0999,1.000,0.03500
744126.8709,879,TRACKING,418.5,270.4,477.7,419.8,386.1,290.5,-68.38,-70.90,166.29,167.46,125.33,121.93,38.44,43.26,-4.52,0.0000,0.0065,-0.9993,-0.9934,0.0829,0.0931,1.000,0.03500
744126.9044,880,TRACKING,416.4,279.2,465.8,431.7,384.8,290.4,-72.05,-70.90,168.12,167.46,119.83,121.93,38.44,43.26,-4.52,0.0000,0.0065,-0.9993,-0.9934,0.0829,0.0890,1.000,0.03500
744126.9375,881,TRACKING,415.2,277.9,464.6,427.8,383.3,289.8,-71.72,-70.90,167.76,167.46,120.51,121.93,38.44,43.26,-4.52,0.0000,0.0065,-0.9993,-0.9934,0.0829,0.0890,1.000,0.03500
744126.9710,882,TRACKING,415.2,277.9,464.6,427.8,383.3,289.8,-71.72,-70.90,167.76,167.46,120.51,121.93,38.44,43.26,-4.52,0.0000,0.0065,-0.9993,-0.9934,0.0829,0.0890,1.000,0.03500
744127.0070,883,TRACKING,414.2,278.6,463.6,431.7,382.2,286.6,-72.13,-70.90,168.58,167.46,119.30,121.32,38.44,43.26,-5.14,0.0000,0.0065,-0.9993,-0.9934,0.0941,0.0890,1.000,0.03500
744127.0378,884,TRACKING,414.2,278.6,463.6,431.7,382.2,286.6,-72.13,-70.90,168.58,167.46,119.30,120.78,38.44,43.26,-5.68,0.0000,0.0065,-0.9993,-0.9934,0.1040,0.0950,1.000,0.03500
744127.0714,885,TRACKING,413.7,278.2,464.1,430.0,382.1,287.6,-71.62,-70.90,168.43,167.46,119.95,120.78,38.44,43.26,-5.68,0.0000,0.0065,-0.9993,-0.9934,0.1040,0.0986,1.000,0.03500
744127.1043,886,TRACKING,414.2,276.3,464.1,426.8,381.2,287.1,-71.67,-70.90,167.64,167.46,120.69,120.78,38.44,43.26,-5.68,0.0000,0.0065,-0.9993,-0.9934,0.1040,0.0986,1.000,0.03500
744127.1377,887,TRACKING,417.8,268.1,474.4,411.8,380.9,284.8,-68.50,-70.90,165.15,167.46,126.35,121.53,38.44,43.26,-4.92,0.0000,0.0065,-0.9993,-0.9934,0.0902,0.0953,1.000,0.03500
744127.1710,888,TRACKING,417.8,268.1,474.4,411.8,380.9,284.8,-68.50,-70.41,165.15,166.97,126.35,122.55,38.94,42.77,-3.90,0.0000,0.0065,-0.9948,-0.9934,0.0715,0.0857,1.000,0.03500
744127.2043,889,TRACKING,417.3,268.8,475.4,414.8,380.0,286.4,-68.28,-69.90,165.10,166.49,126.62,123.56,39.45,42.29,-2.89,0.0000,0.0065,-0.9904,-0.9934,0.0530,0.0726,1.000,0.03500
744127.2375,890,TRACKING,417.3,268.8,475.4,414.8,380.0,286.4,-68.28,-69.46,165.10,166.49,126.62,124.40,39.89,42.29,-2.05,0.0000,0.0065,-0.9904,-0.9934,0.0376,0.0586,1.000,0.03500
744127.2719,891,TRACKING,419.2,273.9,472.2,423.1,379.9,286.5,-70.47,-69.46,165.50,166.49,124.03,124.40,39.89,42.29,-2.05,0.0000,0.0065,-0.9904,-0.9934,0.0376,0.0502,1.000,0.03500
744127.3042,892,TRACKING,419.2,273.9,472.2,423.1,379.9,286.5,-70.47,-69.46,165.50,166.49,124.03,124.40,39.89,42.29,-2.05,0.0000,0.0065,-0.9904,-0.9934,0.0376,0.0451,1.000,0.03500
744127.3375,893,TRACKING,417.9,272.6,472.2,421.6,379.5,288.6,-69.97,-69.46,165.14,166.49,124.89,124.40,39.89,42.29,-2.05,0.0000,0.0065,-0.9904,-0.9934,0.0376,0.0451,1.000,0.03500
744127.3710,894,TRACKING,417.7,273.4,471.6,422.7,379.2,288.5,-70.16,-69.46,165.29,166.49,124.54,124.40,39.89,42.29,-2.05,0.0000,0.0065,-0.9904,-0.9934,0.0376,0.0451,1.000,0.03500
744127.4042,895,TRACKING,417.7,273.4,472.2,418.8,378.2,287.1,-69.46,-69.46,165.01,166.03,125.53,124.40,39.89,41.83,-2.05,0.0000,0.0065,-0.9861,-0.9934,0.0376,0.0451,1.000,0.03500
744127.4375,896,TRACKING,417.7,273.4,472.2,418.8,378.2,287.1,-69.46,-69.46,165.01,166.03,125.53,124.40,39.89,41.83,-2.05,0.0000,0.0065,-0.9861,-0.9934,0.0376,0.0451,1.000,0.03500
744127.4740,897,TRACKING,417.8,273.7,472.6,419.7,377.9,288.8,-69.41,-69.46,164.69,166.03,125.90,124.40,39.89,41.83,-2.05,0.0000,0.0065,-0.9861,-0.9934,0.0376,0.0451,1.000,0.03500
744127.5048,898,TRACKING,419.0,273.9,471.7,418.9,377.5,288.8,-70.02,-69.46,164.06,165.51,125.92,124.86,39.89,41.31,-1.59,0.0000,0.0065,-0.9813,-0.9885,0.0291,0.0387,1.000,0.03500
744127.5375,899,TRACKING,419.0,273.9,471.7,418.9,377.5,288.8,-70.02,-69.46,164.06,165.51,125.92,124.86,39.89,41.31,-1.59,0.0000,0.0065,-0.9813,-0.9885,0.0291,0.0349,1.000,0.03500
744127.5711,900,TRACKING,418.0,273.4,471.3,415.4,377.8,289.6,-69.41,-69.46,163.96,165.04,126.63,125.32,39.89,40.84,-1.13,0.0000,0.0065,-0.9769,-0.9839,0.0207,0.0292,1.000,0.03500
744127.6042,901,TRACKING,418.0,273.4,471.3,415.4,377.8,289.6,-69.41,-69.46,163.96,165.04,126.63,125.32,39.89,40.84,-1.13,0.0000,0.0065,-0.9769,-0.9839,0.0207,0.0258,1.000,0.03500
744127.6375,902,TRACKING,416.6,275.2,470.2,416.5,378.9,289.4,-69.23,-69.46,165.08,165.04,125.69,125.32,39.89,40.84,-1.13,0.0000,0.0065,-0.9769,-0.9839,0.0207,0.0258,1.000,0.03500
744127.6712,903,TRACKING,411.5,276.8,462.5,422.3,377.6,282.7,-70.71,-69.46,167.99,165.04,121.30,124.82,39.89,40.84,-1.64,0.0000,0.0065,-0.9769,-0.9839,0.0300,0.0258,1.000,0.03500
744127.7043,904,TRACKING,415.7,283.2,459.8,438.4,378.1,289.7,-74.15,-70.32,167.08,165.57,118.77,123.66,39.02,41.37,-2.79,0.0000,0.0065,-0.9819,-0.9839,0.0512,0.0360,1.000,0.03500
744127.7376,905,TRACKING,415.7,283.2,459.8,438.4,378.1,289.7,-74.15,-71.24,167.08,166.01,118.77,122.47,38.11,41.81,-3.99,0.0000,0.0065,-0.9859,-0.9839,0.0731,0.0508,1.000,0.03500
744127.7710,906,TRACKING,413.2,278.2,456.5,427.5,378.3,297.1,-73.83,-71.97,165.22,166.01,120.95,121.79,37.37,41.81,-4.66,0.0000,0.0065,-0.9859,-0.9839,0.0854,0.0646,1.000,0.03500
744127.8043,907,TRACKING,413.2,278.2,456.5,427.5,378.3,297.1,-73.83,-72.53,165.22,166.01,120.95,121.79,36.82,41.81,-4.66,0.0000,0.0065,-0.9859,-0.9839,0.0854,0.0729,1.000,0.03500
744127.8377,908,TRACKING,412.6,274.6,457.1,407.9,380.4,308.0,-71.56,-72.53,160.93,165.26,127.51,122.36,36.82,41.06,-4.09,0.0000,0.0065,-0.9790,-0.9839,0.0749,0.0729,1.000,0.03500
744127.8711,909,TRACKING,412.9,277.2,465.6,423.2,381.6,310.6,-70.16,-72.53,163.13,164.67,126.71,123.25,36.82,40.47,-3.20,0.0000,0.0065,-0.9735,-0.9798,0.0587,0.0672,1.000,0.03500
744127.9042,910,TRACKING,412.9,277.2,465.6,423.2,381.6,310.6,-70.16,-71.96,163.13,164.22,126.71,124.11,37.39,40.02,-2.34,0.0000,0.0065,-0.9694,-0.9756,0.0430,0.0575,1.000,0.03500
744127.9378,911,TRACKING,413.0,279.7,462.5,424.1,380.8,310.4,-71.09,-71.96,163.21,164.22,125.70,124.67,37.39,40.02,-1.79,0.0000,0.0065,-0.9694,-0.9756,0.0327,0.0476,1.000,0.03500
744127.9709,912,TRACKING,413.0,279.7,462.5,424.1,380.8,310.4,-71.09,-71.96,163.21,164.22,125.70,124.67,37.39,40.02,-1.79,0.0000,0.0065,-0.9694,-0.9756,0.0327,0.0417,1.000,0.03500
744128.0042,913,TRACKING,414.9,280.5,470.4,432.4,382.8,311.4,-69.91,-71.46,164.17,164.22,125.92,124.67,37.89,40.02,-1.79,0.0000,0.0065,-0.9694,-0.9756,0.0327,0.0381,1.000,0.03500
744128.0379,914,TRACKING,415.3,283.1,465.6,435.0,386.3,313.7,-71.68,-71.46,165.16,164.22,123.16,124.67,37.89,40.02,-1.79,0.0000,0.0065,-0.9694,-0.9756,0.0327,0.0381,1.000,0.03500
744128.0718,915,TRACKING,414.3,284.0,470.7,432.8,388.7,310.8,-69.23,-71.03,166.87,164.66,123.90,124.67,38.32,40.46,-1.79,0.0000,0.0065,-0.9735,-0.9756,0.0327,0.0381,1.000,0.03500
744128.1042,916,TRACKING,414.3,284.0,470.7,432.8,388.7,310.8,-69.23,-70.59,166.87,165.17,123.90,124.67,38.76,40.97,-1.79,0.0000,0.0065,-0.9782,-0.9756,0.0327,0.0381,1.000,0.03500
744128.1376,917,TRACKING,412.1,282.1,469.9,430.2,384.9,306.8,-68.66,-70.13,166.75,165.60,124.59,124.67,39.22,41.40,-1.79,0.0000,0.0065,-0.9821,-0.9756,0.0327,0.0381,1.000,0.03500
744128.1709,918,TRACKING,412.1,282.1,469.9,430.2,384.9,306.8,-68.66,-70.13,166.75,165.60,124.59,124.67,39.22,41.40,-1.79,0.0000,0.0065,-0.9821,-0.9756,0.0327,0.0381,1.000,0.03500
744128.2044,919,TRACKING,420.5,285.7,451.3,437.1,379.0,300.5,-78.51,-71.21,163.61,165.60,117.88,123.53,38.14,41.40,-2.92,0.0000,0.0065,-0.9821,-0.9756,0.0535,0.0443,1.000,0.03500
744128.2375,920,TRACKING,414.7,282.8,462.9,429.1,376.8,297.8,-71.75,-71.68,164.98,165.60,123.27,123.09,37.67,41.40,-3.36,0.0000,0.0065,-0.9821,-0.9756,0.0616,0.0512,1.000,0.03500
744128.2710,921,TRACKING,414.7,282.8,462.9,429.1,376.8,297.8,-71.75,-71.68,164.98,165.60,123.27,123.09,37.67,41.40,-3.36,0.0000,0.0065,-0.9821,-0.9756,0.0616,0.0553,1.000,0.03500
744128.3047,922,TRACKING,414.3,280.1,457.1,429.1,367.3,296.2,-73.95,-72.14,161.99,164.93,124.06,123.09,37.21,40.72,-3.36,0.0000,0.0065,-0.9759,-0.9756,0.0616,0.0553,1.000,0.03500
744128.3375,923,TRACKING,418.1,280.0,462.7,428.3,364.1,293.8,-73.28,-72.14,160.49,163.97,126.23,123.65,37.21,39.77,-2.80,0.0000,0.0065,-0.9671,-0.9722,0.0514,0.0553,1.000,0.03500
744128.3713,924,TRACKING,418.1,280.0,462.7,428.3,364.1,293.8,-73.28,-72.14,160.49,163.08,126.23,124.26,37.21,38.88,-2.19,0.0000,0.0065,-0.9589,-0.9669,0.0402,0.0493,1.000,0.03500
744128.4057,925,TRACKING,414.4,275.8,461.8,417.0,358.4,291.0,-71.42,-72.14,159.22,162.15,129.36,125.28,37.21,37.94,-1.17,0.0000,0.0065,-0.9503,-0.9602,0.0215,0.0382,1.000,0.03500
744128.4378,926,TRACKING,414.4,275.8,461.8,417.0,358.4,291.0,-71.42,-72.14,159.22,161.35,129.36,126.29,37.21,37.15,-0.17,0.0000,0.0065,-0.9429,-0.9533,0.0030,0.0241,1.000,0.03500
744128.4714,927,TRACKING,414.4,275.8,461.8,417.0,358.4,291.0,-71.42,-72.14,159.22,160.73,129.36,127.13,37.21,36.53,0.68,0.0000,0.0065,-0.9372,-0.9468,-0.0125,0.0095,1.000,0.03500
744128.5050,928,TRACKING,417.0,279.3,455.3,429.6,356.4,289.2,-75.70,-72.63,159.14,160.26,125.16,127.13,36.72,36.06,0.68,0.0000,0.0065,-0.9329,-0.9412,-0.0125,0.0007,1.000,0.03500
744128.5381,929,TRACKING,417.0,279.3,455.3,429.6,356.4,289.2,-75.70,-73.29,159.14,160.26,125.16,127.13,36.05,36.06,0.68,0.0000,0.0065,-0.9329,-0.9379,-0.0125,-0.0046,1.000,0.03500
744128.5710,930,TRACKING,417.0,279.3,455.3,429.6,356.4,289.2,-75.70,-73.91,159.14,160.26,125.16,126.64,35.44,36.06,0.19,0.0000,0.0065,-0.9329,-0.9379,-0.0034,-0.0046,1.000,0.03500
744128.6048,931,TRACKING,414.2,280.6,457.0,427.4,351.7,289.4,-73.74,-73.91,158.92,160.26,127.33,126.64,35.44,36.06,0.19,0.0000,0.0065,-0.9329,-0.9379,-0.0034,-0.0046,1.000,0.03500
744128.6377,932,TRACKING,414.2,280.6,457.0,427.4,351.7,289.4,-73.74,-73.91,158.92,159.82,127.33,126.64,35.44,35.62,0.19,0.0000,0.0065,-0.9288,-0.9343,-0.0034,-0.0046,1.000,0.03500
744128.6730,933,TRACKING,412.5,280.0,452.1,427.3,347.8,290.8,-74.98,-73.91,157.65,159.32,127.37,126.64,35.44,35.12,0.19,0.0000,0.0065,-0.9242,-0.9302,-0.0034,-0.0046,1.000,0.03500
744128.7042,934,TRACKING,412.5,280.0,452.1,427.3,347.8,290.8,-74.98,-73.91,157.65,158.88,127.37,126.64,35.44,34.68,0.19,0.0000,0.0065,-0.9201,-0.9262,-0.0034,-0.0046,1.000,0.03500
744128.7393,935,TRACKING,413.0,279.3,439.3,432.4,344.9,291.7,-80.27,-75.08,155.88,158.24,123.85,126.64,34.27,34.04,0.19,0.0000,0.0065,-0.9142,-0.9214,-0.0034,-0.0046,1.000,0.03500
744128.7709,936,TRACKING,413.0,279.3,439.3,432.4,344.9,291.7,-80.27,-76.31,155.88,157.63,123.85,126.02,33.03,33.43,-0.43,0.0000,0.0065,-0.9086,-0.9163,0.0078,0.0004,1.000,0.03500
744128.8042,937,TRACKING,409.6,277.8,445.0,426.6,340.4,292.5,-76.60,-76.80,155.45,157.07,127.95,126.02,32.55,32.87,-0.43,0.0000,0.0065,-0.9034,-0.9111,0.0078,0.0004,1.000,0.03500
744128.8377,938,TRACKING,411.6,280.0,444.3,430.7,339.4,291.3,-77.76,-76.80,155.28,156.59,126.96,126.02,32.55,32.39,-0.43,0.0000,0.0065,-0.8989,-0.9063,0.0078,0.0004,1.000,0.03500
744128.8710,939,TRACKING,411.6,280.0,444.3,430.7,339.4,291.3,-77.76,-76.80,155.28,156.59,126.96,126.02,32.55,32.39,-0.43,0.0000,0.0065,-0.8989,-0.9063,0.0078,0.0004,1.000,0.03500
744128.9048,940,TRACKING,410.6,278.9,443.5,431.4,336.4,290.6,-77.83,-76.80,154.91,156.11,127.25,126.02,32.55,31.91,-0.43,0.0000,0.0065,-0.8946,-0.9016,0.0078,0.0004,1.000,0.03500
744128.9375,941,TRACKING,410.6,278.9,443.5,431.4,336.4,290.6,-77.83,-76.80,154.91,156.11,127.25,126.02,32.55,31.91,-0.43,0.0000,0.0065,-0.8946,-0.9016,0.0078,0.0004,1.000,0.03500
744128.9711,942,TRACKING,409.4,278.8,441.9,434.6,333.9,290.2,-78.21,-76.80,154.98,156.11,126.80,126.02,32.55,31.91,-0.43,0.0000,0.0065,-0.8946,-0.9016,0.0078,0.0004,1.000,0.03500
744129.0042,943,TRACKING,409.4,278.8,441.9,434.6,333.9,290.2,-78.21,-77.25,154.98,156.11,126.80,126.02,32.09,31.91,-0.43,0.0000,0.0065,-0.8946,-0.9016,0.0078,0.0004,1.000,0.03500
744129.0390,944,TRACKING,409.5,280.1,443.3,438.4,328.3,285.7,-77.91,-77.25,155.07,156.11,127.01,126.02,32.09,31.91,-0.43,0.0000,0.0065,-0.8946,-0.9016,0.0078,0.0004,1.000,0.03500
744129.0710,945,TRACKING,409.5,278.4,446.2,440.9,324.9,281.3,-77.28,-77.25,155.49,156.11,127.23,126.02,32.09,31.91,-0.43,0.0000,0.0065,-0.8946,-0.9016,0.0078,0.0004,1.000,0.03500
744129.1045,946,TRACKING,409.5,278.4,446.2,440.9,324.9,281.3,-77.28,-77.25,155.49,156.11,127.23,126.02,32.09,31.91,-0.43,0.0000,0.0065,-0.8946,-0.9016,0.0078,0.0004,1.000,0.03500
744129.1381,947,TRACKING,408.0,276.9,444.8,443.8,320.2,278.4,-77.54,-77.25,155.45,156.11,127.00,126.02,32.09,31.91,-0.43,0.0000,0.0065,-0.8946,-0.9016,0.0078,0.0004,1.000,0.03500
744129.1709,948,TRACKING,408.0,276.9,444.8,443.8,320.2,278.4,-77.54,-77.25,155.45,156.11,127.00,126.02,32.09,31.91,-0.43,0.0000,0.0065,-0.8946,-0.9016,0.0078,0.0004,1.000,0.03500
744129.2045,949,TRACKING,407.0,276.6,443.7,446.0,315.8,278.2,-77.77,-77.25,154.93,156.11,127.30,126.02,32.09,31.91,-0.43,0.0000,0.0065,-0.8946,-0.9016,0.0078,0.0004,1.000,0.03500
744129.2375,950,TRACKING,407.0,276.6,443.7,446.0,315.8,278.2,-77.77,-77.25,154.93,156.11,127.30,126.44,32.09,31.91,-0.01,0.0000,0.0065,-0.8946,-0.9016,0.0001,0.0004,1.000,0.03500
744129.2709,951,TRACKING,408.8,280.1,439.9,450.2,308.0,278.0,-79.62,-77.71,152.91,155.41,127.47,126.44,31.63,31.21,-0.01,0.0000,0.0065,-0.8881,-0.8962,0.0001,0.0004,1.000,0.03500
744129.3046,952,TRACKING,409.0,278.9,435.8,445.0,297.5,274.0,-80.82,-78.36,150.22,154.34,128.97,127.02,30.99,30.14,0.57,0.0000,0.0065,-0.8782,-0.8890,-0.0104,-0.0039,1.000,0.03500
744129.3377,953,TRACKING,409.0,278.9,435.8,445.0,297.5,274.0,-80.82,-78.98,150.22,153.31,128.97,127.53,30.37,29.10,1.08,0.0000,0.0065,-0.8687,-0.8808,-0.0198,-0.0103,1.000,0.03500
744129.3716,954,TRACKING,406.8,282.6,428.9,456.5,296.2,271.7,-82.75,-79.80,151.57,152.67,125.68,127.53,29.55,28.47,1.08,0.0000,0.0065,-0.8628,-0.8736,-0.0198,-0.0141,1.000,0.03500
744129.4046,955,TRACKING,406.8,282.6,428.9,456.5,296.2,271.7,-82.75,-80.56,151.57,152.67,125.68,127.53,28.79,28.47,1.08,0.0000,0.0065,-0.8628,-0.8693,-0.0198,-0.0141,1.000,0.03500
744129.4379,956,TRACKING,405.5,282.2,424.6,457.8,295.3,271.6,-83.79,-81.34,151.43,152.67,124.79,126.90,28.00,28.47,0.45,0.0000,0.0065,-0.8628,-0.8693,-0.0082,-0.0141,1.000,0.03500
744129.4709,957,TRACKING,405.5,282.2,424.6,457.8,295.3,271.6,-83.79,-82.01,151.43,152.24,124.79,126.34,27.34,28.04,-0.11,0.0000,0.0065,-0.8588,-0.8651,0.0020,-0.0076,1.000,0.03500
744129.5046,958,TRACKING,404.8,282.9,421.9,461.0,289.0,270.9,-84.52,-82.64,150.51,151.82,124.97,126.34,26.70,27.61,-0.11,0.0000,0.0065,-0.8549,-0.8610,0.0020,-0.0038,1.000,0.03500
744129.5375,959,TRACKING,404.8,282.9,421.9,461.0,289.0,270.9,-84.52,-83.17,150.51,151.82,124.97,125.90,26.18,27.61,-0.56,0.0000,0.0065,-0.8549,-0.8610,0.0102,0.0018,1.000,0.03500
744129.5713,960,TRACKING,407.0,281.7,419.4,463.1,286.1,271.1,-86.09,-83.82,149.13,151.19,124.78,125.90,25.53,26.99,-0.56,0.0000,0.0065,-0.8491,-0.8563,0.0102,0.0052,1.000,0.03500
744129.6050,961,TRACKING,407.0,281.7,419.4,463.1,286.1,271.1,-86.09,-84.41,149.13,150.64,124.78,125.90,24.94,26.44,-0.56,0.0000,0.0065,-0.8441,-0.8514,0.0102,0.0052,1.000,0.03500
744129.6377,962,TRACKING,406.0,282.8,415.7,470.0,282.7,271.2,-87.03,-85.04,149.20,150.22,123.77,125.36,24.31,26.02,-1.09,0.0000,0.0065,-0.8402,-0.8469,0.0200,0.0111,1.000,0.03500
744129.6711,963,TRACKING,406.6,285.1,414.8,470.8,281.1,271.3,-87.46,-85.65,148.69,150.22,123.84,124.93,23.70,26.02,-1.52,0.0000,0.0065,-0.8402,-0.8469,0.0279,0.0178,1.000,0.03500
744129.7044,964,TRACKING,406.6,285.1,414.8,470.8,281.1,271.3,-87.46,-86.15,148.69,149.76,123.84,124.93,23.20,25.56,-1.52,0.0000,0.0065,-0.8359,-0.8425,0.0279,0.0219,1.000,0.03500
744129.7379,965,TRACKING,404.0,285.7,417.7,473.5,278.2,272.3,-85.82,-86.15,149.44,149.76,124.73,124.93,23.20,25.56,-1.52,0.0000,0.0065,-0.8359,-0.8425,0.0279,0.0219,1.000,0.03500
744129.7710,966,TRACKING,404.0,285.7,417.7,473.5,278.2,272.3,-85.82,-86.15,149.44,149.76,124.73,124.93,23.20,25.56,-1.52,0.0000,0.0065,-0.8359,-0.8425,0.0279,0.0219,1.000,0.03500
744129.8043,967,TRACKING,404.7,283.1,416.1,471.2,271.8,271.3,-86.54,-86.15,147.63,149.33,125.83,124.93,23.20,25.13,-1.52,0.0000,0.0065,-0.8320,-0.8383,0.0279,0.0219,1.000,0.03500
744129.8375,968,TRACKING,404.7,283.1,416.1,471.2,271.8,271.3,-86.54,-86.15,147.63,148.91,125.83,124.93,23.20,24.71,-1.52,0.0000,0.0065,-0.8281,-0.8342,0.0279,0.0219,1.000,0.03500
744129.8710,969,TRACKING,407.5,283.4,417.2,465.6,267.6,273.2,-86.95,-86.15,145.18,148.18,127.87,125.49,23.20,23.98,-0.96,0.0000,0.0065,-0.8213,-0.8291,0.0177,0.0219,0.960,0.03500
744129.9042,970,TRACKING,408.2,285.8,410.1,465.9,265.4,275.7,-89.42,-86.76,143.34,147.16,127.25,125.96,22.59,22.96,-0.49,0.0000,0.0065,-0.8119,-0.8222,0.0089,0.0167,1.000,0.03500
744129.9376,971,TRACKING,408.2,285.8,410.1,465.9,265.4,275.7,-89.42,-87.39,143.34,146.20,127.25,125.96,21.96,22.00,-0.49,0.0145,0.0065,-0.8030,-0.8145,0.0089,0.0167,1.000,0.03500
744129.9713,972,TRACKING,408.2,283.7,408.1,463.8,263.9,276.5,-90.03,-88.03,142.38,145.25,127.58,126.42,21.32,21.05,-0.03,0.0316,0.0166,-0.7943,-0.8065,0.0005,0.0102,1.000,0.03500
744130.0044,973,TRACKING,408.2,283.7,408.1,463.8,263.9,276.5,-90.03,-88.58,142.38,144.46,127.58,126.42,20.77,20.26,-0.03,0.0461,0.0284,-0.7870,-0.7987,0.0005,0.0063,1.000,0.03500
744130.0380,974,TRACKING,407.2,284.6,411.3,463.2,262.7,277.8,-88.69,-88.58,142.61,143.89,128.70,126.97,20.77,19.69,0.52,0.0461,0.0355,-0.7817,-0.7919,-0.0095,-0.0000,1.000,0.03500
744130.0709,975,TRACKING,407.2,284.6,411.3,463.2,262.7,277.8,-88.69,-88.58,142.61,143.89,128.70,127.44,20.77,19.69,0.99,0.0461,0.0397,-0.7817,-0.7878,-0.0181,-0.0073,1.000,0.03500
744130.1042,976,TRACKING,406.5,285.1,410.0,467.8,260.4,281.8,-88.88,-88.58,142.30,143.42,128.82,127.44,20.77,19.21,0.99,0.0461,0.0397,-0.7774,-0.7836,-0.0181,-0.0116,1.000,0.03500
744130.1382,977,TRACKING,406.1,288.9,412.7,469.8,257.7,281.3,-87.90,-88.58,142.65,143.42,129.45,127.97,20.77,19.21,1.52,0.0461,0.0397,-0.7774,-0.7836,-0.0278,-0.0181,1.000,0.03500
744130.1709,978,TRACKING,406.1,288.9,412.7,469.8,257.7,281.3,-87.90,-88.58,142.65,143.42,129.45,128.39,20.77,19.21,1.94,0.0461,0.0397,-0.7774,-0.7836,-0.0356,-0.0251,1.000,0.03500
744130.2045,979,TRACKING,406.0,288.6,412.2,466.0,253.2,280.2,-88.00,-88.58,141.45,142.95,130.55,128.88,20.77,18.75,2.43,0.0461,0.0397,-0.7731,-0.7794,-0.0446,-0.0329,1.000,0.03500
744130.2377,980,TRACKING,409.1,289.0,410.0,462.3,250.3,279.8,-89.71,-88.58,139.11,142.18,131.18,129.42,20.77,17.98,2.97,0.0461,0.0397,-0.7660,-0.7740,-0.0544,-0.0415,1.000,0.03500
744130.2710,981,TRACKING,409.1,289.0,410.0,462.3,250.3,279.8,-89.71,-88.58,139.11,141.43,131.18,129.89,20.77,17.23,3.44,0.0461,0.0397,-0.7590,-0.7680,-0.0631,-0.0501,1.000,0.03500
744130.3050,982,TRACKING,410.1,290.3,408.5,466.3,248.1,288.2,-90.54,-89.01,137.45,140.53,132.01,130.39,20.34,16.33,3.94,0.0576,0.0469,-0.7507,-0.7611,-0.0722,-0.0590,1.000,0.03500
744130.3375,983,TRACKING,410.1,290.3,408.5,466.3,248.1,288.2,-90.54,-89.01,137.45,139.72,132.01,130.83,20.34,15.52,4.37,0.0576,0.0512,-0.7433,-0.7540,-0.0802,-0.0675,1.000,0.03500
744130.3719,984,TRACKING,411.2,290.3,407.5,465.0,250.1,284.4,-91.19,-89.57,137.73,139.12,131.07,130.83,19.78,14.92,4.37,0.0726,0.0598,-0.7377,-0.7475,-0.0802,-0.0726,1.000,0.03500
744130.4042,985,TRACKING,409.6,289.3,410.5,463.2,247.6,282.3,-89.72,-89.57,138.28,139.12,132.00,130.83,19.78,14.92,4.37,0.0726,0.0649,-0.7377,-0.7436,-0.0802,-0.0726,1.000,0.03500
744130.4378,986,TRACKING,409.6,289.3,410.5,463.2,247.6,282.3,-89.72,-89.57,138.28,139.12,132.00,130.83,19.78,14.92,4.37,0.0726,0.0649,-0.7377,-0.7436,-0.0802,-0.0726,1.000,0.03500
744130.4718,987,TRACKING,408.9,289.7,403.3,468.3,246.8,282.2,-91.79,-90.01,138.15,139.12,130.05,130.83,19.34,14.92,4.37,0.0842,0.0726,-0.7377,-0.7436,-0.0802,-0.0726,1.000,0.03500
744130.5042,988,TRACKING,411.0,288.8,401.6,471.3,248.4,277.2,-92.95,-90.63,138.76,139.12,128.29,130.83,18.72,14.92,4.37,0.1009,0.0839,-0.7377,-0.7436,-0.0802,-0.0726,1.000,0.03500
744130.5379,989,TRACKING,411.0,288.8,401.6,471.3,248.4,277.2,-92.95,-91.22,138.76,139.12,128.29,130.22,18.13,14.92,3.77,0.1166,0.0970,-0.7377,-0.7436,-0.0692,-0.0726,1.000,0.03500
744130.5713,990,TRACKING,408.3,287.4,402.2,469.8,248.7,277.0,-91.92,-91.22,139.55,139.12,128.53,129.74,18.13,14.92,3.29,0.1166,0.1049,-0.7377,-0.7436,-0.0603,-0.0677,1.000,0.03500
744130.6042,991,TRACKING,408.3,287.4,402.2,469.8,248.7,277.0,-91.92,-91.22,139.55,139.12,128.53,129.74,18.13,14.92,3.29,0.1166,0.1096,-0.7377,-0.7436,-0.0603,-0.0677,1.000,0.03500
744130.6377,992,TRACKING,408.8,286.8,403.4,468.2,249.0,277.4,-91.69,-91.22,139.34,139.12,128.98,129.74,18.13,14.92,3.29,0.1166,0.1096,-0.7377,-0.7436,-0.0603,-0.0677,1.000,0.03500
744130.6709,993,TRACKING,408.8,286.1,404.6,466.4,249.3,277.7,-91.32,-91.22,139.22,139.12,129.46,129.74,18.13,14.92,3.29,0.1166,0.1096,-0.7377,-0.7436,-0.0603,-0.0677,1.000,0.03500
744130.7042,994,TRACKING,408.8,286.1,404.6,466.4,249.3,277.7,-91.32,-91.22,139.22,139.12,129.46,129.74,18.13,14.92,3.29,0.1166,0.1096,-0.7377,-0.7436,-0.0603,-0.0677,1.000,0.03500
744130.7387,995,TRACKING,408.5,286.1,402.3,465.7,250.5,278.0,-91.99,-91.22,139.04,139.12,128.97,129.74,18.13,14.92,3.29,0.1166,0.1096,-0.7377,-0.7436,-0.0603,-0.0677,1.000,0.03500
744130.7713,996,TRACKING,408.6,286.0,402.8,468.1,249.3,277.6,-91.80,-91.22,139.34,139.12,128.86,129.74,18.13,14.92,3.29,0.1166,0.1096,-0.7377,-0.7436,-0.0603,-0.0677,1.000,0.03500
744130.8042,997,TRACKING,408.6,286.0,402.8,468.1,249.3,277.6,-91.80,-91.22,139.34,139.12,128.86,129.74,18.13,14.92,3.29,0.1166,0.1096,-0.7377,-0.7436,-0.0603,-0.0677,1.000,0.03500
744130.8379,998,TRACKING,407.5,283.8,399.5,468.1,247.3,277.9,-92.48,-91.22,138.85,139.12,128.67,129.74,18.13,14.92,3.29,0.1166,0.1096,-0.7377,-0.7436,-0.0603,-0.0677,1.000,0.03500
744130.8710,999,TRACKING,408.1,285.0,400.9,468.9,247.7,277.9,-92.23,-91.22,139.04,139.12,128.73,129.74,18.13,14.92,3.29,0.1166,0.1096,-0.7377,-0.7436,-0.0603,-0.0677,1.000,0.03500
744130.9043,1000,TRACKING,408.3,283.9,401.9,467.1,248.8,275.8,-91.99,-91.22,139.33,139.12,128.68,129.74,18.13,14.92,3.29,0.1166,0.1096,-0.7377,-0.7436,-0.0603,-0.0677,1.000,0.03500
744130.9376,1001,TRACKING,409.0,284.1,400.9,463.9,251.6,271.9,-92.56,-91.22,139.57,139.12,127.87,129.25,18.13,14.92,2.80,0.1166,0.1096,-0.7377,-0.7436,-0.0514,-0.0611,1.000,0.03500
744130.9711,1002,TRACKING,409.5,282.5,399.5,463.3,252.8,271.4,-93.15,-91.73,139.45,139.12,127.40,128.79,17.62,14.92,2.34,0.1302,0.1178,-0.7377,-0.7436,-0.0428,-0.0538,1.000,0.03500
744131.0043,1003,TRACKING,409.5,282.5,399.5,463.3,252.8,271.4,-93.15,-91.73,139.45,139.12,127.40,128.79,17.62,14.92,2.34,0.1302,0.1228,-0.7377,-0.7436,-0.0428,-0.0494,1.000,0.03500
744131.0377,1004,TRACKING,408.3,282.4,398.6,465.3,253.1,270.7,-93.05,-92.16,140.17,139.12,126.78,128.26,17.19,14.92,1.81,0.1417,0.1304,-0.7377,-0.7436,-0.0332,-0.0429,1.000,0.03500
744131.0716,1005,TRACKING,408.5,282.7,399.3,465.2,253.6,270.4,-92.86,-92.16,140.33,139.12,126.81,128.26,17.19,14.92,1.81,0.1417,0.1349,-0.7377,-0.7436,-0.0332,-0.0390,1.000,0.03500
744131.1047,1006,TRACKING,408.4,281.3,401.7,463.7,254.5,270.2,-92.12,-92.16,140.63,139.12,127.25,128.26,17.19,14.92,1.81,0.1417,0.1349,-0.7377,-0.7436,-0.0332,-0.0390,1.000,0.03500
744131.1377,1007,TRACKING,408.1,283.0,401.8,466.2,253.1,270.2,-91.97,-92.16,140.84,139.62,127.19,128.26,17.19,15.42,1.81,0.1417,0.1349,-0.7423,-0.7436,-0.0332,-0.0390,1.000,0.03500
744131.1710,1008,TRACKING,408.1,283.0,401.8,466.2,253.1,270.2,-91.97,-92.16,140.84,139.62,127.19,128.26,17.19,15.42,1.81,0.1417,0.1349,-0.7423,-0.7436,-0.0332,-0.0390,1.000,0.03500
744131.2049,1009,TRACKING,408.4,282.3,401.7,465.0,254.6,270.0,-92.08,-92.16,140.87,139.62,127.05,128.26,17.19,15.42,1.81,0.1417,0.1349,-0.7423,-0.7436,-0.0332,-0.0390,1.000,0.03500
744131.2375,1010,TRACKING,408.4,282.3,401.7,465.0,254.6,270.0,-92.08,-92.16,140.87,139.62,127.05,128.26,17.19,15.42,1.81,0.1417,0.1349,-0.7423,-0.7436,-0.0332,-0.0390,1.000,0.03500
744131.2711,1011,TRACKING,408.4,282.3,401.7,465.0,254.6,270.0,-92.08,-92.16,140.87,140.04,127.05,128.26,17.19,15.84,1.81,0.1417,0.1349,-0.7462,-0.7436,-0.0332,-0.0390,1.000,0.03500
744131.3042,1012,TRACKING,407.9,282.0,403.0,466.0,254.0,270.4,-91.55,-92.16,141.16,140.04,127.30,128.26,17.19,15.84,1.81,0.1417,0.1349,-0.7462,-0.7436,-0.0332,-0.0390,1.000,0.03500
744131.3375,1013,TRACKING,407.9,282.0,403.0,466.0,254.0,270.4,-91.55,-92.16,141.16,140.04,127.30,128.26,17.19,15.84,1.81,0.1417,0.1349,-0.7462,-0.7436,-0.0332,-0.0390,1.000,0.03500
744131.3720,1014,TRACKING,409.2,281.5,401.0,465.3,254.7,270.3,-92.55,-92.16,140.56,140.04,126.89,128.26,17.19,15.84,1.81,0.1417,0.1349,-0.7462,-0.7436,-0.0332,-0.0390,1.000,0.03500
744131.4042,1015,TRACKING,409.2,281.5,401.0,465.3,254.7,270.3,-92.55,-92.16,140.56,140.04,126.89,127.82,17.19,15.84,1.37,0.1417,0.1349,-0.7462,-0.7436,-0.0250,-0.0334,1.000,0.03500
744131.4383,1016,TRACKING,408.4,282.4,398.6,467.0,255.2,270.2,-93.03,-92.16,140.88,140.04,126.09,127.39,17.19,15.84,0.94,0.1417,0.1349,-0.7462,-0.7436,-0.0172,-0.0269,1.000,0.03500
744131.4711,1017,TRACKING,409.0,282.2,399.4,465.9,254.4,270.7,-93.01,-92.16,140.39,140.04,126.60,127.39,17.19,15.84,0.94,0.1417,0.1349,-0.7462,-0.7436,-0.0172,-0.0230,1.000,0.03500
744131.5043,1018,TRACKING,409.0,282.2,399.4,465.9,254.4,270.7,-93.01,-92.16,140.39,140.04,126.60,127.39,17.19,15.84,0.94,0.1417,0.1349,-0.7462,-0.7436,-0.0172,-0.0230,1.000,0.03500
744131.5376,1019,TRACKING,409.5,282.1,399.3,462.9,253.8,268.8,-93.24,-92.16,139.91,140.04,126.86,127.39,17.19,15.84,0.94,0.1417,0.1349,-0.7462,-0.7436,-0.0172,-0.0230,1.000,0.03500
744131.5709,1020,TRACKING,409.5,282.1,399.3,462.9,253.8,268.8,-93.24,-92.16,139.91,140.04,126.86,127.39,17.19,15.84,0.94,0.1417,0.1349,-0.7462,-0.7436,-0.0172,-0.0230,1.000,0.03500
744131.6044,1021,TRACKING,408.9,282.6,401.0,461.9,250.6,268.1,-92.51,-92.16,139.68,140.04,127.81,127.39,17.19,15.84,0.94,0.1417,0.1349,-0.7462,-0.7436,-0.0172,-0.0230,1.000,0.03500
744131.6381,1022,TRACKING,408.8,282.9,400.3,463.4,252.0,267.7,-92.70,-92.16,140.15,140.04,127.16,127.39,17.19,15.84,0.94,0.1417,0.1349,-0.7462,-0.7436,-0.0172,-0.0230,1.000,0.03500
744131.6709,1023,TRACKING,408.8,282.9,400.3,463.4,252.0,267.7,-92.70,-92.16,140.15,140.04,127.16,127.39,17.19,15.84,0.94,0.1417,0.1349,-0.7462,-0.7436,-0.0172,-0.0230,1.000,0.03500
744131.7045,1024,TRACKING,409.0,283.6,401.0,464.0,250.4,267.3,-92.56,-92.16,140.01,140.04,127.43,127.39,17.19,15.84,0.94,0.1417,0.1349,-0.7462,-0.7436,-0.0172,-0.0230,1.000,0.03500
744131.7376,1025,TRACKING,409.0,283.6,401.0,464.0,250.4,267.3,-92.56,-92.16,140.01,140.04,127.43,127.39,17.19,15.84,0.94,0.1417,0.1349,-0.7462,-0.7436,-0.0172,-0.0230,1.000,0.03500
744131.7715,1026,TRACKING,409.0,285.2,398.3,465.8,248.7,267.9,-93.38,-92.16,139.53,140.04,127.08,127.39,17.19,15.84,0.94,0.1417,0.1349,-0.7462,-0.7436,-0.0172,-0.0230,1.000,0.03500
744131.8051,1027,TRACKING,407.4,281.9,394.7,463.2,244.1,265.7,-94.01,-92.61,138.66,140.04,127.33,127.39,16.74,15.84,0.94,0.1536,0.1424,-0.7462,-0.7436,-0.0172,-0.0230,1.000,0.03500
744131.8376,1028,TRACKING,407.4,281.9,394.7,463.2,244.1,265.7,-94.01,-92.61,138.66,140.04,127.33,127.39,16.74,15.84,0.94,0.1536,0.1468,-0.7462,-0.7436,-0.0172,-0.0230,1.000,0.03500
744131.8709,1029,TRACKING,409.9,283.7,400.8,465.3,246.6,265.7,-92.86,-92.61,139.45,140.04,127.69,127.39,16.74,15.84,0.94,0.1536,0.1468,-0.7462,-0.7436,-0.0172,-0.0230,1.000,0.03500
744131.9048,1030,TRACKING,410.1,283.1,395.8,465.6,245.6,264.8,-94.48,-93.04,138.73,140.04,126.79,127.39,16.31,15.84,0.94,0.1651,0.1541,-0.7462,-0.7436,-0.0172,-0.0230,0.805,0.03274
744131.9378,1031,TRACKING,410.1,283.1,395.8,465.6,245.6,264.8,-94.48,-93.04,138.73,140.04,126.79,127.39,16.31,15.84,0.94,0.1651,0.1585,-0.7462,-0.7436,-0.0172,-0.0230,0.805,0.03274
744131.9710,1032,TRACKING,409.6,281.0,395.6,464.6,244.3,260.0,-94.33,-93.04,139.18,140.04,126.49,127.39,16.31,15.84,0.94,0.1651,0.1585,-0.7462,-0.7436,-0.0172,-0.0230,0.572,0.02111
744132.0076,1033,TRACKING,409.6,281.0,395.6,464.6,244.3,260.0,-94.33,-93.47,139.18,140.04,126.49,127.39,15.88,15.84,0.94,0.1766,0.1658,-0.7462,-0.7436,-0.0172,-0.0230,0.572,0.02111
744132.0375,1034,TRACKING,408.9,281.7,392.6,466.9,242.0,257.7,-95.04,-93.47,139.20,140.04,125.76,127.39,15.88,15.84,0.94,0.1766,0.1701,-0.7462,-0.7436,-0.0172,-0.0230,0.456,0.01530
744132.0754,1035,TRACKING,408.9,281.7,392.6,466.9,242.0,257.7,-95.04,-93.94,139.20,140.04,125.76,126.91,15.41,15.84,0.46,0.1891,0.1777,-0.7462,-0.7436,-0.0084,-0.0172,0.456,0.01530
744132.1057,1036,TRACKING,409.1,280.2,393.7,468.7,242.1,256.9,-94.67,-93.94,139.73,140.04,125.60,126.91,15.41,15.84,0.46,0.1891,0.1823,-0.7462,-0.7436,-0.0084,-0.0137,0.331,0.00906
744132.1375,1037,TRACKING,409.1,280.2,393.7,468.7,242.1,256.9,-94.67,-93.94,139.73,140.04,125.60,126.91,15.41,15.84,0.46,0.1891,0.1823,-0.7462,-0.7436,-0.0084,-0.0137,0.331,0.00906
744132.1710,1038,TRACKING,408.0,282.6,393.8,472.2,240.8,257.6,-94.28,-93.94,140.24,140.04,125.48,126.46,15.41,15.84,0.01,0.1891,0.1823,-0.7462,-0.7436,-0.0001,-0.0082,0.385,0.01175
744132.2070,1039,TRACKING,408.0,282.6,393.8,472.2,240.8,257.6,-94.28,-93.94,140.24,140.04,125.48,126.46,15.41,15.84,0.01,0.1891,0.1823,-0.7462,-0.7436,-0.0001,-0.0050,0.385,0.01175
744132.2398,1040,TRACKING,409.2,281.5,394.4,468.8,239.9,257.8,-94.53,-93.94,139.26,140.04,126.21,126.46,15.41,15.84,0.01,0.1891,0.1823,-0.7462,-0.7436,-0.0001,-0.0050,0.368,0.01088
744132.2710,1041,TRACKING,409.2,281.5,394.4,468.8,239.9,257.8,-94.53,-93.94,139.26,140.04,126.21,126.46,15.41,15.84,0.01,0.1891,0.1823,-0.7462,-0.7436,-0.0001,-0.0050,0.368,0.01088
744132.3045,1042,TRACKING,409.0,280.8,395.6,468.5,239.9,257.3,-94.06,-93.94,139.53,140.04,126.41,126.46,15.41,15.84,0.01,0.1891,0.1823,-0.7462,-0.7436,-0.0001,-0.0050,0.377,0.01088
744132.3376,1043,TRACKING,409.0,280.8,395.6,468.5,239.9,257.3,-94.06,-93.94,139.53,140.04,126.41,126.46,15.41,15.84,0.01,0.1891,0.1823,-0.7462,-0.7436,-0.0001,-0.0050,0.377,0.01088
744132.3711,1044,TRACKING,409.5,281.9,396.6,469.3,239.7,256.8,-93.93,-93.94,139.64,140.04,126.43,126.46,15.41,15.84,0.01,0.1891,0.1823,-0.7462,-0.7436,-0.0001,-0.0050,0.332,0.00908
744132.4047,1045,TRACKING,407.9,280.2,394.1,470.4,239.5,256.8,-94.13,-93.94,139.98,140.04,125.90,126.46,15.41,15.84,0.01,0.1891,0.1823,-0.7462,-0.7436,-0.0001,-0.0050,0.323,0.00908
744132.4375,1046,TRACKING,407.9,280.2,394.1,470.4,239.5,256.8,-94.13,-93.94,139.98,140.04,125.90,126.46,15.41,15.84,0.01,0.1891,0.1823,-0.7462,-0.7436,-0.0001,-0.0050,0.323,0.00908
744132.4710,1047,TRACKING,408.3,281.3,393.3,469.6,239.0,256.1,-94.58,-93.94,139.58,140.04,125.84,126.46,15.41,15.84,0.01,0.1891,0.1823,-0.7462,-0.7436,-0.0001,-0.0050,0.257,0.00536
744132.5077,1048,TRACKING,408.3,281.3,393.3,469.6,239.0,256.1,-94.58,-93.94,139.58,140.04,125.84,126.46,15.41,15.84,0.01,0.1891,0.1823,-0.7462,-0.7436,-0.0001,-0.0050,0.257,0.00536
744132.5377,1049,TRACKING,409.9,282.0,393.6,469.3,239.9,256.1,-94.98,-93.94,139.25,140.04,125.78,126.46,15.41,15.84,0.01,0.1891,0.1823,-0.7462,-0.7436,-0.0001,-0.0050,0.296,0.00730
744132.5709,1050,TRACKING,409.9,282.0,393.6,469.3,239.9,256.1,-94.98,-93.94,139.25,140.04,125.78,126.46,15.41,15.84,0.01,0.1891,0.1823,-0.7462,-0.7436,-0.0001,-0.0050,0.296,0.00730
744132.6042,1051,TRACKING,408.9,280.8,394.5,466.5,240.5,256.2,-94.46,-93.94,139.32,140.04,126.22,126.46,15.41,15.84,0.01,0.1891,0.1823,-0.7462,-0.7436,-0.0001,-0.0050,0.256,0.00530
744132.6394,1052,TRACKING,409.1,281.9,392.3,468.2,241.1,256.3,-95.15,-93.94,139.35,140.04,125.50,126.46,15.41,15.84,0.01,0.1891,0.1823,-0.7462,-0.7436,-0.0001,-0.0050,0.312,0.00812
744132.6710,1053,TRACKING,409.0,282.3,394.5,468.2,241.2,255.0,-94.46,-93.94,139.81,140.04,125.72,126.46,15.41,15.84,0.01,0.1891,0.1823,-0.7462,-0.7436,-0.0001,-0.0050,0.257,0.00534
744132.7042,1054,TRACKING,409.0,282.3,394.5,468.2,241.2,255.0,-94.46,-93.94,139.81,140.04,125.72,126.46,15.41,15.84,0.01,0.1891,0.1823,-0.7462,-0.7436,-0.0001,-0.0050,0.257,0.00534
744132.7376,1055,TRACKING,409.4,282.2,396.4,466.9,241.0,254.9,-94.04,-93.94,139.71,140.04,126.25,126.46,15.41,15.84,0.01,0.1891,0.1823,-0.7462,-0.7436,-0.0001,-0.0050,0.273,0.00616
744132.7709,1056,TRACKING,409.9,283.4,396.5,467.1,240.7,254.7,-94.17,-93.94,139.56,140.04,126.27,126.46,15.41,15.84,0.01,0.1891,0.1823,-0.7462,-0.7436,-0.0001,-0.0050,0.280,0.00616
744132.8061,1057,TRACKING,410.4,284.6,396.0,468.8,240.6,254.5,-94.46,-93.94,139.60,140.04,125.95,126.46,15.41,15.84,0.01,0.1891,0.1823,-0.7462,-0.7436,-0.0001,-0.0050,0.263,0.00616
744132.8383,1058,TRACKING,409.4,281.5,396.7,466.9,240.7,254.5,-93.92,-93.94,139.79,140.04,126.29,126.46,15.41,15.84,0.01,0.1891,0.1823,-0.7462,-0.7436,-0.0001,-0.0050,0.237,0.00433
744132.8711,1059,TRACKING,409.1,282.5,396.5,467.3,241.0,255.0,-93.90,-93.94,139.89,140.04,126.21,126.46,15.41,15.84,0.01,0.1891,0.1823,-0.7462,-0.7436,-0.0001,-0.0050,0.294,0.00718
744132.9042,1060,TRACKING,409.1,282.5,396.5,467.3,241.0,255.0,-93.90,-93.94,139.89,140.04,126.21,126.46,15.41,15.84,0.01,0.1891,0.1823,-0.7462,-0.7436,-0.0001,-0.0050,0.294,0.00718
744132.9375,1061,TRACKING,409.8,283.1,394.2,468.4,240.8,254.3,-94.82,-93.94,139.57,140.04,125.61,126.46,15.41,15.84,0.01,0.1891,0.1823,-0.7462,-0.7436,-0.0001,-0.0050,0.268,0.00589
744132.9709,1062,TRACKING,409.4,282.2,398.9,467.2,240.7,254.3,-93.24,-93.94,140.14,140.04,126.61,126.46,15.41,15.84,0.01,0.1891,0.1823,-0.7462,-0.7436,-0.0001,-0.0050,0.256,0.00589
744133.0044,1063,TRACKING,408.6,281.7,397.6,467.8,240.7,254.7,-93.40,-93.94,140.23,140.04,126.37,126.46,15.41,15.84,0.01,0.1891,0.1823,-0.7462,-0.7436,-0.0001,-0.0050,0.230,0.00398
744133.0375,1064,TRACKING,409.4,281.2,397.1,467.5,240.5,254.4,-93.76,-93.94,139.91,140.04,126.33,126.46,15.41,15.84,0.01,0.1891,0.1823,-0.7462,-0.7436,-0.0001,-0.0050,0.217,0.00398
744133.0709,1065,TRACKING,409.4,281.2,397.1,467.5,240.5,254.4,-93.76,-93.94,139.91,140.04,126.33,126.46,15.41,15.84,0.01,0.1891,0.1823,-0.7462,-0.7436,-0.0001,-0.0050,0.217,0.00398
744133.1083,1066,TRACKING,408.4,281.1,397.3,465.5,240.6,253.8,-93.44,-93.94,140.06,140.04,126.50,126.46,15.41,15.84,0.01,0.1891,0.1823,-0.7462,-0.7436,-0.0001,-0.0050,0.168,0.00092
744133.1397,1067,TRACKING,408.7,282.0,396.3,466.9,240.8,254.7,-93.84,-93.94,139.93,140.04,126.23,126.46,15.41,15.84,0.01,0.1891,0.1823,-0.7462,-0.7436,-0.0001,-0.0050,0.229,0.00395
744133.1719,1068,TRACKING,409.1,281.8,397.6,465.7,241.5,253.9,-93.58,-93.94,140.03,140.04,126.39,126.46,15.41,15.84,0.01,0.1891,0.1823,-0.7462,-0.7436,-0.0001,-0.0050,0.231,0.00395
744133.2048,1069,TRACKING,408.8,281.5,397.2,466.2,242.1,254.2,-93.58,-93.94,140.23,140.04,126.19,126.46,15.41,15.84,0.01,0.1891,0.1823,-0.7462,-0.7436,-0.0001,-0.0050,0.292,0.00709
744133.2376,1070,TRACKING,408.9,280.6,398.4,465.4,242.1,253.2,-93.25,-93.94,140.36,140.04,126.39,126.46,15.41,15.84,0.01,0.1891,0.1823,-0.7462,-0.7436,-0.0001,-0.0050,0.210,0.00298
744133.2719,1071,TRACKING,408.7,281.7,403.7,464.3,243.6,253.8,-91.55,-93.47,141.20,140.04,127.26,126.46,15.88,15.84,0.01,0.1766,0.1823,-0.7462,-0.7436,-0.0001,-0.0050,0.285,0.00674
744133.3042,1072,TRACKING,408.7,281.7,403.7,464.3,243.6,253.8,-91.55,-93.00,141.20,140.04,127.26,126.46,16.35,15.84,0.01,0.1641,0.1750,-0.7462,-0.7436,-0.0001,-0.0050,0.285,0.00674
744133.3376,1073,TRACKING,408.6,281.0,399.5,463.9,243.0,254.0,-92.83,-93.00,140.45,140.04,126.72,126.46,16.35,15.84,0.01,0.1641,0.1706,-0.7462,-0.7436,-0.0001,-0.0050,0.232,0.00411
744133.3709,1074,TRACKING,408.3,282.3,400.5,463.4,243.0,253.2,-92.45,-93.00,140.71,140.04,126.85,126.46,16.35,15.84,0.01,0.1641,0.1706,-0.7462,-0.7436,-0.0001,-0.0050,0.221,0.00411
744133.4044,1075,TRACKING,407.9,281.2,401.2,463.9,242.8,253.5,-92.12,-93.00,140.92,140.04,126.96,126.46,16.35,15.84,0.01,0.1641,0.1706,-0.7462,-0.7436,-0.0001,-0.0050,0.244,0.00411
744133.4375,1076,TRACKING,407.9,281.2,401.2,463.9,242.8,253.5,-92.12,-93.00,140.92,140.04,126.96,126.46,16.35,15.84,0.01,0.1641,0.1706,-0.7462,-0.7436,-0.0001,-0.0050,0.244,0.00411
744133.4710,1077,TRACKING,408.2,282.7,398.8,464.6,241.5,253.1,-92.97,-93.00,140.39,140.04,126.64,126.46,16.35,15.84,0.01,0.1641,0.1706,-0.7462,-0.7436,-0.0001,-0.0050,0.193,0.00214
744133.5046,1078,TRACKING,408.6,281.2,397.6,465.3,241.5,253.0,-93.40,-93.00,140.25,140.04,126.34,126.46,16.35,15.84,0.01,0.1641,0.1706,-0.7462,-0.7436,-0.0001,-0.0050,0.215,0.00326
744133.5377,1079,TRACKING,408.2,280.8,401.0,462.6,241.8,252.7,-92.25,-93.00,140.56,140.04,127.19,126.46,16.35,15.84,0.01,0.1641,0.1706,-0.7462,-0.7436,-0.0001,-0.0050,0.215,0.00326
744133.5710,1080,TRACKING,408.2,280.8,401.0,462.6,241.8,252.7,-92.25,-93.00,140.56,140.04,127.19,126.46,16.35,15.84,0.01,0.1641,0.1706,-0.7462,-0.7436,-0.0001,-0.0050,0.215,0.00326
744133.6042,1081,TRACKING,408.5,280.4,400.3,462.4,241.5,252.6,-92.60,-93.00,140.27,140.04,127.13,126.46,16.35,15.84,0.01,0.1641,0.1706,-0.7462,-0.7436,-0.0001,-0.0050,0.200,0.00326
744133.6380,1082,TRACKING,408.6,281.0,398.5,464.3,242.2,252.5,-93.15,-93.00,140.42,140.04,126.43,126.46,16.35,15.84,0.01,0.1641,0.1706,-0.7462,-0.7436,-0.0001,-0.0050,0.209,0.00326
744133.6715,1083,TRACKING,408.8,281.0,398.9,461.1,241.8,251.8,-93.16,-93.00,139.95,140.04,126.89,126.46,16.35,15.84,0.01,0.1641,0.1706,-0.7462,-0.7436,-0.0001,-0.0050,0.208,0.00326
744133.7042,1084,TRACKING,407.9,280.9,399.2,461.6,242.6,252.0,-92.75,-93.00,140.48,140.04,126.77,126.46,16.35,15.84,0.01,0.1641,0.1706,-0.7462,-0.7436,-0.0001,-0.0050,0.274,0.00619
744133.7379,1085,TRACKING,408.4,281.1,398.6,464.1,243.1,252.4,-93.06,-93.00,140.63,140.04,126.31,126.46,16.35,15.84,0.01,0.1641,0.1706,-0.7462,-0.7436,-0.0001,-0.0050,0.272,0.00619
744133.7710,1086,TRACKING,408.9,281.2,398.4,463.1,242.8,252.8,-93.31,-93.00,140.20,140.04,126.49,126.46,16.35,15.84,0.01,0.1641,0.1706,-0.7462,-0.7436,-0.0001,-0.0050,0.218,0.00341
744133.8071,1087,TRACKING,409.2,280.7,396.9,463.7,243.3,252.3,-93.83,-93.00,140.16,140.04,126.01,126.46,16.35,15.84,0.01,0.1641,0.1706,-0.7462,-0.7436,-0.0001,-0.0050,0.286,0.00678
744133.8385,1088,TRACKING,408.7,281.5,398.4,465.1,243.7,253.2,-93.23,-93.00,140.65,140.04,126.12,126.46,16.35,15.84,0.01,0.1641,0.1706,-0.7462,-0.7436,-0.0001,-0.0050,0.260,0.00548
744133.8716,1089,TRACKING,408.6,281.3,399.3,462.7,244.5,254.3,-92.95,-93.00,140.44,140.04,126.61,126.46,16.35,15.84,0.01,0.1641,0.1706,-0.7462,-0.7436,-0.0001,-0.0050,0.291,0.00707
744133.9042,1090,TRACKING,408.6,281.3,399.3,462.7,244.5,254.3,-92.95,-93.00,140.44,140.04,126.61,126.46,16.35,15.84,0.01,0.1641,0.1706,-0.7462,-0.7436,-0.0001,-0.0050,0.291,0.00707
744133.9377,1091,TRACKING,409.7,281.3,400.0,462.6,243.8,253.7,-93.08,-93.00,140.13,140.04,126.79,126.46,16.35,15.84,0.01,0.1641,0.1706,-0.7462,-0.7436,-0.0001,-0.0050,0.280,0.00707
744133.9709,1092,TRACKING,409.9,282.2,398.2,463.0,242.9,253.6,-93.68,-93.00,139.76,140.04,126.56,126.46,16.35,15.84,0.01,0.1641,0.1706,-0.7462,-0.7436,-0.0001,-0.0050,0.240,0.00448
744134.0048,1093,TRACKING,409.7,282.4,400.6,461.9,243.8,252.4,-92.90,-93.00,140.30,140.04,126.80,126.46,16.35,15.84,0.01,0.1641,0.1706,-0.7462,-0.7436,-0.0001,-0.0050,0.284,0.00672
744134.0377,1094,TRACKING,409.9,279.8,398.3,463.0,243.4,253.9,-93.65,-93.00,139.82,140.04,126.52,126.46,16.35,15.84,0.01,0.1641,0.1706,-0.7462,-0.7436,-0.0001,-0.0050,0.247,0.00485
744134.0710,1095,TRACKING,408.4,281.4,398.2,464.2,243.2,252.2,-93.22,-93.00,140.63,140.04,126.15,126.46,16.35,15.84,0.01,0.1641,0.1706,-0.7462,-0.7436,-0.0001,-0.0050,0.259,0.00485
744134.1043,1096,TRACKING,409.2,281.7,398.0,464.2,242.9,253.3,-93.51,-93.00,140.15,140.04,126.34,126.46,16.35,15.84,0.01,0.1641,0.1706,-0.7462,-0.7436,-0.0001,-0.0050,0.251,0.00485
744134.1375,1097,TRACKING,410.0,282.5,397.9,465.5,242.5,253.2,-93.78,-93.00,140.02,140.04,126.20,126.46,16.35,15.84,0.01,0.1641,0.1706,-0.7462,-0.7436,-0.0001,-0.0050,0.283,0.00663
744134.1712,1098,TRACKING,410.0,282.8,397.1,464.4,243.1,253.4,-94.05,-93.00,139.82,140.04,126.13,126.46,16.35,15.84,0.01,0.1641,0.1706,-0.7462,-0.7436,-0.0001,-0.0050,0.262,0.00561
744134.2048,1099,TRACKING,409.4,282.8,397.3,466.4,242.5,252.9,-93.79,-93.00,140.27,140.04,125.94,126.46,16.35,15.84,0.01,0.1641,0.1706,-0.7462,-0.7436,-0.0001,-0.0050,0.245,0.00476
744134.2379,1100,TRACKING,409.9,281.8,397.0,464.2,241.4,252.1,-94.05,-93.00,139.69,140.04,126.25,126.46,16.35,15.84,0.01,0.1641,0.1706,-0.7462,-0.7436,-0.0001,-0.0050,0.226,0.00382
744134.2712,1101,TRACKING,410.3,281.6,397.9,462.7,241.5,251.7,-93.92,-93.00,139.53,140.04,126.55,126.46,16.35,15.84,0.01,0.1641,0.1706,-0.7462,-0.7436,-0.0001,-0.0050,0.209,0.00296
744134.3045,1102,TRACKING,410.0,281.8,397.1,464.6,241.9,252.9,-94.06,-93.00,139.69,140.04,126.24,126.46,16.35,15.84,0.01,0.1641,0.1706,-0.7462,-0.7436,-0.0001,-0.0050,0.271,0.00605
744134.3389,1103,TRACKING,409.4,281.2,397.1,465.6,242.7,252.2,-93.82,-93.00,140.29,140.04,125.89,126.46,16.35,15.84,0.01,0.1641,0.1706,-0.7462,-0.7436,-0.0001,-0.0050,0.265,0.00605
744134.3709,1104,TRACKING,409.4,281.2,397.1,465.6,242.7,252.2,-93.82,-93.00,140.29,140.04,125.89,126.46,16.35,15.84,0.01,0.1641,0.1706,-0.7462,-0.7436,-0.0001,-0.0050,0.265,0.00605
744134.4042,1105,TRACKING,409.8,281.9,398.7,463.3,243.2,251.9,-93.51,-93.00,140.15,140.04,126.34,126.46,16.35,15.84,0.01,0.1641,0.1706,-0.7462,-0.7436,-0.0001,-0.0050,0.254,0.00522
744134.4375,1106,TRACKING,409.7,281.0,400.7,463.5,243.7,251.9,-92.82,-93.00,140.61,140.04,126.57,126.46,16.35,15.84,0.01,0.1641,0.1706,-0.7462,-0.7436,-0.0001,-0.0050,0.316,0.00829
744134.4787,1107,TRACKING,409.0,281.1,400.3,462.9,243.9,251.8,-92.74,-93.00,140.71,140.04,126.55,126.46,16.35,15.84,0.01,0.1641,0.1706,-0.7462,-0.7436,-0.0001,-0.0050,0.282,0.00662
744134.5043,1108,TRACKING,408.6,281.2,400.4,463.1,243.7,251.8,-92.57,-93.00,140.87,140.04,126.56,126.46,16.35,15.84,0.01,0.1641,0.1706,-0.7462,-0.7436,-0.0001,-0.0050,0.281,0.00662
744134.5382,1109,TRACKING,409.1,276.9,402.5,457.8,243.4,251.2,-92.09,-93.00,140.31,140.04,127.60,126.46,16.35,15.84,0.01,0.1641,0.1706,-0.7462,-0.7436,-0.0001,-0.0050,0.277,0.00662
744134.5710,1110,TRACKING,409.7,276.8,400.5,457.9,243.8,251.4,-92.90,-93.00,139.90,140.04,127.19,126.46,16.35,15.84,0.01,0.1641,0.1706,-0.7462,-0.7436,-0.0001,-0.0050,0.285,0.00662
744134.6047,1111,TRACKING,409.0,276.2,401.6,457.0,243.9,250.9,-92.34,-93.00,140.24,140.04,127.42,126.46,16.35,15.84,0.01,0.1641,0.1706,-0.7462,-0.7436,-0.0001,-0.0050,0.301,0.00754
744134.6376,1112,TRACKING,409.2,276.2,404.9,456.8,245.0,250.7,-91.35,-93.00,140.83,140.04,127.82,126.46,16.35,15.84,0.01,0.1641,0.1706,-0.7462,-0.7436,-0.0001,-0.0050,0.346,0.00979
744134.6719,1113,TRACKING,409.2,276.2,404.9,456.8,245.0,250.7,-91.35,-92.55,140.83,140.04,127.82,126.46,16.80,15.84,0.01,0.1520,0.1632,-0.7462,-0.7436,-0.0001,-0.0050,0.346,0.00979
744134.7061,1114,TRACKING,409.8,280.9,400.2,461.5,246.1,253.0,-93.04,-92.55,140.50,140.04,126.46,126.46,16.80,15.84,0.01,0.1520,0.1587,-0.7462,-0.7436,-0.0001,-0.0050,0.379,0.01146
744134.7386,1115,TRACKING,409.9,281.2,400.4,460.2,245.0,252.9,-93.03,-92.55,140.11,140.04,126.86,126.46,16.80,15.84,0.01,0.1520,0.1587,-0.7462,-0.7436,-0.0001,-0.0050,0.443,0.01465
744134.7709,1116,TRACKING,409.9,281.2,400.4,460.2,245.0,252.9,-93.03,-92.55,140.11,140.04,126.86,126.46,16.80,15.84,0.01,0.1520,0.1587,-0.7462,-0.7436,-0.0001,-0.0050,0.443,0.01465
744134.8042,1117,TRACKING,409.9,276.9,400.9,454.7,244.7,251.8,-92.89,-92.55,139.51,140.04,127.59,126.46,16.80,15.84,0.01,0.1520,0.1587,-0.7462,-0.7436,-0.0001,-0.0050,0.542,0.01960
744134.8379,1118,TRACKING,409.1,281.8,397.1,459.9,243.8,253.2,-93.85,-92.55,139.59,140.04,126.55,126.46,16.80,15.84,0.01,0.1520,0.1587,-0.7462,-0.7436,-0.0001,-0.0050,0.748,0.02990
744134.8716,1119,TRACKING,409.1,281.8,397.1,459.9,243.8,253.2,-93.85,-92.55,139.59,140.04,126.55,126.46,16.80,15.84,0.01,0.1520,0.1587,-0.7462,-0.7436,-0.0001,-0.0050,0.748,0.02990
744134.9043,1120,TRACKING,410.6,278.0,397.5,452.4,245.0,252.7,-94.30,-93.01,138.34,140.04,127.36,126.46,16.33,15.84,0.01,0.1645,0.1587,-0.7462,-0.7436,-0.0001,-0.0050,0.837,0.03433
744134.9378,1121,TRACKING,412.1,279.7,398.8,452.9,242.4,252.9,-94.40,-93.01,137.57,139.47,128.03,126.46,16.33,15.27,0.01,0.1645,0.1587,-0.7410,-0.7436,-0.0001,-0.0050,1.000,0.03433
744134.9713,1122,TRACKING,412.1,279.7,398.8,452.9,242.4,252.9,-94.40,-93.44,137.57,138.97,128.03,126.90,15.90,14.77,0.45,0.1759,0.1656,-0.7363,-0.7436,-0.0082,-0.0050,1.000,0.03433
744135.0042,1123,TRACKING,412.1,279.7,398.8,452.9,242.4,252.9,-94.40,-93.44,137.57,138.97,128.03,126.90,15.90,14.77,0.45,0.1759,0.1697,-0.7363,-0.7436,-0.0082,-0.0050,1.000,0.03433
744135.0390,1124,TRACKING,410.4,278.9,398.9,450.5,241.3,249.6,-93.82,-93.44,138.07,138.97,128.11,126.90,15.90,14.77,0.45,0.1759,0.1697,-0.7363,-0.7436,-0.0082,-0.0050,1.000,0.03433
744135.0718,1125,TRACKING,410.4,278.9,398.9,450.5,241.3,249.6,-93.82,-93.44,138.07,138.97,128.11,126.90,15.90,14.77,0.45,0.1759,0.1697,-0.7363,-0.7436,-0.0082,-0.0050,1.000,0.03433
744135.1044,1126,TRACKING,410.4,278.9,398.9,450.5,241.3,249.6,-93.82,-93.44,138.07,138.97,128.11,126.90,15.90,14.77,0.45,0.1759,0.1697,-0.7363,-0.7436,-0.0082,-0.0050,1.000,0.03433
744135.1385,1127,TRACKING,409.4,278.0,396.8,450.5,239.2,251.3,-94.19,-93.44,137.47,138.97,128.34,127.35,15.90,14.77,0.90,0.1759,0.1697,-0.7363,-0.7436,-0.0165,-0.0096,1.000,0.03433
744135.1715,1128,TRACKING,409.4,278.0,396.8,450.5,239.2,251.3,-94.19,-93.44,137.47,138.50,128.34,127.35,15.90,14.30,0.90,0.1759,0.1697,-0.7320,-0.7390,-0.0165,-0.0096,1.000,0.03433
744135.2042,1129,TRACKING,410.0,279.1,395.0,448.6,242.8,254.6,-95.03,-93.44,136.85,138.08,128.11,127.35,15.90,13.88,0.90,0.1759,0.1697,-0.7281,-0.7346,-0.0165,-0.0096,1.000,0.03433
744135.2377,1130,TRACKING,410.0,279.1,395.0,448.6,242.8,254.6,-95.03,-93.90,136.85,138.08,128.11,127.35,15.45,13.88,0.90,0.1881,0.1770,-0.7281,-0.7346,-0.0165,-0.0096,1.000,0.03433
744135.2719,1131,TRACKING,410.5,279.6,395.4,449.9,245.3,254.7,-95.04,-93.90,137.40,138.08,127.57,127.35,15.45,13.88,0.90,0.1881,0.1815,-0.7281,-0.7346,-0.0165,-0.0096,1.000,0.03433
744135.3047,1132,TRACKING,410.5,279.6,395.4,449.9,245.3,254.7,-95.04,-93.90,137.40,138.08,127.57,127.35,15.45,13.88,0.90,0.1881,0.1815,-0.7281,-0.7346,-0.0165,-0.0096,1.000,0.03433
744135.3380,1133,TRACKING,410.9,279.7,399.5,447.8,243.3,252.5,-93.87,-93.90,137.48,138.08,128.65,127.35,15.45,13.88,0.90,0.1881,0.1815,-0.7281,-0.7346,-0.0165,-0.0096,1.000,0.03433
744135.3709,1134,TRACKING,410.9,279.7,399.5,447.8,243.3,252.5,-93.87,-93.90,137.48,138.08,128.65,127.35,15.45,13.88,0.90,0.1881,0.1815,-0.7281,-0.7346,-0.0165,-0.0096,1.000,0.03433
744135.4043,1135,TRACKING,410.2,279.8,399.1,449.2,246.7,253.5,-93.73,-93.90,138.36,138.08,127.91,127.35,15.45,13.88,0.90,0.1881,0.1815,-0.7281,-0.7346,-0.0165,-0.0096,1.000,0.03433
744135.4376,1136,TRACKING,410.2,279.8,399.1,449.2,246.7,253.5,-93.73,-93.90,138.36,138.08,127.91,127.35,15.45,13.88,0.90,0.1881,0.1815,-0.7281,-0.7346,-0.0165,-0.0096,1.000,0.03433
744135.4711,1137,TRACKING,410.2,280.0,398.3,447.6,246.1,255.2,-94.05,-93.90,137.60,138.08,128.35,127.35,15.45,13.88,0.90,0.1881,0.1815,-0.7281,-0.7346,-0.0165,-0.0096,1.000,0.03433
744135.5046,1138,TRACKING,411.0,279.3,398.2,450.2,248.3,255.3,-94.27,-93.90,138.16,138.08,127.57,127.35,15.45,13.88,0.90,0.1881,0.1815,-0.7281,-0.7346,-0.0165,-0.0096,1.000,0.03433
744135.5378,1139,TRACKING,411.0,279.3,398.2,450.2,248.3,255.3,-94.27,-93.90,138.16,138.08,127.57,127.35,15.45,13.88,0.90,0.1881,0.1815,-0.7281,-0.7346,-0.0165,-0.0096,1.000,0.03433
744135.5710,1140,TRACKING,410.2,278.4,396.8,450.7,247.9,255.2,-94.47,-93.90,138.24,138.08,127.29,127.35,15.45,13.88,0.90,0.1881,0.1815,-0.7281,-0.7346,-0.0165,-0.0096,1.000,0.03433
744135.6042,1141,TRACKING,410.3,277.7,399.4,449.2,245.3,254.8,-93.64,-93.90,137.95,138.08,128.42,127.35,15.45,13.88,0.90,0.1881,0.1815,-0.7281,-0.7346,-0.0165,-0.0096,1.000,0.03433
744135.6376,1142,TRACKING,409.4,277.5,398.3,451.9,244.7,254.4,-93.64,-93.90,138.49,138.08,127.86,127.35,15.45,13.88,0.90,0.1881,0.1815,-0.7281,-0.7346,-0.0165,-0.0096,1.000,0.03433
744135.6715,1143,TRACKING,410.7,276.6,402.8,451.1,240.7,256.6,-92.62,-93.90,137.58,138.08,129.80,127.85,15.45,13.88,1.40,0.1881,0.1815,-0.7281,-0.7346,-0.0256,-0.0160,1.000,0.03433
744135.7042,1144,TRACKING,410.7,276.6,402.8,451.1,240.7,256.6,-92.62,-93.90,137.58,138.08,129.80,128.33,15.45,13.88,1.88,0.1881,0.1815,-0.7281,-0.7346,-0.0345,-0.0234,1.000,0.03433
744135.7388,1145,TRACKING,410.0,276.6,399.2,452.8,243.1,259.0,-93.50,-93.90,137.64,138.08,128.85,128.33,15.45,13.88,1.88,0.1881,0.1815,-0.7281,-0.7346,-0.0345,-0.0278,1.000,0.03433
744135.7719,1146,TRACKING,410.0,276.6,399.2,452.8,243.1,259.0,-93.50,-93.90,137.64,138.08,128.85,128.33,15.45,13.88,1.88,0.1881,0.1815,-0.7281,-0.7346,-0.0345,-0.0278,1.000,0.03433
744135.8048,1147,TRACKING,410.3,279.4,399.5,465.5,245.5,262.6,-93.32,-93.90,139.47,138.08,127.21,128.33,15.45,13.88,1.88,0.1881,0.1815,-0.7281,-0.7346,-0.0345,-0.0278,0.945,0.03433
744135.8376,1148,TRACKING,410.3,279.4,399.5,465.5,245.5,262.6,-93.32,-93.90,139.47,138.08,127.21,128.33,15.45,13.88,1.88,0.1881,0.1815,-0.7281,-0.7346,-0.0345,-0.0278,0.945,0.03433
744135.8710,1149,TRACKING,409.9,279.9,397.2,463.9,244.0,256.8,-93.93,-93.90,139.57,138.08,126.49,128.33,15.45,13.88,1.88,0.1881,0.1815,-0.7281,-0.7346,-0.0345,-0.0278,0.752,0.03011
744135.9062,1150,TRACKING,409.9,279.9,397.2,463.9,244.0,256.8,-93.93,-93.90,139.57,138.53,126.49,127.82,15.45,14.33,1.37,0.1881,0.1815,-0.7323,-0.7346,-0.0251,-0.0278,0.752,0.03011
744135.9378,1151,TRACKING,408.7,279.8,399.1,463.9,246.0,252.6,-92.99,-93.90,141.09,139.10,125.92,127.33,15.45,14.90,0.88,0.1881,0.1815,-0.7376,-0.7346,-0.0162,-0.0232,0.510,0.01799
744135.9730,1152,TRACKING,408.7,279.8,399.1,463.9,246.0,252.6,-92.99,-93.90,141.09,139.62,125.92,127.33,15.45,15.42,0.88,0.1881,0.1815,-0.7423,-0.7346,-0.0162,-0.0232,0.510,0.01799
744136.0042,1153,TRACKING,409.5,281.3,400.4,465.1,246.1,252.1,-92.81,-93.90,141.26,140.06,125.93,126.89,15.45,15.86,0.44,0.1881,0.1815,-0.7464,-0.7393,-0.0081,-0.0172,0.370,0.01101
744136.0377,1154,TRACKING,409.5,281.3,400.4,465.1,246.1,252.1,-92.81,-93.90,141.26,140.06,125.93,126.89,15.45,15.86,0.44,0.1881,0.1815,-0.7464,-0.7393,-0.0081,-0.0135,0.370,0.01101
744136.0719,1155,TRACKING,408.6,280.1,402.4,461.6,245.5,251.0,-91.95,-93.41,141.37,140.06,126.68,126.89,15.94,15.86,0.44,0.1749,0.1815,-0.7464,-0.7393,-0.0081,-0.0135,0.312,0.00808
744136.1043,1156,TRACKING,408.6,280.1,402.4,461.6,245.5,251.0,-91.95,-93.41,141.37,140.49,126.68,126.89,15.94,16.28,0.44,0.1749,0.1815,-0.7503,-0.7437,-0.0081,-0.0135,0.312,0.00808
744136.1377,1157,TRACKING,409.1,279.8,404.2,461.2,246.2,250.6,-91.54,-92.89,141.57,140.49,126.89,126.89,16.46,16.28,0.44,0.1612,0.1733,-0.7503,-0.7437,-0.0081,-0.0135,0.299,0.00808
744136.1714,1158,TRACKING,409.1,279.8,404.2,461.2,246.2,250.6,-91.54,-92.89,141.57,140.49,126.89,126.89,16.46,16.28,0.44,0.1612,0.1685,-0.7503,-0.7437,-0.0081,-0.0135,0.299,0.00808
744136.2042,1159,TRACKING,408.8,280.4,403.7,461.3,247.2,251.1,-91.60,-92.47,141.73,140.49,126.67,126.89,16.88,16.28,0.44,0.1499,0.1610,-0.7503,-0.7437,-0.0081,-0.0135,0.275,0.00625
744136.2385,1160,TRACKING,408.8,280.4,403.7,461.3,247.2,251.1,-91.60,-92.47,141.73,140.49,126.67,126.89,16.88,16.28,0.44,0.1499,0.1566,-0.7503,-0.7437,-0.0081,-0.0135,0.275,0.00625
744136.2718,1161,TRACKING,408.5,279.8,399.3,463.2,246.1,250.4,-92.88,-92.47,141.38,140.49,125.74,126.89,16.88,16.28,0.44,0.1499,0.1566,-0.7503,-0.7437,-0.0081,-0.0135,0.224,0.00369
744136.3062,1162,TRACKING,408.5,279.8,399.3,463.2,246.1,250.4,-92.88,-92.47,141.38,140.49,125.74,126.89,16.88,16.28,0.44,0.1499,0.1566,-0.7503,-0.7437,-0.0081,-0.0135,0.224,0.00369
744136.3382,1163,TRACKING,408.8,279.8,402.4,461.6,245.6,249.1,-92.04,-92.47,141.53,140.49,126.43,126.89,16.88,16.28,0.44,0.1499,0.1566,-0.7503,-0.7437,-0.0081,-0.0135,0.234,0.00369
744136.3710,1164,TRACKING,408.8,279.8,402.4,461.6,245.6,249.1,-92.04,-92.47,141.53,140.49,126.43,126.89,16.88,16.28,0.44,0.1499,0.1566,-0.7503,-0.7437,-0.0081,-0.0135,0.234,0.00369
744136.4044,1165,TRACKING,409.1,281.5,401.8,463.5,244.4,250.7,-92.32,-92.47,141.18,140.49,126.49,126.89,16.88,16.28,0.44,0.1499,0.1566,-0.7503,-0.7437,-0.0081,-0.0135,0.193,0.00216
744136.4375,1166,TRACKING,409.1,281.5,401.8,463.5,244.4,250.7,-92.32,-92.47,141.18,140.49,126.49,126.89,16.88,16.28,0.44,0.1499,0.1566,-0.7503,-0.7437,-0.0081,-0.0135,0.193,0.00216
744136.4709,1167,TRACKING,409.9,280.8,400.0,463.2,244.5,250.5,-93.12,-92.47,140.71,140.49,126.17,126.89,16.88,16.28,0.44,0.1499,0.1566,-0.7503,-0.7437,-0.0081,-0.0135,0.176,0.00130
744136.5047,1168,TRACKING,407.8,281.0,401.2,463.5,244.9,250.4,-92.06,-92.47,141.67,140.49,126.27,126.89,16.88,16.28,0.44,0.1499,0.1566,-0.7503,-0.7437,-0.0081,-0.0135,0.176,0.00130
744136.5387,1169,TRACKING,407.8,281.0,401.2,463.5,244.9,250.4,-92.06,-92.47,141.67,140.49,126.27,126.89,16.88,16.28,0.44,0.1499,0.1566,-0.7503,-0.7437,-0.0081,-0.0135,0.176,0.00130
744136.5709,1170,TRACKING,407.9,280.2,399.9,462.7,245.4,250.7,-92.51,-92.47,141.42,140.49,126.07,126.89,16.88,16.28,0.44,0.1499,0.1566,-0.7503,-0.7437,-0.0081,-0.0135,0.202,0.00260
744136.6048,1171,TRACKING,409.3,279.7,402.2,461.5,245.2,249.9,-92.21,-92.47,141.22,140.49,126.57,126.89,16.88,16.28,0.44,0.1499,0.1566,-0.7503,-0.7437,-0.0081,-0.0135,0.182,0.00160
744136.6377,1172,TRACKING,409.3,279.7,402.2,461.5,245.2,249.9,-92.21,-92.47,141.22,140.49,126.57,126.89,16.88,16.28,0.44,0.1499,0.1566,-0.7503,-0.7437,-0.0081,-0.0135,0.182,0.00160
744136.6711,1173,TRACKING,409.4,281.2,403.0,462.7,245.2,249.3,-92.03,-92.47,141.48,140.49,126.50,126.89,16.88,16.28,0.44,0.1499,0.1566,-0.7503,-0.7437,-0.0081,-0.0135,0.180,0.00160
744136.7042,1174,TRACKING,409.5,280.4,403.9,461.9,245.5,249.6,-91.76,-92.47,141.50,140.49,126.74,126.89,16.88,16.28,0.44,0.1499,0.1566,-0.7503,-0.7437,-0.0081,-0.0135,0.186,0.00160
744136.7375,1175,TRACKING,409.5,280.4,403.9,461.9,245.5,249.6,-91.76,-92.47,141.50,140.49,126.74,126.89,16.88,16.28,0.44,0.1499,0.1566,-0.7503,-0.7437,-0.0081,-0.0135,0.186,0.00160
744136.7709,1176,TRACKING,408.4,279.7,402.0,462.9,244.4,250.3,-92.00,-92.47,141.44,140.49,126.56,126.89,16.88,16.28,0.44,0.1499,0.1566,-0.7503,-0.7437,-0.0081,-0.0135,0.141,0.00000
744136.8050,1177,TRACKING,407.6,279.3,400.2,463.2,243.9,250.1,-92.30,-92.47,141.44,140.49,126.26,126.89,16.88,16.28,0.44,0.1499,0.1566,-0.7503,-0.7437,-0.0081,-0.0135,0.110,0.00000
744136.8377,1178,TRACKING,409.2,279.7,400.5,464.3,244.2,250.1,-92.68,-92.47,141.20,140.49,126.12,126.89,16.88,16.28,0.44,0.1499,0.1566,-0.7503,-0.7437,-0.0081,-0.0135,0.144,0.00000
744136.8709,1179,TRACKING,409.2,279.7,400.5,464.3,244.2,250.1,-92.68,-92.47,141.20,140.49,126.12,126.89,16.88,16.28,0.44,0.1499,0.1566,-0.7503,-0.7437,-0.0081,-0.0135,0.144,0.00000
744136.9042,1180,TRACKING,409.4,278.7,400.9,463.0,244.4,250.2,-92.63,-92.47,141.04,140.49,126.34,126.89,16.88,16.28,0.44,0.1499,0.1566,-0.7503,-0.7437,-0.0081,-0.0135,0.133,0.00000
744136.9392,1181,TRACKING,409.5,279.9,400.6,462.9,245.0,250.8,-92.79,-92.47,140.95,140.49,126.26,126.89,16.88,16.28,0.44,0.1499,0.1566,-0.7503,-0.7437,-0.0081,-0.0135,0.147,0.00000
744136.9713,1182,TRACKING,409.1,280.1,401.6,462.6,245.7,251.1,-92.35,-92.47,141.26,140.49,126.39,126.89,16.88,16.28,0.44,0.1499,0.1566,-0.7503,-0.7437,-0.0081,-0.0135,0.175,0.00124
744137.0043,1183,TRACKING,409.1,280.1,401.6,462.6,245.7,251.1,-92.35,-92.47,141.26,140.49,126.39,126.89,16.88,16.28,0.44,0.1499,0.1566,-0.7503,-0.7437,-0.0081,-0.0135,0.175,0.00124
744137.0376,1184,TRACKING,408.6,279.7,403.9,460.8,246.9,251.2,-91.48,-92.47,141.68,140.49,126.84,126.89,16.88,16.28,0.44,0.1499,0.1566,-0.7503,-0.7437,-0.0081,-0.0135,0.234,0.00419
744137.0712,1185,TRACKING,408.4,278.9,402.2,459.9,247.9,252.2,-91.98,-92.47,141.41,140.49,126.61,126.89,16.88,16.28,0.44,0.1499,0.1566,-0.7503,-0.7437,-0.0081,-0.0135,0.269,0.00595
744137.1044,1186,TRACKING,408.4,278.9,402.2,459.9,247.9,252.2,-91.98,-92.47,141.41,140.49,126.61,126.89,16.88,16.28,0.44,0.1499,0.1566,-0.7503,-0.7437,-0.0081,-0.0135,0.269,0.00595
744137.1375,1187,TRACKING,409.0,279.8,402.7,458.9,248.2,252.3,-92.03,-92.47,141.19,140.49,126.79,126.89,16.88,16.28,0.44,0.1499,0.1566,-0.7503,-0.7437,-0.0081,-0.0135,0.474,0.01619
744137.1718,1188,TRACKING,410.1,280.7,399.5,460.0,245.8,252.4,-93.38,-92.47,140.11,140.49,126.51,126.89,16.88,16.28,0.44,0.1499,0.1566,-0.7503,-0.7437,-0.0081,-0.0135,0.602,0.02259
744137.2045,1189,TRACKING,410.0,281.6,399.9,459.7,246.9,251.7,-93.24,-92.47,140.42,140.49,126.34,126.89,16.88,16.28,0.44,0.1499,0.1566,-0.7503,-0.7437,-0.0081,-0.0135,0.854,0.03500
744137.2382,1190,TRACKING,410.0,281.6,399.9,459.7,246.9,251.7,-93.24,-92.47,140.42,140.49,126.34,126.89,16.88,16.28,0.44,0.1499,0.1566,-0.7503,-0.7437,-0.0081,-0.0135,0.854,0.03500
744137.2710,1191,TRACKING,409.7,283.1,398.4,457.6,241.4,245.2,-93.71,-92.47,139.82,140.49,126.47,126.89,16.88,16.28,0.44,0.1499,0.1566,-0.7503,-0.7437,-0.0081,-0.0135,1.000,0.03500
744137.3042,1192,TRACKING,409.7,283.1,398.4,457.6,241.4,245.2,-93.71,-92.47,139.82,140.49,126.47,126.89,16.88,16.28,0.44,0.1499,0.1566,-0.7503,-0.7437,-0.0081,-0.0135,1.000,0.03500
744137.3376,1193,TRACKING,408.8,280.3,400.8,451.9,242.7,249.4,-92.67,-92.47,139.36,140.49,127.97,126.89,16.88,16.28,0.44,0.1499,0.1566,-0.7503,-0.7437,-0.0081,-0.0135,1.000,0.03500
744137.3709,1194,TRACKING,408.8,280.3,400.8,451.9,242.7,249.4,-92.67,-92.47,139.36,140.49,127.97,126.89,16.88,16.28,0.44,0.1499,0.1566,-0.7503,-0.7437,-0.0081,-0.0135,1.000,0.03500
744137.4042,1195,TRACKING,408.8,281.0,400.9,452.1,245.8,252.2,-92.67,-92.47,139.53,140.49,127.80,126.89,16.88,16.28,0.44,0.1499,0.1566,-0.7503,-0.7437,-0.0081,-0.0135,1.000,0.03500
744137.4377,1196,TRACKING,411.3,283.4,401.4,454.4,247.6,256.2,-93.31,-92.47,138.90,140.06,127.79,126.89,16.88,15.86,0.44,0.1499,0.1566,-0.7464,-0.7437,-0.0081,-0.0135,1.000,0.03500
744137.4709,1197,TRACKING,410.8,283.2,401.5,455.6,248.7,256.3,-93.08,-92.47,139.43,140.06,127.48,126.89,16.88,15.86,0.44,0.1499,0.1566,-0.7464,-0.7437,-0.0081,-0.0135,1.000,0.03500
744137.5046,1198,TRACKING,412.1,285.6,400.3,459.2,248.5,257.3,-93.89,-92.47,139.18,140.06,126.93,126.89,16.88,15.86,0.44,0.1499,0.1566,-0.7464,-0.7437,-0.0081,-0.0135,1.000,0.03500
744137.5377,1199,TRACKING,412.1,285.6,400.3,459.2,248.5,257.3,-93.89,-92.47,139.18,140.06,126.93,126.89,16.88,15.86,0.44,0.1499,0.1566,-0.7464,-0.7437,-0.0081,-0.0135,1.000,0.03500
