timestamp,frame,state,shoulder_x,shoulder_y,elbow_x,elbow_y,wrist_x,wrist_y,raw_upper,filtered_upper,raw_elbow,filtered_elbow,raw_forearm,filtered_forearm,delta_upper,delta_elbow,delta_forearm,raw_wrist_pitch,flt_wrist_pitch,delta_wrist_pitch,raw_palm_roll,flt_palm_roll,delta_palm_roll,mapped_joint1,joint1,mapped_joint2,joint2,mapped_joint3,joint3,mapped_joint4,joint4,mapped_joint5,joint5,mapped_joint6,joint6,openness,joint7
748448.7573,31,TRACKING,131.6,272.7,173.0,439.7,367.9,445.2,-76.08,0.00,74.44,0.00,-1.63,0.00,0.00,0.00,0.00,0.00,0.00,0.00,0.00,0.00,0.00,0.0000,0.0000,0.0000,0.0000,0.0000,0.0000,0.0000,0.0000,0.0000,0.0000,0.0000,0.0000,0.124,0.00000
748448.7907,32,TRACKING,131.6,272.7,173.0,439.7,367.9,445.2,-76.08,0.00,74.44,0.00,-1.63,0.00,0.00,0.00,0.00,0.00,0.00,0.00,0.00,0.00,0.00,0.0000,0.0000,0.0000,0.0000,0.0000,0.0000,0.0000,0.0000,0.0000,0.0000,0.0000,0.0000,0.124,0.00000
748448.8241,33,TRACKING,126.0,269.5,157.9,434.7,349.2,439.1,-79.05,0.00,77.73,0.00,-1.32,0.00,0.00,0.00,0.00,0.00,0.00,0.00,0.00,0.00,0.00,0.0000,0.0000,0.0000,0.0000,0.0000,0.0000,0.0000,0.0000,0.0000,0.0000,0.0000,0.0000,0.262,0.00561
748448.8591,34,TRACKING,126.0,269.5,157.9,434.7,349.2,439.1,-79.05,0.00,77.73,0.00,-1.32,0.00,0.00,0.00,0.00,0.00,0.00,0.00,0.00,0.00,0.00,0.0000,0.0000,0.0000,0.0000,0.0000,0.0000,0.0000,0.0000,0.0000,0.0000,0.0000,0.0000,0.262,0.00561
748448.8906,35,TRACKING,126.0,269.5,157.9,434.7,349.2,439.1,-79.05,0.00,77.73,0.00,-1.32,0.00,0.00,0.00,0.00,0.00,0.00,0.00,0.00,0.00,0.00,0.0000,0.0000,0.0000,0.0000,0.0000,0.0000,0.0000,0.0000,0.0000,0.0000,0.0000,0.0000,0.262,0.00561
748448.9241,36,TRACKING,126.0,269.5,157.9,434.7,349.2,439.1,-79.05,0.00,77.73,0.00,-1.32,0.00,0.00,0.00,0.00,0.00,0.00,0.00,0.00,0.00,0.00,0.0000,0.0000,0.0000,0.0000,0.0000,0.0000,0.0000,0.0000,0.0000,0.0000,0.0000,0.0000,0.262,0.00561
748448.9579,37,TRACKING,122.8,270.0,142.1,428.9,349.1,438.8,-83.05,0.00,80.31,0.00,-2.74,0.00,0.00,0.00,0.00,0.00,0.00,0.00,0.00,0.00,0.00,0.0000,0.0000,0.0000,0.0000,0.0000,0.0000,0.0000,0.0000,0.0000,0.0000,0.0000,0.0000,0.250,0.00561
748448.9908,38,TRACKING,122.8,270.0,142.1,428.9,349.1,438.8,-83.05,0.00,80.31,0.00,-2.74,0.00,0.00,0.00,0.00,0.00,0.00,0.00,0.00,0.00,0.00,0.0000,0.0000,0.0000,0.0000,0.0000,0.0000,0.0000,0.0000,0.0000,0.0000,0.0000,0.0000,0.250,0.00561
748449.0791,39,TRACKING,122.8,270.0,142.1,428.9,349.1,438.8,-83.05,0.00,80.31,0.00,-2.74,0.00,0.00,0.00,0.00,0.00,0.00,0.00,0.00,0.00,0.00,0.0000,0.0000,0.0000,0.0000,0.0000,0.0000,0.0000,0.0000,0.0000,0.0000,0.0000,0.0000,0.250,0.00561
748449.0826,40,TRACKING,122.8,270.0,142.1,428.9,349.1,438.8,-83.05,0.00,80.31,0.00,-2.74,0.00,0.00,0.00,0.00,0.00,0.00,0.00,0.00,0.00,0.00,0.0000,0.0000,0.0000,0.0000,0.0000,0.0000,0.0000,0.0000,0.0000,0.0000,0.0000,0.0000,0.250,0.00561
748449.1165,41,TRACKING,127.3,274.9,157.8,434.5,355.1,439.4,-79.16,0.00,77.73,0.00,-1.43,0.00,0.00,0.00,0.00,0.00,0.00,0.00,0.00,0.00,0.00,0.0000,0.0000,0.0000,0.0000,0.0000,0.0000,0.0000,0.0000,0.0000,0.0000,0.0000,0.0000,0.057,0.00000
748449.1559,42,TRACKING,127.3,274.9,157.8,434.5,355.1,439.4,-79.16,0.00,77.73,0.00,-1.43,0.00,0.00,0.00,0.00,0.00,0.00,0.00,0.00,0.00,0.00,0.0000,0.0000,0.0000,0.0000,0.0000,0.0000,0.0000,0.0000,0.0000,0.0000,0.0000,0.0000,0.057,0.00000
748449.1827,43,TRACKING,112.2,271.1,116.6,435.2,327.9,444.5,-88.46,0.00,85.93,0.00,-2.52,0.00,0.00,0.00,0.00,0.00,0.00,0.00,0.00,0.00,0.00,0.0000,0.0000,0.0000,0.0000,0.0000,0.0000,0.0000,0.0000,0.0000,0.0000,0.0000,0.0000,0.091,0.00000
748449.2163,44,TRACKING,112.2,271.1,116.6,435.2,327.9,444.5,-88.46,0.00,85.93,0.00,-2.52,0.00,0.00,0.00,0.00,0.00,0.00,0.00,0.00,0.00,0.00,0.0000,0.0000,0.0000,0.0000,0.0000,0.0000,0.0000,0.0000,0.0000,0.0000,0.0000,0.0000,0.091,0.00000
748449.2493,45,TRACKING,112.2,271.1,116.6,435.2,327.9,444.5,-88.46,0.00,85.93,0.00,-2.52,0.00,0.00,0.00,0.00,0.00,0.00,0.00,0.00,0.00,0.00,0.0000,0.0000,0.0000,0.0000,0.0000,0.0000,0.0000,0.0000,0.0000,0.0000,0.0000,0.0000,0.091,0.00000
748449.2834,46,TRACKING,112.3,264.0,158.2,397.2,381.9,437.3,-70.99,0.00,60.84,0.00,-10.15,0.00,0.00,0.00,0.00,0.00,0.00,0.00,0.00,0.00,0.00,0.0000,0.0000,0.0000,0.0000,0.0000,0.0000,0.0000,0.0000,0.0000,0.0000,0.0000,0.0000,0.836,0.03430
748449.3162,47,TRACKING,112.3,264.0,158.2,397.2,381.9,437.3,-70.99,0.00,60.84,0.00,-10.15,0.00,0.00,0.00,0.00,0.00,0.00,0.00,0.00,0.00,0.00,0.0000,0.0000,0.0000,0.0000,0.0000,0.0000,0.0000,0.0000,0.0000,0.0000,0.0000,0.0000,0.836,0.03430
748449.3500,48,LOST_SHORT,167.5,268.0,272.5,349.9,493.6,324.6,-37.96,0.00,44.48,0.00,6.53,0.00,0.00,0.00,0.00,0.00,0.00,0.00,0.00,0.00,0.00,0.0000,0.0000,0.0000,0.0000,0.0000,0.0000,0.0000,0.0000,0.0000,0.0000,0.0000,0.0000,1.000,0.03430
748449.3827,49,LOST_SHORT,167.5,268.0,272.5,349.9,493.6,324.6,-37.96,0.00,44.48,0.00,6.53,0.00,0.00,0.00,0.00,0.00,0.00,0.00,0.00,0.00,0.00,0.0000,0.0000,0.0000,0.0000,0.0000,0.0000,0.0000,0.0000,0.0000,0.0000,0.0000,0.0000,1.000,0.03430
748449.4160,50,LOST_SHORT,167.5,268.0,272.5,349.9,493.6,324.6,-37.96,0.00,44.48,0.00,6.53,0.00,0.00,0.00,0.00,0.00,0.00,0.00,0.00,0.00,0.00,0.0000,0.0000,0.0000,0.0000,0.0000,0.0000,0.0000,0.0000,0.0000,0.0000,0.0000,0.0000,1.000,0.03430
748449.4500,51,LOST_SHORT,155.2,268.6,283.6,331.0,504.2,279.6,-25.89,0.00,39.00,0.00,13.11,0.00,0.00,0.00,0.00,0.00,0.00,0.00,0.00,0.00,0.00,0.0000,0.0000,0.0000,0.0000,0.0000,0.0000,0.0000,0.0000,0.0000,0.0000,0.0000,0.0000,1.000,0.03430
748449.4834,52,LOST_SHORT,155.2,268.6,283.6,331.0,504.2,279.6,-25.89,0.00,39.00,0.00,13.11,0.00,0.00,0.00,0.00,0.00,0.00,0.00,0.00,0.00,0.00,0.0000,0.0000,0.0000,0.0000,0.0000,0.0000,0.0000,0.0000,0.0000,0.0000,0.0000,0.0000,1.000,0.03430
748449.5164,53,TRACKING,140.8,232.4,241.6,298.1,479.3,273.3,-33.10,0.00,39.04,0.00,5.94,0.00,0.00,0.00,0.00,0.00,0.00,0.00,0.00,0.00,0.00,0.0000,0.0000,0.0000,0.0000,0.0000,0.0000,0.0000,0.0000,0.0000,0.0000,0.0000,0.0000,1.000,0.03430
748449.5494,54,TRACKING,140.8,232.4,241.6,298.1,479.3,273.3,-33.10,0.00,39.04,0.00,5.94,0.00,0.00,0.00,0.00,0.00,0.00,0.00,0.00,0.00,0.00,0.0000,0.0000,0.0000,0.0000,0.0000,0.0000,0.0000,0.0000,0.0000,0.0000,0.0000,0.0000,1.000,0.03430
748449.5828,55,TRACKING,140.8,232.4,241.6,298.1,479.3,273.3,-33.10,0.00,39.04,0.00,5.94,0.00,0.00,0.00,0.00,0.00,0.00,0.00,0.00,0.00,0.00,0.0000,0.0000,0.0000,0.0000,0.0000,0.0000,0.0000,0.0000,0.0000,0.0000,0.0000,0.0000,1.000,0.03430
748449.6169,56,TRACKING,154.9,224.9,284.2,264.2,501.5,263.0,-16.89,0.00,17.20,0.00,0.31,0.00,0.00,0.00,0.00,0.00,0.00,0.00,0.00,0.00,0.00,0.0000,0.0000,0.0000,0.0000,0.0000,0.0000,0.0000,0.0000,0.0000,0.0000,0.0000,0.0000,1.000,0.03430
748449.6493,57,TRACKING,154.9,224.9,284.2,264.2,501.5,263.0,-16.89,0.00,17.20,0.00,0.31,0.00,0.00,0.00,0.00,0.00,0.00,0.00,0.00,0.00,0.00,0.0000,0.0000,0.0000,0.0000,0.0000,0.0000,0.0000,0.0000,0.0000,0.0000,0.0000,0.0000,1.000,0.03430
748449.6832,58,TRACKING,147.8,232.1,306.1,263.3,518.3,259.1,-11.16,-17.37,12.28,19.65,1.13,0.00,58.70,54.80,0.00,13.03,13.03,16.20,-74.29,-74.29,35.24,0.0000,0.0000,0.0000,0.3600,-1.1058,-0.8023,0.0000,0.0000,-0.1800,-0.0720,-0.4405,-0.1762,1.000,0.03430
748449.7160,59,TRACKING,147.8,232.1,306.1,263.3,518.3,259.1,-11.16,-16.32,12.28,18.42,1.13,0.00,59.76,56.02,0.00,13.03,13.03,16.20,-74.29,-74.29,35.24,0.0000,0.0000,0.0000,0.2160,-1.1171,-0.9282,0.0000,0.0000,-0.1800,-0.1152,-0.4405,-0.2819,1.000,0.03430
748449.7495,60,TRACKING,126.3,232.6,248.4,269.3,488.3,264.1,-16.77,-16.32,18.01,17.88,1.24,0.00,59.76,56.57,0.00,8.63,11.49,14.66,-83.08,-77.36,32.16,0.0000,0.0000,0.0000,0.1296,-1.1221,-1.0058,0.0000,0.0000,-0.1629,-0.1342,-0.4021,-0.3300,1.000,0.03430
748449.7830,61,TRACKING,126.3,232.6,248.4,269.3,488.3,264.1,-16.77,-16.32,18.01,17.88,1.24,0.00,59.76,56.57,0.00,8.63,10.49,13.66,-83.08,-79.37,30.16,0.0000,0.0000,0.0000,0.0778,-1.1221,-1.0523,0.0000,0.0000,-0.1517,-0.1412,-0.3770,-0.3488,1.000,0.03430
748449.8169,62,TRACKING,141.0,226.5,267.0,250.7,484.1,255.2,-10.90,-15.42,9.72,16.53,-1.18,0.00,60.66,57.92,0.00,4.62,8.43,11.60,-4.82,-54.90,54.63,0.0000,0.0000,0.0000,0.0467,-1.1346,-1.0853,0.0000,0.0000,-0.1289,-0.1363,-0.6828,-0.4824,1.000,0.03430
748449.8494,63,TRACKING,141.0,226.5,267.0,250.7,484.1,255.2,-10.90,-14.39,9.72,14.98,-1.18,0.00,61.69,59.46,0.00,4.62,7.10,10.26,-4.82,-35.31,74.22,0.0000,0.0000,0.0000,0.0280,-1.1489,-1.1107,0.0000,0.0000,-0.1140,-0.1274,-0.9278,-0.6606,1.000,0.03430
748449.8828,64,TRACKING,109.2,229.8,227.9,247.7,486.4,245.2,-8.60,-13.13,9.16,13.55,0.56,0.00,62.94,60.89,0.00,6.05,7.10,10.26,-68.22,-48.46,61.07,0.0000,0.0000,0.0000,0.0168,-1.1621,-1.1313,0.0000,0.0000,-0.1140,-0.1221,-0.7634,-0.7017,1.000,0.03430
748449.9161,65,TRACKING,109.2,229.8,227.9,247.7,486.4,245.2,-8.60,-11.98,9.16,12.36,0.56,0.00,64.10,62.08,0.00,6.05,7.10,10.26,-68.22,-56.18,53.35,0.0000,0.0000,0.0000,0.0101,-1.1731,-1.1480,0.0000,0.0000,-0.1140,-0.1188,-0.6669,-0.6878,1.000,0.03430
748449.9504,66,TRACKING,99.2,228.4,205.3,243.6,485.8,239.6,-8.18,-10.99,8.99,11.43,0.81,0.00,65.09,63.02,0.00,5.30,6.47,9.63,-18.55,-42.06,67.47,0.0000,0.0000,0.0000,0.0060,-1.1817,-1.1615,0.0000,0.0000,-0.1071,-0.1141,-0.8433,-0.7500,1.000,0.03430
748449.9826,67,TRACKING,99.2,228.4,205.3,243.6,485.8,239.6,-8.18,-10.20,8.99,10.72,0.81,0.00,65.88,63.73,0.00,5.30,6.47,9.63,-18.55,-33.15,76.38,0.0000,0.0000,0.0000,0.0060,-1.1882,-1.1722,0.0000,0.0000,-0.1071,-0.1141,-0.9547,-0.8319,1.000,0.03430
748450.0160,68,TRACKING,102.3,227.4,215.0,231.9,484.9,236.4,-2.25,-8.66,1.30,8.98,-0.96,0.00,67.42,65.47,0.00,7.14,6.47,9.63,-35.79,-34.14,75.39,0.0000,0.0000,0.0000,0.0060,-1.2000,-1.1833,0.0000,0.0000,-0.1071,-0.1141,-0.9424,-0.8761,1.000,0.03430
748450.0493,69,TRACKING,102.3,227.4,215.0,231.9,484.9,236.4,-2.25,-7.10,1.30,7.14,-0.96,0.00,68.98,67.30,0.00,7.14,6.47,9.63,-35.79,-34.74,74.79,0.0000,0.0000,0.0000,0.0060,-1.2000,-1.1900,0.0000,0.0000,-0.1071,-0.1141,-0.9348,-0.8996,1.000,0.03430
748450.0830,70,TRACKING,94.5,225.6,206.5,234.6,482.8,235.3,-4.57,-6.14,4.43,6.06,-0.14,0.00,69.94,68.39,0.00,5.60,6.47,9.63,-33.02,-34.12,75.41,0.0000,0.0000,0.0000,0.0060,-1.2000,-1.1940,0.0000,0.0000,-0.1071,-0.1141,-0.9426,-0.9168,1.000,0.03430
748450.1161,71,TRACKING,94.5,225.6,206.5,234.6,482.8,235.3,-4.57,-5.55,4.43,5.41,-0.14,0.00,70.53,69.03,0.00,5.60,6.47,9.63,-33.02,-34.12,75.41,0.0000,0.0000,0.0000,0.0060,-1.2000,-1.1940,0.0000,0.0000,-0.1071,-0.1141,-0.9426,-0.9271,1.000,0.03430
748450.1500,72,TRACKING,106.7,224.3,219.6,233.1,466.0,232.5,-4.47,-5.55,4.62,5.41,0.14,0.00,70.53,69.03,0.00,2.78,5.18,8.34,-29.29,-32.40,77.13,0.0000,0.0000,0.0000,0.0060,-1.2000,-1.1940,0.0000,0.0000,-0.0927,-0.1056,-0.9641,-0.9419,1.000,0.03430
748450.1827,73,TRACKING,98.5,232.0,206.4,248.5,471.5,233.4,-8.73,-5.55,11.99,6.24,3.25,0.00,70.53,68.20,0.00,-3.40,2.17,5.34,-5.62,-22.98,86.55,0.0000,0.0000,0.0000,0.0060,-1.2000,-1.1940,0.0000,0.0000,-0.0594,-0.0871,-1.0819,-0.9979,1.000,0.03430
748450.2168,74,TRACKING,98.5,232.0,206.4,248.5,471.5,233.4,-8.73,-6.20,11.99,7.44,3.25,0.00,69.87,67.00,0.00,-3.40,0.22,3.39,-5.62,-16.77,92.76,0.0000,0.0000,0.0000,0.0060,-1.2000,-1.1940,0.0000,0.0000,-0.0376,-0.0673,-1.1595,-1.0625,1.000,0.03430
748450.2493,75,LOST_SHORT,84.0,233.0,214.9,249.0,517.1,235.3,-6.96,-6.20,9.56,7.44,2.60,0.00,0.00,0.00,0.00,0.00,0.22,0.00,0.00,-16.77,0.00,0.0000,0.0000,0.0000,0.0060,0.0000,-1.1940,0.0000,0.0000,0.0000,-0.0673,0.0000,-1.0625,1.000,0.03430
748450.2826,76,LOST_SHORT,84.0,233.0,214.9,249.0,517.1,235.3,-6.96,-6.20,9.56,7.44,2.60,0.00,0.00,0.00,0.00,0.00,0.22,0.00,0.00,-16.77,0.00,0.0000,0.0000,0.0000,0.0060,0.0000,-1.1940,0.0000,0.0000,0.0000,-0.0673,0.0000,-1.0625,1.000,0.03430
748450.3163,77,TRACKING,88.7,233.3,224.5,248.4,486.8,237.1,-6.32,-6.20,8.78,7.44,2.46,0.00,69.87,67.00,0.00,12.39,4.48,7.65,-92.65,-42.22,67.31,0.0000,0.0000,0.0000,0.0060,-1.2000,-1.1940,0.0000,0.0000,-0.0850,-0.0744,-0.8413,-0.9740,1.000,0.03430
748450.3497,78,TRACKING,88.7,233.3,224.5,248.4,486.8,237.1,-6.32,-6.20,8.78,7.44,2.46,0.00,69.87,67.00,0.00,12.39,7.26,10.43,-92.65,-62.34,47.18,0.0000,0.0000,0.0000,0.0060,-1.2000,-1.1940,0.0000,0.0000,-0.1159,-0.0910,-0.5898,-0.8203,1.000,0.03430
748450.3828,79,TRACKING,94.4,236.5,226.9,250.0,464.0,233.7,-5.80,-6.20,9.72,7.97,3.92,0.00,69.87,66.47,0.00,9.12,7.91,11.08,-80.06,-69.54,39.98,0.0000,0.0000,0.0000,0.0060,-1.2000,-1.1940,0.0000,0.0000,-0.1231,-0.1038,-0.4998,-0.6921,1.000,0.03430
748450.4161,80,TRACKING,94.4,236.5,226.9,250.0,464.0,233.7,-5.80,-6.20,9.72,8.43,3.92,0.00,69.87,66.02,0.00,9.12,8.34,11.50,-80.06,-73.62,35.91,0.0000,0.0000,0.0000,0.0060,-1.2000,-1.1940,0.0000,0.0000,-0.1278,-0.1134,-0.4488,-0.5948,1.000,0.03430
748450.4499,81,TRACKING,86.9,235.5,231.6,253.0,463.3,229.8,-6.88,-6.20,12.59,9.24,5.71,0.00,69.87,65.20,0.00,10.29,9.02,12.19,-98.47,-82.88,26.64,0.0000,0.0000,0.0000,0.0060,-1.2000,-1.1940,0.0000,0.0000,-0.1354,-0.1222,-0.3331,-0.4901,1.000,0.03430
748450.4828,82,TRACKING,86.9,235.5,231.6,253.0,463.3,229.8,-6.88,-6.20,12.59,10.06,5.71,0.00,69.87,64.39,0.00,10.29,9.47,12.63,-98.47,-88.65,20.88,0.0000,0.0000,0.0000,0.0060,-1.1943,-1.1940,0.0000,0.0000,-0.1404,-0.1295,-0.2610,-0.3985,1.000,0.03430
748450.5162,83,TRACKING,83.5,235.2,208.9,253.2,437.1,229.8,-8.19,-6.20,14.06,10.96,5.86,0.00,69.87,63.48,0.00,5.72,8.16,11.32,-72.78,-82.86,26.66,0.0000,0.0000,0.0000,0.0060,-1.1860,-1.1908,0.0000,0.0000,-0.1258,-0.1295,-0.3333,-0.3724,1.000,0.03430
748450.5493,84,TRACKING,83.5,235.2,208.9,253.2,437.1,229.8,-8.19,-6.72,14.06,11.77,5.86,0.00,69.36,62.68,0.00,5.72,7.30,10.47,-72.78,-79.22,30.31,0.0000,0.0000,0.0000,0.0060,-1.1785,-1.1859,0.0000,0.0000,-0.1164,-0.1242,-0.3789,-0.3724,1.000,0.03430
748450.5829,85,TRACKING,83.3,234.0,218.2,251.3,444.2,223.7,-7.28,-6.72,14.22,12.44,6.94,0.00,69.36,62.00,0.00,6.02,6.85,10.02,-71.35,-76.40,33.13,0.0000,0.0000,0.0000,0.0060,-1.1724,-1.1805,0.0000,0.0000,-0.1113,-0.1191,-0.4141,-0.3891,1.000,0.03430
748450.6165,86,TRACKING,82.4,238.5,213.3,253.7,437.3,220.8,-6.60,-6.72,14.94,13.07,8.35,0.00,69.36,61.37,0.00,10.29,8.06,11.22,-66.56,-72.90,36.63,0.0000,0.0000,0.0000,0.0060,-1.1665,-1.1749,0.0000,0.0000,-0.1247,-0.1191,-0.4578,-0.4166,1.000,0.03430
748450.6495,87,TRACKING,82.4,238.5,213.3,253.7,437.3,220.8,-6.60,-6.72,14.94,13.59,8.35,0.00,69.36,60.85,0.00,10.29,8.84,12.01,-66.56,-70.65,38.87,0.0000,0.0000,0.0000,0.0060,-1.1617,-1.1696,0.0000,0.0000,-0.1334,-0.1248,-0.4859,-0.4443,1.000,0.03430
748450.6827,88,TRACKING,72.4,239.0,196.1,247.9,431.5,214.7,-4.13,-6.72,12.16,13.59,8.02,0.00,69.36,60.85,0.00,11.95,9.93,13.09,-73.55,-71.68,37.85,0.0000,0.0000,0.0000,0.0060,-1.1617,-1.1696,0.0000,0.0000,-0.1455,-0.1331,-0.4731,-0.4559,1.000,0.03430
748450.7161,89,TRACKING,72.4,239.0,196.1,247.9,431.5,214.7,-4.13,-6.12,12.16,13.59,8.02,0.00,69.96,60.85,0.00,11.95,10.64,13.80,-73.55,-72.34,37.19,0.0000,0.0000,0.0000,0.0060,-1.1617,-1.1696,0.0000,0.0000,-0.1534,-0.1412,-0.4649,-0.4595,1.000,0.03430
748450.7510,90,TRACKING,67.2,235.4,185.3,243.6,426.5,211.4,-3.96,-5.57,11.55,13.15,7.59,0.00,70.51,61.30,0.00,11.33,10.64,13.80,-71.61,-72.34,37.19,0.0000,0.0000,0.0000,0.0060,-1.1658,-1.1696,0.0000,0.0000,-0.1534,-0.1461,-0.4649,-0.4595,1.000,0.03430
748450.7827,91,TRACKING,67.2,235.4,185.3,243.6,426.5,211.4,-3.96,-5.12,11.55,13.15,7.59,0.00,70.96,61.30,0.00,11.33,10.64,13.80,-71.61,-72.34,37.19,0.0000,0.0000,0.0000,0.0060,-1.1658,-1.1696,0.0000,0.0000,-0.1534,-0.1461,-0.4649,-0.4595,1.000,0.03430
748450.8161,92,TRACKING,67.5,235.4,194.9,246.3,423.4,211.5,-4.92,-5.12,13.59,13.15,8.67,0.00,70.96,61.30,0.00,9.42,10.21,13.38,-58.70,-67.55,41.98,0.0000,0.0000,0.0000,0.0060,-1.1658,-1.1696,0.0000,0.0000,-0.1486,-0.1461,-0.5247,-0.4856,1.000,0.03430
748450.8496,93,TRACKING,66.9,238.5,200.9,250.8,421.9,211.7,-5.25,-5.12,15.26,13.15,10.02,0.00,70.96,61.30,0.00,7.91,9.40,12.57,-74.67,-70.06,39.47,0.0000,0.0000,0.0000,0.0060,-1.1658,-1.1696,0.0000,0.0000,-0.1397,-0.1461,-0.4933,-0.4856,1.000,0.03430
748450.8827,94,TRACKING,66.9,238.5,200.9,250.8,421.9,211.7,-5.25,-5.12,15.26,13.61,10.02,0.00,70.96,60.83,0.00,7.91,8.88,12.05,-74.67,-71.68,37.84,0.0000,0.0000,0.0000,0.0060,-1.1615,-1.1664,0.0000,0.0000,-0.1339,-0.1412,-0.4731,-0.4806,1.000,0.03430
748450.9165,95,TRACKING,72.2,236.5,211.0,245.4,416.8,212.2,-3.65,-5.12,12.80,13.61,9.16,0.00,70.96,60.83,0.00,7.39,8.36,11.52,-75.94,-73.18,36.35,0.0000,0.0000,0.0000,0.0060,-1.1615,-1.1664,0.0000,0.0000,-0.1281,-0.1359,-0.4544,-0.4701,1.000,0.03430
748450.9495,96,TRACKING,72.2,236.5,211.0,245.4,416.8,212.2,-3.65,-5.12,12.80,13.61,9.16,0.00,70.96,60.83,0.00,7.39,8.36,11.52,-75.94,-74.15,35.38,0.0000,0.0000,0.0000,0.0060,-1.1615,-1.1664,0.0000,0.0000,-0.1281,-0.1359,-0.4423,-0.4590,1.000,0.03430
748450.9839,97,TRACKING,72.0,235.2,211.5,249.2,414.9,213.4,-5.73,-5.12,15.71,13.61,9.98,0.00,70.96,60.83,0.00,6.03,7.54,10.71,-76.00,-74.79,34.73,0.0000,0.0000,0.0000,0.0060,-1.1615,-1.1664,0.0000,0.0000,-0.1190,-0.1292,-0.4342,-0.4490,1.000,0.03430
748451.0160,98,TRACKING,67.6,231.2,210.5,248.4,413.1,212.7,-6.88,-5.12,16.89,14.28,10.00,0.00,70.96,60.16,0.00,4.71,6.55,9.72,-81.85,-77.27,32.26,0.0000,0.0000,0.0000,0.0060,-1.1553,-1.1620,0.0000,0.0000,-0.1080,-0.1207,-0.4033,-0.4307,1.000,0.03430
748451.0493,99,TRACKING,67.6,231.2,210.5,248.4,413.1,212.7,-6.88,-5.12,16.89,14.94,10.00,0.00,70.96,59.51,0.00,4.71,5.91,9.08,-81.85,-78.87,30.66,0.0000,0.0000,0.0000,0.0060,-1.1493,-1.1569,0.0000,0.0000,-0.1008,-0.1128,-0.3832,-0.4117,1.000,0.03430
748451.0830,100,TRACKING,64.8,231.2,203.2,251.5,410.8,213.4,-8.33,-5.85,18.71,15.76,10.38,0.00,70.23,58.68,0.00,2.79,4.82,7.98,-73.02,-76.82,32.71,0.0000,0.0000,0.0000,0.0060,-1.1417,-1.1508,0.0000,0.0000,-0.0887,-0.1031,-0.4089,-0.4117,1.000,0.03430
748451.1167,101,TRACKING,80.2,230.8,219.6,243.1,398.4,215.7,-5.02,-5.85,13.71,15.76,8.69,0.00,70.23,58.68,0.00,3.54,4.37,7.54,-72.06,-75.15,34.38,0.0000,0.0000,0.0000,0.0060,-1.1417,-1.1472,0.0000,0.0000,-0.0837,-0.0954,-0.4297,-0.4189,1.000,0.03430
748451.1496,102,TRACKING,80.2,230.8,219.6,243.1,398.4,215.7,-5.02,-5.85,13.71,15.76,8.69,0.00,70.23,58.68,0.00,3.54,4.37,7.54,-72.06,-74.07,35.46,0.0000,0.0000,0.0000,0.0060,-1.1417,-1.1472,0.0000,0.0000,-0.0837,-0.0907,-0.4433,-0.4287,1.000,0.03430
748451.1828,103,TRACKING,62.6,229.5,205.8,248.2,411.7,219.4,-7.41,-5.85,15.34,15.76,7.94,0.00,70.23,58.68,0.00,4.52,4.37,7.54,-100.44,-83.25,26.28,0.0000,0.0000,0.0000,0.0060,-1.1417,-1.1472,0.0000,0.0000,-0.0837,-0.0907,-0.3285,-0.3886,1.000,0.03430
748451.2162,104,TRACKING,62.6,229.5,205.8,248.2,411.7,219.4,-7.41,-5.85,15.34,15.76,7.94,0.00,70.23,58.68,0.00,4.52,4.37,7.54,-100.44,-89.35,20.18,0.0000,0.0000,0.0000,0.0060,-1.1417,-1.1472,0.0000,0.0000,-0.0837,-0.0907,-0.2523,-0.3341,1.000,0.03430
748451.2495,105,LOST_SHORT,49.5,231.4,186.6,256.4,411.7,221.0,-10.34,-5.85,19.29,15.76,8.95,0.00,0.00,0.00,0.00,0.00,4.37,0.00,0.00,-89.35,0.00,0.0000,0.0000,0.0000,0.0060,0.0000,-1.1472,0.0000,0.0000,0.0000,-0.0907,0.0000,-0.3341,1.000,0.03430
748451.2828,106,LOST_SHORT,44.6,230.7,179.3,255.1,413.5,223.3,-10.24,-5.85,17.96,15.76,7.71,0.00,0.00,0.00,0.00,0.00,4.37,0.00,0.00,-89.35,0.00,0.0000,0.0000,0.0000,0.0060,0.0000,-1.1472,0.0000,0.0000,0.0000,-0.0907,0.0000,-0.3341,1.000,0.03430
748451.3162,107,LOST_SHORT,55.5,232.4,182.9,243.9,408.7,223.5,-5.14,-5.85,10.29,15.76,5.15,0.00,0.00,0.00,0.00,0.00,4.37,0.00,0.00,-89.35,0.00,0.0000,0.0000,0.0000,0.0060,0.0000,-1.1472,0.0000,0.0000,0.0000,-0.0907,0.0000,-0.3341,1.000,0.03430
748451.3494,108,LOST_SHORT,41.6,231.8,176.2,256.3,414.2,224.9,-10.32,-5.85,17.84,15.76,7.51,0.00,0.00,0.00,0.00,0.00,4.37,0.00,0.00,-89.35,0.00,0.0000,0.0000,0.0000,0.0060,0.0000,-1.1472,0.0000,0.0000,0.0000,-0.0907,0.0000,-0.3341,1.000,0.03430
748451.3833,109,LOST_SHORT,60.4,233.0,168.4,235.0,384.8,224.3,-1.07,-5.85,3.92,15.76,2.84,0.00,0.00,0.00,0.00,0.00,4.37,0.00,0.00,-89.35,0.00,0.0000,0.0000,0.0000,0.0060,0.0000,-1.1472,0.0000,0.0000,0.0000,-0.0907,0.0000,-0.3341,1.000,0.03430
748451.4160,110,LOST_SHORT,60.4,233.0,168.4,235.0,384.8,224.3,-1.07,-5.85,3.92,15.76,2.84,0.00,0.00,0.00,0.00,0.00,4.37,0.00,0.00,-89.35,0.00,0.0000,0.0000,0.0000,0.0060,0.0000,-1.1472,0.0000,0.0000,0.0000,-0.0907,0.0000,-0.3341,1.000,0.03430
748451.4495,111,LOST_SHORT,51.1,233.3,159.3,245.0,418.5,227.5,-6.14,-5.85,10.00,15.76,3.85,0.00,0.00,0.00,0.00,0.00,4.37,0.00,0.00,-89.35,0.00,0.0000,0.0000,0.0000,0.0060,0.0000,-1.1472,0.0000,0.0000,0.0000,-0.0907,0.0000,-0.3341,1.000,0.03430
748451.4830,112,LOST_SHORT,40.5,231.8,164.1,258.1,420.6,233.9,-12.01,-5.85,17.41,15.76,5.40,0.00,0.00,0.00,0.00,0.00,4.37,0.00,0.00,-89.35,0.00,0.0000,0.0000,0.0000,0.0060,0.0000,-1.1472,0.0000,0.0000,0.0000,-0.0907,0.0000,-0.3341,1.000,0.03430
748451.5160,113,LOST_SHORT,42.6,231.2,169.7,250.1,419.9,228.2,-8.45,-5.85,13.44,15.76,4.99,0.00,0.00,0.00,0.00,0.00,4.37,0.00,0.00,-89.35,0.00,0.0000,0.0000,0.0000,0.0060,0.0000,-1.1472,0.0000,0.0000,0.0000,-0.0907,0.0000,-0.3341,1.000,0.03430
748451.5509,114,LOST_SHORT,42.6,231.2,169.7,250.1,419.9,228.2,-8.45,-5.85,13.44,15.76,4.99,0.00,0.00,0.00,0.00,0.00,4.37,0.00,0.00,-89.35,0.00,0.0000,0.0000,0.0000,0.0060,0.0000,-1.1472,0.0000,0.0000,0.0000,-0.0907,0.0000,-0.3341,1.000,0.03430
748451.5827,115,LOST_SHORT,42.6,231.2,169.7,250.1,419.9,228.2,-8.45,-5.85,13.44,15.76,4.99,0.00,0.00,0.00,0.00,0.00,4.37,0.00,0.00,-89.35,0.00,0.0000,0.0000,0.0000,0.0060,0.0000,-1.1472,0.0000,0.0000,0.0000,-0.0907,0.0000,-0.3341,1.000,0.03430
748451.6169,116,LOST_SHORT,40.4,234.6,168.6,256.1,422.2,228.9,-9.49,-5.85,15.61,15.76,6.12,0.00,0.00,0.00,0.00,0.00,4.37,0.00,0.00,-89.35,0.00,0.0000,0.0000,0.0000,0.0060,0.0000,-1.1472,0.0000,0.0000,0.0000,-0.0907,0.0000,-0.3341,1.000,0.03430
748451.6495,117,LOST_SHORT,40.4,234.6,168.6,256.1,422.2,228.9,-9.49,-5.85,15.61,15.76,6.12,0.00,0.00,0.00,0.00,0.00,4.37,0.00,0.00,-89.35,0.00,0.0000,0.0000,0.0000,0.0060,0.0000,-1.1472,0.0000,0.0000,0.0000,-0.0907,0.0000,-0.3341,1.000,0.03430
748451.6826,118,LOST_SHORT,40.4,234.6,168.6,256.1,422.2,228.9,-9.49,-5.85,15.61,15.76,6.12,0.00,0.00,0.00,0.00,0.00,4.37,0.00,0.00,-89.35,0.00,0.0000,0.0000,0.0000,0.0060,0.0000,-1.1472,0.0000,0.0000,0.0000,-0.0907,0.0000,-0.3341,1.000,0.03430
748451.7163,119,LOST_LONG,37.5,231.7,164.2,252.7,423.3,229.0,-9.43,-5.85,14.65,15.76,5.22,0.00,0.00,0.00,0.00,0.00,4.37,0.00,0.00,-89.35,0.00,0.0000,0.0000,0.0000,0.0060,0.0000,-1.1472,0.0000,0.0000,0.0000,-0.0907,0.0000,-0.3341,1.000,0.03430
748451.7496,120,LOST_LONG,45.6,235.7,150.0,252.0,425.4,230.5,-8.86,-5.85,13.32,15.76,4.46,0.00,0.00,0.00,0.00,0.00,4.37,0.00,0.00,-89.35,0.00,0.0000,0.0000,0.0000,0.0060,0.0000,-1.1472,0.0000,0.0000,0.0000,-0.0907,0.0000,-0.3341,1.000,0.03430
748451.7828,121,LOST_LONG,45.6,235.7,150.0,252.0,425.4,230.5,-8.86,-5.85,13.32,15.76,4.46,0.00,0.00,0.00,0.00,0.00,4.37,0.00,0.00,-89.35,0.00,0.0000,0.0000,0.0000,0.0060,0.0000,-1.1472,0.0000,0.0000,0.0000,-0.0907,0.0000,-0.3341,1.000,0.03430
748451.8165,122,LOST_LONG,41.4,232.5,177.5,250.7,440.2,224.0,-7.63,-5.85,13.43,15.76,5.81,0.00,0.00,0.00,0.00,0.00,4.37,0.00,0.00,-89.35,0.00,0.0000,0.0000,0.0000,0.0060,0.0000,-1.1472,0.0000,0.0000,0.0000,-0.0907,0.0000,-0.3341,1.000,0.03430
748451.8493,123,LOST_LONG,41.4,232.5,177.5,250.7,440.2,224.0,-7.63,-5.85,13.43,15.76,5.81,0.00,0.00,0.00,0.00,0.00,4.37,0.00,0.00,-89.35,0.00,0.0000,0.0000,0.0000,0.0060,0.0000,-1.1472,0.0000,0.0000,0.0000,-0.0907,0.0000,-0.3341,1.000,0.03430
748451.8829,124,LOST_LONG,55.7,235.5,175.0,242.7,419.8,233.5,-3.45,-5.85,5.61,15.76,2.15,0.00,0.00,0.00,0.00,0.00,4.37,0.00,0.00,-89.35,0.00,0.0000,0.0000,0.0000,0.0060,0.0000,-1.1472,0.0000,0.0000,0.0000,-0.0907,0.0000,-0.3341,1.000,0.03430
748451.9161,125,LOST_LONG,58.2,236.7,180.8,249.7,422.4,231.1,-6.05,-5.85,10.47,15.76,4.42,0.00,0.00,0.00,0.00,0.00,4.37,0.00,0.00,-89.35,0.00,0.0000,0.0000,0.0000,0.0060,0.0000,-1.1472,0.0000,0.0000,0.0000,-0.0907,0.0000,-0.3341,1.000,0.03430
748451.9494,126,LOST_LONG,58.2,236.7,180.8,249.7,422.4,231.1,-6.05,-5.85,10.47,15.76,4.42,0.00,0.00,0.00,0.00,0.00,4.37,0.00,0.00,-89.35,0.00,0.0000,0.0000,0.0000,0.0060,0.0000,-1.1472,0.0000,0.0000,0.0000,-0.0907,0.0000,-0.3341,1.000,0.03430
748451.9830,127,LOST_LONG,59.2,238.2,189.2,252.6,418.2,229.6,-6.32,-5.85,12.06,15.76,5.74,0.00,0.00,0.00,0.00,0.00,4.37,0.00,0.00,-89.35,0.00,0.0000,0.0000,0.0000,0.0060,0.0000,-1.1472,0.0000,0.0000,0.0000,-0.0907,0.0000,-0.3341,1.000,0.03430
748452.0160,128,LOST_LONG,59.2,238.2,189.2,252.6,418.2,229.6,-6.32,-5.85,12.06,15.76,5.74,0.00,0.00,0.00,0.00,0.00,4.37,0.00,0.00,-89.35,0.00,0.0000,0.0000,0.0000,0.0060,0.0000,-1.1472,0.0000,0.0000,0.0000,-0.0907,0.0000,-0.3341,1.000,0.03430
748452.0493,129,LOST_LONG,45.1,240.1,191.8,259.7,424.4,224.2,-7.59,-5.85,16.26,15.76,8.67,0.00,0.00,0.00,0.00,0.00,4.37,0.00,0.00,-89.35,0.00,0.0000,0.0000,0.0000,0.0060,0.0000,-1.1472,0.0000,0.0000,0.0000,-0.0907,0.0000,-0.3341,1.000,0.03430
748452.0831,130,LOST_LONG,47.9,240.3,188.5,259.7,415.7,218.9,-7.88,-5.85,18.06,15.76,10.18,0.00,0.00,0.00,0.00,0.00,4.37,0.00,0.00,-89.35,0.00,0.0000,0.0000,0.0000,0.0060,0.0000,-1.1472,0.0000,0.0000,0.0000,-0.0907,0.0000,-0.3341,1.000,0.03430
748452.1160,131,LOST_LONG,47.9,240.3,188.5,259.7,415.7,218.9,-7.88,-5.85,18.06,15.76,10.18,0.00,0.00,0.00,0.00,0.00,4.37,0.00,0.00,-89.35,0.00,0.0000,0.0000,0.0000,0.0060,0.0000,-1.1472,0.0000,0.0000,0.0000,-0.0907,0.0000,-0.3341,1.000,0.03430
748452.1498,132,LOST_LONG,58.5,239.3,193.8,246.9,412.9,217.2,-3.21,-5.85,10.92,15.76,7.71,0.00,0.00,0.00,0.00,0.00,4.37,0.00,0.00,-89.35,0.00,0.0000,0.0000,0.0000,0.0060,0.0000,-1.1472,0.0000,0.0000,0.0000,-0.0907,0.0000,-0.3341,1.000,0.03430
748452.1826,133,LOST_LONG,58.5,239.3,193.8,246.9,412.9,217.2,-3.21,-5.85,10.92,15.76,7.71,0.00,0.00,0.00,0.00,0.00,4.37,0.00,0.00,-89.35,0.00,0.0000,0.0000,0.0000,0.0060,0.0000,-1.1472,0.0000,0.0000,0.0000,-0.0907,0.0000,-0.3341,1.000,0.03430
748452.2174,134,LOST_LONG,57.8,243.7,197.5,256.5,411.4,214.2,-5.24,-5.85,16.43,15.76,11.18,0.00,0.00,0.00,0.00,0.00,4.37,0.00,0.00,-89.35,0.00,0.0000,0.0000,0.0000,0.1486,0.0000,-1.0158,0.0000,0.0000,0.0000,-0.0690,0.0000,-0.2539,1.000,0.03430
748452.2493,135,LOST_LONG,57.8,243.7,197.5,256.5,411.4,214.2,-5.24,-5.85,16.43,15.76,11.18,0.00,0.00,0.00,0.00,0.00,4.37,0.00,0.00,-89.35,0.00,0.0000,0.0000,0.0000,0.2569,0.0000,-0.9160,0.0000,0.0000,0.0000,-0.0524,0.0000,-0.1930,1.000,0.03430
748452.2828,136,LOST_LONG,56.1,244.7,191.2,258.9,413.3,212.7,-6.01,-5.85,17.75,15.76,11.74,0.00,0.00,0.00,0.00,0.00,4.37,0.00,0.00,-89.35,0.00,0.0000,0.0000,0.0000,0.3393,0.0000,-0.8402,0.0000,0.0000,0.0000,-0.0398,0.0000,-0.1466,1.000,0.03430
748452.3161,137,TRACKING,74.3,246.1,217.1,252.2,416.4,216.5,-2.46,-1.87,12.61,11.48,10.15,0.00,0.00,0.00,0.00,9.27,9.27,12.44,-87.22,-87.22,22.31,0.0000,0.0000,0.6000,0.4436,-0.6000,-0.7441,0.0000,0.0000,-0.1382,-0.0792,-0.2789,-0.1995,1.000,0.03430
748452.3502,138,TRACKING,74.3,246.1,217.1,252.2,416.4,216.5,-2.46,-1.87,12.61,11.48,10.15,0.00,0.00,0.00,0.00,9.27,9.27,12.44,-87.22,-87.22,22.31,0.0000,0.0000,0.6000,0.5061,-0.6000,-0.6865,0.0000,0.0000,-0.1382,-0.1028,-0.2789,-0.2313,1.000,0.03430
748452.3826,139,TRACKING,74.3,246.1,217.1,252.2,416.4,216.5,-2.46,-1.87,12.61,11.48,10.15,0.00,0.00,0.00,0.00,9.27,9.27,12.44,-87.22,-87.22,22.31,0.0000,0.0000,0.6000,0.5437,-0.6000,-0.6519,0.0000,0.0000,-0.1382,-0.1170,-0.2789,-0.2503,1.000,0.03430
748452.4160,140,TRACKING,71.9,247.0,213.9,259.2,418.6,216.0,-4.92,-2.43,16.83,12.48,11.91,0.00,-0.56,-1.00,0.00,6.96,8.47,11.63,-81.90,-85.36,24.17,0.0000,0.0000,0.6148,0.5721,-0.5908,-0.6275,0.0000,0.0000,-0.1293,-0.1219,-0.3022,-0.2711,1.000,0.03430
748452.4501,141,TRACKING,70.4,252.4,207.6,267.1,421.2,220.9,-6.08,-3.19,18.27,13.74,12.19,0.00,-1.32,-2.26,0.00,10.07,9.03,12.20,-75.58,-81.93,27.59,0.0000,0.0000,0.6352,0.5974,-0.5791,-0.6081,0.0000,0.0000,-0.1355,-0.1273,-0.3449,-0.3006,1.000,0.03430
748452.4849,142,TRACKING,70.4,252.4,207.6,267.1,421.2,220.9,-6.08,-3.92,18.27,14.91,12.19,0.00,-2.05,-3.43,0.00,10.07,9.03,12.20,-75.58,-79.70,29.82,0.0000,0.0000,0.6546,0.6202,-0.5684,-0.5922,0.0000,0.0000,-0.1355,-0.1306,-0.3728,-0.3295,1.000,0.03430
748452.5165,143,TRACKING,82.7,256.8,221.1,272.3,425.4,221.5,-6.39,-4.57,20.35,16.18,13.95,0.00,-2.70,-4.70,0.00,8.10,9.03,12.20,-76.90,-78.72,30.81,0.0000,0.0000,0.6719,0.6409,-0.5567,-0.5780,0.0000,0.0000,-0.1355,-0.1306,-0.3851,-0.3517,1.000,0.03430
748452.5503,144,TRACKING,82.7,256.8,221.1,272.3,425.4,221.5,-6.39,-5.09,20.35,17.29,13.95,0.00,-3.22,-5.81,0.00,8.10,9.03,12.20,-76.90,-78.08,31.45,0.0000,0.0000,0.6858,0.6588,-0.5464,-0.5654,0.0000,0.0000,-0.1355,-0.1306,-0.3931,-0.3683,1.000,0.03430
748452.5827,145,TRACKING,89.6,254.0,229.4,273.1,426.4,222.6,-7.77,-5.70,22.14,18.44,14.37,0.00,-3.83,-6.96,0.00,7.33,8.43,11.60,-73.72,-76.55,32.98,0.0000,0.0000,0.7020,0.6761,-0.5357,-0.5535,0.0000,0.0000,-0.1289,-0.1306,-0.4122,-0.3859,1.000,0.03430
748452.6164,146,TRACKING,89.6,254.0,229.4,273.1,426.4,222.6,-7.77,-6.24,22.14,19.44,14.37,0.00,-4.37,-7.96,0.00,7.33,8.43,11.60,-73.72,-75.56,33.97,0.0000,0.0000,0.7165,0.6923,-0.5265,-0.5427,0.0000,0.0000,-0.1289,-0.1306,-0.4246,-0.4013,1.000,0.03430
748452.6493,147,TRACKING,89.6,254.0,229.4,273.1,426.4,222.6,-7.77,-6.68,22.14,20.22,14.37,0.00,-4.81,-8.74,0.00,7.33,8.43,11.60,-73.72,-74.92,34.61,0.0000,0.0000,0.7281,0.7066,-0.5193,-0.5334,0.0000,0.0000,-0.1289,-0.1306,-0.4327,-0.4139,1.000,0.03430
748452.6827,148,TRACKING,74.9,259.3,209.5,293.5,429.5,225.2,-14.26,-8.02,31.52,22.30,17.26,0.00,-6.15,-10.82,0.00,4.09,6.91,10.08,-70.95,-73.53,36.00,0.0000,0.0000,0.7639,0.7295,-0.5001,-0.5201,0.0000,0.0000,-0.1120,-0.1232,-0.4500,-0.4283,1.000,0.03430
748452.7167,149,TRACKING,74.9,259.8,199.9,295.8,434.2,230.0,-16.06,-9.73,31.75,24.50,15.70,0.00,-7.86,-13.02,0.00,9.51,7.82,10.99,-65.57,-70.74,38.79,0.0000,0.0000,0.8096,0.7616,-0.4798,-0.5039,0.0000,0.0000,-0.1221,-0.1232,-0.4849,-0.4509,1.000,0.03430
748452.7494,150,TRACKING,74.9,259.8,199.9,295.8,434.2,230.0,-16.06,-11.33,31.75,26.42,15.70,0.00,-9.46,-14.94,0.00,9.51,8.42,11.58,-65.57,-68.93,40.60,0.0000,0.0000,0.8522,0.7978,-0.4621,-0.4872,0.0000,0.0000,-0.1287,-0.1232,-0.5075,-0.4736,1.000,0.03430
748452.7830,151,TRACKING,86.5,260.3,219.5,300.1,435.0,227.8,-16.68,-12.75,35.23,28.50,18.55,0.00,-10.88,-17.02,0.00,3.86,6.82,9.99,-70.96,-69.64,39.89,0.0000,0.0000,0.8902,0.8348,-0.4429,-0.4695,0.0000,0.0000,-0.1110,-0.1183,-0.4986,-0.4836,1.000,0.03430
748452.8161,152,TRACKING,86.5,260.3,219.5,300.1,435.0,227.8,-16.68,-13.88,35.23,30.30,18.55,0.00,-12.01,-18.82,0.00,3.86,5.78,8.95,-70.96,-70.10,39.42,0.0000,0.0000,0.9203,0.8690,-0.4263,-0.4522,0.0000,0.0000,-0.0994,-0.1107,-0.4928,-0.4873,1.000,0.03430
748452.8501,153,TRACKING,69.7,261.4,181.9,316.9,438.7,230.1,-26.34,-16.17,45.02,33.20,18.68,0.00,-14.30,-21.72,0.00,4.26,5.25,8.41,-65.76,-68.58,40.94,0.0000,0.0000,0.9813,0.9139,-0.3995,-0.4311,0.0000,0.0000,-0.0935,-0.1038,-0.5118,-0.4971,1.000,0.03430
748452.8829,154,TRACKING,69.7,261.4,181.9,316.9,438.7,230.1,-26.34,-18.56,45.02,36.08,18.68,0.00,-16.69,-24.60,0.00,4.26,5.25,8.41,-65.76,-67.60,41.93,0.0000,0.0000,1.0452,0.9664,-0.3729,-0.4078,0.0000,0.0000,-0.0935,-0.0997,-0.5242,-0.5079,1.000,0.03430
748452.9162,155,TRACKING,69.7,261.4,181.9,316.9,438.7,230.1,-26.34,-20.64,45.02,38.52,18.68,0.00,-18.77,-27.04,0.00,4.26,5.25,8.41,-65.76,-66.95,42.57,0.0000,0.0000,1.1005,1.0200,-0.3504,-0.3849,0.0000,0.0000,-0.0935,-0.0997,-0.5322,-0.5176,1.000,0.03430
748452.9496,156,TRACKING,79.7,263.4,211.3,306.0,445.7,230.9,-17.94,-20.64,35.69,38.52,17.75,0.00,-18.77,-27.04,0.00,5.47,5.25,8.41,-69.64,-67.89,41.63,0.0000,0.0000,1.1005,1.0522,-0.3504,-0.3711,0.0000,0.0000,-0.0935,-0.0997,-0.5204,-0.5176,1.000,0.03430
748452.9828,157,TRACKING,72.4,261.9,195.2,307.8,445.4,233.9,-20.52,-20.64,36.99,38.52,16.47,0.00,-18.77,-27.04,0.00,3.75,4.72,7.89,-67.55,-67.89,41.63,0.0000,0.0000,1.1005,1.0716,-0.3504,-0.3628,0.0000,0.0000,-0.0877,-0.0949,-0.5204,-0.5176,1.000,0.03430
748453.0184,158,TRACKING,72.4,261.9,195.2,307.8,445.4,233.9,-20.52,-20.64,36.99,38.52,16.47,0.00,-18.77,-27.04,0.00,3.75,4.72,7.89,-67.55,-67.89,41.63,0.0000,0.0000,1.1005,1.0831,-0.3504,-0.3579,0.0000,0.0000,-0.0877,-0.0949,-0.5204,-0.5176,1.000,0.03430
748453.0497,159,TRACKING,83.6,262.2,212.1,309.1,445.8,234.7,-20.03,-20.64,37.68,38.52,17.65,0.00,-18.77,-27.04,0.00,1.07,3.44,6.61,-70.90,-68.95,40.58,0.0000,0.0000,1.1005,1.0901,-0.3504,-0.3579,0.0000,0.0000,-0.0734,-0.0863,-0.5073,-0.5135,1.000,0.03430
748453.0828,160,TRACKING,83.6,262.2,212.1,309.1,445.8,234.7,-20.03,-20.64,37.68,38.52,17.65,0.00,-18.77,-27.04,0.00,1.07,2.61,5.78,-70.90,-69.63,39.90,0.0000,0.0000,1.1005,1.0943,-0.3504,-0.3579,0.0000,0.0000,-0.0642,-0.0775,-0.4987,-0.5076,1.000,0.03430
748453.1160,161,TRACKING,83.1,262.1,207.8,308.7,446.0,237.9,-20.50,-20.64,37.06,38.52,16.55,0.00,-18.77,-27.04,0.00,3.17,2.61,5.78,-69.66,-69.63,39.90,0.0000,0.0000,1.1005,1.0943,-0.3504,-0.3579,0.0000,0.0000,-0.0642,-0.0721,-0.4987,-0.5041,1.000,0.03430
748453.1493,162,TRACKING,83.1,262.1,207.8,308.7,446.0,237.9,-20.50,-20.64,37.06,38.07,16.55,0.00,-18.77,-26.59,0.00,3.17,2.61,5.78,-69.66,-69.63,39.90,0.0000,0.0000,1.1005,1.0943,-0.3545,-0.3579,0.0000,0.0000,-0.0642,-0.0721,-0.4987,-0.5041,1.000,0.03430
748453.1833,163,TRACKING,86.0,263.2,216.0,309.1,446.3,239.2,-19.43,-20.64,36.30,37.63,16.87,0.00,-18.77,-26.15,0.00,1.97,2.61,5.78,-74.35,-71.28,38.25,0.0000,0.0000,1.1005,1.0943,-0.3586,-0.3579,0.0000,0.0000,-0.0642,-0.0721,-0.4781,-0.4937,1.000,0.03430
748453.2160,164,TRACKING,86.0,263.2,216.0,309.1,446.3,239.2,-19.43,-20.64,36.30,37.63,16.87,0.00,-18.77,-26.15,0.00,1.97,2.61,5.78,-74.35,-72.36,37.17,0.0000,0.0000,1.1005,1.0943,-0.3586,-0.3579,0.0000,0.0000,-0.0642,-0.0721,-0.4647,-0.4821,1.000,0.03430
748453.2500,165,TRACKING,82.5,262.0,203.9,312.0,448.6,242.3,-22.37,-20.64,38.27,37.63,15.90,0.00,-18.77,-26.15,0.00,4.83,3.39,6.55,-69.91,-71.50,38.03,0.0000,0.0000,1.1005,1.0943,-0.3586,-0.3579,0.0000,0.0000,-0.0728,-0.0721,-0.4753,-0.4821,1.000,0.03430
748453.2834,166,TRACKING,79.8,262.2,203.1,310.6,448.9,240.9,-21.43,-20.64,37.27,37.63,15.84,0.00,-18.77,-26.15,0.00,2.49,3.39,6.55,-70.52,-71.50,38.03,0.0000,0.0000,1.1005,1.0943,-0.3586,-0.3579,0.0000,0.0000,-0.0728,-0.0721,-0.4753,-0.4821,1.000,0.03430
748453.3162,167,TRACKING,79.8,262.2,203.1,310.6,448.9,240.9,-21.43,-20.64,37.27,37.63,15.84,0.00,-18.77,-26.15,0.00,2.49,3.39,6.55,-70.52,-71.50,38.03,0.0000,0.0000,1.1005,1.0943,-0.3586,-0.3579,0.0000,0.0000,-0.0728,-0.0721,-0.4753,-0.4821,1.000,0.03430
748453.3499,168,TRACKING,71.6,262.1,179.2,311.6,448.2,242.4,-24.73,-21.37,39.18,37.63,14.44,0.00,-19.50,-26.15,0.00,5.62,4.17,7.34,-72.12,-71.50,38.03,0.0000,0.0000,1.1201,1.1046,-0.3586,-0.3579,0.0000,0.0000,-0.0815,-0.0759,-0.4753,-0.4821,1.000,0.03430
748453.3829,169,TRACKING,71.6,262.1,179.2,311.6,448.2,242.4,-24.73,-22.15,39.18,37.63,14.44,0.00,-20.28,-26.15,0.00,5.62,4.68,7.85,-72.12,-71.50,38.03,0.0000,0.0000,1.1409,1.1191,-0.3586,-0.3579,0.0000,0.0000,-0.0872,-0.0804,-0.4753,-0.4821,1.000,0.03430
748453.4171,170,TRACKING,88.6,261.8,214.7,307.0,449.5,241.6,-19.69,-22.15,35.25,37.63,15.56,0.00,-20.28,-26.15,0.00,4.51,4.68,7.85,-73.32,-72.14,37.39,0.0000,0.0000,1.1409,1.1278,-0.3586,-0.3579,0.0000,0.0000,-0.0872,-0.0804,-0.4674,-0.4762,1.000,0.03430
748453.4494,171,TRACKING,88.6,261.8,214.7,307.0,449.5,241.6,-19.69,-21.68,35.25,37.11,15.56,0.00,-19.81,-25.63,0.00,4.51,4.68,7.85,-73.32,-72.14,37.39,0.0000,0.0000,1.1283,1.1278,-0.3634,-0.3579,0.0000,0.0000,-0.0872,-0.0804,-0.4674,-0.4727,1.000,0.03430
748453.4840,172,TRACKING,79.0,259.6,196.5,310.0,448.8,241.3,-23.22,-21.68,38.47,37.11,15.25,0.00,-19.81,-25.63,0.00,3.23,4.17,7.34,-68.54,-70.88,38.65,0.0000,0.0000,1.1283,1.1278,-0.3634,-0.3579,0.0000,0.0000,-0.0816,-0.0804,-0.4831,-0.4769,1.000,0.03430
748453.5169,173,TRACKING,76.9,260.2,200.0,309.0,448.8,240.9,-21.61,-21.68,36.92,37.11,15.31,0.00,-19.81,-25.63,0.00,3.09,4.17,7.34,-73.09,-71.65,37.88,0.0000,0.0000,1.1283,1.1278,-0.3634,-0.3579,0.0000,0.0000,-0.0816,-0.0804,-0.4734,-0.4769,1.000,0.03430
748453.5493,174,TRACKING,76.9,260.2,200.0,309.0,448.8,240.9,-21.61,-21.68,36.92,37.11,15.31,0.00,-19.81,-25.63,0.00,3.09,4.17,7.34,-73.09,-72.16,37.37,0.0000,0.0000,1.1283,1.1278,-0.3634,-0.3579,0.0000,0.0000,-0.0816,-0.0804,-0.4671,-0.4730,1.000,0.03430
748453.5826,175,TRACKING,77.9,260.1,201.9,309.6,449.0,240.7,-21.77,-21.68,37.36,37.11,15.59,0.00,-19.81,-25.63,0.00,2.23,3.49,6.66,-76.17,-73.56,35.96,0.0000,0.0000,1.1283,1.1278,-0.3634,-0.3579,0.0000,0.0000,-0.0740,-0.0804,-0.4496,-0.4636,1.000,0.03430
748453.6160,176,TRACKING,74.2,260.6,191.2,313.0,448.1,241.5,-24.14,-21.68,39.70,37.11,15.56,0.00,-19.81,-25.63,0.00,2.53,3.49,6.66,-75.00,-74.07,35.46,0.0000,0.0000,1.1283,1.1278,-0.3634,-0.3579,0.0000,0.0000,-0.0740,-0.0804,-0.4433,-0.4555,1.000,0.03430
748453.6497,177,TRACKING,74.2,260.6,191.2,313.0,448.1,241.5,-24.14,-22.28,39.70,37.74,15.56,0.00,-20.41,-26.26,0.00,2.53,3.49,6.66,-75.00,-74.07,35.46,0.0000,0.0000,1.1442,1.1344,-0.3576,-0.3579,0.0000,0.0000,-0.0740,-0.0804,-0.4433,-0.4506,1.000,0.03430
748453.6827,178,TRACKING,84.6,259.3,214.9,304.5,449.1,241.9,-19.14,-22.28,34.11,37.74,14.97,0.00,-20.41,-26.26,0.00,2.54,3.49,6.66,-75.74,-74.65,34.88,0.0000,0.0000,1.1442,1.1383,-0.3576,-0.3579,0.0000,0.0000,-0.0740,-0.0804,-0.4359,-0.4447,1.000,0.03430
748453.7163,179,TRACKING,90.9,260.7,226.2,304.3,447.7,242.5,-17.87,-21.40,33.44,36.84,15.57,0.00,-19.53,-25.36,0.00,1.61,2.84,6.00,-73.06,-74.09,35.44,0.0000,0.0000,1.1207,1.1313,-0.3659,-0.3611,0.0000,0.0000,-0.0667,-0.0749,-0.4429,-0.4447,1.000,0.03430
748453.7495,180,TRACKING,86.5,260.1,217.2,304.5,448.9,242.2,-18.76,-20.67,33.83,36.04,15.07,0.00,-18.80,-24.56,0.00,1.84,2.84,6.00,-72.23,-73.44,36.09,0.0000,0.0000,1.1012,1.1192,-0.3733,-0.3659,0.0000,0.0000,-0.0667,-0.0716,-0.4511,-0.4447,1.000,0.03430
748453.7827,181,TRACKING,86.5,260.1,217.2,304.5,448.9,242.2,-18.76,-20.11,33.83,35.41,15.07,0.00,-18.23,-23.93,0.00,1.84,2.84,6.00,-72.23,-73.02,36.51,0.0000,0.0000,1.0862,1.1060,-0.3791,-0.3712,0.0000,0.0000,-0.0667,-0.0716,-0.4564,-0.4494,1.000,0.03430
748453.8168,182,TRACKING,83.6,260.2,212.5,302.7,447.8,242.7,-18.27,-19.62,32.57,34.74,14.30,0.00,-17.75,-23.26,0.00,2.97,2.84,6.00,-72.40,-73.02,36.51,0.0000,0.0000,1.0732,1.0929,-0.3853,-0.3769,0.0000,0.0000,-0.0667,-0.0716,-0.4564,-0.4494,1.000,0.03430
748453.8494,183,TRACKING,84.1,260.2,215.5,301.4,446.8,243.4,-17.40,-19.09,31.48,33.98,14.08,0.00,-17.22,-22.50,0.00,3.31,2.84,6.00,-74.98,-73.70,35.82,0.0000,0.0000,1.0592,1.0794,-0.3923,-0.3830,0.0000,0.0000,-0.0667,-0.0716,-0.4478,-0.4494,1.000,0.03430
748453.8827,184,TRACKING,84.1,260.2,215.5,301.4,446.8,243.4,-17.40,-18.64,31.48,33.32,14.08,0.00,-16.77,-21.84,0.00,3.31,2.84,6.00,-74.98,-74.15,35.38,0.0000,0.0000,1.0471,1.0665,-0.3984,-0.3892,0.0000,0.0000,-0.0667,-0.0716,-0.4422,-0.4494,1.000,0.03430
748453.9160,185,TRACKING,80.7,260.7,209.8,303.8,448.0,244.2,-18.47,-18.64,32.53,33.32,14.06,0.00,-16.77,-21.84,0.00,3.64,2.84,6.00,-69.68,-72.59,36.94,0.0000,0.0000,1.0471,1.0587,-0.3984,-0.3929,0.0000,0.0000,-0.0667,-0.0716,-0.4618,-0.4543,1.000,0.03430
748453.9494,186,TRACKING,83.1,260.6,213.0,302.1,445.5,245.5,-17.70,-18.64,31.37,32.81,13.68,0.00,-16.77,-21.33,0.00,4.54,3.43,6.60,-69.67,-71.56,37.96,0.0000,0.0000,1.0471,1.0541,-0.4031,-0.3969,0.0000,0.0000,-0.0733,-0.0716,-0.4746,-0.4624,1.000,0.03430
748453.9833,187,TRACKING,77.2,260.0,200.0,303.7,445.3,248.0,-19.57,-18.64,32.35,32.81,12.78,0.00,-16.77,-21.33,0.00,6.23,4.41,7.58,-71.97,-71.56,37.96,0.0000,0.0000,1.0471,1.0541,-0.4031,-0.3969,0.0000,0.0000,-0.0842,-0.0767,-0.4746,-0.4673,1.000,0.03430
748454.0160,188,TRACKING,77.2,260.0,200.0,303.7,445.3,248.0,-19.57,-18.64,32.35,32.81,12.78,0.00,-16.77,-21.33,0.00,6.23,5.05,8.21,-71.97,-71.56,37.96,0.0000,0.0000,1.0471,1.0541,-0.4031,-0.3969,0.0000,0.0000,-0.0913,-0.0825,-0.4746,-0.4673,1.000,0.03430
748454.0497,189,TRACKING,75.2,253.3,193.0,304.4,434.1,251.0,-23.45,-19.46,35.95,32.81,12.49,0.00,-17.59,-21.33,0.00,5.76,5.05,8.21,-67.24,-70.05,39.48,0.0000,0.0000,1.0692,1.0601,-0.4031,-0.3969,0.0000,0.0000,-0.0913,-0.0860,-0.4935,-0.4778,1.000,0.03430
748454.0827,190,TRACKING,75.0,260.1,198.9,305.6,445.3,244.8,-20.19,-19.46,34.06,32.81,13.87,0.00,-17.59,-21.33,0.00,2.34,4.10,7.27,-78.21,-72.91,36.62,0.0000,0.0000,1.0692,1.0637,-0.4031,-0.3969,0.0000,0.0000,-0.0807,-0.0860,-0.4578,-0.4698,1.000,0.03430
748454.1162,191,TRACKING,84.8,259.4,216.5,302.5,444.3,249.1,-18.11,-19.46,31.30,32.81,13.19,0.00,-17.59,-21.33,0.00,5.24,4.10,7.27,-76.47,-74.16,35.37,0.0000,0.0000,1.0692,1.0637,-0.4031,-0.3969,0.0000,0.0000,-0.0807,-0.0860,-0.4421,-0.4587,1.000,0.03430
748454.1494,192,TRACKING,84.8,259.4,216.5,302.5,444.3,249.1,-18.11,-19.46,31.30,32.81,13.19,0.00,-17.59,-21.33,0.00,5.24,4.10,7.27,-76.47,-74.97,34.56,0.0000,0.0000,1.0692,1.0637,-0.4031,-0.3969,0.0000,0.0000,-0.0807,-0.0860,-0.4320,-0.4480,1.000,0.03430
748454.1827,193,TRACKING,79.8,254.6,202.5,302.8,428.9,252.7,-21.44,-19.46,33.91,32.81,12.47,0.00,-17.59,-21.33,0.00,5.76,4.68,7.85,-61.41,-70.23,39.30,0.0000,0.0000,1.0692,1.0637,-0.4031,-0.3969,0.0000,0.0000,-0.0872,-0.0860,-0.4913,-0.4653,1.000,0.03430
748454.2163,194,TRACKING,95.4,257.8,233.4,298.2,447.5,244.3,-16.31,-19.46,30.45,32.81,14.14,0.00,-17.59,-21.33,0.00,2.93,4.07,7.24,-78.52,-73.14,36.39,0.0000,0.0000,1.0692,1.0637,-0.4031,-0.3969,0.0000,0.0000,-0.0804,-0.0860,-0.4548,-0.4611,1.000,0.03430
748454.2493,195,TRACKING,95.4,257.8,233.4,298.2,447.5,244.3,-16.31,-18.73,30.45,32.22,14.14,0.00,-16.86,-20.74,0.00,2.93,4.07,7.24,-78.52,-75.03,34.50,0.0000,0.0000,1.0496,1.0581,-0.4086,-0.4016,0.0000,0.0000,-0.0804,-0.0860,-0.4312,-0.4492,1.000,0.03430
748454.2827,196,TRACKING,86.7,255.3,212.9,310.8,437.9,249.7,-23.78,-19.25,38.98,33.06,15.20,0.00,-17.38,-21.58,0.00,2.94,4.07,7.24,-72.00,-73.97,35.56,0.0000,0.0000,1.0635,1.0581,-0.4008,-0.4016,0.0000,0.0000,-0.0804,-0.0860,-0.4445,-0.4492,1.000,0.03430
748454.3169,197,TRACKING,76.8,261.4,201.4,309.0,445.6,245.2,-20.93,-19.70,35.58,33.76,14.65,0.00,-17.83,-22.28,0.00,2.09,3.38,6.54,-83.05,-77.15,32.38,0.0000,0.0000,1.0754,1.0650,-0.3943,-0.4016,0.0000,0.0000,-0.0727,-0.0807,-0.4047,-0.4314,1.000,0.03430
748454.3499,198,TRACKING,79.4,255.0,200.3,302.2,432.0,251.3,-21.34,-19.70,33.74,33.76,12.39,0.00,-17.83,-22.28,0.00,5.75,4.21,7.37,-71.16,-75.05,34.48,0.0000,0.0000,1.0754,1.0692,-0.3943,-0.4016,0.0000,0.0000,-0.0819,-0.0807,-0.4310,-0.4314,1.000,0.03430
748454.3828,199,TRACKING,79.4,255.0,200.3,302.2,432.0,251.3,-21.34,-20.19,33.74,33.76,12.39,0.00,-18.32,-22.28,0.00,5.75,4.75,7.92,-71.16,-73.68,35.85,0.0000,0.0000,1.0884,1.0769,-0.3943,-0.4016,0.0000,0.0000,-0.0879,-0.0807,-0.4481,-0.4380,1.000,0.03430
748454.4161,200,TRACKING,81.1,255.0,200.0,311.8,441.9,248.8,-25.52,-21.20,40.12,34.84,14.60,0.00,-19.33,-23.36,0.00,2.66,4.02,7.18,-73.18,-73.68,35.85,0.0000,0.0000,1.1154,1.0923,-0.3844,-0.3947,0.0000,0.0000,-0.0798,-0.0807,-0.4481,-0.4421,1.000,0.03430
748454.4499,201,TRACKING,81.1,255.0,200.0,311.8,441.9,248.8,-25.52,-22.24,40.12,36.06,14.60,0.00,-20.37,-24.58,0.00,2.66,3.54,6.71,-73.18,-73.68,35.85,0.0000,0.0000,1.1432,1.1127,-0.3731,-0.3861,0.0000,0.0000,-0.0745,-0.0807,-0.4481,-0.4421,1.000,0.03430
748454.4835,202,TRACKING,79.0,251.7,198.4,299.2,442.0,250.2,-21.70,-22.24,33.08,36.06,11.39,0.00,-20.37,-24.58,0.00,7.00,4.75,7.92,-82.08,-76.63,32.90,0.0000,0.0000,1.1432,1.1249,-0.3731,-0.3809,0.0000,0.0000,-0.0880,-0.0807,-0.4113,-0.4297,1.000,0.03430
748454.5164,203,TRACKING,79.0,251.7,198.4,299.2,442.0,250.2,-21.70,-22.24,33.08,35.57,11.39,0.00,-20.37,-24.09,0.00,7.00,5.54,8.70,-82.08,-78.54,30.99,0.0000,0.0000,1.1432,1.1322,-0.3776,-0.3809,0.0000,0.0000,-0.0967,-0.0871,-0.3874,-0.4128,1.000,0.03430
748454.5493,204,TRACKING,79.0,251.7,198.4,299.2,442.0,250.2,-21.70,-22.24,33.08,35.01,11.39,0.00,-20.37,-23.53,0.00,7.00,6.05,9.22,-82.08,-79.78,29.75,0.0000,0.0000,1.1432,1.1366,-0.3828,-0.3809,0.0000,0.0000,-0.1024,-0.0932,-0.3718,-0.3964,1.000,0.03430
748454.5838,205,TRACKING,86.0,254.0,212.5,309.2,443.6,249.2,-23.59,-22.24,38.16,35.01,14.57,0.00,-20.37,-23.53,0.00,1.99,4.63,7.79,-84.99,-81.61,27.92,0.0000,0.0000,1.1432,1.1366,-0.3828,-0.3809,0.0000,0.0000,-0.0866,-0.0932,-0.3490,-0.3775,1.000,0.03430
748454.6160,206,TRACKING,86.0,254.0,212.5,309.2,443.6,249.2,-23.59,-22.24,38.16,35.67,14.57,0.00,-20.37,-24.19,0.00,1.99,3.70,6.87,-84.99,-82.79,26.74,0.0000,0.0000,1.1432,1.1366,-0.3767,-0.3809,0.0000,0.0000,-0.0763,-0.0865,-0.3342,-0.3602,1.000,0.03430
748454.6499,207,TRACKING,76.3,252.9,193.0,301.3,444.8,252.0,-22.48,-22.24,33.54,35.67,11.06,0.00,-20.37,-24.19,0.00,7.05,4.87,8.04,-78.80,-81.39,28.14,0.0000,0.0000,1.1432,1.1366,-0.3767,-0.3809,0.0000,0.0000,-0.0893,-0.0865,-0.3517,-0.3568,1.000,0.03430
748454.6826,208,TRACKING,76.3,252.9,193.0,301.3,444.8,252.0,-22.48,-22.24,33.54,35.67,11.06,0.00,-20.37,-24.19,0.00,7.05,5.63,8.80,-78.80,-80.49,29.04,0.0000,0.0000,1.1432,1.1366,-0.3767,-0.3809,0.0000,0.0000,-0.0978,-0.0910,-0.3630,-0.3568,1.000,0.03430
748454.7162,209,TRACKING,72.7,253.7,188.5,303.0,444.7,251.8,-23.09,-22.24,34.39,35.24,11.31,0.00,-20.37,-23.76,0.00,4.23,5.14,8.31,-83.22,-81.44,28.09,0.0000,0.0000,1.1432,1.1366,-0.3806,-0.3809,0.0000,0.0000,-0.0923,-0.0910,-0.3511,-0.3568,1.000,0.03430
748454.7493,210,TRACKING,72.7,253.7,188.5,303.0,444.7,251.8,-23.09,-22.24,34.39,35.24,11.31,0.00,-20.37,-23.76,0.00,4.23,5.14,8.31,-83.22,-82.06,27.46,0.0000,0.0000,1.1432,1.1366,-0.3806,-0.3809,0.0000,0.0000,-0.0923,-0.0910,-0.3433,-0.3514,1.000,0.03430
748454.7833,211,TRACKING,77.6,258.2,205.7,298.1,453.2,250.2,-17.31,-21.58,28.27,33.96,10.96,0.00,-19.71,-22.48,0.00,5.38,5.14,8.31,-85.74,-83.35,26.18,0.0000,0.0000,1.1255,1.1322,-0.3925,-0.3855,0.0000,0.0000,-0.0923,-0.0910,-0.3272,-0.3417,1.000,0.03430
748454.8160,212,TRACKING,77.6,258.2,205.7,298.1,453.2,250.2,-17.31,-20.66,28.27,32.60,10.96,0.00,-18.79,-21.12,0.00,5.38,5.14,8.31,-85.74,-84.19,25.34,0.0000,0.0000,1.1010,1.1197,-0.4051,-0.3933,0.0000,0.0000,-0.0923,-0.0910,-0.3167,-0.3317,1.000,0.03430
748454.8497,213,TRACKING,78.4,251.5,202.5,300.3,440.2,254.8,-21.47,-20.66,32.32,32.07,10.85,0.00,-18.79,-20.59,0.00,5.77,5.14,8.31,-80.48,-82.89,26.64,0.0000,0.0000,1.1010,1.1122,-0.4099,-0.4000,0.0000,0.0000,-0.0923,-0.0910,-0.3330,-0.3317,1.000,0.03430
748454.8826,214,TRACKING,78.4,251.5,202.5,300.3,440.2,254.8,-21.47,-20.66,32.32,32.07,10.85,0.00,-18.79,-20.59,0.00,5.77,5.14,8.31,-80.48,-82.05,27.48,0.0000,0.0000,1.1010,1.1077,-0.4099,-0.4040,0.0000,0.0000,-0.0923,-0.0910,-0.3435,-0.3364,1.000,0.03430
748454.9170,215,TRACKING,87.3,257.8,219.3,299.2,449.1,251.4,-17.41,-20.15,29.17,31.52,11.76,0.00,-18.27,-20.04,0.00,4.81,5.14,8.31,-85.13,-83.13,26.40,0.0000,0.0000,1.0873,1.0996,-0.4150,-0.4084,0.0000,0.0000,-0.0923,-0.0910,-0.3300,-0.3364,1.000,0.03430
748454.9493,216,TRACKING,85.3,253.8,214.5,299.7,436.2,255.2,-19.55,-20.15,30.90,31.52,11.35,0.00,-18.27,-20.04,0.00,4.75,5.14,8.31,-84.43,-83.58,25.94,0.0000,0.0000,1.0873,1.0947,-0.4150,-0.4084,0.0000,0.0000,-0.0923,-0.0910,-0.3243,-0.3316,1.000,0.03430
748454.9839,217,TRACKING,85.3,253.8,214.5,299.7,436.2,255.2,-19.55,-20.15,30.90,31.52,11.35,0.00,-18.27,-20.04,0.00,4.75,5.14,8.31,-84.43,-83.58,25.94,0.0000,0.0000,1.0873,1.0947,-0.4150,-0.4084,0.0000,0.0000,-0.0923,-0.0910,-0.3243,-0.3316,1.000,0.03430
748455.0163,218,TRACKING,78.1,252.9,200.4,296.4,443.0,253.9,-19.58,-20.15,29.53,31.05,9.95,0.00,-18.27,-19.57,0.00,10.30,6.95,10.12,-85.27,-84.17,25.35,0.0000,0.0000,1.0873,1.0947,-0.4193,-0.4128,0.0000,0.0000,-0.1124,-0.0996,-0.3169,-0.3257,1.000,0.03430
748455.0494,219,TRACKING,78.1,252.9,200.4,296.4,443.0,253.9,-19.58,-20.15,29.53,31.05,9.95,0.00,-18.27,-19.57,0.00,10.30,8.12,11.29,-85.27,-84.17,25.35,0.0000,0.0000,1.0873,1.0947,-0.4193,-0.4128,0.0000,0.0000,-0.1255,-0.1099,-0.3169,-0.3222,1.000,0.03430
748455.0828,220,TRACKING,95.6,252.9,231.3,296.1,441.1,252.6,-17.67,-19.63,29.39,30.54,11.71,0.00,-17.76,-19.06,0.00,10.88,9.09,12.26,-74.89,-80.93,28.60,0.0000,0.0000,1.0735,1.0862,-0.4241,-0.4173,0.0000,0.0000,-0.1362,-0.1204,-0.3575,-0.3363,1.000,0.03430
748455.1160,221,TRACKING,95.6,252.9,231.3,296.1,441.1,252.6,-17.67,-19.13,29.39,30.54,11.71,0.00,-17.26,-19.06,0.00,10.88,9.72,12.88,-74.89,-78.81,30.72,0.0000,0.0000,1.0602,1.0758,-0.4241,-0.4173,0.0000,0.0000,-0.1432,-0.1295,-0.3839,-0.3554,1.000,0.03430
748455.1496,222,TRACKING,90.1,253.1,224.2,296.9,438.9,251.2,-18.07,-19.13,30.07,30.54,12.00,0.00,-17.26,-19.06,0.00,8.65,9.72,12.88,-74.33,-77.24,32.29,0.0000,0.0000,1.0602,1.0696,-0.4241,-0.4173,0.0000,0.0000,-0.1432,-0.1350,-0.4036,-0.3747,1.000,0.03430
748455.1830,223,TRACKING,86.4,256.4,221.8,301.2,439.2,248.5,-18.33,-19.13,31.97,30.54,13.65,0.00,-17.26,-19.06,0.00,5.24,8.15,11.32,-73.43,-75.91,33.62,0.0000,0.0000,1.0602,1.0658,-0.4241,-0.4173,0.0000,0.0000,-0.1258,-0.1313,-0.4203,-0.3929,1.000,0.03430
748455.2160,224,TRACKING,86.4,256.4,221.8,301.2,439.2,248.5,-18.33,-19.13,31.97,30.54,13.65,0.00,-17.26,-19.06,0.00,5.24,7.13,10.30,-73.43,-75.04,34.49,0.0000,0.0000,1.0602,1.0658,-0.4241,-0.4173,0.0000,0.0000,-0.1144,-0.1245,-0.4311,-0.4082,1.000,0.03430
748455.2493,225,TRACKING,82.5,259.3,216.5,303.1,443.6,247.5,-18.07,-19.13,31.82,30.54,13.75,0.00,-17.26,-19.06,0.00,19.31,11.39,14.56,-58.27,-69.18,40.35,0.0000,0.0000,1.0602,1.0658,-0.4241,-0.4173,0.0000,0.0000,-0.1618,-0.1394,-0.5044,-0.4467,1.000,0.03430
748455.2828,226,TRACKING,82.5,259.3,216.5,303.1,443.6,247.5,-18.07,-19.13,31.82,30.54,13.75,0.00,-17.26,-19.06,0.00,19.31,14.17,17.34,-58.27,-65.34,44.19,0.0000,0.0000,1.0602,1.0658,-0.4241,-0.4173,0.0000,0.0000,-0.1927,-0.1607,-0.5524,-0.4889,1.000,0.03430
748455.3161,227,TRACKING,82.8,264.1,219.5,312.3,360.7,242.7,-19.41,-19.13,45.66,32.73,26.25,0.00,0.00,0.00,0.00,0.00,14.17,0.00,0.00,-65.34,0.00,0.0000,0.0000,0.0000,1.0658,0.0000,-0.4173,0.0000,0.0000,0.0000,-0.1607,0.0000,-0.4889,1.000,0.03430
748455.3494,228,TRACKING,82.8,264.1,219.5,312.3,360.7,242.7,-19.41,-19.13,45.66,35.40,26.25,0.00,0.00,0.00,0.00,0.00,14.17,0.00,0.00,-65.34,0.00,0.0000,0.0000,0.0000,1.0658,0.0000,-0.4173,0.0000,0.0000,0.0000,-0.1607,0.0000,-0.4889,1.000,0.03430
748455.3828,229,TRACKING,92.1,262.3,231.1,310.8,443.8,231.6,-19.22,-19.13,39.63,37.00,20.41,0.00,-17.26,-25.52,0.00,76.26,14.17,17.34,-5.86,-45.16,64.37,0.0000,0.0000,1.0602,1.0658,-0.3644,-0.3961,0.0000,0.0000,-0.1927,-0.1735,-0.8046,-0.6152,1.000,0.03430
748455.4160,230,TRACKING,92.1,262.3,231.1,310.8,443.8,231.6,-19.22,-19.13,39.63,37.99,20.41,0.00,-17.26,-26.51,0.00,76.26,14.17,17.34,-5.86,-30.36,79.17,0.0000,0.0000,1.0602,1.0658,-0.3553,-0.3798,0.0000,0.0000,-0.1927,-0.1812,-0.9896,-0.7650,1.000,0.03430
748455.4509,231,TRACKING,101.2,266.2,239.6,296.5,453.2,223.3,-12.35,-18.09,31.29,37.29,18.94,0.00,-16.22,-25.81,0.00,69.60,33.01,36.18,175.33,-61.75,47.78,0.0000,0.0000,1.0324,1.0525,-0.3617,-0.3726,0.0000,0.0000,-0.4020,-0.2695,-0.5972,-0.6979,1.000,0.03430
748455.4826,232,TRACKING,93.6,262.0,237.3,284.5,446.4,220.0,-8.88,-16.26,26.00,35.26,17.13,0.00,-14.39,-23.78,0.00,97.21,33.01,36.18,10.42,-13.42,96.11,0.0000,0.0000,0.9836,1.0249,-0.3805,-0.3726,0.0000,0.0000,-0.4020,-0.3225,-1.2014,-0.8993,1.000,0.03430
748455.5163,233,TRACKING,93.6,262.0,237.3,284.5,446.4,220.0,-8.88,-14.44,26.00,33.07,17.13,0.00,-12.57,-21.59,0.00,97.21,33.01,36.18,10.42,-0.36,109.17,0.0000,0.0000,0.9351,0.9890,-0.4007,-0.3838,0.0000,0.0000,-0.4020,-0.3543,-1.3646,-1.0854,1.000,0.03430
748455.5499,234,TRACKING,85.9,264.3,221.9,294.1,438.8,225.7,-12.38,-13.46,29.91,31.78,17.52,0.00,-11.59,-20.30,0.00,91.74,54.45,57.62,8.39,3.68,113.21,0.0000,0.0000,0.9090,0.9570,-0.4126,-0.3953,0.0000,0.0000,-0.6402,-0.4686,-1.4151,-1.2173,1.000,0.03430
748455.5830,235,TRACKING,85.9,264.3,221.9,294.1,438.8,225.7,-12.38,-12.94,29.91,31.02,17.52,0.00,-11.07,-19.54,0.00,91.74,69.11,72.28,8.39,5.64,115.17,0.0000,0.0000,0.8951,0.9322,-0.4196,-0.4050,0.0000,0.0000,-0.8031,-0.6024,-1.4396,-1.3062,1.000,0.03430
748455.6162,236,TRACKING,87.1,265.5,224.3,295.7,436.5,225.1,-12.42,-12.94,30.84,31.02,18.42,0.00,-11.07,-19.54,0.00,89.74,77.16,80.33,2.69,4.49,114.02,0.0000,0.0000,0.8951,0.9174,-0.4196,-0.4109,0.0000,0.0000,-0.8925,-0.7185,-1.4252,-1.3538,1.000,0.03430
748455.6493,237,TRACKING,87.1,265.5,224.3,295.7,436.5,225.1,-12.42,-12.94,30.84,31.02,18.42,0.00,-11.07,-19.54,0.00,89.74,81.93,85.10,2.69,3.81,113.34,0.0000,0.0000,0.8951,0.9085,-0.4196,-0.4144,0.0000,0.0000,-0.9455,-0.8093,-1.4168,-1.3790,1.000,0.03430
748455.6827,238,TRACKING,90.8,264.0,229.6,306.3,433.8,231.8,-16.93,-13.45,36.95,31.86,20.02,0.00,-11.58,-20.38,0.00,84.08,82.72,85.89,-2.72,1.42,110.95,0.0000,0.0000,0.9089,0.9085,-0.4119,-0.4144,0.0000,0.0000,-0.9543,-0.8673,-1.3869,-1.3790,1.000,0.03430
748455.7163,239,TRACKING,88.5,266.3,224.2,301.3,440.3,236.4,-14.46,-13.45,31.19,31.86,16.73,0.00,-11.58,-20.38,0.00,90.49,85.54,88.71,-1.13,0.50,110.03,0.0000,0.0000,0.9089,0.9085,-0.4119,-0.4144,0.0000,0.0000,-0.9856,-0.9146,-1.3753,-1.3790,1.000,0.03430
748455.7493,240,TRACKING,88.5,266.3,224.2,301.3,440.3,236.4,-14.46,-13.45,31.19,31.86,16.73,0.00,-11.58,-20.38,0.00,90.49,87.31,90.48,-1.13,-0.08,109.44,0.0000,0.0000,0.9089,0.9085,-0.4119,-0.4144,0.0000,0.0000,-1.0000,-0.9488,-1.3681,-1.3746,1.000,0.03430
748455.7827,241,TRACKING,89.1,267.6,221.7,319.0,436.3,237.9,-21.18,-14.87,41.88,33.45,20.70,0.00,-13.00,-21.97,0.00,83.32,85.89,89.06,0.78,-0.08,109.44,0.0000,0.0000,0.9465,0.9237,-0.3972,-0.4075,0.0000,0.0000,-0.9896,-0.9651,-1.3681,-1.3746,1.000,0.03430
748455.8168,242,TRACKING,88.8,267.9,214.7,321.2,438.2,234.2,-22.93,-16.63,44.20,35.71,21.27,0.00,-14.76,-24.23,0.00,85.23,85.89,89.06,-3.69,-1.36,108.16,0.0000,0.0000,0.9935,0.9516,-0.3764,-0.3950,0.0000,0.0000,-0.9896,-0.9749,-1.3521,-1.3656,1.000,0.03430
748455.8493,243,TRACKING,88.8,267.9,214.7,321.2,438.2,234.2,-22.93,-18.25,44.20,37.85,21.27,0.00,-16.37,-26.37,0.00,85.23,85.89,89.06,-3.69,-2.19,107.34,0.0000,0.0000,1.0367,0.9856,-0.3565,-0.3796,0.0000,0.0000,-0.9896,-0.9808,-1.3418,-1.3561,1.000,0.03430
748455.8827,244,TRACKING,93.7,264.9,231.7,307.0,438.6,233.1,-16.96,-18.25,36.63,38.42,19.67,0.00,-16.37,-26.94,0.00,86.74,85.89,89.06,-2.81,-2.19,107.34,0.0000,0.0000,1.0367,1.0060,-0.3514,-0.3683,0.0000,0.0000,-0.9896,-0.9843,-1.3418,-1.3504,1.000,0.03430
748455.9160,245,TRACKING,93.7,264.9,231.7,307.0,438.6,233.1,-16.96,-18.25,36.63,38.42,19.67,0.00,-16.37,-26.94,0.00,86.74,85.89,89.06,-2.81,-2.19,107.34,0.0000,0.0000,1.0367,1.0183,-0.3514,-0.3615,0.0000,0.0000,-0.9896,-0.9843,-1.3418,-1.3469,1.000,0.03430
748455.9511,246,TRACKING,105.6,264.4,246.1,303.1,437.1,232.0,-15.40,-17.78,35.82,37.95,20.42,0.00,-15.91,-26.47,0.00,85.11,85.89,89.06,-4.21,-2.90,106.63,0.0000,0.0000,1.0244,1.0183,-0.3557,-0.3615,0.0000,0.0000,-0.9896,-0.9843,-1.3329,-1.3413,1.000,0.03430
748455.9826,247,TRACKING,91.6,264.6,227.4,307.9,437.5,229.2,-17.68,-17.78,38.21,37.95,20.53,0.00,-15.91,-26.47,0.00,86.00,85.89,89.06,-5.80,-3.92,105.61,0.0000,0.0000,1.0244,1.0183,-0.3557,-0.3615,0.0000,0.0000,-0.9896,-0.9843,-1.3201,-1.3328,1.000,0.03430
748456.0160,248,TRACKING,91.6,264.6,227.4,307.9,437.5,229.2,-17.68,-17.78,38.21,37.95,20.53,0.00,-15.91,-26.47,0.00,86.00,85.89,89.06,-5.80,-4.58,104.95,0.0000,0.0000,1.0244,1.0183,-0.3557,-0.3615,0.0000,0.0000,-0.9896,-0.9843,-1.3119,-1.3245,1.000,0.03430
748456.0493,249,TRACKING,94.6,264.8,225.8,315.6,436.0,231.0,-21.16,-18.25,43.09,38.74,21.94,0.00,-16.38,-27.26,0.00,82.65,84.74,87.91,-0.62,-3.19,106.34,0.0000,0.0000,1.0367,1.0257,-0.3483,-0.3563,0.0000,0.0000,-0.9768,-0.9843,-1.3292,-1.3245,1.000,0.03430
748456.0828,250,TRACKING,104.8,263.0,246.0,289.8,437.5,233.4,-10.76,-17.22,27.19,37.24,16.43,0.00,-15.35,-25.76,0.00,87.43,85.69,88.86,-1.49,-2.60,106.93,0.0000,0.0000,1.0094,1.0192,-0.3622,-0.3563,0.0000,0.0000,-0.9873,-0.9843,-1.3367,-1.3293,1.000,0.03430
748456.1160,251,TRACKING,104.8,263.0,246.0,289.8,437.5,233.4,-10.76,-15.83,27.19,35.13,16.43,0.00,-13.96,-23.65,0.00,87.43,86.30,89.47,-1.49,-2.60,106.93,0.0000,0.0000,0.9724,1.0004,-0.3817,-0.3664,0.0000,0.0000,-0.9941,-0.9882,-1.3367,-1.3293,1.000,0.03430
748456.1496,252,TRACKING,107.3,263.2,247.5,308.9,435.9,235.7,-18.05,-15.83,39.28,35.13,21.23,0.00,-13.96,-23.65,0.00,82.08,84.82,87.99,-0.02,-1.69,107.84,0.0000,0.0000,0.9724,0.9892,-0.3817,-0.3725,0.0000,0.0000,-0.9777,-0.9840,-1.3479,-1.3368,1.000,0.03430
748456.1837,253,TRACKING,82.6,269.4,207.6,322.6,438.8,235.5,-23.05,-16.86,43.71,36.41,20.66,0.00,-14.99,-24.93,0.00,83.97,84.82,87.99,-4.41,-2.65,106.88,0.0000,0.0000,0.9996,0.9934,-0.3698,-0.3725,0.0000,0.0000,-0.9777,-0.9840,-1.3360,-1.3368,1.000,0.03430
748456.2160,254,TRACKING,106.5,264.7,244.1,311.2,438.1,235.9,-18.65,-17.50,39.83,37.40,21.19,0.00,-15.63,-25.92,0.00,83.85,84.82,87.99,-6.26,-3.91,105.62,0.0000,0.0000,1.0169,1.0028,-0.3607,-0.3678,0.0000,0.0000,-0.9777,-0.9840,-1.3202,-1.3302,1.000,0.03430
748456.2493,255,TRACKING,106.5,264.7,244.1,311.2,438.1,235.9,-18.65,-17.50,39.83,38.14,21.19,0.00,-15.63,-26.66,0.00,83.85,84.82,87.99,-6.26,-4.73,104.79,0.0000,0.0000,1.0169,1.0084,-0.3539,-0.3623,0.0000,0.0000,-0.9777,-0.9840,-1.3099,-1.3221,1.000,0.03430
748456.2826,256,TRACKING,89.7,266.5,219.4,318.7,438.5,237.3,-21.92,-18.42,42.31,39.05,20.39,0.00,-16.55,-27.57,0.00,84.39,84.82,87.99,1.34,-2.61,106.92,0.0000,0.0000,1.0412,1.0215,-0.3455,-0.3556,0.0000,0.0000,-0.9777,-0.9840,-1.3365,-1.3278,1.000,0.03430
748456.3178,257,TRACKING,97.9,267.6,232.6,318.5,438.2,236.2,-20.71,-19.11,42.54,39.92,21.83,0.00,-17.24,-28.44,0.00,83.10,84.22,87.38,-7.37,-4.28,105.25,0.0000,0.0000,1.0596,1.0368,-0.3375,-0.3483,0.0000,0.0000,-0.9709,-0.9788,-1.3156,-1.3230,1.000,0.03430
748456.3495,258,TRACKING,90.6,263.9,224.0,309.4,438.8,237.0,-18.86,-19.11,37.48,39.92,18.62,0.00,-17.24,-28.44,0.00,86.14,84.89,88.06,-0.94,-3.11,106.42,0.0000,0.0000,1.0596,1.0459,-0.3375,-0.3440,0.0000,0.0000,-0.9784,-0.9788,-1.3303,-1.3230,1.000,0.03430
748456.3827,259,TRACKING,90.6,263.9,224.0,309.4,438.8,237.0,-18.86,-19.11,37.48,39.50,18.62,0.00,-17.24,-28.02,0.00,86.14,85.33,88.50,-0.94,-2.35,107.18,0.0000,0.0000,1.0596,1.0514,-0.3414,-0.3440,0.0000,0.0000,-0.9833,-0.9788,-1.3397,-1.3297,1.000,0.03430
748456.4160,260,TRACKING,93.4,266.4,225.7,322.3,438.1,236.8,-22.88,-19.75,44.80,40.19,21.92,0.00,-17.88,-28.71,0.00,82.31,84.27,87.44,-7.30,-4.08,105.44,0.0000,0.0000,1.0767,1.0615,-0.3350,-0.3404,0.0000,0.0000,-0.9715,-0.9788,-1.3181,-1.3250,1.000,0.03430
748456.4494,261,TRACKING,100.2,264.5,235.3,316.9,437.9,237.3,-21.20,-20.21,42.65,40.82,21.44,0.00,-18.33,-29.34,0.00,82.16,83.53,86.70,-1.78,-3.28,106.25,0.0000,0.0000,1.0889,1.0725,-0.3292,-0.3359,0.0000,0.0000,-0.9633,-0.9726,-1.3281,-1.3250,1.000,0.03430
748456.4840,262,TRACKING,99.8,263.3,236.5,306.4,438.3,237.6,-17.50,-20.21,36.33,40.35,18.83,0.00,-18.33,-28.87,0.00,84.88,84.01,87.17,0.77,-1.86,107.67,0.0000,0.0000,1.0889,1.0791,-0.3335,-0.3359,0.0000,0.0000,-0.9686,-0.9726,-1.3459,-1.3334,1.000,0.03430
748456.5168,263,TRACKING,99.8,263.3,236.5,306.4,438.3,237.6,-17.50,-19.64,36.33,39.55,18.83,0.00,-17.76,-28.07,0.00,84.88,84.01,87.17,0.77,-0.94,108.59,0.0000,0.0000,1.0737,1.0791,-0.3409,-0.3359,0.0000,0.0000,-0.9686,-0.9726,-1.3574,-1.3430,1.000,0.03430
748456.5495,264,TRACKING,84.1,263.5,214.4,309.3,438.3,237.7,-19.39,-19.64,37.15,38.87,17.75,0.00,-17.76,-27.39,0.00,86.91,85.02,88.19,-2.34,-1.43,108.10,0.0000,0.0000,1.0737,1.0791,-0.3472,-0.3404,0.0000,0.0000,-0.9799,-0.9726,-1.3513,-1.3463,1.000,0.03430
748456.5832,265,TRACKING,95.5,266.6,233.9,309.8,438.1,237.7,-17.33,-19.13,36.76,38.29,19.43,0.00,-17.26,-26.81,0.00,84.60,85.02,88.19,-3.30,-2.08,107.45,0.0000,0.0000,1.0603,1.0716,-0.3525,-0.3453,0.0000,0.0000,-0.9799,-0.9726,-1.3431,-1.3463,1.000,0.03430
748456.6169,266,TRACKING,89.9,264.6,225.1,310.4,438.6,236.6,-18.72,-19.13,37.79,38.29,19.08,0.00,-17.26,-26.81,0.00,86.22,85.02,88.19,-4.22,-2.83,106.70,0.0000,0.0000,1.0603,1.0671,-0.3525,-0.3453,0.0000,0.0000,-0.9799,-0.9726,-1.3337,-1.3413,1.000,0.03430
748456.6495,267,TRACKING,89.9,264.6,225.1,310.4,438.6,236.6,-18.72,-19.13,37.79,38.29,19.08,0.00,-17.26,-26.81,0.00,86.22,85.02,88.19,-4.22,-3.32,106.21,0.0000,0.0000,1.0603,1.0671,-0.3525,-0.3453,0.0000,0.0000,-0.9799,-0.9726,-1.3277,-1.3358,1.000,0.03430
748456.6830,268,TRACKING,70.7,265.7,192.7,313.7,437.6,236.3,-21.48,-19.13,39.01,38.29,17.53,0.00,-17.26,-26.81,0.00,86.66,85.60,88.76,-2.83,-3.32,106.21,0.0000,0.0000,1.0603,1.0671,-0.3525,-0.3453,0.0000,0.0000,-0.9863,-0.9781,-1.3277,-1.3326,1.000,0.03430
748456.7164,269,TRACKING,88.0,266.3,220.8,311.5,437.4,237.9,-18.79,-19.13,37.56,38.29,18.77,0.00,-17.26,-26.81,0.00,84.76,85.60,88.76,-3.36,-3.32,106.21,0.0000,0.0000,1.0603,1.0671,-0.3525,-0.3453,0.0000,0.0000,-0.9863,-0.9813,-1.3277,-1.3326,1.000,0.03430
748456.7493,270,TRACKING,89.3,268.0,224.6,314.0,437.8,238.5,-18.78,-19.13,38.27,38.29,19.49,0.00,-17.26,-26.81,0.00,84.03,85.05,88.21,-0.94,-2.48,107.04,0.0000,0.0000,1.0603,1.0671,-0.3525,-0.3453,0.0000,0.0000,-0.9802,-0.9813,-1.3381,-1.3326,1.000,0.03430
748456.7827,271,TRACKING,101.8,266.9,237.5,321.2,438.4,237.1,-21.81,-19.55,44.50,39.21,22.70,0.00,-17.68,-27.73,0.00,82.26,84.07,87.24,-1.65,-2.48,107.04,0.0000,0.0000,1.0716,1.0671,-0.3440,-0.3453,0.0000,0.0000,-0.9693,-0.9765,-1.3381,-1.3326,1.000,0.03430
748456.8166,272,TRACKING,91.9,265.2,227.5,310.1,438.4,240.4,-18.32,-19.55,36.61,39.21,18.29,0.00,-17.68,-27.73,0.00,85.35,84.52,87.69,0.90,-1.30,108.23,0.0000,0.0000,1.0716,1.0671,-0.3440,-0.3453,0.0000,0.0000,-0.9743,-0.9765,-1.3529,-1.3407,1.000,0.03430
748456.8495,273,TRACKING,95.2,267.1,228.9,321.1,438.7,238.6,-22.00,-19.55,43.48,39.84,21.47,0.00,-17.68,-28.36,0.00,83.47,84.52,87.69,-6.67,-3.18,106.35,0.0000,0.0000,1.0716,1.0671,-0.3382,-0.3453,0.0000,0.0000,-0.9743,-0.9765,-1.3294,-1.3362,1.000,0.03430
748456.8828,274,TRACKING,95.2,267.1,228.9,321.1,438.7,238.6,-22.00,-20.14,43.48,40.64,21.47,0.00,-18.27,-29.16,0.00,83.47,84.52,87.69,-6.67,-4.40,105.13,0.0000,0.0000,1.0872,1.0751,-0.3308,-0.3395,0.0000,0.0000,-0.9743,-0.9765,-1.3141,-1.3273,1.000,0.03430
748456.9160,275,TRACKING,83.8,269.0,211.9,325.4,438.7,240.0,-23.76,-20.91,44.40,41.51,20.64,0.00,-19.04,-30.03,0.00,82.87,83.94,87.11,-1.22,-3.29,106.24,0.0000,0.0000,1.1078,1.0882,-0.3228,-0.3328,0.0000,0.0000,-0.9679,-0.9731,-1.3280,-1.3273,1.000,0.03430
748456.9497,276,TRACKING,94.4,268.1,227.6,322.9,438.2,238.8,-22.36,-21.42,44.12,42.23,21.76,0.00,-19.55,-30.75,0.00,81.96,83.25,86.41,-6.41,-4.38,105.15,0.0000,0.0000,1.1212,1.1014,-0.3161,-0.3261,0.0000,0.0000,-0.9601,-0.9679,-1.3143,-1.3221,1.000,0.03430
748456.9827,277,TRACKING,100.3,267.1,241.3,309.6,436.8,239.4,-16.79,-20.85,36.55,41.59,19.77,0.00,-18.98,-30.11,0.00,82.55,83.25,86.41,-1.81,-3.48,106.05,0.0000,0.0000,1.1062,1.1014,-0.3220,-0.3261,0.0000,0.0000,-0.9601,-0.9679,-1.3256,-1.3221,1.000,0.03430
748457.0160,278,TRACKING,100.3,267.1,241.3,309.6,436.8,239.4,-16.79,-20.01,36.55,40.57,19.77,0.00,-18.14,-29.09,0.00,82.55,83.25,86.41,-1.81,-2.89,106.63,0.0000,0.0000,1.0836,1.0943,-0.3315,-0.3261,0.0000,0.0000,-0.9601,-0.9679,-1.3329,-1.3264,1.000,0.03430
748457.0501,279,TRACKING,98.6,267.1,233.8,319.8,437.5,238.8,-21.31,-20.01,42.98,40.57,21.67,0.00,-18.14,-29.09,0.00,80.35,82.23,85.40,-5.48,-3.80,105.73,0.0000,0.0000,1.0836,1.0900,-0.3315,-0.3261,0.0000,0.0000,-0.9489,-0.9603,-1.3216,-1.3264,1.000,0.03430
748457.0827,280,TRACKING,81.1,266.7,214.0,314.9,440.3,239.9,-19.96,-20.01,38.31,40.57,18.35,0.00,-18.14,-29.09,0.00,84.49,83.02,86.19,-2.12,-3.21,106.32,0.0000,0.0000,1.0836,1.0900,-0.3315,-0.3261,0.0000,0.0000,-0.9577,-0.9603,-1.3290,-1.3264,1.000,0.03430
748457.1161,281,TRACKING,93.0,268.1,225.5,323.7,439.2,239.9,-22.77,-20.01,44.18,40.57,21.41,0.00,-18.14,-29.09,0.00,80.92,82.29,85.45,-3.34,-3.21,106.32,0.0000,0.0000,1.0836,1.0900,-0.3315,-0.3261,0.0000,0.0000,-0.9495,-0.9560,-1.3290,-1.3264,1.000,0.03430
748457.1498,282,TRACKING,90.0,266.2,222.2,323.2,439.1,241.9,-23.31,-20.75,43.86,41.29,20.55,0.00,-18.88,-29.81,0.00,80.63,81.71,84.87,-0.60,-2.30,107.23,0.0000,0.0000,1.1034,1.0954,-0.3248,-0.3261,0.0000,0.0000,-0.9430,-0.9508,-1.3404,-1.3320,1.000,0.03430
748457.1827,283,TRACKING,90.0,266.2,222.2,323.2,439.1,241.9,-23.31,-21.42,43.86,41.95,20.55,0.00,-19.55,-30.47,0.00,80.63,81.71,84.87,-0.60,-1.71,107.82,0.0000,0.0000,1.1212,1.1057,-0.3187,-0.3261,0.0000,0.0000,-0.9430,-0.9508,-1.3478,-1.3383,1.000,0.03430
748457.2160,284,TRACKING,84.8,266.1,218.0,313.2,437.9,241.3,-19.45,-21.42,37.55,41.50,18.09,0.00,-19.55,-30.02,0.00,81.77,81.71,84.87,-2.77,-1.71,107.82,0.0000,0.0000,1.1212,1.1119,-0.3229,-0.3261,0.0000,0.0000,-0.9430,-0.9508,-1.3478,-1.3421,1.000,0.03430
748457.2495,285,TRACKING,87.5,266.5,220.9,313.4,439.9,243.0,-19.36,-21.42,37.17,40.66,17.81,0.00,-19.55,-29.18,0.00,82.38,81.71,84.87,1.72,-0.50,109.02,0.0000,0.0000,1.1212,1.1156,-0.3307,-0.3261,0.0000,0.0000,-0.9430,-0.9508,-1.3628,-1.3504,1.000,0.03430
748457.2828,286,TRACKING,87.5,266.5,220.9,313.4,439.9,243.0,-19.36,-20.90,37.17,39.81,17.81,0.00,-19.02,-28.33,0.00,82.38,81.71,84.87,1.72,0.28,109.80,0.0000,0.0000,1.1073,1.1123,-0.3385,-0.3311,0.0000,0.0000,-0.9430,-0.9508,-1.3726,-1.3593,1.000,0.03430
748457.3163,287,TRACKING,87.5,266.5,220.9,313.4,439.9,243.0,-19.36,-20.47,37.17,39.09,17.81,0.00,-18.60,-27.61,0.00,82.38,81.71,84.87,1.72,0.78,110.31,0.0000,0.0000,1.0959,1.1058,-0.3452,-0.3367,0.0000,0.0000,-0.9430,-0.9508,-1.3789,-1.3671,1.000,0.03430
748457.3501,288,TRACKING,96.0,266.7,228.5,321.5,438.7,242.0,-22.49,-20.47,43.21,39.09,20.72,0.00,-18.60,-27.61,0.00,77.95,80.39,83.56,0.19,0.78,110.31,0.0000,0.0000,1.0959,1.1018,-0.3452,-0.3401,0.0000,0.0000,-0.9284,-0.9419,-1.3789,-1.3718,1.000,0.03430
748457.3827,289,TRACKING,96.0,266.7,228.5,321.5,438.7,242.0,-22.49,-20.47,43.21,39.95,20.72,0.00,-18.60,-28.47,0.00,77.95,79.54,82.71,0.19,0.78,110.31,0.0000,0.0000,1.0959,1.1018,-0.3372,-0.3401,0.0000,0.0000,-0.9190,-0.9327,-1.3789,-1.3718,1.000,0.03430
748457.4160,290,TRACKING,96.0,266.7,228.5,321.5,438.7,242.0,-22.49,-21.01,43.21,40.77,20.72,0.00,-19.14,-29.29,0.00,77.95,78.98,82.15,0.19,0.78,110.31,0.0000,0.0000,1.1105,1.1053,-0.3296,-0.3359,0.0000,0.0000,-0.9128,-0.9247,-1.3789,-1.3718,1.000,0.03430
748457.4497,291,TRACKING,89.2,266.8,220.2,325.6,439.6,243.1,-24.18,-21.71,44.77,41.70,20.59,0.00,-19.84,-30.22,0.00,74.48,77.41,80.58,-5.03,-1.25,108.28,0.0000,0.0000,1.1290,1.1148,-0.3210,-0.3300,0.0000,0.0000,-0.8953,-0.9130,-1.3535,-1.3645,1.000,0.03430
748457.4826,292,TRACKING,89.2,266.8,220.2,325.6,439.6,243.1,-24.18,-22.35,44.77,42.52,20.59,0.00,-20.48,-31.04,0.00,74.48,76.38,79.55,-5.03,-2.57,106.95,0.0000,0.0000,1.1460,1.1273,-0.3135,-0.3234,0.0000,0.0000,-0.8839,-0.9013,-1.3369,-1.3535,1.000,0.03430
748457.5162,293,TRACKING,77.0,263.8,200.9,313.9,437.8,239.2,-22.01,-22.35,39.50,42.52,17.49,0.00,-20.48,-31.04,0.00,71.58,74.70,77.87,-22.13,-9.40,100.13,0.0000,0.0000,1.1460,1.1348,-0.3135,-0.3194,0.0000,0.0000,-0.8652,-0.8869,-1.2516,-1.3127,1.000,0.03430
748457.5501,294,TRACKING,77.0,263.8,200.9,313.9,437.8,239.2,-22.01,-22.35,39.50,41.93,17.49,0.00,-20.48,-30.45,0.00,71.58,73.61,76.78,-22.13,-13.89,95.64,0.0000,0.0000,1.1460,1.1393,-0.3189,-0.3194,0.0000,0.0000,-0.8531,-0.8734,-1.1955,-1.2658,1.000,0.03430
748457.5840,295,TRACKING,98.4,265.9,229.9,323.4,434.4,254.2,-23.63,-22.35,42.34,41.93,18.71,0.00,-20.48,-30.45,0.00,49.20,65.11,68.28,-16.32,-14.75,94.78,0.0000,0.0000,1.1460,1.1393,-0.3189,-0.3194,0.0000,0.0000,-0.7586,-0.8275,-1.1848,-1.2334,1.000,0.03430
748457.6161,296,TRACKING,98.4,265.9,229.9,323.4,434.4,254.2,-23.63,-22.35,42.34,41.93,18.71,0.00,-20.48,-30.45,0.00,49.20,59.48,62.64,-16.32,-15.30,94.23,0.0000,0.0000,1.1460,1.1393,-0.3189,-0.3194,0.0000,0.0000,-0.6960,-0.7749,-1.1779,-1.2112,1.000,0.03430
748457.6508,297,TRACKING,81.5,263.9,208.3,314.2,364.3,236.6,-21.65,-22.35,48.08,42.73,26.43,0.00,0.00,0.00,0.00,0.00,59.48,0.00,0.00,-15.30,0.00,0.0000,0.0000,0.0000,1.1393,0.0000,-0.3194,0.0000,0.0000,0.0000,-0.7749,0.0000,-1.2112,1.000,0.03430
748457.6828,298,TRACKING,81.5,263.9,208.3,314.2,364.3,236.6,-21.65,-22.35,48.08,43.80,26.43,0.00,0.00,0.00,0.00,0.00,59.48,0.00,0.00,-15.30,0.00,0.0000,0.0000,0.0000,1.1393,0.0000,-0.3194,0.0000,0.0000,0.0000,-0.7749,0.0000,-1.2112,1.000,0.03430
748457.7163,299,TRACKING,89.3,262.7,224.1,316.5,437.5,251.9,-21.78,-22.35,38.63,43.27,16.84,0.00,-20.48,-31.79,0.00,-39.05,59.48,62.64,-139.29,-48.11,61.42,0.0000,0.0000,1.1460,1.1393,-0.3066,-0.3143,0.0000,0.0000,-0.6960,-0.7434,-0.7677,-1.0338,1.000,0.03430
748457.7495,300,TRACKING,89.3,262.7,224.1,316.5,437.5,251.9,-21.78,-22.35,38.63,42.32,16.84,0.00,-20.48,-30.84,0.00,-39.05,59.48,62.64,-139.29,-93.86,15.67,0.0000,0.0000,1.1460,1.1393,-0.3153,-0.3143,0.0000,0.0000,-0.6960,-0.7244,-0.1959,-0.6987,1.000,0.03430
748457.7828,301,TRACKING,105.4,245.3,244.3,310.0,448.6,260.3,-25.00,-22.35,38.68,41.43,13.68,0.00,-20.48,-29.95,0.00,-33.54,59.48,62.64,-129.24,-112.44,-2.91,0.0000,0.0000,1.1460,1.1393,-0.3235,-0.3180,0.0000,0.0000,-0.6960,-0.7131,0.0364,-0.4046,1.000,0.03430
748457.8163,302,TRACKING,105.4,245.3,244.3,310.0,448.6,260.3,-25.00,-22.96,38.68,40.68,13.68,0.00,-21.09,-29.20,0.00,-33.54,59.48,62.64,-129.24,-120.14,-10.61,0.0000,0.0000,1.1624,1.1485,-0.3304,-0.3230,0.0000,0.0000,-0.6960,-0.7063,0.1326,-0.1897,1.000,0.03430
748457.8501,303,TRACKING,74.5,261.4,194.5,313.4,421.3,262.0,-23.42,-22.96,36.18,39.70,12.76,0.00,-21.09,-28.22,0.00,-28.40,59.48,62.64,-128.90,-123.78,-14.25,0.0000,0.0000,1.1624,1.1541,-0.3395,-0.3296,0.0000,0.0000,-0.6960,-0.7022,0.1782,-0.0426,1.000,0.03430
748457.8840,304,TRACKING,74.5,261.4,194.5,313.4,421.3,262.0,-23.42,-22.96,36.18,38.79,12.76,0.00,-21.09,-27.31,0.00,-28.40,59.48,62.64,-128.90,-125.78,-16.25,0.0000,0.0000,1.1624,1.1574,-0.3479,-0.3369,0.0000,0.0000,-0.6960,-0.7022,0.2032,0.0557,1.000,0.03430
748457.9162,305,TRACKING,72.1,260.2,189.4,311.8,434.5,263.6,-23.76,-22.96,34.89,37.83,11.13,0.00,-21.09,-26.35,0.00,-30.53,59.48,62.64,-134.43,-129.03,-19.50,0.0000,0.0000,1.1624,1.1574,-0.3568,-0.3449,0.0000,0.0000,-0.6960,-0.7022,0.2437,0.1309,1.000,0.03430
748457.9500,306,TRACKING,72.1,260.2,189.4,311.8,434.5,263.6,-23.76,-22.96,34.89,37.01,11.13,0.00,-21.09,-25.53,0.00,-30.53,59.48,62.64,-134.43,-131.01,-21.48,0.0000,0.0000,1.1624,1.1574,-0.3643,-0.3527,0.0000,0.0000,-0.6960,-0.7022,0.2685,0.1860,1.000,0.03430
748457.9833,307,TRACKING,72.1,260.2,189.4,311.8,434.5,263.6,-23.76,-22.96,34.89,36.39,11.13,0.00,-21.09,-24.91,0.00,-30.53,59.48,62.64,-134.43,-132.24,-22.71,0.0000,0.0000,1.1624,1.1574,-0.3701,-0.3596,0.0000,0.0000,-0.6960,-0.7022,0.2839,0.2251,1.000,0.03430
748458.0169,308,TRACKING,105.6,247.3,248.0,308.3,455.0,263.0,-23.20,-22.96,35.56,36.39,12.36,0.00,-21.09,-24.91,0.00,-33.04,59.48,62.64,-142.29,-135.83,-26.30,0.0000,0.0000,1.1624,1.1574,-0.3701,-0.3638,0.0000,0.0000,-0.6960,-0.7022,0.3287,0.2666,1.000,0.03430
748458.0495,309,TRACKING,105.6,247.3,248.0,308.3,455.0,263.0,-23.20,-22.96,35.56,36.39,12.36,0.00,-21.09,-24.91,0.00,-33.04,59.48,62.64,-142.29,-138.12,-28.59,0.0000,0.0000,1.1624,1.1574,-0.3701,-0.3638,0.0000,0.0000,-0.6960,-0.7022,0.3574,0.3029,1.000,0.03430
748458.0828,310,TRACKING,109.0,243.2,251.3,304.9,439.8,260.3,-23.43,-22.96,36.74,36.39,13.32,0.00,-21.09,-24.91,0.00,-28.44,59.48,62.64,-135.13,-137.06,-27.54,0.0000,0.0000,1.1624,1.1574,-0.3701,-0.3638,0.0000,0.0000,-0.6960,-0.7022,0.3442,0.3194,1.000,0.03430
748458.1160,311,TRACKING,109.0,243.2,251.3,304.9,439.8,260.3,-23.43,-22.96,36.74,36.39,13.32,0.00,-21.09,-24.91,0.00,-28.44,59.48,62.64,-135.13,-136.38,-26.85,0.0000,0.0000,1.1624,1.1574,-0.3701,-0.3638,0.0000,0.0000,-0.6960,-0.7022,0.3357,0.3259,1.000,0.03430
748458.1510,312,TRACKING,89.9,264.0,218.4,321.0,422.8,256.3,-23.89,-22.96,41.45,37.19,17.55,0.00,-21.09,-25.71,0.00,-32.64,59.48,62.64,-137.52,-136.38,-26.85,0.0000,0.0000,1.1624,1.1574,-0.3627,-0.3638,0.0000,0.0000,-0.6960,-0.7022,0.3357,0.3298,1.000,0.03430
748458.1828,313,TRACKING,81.9,262.6,213.0,310.5,431.9,256.5,-20.07,-22.96,33.91,37.19,13.85,0.00,-21.09,-25.71,0.00,-31.89,59.48,62.64,-145.13,-139.46,-29.93,0.0000,0.0000,1.1624,1.1574,-0.3627,-0.3638,0.0000,0.0000,-0.6960,-0.7022,0.3741,0.3475,1.000,0.03430
748458.2169,314,TRACKING,81.9,262.6,213.0,310.5,431.9,256.5,-20.07,-22.34,33.91,36.55,13.85,0.00,-20.47,-25.07,0.00,-31.89,59.48,62.64,-145.13,-141.45,-31.93,0.0000,0.0000,1.1458,1.1528,-0.3686,-0.3638,0.0000,0.0000,-0.6960,-0.7022,0.3991,0.3682,1.000,0.03430
748458.2500,315,TRACKING,77.7,262.8,202.5,315.2,432.9,258.6,-22.79,-22.34,36.60,36.55,13.81,0.00,-20.47,-25.07,0.00,-30.46,59.48,62.64,-141.62,-141.45,-31.93,0.0000,0.0000,1.1458,1.1528,-0.3686,-0.3638,0.0000,0.0000,-0.6960,-0.7022,0.3991,0.3805,1.000,0.03430
748458.2827,316,TRACKING,77.7,262.8,202.5,315.2,432.9,258.6,-22.79,-22.34,36.60,36.55,13.81,0.00,-20.47,-25.07,0.00,-30.46,59.48,62.64,-141.62,-141.45,-31.93,0.0000,0.0000,1.1458,1.1528,-0.3686,-0.3638,0.0000,0.0000,-0.6960,-0.7022,0.3991,0.3879,1.000,0.03430
748458.3164,317,TRACKING,111.6,246.2,250.9,307.0,449.9,257.6,-23.56,-22.34,37.50,36.55,13.94,0.00,-20.47,-25.07,0.00,-35.31,59.48,62.64,-142.01,-141.45,-31.93,0.0000,0.0000,1.1458,1.1528,-0.3686,-0.3638,0.0000,0.0000,-0.6960,-0.7022,0.3991,0.3924,1.000,0.03430
748458.3496,318,TRACKING,111.6,246.2,250.9,307.0,449.9,257.6,-23.56,-22.34,37.50,36.55,13.94,0.00,-20.47,-25.07,0.00,-35.31,59.48,62.64,-142.01,-141.45,-31.93,0.0000,0.0000,1.1458,1.1528,-0.3686,-0.3638,0.0000,0.0000,-0.6960,-0.7022,0.3991,0.3924,1.000,0.03430
748458.3826,319,TRACKING,79.0,262.6,207.0,311.3,425.8,260.3,-20.84,-22.34,33.96,36.55,13.12,0.00,-20.47,-25.07,0.00,-27.77,59.48,62.64,-137.22,-139.97,-30.44,0.0000,0.0000,1.1458,1.1528,-0.3686,-0.3638,0.0000,0.0000,-0.6960,-0.7022,0.3805,0.3876,1.000,0.03430
748458.4162,320,TRACKING,78.6,262.5,209.4,311.1,431.3,259.1,-20.41,-22.34,33.61,35.93,13.20,0.00,-20.47,-24.45,0.00,-29.58,59.48,62.64,-140.17,-139.97,-30.44,0.0000,0.0000,1.1458,1.1528,-0.3743,-0.3680,0.0000,0.0000,-0.6960,-0.7022,0.3805,0.3876,1.000,0.03430
748458.4493,321,TRACKING,78.6,262.5,209.4,311.1,431.3,259.1,-20.41,-21.85,33.61,35.35,13.20,0.00,-19.98,-23.87,0.00,-29.58,59.48,62.64,-140.17,-139.97,-30.44,0.0000,0.0000,1.1329,1.1448,-0.3797,-0.3727,0.0000,0.0000,-0.6960,-0.7022,0.3805,0.3876,1.000,0.03430
748458.4829,322,TRACKING,86.7,263.4,214.7,324.3,432.8,260.5,-25.45,-21.85,41.74,36.15,16.29,0.00,-19.98,-24.67,0.00,-31.34,59.48,62.64,-138.55,-139.47,-29.94,0.0000,0.0000,1.1329,1.1400,-0.3723,-0.3727,0.0000,0.0000,-0.6960,-0.7022,0.3743,0.3823,1.000,0.03430
748458.5168,323,TRACKING,80.8,262.1,211.8,311.4,434.1,259.7,-20.62,-21.85,33.71,36.15,13.10,0.00,-19.98,-24.67,0.00,-28.50,59.48,62.64,-137.75,-138.87,-29.34,0.0000,0.0000,1.1329,1.1400,-0.3723,-0.3727,0.0000,0.0000,-0.6960,-0.7022,0.3668,0.3761,1.000,0.03430
748458.5493,324,TRACKING,80.8,262.1,211.8,311.4,434.1,259.7,-20.62,-21.85,33.71,35.71,13.10,0.00,-19.98,-24.23,0.00,-28.50,59.48,62.64,-137.75,-138.87,-29.34,0.0000,0.0000,1.1329,1.1400,-0.3763,-0.3727,0.0000,0.0000,-0.6960,-0.7022,0.3668,0.3723,1.000,0.03430
748458.5829,325,TRACKING,88.8,265.3,225.0,312.7,434.3,259.5,-19.20,-21.33,33.47,35.20,14.27,0.00,-19.46,-23.72,0.00,-29.85,59.48,62.64,-137.54,-138.40,-28.88,0.0000,0.0000,1.1189,1.1316,-0.3811,-0.3760,0.0000,0.0000,-0.6960,-0.7022,0.3609,0.3678,1.000,0.03430
748458.6162,326,TRACKING,94.5,266.4,231.5,302.7,434.8,258.3,-14.86,-20.12,27.19,33.76,12.34,0.00,-18.25,-22.28,0.00,-28.77,59.48,62.64,-141.33,-139.43,-29.90,0.0000,0.0000,1.0868,1.1137,-0.3943,-0.3834,0.0000,0.0000,-0.6960,-0.7022,0.3738,0.3678,1.000,0.03430
748458.6495,327,TRACKING,94.5,266.4,231.5,302.7,434.8,258.3,-14.86,-18.86,27.19,32.21,12.34,0.00,-16.99,-20.73,0.00,-28.77,59.48,62.64,-141.33,-140.10,-30.57,0.0000,0.0000,1.0531,1.0894,-0.4086,-0.3935,0.0000,0.0000,-0.6960,-0.7022,0.3821,0.3735,1.000,0.03430
748458.6826,328,TRACKING,81.7,263.1,216.4,303.0,434.1,259.6,-16.47,-18.04,27.73,30.95,11.26,0.00,-16.16,-19.47,0.00,-26.80,59.48,62.64,-139.85,-140.10,-30.57,0.0000,0.0000,1.0311,1.0661,-0.4203,-0.4042,0.0000,0.0000,-0.6960,-0.7022,0.3821,0.3769,1.000,0.03430
748458.7161,329,TRACKING,94.9,263.8,230.3,308.6,431.8,259.4,-18.30,-18.04,32.01,30.95,13.71,0.00,-16.16,-19.47,0.00,-28.23,59.48,62.64,-140.75,-140.10,-30.57,0.0000,0.0000,1.0311,1.0521,-0.4203,-0.4106,0.0000,0.0000,-0.6960,-0.7022,0.3821,0.3769,1.000,0.03430
748458.7494,330,TRACKING,94.9,263.8,230.3,308.6,431.8,259.4,-18.30,-18.04,32.01,30.95,13.71,0.00,-16.16,-19.47,0.00,-28.23,59.48,62.64,-140.75,-140.10,-30.57,0.0000,0.0000,1.0311,1.0437,-0.4203,-0.4145,0.0000,0.0000,-0.6960,-0.7022,0.3821,0.3769,1.000,0.03430
748458.7831,331,TRACKING,75.4,263.6,204.3,310.6,432.4,262.2,-20.01,-18.04,31.99,30.95,11.98,0.00,-16.16,-19.47,0.00,-25.32,59.48,62.64,-136.82,-138.95,-29.42,0.0000,0.0000,1.0311,1.0386,-0.4203,-0.4145,0.0000,0.0000,-0.6960,-0.7022,0.3678,0.3733,1.000,0.03430
748458.8162,332,TRACKING,87.7,261.0,223.4,305.0,432.7,261.7,-17.96,-18.04,29.63,30.95,11.67,0.00,-16.16,-19.47,0.00,-24.68,59.48,62.64,-135.39,-137.70,-28.17,0.0000,0.0000,1.0311,1.0386,-0.4203,-0.4145,0.0000,0.0000,-0.6960,-0.7022,0.3522,0.3648,1.000,0.03430
748458.8500,333,TRACKING,87.7,261.0,223.4,305.0,432.7,261.7,-17.96,-18.04,29.63,30.95,11.67,0.00,-16.16,-19.47,0.00,-24.68,59.48,62.64,-135.39,-136.89,-27.36,0.0000,0.0000,1.0311,1.0386,-0.4203,-0.4145,0.0000,0.0000,-0.6960,-0.7022,0.3420,0.3557,1.000,0.03430
748458.8831,334,TRACKING,85.4,260.8,213.7,315.1,430.9,265.7,-22.94,-18.83,35.75,31.55,12.82,0.00,-16.96,-20.07,0.00,-22.87,59.48,62.64,-136.76,-136.89,-27.36,0.0000,0.0000,1.0523,1.0441,-0.4147,-0.4145,0.0000,0.0000,-0.6960,-0.7022,0.3420,0.3503,1.000,0.03430
748458.9162,335,TRACKING,94.3,260.1,226.5,312.9,430.3,264.1,-21.76,-19.58,35.21,32.34,13.45,0.00,0.00,0.00,0.00,0.00,59.48,0.00,0.00,-136.89,0.00,0.0000,0.0000,0.0000,1.0441,0.0000,-0.4145,0.0000,0.0000,0.0000,-0.7022,0.0000,0.3503,1.000,0.03430
748458.9493,336,TRACKING,94.3,260.1,226.5,312.9,430.3,264.1,-21.76,-20.19,35.21,33.07,13.45,0.00,0.00,0.00,0.00,0.00,59.48,0.00,0.00,-136.89,0.00,0.0000,0.0000,0.0000,1.0441,0.0000,-0.4145,0.0000,0.0000,0.0000,-0.7022,0.0000,0.3503,1.000,0.03430
748458.9827,337,TRACKING,107.3,260.0,238.4,300.3,432.9,266.5,-17.09,-20.19,26.94,32.40,9.85,0.00,-18.32,-20.92,0.00,-24.42,59.48,62.64,38.18,-136.89,-27.36,0.0000,0.0000,1.0885,1.0619,-0.4069,-0.4145,0.0000,0.0000,-0.6960,-0.7022,0.3420,0.3470,1.000,0.03430
748459.0162,338,TRACKING,102.4,258.6,235.4,312.2,430.0,266.0,-21.92,-20.19,35.25,32.40,13.34,0.00,0.00,0.00,0.00,0.00,59.48,0.00,0.00,-136.89,0.00,0.0000,0.0000,0.0000,1.0619,0.0000,-0.4145,0.0000,0.0000,0.0000,-0.7022,0.0000,0.3470,1.000,0.03430
748459.0494,339,TRACKING,102.4,258.6,235.4,312.2,430.0,266.0,-21.92,-20.19,35.25,32.97,13.34,0.00,0.00,0.00,0.00,0.00,59.48,0.00,0.00,-136.89,0.00,0.0000,0.0000,0.0000,1.0619,0.0000,-0.4145,0.0000,0.0000,0.0000,-0.7022,0.0000,0.3470,1.000,0.03430
748459.0827,340,TRACKING,100.2,258.9,230.8,301.4,432.7,268.7,-18.04,-20.19,27.27,32.28,9.23,0.00,-18.32,-20.80,0.00,-24.13,59.48,62.64,67.09,-160.23,-50.71,0.0000,0.0000,1.0885,1.0725,-0.4080,-0.4145,0.0000,0.0000,-0.6960,-0.7022,0.6338,0.4617,1.000,0.03430
748459.1160,341,TRACKING,100.2,258.9,230.8,301.4,432.7,268.7,-18.04,-20.19,27.27,31.24,9.23,0.00,-18.32,-19.76,0.00,-24.13,59.48,62.64,67.09,108.90,-141.57,0.0000,0.0000,1.0885,1.0789,-0.4176,-0.4145,0.0000,0.0000,-0.6960,-0.7022,1.5000,0.8770,1.000,0.03430
748459.1493,342,TRACKING,98.9,258.1,230.9,300.2,433.1,267.6,-17.69,-19.57,26.85,30.18,9.17,0.00,-17.70,-18.70,0.00,-26.77,59.48,62.64,62.23,76.90,-173.57,0.0000,0.0000,1.0720,1.0789,-0.4274,-0.4196,0.0000,0.0000,-0.6960,-0.7022,1.5000,1.1262,1.000,0.03430
748459.1827,343,TRACKING,99.3,258.5,231.2,301.7,432.7,265.1,-18.14,-19.12,28.42,29.53,10.28,0.00,-17.25,-18.05,0.00,-26.80,59.48,62.64,66.44,71.37,-179.10,0.0000,0.0000,1.0600,1.0714,-0.4334,-0.4252,0.0000,0.0000,-0.6960,-0.7022,1.5000,1.2757,1.000,0.03430
748459.2169,344,TRACKING,104.0,258.0,235.9,299.2,432.3,266.4,-17.34,-18.68,26.82,28.87,9.48,0.00,-16.81,-17.39,0.00,-25.19,59.48,62.64,67.25,69.52,179.05,0.0000,0.0000,1.0483,1.0621,-0.4395,-0.4309,0.0000,0.0000,-0.6960,-0.7022,-1.5000,0.1654,1.000,0.03430
748459.2493,345,TRACKING,104.0,258.0,235.9,299.2,432.3,266.4,-17.34,-18.68,26.82,28.31,9.48,0.00,-16.81,-16.83,0.00,-25.19,59.48,62.64,67.25,68.59,178.12,0.0000,0.0000,1.0483,1.0566,-0.4447,-0.4364,0.0000,0.0000,-0.6960,-0.7022,-1.5000,-0.5007,1.000,0.03430
748459.2828,346,TRACKING,106.4,257.5,241.3,307.2,430.1,265.9,-20.21,-18.68,32.54,28.77,12.33,0.00,-16.81,-17.29,0.00,-27.25,59.48,62.64,73.48,70.48,-179.99,0.0000,0.0000,1.0483,1.0533,-0.4404,-0.4364,0.0000,0.0000,-0.6960,-0.7022,1.5000,0.2996,1.000,0.03430
748459.3164,347,TRACKING,104.1,259.1,238.8,310.5,432.2,266.2,-20.91,-18.68,33.82,29.74,12.91,0.00,-16.81,-18.26,0.00,-30.29,59.48,62.64,64.24,68.15,177.68,0.0000,0.0000,1.0483,1.0533,-0.4314,-0.4364,0.0000,0.0000,-0.6960,-0.7022,-1.5000,-0.4203,1.000,0.03430
748459.3493,348,TRACKING,104.1,259.1,238.8,310.5,432.2,266.2,-20.91,-19.24,33.82,30.73,12.91,0.00,-17.37,-19.25,0.00,-30.29,59.48,62.64,64.24,66.72,176.25,0.0000,0.0000,1.0633,1.0573,-0.4223,-0.4308,0.0000,0.0000,-0.6960,-0.7022,-1.5000,-0.8522,1.000,0.03430
748459.3827,349,TRACKING,105.2,258.2,240.1,309.1,432.0,267.2,-20.65,-19.67,32.94,31.43,12.29,0.00,-17.80,-19.95,0.00,-26.05,59.48,62.64,59.86,64.26,173.78,0.0000,0.0000,1.0746,1.0642,-0.4158,-0.4248,0.0000,0.0000,-0.6960,-0.7022,-1.5000,-1.1113,1.000,0.03430
748459.4161,350,TRACKING,105.1,258.2,240.7,309.2,433.0,267.6,-20.59,-19.67,32.80,31.90,12.21,0.00,-17.80,-20.42,0.00,-24.95,59.48,62.64,41.66,56.24,165.76,0.0000,0.0000,1.0746,1.0683,-0.4115,-0.4195,0.0000,0.0000,-0.6960,-0.7022,-1.5000,-1.2668,1.000,0.03430
748459.4493,351,TRACKING,105.2,260.1,236.5,297.3,433.6,271.4,-15.82,-19.25,23.31,30.73,7.49,0.00,-17.37,-19.25,0.00,-19.25,59.48,62.64,52.66,54.95,164.48,0.0000,0.0000,1.0633,1.0683,-0.4223,-0.4195,0.0000,0.0000,-0.6960,-0.7022,-1.5000,-1.3601,1.000,0.03430
748459.4828,352,TRACKING,105.2,260.1,236.5,297.3,433.6,271.4,-15.82,-18.56,23.31,29.15,7.49,0.00,-16.69,-17.67,0.00,-19.25,59.48,62.64,52.66,54.14,163.67,0.0000,0.0000,1.0451,1.0590,-0.4369,-0.4264,0.0000,0.0000,-0.6960,-0.7022,-1.5000,-1.4160,1.000,0.03430
748459.5160,353,TRACKING,100.2,259.9,233.6,309.6,428.1,267.6,-20.45,-18.56,32.64,29.15,12.19,0.00,0.00,0.00,0.00,0.00,59.48,0.00,0.00,54.14,0.00,0.0000,0.0000,0.0000,1.0590,0.0000,-0.4264,0.0000,0.0000,0.0000,-0.7022,0.0000,-1.4160,1.000,0.03430
748459.5494,354,TRACKING,106.4,259.0,242.6,309.3,430.6,268.7,-20.28,-18.56,32.46,29.67,12.18,0.00,0.00,0.00,0.00,0.00,59.48,0.00,0.00,54.14,0.00,0.0000,0.0000,0.0000,1.0590,0.0000,-0.4264,0.0000,0.0000,0.0000,-0.7022,0.0000,-1.4160,1.000,0.03430
748459.5829,355,TRACKING,100.4,260.1,232.2,309.0,432.2,268.8,-20.35,-19.01,31.71,30.17,11.35,0.00,0.00,0.00,0.00,0.00,59.48,0.00,0.00,54.14,0.00,0.0000,0.0000,0.0000,1.0590,0.0000,-0.4264,0.0000,0.0000,0.0000,-0.7022,0.0000,-1.4160,1.000,0.03430
748459.6160,356,TRACKING,101.3,260.1,233.7,308.3,432.4,268.5,-20.00,-19.01,31.33,30.17,11.32,0.00,0.00,0.00,0.00,0.00,59.48,0.00,0.00,54.14,0.00,0.0000,0.0000,0.0000,1.0590,0.0000,-0.4264,0.0000,0.0000,0.0000,-0.7022,0.0000,-1.4160,1.000,0.03430
748459.6493,357,TRACKING,101.3,260.1,233.7,308.3,432.4,268.5,-20.00,-19.01,31.33,30.17,11.32,0.00,0.00,0.00,0.00,0.00,59.48,0.00,0.00,54.14,0.00,0.0000,0.0000,0.0000,1.0590,0.0000,-0.4264,0.0000,0.0000,0.0000,-0.7022,0.0000,-1.4160,1.000,0.03430
748459.6827,358,TRACKING,110.3,257.7,246.0,306.2,432.9,272.0,-19.64,-19.01,30.03,30.17,10.39,0.00,0.00,0.00,0.00,0.00,59.48,0.00,0.00,54.14,0.00,0.0000,0.0000,0.0000,1.0590,0.0000,-0.4264,0.0000,0.0000,0.0000,-0.7022,0.0000,-1.4160,1.000,0.03430
748459.7162,359,TRACKING,104.3,258.6,239.2,309.9,434.3,272.4,-20.84,-19.46,31.73,30.17,10.89,0.00,0.00,0.00,0.00,0.00,59.48,0.00,0.00,54.14,0.00,0.0000,0.0000,0.0000,1.0590,0.0000,-0.4264,0.0000,0.0000,0.0000,-0.7022,0.0000,-1.4160,1.000,0.03430
748459.7496,360,TRACKING,103.2,259.5,236.7,309.6,432.8,269.9,-20.58,-19.46,32.02,30.66,11.43,0.00,-17.59,-19.18,0.00,-2.22,59.48,62.64,-124.30,54.14,163.67,0.0000,0.0000,1.0689,1.0630,-0.4230,-0.4264,0.0000,0.0000,-0.6960,-0.7022,-1.5000,-1.4496,1.000,0.03430
748459.7827,361,TRACKING,100.5,259.2,235.1,312.8,433.0,266.0,-21.71,-20.00,35.01,31.52,13.30,0.00,-18.13,-20.04,0.00,-1.20,59.48,62.64,-107.96,34.81,144.34,0.0000,0.0000,1.0834,1.0711,-0.4150,-0.4219,0.0000,0.0000,-0.6960,-0.7022,-1.5000,-1.4698,1.000,0.03430
748459.8161,362,TRACKING,100.5,259.2,235.1,312.8,433.0,266.0,-21.71,-20.46,35.01,32.38,13.30,0.00,-18.59,-20.90,0.00,-1.20,59.48,62.64,-107.96,-72.83,36.70,0.0000,0.0000,1.0958,1.0810,-0.4071,-0.4159,0.0000,0.0000,-0.6960,-0.7022,-0.4587,-1.0653,1.000,0.03430
748459.8493,363,TRACKING,86.1,258.3,216.7,304.7,427.9,267.0,-19.56,-20.46,29.66,32.38,10.11,0.00,-18.59,-20.90,0.00,6.76,41.28,44.45,-105.57,-96.16,13.37,0.0000,0.0000,1.0958,1.0869,-0.4071,-0.4124,0.0000,0.0000,-0.4939,-0.6189,-0.1671,-0.7060,1.000,0.03430
748459.8828,364,TRACKING,96.9,259.7,228.6,312.6,424.8,267.2,-21.89,-20.46,34.93,32.38,13.04,0.00,-18.59,-20.90,0.00,2.77,26.96,30.13,-113.23,-105.21,4.32,0.0000,0.0000,1.0958,1.0904,-0.4071,-0.4124,0.0000,0.0000,-0.3348,-0.5052,-0.0540,-0.4452,1.000,0.03430
748459.9161,365,TRACKING,94.7,257.6,226.3,308.1,426.8,264.6,-20.99,-20.46,33.25,32.38,12.26,0.00,-18.59,-20.90,0.00,3.57,18.12,21.29,-90.14,-98.40,11.13,0.0000,0.0000,1.0958,1.0904,-0.4071,-0.4124,0.0000,0.0000,-0.2366,-0.3978,-0.1391,-0.3228,1.000,0.03430
748459.9495,366,TRACKING,94.7,257.6,226.3,308.1,426.8,264.6,-20.99,-20.46,33.25,32.38,12.26,0.00,-18.59,-20.90,0.00,3.57,12.70,15.87,-90.14,-95.00,14.53,0.0000,0.0000,1.0958,1.0904,-0.4071,-0.4124,0.0000,0.0000,-0.1763,-0.3092,-0.1816,-0.2663,1.000,0.03430
748459.9833,367,TRACKING,86.6,258.9,219.2,312.3,429.0,265.6,-21.92,-20.46,34.46,32.88,12.54,0.00,-18.59,-21.40,0.00,0.92,8.39,11.56,-71.37,-85.85,23.68,0.0000,0.0000,1.0958,1.0904,-0.4024,-0.4084,0.0000,0.0000,-0.1284,-0.2369,-0.2960,-0.2782,1.000,0.03430
748460.0178,368,TRACKING,91.1,258.6,222.3,304.8,433.4,264.7,-19.42,-20.46,30.20,32.88,10.78,0.00,-18.59,-21.40,0.00,6.38,7.66,10.83,-74.20,-81.44,28.09,0.0000,0.0000,1.0958,1.0904,-0.4024,-0.4084,0.0000,0.0000,-0.1203,-0.1902,-0.3511,-0.3074,1.000,0.03430
748460.0493,369,TRACKING,91.1,258.6,222.3,304.8,433.4,264.7,-19.42,-20.46,30.20,32.33,10.78,0.00,-18.59,-20.85,0.00,6.38,7.20,10.37,-74.20,-78.77,30.76,0.0000,0.0000,1.0958,1.0904,-0.4076,-0.4084,0.0000,0.0000,-0.1152,-0.1602,-0.3845,-0.3382,1.000,0.03430
748460.0829,370,TRACKING,91.1,258.6,222.3,304.8,433.4,264.7,-19.42,-20.46,30.20,31.79,10.78,0.00,-18.59,-20.31,0.00,6.38,7.20,10.37,-74.20,-77.11,32.42,0.0000,0.0000,1.0958,1.0904,-0.4125,-0.4084,0.0000,0.0000,-0.1152,-0.1422,-0.4052,-0.3650,1.000,0.03430
748460.1160,371,TRACKING,91.1,258.6,222.3,304.8,433.4,264.7,-19.42,-20.46,30.20,31.35,10.78,0.00,-18.59,-19.87,0.00,6.38,7.20,10.37,-74.20,-76.07,33.46,0.0000,0.0000,1.0958,1.0904,-0.4166,-0.4117,0.0000,0.0000,-0.1152,-0.1314,-0.4183,-0.3863,1.000,0.03430
748460.1494,372,TRACKING,93.0,256.0,225.6,298.5,422.7,268.3,-17.75,-19.87,26.45,30.43,8.70,0.00,-18.00,-18.95,0.00,4.88,6.38,9.55,-22.40,-57.55,51.98,0.0000,0.0000,1.0800,1.0863,-0.4250,-0.4170,0.0000,0.0000,-0.1061,-0.1213,-0.6497,-0.4917,1.000,0.03430
748460.1828,373,TRACKING,93.0,256.0,225.6,298.5,422.7,268.3,-17.75,-19.32,26.45,29.48,8.70,0.00,-17.45,-18.00,0.00,4.88,5.85,9.02,-22.40,-44.41,65.12,0.0000,0.0000,1.0654,1.0779,-0.4338,-0.4237,0.0000,0.0000,-0.1002,-0.1128,-0.8140,-0.6206,1.000,0.03430
748460.2164,374,TRACKING,100.8,254.5,236.0,290.9,432.1,265.2,-15.07,-18.46,22.53,28.05,7.47,0.00,-16.59,-16.57,0.00,9.55,7.15,10.32,-74.36,-55.65,53.88,0.0000,0.0000,1.0423,1.0637,-0.4470,-0.4331,0.0000,0.0000,-0.1146,-0.1128,-0.6735,-0.6418,1.000,0.03430
748460.2514,375,TRACKING,100.8,254.5,236.0,290.9,432.1,265.2,-15.07,-17.61,22.53,26.67,7.47,0.00,-15.74,-15.19,0.00,9.55,7.99,11.16,-74.36,-62.65,46.88,0.0000,0.0000,1.0198,1.0461,-0.4598,-0.4437,0.0000,0.0000,-0.1240,-0.1173,-0.5860,-0.6194,1.000,0.03430
748460.2827,376,TRACKING,100.8,254.5,236.0,290.9,432.1,265.2,-15.07,-16.91,22.53,25.53,7.47,0.00,-15.04,-14.05,0.00,9.55,8.54,11.71,-74.36,-66.96,42.56,0.0000,0.0000,1.0010,1.0281,-0.4703,-0.4544,0.0000,0.0000,-0.1301,-0.1224,-0.5320,-0.5845,1.000,0.03430
748460.3165,377,TRACKING,95.4,258.6,232.9,312.6,428.4,269.6,-21.42,-17.39,33.80,26.45,12.38,0.00,-15.52,-14.97,0.00,3.31,6.71,9.87,-34.78,-55.39,54.14,0.0000,0.0000,1.0140,1.0224,-0.4618,-0.4544,0.0000,0.0000,-0.1097,-0.1173,-0.6768,-0.6214,1.000,0.03430
748460.3493,378,TRACKING,95.4,258.6,232.9,312.6,428.4,269.6,-21.42,-18.21,33.80,27.95,12.38,0.00,-16.34,-16.47,0.00,3.31,5.52,8.68,-34.78,-47.85,61.68,0.0000,0.0000,1.0357,1.0278,-0.4480,-0.4544,0.0000,0.0000,-0.0965,-0.1090,-0.7709,-0.6812,1.000,0.03430
748460.3830,379,TRACKING,98.1,258.7,233.7,313.4,431.6,268.7,-21.95,-19.09,34.68,29.55,12.73,0.00,-17.22,-18.07,0.00,5.10,5.52,8.68,-66.09,-54.48,55.05,0.0000,0.0000,1.0593,1.0404,-0.4332,-0.4459,0.0000,0.0000,-0.0965,-0.1040,-0.6881,-0.6812,1.000,0.03430
748460.4162,380,TRACKING,96.9,256.7,232.9,309.5,431.0,266.6,-21.19,-19.74,33.40,30.73,12.21,0.00,-17.87,-19.25,0.00,2.35,4.41,7.57,-63.13,-57.61,51.92,0.0000,0.0000,1.0765,1.0548,-0.4223,-0.4365,0.0000,0.0000,-0.0841,-0.0960,-0.6490,-0.6683,1.000,0.03430
748460.4493,381,TRACKING,96.9,256.7,232.9,309.5,431.0,266.6,-21.19,-20.20,33.40,31.57,12.21,0.00,-18.33,-20.09,0.00,2.35,3.69,6.85,-63.13,-59.59,49.94,0.0000,0.0000,1.0887,1.0684,-0.4145,-0.4277,0.0000,0.0000,-0.0761,-0.0881,-0.6243,-0.6507,1.000,0.03430
748460.4828,382,TRACKING,100.6,257.7,238.2,309.7,432.5,267.5,-20.68,-20.20,32.94,32.09,12.26,0.00,-18.33,-20.61,0.00,4.45,3.69,6.85,-61.93,-60.42,49.11,0.0000,0.0000,1.0887,1.0765,-0.4098,-0.4205,0.0000,0.0000,-0.0761,-0.0833,-0.6138,-0.6360,1.000,0.03430
748460.5162,383,TRACKING,100.6,257.7,238.2,309.7,432.5,267.5,-20.68,-20.20,32.94,32.09,12.26,0.00,-18.33,-20.61,0.00,4.45,3.69,6.85,-61.93,-60.96,48.57,0.0000,0.0000,1.0887,1.0814,-0.4098,-0.4162,0.0000,0.0000,-0.0761,-0.0833,-0.6072,-0.6244,1.000,0.03430
748460.5499,384,TRACKING,98.4,258.4,234.9,312.5,432.3,265.8,-21.61,-20.20,34.92,32.71,13.31,0.00,-18.33,-21.23,0.00,1.44,2.90,6.07,-59.00,-60.27,49.26,0.0000,0.0000,1.0887,1.0814,-0.4040,-0.4114,0.0000,0.0000,-0.0674,-0.0769,-0.6158,-0.6210,1.000,0.03430
748460.5827,385,TRACKING,93.8,259.5,226.6,315.2,432.9,266.4,-22.76,-20.79,36.09,33.47,13.32,0.00,-18.91,-21.99,0.00,1.95,2.90,6.07,-60.00,-60.27,49.26,0.0000,0.0000,1.1044,1.0906,-0.3971,-0.4056,0.0000,0.0000,-0.0674,-0.0731,-0.6158,-0.6210,1.000,0.03430
748460.6174,386,TRACKING,93.8,259.5,226.6,315.2,432.9,266.4,-22.76,-21.31,36.09,34.15,13.32,0.00,-19.44,-22.67,0.00,1.95,2.90,6.07,-60.00,-60.27,49.26,0.0000,0.0000,1.1183,1.1017,-0.3908,-0.3997,0.0000,0.0000,-0.0674,-0.0731,-0.6158,-0.6210,1.000,0.03430
748460.6494,387,TRACKING,92.3,259.6,227.7,315.3,434.2,268.7,-22.36,-21.31,35.06,34.15,12.71,0.00,-19.44,-22.67,0.00,2.52,2.90,6.07,-64.34,-61.70,47.83,0.0000,0.0000,1.1183,1.1083,-0.3908,-0.3961,0.0000,0.0000,-0.0674,-0.0731,-0.5979,-0.6117,1.000,0.03430
748460.6826,388,TRACKING,92.3,259.6,227.7,315.3,434.2,268.7,-22.36,-21.31,35.06,34.15,12.71,0.00,-19.44,-22.67,0.00,2.52,2.90,6.07,-64.34,-62.62,46.90,0.0000,0.0000,1.1183,1.1123,-0.3908,-0.3961,0.0000,0.0000,-0.0674,-0.0731,-0.5863,-0.6016,1.000,0.03430
748460.7160,389,TRACKING,100.6,258.7,237.3,313.8,434.5,270.6,-21.95,-21.31,34.30,34.15,12.35,0.00,-19.44,-22.67,0.00,4.13,3.33,6.50,-63.25,-62.62,46.90,0.0000,0.0000,1.1183,1.1123,-0.3908,-0.3961,0.0000,0.0000,-0.0722,-0.0731,-0.5863,-0.5955,1.000,0.03430
748460.7496,390,TRACKING,96.4,257.6,229.3,302.7,437.7,268.4,-18.73,-21.31,28.06,33.32,9.33,0.00,-19.44,-21.84,0.00,7.28,4.71,7.88,-64.73,-63.36,46.16,0.0000,0.0000,1.1183,1.1123,-0.3984,-0.3961,0.0000,0.0000,-0.0876,-0.0789,-0.5771,-0.5881,1.000,0.03430
748460.7827,391,TRACKING,96.4,257.6,229.3,302.7,437.7,268.4,-18.73,-20.78,28.06,32.19,9.33,0.00,-18.91,-20.71,0.00,7.28,5.61,8.78,-64.73,-63.84,45.69,0.0000,0.0000,1.1042,1.1091,-0.4088,-0.4012,0.0000,0.0000,-0.0975,-0.0864,-0.5711,-0.5813,1.000,0.03430
748460.8161,392,TRACKING,92.4,257.1,227.8,313.3,427.2,274.9,-22.54,-20.78,33.42,32.19,10.88,0.00,-18.91,-20.71,0.00,4.95,5.61,8.78,-36.85,-54.45,55.07,0.0000,0.0000,1.1042,1.1091,-0.4088,-0.4012,0.0000,0.0000,-0.0975,-0.0908,-0.6884,-0.6241,1.000,0.03430
748460.8502,393,TRACKING,92.8,260.0,227.1,315.5,431.8,271.1,-22.48,-20.78,34.73,32.19,12.25,0.00,-18.91,-20.71,0.00,3.05,4.71,7.88,-63.96,-57.84,51.69,0.0000,0.0000,1.1042,1.1091,-0.4088,-0.4012,0.0000,0.0000,-0.0876,-0.0908,-0.6462,-0.6330,1.000,0.03430
748460.8827,394,TRACKING,91.9,258.3,227.1,313.5,432.0,270.6,-22.22,-20.78,34.06,32.65,11.84,0.00,-18.91,-21.17,0.00,2.56,3.96,7.13,-65.05,-60.39,49.14,0.0000,0.0000,1.1042,1.1091,-0.4046,-0.4012,0.0000,0.0000,-0.0792,-0.0862,-0.6142,-0.6255,1.000,0.03430
748460.9160,395,TRACKING,91.9,258.3,227.1,313.5,432.0,270.6,-22.22,-21.23,34.06,32.65,11.84,0.00,-19.36,-21.17,0.00,2.56,3.47,6.64,-65.05,-62.04,47.49,0.0000,0.0000,1.1162,1.1091,-0.4046,-0.4012,0.0000,0.0000,-0.0737,-0.0812,-0.5936,-0.6127,1.000,0.03430
748460.9494,396,TRACKING,101.7,259.3,238.7,315.6,433.0,272.1,-22.32,-21.23,34.93,33.22,12.60,0.00,-19.36,-21.74,0.00,2.34,3.47,6.64,-68.33,-64.25,45.27,0.0000,0.0000,1.1162,1.1091,-0.3994,-0.4012,0.0000,0.0000,-0.0737,-0.0812,-0.5659,-0.5940,1.000,0.03430
748460.9827,397,TRACKING,99.2,258.2,234.1,312.9,433.1,270.1,-22.08,-21.23,34.22,33.22,12.14,0.00,-19.36,-21.74,0.00,2.22,3.03,6.20,-61.49,-63.28,46.25,0.0000,0.0000,1.1162,1.1091,-0.3994,-0.4012,0.0000,0.0000,-0.0689,-0.0763,-0.5781,-0.5876,1.000,0.03430
748461.0177,398,TRACKING,98.2,257.7,232.5,312.6,433.4,271.0,-22.22,-21.23,33.92,33.22,11.70,0.00,-19.36,-21.74,0.00,2.72,3.03,6.20,-63.55,-63.28,46.25,0.0000,0.0000,1.1162,1.1091,-0.3994,-0.4012,0.0000,0.0000,-0.0689,-0.0763,-0.5781,-0.5838,1.000,0.03430
748461.0493,399,TRACKING,98.2,257.7,232.5,312.6,433.4,271.0,-22.22,-21.23,33.92,33.22,11.70,0.00,-19.36,-21.74,0.00,2.72,3.03,6.20,-63.55,-63.28,46.25,0.0000,0.0000,1.1162,1.1091,-0.3994,-0.4012,0.0000,0.0000,-0.0689,-0.0763,-0.5781,-0.5838,1.000,0.03430
748461.0828,400,TRACKING,100.3,257.3,234.2,312.0,433.9,271.7,-22.25,-21.23,33.66,33.22,11.41,0.00,-19.36,-21.74,0.00,2.59,3.03,6.20,-68.07,-64.96,44.57,0.0000,0.0000,1.1162,1.1091,-0.3994,-0.4012,0.0000,0.0000,-0.0689,-0.0763,-0.5571,-0.5731,1.000,0.03430
748461.1162,401,TRACKING,101.9,257.7,235.9,311.6,435.8,272.1,-21.93,-21.23,33.12,33.22,11.19,0.00,-19.36,-21.74,0.00,4.86,3.67,6.84,-64.81,-64.96,44.57,0.0000,0.0000,1.1162,1.1091,-0.3994,-0.4012,0.0000,0.0000,-0.0760,-0.0763,-0.5571,-0.5667,1.000,0.03430
748461.1495,402,TRACKING,96.9,259.0,231.5,315.4,434.4,270.7,-22.71,-21.23,35.11,33.22,12.41,0.00,-19.36,-21.74,0.00,1.16,2.79,5.96,-61.47,-63.74,45.79,0.0000,0.0000,1.1162,1.1091,-0.3994,-0.4012,0.0000,0.0000,-0.0662,-0.0722,-0.5724,-0.5667,1.000,0.03430
748461.1831,403,TRACKING,96.9,259.4,230.9,312.0,434.7,271.7,-21.46,-21.23,32.64,33.22,11.19,0.00,-19.36,-21.74,0.00,3.25,2.79,5.96,-60.32,-62.54,46.99,0.0000,0.0000,1.1162,1.1091,-0.3994,-0.4012,0.0000,0.0000,-0.0662,-0.0722,-0.5874,-0.5750,1.000,0.03430
748461.2165,404,TRACKING,102.2,258.8,233.9,314.1,434.3,270.6,-22.79,-21.23,35.04,33.22,12.25,0.00,-19.36,-21.74,0.00,0.58,2.02,5.18,-69.20,-64.87,44.66,0.0000,0.0000,1.1162,1.1091,-0.3994,-0.4012,0.0000,0.0000,-0.0576,-0.0664,-0.5582,-0.5683,1.000,0.03430
748461.2493,405,TRACKING,102.2,258.8,233.9,314.1,434.3,270.6,-22.79,-21.69,35.04,33.69,12.25,0.00,-19.82,-22.21,0.00,0.58,1.52,4.68,-69.20,-66.39,43.14,0.0000,0.0000,1.1284,1.1168,-0.3950,-0.4012,0.0000,0.0000,-0.0520,-0.0606,-0.5393,-0.5567,1.000,0.03430
748461.2827,406,TRACKING,95.0,259.3,228.1,314.0,434.7,272.2,-22.33,-21.69,33.76,33.69,11.43,0.00,-19.82,-22.21,0.00,1.93,1.52,4.68,-58.57,-63.65,45.88,0.0000,0.0000,1.1284,1.1214,-0.3950,-0.4012,0.0000,0.0000,-0.0520,-0.0572,-0.5735,-0.5634,1.000,0.03430
748461.3163,407,TRACKING,101.7,260.2,234.7,314.2,435.2,270.4,-22.09,-21.69,34.41,33.69,12.32,0.00,-19.82,-22.21,0.00,-1.58,0.43,3.60,-63.44,-63.65,45.88,0.0000,0.0000,1.1284,1.1214,-0.3950,-0.4012,0.0000,0.0000,-0.0400,-0.0503,-0.5735,-0.5674,1.000,0.03430
748461.3499,408,TRACKING,99.9,259.8,233.3,314.1,435.9,272.6,-22.16,-21.69,33.73,33.69,11.57,0.00,-19.82,-22.21,0.00,1.99,0.98,4.15,-65.71,-64.37,45.16,0.0000,0.0000,1.1284,1.1214,-0.3950,-0.4012,0.0000,0.0000,-0.0461,-0.0503,-0.5644,-0.5674,1.000,0.03430
748461.3830,409,TRACKING,100.0,258.8,233.9,312.0,435.8,272.7,-21.65,-21.69,32.65,33.69,11.00,0.00,-19.82,-22.21,0.00,3.11,1.73,4.89,-61.74,-63.45,46.08,0.0000,0.0000,1.1284,1.1214,-0.3950,-0.4012,0.0000,0.0000,-0.0544,-0.0503,-0.5760,-0.5709,1.000,0.03430
748461.4161,410,TRACKING,100.0,258.8,233.9,312.0,435.8,272.7,-21.65,-21.69,32.65,33.69,11.00,0.00,-19.82,-22.21,0.00,3.11,2.21,5.38,-61.74,-62.85,46.68,0.0000,0.0000,1.1284,1.1214,-0.3950,-0.4012,0.0000,0.0000,-0.0598,-0.0541,-0.5835,-0.5759,1.000,0.03430
748461.4493,411,TRACKING,99.9,258.7,234.0,313.8,435.1,271.1,-22.32,-21.69,34.31,33.69,11.99,0.00,-19.82,-22.21,0.00,0.50,1.61,4.78,-62.03,-62.85,46.68,0.0000,0.0000,1.1284,1.1214,-0.3950,-0.4012,0.0000,0.0000,-0.0531,-0.0541,-0.5835,-0.5759,1.000,0.03430
748461.4829,412,TRACKING,90.7,259.2,220.1,311.9,435.3,272.4,-22.15,-21.69,32.54,33.69,10.38,0.00,-19.82,-22.21,0.00,4.27,2.54,5.71,-58.37,-61.28,48.25,0.0000,0.0000,1.1284,1.1214,-0.3950,-0.4012,0.0000,0.0000,-0.0634,-0.0578,-0.6031,-0.5868,1.000,0.03430
748461.5165,413,TRACKING,88.8,258.6,222.4,303.3,445.7,269.7,-18.51,-21.69,27.07,32.53,8.56,0.00,-19.82,-21.05,0.00,9.25,4.89,8.06,-65.19,-62.65,46.88,0.0000,0.0000,1.1284,1.1214,-0.4057,-0.4012,0.0000,0.0000,-0.0895,-0.0705,-0.5860,-0.5868,1.000,0.03430
748461.5494,414,TRACKING,88.8,258.6,222.4,303.3,445.7,269.7,-18.51,-20.96,27.07,31.25,8.56,0.00,-19.09,-19.77,0.00,9.25,6.42,9.59,-65.19,-63.54,45.99,0.0000,0.0000,1.1089,1.1164,-0.4175,-0.4077,0.0000,0.0000,-0.1065,-0.0849,-0.5749,-0.5820,1.000,0.03430
748461.5828,415,TRACKING,102.1,254.4,235.7,295.7,430.8,275.2,-17.17,-20.10,23.16,29.55,5.99,0.00,-18.23,-18.07,0.00,6.78,6.42,9.59,-25.25,-50.33,59.20,0.0000,0.0000,1.0861,1.1043,-0.4332,-0.4179,0.0000,0.0000,-0.1065,-0.0935,-0.7400,-0.6452,1.000,0.03430
748461.6160,416,TRACKING,102.1,254.4,235.7,295.7,430.8,275.2,-17.17,-19.33,23.16,27.95,5.99,0.00,-17.46,-16.47,0.00,6.78,6.42,9.59,-25.25,-41.30,68.23,0.0000,0.0000,1.0657,1.0889,-0.4479,-0.4299,0.0000,0.0000,-0.1065,-0.0987,-0.8529,-0.7283,1.000,0.03430
748461.6494,417,TRACKING,107.1,257.1,239.4,300.5,437.7,272.5,-18.16,-18.87,26.22,27.11,8.06,0.00,-17.00,-15.63,0.00,6.69,6.42,9.59,-53.04,-45.56,63.97,0.0000,0.0000,1.0534,1.0747,-0.4558,-0.4403,0.0000,0.0000,-0.1065,-0.0987,-0.7997,-0.7568,1.000,0.03430
748461.6831,418,TRACKING,106.3,257.3,241.8,296.5,438.3,276.2,-16.12,-18.28,22.03,26.00,5.90,0.00,-16.40,-14.52,0.00,8.28,7.07,10.24,-48.40,-46.58,62.95,0.0000,0.0000,1.0375,1.0598,-0.4659,-0.4505,0.0000,0.0000,-0.1137,-0.1047,-0.7869,-0.7688,1.000,0.03430
748461.7160,419,TRACKING,109.0,256.2,243.7,294.8,437.6,275.1,-15.97,-17.70,21.76,24.94,5.79,0.00,-15.83,-13.46,0.00,6.17,7.07,10.24,-58.00,-50.64,58.89,0.0000,0.0000,1.0221,1.0447,-0.4757,-0.4606,0.0000,0.0000,-0.1137,-0.1083,-0.7361,-0.7558,1.000,0.03430
748461.7494,420,TRACKING,109.0,256.2,243.7,294.8,437.6,275.1,-15.97,-17.22,21.76,24.06,5.79,0.00,-15.35,-12.58,0.00,6.17,7.07,10.24,-58.00,-53.25,56.28,0.0000,0.0000,1.0093,1.0305,-0.4838,-0.4699,0.0000,0.0000,-0.1137,-0.1083,-0.7035,-0.7349,1.000,0.03430
748461.7828,421,TRACKING,102.9,256.7,237.2,297.5,438.3,275.7,-16.88,-17.22,23.06,23.59,6.18,0.00,-15.35,-12.11,0.00,4.90,6.31,9.48,-48.77,-51.67,57.86,0.0000,0.0000,1.0093,1.0221,-0.4882,-0.4772,0.0000,0.0000,-0.1053,-0.1083,-0.7233,-0.7302,1.000,0.03430
748461.8163,422,TRACKING,102.9,256.7,237.2,297.5,438.3,275.7,-16.88,-17.22,23.06,23.59,6.18,0.00,-15.35,-12.11,0.00,4.90,5.82,8.98,-48.77,-50.65,58.88,0.0000,0.0000,1.0093,1.0170,-0.4882,-0.4816,0.0000,0.0000,-0.0998,-0.1049,-0.7360,-0.7302,1.000,0.03430
748461.8498,423,TRACKING,103.5,256.7,240.0,298.6,438.3,276.8,-17.06,-17.22,23.34,23.59,6.28,0.00,-15.35,-12.11,0.00,7.07,6.25,9.42,-54.29,-51.93,57.60,0.0000,0.0000,1.0093,1.0170,-0.4882,-0.4816,0.0000,0.0000,-0.1047,-0.1049,-0.7200,-0.7261,1.000,0.03430
748461.8829,424,TRACKING,103.9,257.2,239.8,296.8,438.4,274.8,-16.25,-17.22,22.58,23.59,6.33,0.00,-15.35,-12.11,0.00,5.91,6.25,9.42,-59.03,-54.42,55.11,0.0000,0.0000,1.0093,1.0170,-0.4882,-0.4816,0.0000,0.0000,-0.1047,-0.1049,-0.6888,-0.7112,1.000,0.03430
748461.9161,425,TRACKING,103.9,257.2,239.8,296.8,438.4,274.8,-16.25,-17.22,22.58,23.59,6.33,0.00,-15.35,-12.11,0.00,5.91,6.25,9.42,-59.03,-56.04,53.49,0.0000,0.0000,1.0093,1.0170,-0.4882,-0.4816,0.0000,0.0000,-0.1047,-0.1049,-0.6686,-0.6942,1.000,0.03430
748461.9493,426,TRACKING,93.8,257.6,229.2,297.7,437.0,276.2,-16.51,-17.22,22.40,23.59,5.89,0.00,-15.35,-12.11,0.00,5.30,6.25,9.42,-66.31,-59.64,49.89,0.0000,0.0000,1.0093,1.0170,-0.4882,-0.4816,0.0000,0.0000,-0.1047,-0.1049,-0.6236,-0.6659,1.000,0.03430
748461.9830,427,TRACKING,97.3,257.1,233.9,295.6,437.4,274.1,-15.75,-17.22,21.79,23.11,6.04,0.00,-15.35,-11.63,0.00,6.05,6.25,9.42,-59.09,-59.64,49.89,0.0000,0.0000,1.0093,1.0170,-0.4926,-0.4860,0.0000,0.0000,-0.1047,-0.1049,-0.6236,-0.6490,1.000,0.03430
748462.0164,428,TRACKING,97.7,257.2,232.4,294.3,437.8,273.6,-15.41,-16.73,21.19,22.64,5.78,0.00,-14.86,-11.16,0.00,3.92,5.44,8.60,7.51,-37.22,72.31,0.0000,0.0000,0.9962,1.0087,-0.4970,-0.4904,0.0000,0.0000,-0.0956,-0.1012,-0.9038,-0.7509,1.000,0.03430
748462.0493,429,TRACKING,97.7,257.2,232.4,294.3,437.8,273.6,-15.41,-16.73,21.19,22.64,5.78,0.00,-14.86,-11.16,0.00,3.92,4.91,8.07,7.51,-20.08,89.45,0.0000,0.0000,0.9962,1.0037,-0.4970,-0.4904,0.0000,0.0000,-0.0897,-0.0966,-1.1182,-0.8978,1.000,0.03430
748462.0827,430,TRACKING,104.6,256.6,241.6,295.1,445.0,276.7,-15.69,-16.73,20.86,22.14,5.17,0.00,-14.86,-10.66,0.00,6.99,5.64,8.80,44.25,4.35,113.87,0.0000,0.0000,0.9962,1.0037,-0.5016,-0.4949,0.0000,0.0000,-0.0978,-0.0966,-1.4234,-1.1081,1.000,0.03430
748462.1161,431,TRACKING,98.8,255.8,234.6,293.1,445.7,275.4,-15.37,-16.31,20.15,21.65,4.78,0.00,-14.44,-10.17,0.00,-1.44,3.16,6.33,78.09,33.85,143.37,0.0000,0.0000,0.9850,0.9962,-0.5062,-0.4994,0.0000,0.0000,-0.0703,-0.0861,-1.5000,-1.2648,1.000,0.03430
748462.1497,432,TRACKING,99.0,253.9,236.1,290.7,443.5,277.0,-15.03,-16.31,18.80,21.02,3.77,0.00,-14.44,-9.54,0.00,0.16,2.11,5.28,88.41,57.65,167.18,0.0000,0.0000,0.9850,0.9917,-0.5119,-0.5044,0.0000,0.0000,-0.0586,-0.0751,-1.5000,-1.3589,1.000,0.03430
748462.1827,433,TRACKING,104.3,254.2,241.8,291.4,440.2,275.2,-15.14,-16.31,19.81,21.02,4.67,0.00,-14.44,-9.54,0.00,0.91,1.69,4.86,107.15,78.84,-171.64,0.0000,0.0000,0.9850,0.9917,-0.5119,-0.5044,0.0000,0.0000,-0.0540,-0.0666,1.5000,-0.2153,1.000,0.03430
748462.2161,434,TRACKING,104.3,254.2,241.8,291.4,440.2,275.2,-15.14,-16.31,19.81,21.02,4.67,0.00,-14.44,-9.54,0.00,0.91,1.69,4.86,107.15,90.75,-159.72,0.0000,0.0000,0.9850,0.9917,-0.5119,-0.5044,0.0000,0.0000,-0.0540,-0.0616,1.5000,0.4708,1.000,0.03430
748462.2493,435,TRACKING,107.0,254.8,247.9,290.3,439.3,274.0,-14.12,-15.75,18.99,20.47,4.87,0.00,-13.88,-8.99,0.00,0.72,1.69,4.86,117.04,101.25,-149.22,0.0000,0.0000,0.9700,0.9830,-0.5170,-0.5095,0.0000,0.0000,-0.0540,-0.0616,1.5000,0.8825,1.000,0.03430
748462.2828,436,TRACKING,103.8,255.2,241.0,289.4,437.2,274.4,-14.01,-15.27,18.40,19.95,4.39,0.00,-13.40,-8.47,0.00,2.31,1.69,4.86,128.04,111.58,-138.89,0.0000,0.0000,0.9574,0.9728,-0.5219,-0.5144,0.0000,0.0000,-0.0540,-0.0616,1.5000,1.1295,1.000,0.03430
748462.3160,437,TRACKING,100.9,255.8,237.3,290.1,438.0,274.0,-14.14,-15.27,18.74,19.95,4.60,0.00,-13.40,-8.47,0.00,5.91,3.17,6.33,150.61,126.22,-124.25,0.0000,0.0000,0.9574,0.9666,-0.5219,-0.5144,0.0000,0.0000,-0.0704,-0.0651,1.5000,1.2777,1.000,0.03430
748462.3493,438,TRACKING,100.9,255.8,237.3,290.1,438.0,274.0,-14.14,-15.27,18.74,19.95,4.60,0.00,-13.40,-8.47,0.00,5.91,4.13,7.30,150.61,135.49,-114.98,0.0000,0.0000,0.9574,0.9629,-0.5219,-0.5144,0.0000,0.0000,-0.0811,-0.0715,1.4373,1.3415,1.000,0.03430
748462.3831,439,TRACKING,105.9,257.8,242.0,291.9,432.4,270.9,-14.05,-15.27,20.35,19.95,6.30,0.00,0.00,0.00,0.00,0.00,4.13,0.00,0.00,135.49,0.00,0.0000,0.0000,0.0000,0.9629,0.0000,-0.5144,0.0000,0.0000,0.0000,-0.0715,0.0000,1.3415,1.000,0.03430
748462.4166,440,TRACKING,102.4,257.2,238.2,292.4,431.1,271.3,-14.50,-15.27,20.72,19.95,6.22,0.00,0.00,0.00,0.00,0.00,4.13,0.00,0.00,135.49,0.00,0.0000,0.0000,0.0000,0.9629,0.0000,-0.5144,0.0000,0.0000,0.0000,-0.0715,0.0000,1.3415,1.000,0.03430
748462.4493,441,TRACKING,102.4,257.2,238.2,292.4,431.1,271.3,-14.50,-15.27,20.72,19.95,6.22,0.00,0.00,0.00,0.00,0.00,4.13,0.00,0.00,135.49,0.00,0.0000,0.0000,0.0000,0.9629,0.0000,-0.5144,0.0000,0.0000,0.0000,-0.0715,0.0000,1.3415,1.000,0.03430
748462.4828,442,TRACKING,106.0,256.1,241.8,294.2,431.7,271.7,-15.67,-15.27,22.41,20.41,6.75,0.00,-13.40,-8.93,0.00,9.04,5.85,9.01,101.11,122.72,-127.75,0.0000,0.0000,0.9574,0.9629,-0.5176,-0.5144,0.0000,0.0000,-0.1002,-0.0830,1.5000,1.4049,1.000,0.03430
748462.5161,443,TRACKING,104.8,256.9,242.3,293.8,432.1,276.8,-15.01,-15.27,20.12,20.41,5.11,0.00,-13.40,-8.93,0.00,17.67,9.98,13.15,159.09,136.24,-114.23,0.0000,0.0000,0.9574,0.9629,-0.5176,-0.5144,0.0000,0.0000,-0.1461,-0.1082,1.4279,1.4141,1.000,0.03430
748462.5496,444,TRACKING,106.3,257.8,243.4,294.5,432.4,276.9,-14.98,-15.27,20.30,20.41,5.32,0.00,0.00,0.00,0.00,0.00,9.98,0.00,0.00,136.24,0.00,0.0000,0.0000,0.0000,0.9629,0.0000,-0.5144,0.0000,0.0000,0.0000,-0.1082,0.0000,1.4141,1.000,0.03430
748462.5830,445,TRACKING,106.3,257.8,243.4,294.5,432.4,276.9,-14.98,-15.27,20.30,20.41,5.32,0.00,0.00,0.00,0.00,0.00,9.98,0.00,0.00,136.24,0.00,0.0000,0.0000,0.0000,0.9629,0.0000,-0.5144,0.0000,0.0000,0.0000,-0.1082,0.0000,1.4141,1.000,0.03430
748462.6161,446,TRACKING,101.7,257.5,242.9,303.9,429.4,277.6,-18.17,-15.27,26.20,21.34,8.03,0.00,0.00,0.00,0.00,0.00,9.98,0.00,0.00,136.24,0.00,0.0000,0.0000,0.0000,0.9629,0.0000,-0.5144,0.0000,0.0000,0.0000,-0.1082,0.0000,1.4141,1.000,0.03430
748462.6496,447,TRACKING,103.2,257.5,240.9,291.8,436.6,273.7,-13.99,-15.27,19.29,21.34,5.30,0.00,-13.40,-9.86,0.00,22.55,14.39,17.56,-91.52,173.41,-77.06,0.0000,0.0000,0.9574,0.9629,-0.5090,-0.5144,0.0000,0.0000,-0.1951,-0.1430,0.9632,1.2337,1.000,0.03430
748462.6827,448,TRACKING,103.2,257.5,240.9,291.8,436.6,273.7,-13.99,-15.27,19.29,21.34,5.30,0.00,-13.40,-9.86,0.00,22.55,17.26,20.43,-91.52,-132.00,-22.47,0.0000,0.0000,0.9574,0.9629,-0.5090,-0.5144,0.0000,0.0000,-0.2270,-0.1766,0.2809,0.8526,1.000,0.03430
748462.7161,449,TRACKING,105.5,256.7,243.2,289.7,437.7,274.1,-13.46,-15.27,18.03,20.64,4.57,0.00,0.00,0.00,0.00,0.00,17.26,0.00,0.00,-132.00,0.00,0.0000,0.0000,0.0000,0.9629,0.0000,-0.5144,0.0000,0.0000,0.0000,-0.1766,0.0000,0.8526,1.000,0.03430
748462.7493,450,TRACKING,104.4,257.1,244.4,298.7,430.6,279.5,-16.58,-15.27,22.46,20.64,5.89,0.00,-13.40,-9.16,0.00,16.90,17.26,20.43,21.82,-28.87,80.66,0.0000,0.0000,0.9574,0.9629,-0.5154,-0.5144,0.0000,0.0000,-0.2270,-0.1967,-1.0083,0.1083,1.000,0.03430
748462.7832,451,TRACKING,106.9,257.4,246.2,298.8,436.6,275.7,-16.53,-15.27,23.45,21.11,6.92,0.00,0.00,0.00,0.00,0.00,17.26,0.00,0.00,-28.87,0.00,0.0000,0.0000,0.0000,0.9629,0.0000,-0.5144,0.0000,0.0000,0.0000,-0.1967,0.0000,0.1083,1.000,0.03430
748462.8163,452,TRACKING,106.0,258.5,243.4,291.3,442.7,275.8,-13.43,-15.27,17.90,21.11,4.47,0.00,-13.40,-9.63,0.00,25.05,20.00,23.17,-23.04,-24.36,85.17,0.0000,0.0000,0.9574,0.9629,-0.5111,-0.5144,0.0000,0.0000,-0.2574,-0.2210,-1.0646,-0.3609,1.000,0.03430
748462.8500,453,TRACKING,95.8,257.8,232.9,295.8,440.6,275.0,-15.47,-15.27,21.18,21.11,5.71,0.00,-13.40,-9.63,0.00,20.37,20.00,23.17,-28.69,-26.71,82.81,0.0000,0.0000,0.9574,0.9629,-0.5111,-0.5144,0.0000,0.0000,-0.2574,-0.2356,-1.0352,-0.6306,1.000,0.03430
748462.8831,454,TRACKING,95.8,257.8,232.9,295.8,440.6,275.0,-15.47,-15.27,21.18,21.11,5.71,0.00,-13.40,-9.63,0.00,20.37,20.00,23.17,-28.69,-27.61,81.91,0.0000,0.0000,0.9574,0.9629,-0.5111,-0.5144,0.0000,0.0000,-0.2574,-0.2443,-1.0239,-0.7879,1.000,0.03430
748462.9171,455,TRACKING,95.8,257.8,232.9,295.8,440.6,275.0,-15.47,-15.27,21.18,21.11,5.71,0.00,-13.40,-9.63,0.00,20.37,20.00,23.17,-28.69,-27.61,81.91,0.0000,0.0000,0.9574,0.9629,-0.5111,-0.5144,0.0000,0.0000,-0.2574,-0.2495,-1.0239,-0.8823,1.000,0.03430
748462.9493,456,TRACKING,95.8,257.8,232.9,295.8,440.6,275.0,-15.47,-15.27,21.18,21.11,5.71,0.00,-13.40,-9.63,0.00,20.37,20.00,23.17,-28.69,-27.61,81.91,0.0000,0.0000,0.9574,0.9629,-0.5111,-0.5144,0.0000,0.0000,-0.2574,-0.2495,-1.0239,-0.9390,1.000,0.03430
748462.9827,457,TRACKING,95.4,256.6,233.7,293.0,440.2,275.8,-14.78,-15.27,19.54,21.11,4.76,0.00,-13.40,-9.63,0.00,21.11,20.00,23.17,-34.52,-30.46,79.07,0.0000,0.0000,0.9574,0.9629,-0.5111,-0.5144,0.0000,0.0000,-0.2574,-0.2495,-0.9884,-0.9587,1.000,0.03430
748463.0160,458,TRACKING,95.4,256.6,233.7,293.0,440.2,275.8,-14.78,-15.27,19.54,21.11,4.76,0.00,-13.40,-9.63,0.00,21.11,20.00,23.17,-34.52,-32.04,77.49,0.0000,0.0000,0.9574,0.9629,-0.5111,-0.5144,0.0000,0.0000,-0.2574,-0.2495,-0.9687,-0.9627,1.000,0.03430
748463.0499,459,TRACKING,94.8,259.2,233.5,295.7,440.2,276.1,-14.75,-15.27,20.16,21.11,5.41,0.00,-13.40,-9.63,0.00,21.08,20.00,23.17,-43.84,-36.45,73.08,0.0000,0.0000,0.9574,0.9629,-0.5111,-0.5144,0.0000,0.0000,-0.2574,-0.2495,-0.9135,-0.9430,1.000,0.03430
748463.0826,460,TRACKING,94.8,259.2,233.5,295.7,440.2,276.1,-14.75,-15.27,20.16,21.11,5.41,0.00,-13.40,-9.63,0.00,21.08,20.00,23.17,-43.84,-39.15,70.37,0.0000,0.0000,0.9574,0.9629,-0.5111,-0.5144,0.0000,0.0000,-0.2574,-0.2495,-0.8797,-0.9177,1.000,0.03430
748463.1168,461,TRACKING,101.0,259.3,239.9,295.2,440.3,277.1,-14.49,-15.27,19.66,20.69,5.16,0.00,-13.40,-9.21,0.00,20.15,20.00,23.17,-31.93,-36.55,72.98,0.0000,0.0000,0.9574,0.9629,-0.5150,-0.5144,0.0000,0.0000,-0.2574,-0.2495,-0.9123,-0.9177,1.000,0.03430
748463.1493,462,TRACKING,101.0,259.3,239.9,295.2,440.3,277.1,-14.49,-15.27,19.66,20.69,5.16,0.00,-13.40,-9.21,0.00,20.15,20.00,23.17,-31.93,-34.90,74.63,0.0000,0.0000,0.9574,0.9629,-0.5150,-0.5144,0.0000,0.0000,-0.2574,-0.2495,-0.9329,-0.9238,1.000,0.03430
748463.1828,463,TRACKING,103.8,260.0,242.1,297.4,440.4,278.7,-15.13,-15.27,20.53,20.69,5.40,0.00,-13.40,-9.21,0.00,22.10,20.74,23.91,-42.08,-37.45,72.08,0.0000,0.0000,0.9574,0.9629,-0.5150,-0.5144,0.0000,0.0000,-0.2656,-0.2560,-0.9010,-0.9147,1.000,0.03430
748463.2161,464,TRACKING,92.8,257.7,232.4,297.8,441.7,278.3,-16.01,-15.27,21.33,20.69,5.32,0.00,-13.40,-9.21,0.00,23.12,21.57,24.74,-80.33,-52.33,57.20,0.0000,0.0000,0.9574,0.9629,-0.5150,-0.5144,0.0000,0.0000,-0.2749,-0.2635,-0.7150,-0.8348,1.000,0.03430
748463.2498,465,TRACKING,92.8,257.7,232.4,297.8,441.7,278.3,-16.01,-15.27,21.33,20.69,5.32,0.00,-13.40,-9.21,0.00,23.12,22.11,25.28,-80.33,-62.55,46.98,0.0000,0.0000,0.9574,0.9629,-0.5150,-0.5144,0.0000,0.0000,-0.2809,-0.2705,-0.5872,-0.7358,1.000,0.03430
748463.2828,466,TRACKING,100.1,258.3,239.5,295.7,440.6,278.2,-15.01,-15.27,19.97,20.69,4.96,0.00,-13.40,-9.21,0.00,23.13,22.11,25.28,-62.69,-62.55,46.98,0.0000,0.0000,0.9574,0.9629,-0.5150,-0.5144,0.0000,0.0000,-0.2809,-0.2747,-0.5872,-0.6764,1.000,0.03430
748463.3160,467,TRACKING,100.1,258.3,239.5,295.7,440.6,278.2,-15.01,-15.27,19.97,20.69,4.96,0.00,-13.40,-9.21,0.00,23.13,22.11,25.28,-62.69,-62.55,46.98,0.0000,0.0000,0.9574,0.9629,-0.5150,-0.5144,0.0000,0.0000,-0.2809,-0.2747,-0.5872,-0.6407,1.000,0.03430
748463.3493,468,TRACKING,98.3,258.5,235.9,299.1,440.4,278.7,-16.44,-15.27,22.12,20.69,5.68,0.00,-13.40,-9.21,0.00,22.33,22.11,25.28,-76.33,-67.60,41.92,0.0000,0.0000,0.9574,0.9629,-0.5150,-0.5144,0.0000,0.0000,-0.2809,-0.2747,-0.5240,-0.5940,1.000,0.03430
748463.3827,469,TRACKING,98.3,258.5,235.9,299.1,440.4,278.7,-16.44,-15.27,22.12,20.69,5.68,0.00,-13.40,-9.21,0.00,22.33,22.11,25.28,-76.33,-70.77,38.76,0.0000,0.0000,0.9574,0.9629,-0.5150,-0.5144,0.0000,0.0000,-0.2809,-0.2747,-0.4845,-0.5502,1.000,0.03430
748463.4161,470,TRACKING,102.0,258.1,239.4,299.6,441.3,276.0,-16.80,-15.27,23.48,21.30,6.67,0.00,-13.40,-9.82,0.00,19.40,21.16,24.33,-82.83,-75.09,34.44,0.0000,0.0000,0.9574,0.9629,-0.5094,-0.5144,0.0000,0.0000,-0.2703,-0.2747,-0.4305,-0.5023,1.000,0.03430
748463.4494,471,TRACKING,103.8,257.3,241.5,297.8,444.1,276.5,-16.38,-15.27,22.39,21.30,6.01,0.00,0.00,0.00,0.00,0.00,21.16,0.00,0.00,-75.09,0.00,0.0000,0.0000,0.0000,0.9629,0.0000,-0.5144,0.0000,0.0000,0.0000,-0.2747,0.0000,-0.5023,1.000,0.03430
748463.4827,472,TRACKING,103.8,257.3,241.5,297.8,444.1,276.5,-16.38,-15.27,22.39,21.30,6.01,0.00,0.00,0.00,0.00,0.00,21.16,0.00,0.00,-75.09,0.00,0.0000,0.0000,0.0000,0.9629,0.0000,-0.5144,0.0000,0.0000,0.0000,-0.2747,0.0000,-0.5023,1.000,0.03430
748463.5162,473,TRACKING,102.3,257.1,240.0,298.2,443.1,275.6,-16.59,-15.69,22.94,21.77,6.36,0.00,-13.82,-10.29,0.00,11.31,17.72,20.88,-84.44,-78.42,31.10,0.0000,0.0000,0.9686,0.9629,-0.5050,-0.5107,0.0000,0.0000,-0.2320,-0.2576,-0.3888,-0.4569,1.000,0.03430
748463.5494,474,TRACKING,100.2,259.8,236.5,312.9,435.2,275.8,-21.30,-16.73,31.88,23.53,10.58,0.00,-14.86,-12.05,0.00,2.99,12.56,15.73,-88.90,-82.14,27.39,0.0000,0.0000,0.9964,0.9763,-0.4887,-0.5019,0.0000,0.0000,-0.1747,-0.2245,-0.3423,-0.4111,1.000,0.03430
748463.5828,475,TRACKING,100.2,259.8,236.5,312.9,435.2,275.8,-21.30,-17.83,31.88,25.48,10.58,0.00,-15.96,-14.00,0.00,2.99,9.19,12.36,-88.90,-84.54,24.99,0.0000,0.0000,1.0255,0.9960,-0.4708,-0.4894,0.0000,0.0000,-0.1373,-0.1896,-0.3124,-0.3716,1.000,0.03430
748463.6160,476,TRACKING,102.9,258.0,240.3,300.2,441.0,264.5,-17.11,-17.83,27.22,26.45,10.10,0.00,-15.96,-14.97,0.00,-2.47,5.09,8.26,-94.06,-87.89,21.63,0.0000,0.0000,1.0255,1.0078,-0.4618,-0.4784,0.0000,0.0000,-0.0917,-0.1505,-0.2704,-0.3311,1.000,0.03430
748463.6493,477,TRACKING,102.9,258.0,240.3,300.2,441.0,264.5,-17.11,-17.83,27.22,26.92,10.10,0.00,-15.96,-15.44,0.00,-2.47,2.43,5.59,-94.06,-90.07,19.46,0.0000,0.0000,1.0255,1.0149,-0.4574,-0.4700,0.0000,0.0000,-0.0622,-0.1151,-0.2433,-0.2960,1.000,0.03430
748463.6827,478,TRACKING,106.8,258.0,242.3,302.8,442.6,263.8,-18.29,-17.83,29.31,27.47,11.02,0.00,-15.96,-15.99,0.00,-3.68,0.28,3.45,-103.84,-94.91,14.62,0.0000,0.0000,1.0255,1.0192,-0.4524,-0.4630,0.0000,0.0000,-0.0383,-0.0844,-0.1828,-0.2507,1.000,0.03430
748463.7167,479,TRACKING,105.1,258.0,240.1,309.5,441.8,261.5,-20.88,-18.36,34.27,28.74,13.39,0.00,-16.49,-17.26,0.00,-2.67,-0.76,2.41,-99.90,-96.67,12.86,0.0000,0.0000,1.0398,1.0274,-0.4407,-0.4541,0.0000,0.0000,-0.0268,-0.0613,-0.1607,-0.2147,1.000,0.03430
748463.7493,480,TRACKING,105.1,258.0,240.1,309.5,441.8,261.5,-20.88,-18.95,34.27,30.07,13.39,0.00,-17.08,-18.59,0.00,-2.67,-1.43,1.74,-99.90,-97.81,11.72,0.0000,0.0000,1.0555,1.0386,-0.4284,-0.4438,0.0000,0.0000,-0.0193,-0.0445,-0.1465,-0.1874,1.000,0.03430
748463.7835,481,TRACKING,104.5,256.6,243.4,300.2,443.9,260.4,-17.42,-18.95,28.65,30.07,11.23,0.00,-17.08,-18.59,0.00,2.64,-0.00,3.16,-100.78,-98.85,10.68,0.0000,0.0000,1.0555,1.0454,-0.4284,-0.4377,0.0000,0.0000,-0.0352,-0.0408,-0.1335,-0.1658,1.000,0.03430
748463.8162,482,TRACKING,99.2,255.7,236.4,298.8,447.0,257.5,-17.43,-18.95,28.54,30.07,11.11,0.00,-17.08,-18.59,0.00,1.99,0.70,3.86,-100.16,-99.31,10.22,0.0000,0.0000,1.0555,1.0494,-0.4284,-0.4340,0.0000,0.0000,-0.0429,-0.0408,-0.1277,-0.1506,1.000,0.03430
748463.8494,483,TRACKING,99.2,255.7,236.4,298.8,447.0,257.5,-17.43,-18.95,28.54,30.07,11.11,0.00,-17.08,-18.59,0.00,1.99,1.15,4.32,-100.16,-99.31,10.22,0.0000,0.0000,1.0555,1.0494,-0.4284,-0.4340,0.0000,0.0000,-0.0480,-0.0408,-0.1277,-0.1414,1.000,0.03430
748463.8828,484,TRACKING,104.3,259.2,242.7,308.8,446.1,255.4,-19.72,-18.95,34.42,30.59,14.70,0.00,-17.08,-19.11,0.00,-2.87,-0.26,2.91,-102.61,-100.47,9.06,0.0000,0.0000,1.0555,1.0494,-0.4236,-0.4298,0.0000,0.0000,-0.0323,-0.0374,-0.1132,-0.1302,1.000,0.03430
748463.9161,485,TRACKING,104.3,259.2,242.7,308.8,446.1,255.4,-19.72,-18.95,34.42,31.38,14.70,0.00,-17.08,-19.90,0.00,-2.87,-1.17,1.99,-102.61,-101.22,8.31,0.0000,0.0000,1.0555,1.0494,-0.4163,-0.4244,0.0000,0.0000,-0.0222,-0.0313,-0.1039,-0.1196,1.000,0.03430
748463.9496,486,TRACKING,102.5,258.3,240.2,308.9,444.2,256.5,-20.16,-18.95,34.59,32.17,14.42,0.00,-17.08,-20.69,0.00,-4.31,-2.27,0.90,-96.55,-99.58,9.94,0.0000,0.0000,1.0555,1.0494,-0.4090,-0.4183,0.0000,0.0000,-0.0100,-0.0228,-0.1243,-0.1196,1.000,0.03430
748463.9827,487,TRACKING,97.0,257.0,233.8,292.5,443.8,256.7,-14.52,-18.40,24.18,31.20,9.66,0.00,-16.53,-19.72,0.00,-0.14,-1.53,1.64,-94.66,-97.86,11.67,0.0000,0.0000,1.0407,1.0459,-0.4179,-0.4183,0.0000,0.0000,-0.0182,-0.0228,-0.1459,-0.1301,1.000,0.03430
748464.0162,488,TRACKING,97.0,257.0,233.8,292.5,443.8,256.7,-14.52,-17.59,24.18,29.76,9.66,0.00,-15.72,-18.28,0.00,-0.14,-1.04,2.13,-94.66,-96.74,12.79,0.0000,0.0000,1.0193,1.0353,-0.4313,-0.4235,0.0000,0.0000,-0.0236,-0.0228,-0.1599,-0.1420,1.000,0.03430
748464.0501,489,TRACKING,94.0,256.9,228.7,292.8,445.8,257.3,-14.96,-16.89,24.26,28.37,9.30,0.00,-15.02,-16.89,0.00,-2.16,-1.04,2.13,-95.09,-96.16,13.37,0.0000,0.0000,1.0006,1.0214,-0.4441,-0.4317,0.0000,0.0000,-0.0236,-0.0228,-0.1671,-0.1521,1.000,0.03430
748464.0827,490,TRACKING,94.0,256.9,228.7,292.8,445.8,257.3,-14.96,-16.34,24.26,27.23,9.30,0.00,-14.47,-15.75,0.00,-2.16,-1.04,2.13,-95.09,-96.16,13.37,0.0000,0.0000,0.9858,1.0072,-0.4547,-0.4409,0.0000,0.0000,-0.0236,-0.0228,-0.1671,-0.1581,1.000,0.03430
748464.1160,491,TRACKING,94.3,258.0,230.5,294.7,445.7,257.6,-15.08,-16.34,24.88,26.45,9.80,0.00,-14.47,-14.97,0.00,-6.80,-3.06,0.11,-95.00,-96.16,13.37,0.0000,0.0000,0.9858,0.9987,-0.4618,-0.4493,0.0000,0.0000,-0.0012,-0.0141,-0.1671,-0.1617,1.000,0.03430
748464.1493,492,TRACKING,94.3,258.0,230.5,294.7,445.7,257.6,-15.08,-16.34,24.88,25.92,9.80,0.00,-14.47,-14.44,0.00,-6.80,-4.37,-1.20,-95.00,-96.16,13.37,0.0000,0.0000,0.9858,0.9935,-0.4667,-0.4562,0.0000,0.0000,0.0134,-0.0031,-0.1671,-0.1617,1.000,0.03430
748464.1830,493,TRACKING,101.2,257.7,237.8,295.9,444.3,258.7,-15.64,-16.34,25.84,25.92,10.21,0.00,-14.47,-14.44,0.00,-8.24,-5.73,-2.56,-96.17,-96.16,13.37,0.0000,0.0000,0.9858,0.9935,-0.4667,-0.4604,0.0000,0.0000,0.0284,0.0095,-0.1671,-0.1617,1.000,0.03430
748464.2169,494,TRACKING,96.4,257.4,235.1,295.9,443.2,258.8,-15.50,-16.34,25.59,25.92,10.10,0.00,-14.47,-14.44,0.00,-9.62,-7.09,-3.92,-97.29,-96.16,13.37,0.0000,0.0000,0.9858,0.9935,-0.4667,-0.4604,0.0000,0.0000,0.0436,0.0231,-0.1671,-0.1617,1.000,0.03430
748464.2494,495,TRACKING,101.1,257.7,238.1,296.4,443.7,258.9,-15.78,-16.34,26.11,25.92,10.33,0.00,-14.47,-14.44,0.00,-9.75,-8.02,-4.85,-97.40,-96.59,12.94,0.0000,0.0000,0.9858,0.9935,-0.4667,-0.4604,0.0000,0.0000,0.0539,0.0354,-0.1617,-0.1617,1.000,0.03430
748464.2827,496,TRACKING,101.1,257.7,238.1,296.4,443.7,258.9,-15.78,-16.34,26.11,25.92,10.33,0.00,-14.47,-14.44,0.00,-9.75,-8.63,-5.46,-97.40,-96.59,12.94,0.0000,0.0000,0.9858,0.9935,-0.4667,-0.4604,0.0000,0.0000,0.0606,0.0455,-0.1617,-0.1617,1.000,0.03430
748464.3160,497,TRACKING,90.3,258.1,226.7,299.7,444.5,258.7,-16.95,-16.34,27.61,25.92,10.66,0.00,-14.47,-14.44,0.00,-9.02,-8.63,-5.46,-97.42,-96.59,12.94,0.0000,0.0000,0.9858,0.9935,-0.4667,-0.4604,0.0000,0.0000,0.0606,0.0516,-0.1617,-0.1617,1.000,0.03430
748464.3494,498,TRACKING,96.3,257.4,233.0,297.6,446.3,259.3,-16.37,-16.34,26.55,25.92,10.18,0.00,-14.47,-14.44,0.00,-5.24,-7.44,-4.27,-97.01,-96.59,12.94,0.0000,0.0000,0.9858,0.9935,-0.4667,-0.4604,0.0000,0.0000,0.0475,0.0516,-0.1617,-0.1617,1.000,0.03430
748464.3826,499,TRACKING,95.3,258.4,231.5,297.6,444.4,259.5,-16.03,-16.34,26.18,25.92,10.14,0.00,-14.47,-14.44,0.00,-3.24,-5.97,-2.80,-97.49,-96.59,12.94,0.0000,0.0000,0.9858,0.9935,-0.4667,-0.4604,0.0000,0.0000,0.0311,0.0434,-0.1617,-0.1617,1.000,0.03430
748464.4163,500,TRACKING,95.3,258.4,231.5,297.6,444.4,259.5,-16.03,-16.34,26.18,25.92,10.14,0.00,-14.47,-14.44,0.00,-3.24,-5.01,-1.84,-97.49,-96.59,12.94,0.0000,0.0000,0.9858,0.9935,-0.4667,-0.4604,0.0000,0.0000,0.0205,0.0342,-0.1617,-0.1617,1.000,0.03430
748464.4493,501,TRACKING,101.0,258.5,236.9,314.4,445.0,262.2,-22.34,-17.26,36.40,27.66,14.06,0.00,-15.39,-16.18,0.00,-4.60,-5.01,-1.84,-94.31,-95.79,13.73,0.0000,0.0000,1.0104,1.0003,-0.4506,-0.4565,0.0000,0.0000,0.0205,0.0287,-0.1717,-0.1657,1.000,0.03430
748464.4828,502,TRACKING,99.1,255.3,236.7,306.5,442.9,262.8,-20.44,-18.09,32.42,29.04,11.98,0.00,-16.22,-17.56,0.00,1.24,-2.82,0.34,-95.25,-95.79,13.73,0.0000,0.0000,1.0326,1.0132,-0.4379,-0.4491,0.0000,0.0000,-0.0038,0.0157,-0.1717,-0.1657,1.000,0.03430
748464.5162,503,TRACKING,99.1,255.3,236.7,306.5,442.9,262.8,-20.44,-18.76,32.42,30.07,11.98,0.00,-16.89,-18.59,0.00,1.24,-1.40,1.77,-95.25,-95.79,13.73,0.0000,0.0000,1.0504,1.0281,-0.4284,-0.4408,0.0000,0.0000,-0.0196,0.0016,-0.1717,-0.1657,1.000,0.03430
748464.5493,504,TRACKING,97.6,258.6,234.7,317.0,442.8,263.6,-23.07,-19.68,37.45,31.60,14.38,0.00,-17.81,-20.12,0.00,1.45,-0.40,2.77,-98.50,-96.74,12.79,0.0000,0.0000,1.0750,1.0469,-0.4142,-0.4302,0.0000,0.0000,-0.0307,-0.0113,-0.1599,-0.1657,1.000,0.03430
748464.5829,505,TRACKING,97.4,257.9,238.3,306.1,444.7,266.0,-18.87,-19.68,29.87,31.60,11.00,0.00,-17.81,-20.12,0.00,12.95,4.27,7.43,-91.27,-94.82,14.70,0.0000,0.0000,1.0750,1.0581,-0.4142,-0.4238,0.0000,0.0000,-0.0826,-0.0398,-0.1838,-0.1729,1.000,0.03430
748464.6164,506,TRACKING,98.5,258.4,234.4,314.3,449.2,266.3,-22.37,-20.22,34.98,32.29,12.60,0.00,-18.35,-20.81,0.00,13.89,7.65,10.82,-90.01,-93.14,16.39,0.0000,0.0000,1.0892,1.0706,-0.4079,-0.4175,0.0000,0.0000,-0.1202,-0.0720,-0.2049,-0.1857,1.000,0.03430
748464.6493,507,TRACKING,98.5,258.4,234.4,314.3,449.2,266.3,-22.37,-20.75,34.98,32.96,12.60,0.00,-18.88,-21.48,0.00,13.89,9.84,13.01,-90.01,-92.04,17.49,0.0000,0.0000,1.1033,1.0837,-0.4018,-0.4112,0.0000,0.0000,-0.1446,-0.1010,-0.2186,-0.1989,1.000,0.03430
748464.6826,508,TRACKING,97.0,260.0,231.0,318.2,443.2,269.2,-23.46,-21.36,36.45,33.74,12.99,0.00,-19.49,-22.26,0.00,16.73,12.26,15.43,-87.23,-90.35,19.17,0.0000,0.0000,1.1198,1.0981,-0.3945,-0.4045,0.0000,0.0000,-0.1715,-0.1292,-0.2397,-0.2152,1.000,0.03430
748464.7160,509,TRACKING,92.6,259.1,230.6,318.2,439.9,276.7,-23.18,-21.87,34.40,33.74,11.23,0.00,-20.00,-22.26,0.00,23.02,16.04,19.21,-96.52,-92.51,17.01,0.0000,0.0000,1.1333,1.1122,-0.3945,-0.4005,0.0000,0.0000,-0.2134,-0.1629,-0.2127,-0.2152,1.000,0.03430
748464.7493,510,TRACKING,92.6,259.1,230.6,318.2,439.9,276.7,-23.18,-21.87,34.40,33.74,11.23,0.00,-20.00,-22.26,0.00,23.02,18.49,21.66,-96.52,-93.92,15.61,0.0000,0.0000,1.1333,1.1206,-0.3945,-0.4005,0.0000,0.0000,-0.2407,-0.1940,-0.1951,-0.2072,1.000,0.03430
748464.7828,511,TRACKING,94.4,259.5,232.8,316.9,438.1,280.9,-22.52,-21.87,32.49,33.74,9.97,0.00,-20.00,-22.26,0.00,26.95,21.46,24.63,-102.80,-97.03,12.50,0.0000,0.0000,1.1333,1.1257,-0.3945,-0.4005,0.0000,0.0000,-0.2737,-0.2259,-0.1563,-0.1868,1.000,0.03430
748464.8161,512,TRACKING,88.4,259.1,225.4,301.1,438.0,282.3,-17.02,-21.30,22.05,31.91,5.03,0.00,-19.43,-20.43,0.00,31.62,25.03,28.20,-112.30,-102.38,7.15,0.0000,0.0000,1.1181,1.1257,-0.4114,-0.4049,0.0000,0.0000,-0.3133,-0.2609,-0.0894,-0.1478,1.000,0.03430
748464.8493,513,TRACKING,88.4,259.1,225.4,301.1,438.0,282.3,-17.02,-20.43,22.05,29.70,5.03,0.00,-18.56,-18.22,0.00,31.62,27.35,30.52,-112.30,-105.87,3.66,0.0000,0.0000,1.0948,1.1134,-0.4318,-0.4156,0.0000,0.0000,-0.3391,-0.2921,-0.0457,-0.1070,1.000,0.03430
748464.8827,514,TRACKING,92.5,255.0,234.0,305.8,433.7,284.9,-19.75,-20.43,25.74,28.30,5.99,0.00,-18.56,-16.82,0.00,28.50,27.35,30.52,-114.95,-109.07,0.46,0.0000,0.0000,1.0948,1.1060,-0.4448,-0.4273,0.0000,0.0000,-0.3391,-0.3109,-0.0057,-0.0665,1.000,0.03430
748464.9167,515,TRACKING,99.3,260.1,236.7,308.5,434.2,289.9,-19.40,-20.43,24.77,27.24,5.38,0.00,-18.56,-15.76,0.00,30.90,28.60,31.76,-117.68,-112.10,-2.57,0.0000,0.0000,1.0948,1.1015,-0.4545,-0.4382,0.0000,0.0000,-0.3529,-0.3277,0.0321,-0.0270,1.000,0.03430
748464.9497,516,TRACKING,96.0,260.3,231.1,308.0,435.5,291.5,-19.46,-20.43,24.08,26.37,4.61,0.00,-18.56,-14.89,0.00,28.18,28.60,31.76,177.83,-135.41,-25.88,0.0000,0.0000,1.0948,1.1015,-0.4626,-0.4479,0.0000,0.0000,-0.3529,-0.3378,0.3235,0.1132,1.000,0.03430
748464.9827,517,TRACKING,96.0,260.3,231.1,308.0,435.5,291.5,-19.46,-20.43,24.08,25.69,4.61,0.00,-18.56,-14.21,0.00,28.18,28.60,31.76,177.83,-153.51,-43.98,0.0000,0.0000,1.0948,1.1015,-0.4688,-0.4563,0.0000,0.0000,-0.3529,-0.3439,0.5498,0.2878,1.000,0.03430
748465.0161,518,TRACKING,98.2,258.3,238.0,305.6,435.9,292.0,-18.70,-19.96,22.63,24.97,3.93,0.00,-18.09,-13.49,0.00,29.12,28.60,31.76,-173.52,-161.42,-51.89,0.0000,0.0000,1.0824,1.0939,-0.4755,-0.4640,0.0000,0.0000,-0.3529,-0.3475,0.6486,0.4321,1.000,0.03430
748465.0494,519,TRACKING,98.2,258.3,238.0,305.6,435.9,292.0,-18.70,-19.96,22.63,24.35,3.93,0.00,-18.09,-12.87,0.00,29.12,28.60,31.76,-173.52,-166.04,-56.51,0.0000,0.0000,1.0824,1.0893,-0.4812,-0.4709,0.0000,0.0000,-0.3529,-0.3475,0.7063,0.5418,1.000,0.03430
748465.0828,520,TRACKING,90.8,258.6,226.2,302.5,438.6,294.9,-17.98,-19.45,20.04,23.44,2.06,0.00,-17.58,-11.96,0.00,27.99,28.60,31.76,154.25,179.41,-71.06,0.0000,0.0000,1.0688,1.0811,-0.4896,-0.4784,0.0000,0.0000,-0.3529,-0.3475,0.8882,0.6804,1.000,0.03430
748465.1160,521,TRACKING,94.9,259.0,234.7,312.9,439.8,293.6,-21.09,-19.45,26.48,23.44,5.39,0.00,-17.58,-11.96,0.00,21.25,26.02,29.19,146.27,167.03,-83.44,0.0000,0.0000,1.0688,1.0762,-0.4896,-0.4829,0.0000,0.0000,-0.3243,-0.3382,1.0430,0.8254,1.000,0.03430
748465.1493,522,TRACKING,94.9,259.0,234.7,312.9,439.8,293.6,-21.09,-19.45,26.48,24.01,5.39,0.00,-17.58,-12.53,0.00,21.25,24.34,27.51,146.27,159.25,-91.22,0.0000,0.0000,1.0688,1.0762,-0.4844,-0.4829,0.0000,0.0000,-0.3057,-0.3252,1.1403,0.9514,1.000,0.03430
748465.1834,523,TRACKING,88.9,257.0,226.0,312.2,439.5,291.6,-21.93,-20.01,27.43,24.75,5.50,0.00,-18.14,-13.27,0.00,17.32,21.88,25.05,125.61,146.91,-103.56,0.0000,0.0000,1.0837,1.0762,-0.4775,-0.4829,0.0000,0.0000,-0.2783,-0.3065,1.2945,1.0886,1.000,0.03430
748465.2166,524,TRACKING,85.8,258.3,223.8,312.2,441.4,291.6,-21.31,-20.01,26.72,25.33,5.41,0.00,-18.14,-13.85,0.00,16.97,20.16,23.32,130.90,140.96,-109.51,0.0000,0.0000,1.0837,1.0762,-0.4721,-0.4786,0.0000,0.0000,-0.2592,-0.2875,1.3689,1.2007,1.000,0.03430
748465.2498,525,TRACKING,94.6,258.5,229.5,302.2,444.3,293.9,-17.96,-20.01,20.18,24.74,2.22,0.00,-18.14,-13.26,0.00,21.16,20.16,23.32,119.75,133.22,-117.25,0.0000,0.0000,1.0837,1.0762,-0.4776,-0.4786,0.0000,0.0000,-0.2592,-0.2762,1.4656,1.3067,1.000,0.03430
748465.2827,526,TRACKING,94.6,258.5,229.5,302.2,444.3,293.9,-17.96,-20.01,20.18,23.81,2.22,0.00,-18.14,-12.33,0.00,21.16,20.16,23.32,119.75,128.32,-122.15,0.0000,0.0000,1.0837,1.0762,-0.4862,-0.4786,0.0000,0.0000,-0.2592,-0.2694,1.5000,1.3840,1.000,0.03430
748465.3164,527,TRACKING,93.2,256.8,230.7,299.2,439.2,294.1,-17.13,-19.35,18.54,22.65,1.41,0.00,-17.48,-11.17,0.00,20.60,20.16,23.32,122.72,126.30,-124.17,0.0000,0.0000,1.0662,1.0722,-0.4969,-0.4859,0.0000,0.0000,-0.2592,-0.2653,1.5000,1.4304,1.000,0.03430
748465.3495,528,TRACKING,89.2,256.6,224.7,309.1,441.0,294.1,-21.18,-19.35,25.15,22.65,3.97,0.00,-17.48,-11.17,0.00,18.41,19.54,22.71,115.15,122.33,-128.14,0.0000,0.0000,1.0662,1.0722,-0.4969,-0.4903,0.0000,0.0000,-0.2523,-0.2601,1.5000,1.4582,1.000,0.03430
748465.3828,529,TRACKING,97.0,256.2,231.6,298.9,444.3,294.4,-17.59,-19.35,18.81,22.04,1.22,0.00,-17.48,-10.56,0.00,21.04,20.07,23.24,113.51,119.20,-131.28,0.0000,0.0000,1.0662,1.0722,-0.5025,-0.4952,0.0000,0.0000,-0.2582,-0.2601,1.5000,1.4749,1.000,0.03430
748465.4160,530,TRACKING,97.0,256.2,231.6,298.9,444.3,294.4,-17.59,-19.35,18.81,21.32,1.22,0.00,-17.48,-9.84,0.00,21.04,20.07,23.24,113.51,117.18,-133.29,0.0000,0.0000,1.0662,1.0722,-0.5092,-0.5008,0.0000,0.0000,-0.2582,-0.2601,1.5000,1.4850,1.000,0.03430
748465.4493,531,TRACKING,97.4,257.3,230.0,297.9,443.6,292.8,-17.03,-18.76,18.38,20.60,1.36,0.00,-16.89,-9.12,0.00,20.71,20.07,23.24,119.28,117.92,-132.55,0.0000,0.0000,1.0505,1.0635,-0.5158,-0.5068,0.0000,0.0000,-0.2582,-0.2601,1.5000,1.4910,1.000,0.03430
748465.4829,532,TRACKING,98.4,255.9,235.5,307.7,442.2,292.2,-20.71,-18.76,25.01,21.04,4.29,0.00,-16.89,-9.56,0.00,16.09,18.68,21.84,113.27,116.28,-134.19,0.0000,0.0000,1.0505,1.0583,-0.5117,-0.5068,0.0000,0.0000,-0.2427,-0.2531,1.5000,1.4946,1.000,0.03430
748465.5162,533,TRACKING,97.3,256.0,234.4,307.7,442.6,291.8,-20.66,-18.76,25.02,21.83,4.36,0.00,-16.89,-10.35,0.00,16.14,17.79,20.96,114.54,115.67,-134.80,0.0000,0.0000,1.0505,1.0583,-0.5045,-0.5068,0.0000,0.0000,-0.2328,-0.2450,1.5000,1.4946,1.000,0.03430
748465.5496,534,TRACKING,97.0,256.7,234.5,307.5,443.5,292.5,-20.28,-19.20,24.38,22.51,4.11,0.00,-17.33,-11.03,0.00,16.55,17.35,20.52,115.47,115.67,-134.80,0.0000,0.0000,1.0621,1.0583,-0.4982,-0.5033,0.0000,0.0000,-0.2280,-0.2382,1.5000,1.4946,1.000,0.03430
748465.5833,535,TRACKING,97.0,256.7,234.5,307.5,443.5,292.5,-20.28,-19.20,24.38,23.05,4.11,0.00,-17.33,-11.57,0.00,16.55,17.35,20.52,115.47,115.67,-134.80,0.0000,0.0000,1.0621,1.0583,-0.4932,-0.4993,0.0000,0.0000,-0.2280,-0.2341,1.5000,1.4946,1.000,0.03430
748465.6162,536,TRACKING,95.3,257.0,233.8,309.4,444.8,292.8,-20.74,-19.62,25.24,23.59,4.50,0.00,-17.75,-12.11,0.00,16.65,17.35,20.52,112.46,114.55,-135.93,0.0000,0.0000,1.0734,1.0643,-0.4882,-0.4949,0.0000,0.0000,-0.2280,-0.2341,1.5000,1.4946,1.000,0.03430
748465.6493,537,TRACKING,95.3,257.0,233.8,309.4,444.8,292.8,-20.74,-19.62,25.24,24.04,4.50,0.00,-17.75,-12.56,0.00,16.65,17.35,20.52,112.46,113.82,-136.66,0.0000,0.0000,1.0734,1.0680,-0.4840,-0.4905,0.0000,0.0000,-0.2280,-0.2341,1.5000,1.4946,1.000,0.03430
748465.6837,538,TRACKING,98.0,256.9,237.5,306.7,444.2,293.2,-19.67,-19.62,23.43,24.04,3.76,0.00,-17.75,-12.56,0.00,17.91,17.35,20.52,116.57,114.78,-135.69,0.0000,0.0000,1.0734,1.0680,-0.4840,-0.4905,0.0000,0.0000,-0.2280,-0.2341,1.5000,1.4946,1.000,0.03430
748465.7162,539,TRACKING,98.0,256.9,237.5,306.7,444.2,293.2,-19.67,-19.62,23.43,24.04,3.76,0.00,-17.75,-12.56,0.00,17.91,17.35,20.52,116.57,115.41,-135.06,0.0000,0.0000,1.0734,1.0680,-0.4840,-0.4905,0.0000,0.0000,-0.2280,-0.2341,1.5000,1.4946,1.000,0.03430
748465.7495,540,TRACKING,98.0,256.9,237.5,306.7,444.2,293.2,-19.67,-19.62,23.43,24.04,3.76,0.00,-17.75,-12.56,0.00,17.91,17.35,20.52,116.57,115.41,-135.06,0.0000,0.0000,1.0734,1.0680,-0.4840,-0.4905,0.0000,0.0000,-0.2280,-0.2341,1.5000,1.4946,1.000,0.03430
748465.7829,541,TRACKING,94.5,257.9,229.8,310.0,444.0,293.4,-21.05,-19.62,25.49,24.04,4.43,0.00,-17.75,-12.56,0.00,16.97,17.35,20.52,110.47,113.68,-136.79,0.0000,0.0000,1.0734,1.0680,-0.4840,-0.4905,0.0000,0.0000,-0.2280,-0.2341,1.5000,1.4946,1.000,0.03430
748465.8160,542,TRACKING,94.5,257.9,229.8,310.0,444.0,293.4,-21.05,-19.62,25.49,24.04,4.43,0.00,-17.75,-12.56,0.00,16.97,17.35,20.52,110.47,112.55,-137.92,0.0000,0.0000,1.0734,1.0680,-0.4840,-0.4905,0.0000,0.0000,-0.2280,-0.2341,1.5000,1.4946,1.000,0.03430
748465.8494,543,TRACKING,93.8,258.4,231.4,309.4,445.0,294.1,-20.34,-19.62,24.43,24.04,4.09,0.00,-17.75,-12.56,0.00,18.14,17.35,20.52,116.41,113.90,-136.57,0.0000,0.0000,1.0734,1.0680,-0.4840,-0.4905,0.0000,0.0000,-0.2280,-0.2341,1.5000,1.4946,1.000,0.03430
748465.8834,544,TRACKING,93.8,258.4,231.4,309.4,445.0,294.1,-20.34,-19.62,24.43,24.04,4.09,0.00,-17.75,-12.56,0.00,18.14,17.35,20.52,116.41,114.78,-135.69,0.0000,0.0000,1.0734,1.0680,-0.4840,-0.4905,0.0000,0.0000,-0.2280,-0.2341,1.5000,1.4946,1.000,0.03430
748465.9168,545,TRACKING,97.4,259.2,233.9,311.6,445.2,294.5,-20.98,-19.62,25.61,24.04,4.63,0.00,-17.75,-12.56,0.00,17.71,17.35,20.52,115.54,114.78,-135.69,0.0000,0.0000,1.0734,1.0680,-0.4840,-0.4905,0.0000,0.0000,-0.2280,-0.2341,1.5000,1.4946,1.000,0.03430
748465.9493,546,TRACKING,97.4,259.2,233.9,311.6,445.2,294.5,-20.98,-19.62,25.61,24.48,4.63,0.00,-17.75,-13.00,0.00,17.71,17.35,20.52,115.54,114.78,-135.69,0.0000,0.0000,1.0734,1.0680,-0.4800,-0.4863,0.0000,0.0000,-0.2280,-0.2341,1.5000,1.4946,1.000,0.03430
748465.9829,547,TRACKING,97.2,258.1,235.5,311.8,445.0,294.6,-21.23,-20.11,25.90,24.48,4.67,0.00,-18.24,-13.00,0.00,17.47,17.35,20.52,118.56,116.11,-134.37,0.0000,0.0000,1.0863,1.0753,-0.4800,-0.4863,0.0000,0.0000,-0.2280,-0.2341,1.5000,1.4946,1.000,0.03430
748466.0164,548,TRACKING,94.9,259.0,234.8,310.8,445.0,295.5,-20.33,-20.11,24.52,24.48,4.18,0.00,-18.24,-13.00,0.00,18.12,17.35,20.52,119.02,117.13,-133.35,0.0000,0.0000,1.0863,1.0797,-0.4800,-0.4863,0.0000,0.0000,-0.2280,-0.2341,1.5000,1.4946,1.000,0.03430
748466.0493,549,TRACKING,94.9,259.0,234.8,310.8,445.0,295.5,-20.33,-20.11,24.52,24.48,4.18,0.00,-18.24,-13.00,0.00,18.12,17.35,20.52,119.02,117.79,-132.68,0.0000,0.0000,1.0863,1.0797,-0.4800,-0.4863,0.0000,0.0000,-0.2280,-0.2341,1.5000,1.4946,1.000,0.03430
748466.0829,550,TRACKING,84.9,259.9,220.3,314.1,444.1,297.0,-21.80,-20.11,26.18,24.48,4.37,0.00,-18.24,-13.00,0.00,16.74,17.35,20.52,111.63,115.63,-134.84,0.0000,0.0000,1.0863,1.0797,-0.4800,-0.4863,0.0000,0.0000,-0.2280,-0.2341,1.5000,1.4946,1.000,0.03430
748466.1161,551,TRACKING,84.9,259.9,220.3,314.1,444.1,297.0,-21.80,-20.56,26.18,24.93,4.37,0.00,-18.69,-13.45,0.00,16.74,17.35,20.52,111.63,114.23,-136.24,0.0000,0.0000,1.0985,1.0872,-0.4758,-0.4821,0.0000,0.0000,-0.2280,-0.2341,1.5000,1.4946,1.000,0.03430
748466.1494,552,TRACKING,93.7,258.1,231.0,312.8,444.1,296.7,-21.73,-20.56,26.05,24.93,4.31,0.00,-18.69,-13.45,0.00,17.48,17.35,20.52,116.88,115.16,-135.31,0.0000,0.0000,1.0985,1.0917,-0.4758,-0.4821,0.0000,0.0000,-0.2280,-0.2341,1.5000,1.4946,1.000,0.03430
748466.1829,553,TRACKING,89.4,259.0,228.5,314.5,445.0,297.2,-21.77,-20.56,26.33,24.93,4.56,0.00,-18.69,-13.45,0.00,17.71,17.35,20.52,121.07,117.23,-133.24,0.0000,0.0000,1.0985,1.0917,-0.4758,-0.4821,0.0000,0.0000,-0.2280,-0.2341,1.5000,1.4946,1.000,0.03430
748466.2170,554,TRACKING,80.2,257.4,213.3,303.3,441.5,295.8,-19.01,-20.56,20.88,24.93,1.87,0.00,-18.69,-13.45,0.00,21.37,18.76,21.93,119.27,117.94,-132.53,0.0000,0.0000,1.0985,1.0917,-0.4758,-0.4821,0.0000,0.0000,-0.2436,-0.2379,1.5000,1.4946,1.000,0.03430
748466.2503,555,TRACKING,80.2,257.4,213.3,303.3,441.5,295.8,-19.01,-20.56,20.88,24.07,1.87,0.00,-18.69,-12.59,0.00,21.37,19.67,22.84,119.27,118.41,-132.07,0.0000,0.0000,1.0985,1.0917,-0.4838,-0.4821,0.0000,0.0000,-0.2538,-0.2443,1.5000,1.4946,1.000,0.03430
748466.2839,556,TRACKING,95.2,256.7,236.0,305.8,441.0,297.6,-19.23,-20.56,21.51,23.36,2.28,0.00,-18.69,-11.88,0.00,28.56,22.78,25.95,-162.15,144.15,-106.32,0.0000,0.0000,1.0985,1.0917,-0.4904,-0.4854,0.0000,0.0000,-0.2883,-0.2619,1.3290,1.4283,1.000,0.03430
748466.3168,557,TRACKING,95.2,256.7,236.0,305.8,441.0,297.6,-19.23,-20.56,21.51,22.81,2.28,0.00,-18.69,-11.33,0.00,28.56,24.81,27.98,-162.15,165.49,-84.98,0.0000,0.0000,1.0985,1.0917,-0.4954,-0.4894,0.0000,0.0000,-0.3109,-0.2815,1.0622,1.2819,1.000,0.03430
748466.3503,558,TRACKING,95.5,260.4,232.3,307.9,437.2,296.7,-19.14,-20.12,22.26,22.81,3.13,0.00,-18.25,-11.33,0.00,28.29,26.03,29.20,-120.10,-165.09,-55.57,0.0000,0.0000,1.0866,1.0917,-0.4954,-0.4894,0.0000,0.0000,-0.3244,-0.2986,0.6946,1.0470,1.000,0.03430
748466.3832,559,TRACKING,95.5,260.4,232.3,307.9,437.2,296.7,-19.14,-20.12,22.26,22.81,3.13,0.00,-18.25,-11.33,0.00,28.29,26.82,29.99,-120.10,-145.46,-35.94,0.0000,0.0000,1.0866,1.0917,-0.4954,-0.4894,0.0000,0.0000,-0.3332,-0.3125,0.4492,0.8079,1.000,0.03430
748466.4166,560,TRACKING,90.9,258.3,230.5,306.0,435.0,286.9,-18.89,-20.12,24.24,22.81,5.36,0.00,-18.25,-11.33,0.00,23.83,25.77,28.94,-116.89,-133.44,-23.92,0.0000,0.0000,1.0866,1.0917,-0.4954,-0.4894,0.0000,0.0000,-0.3216,-0.3161,0.2989,0.6043,1.000,0.03430
748466.4506,561,TRACKING,93.9,253.9,229.4,295.8,436.5,287.0,-17.20,-19.46,19.65,22.37,2.45,0.00,-17.59,-10.89,0.00,28.45,26.71,29.88,-110.69,-124.35,-14.82,0.0000,0.0000,1.0691,1.0827,-0.4995,-0.4934,0.0000,0.0000,-0.3320,-0.3224,0.1852,0.4367,1.000,0.03430
748466.4828,562,TRACKING,93.9,253.9,229.4,295.8,436.5,287.0,-17.20,-18.87,19.65,21.78,2.45,0.00,-17.00,-10.30,0.00,28.45,27.32,30.48,-110.69,-119.08,-9.55,0.0000,0.0000,1.0534,1.0710,-0.5049,-0.4980,0.0000,0.0000,-0.3387,-0.3290,0.1194,0.3098,1.000,0.03430
748466.5164,563,TRACKING,91.6,251.2,228.4,293.5,435.5,284.9,-17.18,-18.40,19.56,21.22,2.39,0.00,-16.52,-9.74,0.00,29.09,27.94,31.10,-107.84,-114.88,-5.35,0.0000,0.0000,1.0407,1.0588,-0.5101,-0.5028,0.0000,0.0000,-0.3456,-0.3356,0.0669,0.2126,1.000,0.03430
748466.5493,564,TRACKING,91.6,251.2,228.4,293.5,435.5,284.9,-17.18,-18.40,19.56,20.76,2.39,0.00,-16.52,-9.28,0.00,29.09,27.94,31.10,-107.84,-112.30,-2.77,0.0000,0.0000,1.0407,1.0516,-0.5143,-0.5074,0.0000,0.0000,-0.3456,-0.3396,0.0346,0.1414,1.000,0.03430
748466.5828,565,TRACKING,95.9,258.5,235.5,315.5,423.7,288.4,-22.19,-18.40,30.36,22.09,8.17,0.00,-16.52,-10.61,0.00,20.16,25.22,28.38,-113.52,-112.74,-3.21,0.0000,0.0000,1.0407,1.0472,-0.5021,-0.5074,0.0000,0.0000,-0.3154,-0.3299,0.0402,0.1009,1.000,0.03430
748466.6164,566,TRACKING,95.4,251.1,234.1,295.7,436.4,283.7,-17.83,-18.40,21.24,22.09,3.41,0.00,-16.52,-10.61,0.00,29.61,26.76,29.92,-107.74,-110.96,-1.43,0.0000,0.0000,1.0407,1.0472,-0.5021,-0.5074,0.0000,0.0000,-0.3325,-0.3299,0.0179,0.0677,1.000,0.03430
748466.6493,567,TRACKING,95.4,251.1,234.1,295.7,436.4,283.7,-17.83,-18.40,21.24,22.09,3.41,0.00,-16.52,-10.61,0.00,29.61,27.76,30.92,-107.74,-109.82,-0.29,0.0000,0.0000,1.0407,1.0472,-0.5021,-0.5074,0.0000,0.0000,-0.3436,-0.3354,0.0036,0.0421,1.000,0.03430
748466.6833,568,TRACKING,96.0,251.0,228.1,295.1,431.2,287.7,-18.46,-18.40,20.54,22.09,2.08,0.00,-16.52,-10.61,0.00,29.36,28.32,31.48,-112.87,-110.89,-1.37,0.0000,0.0000,1.0407,1.0472,-0.5021,-0.5074,0.0000,0.0000,-0.3498,-0.3412,0.0171,0.0321,1.000,0.03430
748466.7161,569,TRACKING,96.0,251.0,228.1,295.1,431.2,287.7,-18.46,-18.40,20.54,22.09,2.08,0.00,-16.52,-10.61,0.00,29.36,28.32,31.48,-112.87,-111.59,-2.06,0.0000,0.0000,1.0407,1.0472,-0.5021,-0.5074,0.0000,0.0000,-0.3498,-0.3446,0.0258,0.0321,1.000,0.03430
748466.7502,570,TRACKING,85.4,257.8,223.8,306.3,428.6,288.5,-19.30,-18.40,24.27,22.09,4.97,0.00,-16.52,-10.61,0.00,25.83,27.44,30.61,-100.87,-107.83,1.70,0.0000,0.0000,1.0407,1.0472,-0.5021,-0.5074,0.0000,0.0000,-0.3401,-0.3446,-0.0213,0.0107,1.000,0.03430
748466.7827,571,TRACKING,85.4,257.8,223.8,306.3,428.6,288.5,-19.30,-18.40,24.27,22.52,4.97,0.00,-16.52,-11.04,0.00,25.83,26.88,30.04,-100.87,-105.38,4.15,0.0000,0.0000,1.0407,1.0472,-0.4981,-0.5037,0.0000,0.0000,-0.3338,-0.3403,-0.0518,-0.0143,1.000,0.03430
748466.8161,572,TRACKING,87.7,257.0,231.4,304.3,432.4,287.7,-18.22,-18.40,22.96,22.52,4.74,0.00,-16.52,-11.04,0.00,25.46,26.38,29.55,-112.12,-107.75,1.78,0.0000,0.0000,1.0407,1.0472,-0.4981,-0.5037,0.0000,0.0000,-0.3283,-0.3355,-0.0223,-0.0143,1.000,0.03430
748466.8500,573,TRACKING,90.8,259.0,231.7,308.8,430.3,289.8,-19.47,-18.40,24.93,23.02,5.46,0.00,-16.52,-11.54,0.00,25.88,26.38,29.55,-92.55,-102.42,7.11,0.0000,0.0000,1.0407,1.0472,-0.4935,-0.4996,0.0000,0.0000,-0.3283,-0.3355,-0.0889,-0.0441,1.000,0.03430
748466.8828,574,TRACKING,84.3,258.9,222.2,301.4,432.7,290.8,-17.15,-18.40,20.06,23.02,2.90,0.00,-16.52,-11.54,0.00,31.98,28.34,31.51,-98.89,-101.17,8.35,0.0000,0.0000,1.0407,1.0472,-0.4935,-0.4996,0.0000,0.0000,-0.3501,-0.3414,-0.1044,-0.0682,1.000,0.03430
748466.9165,575,TRACKING,84.3,258.9,222.2,301.4,432.7,290.8,-17.15,-18.40,20.06,22.39,2.90,0.00,-16.52,-10.91,0.00,31.98,29.62,32.79,-98.89,-100.37,9.16,0.0000,0.0000,1.0407,1.0472,-0.4993,-0.4996,0.0000,0.0000,-0.3643,-0.3505,-0.1145,-0.0867,1.000,0.03430
748466.9497,576,TRACKING,84.7,260.1,225.1,308.2,430.3,287.9,-18.92,-18.40,24.56,22.39,5.64,0.00,-16.52,-10.91,0.00,26.73,28.61,31.77,-95.70,-98.73,10.80,0.0000,0.0000,1.0407,1.0472,-0.4993,-0.4996,0.0000,0.0000,-0.3530,-0.3505,-0.1350,-0.1060,1.000,0.03430
748466.9828,577,TRACKING,88.4,259.2,227.3,306.7,431.0,286.5,-18.89,-18.40,24.55,22.39,5.66,0.00,-16.52,-10.91,0.00,25.55,27.54,30.70,-98.46,-98.73,10.80,0.0000,0.0000,1.0407,1.0472,-0.4993,-0.4996,0.0000,0.0000,-0.3412,-0.3468,-0.1350,-0.1176,1.000,0.03430
748467.0161,578,TRACKING,81.6,256.8,221.9,303.1,431.9,285.7,-18.25,-18.40,22.99,22.39,4.74,0.00,-16.52,-10.91,0.00,26.49,27.54,30.70,-104.84,-100.88,8.65,0.0000,0.0000,1.0407,1.0472,-0.4993,-0.4996,0.0000,0.0000,-0.3412,-0.3468,-0.1082,-0.1138,1.000,0.03430
748467.0497,579,TRACKING,81.2,260.5,220.0,316.6,430.4,285.3,-21.97,-18.97,30.42,23.84,8.45,0.00,-17.10,-12.36,0.00,21.80,25.53,28.70,-96.38,-99.30,10.23,0.0000,0.0000,1.0559,1.0507,-0.4859,-0.4941,0.0000,0.0000,-0.3188,-0.3356,-0.1279,-0.1194,1.000,0.03430
748467.0827,580,TRACKING,81.2,260.5,220.0,316.6,430.4,285.3,-21.97,-19.65,30.42,25.40,8.45,0.00,-17.78,-13.92,0.00,21.80,24.22,27.39,-96.38,-98.28,11.25,0.0000,0.0000,1.0740,1.0600,-0.4715,-0.4851,0.0000,0.0000,-0.3043,-0.3231,-0.1406,-0.1279,1.000,0.03430
748467.1161,581,TRACKING,86.8,260.9,225.5,316.9,429.7,285.3,-22.00,-20.26,30.82,26.81,8.81,0.00,-18.39,-15.33,0.00,21.65,23.32,26.49,-96.71,-97.73,11.80,0.0000,0.0000,1.0904,1.0722,-0.4585,-0.4745,0.0000,0.0000,-0.2943,-0.3116,-0.1475,-0.1358,1.000,0.03430
748467.1502,582,TRACKING,88.4,259.3,227.8,314.2,430.4,284.9,-21.51,-20.26,29.74,27.77,8.23,0.00,-18.39,-16.29,0.00,22.40,23.32,26.49,-98.99,-98.17,11.36,0.0000,0.0000,1.0904,1.0795,-0.4496,-0.4645,0.0000,0.0000,-0.2943,-0.3047,-0.1420,-0.1358,1.000,0.03430
748467.1827,583,TRACKING,90.0,260.1,231.9,314.0,430.0,285.9,-20.80,-20.26,28.89,28.29,8.09,0.00,-18.39,-16.81,0.00,22.79,23.32,26.49,-101.09,-99.19,10.34,0.0000,0.0000,1.0904,1.0838,-0.4448,-0.4566,0.0000,0.0000,-0.2943,-0.3005,-0.1292,-0.1358,1.000,0.03430
748467.2160,584,TRACKING,90.0,260.1,231.9,314.0,430.0,285.9,-20.80,-20.26,28.89,28.29,8.09,0.00,-18.39,-16.81,0.00,22.79,23.32,26.49,-101.09,-99.86,9.67,0.0000,0.0000,1.0904,1.0838,-0.4448,-0.4519,0.0000,0.0000,-0.2943,-0.3005,-0.1209,-0.1298,1.000,0.03430
748467.2497,585,TRACKING,90.2,261.1,231.7,316.6,429.0,285.4,-21.41,-20.26,30.40,28.78,8.99,0.00,-18.39,-17.30,0.00,20.62,22.37,25.54,-102.46,-100.77,8.76,0.0000,0.0000,1.0904,1.0838,-0.4403,-0.4473,0.0000,0.0000,-0.2838,-0.2938,-0.1095,-0.1217,1.000,0.03430
748467.2829,586,TRACKING,85.4,261.0,226.9,315.8,430.2,286.5,-21.17,-20.26,29.37,28.78,8.20,0.00,-18.39,-17.30,0.00,22.60,22.37,25.54,-100.26,-100.77,8.76,0.0000,0.0000,1.0904,1.0838,-0.4403,-0.4473,0.0000,0.0000,-0.2838,-0.2898,-0.1095,-0.1168,1.000,0.03430
748467.3162,587,TRACKING,88.6,257.4,231.3,303.2,430.8,284.9,-17.76,-20.26,22.99,28.02,5.23,0.00,-18.39,-16.54,0.00,24.94,23.27,26.44,-104.67,-102.13,7.40,0.0000,0.0000,1.0904,1.0838,-0.4473,-0.4473,0.0000,0.0000,-0.2938,-0.2898,-0.0924,-0.1071,1.000,0.03430
748467.3496,588,TRACKING,90.6,261.4,229.9,306.3,428.3,287.3,-17.84,-19.77,23.30,27.01,5.45,0.00,-17.90,-15.53,0.00,24.49,23.70,26.87,-101.67,-102.13,7.40,0.0000,0.0000,1.0772,1.0838,-0.4566,-0.4510,0.0000,0.0000,-0.2985,-0.2933,-0.0924,-0.1012,1.000,0.03430
748467.3828,589,TRACKING,88.9,258.7,231.7,307.6,429.5,286.1,-18.92,-19.77,25.13,26.35,6.22,0.00,-17.90,-14.87,0.00,25.07,24.18,27.34,-98.65,-100.91,8.62,0.0000,0.0000,1.0772,1.0838,-0.4627,-0.4557,0.0000,0.0000,-0.3038,-0.2975,-0.1077,-0.1012,1.000,0.03430
748467.4163,590,TRACKING,86.6,256.2,230.8,304.0,431.0,286.3,-18.32,-19.77,23.36,25.65,5.05,0.00,-17.90,-14.17,0.00,25.54,24.66,27.82,-106.33,-102.81,6.72,0.0000,0.0000,1.0772,1.0838,-0.4692,-0.4611,0.0000,0.0000,-0.3091,-0.3022,-0.0840,-0.0943,1.000,0.03430
748467.4494,591,TRACKING,86.6,256.2,230.8,304.0,431.0,286.3,-18.32,-19.32,23.36,25.03,5.05,0.00,-17.45,-13.55,0.00,25.54,24.66,27.82,-106.33,-104.04,5.49,0.0000,0.0000,1.0653,1.0764,-0.4749,-0.4666,0.0000,0.0000,-0.3091,-0.3022,-0.0686,-0.0840,1.000,0.03430
748467.4827,592,TRACKING,83.2,259.2,223.4,306.1,430.8,286.6,-18.49,-19.32,23.86,25.03,5.36,0.00,-17.45,-13.55,0.00,25.98,25.12,28.29,-99.51,-102.45,7.07,0.0000,0.0000,1.0653,1.0720,-0.4749,-0.4699,0.0000,0.0000,-0.3143,-0.3070,-0.0884,-0.0840,1.000,0.03430
748467.5160,593,TRACKING,75.2,258.9,215.2,308.5,431.4,286.8,-19.52,-19.32,25.25,25.03,5.72,0.00,-17.45,-13.55,0.00,25.93,25.12,28.29,-103.22,-102.45,7.07,0.0000,0.0000,1.0653,1.0720,-0.4749,-0.4699,0.0000,0.0000,-0.3143,-0.3070,-0.0884,-0.0840,1.000,0.03430
748467.5493,594,TRACKING,86.4,260.7,227.7,313.7,428.6,286.0,-20.55,-19.32,28.39,25.03,7.83,0.00,-17.45,-13.55,0.00,21.54,23.87,27.03,-107.77,-104.32,5.21,0.0000,0.0000,1.0653,1.0720,-0.4749,-0.4699,0.0000,0.0000,-0.3004,-0.3070,-0.0651,-0.0765,1.000,0.03430
748467.5838,595,TRACKING,84.6,260.8,227.2,316.7,429.1,285.8,-21.40,-19.32,30.10,26.06,8.69,0.00,-17.45,-14.58,0.00,21.35,22.99,26.15,-101.95,-103.49,6.04,0.0000,0.0000,1.0653,1.0720,-0.4654,-0.4699,0.0000,0.0000,-0.2906,-0.3005,-0.0755,-0.0765,1.000,0.03430
748467.6161,596,TRACKING,94.0,260.9,237.2,313.5,429.9,287.4,-20.18,-19.32,27.89,26.72,7.71,0.00,-17.45,-15.24,0.00,23.94,22.99,26.15,-101.17,-102.67,6.85,0.0000,0.0000,1.0653,1.0720,-0.4593,-0.4657,0.0000,0.0000,-0.2906,-0.2965,-0.0857,-0.0802,1.000,0.03430
748467.6493,597,TRACKING,94.0,260.9,237.2,313.5,429.9,287.4,-20.18,-19.32,27.89,26.72,7.71,0.00,-17.45,-15.24,0.00,23.94,22.99,26.15,-101.17,-102.15,7.38,0.0000,0.0000,1.0653,1.0720,-0.4593,-0.4657,0.0000,0.0000,-0.2906,-0.2965,-0.0923,-0.0850,1.000,0.03430
748467.6828,598,TRACKING,85.3,255.8,224.7,303.2,431.5,286.3,-18.76,-19.32,23.43,26.72,4.66,0.00,-17.45,-15.24,0.00,27.49,24.56,27.73,-104.93,-103.12,6.41,0.0000,0.0000,1.0653,1.0720,-0.4593,-0.4657,0.0000,0.0000,-0.3081,-0.3012,-0.0801,-0.0850,1.000,0.03430
748467.7176,599,TRACKING,88.2,258.3,229.4,305.2,432.7,286.4,-18.37,-19.32,23.67,26.07,5.30,0.00,-17.45,-14.59,0.00,26.97,25.41,28.57,-103.20,-103.12,6.41,0.0000,0.0000,1.0653,1.0720,-0.4653,-0.4657,0.0000,0.0000,-0.3175,-0.3077,-0.0801,-0.0850,1.000,0.03430
748467.7493,600,TRACKING,94.2,261.1,234.5,313.3,428.7,286.3,-20.40,-19.32,28.29,26.07,7.89,0.00,-17.45,-14.59,0.00,23.25,24.65,27.82,-103.69,-103.12,6.41,0.0000,0.0000,1.0653,1.0720,-0.4653,-0.4657,0.0000,0.0000,-0.3091,-0.3077,-0.0801,-0.0850,1.000,0.03430
748467.7826,601,TRACKING,94.2,261.1,234.5,313.3,428.7,286.3,-20.40,-19.32,28.29,26.07,7.89,0.00,-17.45,-14.59,0.00,23.25,24.16,27.33,-103.69,-103.12,6.41,0.0000,0.0000,1.0653,1.0720,-0.4653,-0.4657,0.0000,0.0000,-0.3036,-0.3077,-0.0801,-0.0850,1.000,0.03430
748467.8167,602,TRACKING,95.4,260.8,235.6,314.4,429.9,286.7,-20.90,-19.32,29.00,26.76,8.11,0.00,-17.45,-15.28,0.00,23.18,24.16,27.33,-102.10,-103.12,6.41,0.0000,0.0000,1.0653,1.0720,-0.4589,-0.4657,0.0000,0.0000,-0.3036,-0.3077,-0.0801,-0.0850,1.000,0.03430
748467.8497,603,TRACKING,97.9,257.3,239.1,311.1,431.0,285.9,-20.85,-19.77,28.34,27.26,7.49,0.00,-17.90,-15.78,0.00,23.56,24.16,27.33,-101.93,-103.12,6.41,0.0000,0.0000,1.0773,1.0720,-0.4544,-0.4612,0.0000,0.0000,-0.3036,-0.3077,-0.0801,-0.0850,1.000,0.03430
748467.8827,604,TRACKING,91.7,259.0,231.1,304.7,431.6,285.6,-18.15,-19.77,23.59,27.26,5.44,0.00,-17.90,-15.78,0.00,27.98,25.50,28.67,-98.35,-101.45,8.08,0.0000,0.0000,1.0773,1.0720,-0.4544,-0.4612,0.0000,0.0000,-0.3185,-0.3120,-0.1010,-0.0914,1.000,0.03430
748467.9163,605,TRACKING,90.2,259.2,231.7,313.2,427.7,285.0,-20.91,-19.77,29.08,27.26,8.18,0.00,-17.90,-15.78,0.00,21.50,24.10,27.27,-107.44,-103.55,5.98,0.0000,0.0000,1.0773,1.0720,-0.4544,-0.4612,0.0000,0.0000,-0.3030,-0.3084,-0.0747,-0.0847,1.000,0.03430
748467.9493,606,TRACKING,90.2,259.2,231.7,313.2,427.7,285.0,-20.91,-19.77,29.08,27.26,8.18,0.00,-17.90,-15.78,0.00,21.50,23.19,26.36,-107.44,-104.91,4.61,0.0000,0.0000,1.0773,1.0720,-0.4544,-0.4612,0.0000,0.0000,-0.2929,-0.3022,-0.0577,-0.0739,1.000,0.03430
748467.9827,607,TRACKING,85.3,258.9,222.9,314.5,428.8,285.6,-22.02,-20.26,30.02,27.87,8.00,0.00,-18.39,-16.39,0.00,22.12,23.19,26.36,-101.42,-103.69,5.84,0.0000,0.0000,1.0904,1.0793,-0.4487,-0.4562,0.0000,0.0000,-0.2929,-0.2984,-0.0730,-0.0739,1.000,0.03430
748468.0160,608,TRACKING,94.4,254.9,236.1,301.5,431.3,285.3,-18.23,-20.26,22.98,27.33,4.75,0.00,-18.39,-15.85,0.00,27.40,24.66,27.83,-105.66,-104.38,5.15,0.0000,0.0000,1.0904,1.0838,-0.4537,-0.4562,0.0000,0.0000,-0.3092,-0.3028,-0.0643,-0.0701,1.000,0.03430
748468.0493,609,TRACKING,87.5,255.6,228.6,300.0,431.2,286.1,-17.46,-19.74,21.39,26.20,3.92,0.00,-17.87,-14.72,0.00,27.97,25.82,28.99,-106.07,-104.97,4.56,0.0000,0.0000,1.0766,1.0838,-0.4641,-0.4562,0.0000,0.0000,-0.3221,-0.3105,-0.0569,-0.0648,1.000,0.03430
748468.0830,610,TRACKING,83.8,257.8,221.3,302.2,430.4,284.8,-17.89,-19.27,22.66,25.24,4.77,0.00,-17.40,-13.76,0.00,25.65,25.82,28.99,-109.53,-106.57,2.96,0.0000,0.0000,1.0639,1.0758,-0.4730,-0.4629,0.0000,0.0000,-0.3221,-0.3151,-0.0370,-0.0537,1.000,0.03430
748468.1162,611,TRACKING,99.8,260.5,236.9,304.4,428.8,285.9,-17.77,-19.27,23.26,24.58,5.49,0.00,-17.40,-13.10,0.00,25.44,25.82,28.99,-104.37,-105.80,3.73,0.0000,0.0000,1.0639,1.0711,-0.4791,-0.4694,0.0000,0.0000,-0.3221,-0.3151,-0.0466,-0.0537,1.000,0.03430
748468.1494,612,TRACKING,90.8,255.7,231.6,293.4,431.0,284.6,-14.99,-18.37,17.50,23.23,2.51,0.00,-16.50,-11.75,0.00,29.48,27.10,30.27,-106.50,-105.80,3.73,0.0000,0.0000,1.0400,1.0586,-0.4915,-0.4782,0.0000,0.0000,-0.3363,-0.3236,-0.0466,-0.0537,1.000,0.03430
748468.1827,613,TRACKING,90.8,255.7,231.6,293.4,431.0,284.6,-14.99,-17.52,17.50,21.84,2.51,0.00,-15.65,-10.36,0.00,29.48,27.94,31.10,-106.50,-105.80,3.73,0.0000,0.0000,1.0172,1.0421,-0.5043,-0.4887,0.0000,0.0000,-0.3456,-0.3324,-0.0466,-0.0537,1.000,0.03430
748468.2162,614,TRACKING,90.4,256.5,231.1,295.9,431.3,284.5,-15.64,-16.92,18.89,20.88,3.25,0.00,-15.05,-9.40,0.00,28.08,27.94,31.10,-108.88,-106.88,2.65,0.0000,0.0000,1.0012,1.0257,-0.5132,-0.4985,0.0000,0.0000,-0.3456,-0.3377,-0.0331,-0.0455,1.000,0.03430
748468.2500,615,TRACKING,89.6,261.1,228.3,314.4,428.8,284.8,-21.04,-17.36,29.46,21.91,8.41,0.00,-15.49,-10.43,0.00,21.91,25.83,28.99,-102.53,-105.35,4.18,0.0000,0.0000,1.0131,1.0207,-0.5038,-0.4985,0.0000,0.0000,-0.3221,-0.3315,-0.0522,-0.0455,1.000,0.03430
748468.2828,616,TRACKING,91.0,260.7,231.3,312.2,429.2,284.9,-20.17,-17.96,28.03,23.24,7.86,0.00,-16.09,-11.76,0.00,23.54,25.02,28.19,-98.30,-102.88,6.65,0.0000,0.0000,1.0292,1.0241,-0.4915,-0.4985,0.0000,0.0000,-0.3132,-0.3242,-0.0831,-0.0605,1.000,0.03430
748468.3164,617,TRACKING,90.3,258.6,230.4,309.1,430.0,283.2,-19.80,-18.47,27.18,24.34,7.38,0.00,-16.60,-12.86,0.00,22.92,24.29,27.46,-109.30,-105.13,4.40,0.0000,0.0000,1.0427,1.0315,-0.4813,-0.4916,0.0000,0.0000,-0.3051,-0.3165,-0.0550,-0.0605,1.000,0.03430
748468.3493,618,TRACKING,95.5,259.8,236.5,311.9,430.7,283.1,-20.28,-18.94,28.72,25.42,8.44,0.00,-17.07,-13.94,0.00,22.11,23.53,26.69,-115.05,-108.61,0.92,0.0000,0.0000,1.0551,1.0410,-0.4713,-0.4835,0.0000,0.0000,-0.2966,-0.3086,-0.0115,-0.0409,1.000,0.03430
748468.3830,619,TRACKING,90.2,259.5,227.7,302.2,432.7,283.9,-17.26,-18.94,22.35,25.42,5.10,0.00,-17.07,-13.94,0.00,28.22,25.17,28.34,-109.12,-108.61,0.92,0.0000,0.0000,1.0551,1.0466,-0.4713,-0.4786,0.0000,0.0000,-0.3148,-0.3086,-0.0115,-0.0291,1.000,0.03430
748468.4160,620,TRACKING,90.2,259.5,227.7,302.2,432.7,283.9,-17.26,-18.94,22.35,24.88,5.10,0.00,-17.07,-13.40,0.00,28.22,26.24,29.40,-109.12,-108.61,0.92,0.0000,0.0000,1.0551,1.0500,-0.4763,-0.4786,0.0000,0.0000,-0.3267,-0.3158,-0.0115,-0.0221,1.000,0.03430
748468.4496,621,TRACKING,84.9,258.4,225.4,309.8,427.2,283.1,-20.08,-18.94,27.60,24.88,7.52,0.00,-17.07,-13.40,0.00,22.70,25.00,28.17,-106.51,-107.87,1.66,0.0000,0.0000,1.0551,1.0500,-0.4763,-0.4786,0.0000,0.0000,-0.3130,-0.3158,-0.0207,-0.0221,1.000,0.03430
748468.4828,622,TRACKING,88.2,258.3,228.6,309.4,426.9,283.9,-19.97,-18.94,27.30,25.40,7.33,0.00,-17.07,-13.92,0.00,23.19,24.37,27.53,-101.97,-105.80,3.73,0.0000,0.0000,1.0551,1.0500,-0.4715,-0.4786,0.0000,0.0000,-0.3059,-0.3119,-0.0466,-0.0319,1.000,0.03430
748468.5175,623,TRACKING,90.3,257.7,229.2,305.9,429.6,284.1,-19.12,-18.94,25.33,25.40,6.21,0.00,-17.07,-13.92,0.00,25.26,24.37,27.53,-104.77,-105.80,3.73,0.0000,0.0000,1.0551,1.0500,-0.4715,-0.4786,0.0000,0.0000,-0.3059,-0.3119,-0.0466,-0.0378,1.000,0.03430
748468.5496,624,TRACKING,93.8,258.1,234.1,308.6,428.3,283.1,-19.80,-18.94,27.29,25.40,7.48,0.00,-17.07,-13.92,0.00,23.16,23.94,27.11,-107.64,-106.45,3.08,0.0000,0.0000,1.0551,1.0500,-0.4715,-0.4786,0.0000,0.0000,-0.3012,-0.3076,-0.0385,-0.0378,1.000,0.03430
748468.5831,625,TRACKING,89.2,258.5,228.2,307.0,427.8,283.3,-19.24,-18.94,26.02,25.40,6.78,0.00,-17.07,-13.92,0.00,24.33,23.94,27.11,-98.37,-103.62,5.91,0.0000,0.0000,1.0551,1.0500,-0.4715,-0.4786,0.0000,0.0000,-0.3012,-0.3076,-0.0739,-0.0522,1.000,0.03430
748468.6160,626,TRACKING,94.8,257.2,235.3,307.4,428.6,283.1,-19.66,-18.94,26.82,25.40,7.16,0.00,-17.07,-13.92,0.00,24.06,23.94,27.11,-101.18,-102.76,6.77,0.0000,0.0000,1.0551,1.0500,-0.4715,-0.4786,0.0000,0.0000,-0.3012,-0.3076,-0.0846,-0.0652,1.000,0.03430
748468.6495,627,TRACKING,94.8,257.2,235.3,307.4,428.6,283.1,-19.66,-18.94,26.82,25.84,7.16,0.00,-17.07,-14.36,0.00,24.06,23.94,27.11,-101.18,-102.21,7.32,0.0000,0.0000,1.0551,1.0500,-0.4675,-0.4742,0.0000,0.0000,-0.3012,-0.3076,-0.0915,-0.0757,1.000,0.03430
748468.6835,628,TRACKING,94.8,257.2,235.3,307.4,428.6,283.1,-19.66,-18.94,26.82,25.84,7.16,0.00,-17.07,-14.36,0.00,24.06,23.94,27.11,-101.18,-102.21,7.32,0.0000,0.0000,1.0551,1.0500,-0.4675,-0.4742,0.0000,0.0000,-0.3012,-0.3076,-0.0915,-0.0820,1.000,0.03430
748468.7160,629,TRACKING,94.8,257.2,235.3,307.4,428.6,283.1,-19.66,-18.94,26.82,25.84,7.16,0.00,-17.07,-14.36,0.00,24.06,23.94,27.11,-101.18,-102.21,7.32,0.0000,0.0000,1.0551,1.0500,-0.4675,-0.4742,0.0000,0.0000,-0.3012,-0.3076,-0.0915,-0.0858,1.000,0.03430
748468.7494,630,TRACKING,89.6,257.9,232.5,307.8,429.2,283.4,-19.25,-18.94,26.30,25.84,7.05,0.00,-17.07,-14.36,0.00,24.54,23.94,27.11,-107.76,-104.15,5.38,0.0000,0.0000,1.0551,1.0500,-0.4675,-0.4742,0.0000,0.0000,-0.3012,-0.3076,-0.0672,-0.0784,1.000,0.03430
748468.7828,631,TRACKING,89.6,257.9,232.5,307.8,429.2,283.4,-19.25,-18.94,26.30,25.84,7.05,0.00,-17.07,-14.36,0.00,24.54,23.94,27.11,-107.76,-105.41,4.11,0.0000,0.0000,1.0551,1.0500,-0.4675,-0.4742,0.0000,0.0000,-0.3012,-0.3076,-0.0514,-0.0676,1.000,0.03430
748468.8160,632,TRACKING,88.1,255.3,232.1,298.1,430.7,284.2,-16.56,-18.94,20.57,25.12,4.01,0.00,-17.07,-13.64,0.00,28.96,25.70,28.87,-105.85,-105.41,4.11,0.0000,0.0000,1.0551,1.0500,-0.4741,-0.4742,0.0000,0.0000,-0.3208,-0.3129,-0.0514,-0.0611,1.000,0.03430
748468.8493,633,TRACKING,88.1,255.3,232.1,298.1,430.7,284.2,-16.56,-18.40,20.57,24.15,4.01,0.00,-16.53,-12.67,0.00,28.96,26.84,30.01,-105.85,-105.41,4.11,0.0000,0.0000,1.0408,1.0463,-0.4831,-0.4777,0.0000,0.0000,-0.3335,-0.3211,-0.0514,-0.0572,1.000,0.03430
748468.8828,634,TRACKING,91.8,259.6,232.9,311.2,428.4,285.5,-20.09,-18.40,27.59,24.15,7.51,0.00,-16.53,-12.67,0.00,24.21,25.92,29.09,-106.96,-105.96,3.57,0.0000,0.0000,1.0408,1.0463,-0.4831,-0.4777,0.0000,0.0000,-0.3232,-0.3211,-0.0446,-0.0522,1.000,0.03430
748468.9163,635,TRACKING,91.8,259.6,232.9,311.2,428.4,285.5,-20.09,-18.40,27.59,24.80,7.51,0.00,-16.53,-13.32,0.00,24.21,25.32,28.49,-106.96,-105.96,3.57,0.0000,0.0000,1.0408,1.0463,-0.4771,-0.4777,0.0000,0.0000,-0.3165,-0.3211,-0.0446,-0.0522,1.000,0.03430
748468.9511,636,TRACKING,89.9,258.5,232.7,309.7,427.8,284.7,-19.71,-18.40,27.00,25.38,7.29,0.00,-16.53,-13.90,0.00,23.81,24.79,27.96,-98.66,-103.40,6.13,0.0000,0.0000,1.0408,1.0463,-0.4717,-0.4777,0.0000,0.0000,-0.3107,-0.3169,-0.0766,-0.0620,1.000,0.03430
748468.9827,637,TRACKING,89.9,258.5,232.7,309.7,427.8,284.7,-19.71,-18.40,27.00,25.84,7.29,0.00,-16.53,-14.36,0.00,23.81,24.79,27.96,-98.66,-101.74,7.79,0.0000,0.0000,1.0408,1.0463,-0.4674,-0.4736,0.0000,0.0000,-0.3107,-0.3169,-0.0974,-0.0761,1.000,0.03430
748469.0161,638,TRACKING,98.0,259.4,238.2,309.7,428.7,286.1,-19.72,-18.84,26.79,25.84,7.07,0.00,-16.97,-14.36,0.00,24.02,24.79,27.96,-106.06,-103.25,6.27,0.0000,0.0000,1.0524,1.0463,-0.4674,-0.4736,0.0000,0.0000,-0.3107,-0.3169,-0.0784,-0.0761,1.000,0.03430
748469.0498,639,TRACKING,99.0,258.3,239.4,311.2,428.9,286.6,-20.64,-19.28,28.05,26.36,7.40,0.00,-17.41,-14.88,0.00,23.92,24.79,27.96,-111.41,-106.11,3.42,0.0000,0.0000,1.0641,1.0535,-0.4626,-0.4692,0.0000,0.0000,-0.3107,-0.3169,-0.0427,-0.0627,1.000,0.03430
748469.0826,640,TRACKING,99.0,258.3,239.4,311.2,428.9,286.6,-20.64,-19.28,28.05,26.81,7.40,0.00,-17.41,-15.33,0.00,23.92,24.79,27.96,-111.41,-107.97,1.56,0.0000,0.0000,1.0641,1.0577,-0.4585,-0.4649,0.0000,0.0000,-0.3107,-0.3169,-0.0194,-0.0454,1.000,0.03430
748469.1162,641,TRACKING,92.5,256.2,232.0,296.3,431.3,284.9,-16.06,-19.28,19.35,25.80,3.29,0.00,-17.41,-14.32,0.00,29.57,26.47,29.63,-110.21,-108.76,0.77,0.0000,0.0000,1.0641,1.0577,-0.4678,-0.4649,0.0000,0.0000,-0.3292,-0.3219,-0.0097,-0.0311,1.000,0.03430
748469.1498,642,TRACKING,92.7,259.4,232.1,313.6,426.0,288.0,-21.26,-19.28,28.78,25.80,7.52,0.00,-17.41,-14.32,0.00,23.35,25.37,28.54,-108.28,-108.76,0.77,0.0000,0.0000,1.0641,1.0577,-0.4678,-0.4649,0.0000,0.0000,-0.3171,-0.3219,-0.0097,-0.0225,1.000,0.03430
748469.1827,643,TRACKING,92.7,259.4,232.1,313.6,426.0,288.0,-21.26,-19.28,28.78,26.33,7.52,0.00,-17.41,-14.85,0.00,23.35,24.67,27.83,-108.28,-108.76,0.77,0.0000,0.0000,1.0641,1.0577,-0.4629,-0.4649,0.0000,0.0000,-0.3093,-0.3168,-0.0097,-0.0174,1.000,0.03430
748469.2170,644,TRACKING,85.8,256.8,224.3,298.2,431.7,283.3,-16.65,-19.28,20.77,25.64,4.11,0.00,-17.41,-14.16,0.00,27.75,25.75,28.91,-106.85,-108.09,1.44,0.0000,0.0000,1.0641,1.0577,-0.4693,-0.4649,0.0000,0.0000,-0.3212,-0.3168,-0.0180,-0.0174,1.000,0.03430
748469.2493,645,TRACKING,85.8,256.8,224.3,298.2,431.7,283.3,-16.65,-18.76,20.77,24.62,4.11,0.00,-16.89,-13.14,0.00,27.75,26.45,29.61,-106.85,-107.65,1.87,0.0000,0.0000,1.0505,1.0577,-0.4787,-0.4704,0.0000,0.0000,-0.3290,-0.3217,-0.0234,-0.0174,1.000,0.03430
748469.2827,646,TRACKING,94.4,260.5,232.3,306.7,428.4,284.1,-18.52,-18.76,25.11,24.62,6.59,0.00,-16.89,-13.14,0.00,23.06,25.26,28.43,-104.75,-106.64,2.89,0.0000,0.0000,1.0505,1.0577,-0.4787,-0.4737,0.0000,0.0000,-0.3159,-0.3217,-0.0361,-0.0249,1.000,0.03430
748469.3163,647,TRACKING,85.8,256.4,224.1,301.7,430.3,283.7,-18.11,-18.76,23.11,24.62,4.99,0.00,-16.89,-13.14,0.00,26.27,25.26,28.43,-94.35,-102.34,7.19,0.0000,0.0000,1.0505,1.0577,-0.4787,-0.4737,0.0000,0.0000,-0.3159,-0.3217,-0.0899,-0.0509,1.000,0.03430
748469.3497,648,TRACKING,85.8,256.4,224.1,301.7,430.3,283.7,-18.11,-18.76,23.11,24.16,4.99,0.00,-16.89,-12.68,0.00,26.27,25.26,28.43,-94.35,-99.53,10.00,0.0000,0.0000,1.0505,1.0577,-0.4829,-0.4774,0.0000,0.0000,-0.3159,-0.3217,-0.1249,-0.0805,1.000,0.03430
748469.3830,649,TRACKING,86.7,257.2,227.0,301.0,430.1,281.6,-17.34,-18.76,22.80,24.16,5.46,0.00,-16.89,-12.68,0.00,24.60,25.26,28.43,-90.55,-96.38,13.15,0.0000,0.0000,1.0505,1.0577,-0.4829,-0.4774,0.0000,0.0000,-0.3159,-0.3217,-0.1644,-0.1140,1.000,0.03430
748469.4161,650,TRACKING,86.7,257.2,227.0,301.0,430.1,281.6,-17.34,-18.76,22.80,23.74,5.46,0.00,-16.89,-12.26,0.00,24.60,25.26,28.43,-90.55,-94.33,15.20,0.0000,0.0000,1.0505,1.0577,-0.4869,-0.4812,0.0000,0.0000,-0.3159,-0.3217,-0.1900,-0.1444,1.000,0.03430
748469.4499,651,TRACKING,91.4,256.8,232.6,299.9,428.2,280.8,-16.99,-18.26,22.56,23.74,5.57,0.00,-16.39,-12.26,0.00,23.66,24.70,27.87,-89.43,-92.61,16.92,0.0000,0.0000,1.0369,1.0494,-0.4869,-0.4812,0.0000,0.0000,-0.3097,-0.3169,-0.2115,-0.1712,1.000,0.03430
748469.4828,652,TRACKING,82.7,256.2,221.0,300.8,430.9,279.2,-17.90,-18.26,23.79,23.74,5.90,0.00,-16.39,-12.26,0.00,24.44,24.70,27.87,-90.47,-91.86,17.67,0.0000,0.0000,1.0369,1.0444,-0.4869,-0.4812,0.0000,0.0000,-0.3097,-0.3169,-0.2208,-0.1911,1.000,0.03430
748469.5160,653,TRACKING,82.7,256.2,221.0,300.8,430.9,279.2,-17.90,-18.26,23.79,23.74,5.90,0.00,-16.39,-12.26,0.00,24.44,24.70,27.87,-90.47,-91.37,18.15,0.0000,0.0000,1.0369,1.0444,-0.4869,-0.4812,0.0000,0.0000,-0.3097,-0.3169,-0.2269,-0.2054,1.000,0.03430
748469.5495,654,TRACKING,82.6,260.4,219.6,309.1,429.0,278.6,-19.59,-18.26,27.88,24.34,8.29,0.00,-16.39,-12.86,0.00,19.89,23.02,26.18,-97.97,-93.69,15.84,0.0000,0.0000,1.0369,1.0444,-0.4812,-0.4812,0.0000,0.0000,-0.2909,-0.3065,-0.1980,-0.2054,1.000,0.03430
748469.5826,655,TRACKING,82.6,260.4,219.6,309.1,429.0,278.6,-19.59,-18.26,27.88,25.12,8.29,0.00,-16.39,-13.64,0.00,19.89,21.92,25.09,-97.97,-95.19,14.34,0.0000,0.0000,1.0369,1.0444,-0.4741,-0.4812,0.0000,0.0000,-0.2788,-0.2954,-0.1792,-0.1949,1.000,0.03430
748469.6163,656,TRACKING,80.5,256.6,218.8,304.0,432.6,277.8,-18.95,-18.26,25.95,25.12,7.00,0.00,-16.39,-13.64,0.00,23.70,22.55,25.71,-92.78,-94.34,15.18,0.0000,0.0000,1.0369,1.0444,-0.4741,-0.4812,0.0000,0.0000,-0.2857,-0.2915,-0.1898,-0.1949,1.000,0.03430
748469.6493,657,TRACKING,80.5,256.6,218.8,304.0,432.6,277.8,-18.95,-18.26,25.95,25.12,7.00,0.00,-16.39,-13.64,0.00,23.70,22.55,25.71,-92.78,-93.80,15.73,0.0000,0.0000,1.0369,1.0444,-0.4741,-0.4812,0.0000,0.0000,-0.2857,-0.2915,-0.1967,-0.1949,1.000,0.03430
748469.6827,658,TRACKING,87.4,255.8,228.7,294.3,435.9,271.0,-15.24,-18.26,21.68,25.12,6.44,0.00,-16.39,-13.64,0.00,18.95,21.29,24.45,-96.65,-94.80,14.73,0.0000,0.0000,1.0369,1.0444,-0.4741,-0.4812,0.0000,0.0000,-0.2717,-0.2836,-0.1842,-0.1906,1.000,0.03430
748469.7161,659,TRACKING,79.8,255.5,218.0,297.7,434.3,271.2,-16.98,-18.26,23.97,25.12,6.99,0.00,-16.39,-13.64,0.00,18.46,20.30,23.47,-97.19,-95.63,13.89,0.0000,0.0000,1.0369,1.0444,-0.4741,-0.4812,0.0000,0.0000,-0.2607,-0.2745,-0.1737,-0.1839,1.000,0.03430
748469.7495,660,TRACKING,79.8,255.5,218.0,297.7,434.3,271.2,-16.98,-18.26,23.97,25.12,6.99,0.00,-16.39,-13.64,0.00,18.46,19.66,22.82,-97.19,-96.18,13.35,0.0000,0.0000,1.0369,1.0444,-0.4741,-0.4812,0.0000,0.0000,-0.2536,-0.2661,-0.1669,-0.1771,1.000,0.03430
748469.7828,661,TRACKING,82.2,255.9,221.4,296.4,436.8,268.3,-16.22,-17.71,23.67,24.68,7.45,0.00,-15.84,-13.20,0.00,10.04,16.29,19.46,-96.95,-96.18,13.35,0.0000,0.0000,1.0223,1.0356,-0.4782,-0.4812,0.0000,0.0000,-0.2162,-0.2461,-0.1669,-0.1730,1.000,0.03430
748469.8161,662,TRACKING,82.2,255.9,221.4,296.4,436.8,268.3,-16.22,-17.28,23.67,24.68,7.45,0.00,-15.41,-13.20,0.00,10.04,14.10,17.27,-96.95,-96.18,13.35,0.0000,0.0000,1.0109,1.0257,-0.4782,-0.4812,0.0000,0.0000,-0.1918,-0.2244,-0.1669,-0.1730,1.000,0.03430
748469.8493,663,TRACKING,85.2,255.9,221.1,292.6,432.4,265.1,-15.10,-16.78,22.51,24.17,7.41,0.00,-14.91,-12.69,0.00,-2.39,8.33,11.50,-98.29,-96.92,12.61,0.0000,0.0000,0.9977,1.0145,-0.4829,-0.4812,0.0000,0.0000,-0.1277,-0.1857,-0.1576,-0.1668,1.000,0.03430
748469.8832,664,TRACKING,83.0,256.6,217.8,307.2,433.5,267.1,-20.57,-17.21,31.11,25.09,10.54,0.00,-15.34,-13.61,0.00,-11.40,1.40,4.56,-102.38,-98.83,10.70,0.0000,0.0000,1.0090,1.0145,-0.4744,-0.4812,0.0000,0.0000,-0.0507,-0.1317,-0.1337,-0.1536,1.000,0.03430
748469.9162,665,TRACKING,83.0,256.6,217.8,307.2,433.5,267.1,-20.57,-17.89,31.11,26.37,10.54,0.00,-16.02,-14.89,0.00,-11.40,-3.14,0.03,-102.38,-100.08,9.45,0.0000,0.0000,1.0271,1.0196,-0.4626,-0.4738,0.0000,0.0000,-0.0003,-0.0792,-0.1182,-0.1394,1.000,0.03430
748469.9510,666,TRACKING,88.1,254.6,223.8,292.5,434.2,265.6,-15.60,-17.89,22.89,26.37,7.29,0.00,-16.02,-14.89,0.00,-12.13,-6.32,-3.15,-102.57,-100.95,8.58,0.0000,0.0000,1.0271,1.0196,-0.4626,-0.4693,0.0000,0.0000,0.0350,-0.0335,-0.1072,-0.1265,1.000,0.03430
748469.9827,667,TRACKING,88.1,255.1,227.1,293.8,434.0,268.1,-15.54,-17.46,22.61,25.73,7.07,0.00,-15.58,-14.25,0.00,-12.88,-8.64,-5.47,-100.64,-100.95,8.58,0.0000,0.0000,1.0156,1.0196,-0.4684,-0.4693,0.0000,0.0000,0.0608,0.0042,-0.1072,-0.1188,1.000,0.03430
748470.0162,668,TRACKING,88.1,255.1,227.1,293.8,434.0,268.1,-15.54,-17.00,22.61,25.02,7.07,0.00,-15.13,-13.54,0.00,-12.88,-10.13,-6.97,-100.64,-100.95,8.58,0.0000,0.0000,1.0034,1.0131,-0.4751,-0.4693,0.0000,0.0000,0.0774,0.0335,-0.1072,-0.1142,1.000,0.03430
748470.0493,669,TRACKING,81.3,255.3,218.5,296.6,434.0,268.5,-16.76,-17.00,24.19,25.02,7.43,0.00,-15.13,-13.54,0.00,-12.77,-11.06,-7.89,-100.72,-100.95,8.58,0.0000,0.0000,1.0034,1.0092,-0.4751,-0.4693,0.0000,0.0000,0.0877,0.0552,-0.1072,-0.1142,1.000,0.03430
748470.0845,670,TRACKING,87.0,254.8,224.3,294.6,433.5,270.2,-16.19,-17.00,22.84,24.46,6.65,0.00,-15.13,-12.98,0.00,-12.34,-11.51,-8.35,-101.81,-100.95,8.58,0.0000,0.0000,1.0034,1.0092,-0.4802,-0.4736,0.0000,0.0000,0.0927,0.0702,-0.1072,-0.1142,1.000,0.03430
748470.1177,671,TRACKING,86.0,256.5,224.7,303.2,430.8,272.7,-18.61,-17.00,27.03,24.46,8.42,0.00,-15.13,-12.98,0.00,-13.54,-12.22,-9.06,-102.30,-101.42,8.10,0.0000,0.0000,1.0034,1.0092,-0.4802,-0.4736,0.0000,0.0000,0.1006,0.0824,-0.1013,-0.1090,1.000,0.03430
748470.1493,672,TRACKING,86.0,256.5,224.7,303.2,430.8,272.7,-18.61,-17.00,27.03,24.98,8.42,0.00,-15.13,-13.50,0.00,-13.54,-12.69,-9.52,-102.30,-101.42,8.10,0.0000,0.0000,1.0034,1.0092,-0.4754,-0.4736,0.0000,0.0000,0.1058,0.0917,-0.1013,-0.1090,1.000,0.03430
748470.1827,673,TRACKING,90.2,255.7,231.6,303.4,431.0,270.9,-18.63,-17.44,27.88,25.62,9.25,0.00,-15.57,-14.14,0.00,-15.41,-13.64,-10.47,-103.15,-102.03,7.50,0.0000,0.0000,1.0151,1.0092,-0.4695,-0.4736,0.0000,0.0000,0.1164,0.1016,-0.0937,-0.1029,1.000,0.03430
748470.2161,674,TRACKING,79.2,254.5,217.2,303.6,432.7,270.9,-19.57,-17.93,28.19,26.26,8.62,0.00,-16.06,-14.78,0.00,-14.82,-13.64,-10.47,-102.11,-102.03,7.50,0.0000,0.0000,1.0282,1.0168,-0.4636,-0.4696,0.0000,0.0000,0.1164,0.1075,-0.0937,-0.0992,1.000,0.03430
748470.2500,675,TRACKING,83.4,255.7,224.0,303.5,432.6,270.4,-18.78,-17.93,27.82,26.73,9.03,0.00,-16.06,-15.25,0.00,-14.89,-14.08,-10.91,-102.69,-102.03,7.50,0.0000,0.0000,1.0282,1.0214,-0.4593,-0.4655,0.0000,0.0000,0.1212,0.1130,-0.0937,-0.0992,1.000,0.03430
748470.2827,676,TRACKING,85.3,256.0,227.7,305.4,433.6,271.2,-19.14,-17.93,28.54,27.18,9.41,0.00,-16.06,-15.70,0.00,-15.68,-14.64,-11.47,-102.31,-102.03,7.50,0.0000,0.0000,1.0282,1.0214,-0.4551,-0.4613,0.0000,0.0000,0.1275,0.1188,-0.0937,-0.0992,1.000,0.03430
748470.3160,677,TRACKING,85.3,256.0,227.7,305.4,433.6,271.2,-19.14,-17.93,28.54,27.18,9.41,0.00,-16.06,-15.70,0.00,-15.68,-14.64,-11.47,-102.31,-102.03,7.50,0.0000,0.0000,1.0282,1.0214,-0.4551,-0.4613,0.0000,0.0000,0.1275,0.1223,-0.0937,-0.0992,1.000,0.03430
748470.3496,678,TRACKING,81.5,256.9,222.3,305.0,432.8,270.5,-18.85,-17.93,28.16,27.18,9.31,0.00,-16.06,-15.70,0.00,-14.22,-14.64,-11.47,-102.74,-102.03,7.50,0.0000,0.0000,1.0282,1.0214,-0.4551,-0.4613,0.0000,0.0000,0.1275,0.1223,-0.0937,-0.0992,1.000,0.03430
748470.3828,679,TRACKING,80.0,257.1,219.9,313.1,432.4,271.2,-21.83,-18.74,33.00,28.30,11.17,0.00,-16.87,-16.82,0.00,-16.01,-15.12,-11.95,-102.86,-102.03,7.50,0.0000,0.0000,1.0499,1.0328,-0.4447,-0.4547,0.0000,0.0000,0.1328,0.1265,-0.0937,-0.0992,1.000,0.03430
748470.4166,680,TRACKING,80.7,254.6,220.4,304.7,432.2,270.2,-19.70,-19.19,28.94,28.81,9.24,0.00,-17.32,-17.33,0.00,-15.36,-15.12,-11.95,-101.43,-102.03,7.50,0.0000,0.0000,1.0617,1.0444,-0.4401,-0.4488,0.0000,0.0000,0.1328,0.1265,-0.0937,-0.0992,1.000,0.03430
748470.4493,681,TRACKING,80.7,254.6,220.4,304.7,432.2,270.2,-19.70,-19.19,28.94,28.81,9.24,0.00,-17.32,-17.33,0.00,-15.36,-15.12,-11.95,-101.43,-102.03,7.50,0.0000,0.0000,1.0617,1.0513,-0.4401,-0.4453,0.0000,0.0000,0.1328,0.1265,-0.0937,-0.0992,1.000,0.03430
748470.4827,682,TRACKING,83.0,255.9,224.1,306.6,433.3,270.5,-19.74,-19.19,29.53,28.81,9.79,0.00,-17.32,-17.33,0.00,-15.01,-15.12,-11.95,-102.88,-102.03,7.50,0.0000,0.0000,1.0617,1.0555,-0.4401,-0.4453,0.0000,0.0000,0.1328,0.1265,-0.0937,-0.0992,1.000,0.03430
748470.5169,683,TRACKING,86.7,256.7,227.3,305.6,433.3,270.9,-19.17,-19.19,28.74,28.81,9.56,0.00,-17.32,-17.33,0.00,-14.99,-15.12,-11.95,-101.93,-102.03,7.50,0.0000,0.0000,1.0617,1.0555,-0.4401,-0.4453,0.0000,0.0000,0.1328,0.1265,-0.0937,-0.0992,1.000,0.03430
748470.5495,684,TRACKING,88.7,256.1,228.1,310.0,432.6,272.0,-21.14,-19.19,31.67,29.32,10.53,0.00,-17.32,-17.84,0.00,-15.17,-15.12,-11.95,-102.57,-102.03,7.50,0.0000,0.0000,1.0617,1.0555,-0.4353,-0.4413,0.0000,0.0000,0.1328,0.1265,-0.0937,-0.0992,1.000,0.03430
748470.5826,685,TRACKING,88.7,256.1,228.1,310.0,432.6,272.0,-21.14,-19.70,31.67,29.87,10.53,0.00,-17.83,-18.39,0.00,-15.17,-15.12,-11.95,-102.57,-102.03,7.50,0.0000,0.0000,1.0754,1.0635,-0.4302,-0.4369,0.0000,0.0000,0.1328,0.1265,-0.0937,-0.0992,1.000,0.03430
748470.6160,686,TRACKING,84.9,256.1,225.3,304.6,433.1,271.2,-19.07,-19.70,28.19,29.87,9.12,0.00,-17.83,-18.39,0.00,-15.13,-15.12,-11.95,-101.78,-102.03,7.50,0.0000,0.0000,1.0754,1.0682,-0.4302,-0.4369,0.0000,0.0000,0.1328,0.1265,-0.0937,-0.0992,1.000,0.03430
748470.6493,687,TRACKING,83.8,254.0,224.5,303.8,433.7,271.8,-19.49,-19.70,28.17,29.87,8.68,0.00,-17.83,-18.39,0.00,-13.45,-14.54,-11.37,-101.85,-102.03,7.50,0.0000,0.0000,1.0754,1.0682,-0.4302,-0.4369,0.0000,0.0000,0.1263,0.1265,-0.0937,-0.0992,1.000,0.03430
748470.6827,688,TRACKING,84.1,256.1,222.4,313.1,432.9,272.4,-22.37,-20.13,33.31,29.87,10.94,0.00,-18.26,-18.39,0.00,-15.98,-15.04,-11.87,-102.02,-102.03,7.50,0.0000,0.0000,1.0868,1.0757,-0.4302,-0.4369,0.0000,0.0000,0.1319,0.1265,-0.0937,-0.0992,1.000,0.03430
748470.7163,689,TRACKING,79.9,257.2,218.0,312.9,434.1,271.9,-21.95,-20.57,32.69,30.52,10.74,0.00,-18.70,-19.04,0.00,-14.92,-15.04,-11.87,-101.76,-102.03,7.50,0.0000,0.0000,1.0986,1.0848,-0.4242,-0.4318,0.0000,0.0000,0.1319,0.1265,-0.0937,-0.0992,1.000,0.03430
748470.7493,690,TRACKING,79.9,257.2,218.0,312.9,434.1,271.9,-21.95,-20.57,32.69,31.10,10.74,0.00,-18.70,-19.62,0.00,-14.92,-15.04,-11.87,-101.76,-102.03,7.50,0.0000,0.0000,1.0986,1.0903,-0.4189,-0.4267,0.0000,0.0000,0.1319,0.1265,-0.0937,-0.0992,1.000,0.03430
748470.7827,691,TRACKING,84.6,255.9,220.5,311.4,433.7,270.7,-22.22,-21.03,33.03,31.61,10.81,0.00,-19.16,-20.13,0.00,-15.16,-15.04,-11.87,-102.66,-102.03,7.50,0.0000,0.0000,1.1110,1.0986,-0.4142,-0.4217,0.0000,0.0000,0.1319,0.1265,-0.0937,-0.0992,1.000,0.03430
748470.8166,692,TRACKING,84.2,255.5,222.2,298.1,433.9,269.9,-17.18,-20.60,24.78,30.73,7.60,0.00,-18.73,-19.25,0.00,-12.65,-14.20,-11.04,-102.33,-102.03,7.50,0.0000,0.0000,1.0995,1.0986,-0.4223,-0.4217,0.0000,0.0000,0.1226,0.1265,-0.0937,-0.0992,1.000,0.03430
748470.8498,693,TRACKING,79.4,258.5,216.0,315.9,431.9,271.4,-22.77,-20.60,34.41,30.73,11.64,0.00,-18.73,-19.25,0.00,-14.26,-14.20,-11.04,-102.20,-102.03,7.50,0.0000,0.0000,1.0995,1.0986,-0.4223,-0.4217,0.0000,0.0000,0.1226,0.1265,-0.0937,-0.0992,1.000,0.03430
748470.8827,694,TRACKING,79.4,258.5,216.0,315.9,431.9,271.4,-22.77,-21.05,34.41,31.46,11.64,0.00,-19.18,-19.98,0.00,-14.26,-14.20,-11.04,-102.20,-102.03,7.50,0.0000,0.0000,1.1115,1.1037,-0.4155,-0.4217,0.0000,0.0000,0.1226,0.1265,-0.0937,-0.0992,1.000,0.03430
748470.9160,695,TRACKING,85.8,257.3,221.7,311.8,433.0,269.9,-21.88,-21.05,33.08,31.98,11.21,0.00,-19.18,-20.50,0.00,-15.05,-14.20,-11.04,-101.43,-102.03,7.50,0.0000,0.0000,1.1115,1.1037,-0.4108,-0.4173,0.0000,0.0000,0.1226,0.1265,-0.0937,-0.0992,1.000,0.03430
748470.9493,696,TRACKING,85.3,258.0,222.5,311.1,433.5,270.0,-21.18,-21.05,32.20,31.98,11.02,0.00,-19.18,-20.50,0.00,-14.48,-14.20,-11.04,-101.76,-102.03,7.50,0.0000,0.0000,1.1115,1.1037,-0.4108,-0.4173,0.0000,0.0000,0.1226,0.1265,-0.0937,-0.0992,1.000,0.03430
748470.9829,697,TRACKING,88.0,254.8,228.3,295.3,435.6,270.2,-16.09,-20.37,23.00,30.70,6.90,0.00,-18.50,-19.22,0.00,-10.40,-12.87,-9.70,-100.94,-102.03,7.50,0.0000,0.0000,1.0934,1.0996,-0.4226,-0.4173,0.0000,0.0000,0.1078,0.1190,-0.0937,-0.0992,1.000,0.03430
748471.0169,698,TRACKING,82.9,255.9,220.0,295.2,433.4,269.5,-16.00,-19.45,22.87,29.02,6.88,0.00,-17.58,-17.54,0.00,-9.38,-11.65,-8.48,-101.45,-102.03,7.50,0.0000,0.0000,1.0687,1.0872,-0.4381,-0.4256,0.0000,0.0000,0.0942,0.1091,-0.0937,-0.0992,1.000,0.03430
748471.0493,699,TRACKING,82.9,255.9,220.0,295.2,433.4,269.5,-16.00,-18.57,22.87,27.45,6.88,0.00,-16.70,-15.97,0.00,-9.38,-10.85,-7.69,-101.45,-102.03,7.50,0.0000,0.0000,1.0454,1.0705,-0.4526,-0.4364,0.0000,0.0000,0.0854,0.0996,-0.0937,-0.0992,1.000,0.03430
748471.0827,700,TRACKING,83.7,254.5,222.0,292.4,433.0,268.9,-15.31,-17.75,21.65,25.97,6.34,0.00,-15.88,-14.49,0.00,-9.52,-10.39,-7.22,-101.67,-102.03,7.50,0.0000,0.0000,1.0234,1.0517,-0.4662,-0.4483,0.0000,0.0000,0.0802,0.0919,-0.0937,-0.0992,1.000,0.03430
748471.1161,701,TRACKING,86.1,255.7,224.5,293.4,432.9,268.7,-15.23,-17.06,22.00,24.82,6.76,0.00,-15.19,-13.34,0.00,-9.20,-10.39,-7.22,-101.94,-102.03,7.50,0.0000,0.0000,1.0050,1.0330,-0.4769,-0.4597,0.0000,0.0000,0.0802,0.0872,-0.0937,-0.0992,1.000,0.03430
748471.1495,702,TRACKING,78.4,256.2,214.8,294.9,433.3,268.4,-15.84,-16.62,22.75,24.08,6.91,0.00,-14.75,-12.60,0.00,-9.58,-10.39,-7.22,-101.95,-102.03,7.50,0.0000,0.0000,0.9933,1.0171,-0.4837,-0.4693,0.0000,0.0000,0.0802,0.0872,-0.0937,-0.0992,1.000,0.03430
748471.1831,703,TRACKING,78.8,256.0,214.2,296.0,432.2,268.2,-16.44,-16.62,23.70,24.08,7.25,0.00,-14.75,-12.60,0.00,-9.28,-10.39,-7.22,-102.54,-102.03,7.50,0.0000,0.0000,0.9933,1.0076,-0.4837,-0.4751,0.0000,0.0000,0.0802,0.0872,-0.0937,-0.0992,1.000,0.03430
748471.2163,704,TRACKING,83.0,257.2,220.9,294.7,431.8,268.6,-15.20,-16.62,22.24,23.61,7.05,0.00,-14.75,-12.13,0.00,-8.98,-9.89,-6.72,-102.92,-102.03,7.50,0.0000,0.0000,0.9933,1.0019,-0.4880,-0.4802,0.0000,0.0000,0.0747,0.0822,-0.0937,-0.0992,1.000,0.03430
748471.2499,705,TRACKING,74.8,258.6,205.9,303.2,431.4,268.3,-18.80,-16.62,27.61,24.08,8.81,0.00,-14.75,-12.60,0.00,-9.82,-9.89,-6.72,-103.62,-102.59,6.94,0.0000,0.0000,0.9933,0.9984,-0.4837,-0.4802,0.0000,0.0000,0.0747,0.0822,-0.0868,-0.0943,1.000,0.03430
748471.2827,706,TRACKING,74.8,258.6,205.9,303.2,431.4,268.3,-18.80,-17.05,27.61,24.80,8.81,0.00,-15.18,-13.32,0.00,-9.82,-9.89,-6.72,-103.62,-102.59,6.94,0.0000,0.0000,1.0047,0.9984,-0.4771,-0.4802,0.0000,0.0000,0.0747,0.0822,-0.0868,-0.0943,1.000,0.03430
748471.3160,707,TRACKING,81.2,254.5,217.0,293.6,431.1,268.3,-16.09,-17.05,22.86,24.80,6.76,0.00,-15.18,-13.32,0.00,-6.85,-8.83,-5.66,-102.22,-102.59,6.94,0.0000,0.0000,1.0047,0.9984,-0.4771,-0.4802,0.0000,0.0000,0.0629,0.0745,-0.0868,-0.0943,1.000,0.03430
748471.3495,708,TRACKING,82.5,255.6,222.2,293.4,430.1,269.0,-15.13,-17.05,21.82,24.30,6.69,0.00,-15.18,-12.82,0.00,-2.96,-6.77,-3.61,-101.01,-102.04,7.49,0.0000,0.0000,1.0047,0.9984,-0.4816,-0.4802,0.0000,0.0000,0.0401,0.0607,-0.0937,-0.0943,1.000,0.03430
748471.3827,709,TRACKING,82.5,255.6,222.2,293.4,430.1,269.0,-15.13,-16.57,21.82,23.74,6.69,0.00,-14.70,-12.26,0.00,-2.96,-5.44,-2.27,-101.01,-102.04,7.49,0.0000,0.0000,0.9921,0.9984,-0.4869,-0.4802,0.0000,0.0000,0.0252,0.0465,-0.0937,-0.0943,1.000,0.03430
748471.4161,710,TRACKING,82.3,255.6,225.6,299.9,429.7,269.0,-17.16,-16.57,25.77,23.74,8.61,0.00,-14.70,-12.26,0.00,1.84,-2.89,0.28,-98.04,-100.64,8.89,0.0000,0.0000,0.9921,0.9984,-0.4869,-0.4802,0.0000,0.0000,-0.0031,0.0267,-0.1111,-0.1010,1.000,0.03430
748471.4502,711,TRACKING,82.9,261.3,219.1,316.4,426.3,274.7,-22.02,-17.40,33.41,25.33,11.39,0.00,-15.52,-13.85,0.00,15.60,3.57,6.74,-92.54,-97.80,11.73,0.0000,0.0000,1.0140,1.0046,-0.4722,-0.4770,0.0000,0.0000,-0.0749,-0.0139,-0.1466,-0.1192,1.000,0.03430
748471.4827,712,TRACKING,82.9,261.3,219.1,316.4,426.3,274.7,-22.02,-18.42,33.41,27.17,11.39,0.00,-16.55,-15.69,0.00,15.60,7.81,10.98,-92.54,-95.96,13.57,0.0000,0.0000,1.0413,1.0193,-0.4551,-0.4683,0.0000,0.0000,-0.1220,-0.0572,-0.1696,-0.1394,1.000,0.03430
748471.5179,713,TRACKING,82.9,261.3,219.1,316.4,426.3,274.7,-22.02,-19.35,33.41,28.82,11.39,0.00,-17.48,-17.34,0.00,15.60,10.56,13.73,-92.54,-94.76,14.77,0.0000,0.0000,1.0662,1.0380,-0.4400,-0.4569,0.0000,0.0000,-0.1526,-0.0953,-0.1846,-0.1575,1.000,0.03430
748471.5494,714,TRACKING,74.1,265.1,204.0,315.8,426.5,278.5,-21.31,-19.99,30.82,29.71,9.51,0.00,-18.12,-18.23,0.00,23.32,15.05,18.22,-89.94,-93.07,16.46,0.0000,0.0000,1.0833,1.0561,-0.4317,-0.4468,0.0000,0.0000,-0.2025,-0.1382,-0.2057,-0.1768,1.000,0.03430
748471.5828,715,TRACKING,74.1,265.1,204.0,315.8,426.5,278.5,-21.31,-20.43,30.82,30.20,9.51,0.00,-18.56,-18.72,0.00,23.32,17.97,21.14,-89.94,-91.97,17.56,0.0000,0.0000,1.0949,1.0716,-0.4272,-0.4390,0.0000,0.0000,-0.2349,-0.1769,-0.2194,-0.1938,1.000,0.03430
748471.6160,716,TRACKING,74.1,265.1,204.0,315.8,426.5,278.5,-21.31,-20.43,30.82,30.20,9.51,0.00,-18.56,-18.72,0.00,23.32,19.86,23.02,-89.94,-91.26,18.27,0.0000,0.0000,1.0949,1.0809,-0.4272,-0.4343,0.0000,0.0000,-0.2558,-0.2084,-0.2284,-0.2076,1.000,0.03430
748471.6507,717,TRACKING,76.3,260.2,215.1,302.6,427.7,284.6,-17.02,-20.43,21.87,29.05,4.85,0.00,-18.56,-17.57,0.00,33.62,24.69,27.86,-90.36,-91.26,18.27,0.0000,0.0000,1.0949,1.0865,-0.4378,-0.4343,0.0000,0.0000,-0.3095,-0.2489,-0.2284,-0.2159,1.000,0.03430
748471.6826,718,TRACKING,76.3,260.2,215.1,302.6,427.7,284.6,-17.02,-19.68,21.87,27.51,4.85,0.00,-17.81,-16.03,0.00,33.62,27.84,31.00,-90.36,-91.26,18.27,0.0000,0.0000,1.0748,1.0818,-0.4521,-0.4414,0.0000,0.0000,-0.3445,-0.2871,-0.2284,-0.2209,1.000,0.03430
748471.7167,719,TRACKING,90.0,261.7,227.0,319.4,424.1,291.3,-22.85,-19.68,30.94,27.51,8.09,0.00,-17.81,-16.03,0.00,29.77,28.52,31.69,-96.22,-93.00,16.53,0.0000,0.0000,1.0748,1.0818,-0.4521,-0.4457,0.0000,0.0000,-0.3521,-0.3131,-0.2067,-0.2152,1.000,0.03430
748471.7497,720,TRACKING,90.0,261.7,227.0,319.4,424.1,291.3,-22.85,-20.32,30.94,28.04,8.09,0.00,-18.44,-16.56,0.00,29.77,28.96,32.13,-96.22,-94.12,15.40,0.0000,0.0000,1.0919,1.0858,-0.4471,-0.4457,0.0000,0.0000,-0.3569,-0.3306,-0.1925,-0.2061,1.000,0.03430
748471.7830,721,TRACKING,92.0,259.4,228.0,314.5,426.4,295.5,-22.05,-20.82,27.51,28.04,5.46,0.00,-18.95,-16.56,0.00,35.09,31.11,34.28,-92.03,-93.39,16.14,0.0000,0.0000,1.1052,1.0936,-0.4471,-0.4457,0.0000,0.0000,-0.3809,-0.3507,-0.2017,-0.2061,1.000,0.03430
748471.8160,722,TRACKING,92.0,259.4,228.0,314.5,426.4,295.5,-22.05,-20.82,27.51,28.04,5.46,0.00,-18.95,-16.56,0.00,35.09,32.51,35.68,-92.03,-92.91,16.62,0.0000,0.0000,1.1052,1.0983,-0.4471,-0.4457,0.0000,0.0000,-0.3964,-0.3690,-0.2077,-0.2061,1.000,0.03430
748471.8494,723,TRACKING,84.8,260.8,222.2,318.1,430.4,300.5,-22.65,-21.31,27.49,28.04,4.84,0.00,0.00,0.00,0.00,0.00,32.51,0.00,0.00,-92.91,0.00,0.0000,0.0000,0.0000,1.0983,0.0000,-0.4457,0.0000,0.0000,0.0000,-0.3690,0.0000,-0.2061,1.000,0.03430
748471.8828,724,TRACKING,84.8,260.8,222.2,318.1,430.4,300.5,-22.65,-21.31,27.49,28.04,4.84,0.00,0.00,0.00,0.00,0.00,32.51,0.00,0.00,-92.91,0.00,0.0000,0.0000,0.0000,1.0983,0.0000,-0.4457,0.0000,0.0000,0.0000,-0.3690,0.0000,-0.2061,1.000,0.03430
748471.9160,725,TRACKING,82.9,260.3,224.7,307.1,431.8,299.8,-18.27,-21.31,20.31,26.74,2.04,0.00,-19.44,-15.26,0.00,25.66,30.11,33.27,118.79,-120.52,-10.99,0.0000,0.0000,1.1184,1.1063,-0.4591,-0.4510,0.0000,0.0000,-0.3697,-0.3690,0.1374,-0.0687,1.000,0.03430
748471.9495,726,TRACKING,83.8,256.9,226.8,300.1,435.0,301.9,-16.81,-20.45,16.31,24.63,-0.50,0.00,-18.58,-13.15,0.00,27.67,29.25,32.42,122.05,166.78,-83.69,0.0000,0.0000,1.0955,1.1020,-0.4786,-0.4621,0.0000,0.0000,-0.3602,-0.3655,1.0461,0.3772,1.000,0.03430
748471.9827,727,TRACKING,83.8,256.9,226.8,300.1,435.0,301.9,-16.81,-19.57,16.31,22.56,-0.50,0.00,-17.70,-11.08,0.00,27.67,28.70,31.86,122.05,138.62,-111.85,0.0000,0.0000,1.0720,1.0900,-0.4977,-0.4763,0.0000,0.0000,-0.3540,-0.3609,1.3981,0.7856,1.000,0.03430
748472.0170,728,TRACKING,91.9,258.4,231.7,313.5,426.1,300.3,-21.52,-19.57,25.41,22.56,3.88,0.00,-17.70,-11.08,0.00,22.77,26.62,29.79,133.25,135.89,-114.58,0.0000,0.0000,1.0720,1.0828,-0.4977,-0.4849,0.0000,0.0000,-0.3310,-0.3489,1.4322,1.0442,1.000,0.03430
748472.0493,729,TRACKING,91.9,258.4,231.7,313.5,426.1,300.3,-21.52,-19.57,25.41,22.56,3.88,0.00,-17.70,-11.08,0.00,22.77,25.27,28.44,133.25,134.73,-115.74,0.0000,0.0000,1.0720,1.0785,-0.4977,-0.4900,0.0000,0.0000,-0.3160,-0.3357,1.4468,1.2052,1.000,0.03430
748472.0832,730,TRACKING,87.7,258.3,226.5,313.6,433.2,299.9,-21.71,-20.08,25.50,23.18,3.79,0.00,-18.21,-11.70,0.00,24.19,25.27,28.44,118.34,128.13,-122.34,0.0000,0.0000,1.0855,1.0785,-0.4920,-0.4900,0.0000,0.0000,-0.3160,-0.3278,1.5000,1.3231,1.000,0.03430
748472.1165,731,TRACKING,89.2,257.1,228.8,301.2,436.1,302.3,-17.54,-20.08,17.22,22.46,-0.31,0.00,-18.21,-10.98,0.00,32.90,27.94,31.11,137.44,131.71,-118.76,0.0000,0.0000,1.0855,1.0785,-0.4986,-0.4935,0.0000,0.0000,-0.3457,-0.3350,1.4845,1.3877,1.000,0.03430
748472.1494,732,TRACKING,89.2,257.1,228.8,301.2,436.1,302.3,-17.54,-19.56,17.22,21.38,-0.31,0.00,-17.69,-9.90,0.00,32.90,29.68,32.85,137.44,133.85,-116.62,0.0000,0.0000,1.0717,1.0785,-0.5086,-0.4995,0.0000,0.0000,-0.3650,-0.3470,1.4578,1.4157,1.000,0.03430
748472.1835,733,TRACKING,88.4,255.3,228.5,302.3,430.6,302.0,-18.54,-19.56,18.61,20.56,0.08,0.00,-17.69,-9.08,0.00,34.68,31.43,34.60,138.55,135.56,-114.91,0.0000,0.0000,1.0717,1.0785,-0.5162,-0.5062,0.0000,0.0000,-0.3844,-0.3620,1.4364,1.4240,1.000,0.03430
748472.2160,734,TRACKING,88.4,255.3,228.5,302.3,430.6,302.0,-18.54,-19.56,18.61,19.96,0.08,0.00,-17.69,-8.48,0.00,34.68,32.57,35.74,138.55,136.64,-113.84,0.0000,0.0000,1.0717,1.0785,-0.5218,-0.5124,0.0000,0.0000,-0.3971,-0.3760,1.4230,1.4240,1.000,0.03430
748472.2494,735,TRACKING,87.3,256.4,228.0,304.0,432.9,303.6,-18.69,-19.56,18.79,19.96,0.11,0.00,0.00,0.00,0.00,0.00,32.57,0.00,0.00,136.64,0.00,0.0000,0.0000,0.0000,1.0785,0.0000,-0.5124,0.0000,0.0000,0.0000,-0.3760,0.0000,1.4240,1.000,0.03430
748472.2827,736,TRACKING,92.4,256.6,230.4,307.3,431.2,302.8,-20.20,-19.56,21.48,19.96,1.28,0.00,0.00,0.00,0.00,0.00,32.57,0.00,0.00,136.64,0.00,0.0000,0.0000,0.0000,1.0785,0.0000,-0.5124,0.0000,0.0000,0.0000,-0.3760,0.0000,1.4240,1.000,0.03430
748472.3160,737,TRACKING,92.4,256.6,230.4,307.3,431.2,302.8,-20.20,-19.56,21.48,19.96,1.28,0.00,0.00,0.00,0.00,0.00,32.57,0.00,0.00,136.64,0.00,0.0000,0.0000,0.0000,1.0785,0.0000,-0.5124,0.0000,0.0000,0.0000,-0.3760,0.0000,1.4240,1.000,0.03430
748472.3498,738,TRACKING,88.2,260.0,224.9,316.7,429.6,301.1,-22.51,-20.06,26.86,21.19,4.35,0.00,-18.19,-9.71,0.00,34.43,33.22,36.39,-91.84,169.84,-80.63,0.0000,0.0000,1.0850,1.0785,-0.5104,-0.5124,0.0000,0.0000,-0.4043,-0.3873,1.0079,1.2576,1.000,0.03430
748472.3829,739,TRACKING,87.0,259.7,228.5,315.9,428.9,298.4,-21.69,-20.49,26.68,22.49,4.99,0.00,-18.62,-11.01,0.00,34.48,33.66,36.83,-86.39,-133.98,-24.45,0.0000,0.0000,1.0966,1.0858,-0.4983,-0.5068,0.0000,0.0000,-0.4092,-0.3961,0.3056,0.8768,1.000,0.03430
748472.4161,740,TRACKING,87.0,259.7,228.5,315.9,428.9,298.4,-21.69,-20.49,26.68,23.62,4.99,0.00,-18.62,-12.14,0.00,34.48,33.66,36.83,-86.39,-106.74,2.79,0.0000,0.0000,1.0966,1.0901,-0.4879,-0.4993,0.0000,0.0000,-0.4092,-0.4013,-0.0348,0.5121,1.000,0.03430
748472.4498,741,TRACKING,87.4,259.9,226.7,315.9,427.7,297.2,-21.90,-20.49,27.20,24.59,5.30,0.00,-18.62,-13.11,0.00,34.93,34.11,37.27,-85.65,-96.45,13.08,0.0000,0.0000,1.0966,1.0901,-0.4790,-0.4912,0.0000,0.0000,-0.4141,-0.4065,-0.1635,0.2419,1.000,0.03430
748472.4830,742,TRACKING,93.2,256.6,234.9,305.4,426.5,292.5,-18.99,-20.49,22.84,24.59,3.86,0.00,-18.62,-13.11,0.00,37.17,35.18,38.34,-73.55,-86.55,22.98,0.0000,0.0000,1.0966,1.0901,-0.4790,-0.4863,0.0000,0.0000,-0.4261,-0.4143,-0.2872,0.0302,1.000,0.03430
748472.5160,743,TRACKING,93.2,256.6,234.9,305.4,426.5,292.5,-18.99,-20.49,22.84,24.59,3.86,0.00,-18.62,-13.11,0.00,37.17,35.87,39.04,-73.55,-81.29,28.23,0.0000,0.0000,1.0966,1.0901,-0.4790,-0.4863,0.0000,0.0000,-0.4338,-0.4221,-0.3529,-0.1230,1.000,0.03430
748472.5500,744,TRACKING,89.5,256.7,233.6,303.1,426.7,293.6,-17.85,-19.94,20.66,23.84,2.81,0.00,-18.07,-12.36,0.00,39.01,36.97,40.14,-74.76,-78.78,30.75,0.0000,0.0000,1.0819,1.0868,-0.4859,-0.4863,0.0000,0.0000,-0.4460,-0.4316,-0.3844,-0.2276,1.000,0.03430
748472.5840,745,TRACKING,91.4,256.0,235.3,303.7,424.8,291.2,-18.35,-19.49,22.13,23.30,3.78,0.00,-17.62,-11.82,0.00,36.49,36.97,40.14,-79.96,-78.78,30.75,0.0000,0.0000,1.0699,1.0801,-0.4909,-0.4863,0.0000,0.0000,-0.4460,-0.4374,-0.3844,-0.2903,1.000,0.03430
748472.6160,746,TRACKING,91.4,256.0,235.3,303.7,424.8,291.2,-18.35,-19.49,22.13,23.30,3.78,0.00,-17.62,-11.82,0.00,36.49,36.97,40.14,-79.96,-78.78,30.75,0.0000,0.0000,1.0699,1.0760,-0.4909,-0.4863,0.0000,0.0000,-0.4460,-0.4408,-0.3844,-0.3279,1.000,0.03430
748472.6493,747,TRACKING,85.8,257.2,226.3,305.3,425.3,291.7,-18.92,-19.49,22.86,23.30,3.93,0.00,-17.62,-11.82,0.00,38.08,36.97,40.14,-77.40,-78.27,31.26,0.0000,0.0000,1.0699,1.0760,-0.4909,-0.4863,0.0000,0.0000,-0.4460,-0.4408,-0.3908,-0.3531,1.000,0.03430
748472.6828,748,TRACKING,84.9,257.5,230.3,306.1,424.3,292.7,-18.46,-19.49,22.42,23.30,3.96,0.00,-17.62,-11.82,0.00,39.23,37.76,40.93,-82.10,-79.66,29.86,0.0000,0.0000,1.0699,1.0760,-0.4909,-0.4863,0.0000,0.0000,-0.4548,-0.4464,-0.3733,-0.3612,1.000,0.03430
748472.7169,749,TRACKING,77.3,258.1,217.2,310.5,423.8,292.5,-20.52,-19.49,25.49,23.30,4.97,0.00,-17.62,-11.82,0.00,38.34,37.76,40.93,-82.10,-80.54,28.99,0.0000,0.0000,1.0699,1.0760,-0.4909,-0.4863,0.0000,0.0000,-0.4548,-0.4497,-0.3623,-0.3612,1.000,0.03430
748472.7493,750,TRACKING,77.3,258.1,217.2,310.5,423.8,292.5,-20.52,-19.49,25.49,23.75,4.97,0.00,-17.62,-12.27,0.00,38.34,37.76,40.93,-82.10,-81.10,28.43,0.0000,0.0000,1.0699,1.0760,-0.4867,-0.4863,0.0000,0.0000,-0.4548,-0.4497,-0.3554,-0.3612,1.000,0.03430
748472.7828,751,TRACKING,85.9,257.3,222.4,310.4,423.6,294.2,-21.26,-19.49,25.88,24.24,4.62,0.00,-17.62,-12.76,0.00,39.71,38.44,41.61,-80.16,-81.10,28.43,0.0000,0.0000,1.0699,1.0760,-0.4822,-0.4863,0.0000,0.0000,-0.4623,-0.4548,-0.3554,-0.3612,1.000,0.03430
748472.8167,752,TRACKING,89.9,257.3,228.6,308.7,423.5,293.5,-20.34,-19.49,24.79,24.24,4.45,0.00,-17.62,-12.76,0.00,39.26,38.44,41.61,-82.58,-81.62,27.90,0.0000,0.0000,1.0699,1.0760,-0.4822,-0.4863,0.0000,0.0000,-0.4623,-0.4548,-0.3488,-0.3562,1.000,0.03430
748472.8498,753,TRACKING,80.1,260.1,216.8,312.9,424.2,293.7,-21.13,-19.93,26.43,24.74,5.30,0.00,-18.06,-13.26,0.00,39.28,38.44,41.61,-83.19,-82.18,27.35,0.0000,0.0000,1.0817,1.0760,-0.4776,-0.4828,0.0000,0.0000,-0.4623,-0.4548,-0.3419,-0.3505,1.000,0.03430
748472.8827,754,TRACKING,80.1,260.1,216.8,312.9,424.2,293.7,-21.13,-19.93,26.43,25.18,5.30,0.00,-18.06,-13.70,0.00,39.28,38.44,41.61,-83.19,-82.18,27.35,0.0000,0.0000,1.0817,1.0760,-0.4735,-0.4791,0.0000,0.0000,-0.4623,-0.4548,-0.3419,-0.3470,1.000,0.03430
748472.9160,755,TRACKING,87.7,255.5,228.6,309.2,423.7,294.2,-20.84,-19.93,25.24,25.18,4.40,0.00,-18.06,-13.70,0.00,40.05,39.00,42.17,-83.15,-82.18,27.35,0.0000,0.0000,1.0817,1.0760,-0.4735,-0.4791,0.0000,0.0000,-0.4686,-0.4603,-0.3419,-0.3470,1.000,0.03430
748472.9495,756,TRACKING,83.0,260.1,220.8,313.9,423.8,293.6,-21.34,-19.93,27.06,25.18,5.72,0.00,-18.06,-13.70,0.00,38.62,39.00,42.17,-85.40,-83.31,26.22,0.0000,0.0000,1.0817,1.0760,-0.4735,-0.4791,0.0000,0.0000,-0.4686,-0.4636,-0.3277,-0.3393,1.000,0.03430
748472.9829,757,TRACKING,84.6,259.1,222.2,313.2,424.4,294.7,-21.44,-20.39,26.66,25.63,5.22,0.00,-18.52,-14.15,0.00,39.98,39.00,42.17,-79.25,-81.88,27.64,0.0000,0.0000,1.0939,1.0832,-0.4694,-0.4752,0.0000,0.0000,-0.4686,-0.4636,-0.3456,-0.3393,1.000,0.03430
748473.0160,758,TRACKING,84.6,259.1,222.2,313.2,424.4,294.7,-21.44,-20.39,26.66,25.63,5.22,0.00,-18.52,-14.15,0.00,39.98,39.00,42.17,-79.25,-80.96,28.57,0.0000,0.0000,1.0939,1.0875,-0.4694,-0.4752,0.0000,0.0000,-0.4686,-0.4636,-0.3571,-0.3464,1.000,0.03430
748473.0493,759,TRACKING,87.2,257.3,225.1,310.8,424.4,294.0,-21.20,-20.39,26.00,25.63,4.79,0.00,-18.52,-14.15,0.00,39.74,39.00,42.17,-78.57,-80.12,29.41,0.0000,0.0000,1.0939,1.0875,-0.4694,-0.4752,0.0000,0.0000,-0.4686,-0.4636,-0.3676,-0.3549,1.000,0.03430
748473.0834,760,TRACKING,90.4,257.7,228.2,310.9,423.7,294.0,-21.07,-20.39,26.00,25.63,4.92,0.00,-18.52,-14.15,0.00,39.10,39.00,42.17,-85.79,-82.11,27.42,0.0000,0.0000,1.0939,1.0875,-0.4694,-0.4752,0.0000,0.0000,-0.4686,-0.4636,-0.3428,-0.3501,1.000,0.03430
748473.1172,761,TRACKING,91.8,256.8,230.1,310.4,423.8,294.3,-21.18,-20.39,25.96,25.63,4.77,0.00,-18.52,-14.15,0.00,39.13,39.00,42.17,-84.82,-83.06,26.47,0.0000,0.0000,1.0939,1.0875,-0.4694,-0.4752,0.0000,0.0000,-0.4686,-0.4636,-0.3309,-0.3424,1.000,0.03430
748473.1495,762,TRACKING,90.9,259.3,228.1,310.2,423.7,294.0,-20.32,-20.39,25.05,25.63,4.73,0.00,-18.52,-14.15,0.00,39.46,39.00,42.17,-82.35,-83.06,26.47,0.0000,0.0000,1.0939,1.0875,-0.4694,-0.4752,0.0000,0.0000,-0.4686,-0.4636,-0.3309,-0.3378,1.000,0.03430
748473.1836,763,TRACKING,86.3,261.6,219.6,322.2,423.6,294.1,-24.45,-21.11,32.30,26.69,7.86,0.00,-19.24,-15.21,0.00,36.28,38.05,41.22,-76.57,-80.79,28.74,0.0000,0.0000,1.1130,1.0977,-0.4596,-0.4690,0.0000,0.0000,-0.4580,-0.4636,-0.3593,-0.3464,1.000,0.03430
748473.2160,764,TRACKING,86.3,261.6,219.6,322.2,423.6,294.1,-24.45,-21.89,32.30,27.95,7.86,0.00,-20.02,-16.47,0.00,36.28,37.43,40.60,-76.57,-79.31,30.22,0.0000,0.0000,1.1338,1.1121,-0.4479,-0.4606,0.0000,0.0000,-0.4511,-0.4586,-0.3777,-0.3589,1.000,0.03430
748473.2493,765,TRACKING,89.2,259.1,227.3,312.9,424.3,292.7,-21.28,-21.89,27.13,27.95,5.85,0.00,-20.02,-16.47,0.00,38.04,37.43,40.60,-81.96,-80.24,29.29,0.0000,0.0000,1.1338,1.1208,-0.4479,-0.4555,0.0000,0.0000,-0.4511,-0.4586,-0.3661,-0.3589,1.000,0.03430
748473.2828,766,TRACKING,89.0,258.6,227.0,310.0,424.9,293.9,-20.43,-21.89,25.10,27.95,4.67,0.00,-20.02,-16.47,0.00,39.92,38.30,41.47,-81.82,-80.79,28.74,0.0000,0.0000,1.1338,1.1260,-0.4479,-0.4555,0.0000,0.0000,-0.4608,-0.4586,-0.3592,-0.3589,1.000,0.03430
748473.3161,767,TRACKING,89.9,258.0,228.5,310.7,424.3,292.7,-20.82,-21.89,26.09,27.51,5.27,0.00,-20.02,-16.03,0.00,38.24,38.30,41.47,-83.46,-81.73,27.80,0.0000,0.0000,1.1338,1.1260,-0.4520,-0.4555,0.0000,0.0000,-0.4608,-0.4586,-0.3475,-0.3544,1.000,0.03430
748473.3497,768,TRACKING,85.4,257.8,223.1,310.6,424.5,293.8,-21.00,-21.89,25.76,27.08,4.77,0.00,-20.02,-15.60,0.00,39.33,38.30,41.47,-83.44,-82.32,27.20,0.0000,0.0000,1.1338,1.1260,-0.4560,-0.4555,0.0000,0.0000,-0.4608,-0.4586,-0.3400,-0.3486,1.000,0.03430
748473.3828,769,TRACKING,85.6,258.6,223.6,310.9,424.1,293.7,-20.75,-21.89,25.66,27.08,4.91,0.00,-20.02,-15.60,0.00,39.41,38.30,41.47,-83.08,-82.32,27.20,0.0000,0.0000,1.1338,1.1260,-0.4560,-0.4555,0.0000,0.0000,-0.4608,-0.4586,-0.3400,-0.3452,1.000,0.03430
748473.4164,770,TRACKING,88.4,256.0,228.1,307.3,424.4,293.0,-20.16,-21.43,24.33,26.44,4.18,0.00,-19.56,-14.96,0.00,39.55,38.74,41.91,-83.02,-82.32,27.20,0.0000,0.0000,1.1217,1.1260,-0.4619,-0.4555,0.0000,0.0000,-0.4656,-0.4586,-0.3400,-0.3452,1.000,0.03430
748473.4503,771,TRACKING,87.1,258.0,226.8,308.8,424.7,293.6,-20.01,-21.43,24.41,25.89,4.40,0.00,-19.56,-14.41,0.00,39.93,38.74,41.91,-81.95,-82.32,27.20,0.0000,0.0000,1.1217,1.1260,-0.4670,-0.4601,0.0000,0.0000,-0.4656,-0.4586,-0.3400,-0.3452,1.000,0.03430
748473.4828,772,TRACKING,98.4,256.8,240.0,309.6,423.3,292.9,-20.46,-21.43,25.67,25.89,5.21,0.00,-19.56,-14.41,0.00,37.89,38.74,41.91,-85.67,-83.50,26.03,0.0000,0.0000,1.1217,1.1260,-0.4670,-0.4601,0.0000,0.0000,-0.4656,-0.4586,-0.3254,-0.3373,1.000,0.03430
748473.5160,773,TRACKING,98.4,256.8,240.0,309.6,423.3,292.9,-20.46,-21.43,25.67,25.89,5.21,0.00,-19.56,-14.41,0.00,37.89,38.74,41.91,-85.67,-84.26,25.27,0.0000,0.0000,1.1217,1.1260,-0.4670,-0.4601,0.0000,0.0000,-0.4656,-0.4586,-0.3159,-0.3287,1.000,0.03430
748473.5493,774,TRACKING,94.5,257.5,236.1,310.2,423.6,293.3,-20.42,-21.43,25.55,25.89,5.14,0.00,-19.56,-14.41,0.00,38.74,38.74,41.91,-81.70,-83.36,26.17,0.0000,0.0000,1.1217,1.1260,-0.4670,-0.4601,0.0000,0.0000,-0.4656,-0.4586,-0.3271,-0.3287,1.000,0.03430
748473.5827,775,TRACKING,89.8,257.0,230.0,307.2,424.4,293.5,-19.70,-20.97,23.72,25.47,4.02,0.00,-19.10,-13.99,0.00,39.91,38.74,41.91,-82.36,-83.36,26.17,0.0000,0.0000,1.1092,1.1193,-0.4709,-0.4644,0.0000,0.0000,-0.4656,-0.4586,-0.3271,-0.3287,1.000,0.03430
748473.6161,776,TRACKING,81.3,263.0,218.5,322.8,422.2,292.7,-23.53,-20.97,31.95,26.36,8.42,0.00,-19.10,-14.88,0.00,33.48,36.90,40.07,-79.10,-81.87,27.66,0.0000,0.0000,1.1092,1.1153,-0.4626,-0.4644,0.0000,0.0000,-0.4452,-0.4532,-0.3457,-0.3355,1.000,0.03430
748473.6500,777,TRACKING,86.9,258.7,225.4,310.5,423.8,292.8,-20.51,-20.97,25.60,26.36,5.09,0.00,-19.10,-14.88,0.00,39.16,37.69,40.86,-82.65,-81.87,27.66,0.0000,0.0000,1.1092,1.1153,-0.4626,-0.4644,0.0000,0.0000,-0.4540,-0.4532,-0.3457,-0.3396,1.000,0.03430
748473.6828,778,TRACKING,88.0,257.2,229.2,309.4,424.5,293.9,-20.32,-20.97,24.86,26.36,4.54,0.00,-19.10,-14.88,0.00,39.70,38.39,41.56,-81.94,-81.87,27.66,0.0000,0.0000,1.1092,1.1153,-0.4626,-0.4644,0.0000,0.0000,-0.4618,-0.4567,-0.3457,-0.3396,1.000,0.03430
748473.7163,779,TRACKING,83.7,259.1,224.2,310.0,423.7,293.4,-19.90,-20.97,24.66,26.36,4.77,0.00,-19.10,-14.88,0.00,38.94,38.39,41.56,-83.74,-82.53,27.00,0.0000,0.0000,1.1092,1.1153,-0.4626,-0.4644,0.0000,0.0000,-0.4618,-0.4567,-0.3375,-0.3396,1.000,0.03430
748473.7502,780,TRACKING,81.5,257.7,220.8,308.4,424.0,293.4,-19.99,-20.97,24.19,25.83,4.20,0.00,-19.10,-14.35,0.00,39.69,38.85,42.01,-84.32,-83.15,26.37,0.0000,0.0000,1.1092,1.1153,-0.4675,-0.4644,0.0000,0.0000,-0.4668,-0.4607,-0.3297,-0.3356,1.000,0.03430
748473.7839,781,TRACKING,81.0,259.3,220.9,307.5,423.3,293.3,-19.03,-20.51,23.04,25.20,4.02,0.00,-18.64,-13.72,0.00,39.88,38.85,42.01,-82.40,-83.15,26.37,0.0000,0.0000,1.0972,1.1080,-0.4733,-0.4680,0.0000,0.0000,-0.4668,-0.4607,-0.3297,-0.3356,1.000,0.03430
748473.8160,782,TRACKING,81.0,259.3,220.9,307.5,423.3,293.3,-19.03,-20.51,23.04,24.64,4.02,0.00,-18.64,-13.16,0.00,39.88,38.85,42.01,-82.40,-83.15,26.37,0.0000,0.0000,1.0972,1.1037,-0.4785,-0.4722,0.0000,0.0000,-0.4668,-0.4607,-0.3297,-0.3356,1.000,0.03430
748473.8499,783,TRACKING,89.0,256.1,231.1,306.1,423.3,291.9,-19.42,-20.51,23.64,24.64,4.23,0.00,-18.64,-13.16,0.00,39.46,38.85,42.01,-84.56,-83.65,25.88,0.0000,0.0000,1.0972,1.1037,-0.4785,-0.4722,0.0000,0.0000,-0.4668,-0.4607,-0.3235,-0.3308,1.000,0.03430
748473.8827,784,TRACKING,79.8,256.4,218.4,304.5,423.2,291.7,-19.16,-20.09,22.76,24.14,3.60,0.00,-18.22,-12.66,0.00,39.67,38.85,42.01,-83.60,-83.65,25.88,0.0000,0.0000,1.0858,1.0965,-0.4831,-0.4766,0.0000,0.0000,-0.4668,-0.4607,-0.3235,-0.3308,1.000,0.03430
748473.9168,785,TRACKING,85.3,255.8,226.0,303.1,423.5,291.5,-18.59,-20.09,21.96,23.62,3.36,0.00,-18.22,-12.14,0.00,40.52,39.43,42.60,-80.20,-82.44,27.09,0.0000,0.0000,1.0858,1.0922,-0.4879,-0.4811,0.0000,0.0000,-0.4733,-0.4658,-0.3386,-0.3308,1.000,0.03430
748473.9499,786,TRACKING,82.8,255.2,227.2,303.0,422.9,289.9,-18.29,-19.59,22.09,23.19,3.81,0.00,-17.72,-11.71,0.00,38.78,39.43,42.60,-83.59,-82.44,27.09,0.0000,0.0000,1.0725,1.0843,-0.4919,-0.4854,0.0000,0.0000,-0.4733,-0.4658,-0.3386,-0.3308,1.000,0.03430
748473.9829,787,TRACKING,83.2,256.1,228.1,302.1,423.7,291.8,-17.63,-19.10,20.64,22.64,3.01,0.00,-17.23,-11.16,0.00,41.20,40.05,43.22,-81.17,-81.99,27.53,0.0000,0.0000,1.0594,1.0744,-0.4970,-0.4900,0.0000,0.0000,-0.4802,-0.4715,-0.3442,-0.3361,1.000,0.03430
748474.0161,788,TRACKING,77.7,256.7,217.7,304.4,422.9,291.9,-18.83,-19.10,22.34,22.64,3.50,0.00,-17.23,-11.16,0.00,40.48,40.05,43.22,-79.83,-81.24,28.29,0.0000,0.0000,1.0594,1.0684,-0.4970,-0.4900,0.0000,0.0000,-0.4802,-0.4750,-0.3537,-0.3431,1.000,0.03430
748474.0493,789,TRACKING,77.7,256.7,217.7,304.4,422.9,291.9,-18.83,-19.10,22.34,22.64,3.50,0.00,-17.23,-11.16,0.00,40.48,40.05,43.22,-79.83,-80.74,28.79,0.0000,0.0000,1.0594,1.0648,-0.4970,-0.4900,0.0000,0.0000,-0.4802,-0.4750,-0.3598,-0.3498,1.000,0.03430
748474.0827,790,TRACKING,88.1,256.1,229.4,304.4,422.8,291.6,-18.86,-19.10,22.64,22.64,3.78,0.00,-17.23,-11.16,0.00,39.85,40.05,43.22,-82.46,-81.34,28.18,0.0000,0.0000,1.0594,1.0648,-0.4970,-0.4900,0.0000,0.0000,-0.4802,-0.4750,-0.3523,-0.3498,1.000,0.03430
748474.1161,791,TRACKING,85.1,256.4,225.8,304.2,422.9,291.3,-18.80,-19.10,22.56,22.64,3.77,0.00,-17.23,-11.16,0.00,40.03,40.05,43.22,-82.62,-81.79,27.74,0.0000,0.0000,1.0594,1.0648,-0.4970,-0.4900,0.0000,0.0000,-0.4802,-0.4750,-0.3467,-0.3498,1.000,0.03430
748474.1493,792,TRACKING,83.2,254.5,224.9,302.1,422.0,291.5,-18.59,-19.10,21.68,22.64,3.09,0.00,-17.23,-11.16,0.00,40.57,40.05,43.22,-80.52,-81.35,28.18,0.0000,0.0000,1.0594,1.0648,-0.4970,-0.4900,0.0000,0.0000,-0.4802,-0.4750,-0.3523,-0.3498,1.000,0.03430
748474.1827,793,TRACKING,89.4,254.3,233.0,302.0,422.4,290.9,-18.37,-19.10,21.71,22.64,3.34,0.00,-17.23,-11.16,0.00,40.04,40.05,43.22,-82.44,-81.35,28.18,0.0000,0.0000,1.0594,1.0648,-0.4970,-0.4900,0.0000,0.0000,-0.4802,-0.4750,-0.3523,-0.3498,1.000,0.03430
748474.2160,794,TRACKING,88.8,253.2,228.3,301.2,422.4,291.3,-18.99,-19.10,21.88,22.64,2.90,0.00,-17.23,-11.16,0.00,40.86,40.05,43.22,-81.78,-81.35,28.18,0.0000,0.0000,1.0594,1.0648,-0.4970,-0.4900,0.0000,0.0000,-0.4802,-0.4750,-0.3523,-0.3498,1.000,0.03430
748474.2493,795,TRACKING,92.5,255.4,233.0,304.5,421.5,290.5,-19.28,-19.10,23.52,22.64,4.24,0.00,-17.23,-11.16,0.00,38.41,39.48,42.64,-83.08,-81.95,27.57,0.0000,0.0000,1.0594,1.0648,-0.4970,-0.4900,0.0000,0.0000,-0.4738,-0.4750,-0.3447,-0.3498,1.000,0.03430
748474.2831,796,TRACKING,88.9,253.9,232.3,300.7,422.8,290.9,-18.09,-19.10,21.02,22.64,2.94,0.00,-17.23,-11.16,0.00,40.45,39.48,42.64,-86.33,-83.49,26.04,0.0000,0.0000,1.0594,1.0648,-0.4970,-0.4900,0.0000,0.0000,-0.4738,-0.4750,-0.3255,-0.3401,1.000,0.03430
748474.3177,797,TRACKING,98.7,251.8,241.5,301.5,422.1,290.3,-19.23,-19.10,22.78,22.64,3.55,0.00,-17.23,-11.16,0.00,39.25,39.48,42.64,-81.02,-82.62,26.91,0.0000,0.0000,1.0594,1.0648,-0.4970,-0.4900,0.0000,0.0000,-0.4738,-0.4750,-0.3363,-0.3401,1.000,0.03430
748474.3495,798,TRACKING,98.7,251.8,241.5,301.5,422.1,290.3,-19.23,-19.10,22.78,22.64,3.55,0.00,-17.23,-11.16,0.00,39.25,39.48,42.64,-81.02,-82.06,27.47,0.0000,0.0000,1.0594,1.0648,-0.4970,-0.4900,0.0000,0.0000,-0.4738,-0.4750,-0.3433,-0.3401,1.000,0.03430
748474.3827,799,TRACKING,91.6,254.4,236.3,300.1,422.8,290.6,-17.54,-19.10,20.46,22.64,2.93,0.00,-17.23,-11.16,0.00,40.54,39.48,42.64,-84.08,-82.77,26.76,0.0000,0.0000,1.0594,1.0648,-0.4970,-0.4900,0.0000,0.0000,-0.4738,-0.4750,-0.3345,-0.3401,1.000,0.03430
748474.4161,800,TRACKING,88.3,255.0,229.8,301.8,422.5,290.6,-18.31,-19.10,21.64,22.64,3.33,0.00,-17.23,-11.16,0.00,39.85,39.48,42.64,-80.97,-82.14,27.39,0.0000,0.0000,1.0594,1.0648,-0.4970,-0.4900,0.0000,0.0000,-0.4738,-0.4750,-0.3424,-0.3401,1.000,0.03430
748474.4493,801,TRACKING,89.0,255.3,229.5,302.5,422.6,291.2,-18.56,-19.10,21.90,22.64,3.34,0.00,-17.23,-11.16,0.00,40.68,39.90,43.07,-78.75,-80.95,28.58,0.0000,0.0000,1.0594,1.0648,-0.4970,-0.4900,0.0000,0.0000,-0.4785,-0.4750,-0.3572,-0.3469,1.000,0.03430
748474.4827,802,TRACKING,87.5,254.3,228.3,301.5,423.0,290.5,-18.54,-19.10,21.75,22.64,3.21,0.00,-17.23,-11.16,0.00,40.50,39.90,43.07,-81.62,-80.95,28.58,0.0000,0.0000,1.0594,1.0648,-0.4970,-0.4900,0.0000,0.0000,-0.4785,-0.4750,-0.3572,-0.3510,1.000,0.03430
748474.5170,803,TRACKING,83.0,255.7,223.5,302.8,422.7,291.4,-18.52,-19.10,21.79,22.64,3.27,0.00,-17.23,-11.16,0.00,40.88,39.90,43.07,-83.65,-81.90,27.63,0.0000,0.0000,1.0594,1.0648,-0.4970,-0.4900,0.0000,0.0000,-0.4785,-0.4750,-0.3454,-0.3510,1.000,0.03430
748474.5500,804,TRACKING,83.0,255.7,223.5,302.8,422.7,291.4,-18.52,-19.10,21.79,22.64,3.27,0.00,-17.23,-11.16,0.00,40.88,39.90,43.07,-83.65,-82.51,27.02,0.0000,0.0000,1.0594,1.0648,-0.4970,-0.4900,0.0000,0.0000,-0.4785,-0.4750,-0.3377,-0.3457,1.000,0.03430
748474.5829,805,TRACKING,79.5,254.6,220.6,301.8,421.9,291.4,-18.52,-19.10,21.47,22.64,2.96,0.00,-17.23,-11.16,0.00,40.33,39.90,43.07,-83.40,-82.51,27.02,0.0000,0.0000,1.0594,1.0648,-0.4970,-0.4900,0.0000,0.0000,-0.4785,-0.4750,-0.3377,-0.3457,1.000,0.03430
748474.6180,806,TRACKING,79.5,254.6,220.6,301.8,421.9,291.4,-18.52,-19.10,21.47,22.64,2.96,0.00,-17.23,-11.16,0.00,40.33,39.90,43.07,-83.40,-82.51,27.02,0.0000,0.0000,1.0594,1.0648,-0.4970,-0.4900,0.0000,0.0000,-0.4785,-0.4750,-0.3377,-0.3457,1.000,0.03430
748474.6505,807,TRACKING,79.5,254.6,220.6,301.8,421.9,291.4,-18.52,-19.10,21.47,22.64,2.96,0.00,-17.23,-11.16,0.00,40.33,39.90,43.07,-83.40,-82.51,27.02,0.0000,0.0000,1.0594,1.0648,-0.4970,-0.4900,0.0000,0.0000,-0.4785,-0.4750,-0.3377,-0.3457,1.000,0.03430
748474.6833,808,TRACKING,87.8,254.6,228.9,302.8,421.9,291.3,-18.86,-19.10,22.27,22.64,3.41,0.00,-17.23,-11.16,0.00,40.19,39.90,43.07,-84.92,-83.35,26.17,0.0000,0.0000,1.0594,1.0648,-0.4970,-0.4900,0.0000,0.0000,-0.4785,-0.4750,-0.3272,-0.3383,1.000,0.03430
748474.7164,809,TRACKING,86.5,253.4,224.4,301.3,421.6,291.8,-19.17,-19.10,21.94,22.64,2.77,0.00,-17.23,-11.16,0.00,40.75,39.90,43.07,-82.15,-82.93,26.59,0.0000,0.0000,1.0594,1.0648,-0.4970,-0.4900,0.0000,0.0000,-0.4785,-0.4750,-0.3324,-0.3383,1.000,0.03430
748474.7493,810,TRACKING,86.5,253.4,224.4,301.3,421.6,291.8,-19.17,-19.10,21.94,22.64,2.77,0.00,-17.23,-11.16,0.00,40.75,39.90,43.07,-82.15,-82.93,26.59,0.0000,0.0000,1.0594,1.0648,-0.4970,-0.4900,0.0000,0.0000,-0.4785,-0.4750,-0.3324,-0.3383,1.000,0.03430
748474.7831,811,TRACKING,83.8,257.7,221.3,306.4,420.3,291.8,-19.49,-19.10,23.67,22.64,4.17,0.00,-17.23,-11.16,0.00,38.57,39.43,42.60,-86.23,-84.09,25.44,0.0000,0.0000,1.0594,1.0648,-0.4970,-0.4900,0.0000,0.0000,-0.4733,-0.4750,-0.3180,-0.3302,1.000,0.03430
748474.8160,812,TRACKING,83.8,257.7,221.3,306.4,420.3,291.8,-19.49,-19.10,23.67,22.64,4.17,0.00,-17.23,-11.16,0.00,38.57,39.43,42.60,-86.23,-84.84,24.69,0.0000,0.0000,1.0594,1.0648,-0.4970,-0.4900,0.0000,0.0000,-0.4733,-0.4750,-0.3086,-0.3216,1.000,0.03430
748474.8497,813,TRACKING,83.4,256.2,223.2,303.4,420.7,292.5,-18.67,-19.10,21.83,22.64,3.16,0.00,-17.23,-11.16,0.00,40.76,39.90,43.07,-83.73,-84.84,24.69,0.0000,0.0000,1.0594,1.0648,-0.4970,-0.4900,0.0000,0.0000,-0.4785,-0.4750,-0.3086,-0.3164,1.000,0.03430
748474.8829,814,TRACKING,83.4,256.2,223.2,303.4,420.7,292.5,-18.67,-19.10,21.83,22.64,3.16,0.00,-17.23,-11.16,0.00,40.76,39.90,43.07,-83.73,-84.84,24.69,0.0000,0.0000,1.0594,1.0648,-0.4970,-0.4900,0.0000,0.0000,-0.4785,-0.4750,-0.3086,-0.3164,1.000,0.03430
748474.9163,815,TRACKING,79.5,255.7,217.5,303.5,419.8,292.2,-19.13,-19.10,22.34,22.64,3.21,0.00,-17.23,-11.16,0.00,40.42,39.90,43.07,-83.20,-84.26,25.27,0.0000,0.0000,1.0594,1.0648,-0.4970,-0.4900,0.0000,0.0000,-0.4785,-0.4750,-0.3158,-0.3164,1.000,0.03430
748474.9508,816,TRACKING,75.8,262.1,209.7,321.0,417.6,292.7,-23.72,-19.80,31.46,23.98,7.74,0.00,-17.93,-12.50,0.00,35.25,38.27,41.44,-79.72,-82.67,26.85,0.0000,0.0000,1.0782,1.0702,-0.4847,-0.4900,0.0000,0.0000,-0.4604,-0.4692,-0.3357,-0.3241,1.000,0.03430
748474.9828,817,TRACKING,76.6,255.5,216.7,304.4,415.9,289.9,-19.23,-19.80,23.38,23.98,4.16,0.00,-17.93,-12.50,0.00,38.91,38.27,41.44,-81.69,-82.67,26.85,0.0000,0.0000,1.0782,1.0734,-0.4847,-0.4900,0.0000,0.0000,-0.4604,-0.4657,-0.3357,-0.3287,1.000,0.03430
748475.0160,818,TRACKING,76.6,255.5,216.7,304.4,415.9,289.9,-19.23,-19.80,23.38,23.98,4.16,0.00,-17.93,-12.50,0.00,38.91,38.27,41.44,-81.69,-82.67,26.85,0.0000,0.0000,1.0782,1.0734,-0.4847,-0.4900,0.0000,0.0000,-0.4604,-0.4657,-0.3357,-0.3287,1.000,0.03430
748475.0503,819,TRACKING,70.3,261.3,206.3,320.8,412.0,291.2,-23.64,-20.41,31.81,25.29,8.17,0.00,-18.54,-13.81,0.00,34.37,36.91,40.07,-76.63,-80.56,28.97,0.0000,0.0000,1.0943,1.0818,-0.4726,-0.4831,0.0000,0.0000,-0.4453,-0.4575,-0.3621,-0.3421,1.000,0.03430
748475.0827,820,TRACKING,75.4,249.0,211.2,298.8,407.3,288.7,-20.13,-20.41,23.08,25.29,2.94,0.00,-18.54,-13.81,0.00,40.18,38.05,41.22,-86.11,-82.50,27.03,0.0000,0.0000,1.0943,1.0868,-0.4726,-0.4789,0.0000,0.0000,-0.4580,-0.4575,-0.3378,-0.3421,1.000,0.03430
748475.1160,821,TRACKING,75.4,249.0,211.2,298.8,407.3,288.7,-20.13,-20.41,23.08,25.29,2.94,0.00,-18.54,-13.81,0.00,40.18,38.80,41.96,-86.11,-83.77,25.76,0.0000,0.0000,1.0943,1.0868,-0.4726,-0.4789,0.0000,0.0000,-0.4663,-0.4610,-0.3220,-0.3341,1.000,0.03430
748475.1497,822,TRACKING,67.8,255.4,199.2,310.6,404.0,290.0,-22.79,-20.41,28.52,25.29,5.73,0.00,-18.54,-13.81,0.00,38.02,38.80,41.96,-87.71,-85.15,24.38,0.0000,0.0000,1.0943,1.0868,-0.4726,-0.4789,0.0000,0.0000,-0.4663,-0.4610,-0.3047,-0.3223,1.000,0.03430
748475.1830,823,TRACKING,67.8,255.4,199.2,310.6,404.0,290.0,-22.79,-21.00,28.52,26.00,5.73,0.00,-19.13,-14.52,0.00,38.02,38.80,41.96,-87.71,-86.05,23.48,0.0000,0.0000,1.1101,1.0961,-0.4660,-0.4737,0.0000,0.0000,-0.4663,-0.4610,-0.2935,-0.3108,1.000,0.03430
748475.2163,824,TRACKING,60.7,250.1,195.6,293.7,394.4,284.7,-17.89,-21.00,20.48,25.39,2.59,0.00,-19.13,-13.91,0.00,40.19,39.28,42.45,-93.33,-88.60,20.93,0.0000,0.0000,1.1101,1.1017,-0.4716,-0.4737,0.0000,0.0000,-0.4717,-0.4653,-0.2616,-0.2911,1.000,0.03430
748475.2494,825,TRACKING,58.5,248.5,197.3,290.1,389.2,282.8,-16.71,-20.17,18.89,24.15,2.18,0.00,-18.30,-12.67,0.00,40.17,39.28,42.45,-93.43,-90.29,19.23,0.0000,0.0000,1.0880,1.0962,-0.4830,-0.4774,0.0000,0.0000,-0.4717,-0.4653,-0.2404,-0.2708,1.000,0.03430
748475.2827,826,TRACKING,58.5,248.5,197.3,290.1,389.2,282.8,-16.71,-19.33,18.89,22.88,2.18,0.00,-17.45,-11.40,0.00,40.17,39.28,42.45,-93.43,-91.39,18.13,0.0000,0.0000,1.0654,1.0839,-0.4948,-0.4844,0.0000,0.0000,-0.4717,-0.4653,-0.2267,-0.2532,1.000,0.03430
748475.3161,827,TRACKING,62.9,245.2,200.7,292.3,383.3,281.1,-18.85,-19.33,22.34,22.34,3.49,0.00,-17.45,-10.86,0.00,39.67,39.28,42.45,-88.45,-90.36,19.17,0.0000,0.0000,1.0654,1.0765,-0.4998,-0.4905,0.0000,0.0000,-0.4717,-0.4653,-0.2396,-0.2477,1.000,0.03430
748475.3493,828,TRACKING,58.6,243.8,197.3,285.6,375.4,277.0,-16.80,-18.72,19.57,21.71,2.77,0.00,-16.85,-10.23,0.00,42.64,40.46,43.62,-88.15,-89.59,19.94,0.0000,0.0000,1.0493,1.0657,-0.5056,-0.4966,0.0000,0.0000,-0.4847,-0.4731,-0.2493,-0.2477,1.000,0.03430
748475.3831,829,TRACKING,58.6,243.8,197.3,285.6,375.4,277.0,-16.80,-18.20,19.57,21.15,2.77,0.00,-16.33,-9.67,0.00,42.64,41.22,44.39,-88.15,-89.08,20.45,0.0000,0.0000,1.0355,1.0536,-0.5108,-0.5022,0.0000,0.0000,-0.4932,-0.4811,-0.2556,-0.2477,1.000,0.03430
748475.4167,830,TRACKING,50.0,247.8,183.9,278.4,368.6,277.1,-12.86,-17.20,13.25,19.72,0.40,0.00,-15.32,-8.24,0.00,47.83,43.53,46.70,-87.95,-89.08,20.45,0.0000,0.0000,1.0087,1.0356,-0.5239,-0.5109,0.0000,0.0000,-0.5189,-0.4962,-0.2556,-0.2477,1.000,0.03430
748475.4493,831,TRACKING,50.0,247.8,183.9,278.4,368.6,277.1,-12.86,-16.16,13.25,18.20,0.40,0.00,-14.29,-6.72,0.00,47.83,45.04,48.20,-87.95,-89.08,20.45,0.0000,0.0000,0.9810,1.0138,-0.5380,-0.5218,0.0000,0.0000,-0.5356,-0.5120,-0.2556,-0.2477,1.000,0.03430
748475.4828,832,TRACKING,46.1,245.9,183.7,275.1,351.7,271.5,-12.00,-15.13,13.24,16.87,1.24,0.00,-13.26,-5.39,0.00,45.83,45.04,48.20,-91.29,-89.85,19.68,0.0000,0.0000,0.9536,0.9897,-0.5503,-0.5332,0.0000,0.0000,-0.5356,-0.5214,-0.2459,-0.2477,1.000,0.03430
748475.5169,833,TRACKING,41.3,245.5,168.1,276.6,344.4,267.6,-13.77,-14.54,16.70,16.36,2.93,0.00,-12.67,-4.88,0.00,42.27,44.07,47.24,-94.03,-91.32,18.21,0.0000,0.0000,0.9380,0.9690,-0.5549,-0.5419,0.0000,0.0000,-0.5248,-0.5214,-0.2276,-0.2397,1.000,0.03430
748475.5498,834,TRACKING,41.3,245.5,168.1,276.6,344.4,267.6,-13.77,-14.54,16.70,16.36,2.93,0.00,-12.67,-4.88,0.00,42.27,43.44,46.61,-94.03,-92.27,17.26,0.0000,0.0000,0.9380,0.9566,-0.5549,-0.5471,0.0000,0.0000,-0.5179,-0.5214,-0.2157,-0.2301,1.000,0.03430
748475.5831,835,TRACKING,39.7,249.0,170.9,280.7,336.8,265.5,-13.58,-14.54,18.84,16.36,5.26,0.00,-12.67,-4.88,0.00,40.45,42.39,45.56,-94.40,-93.01,16.51,0.0000,0.0000,0.9380,0.9491,-0.5549,-0.5471,0.0000,0.0000,-0.5062,-0.5153,-0.2064,-0.2206,1.000,0.03430
748475.6160,836,TRACKING,39.7,249.0,170.9,280.7,336.8,265.5,-13.58,-14.54,18.84,16.92,5.26,0.00,-12.67,-5.44,0.00,40.45,41.71,44.88,-94.40,-93.50,16.03,0.0000,0.0000,0.9380,0.9447,-0.5498,-0.5471,0.0000,0.0000,-0.4987,-0.5087,-0.2004,-0.2125,1.000,0.03430
748475.6496,837,TRACKING,31.6,247.8,156.3,283.1,333.0,265.0,-15.81,-14.54,21.67,17.86,5.86,0.00,-12.67,-6.38,0.00,39.23,40.85,44.01,-97.68,-94.96,14.57,0.0000,0.0000,0.9380,0.9447,-0.5411,-0.5471,0.0000,0.0000,-0.4890,-0.5008,-0.1821,-0.2004,1.000,0.03430
748475.6828,838,TRACKING,31.9,249.2,164.9,281.7,324.7,263.3,-13.74,-14.54,20.32,18.58,6.57,0.00,-12.67,-7.10,0.00,38.36,39.98,43.14,-96.05,-94.96,14.57,0.0000,0.0000,0.9380,0.9447,-0.5345,-0.5421,0.0000,0.0000,-0.4794,-0.4922,-0.1821,-0.1930,1.000,0.03430
748475.7164,839,TRACKING,31.9,249.2,164.9,281.7,324.7,263.3,-13.74,-14.54,20.32,19.10,6.57,0.00,-12.67,-7.62,0.00,38.36,39.41,42.58,-96.05,-94.96,14.57,0.0000,0.0000,0.9380,0.9447,-0.5297,-0.5371,0.0000,0.0000,-0.4731,-0.4846,-0.1821,-0.1887,1.000,0.03430
748475.7500,840,TRACKING,32.3,246.7,167.0,278.7,317.3,262.6,-13.35,-14.54,19.46,19.10,6.12,0.00,-12.67,-7.62,0.00,38.43,39.41,42.58,-98.02,-96.03,13.50,0.0000,0.0000,0.9380,0.9447,-0.5297,-0.5371,0.0000,0.0000,-0.4731,-0.4800,-0.1687,-0.1807,1.000,0.03430
748475.7830,841,TRACKING,32.3,246.7,167.0,278.7,317.3,262.6,-13.35,-14.54,19.46,19.10,6.12,0.00,-12.67,-7.62,0.00,38.43,39.41,42.58,-98.02,-96.73,12.80,0.0000,0.0000,0.9380,0.9447,-0.5297,-0.5371,0.0000,0.0000,-0.4731,-0.4800,-0.1600,-0.1724,1.000,0.03430
748475.8161,842,TRACKING,25.7,248.6,157.3,282.0,314.1,262.7,-14.22,-14.54,21.25,19.55,7.03,0.00,-12.67,-8.07,0.00,37.66,38.80,41.96,-100.07,-97.90,11.63,0.0000,0.0000,0.9380,0.9447,-0.5255,-0.5325,0.0000,0.0000,-0.4663,-0.4745,-0.1454,-0.1616,1.000,0.03430
748475.8493,843,TRACKING,25.7,248.6,157.3,282.0,314.1,262.7,-14.22,-14.54,21.25,19.97,7.03,0.00,-12.67,-8.49,0.00,37.66,38.80,41.96,-100.07,-98.66,10.87,0.0000,0.0000,0.9380,0.9447,-0.5216,-0.5281,0.0000,0.0000,-0.4663,-0.4712,-0.1359,-0.1513,1.000,0.03430
748475.8827,844,TRACKING,21.4,250.4,157.2,287.7,310.5,262.2,-15.38,-14.54,24.84,20.89,9.46,0.00,-12.67,-9.41,0.00,34.81,37.40,40.57,-97.34,-98.20,11.33,0.0000,0.0000,0.9380,0.9447,-0.5131,-0.5221,0.0000,0.0000,-0.4508,-0.4630,-0.1417,-0.1475,1.000,0.03430
748475.9160,845,TRACKING,21.4,250.4,157.2,287.7,310.5,262.2,-15.38,-14.54,24.84,21.85,9.46,0.00,-12.67,-10.37,0.00,34.81,36.49,39.66,-97.34,-98.20,11.33,0.0000,0.0000,0.9380,0.9447,-0.5043,-0.5150,0.0000,0.0000,-0.4407,-0.4541,-0.1417,-0.1475,1.000,0.03430
748475.9495,846,TRACKING,23.5,249.6,149.6,270.8,308.3,262.2,-9.55,-13.88,12.66,20.77,3.10,0.00,-12.01,-9.29,0.00,41.59,38.28,41.45,-101.08,-99.21,10.32,0.0000,0.0000,0.9203,0.9349,-0.5142,-0.5150,0.0000,0.0000,-0.4605,-0.4541,-0.1290,-0.1401,1.000,0.03430
748475.9828,847,TRACKING,21.8,252.8,149.3,277.3,308.1,261.3,-10.86,-13.18,16.62,19.74,5.76,0.00,-11.30,-8.26,0.00,39.00,38.28,41.45,-106.45,-101.74,7.79,0.0000,0.0000,0.9014,0.9215,-0.5238,-0.5185,0.0000,0.0000,-0.4605,-0.4541,-0.0973,-0.1230,1.000,0.03430
748476.0160,848,TRACKING,21.8,252.8,149.3,277.3,308.1,261.3,-10.86,-12.56,16.62,18.88,5.76,0.00,-10.69,-7.40,0.00,39.00,38.28,41.45,-106.45,-103.39,6.14,0.0000,0.0000,0.8850,0.9069,-0.5317,-0.5238,0.0000,0.0000,-0.4605,-0.4541,-0.0767,-0.1045,1.000,0.03430
748476.0499,849,TRACKING,24.0,248.1,154.6,268.9,306.6,260.6,-9.01,-11.78,12.14,17.52,3.13,0.00,-9.91,-6.04,0.00,41.56,39.43,42.59,-104.75,-103.87,5.66,0.0000,0.0000,0.8642,0.8898,-0.5443,-0.5320,0.0000,0.0000,-0.4733,-0.4618,-0.0708,-0.0910,1.000,0.03430
748476.0826,850,TRACKING,24.0,248.1,154.6,268.9,306.6,260.6,-9.01,-11.06,12.14,16.18,3.13,0.00,-9.19,-4.70,0.00,41.56,40.17,43.34,-104.75,-103.87,5.66,0.0000,0.0000,0.8451,0.8720,-0.5566,-0.5418,0.0000,0.0000,-0.4816,-0.4697,-0.0708,-0.0829,1.000,0.03430
748476.1160,851,TRACKING,19.9,252.4,141.9,276.1,307.9,259.4,-10.98,-11.06,16.75,16.18,5.77,0.00,-9.19,-4.70,0.00,38.96,39.75,42.91,-101.35,-102.98,6.54,0.0000,0.0000,0.8451,0.8612,-0.5566,-0.5477,0.0000,0.0000,-0.4768,-0.4697,-0.0818,-0.0829,1.000,0.03430
748476.1494,852,TRACKING,25.3,250.0,156.3,271.2,308.7,258.6,-9.22,-10.62,13.95,15.62,4.72,0.00,-8.75,-4.14,0.00,40.21,39.75,42.91,-102.55,-102.98,6.54,0.0000,0.0000,0.8333,0.8501,-0.5618,-0.5533,0.0000,0.0000,-0.4768,-0.4697,-0.0818,-0.0829,1.000,0.03430
748476.1828,853,TRACKING,25.3,250.0,156.3,271.2,308.7,258.6,-9.22,-10.62,13.95,15.15,4.72,0.00,-8.75,-3.67,0.00,40.21,39.75,42.91,-102.55,-102.98,6.54,0.0000,0.0000,0.8333,0.8433,-0.5661,-0.5584,0.0000,0.0000,-0.4768,-0.4697,-0.0818,-0.0829,1.000,0.03430
748476.2160,854,TRACKING,23.4,249.1,148.7,271.9,308.9,258.8,-10.30,-10.62,14.96,15.15,4.67,0.00,-8.75,-3.67,0.00,40.79,39.75,42.91,-104.35,-103.46,6.07,0.0000,0.0000,0.8333,0.8393,-0.5661,-0.5584,0.0000,0.0000,-0.4768,-0.4697,-0.0758,-0.0829,1.000,0.03430
748476.2509,855,TRACKING,27.8,246.1,159.0,264.4,310.8,259.2,-7.92,-10.05,9.89,14.22,1.96,0.00,-8.18,-2.74,0.00,44.07,41.26,44.43,-101.79,-102.88,6.65,0.0000,0.0000,0.8180,0.8308,-0.5747,-0.5649,0.0000,0.0000,-0.4936,-0.4793,-0.0831,-0.0829,1.000,0.03430
748476.2829,856,TRACKING,28.2,249.7,155.9,270.7,312.8,259.2,-9.34,-10.05,13.53,13.78,4.19,0.00,-8.18,-2.30,0.00,41.04,41.26,44.43,-110.38,-105.50,4.03,0.0000,0.0000,0.8180,0.8257,-0.5788,-0.5705,0.0000,0.0000,-0.4936,-0.4850,-0.0503,-0.0699,1.000,0.03430
748476.3160,857,TRACKING,28.2,249.7,155.9,270.7,312.8,259.2,-9.34,-10.05,13.53,13.78,4.19,0.00,-8.18,-2.30,0.00,41.04,41.26,44.43,-110.38,-107.21,2.32,0.0000,0.0000,0.8180,0.8257,-0.5788,-0.5738,0.0000,0.0000,-0.4936,-0.4885,-0.0290,-0.0535,1.000,0.03430
748476.3495,858,TRACKING,25.8,245.0,159.3,279.1,313.6,259.7,-14.33,-10.59,21.51,14.91,7.17,0.00,-8.72,-3.43,0.00,38.36,40.24,43.41,-106.38,-107.21,2.32,0.0000,0.0000,0.8325,0.8257,-0.5683,-0.5738,0.0000,0.0000,-0.4824,-0.4885,-0.0290,-0.0437,1.000,0.03430
748476.3828,859,TRACKING,27.3,247.7,161.8,279.2,313.9,259.6,-13.20,-11.20,20.54,16.21,7.35,0.00,-9.33,-4.73,0.00,38.02,39.47,42.63,-109.09,-107.87,1.66,0.0000,0.0000,0.8488,0.8349,-0.5564,-0.5668,0.0000,0.0000,-0.4737,-0.4826,-0.0207,-0.0345,1.000,0.03430
748476.4160,860,TRACKING,27.3,247.7,161.8,279.2,313.9,259.6,-13.20,-11.73,20.54,17.35,7.35,0.00,-9.86,-5.87,0.00,38.02,38.96,42.13,-109.09,-108.30,1.23,0.0000,0.0000,0.8630,0.8462,-0.5458,-0.5584,0.0000,0.0000,-0.4681,-0.4768,-0.0154,-0.0268,1.000,0.03430
748476.4494,861,TRACKING,24.8,244.5,158.7,279.1,313.6,259.6,-14.46,-12.36,21.63,18.44,7.17,0.00,-10.49,-6.96,0.00,37.85,38.96,42.13,-107.38,-108.30,1.23,0.0000,0.0000,0.8796,0.8596,-0.5358,-0.5494,0.0000,0.0000,-0.4681,-0.4733,-0.0154,-0.0223,1.000,0.03430
748476.4828,862,TRACKING,26.9,247.5,158.8,278.5,314.0,258.7,-13.23,-12.36,20.51,19.15,7.27,0.00,-10.49,-7.67,0.00,37.21,38.35,41.51,-103.63,-106.66,2.86,0.0000,0.0000,0.8796,0.8676,-0.5292,-0.5413,0.0000,0.0000,-0.4613,-0.4685,-0.0358,-0.0277,1.000,0.03430
748476.5162,863,TRACKING,26.2,247.7,144.9,268.9,313.8,258.0,-10.17,-12.36,13.86,18.58,3.69,0.00,-10.49,-7.10,0.00,41.80,39.56,42.72,-104.68,-105.97,3.56,0.0000,0.0000,0.8796,0.8724,-0.5344,-0.5413,0.0000,0.0000,-0.4747,-0.4685,-0.0445,-0.0344,1.000,0.03430
748476.5495,864,TRACKING,25.9,246.9,154.9,277.6,315.0,257.7,-13.38,-12.36,20.47,18.58,7.09,0.00,-10.49,-7.10,0.00,38.37,39.56,42.72,-108.43,-106.83,2.70,0.0000,0.0000,0.8796,0.8724,-0.5344,-0.5413,0.0000,0.0000,-0.4747,-0.4685,-0.0337,-0.0344,1.000,0.03430
748476.5826,865,TRACKING,25.9,246.9,154.9,277.6,315.0,257.7,-13.38,-12.36,20.47,18.58,7.09,0.00,-10.49,-7.10,0.00,38.37,39.56,42.72,-108.43,-107.39,2.14,0.0000,0.0000,0.8796,0.8724,-0.5344,-0.5413,0.0000,0.0000,-0.4747,-0.4685,-0.0267,-0.0344,1.000,0.03430
748476.6160,866,TRACKING,28.9,245.3,164.4,275.6,314.0,256.4,-12.59,-12.36,19.89,18.58,7.30,0.00,-10.49,-7.10,0.00,36.74,38.57,41.74,-110.58,-108.51,1.02,0.0000,0.0000,0.8796,0.8724,-0.5344,-0.5413,0.0000,0.0000,-0.4637,-0.4685,-0.0128,-0.0257,1.000,0.03430
748476.6500,867,TRACKING,33.5,243.3,171.7,272.0,313.3,256.1,-11.73,-12.36,18.14,18.58,6.42,0.00,-10.49,-7.10,0.00,37.49,38.57,41.74,-107.77,-108.51,1.02,0.0000,0.0000,0.8796,0.8724,-0.5344,-0.5413,0.0000,0.0000,-0.4637,-0.4685,-0.0128,-0.0205,1.000,0.03430
748476.6827,868,TRACKING,33.7,244.1,169.5,272.6,312.4,256.2,-11.87,-12.36,18.44,18.58,6.56,0.00,-10.49,-7.10,0.00,37.51,38.57,41.74,-106.30,-107.73,1.79,0.0000,0.0000,0.8796,0.8724,-0.5344,-0.5413,0.0000,0.0000,-0.4637,-0.4685,-0.0224,-0.0205,1.000,0.03430
748476.7170,869,TRACKING,33.7,244.1,169.5,272.6,312.4,256.2,-11.87,-12.36,18.44,18.58,6.56,0.00,-10.49,-7.10,0.00,37.51,38.57,41.74,-106.30,-107.23,2.30,0.0000,0.0000,0.8796,0.8724,-0.5344,-0.5413,0.0000,0.0000,-0.4637,-0.4685,-0.0287,-0.0238,1.000,0.03430
748476.7496,870,TRACKING,32.5,243.6,168.7,271.5,312.8,256.6,-11.58,-12.36,17.48,18.58,5.90,0.00,-10.49,-7.10,0.00,37.75,38.57,41.74,-107.31,-107.23,2.30,0.0000,0.0000,0.8796,0.8724,-0.5344,-0.5413,0.0000,0.0000,-0.4637,-0.4685,-0.0287,-0.0238,1.000,0.03430
748476.7830,871,TRACKING,35.4,243.9,174.7,272.5,312.8,256.7,-11.61,-12.36,18.13,18.58,6.52,0.00,-10.49,-7.10,0.00,37.10,38.05,41.22,-111.36,-108.68,0.85,0.0000,0.0000,0.8796,0.8724,-0.5344,-0.5413,0.0000,0.0000,-0.4580,-0.4643,-0.0106,-0.0185,1.000,0.03430
748476.8161,872,TRACKING,35.4,243.9,174.7,272.5,312.8,256.7,-11.61,-12.36,18.13,18.58,6.52,0.00,-10.49,-7.10,0.00,37.10,38.05,41.22,-111.36,-109.62,-0.09,0.0000,0.0000,0.8796,0.8724,-0.5344,-0.5413,0.0000,0.0000,-0.4580,-0.4643,0.0011,-0.0107,1.000,0.03430
748476.8493,873,TRACKING,34.1,243.6,173.8,272.8,313.2,257.1,-11.79,-12.36,18.23,18.58,6.43,0.00,-10.49,-7.10,0.00,37.05,38.05,41.22,-106.35,-108.47,1.06,0.0000,0.0000,0.8796,0.8724,-0.5344,-0.5413,0.0000,0.0000,-0.4580,-0.4643,-0.0132,-0.0107,1.000,0.03430
748476.8827,874,TRACKING,31.7,245.9,166.3,273.9,313.4,256.9,-11.76,-12.36,18.37,18.58,6.61,0.00,-10.49,-7.10,0.00,37.03,38.05,41.22,-102.06,-106.23,3.30,0.0000,0.0000,0.8796,0.8724,-0.5344,-0.5413,0.0000,0.0000,-0.4580,-0.4643,-0.0413,-0.0229,1.000,0.03430
748476.9162,875,TRACKING,42.2,239.5,185.9,256.8,314.2,257.0,-6.89,-11.36,6.81,16.72,-0.09,0.00,-9.49,-5.24,0.00,43.71,40.03,43.20,-108.32,-106.96,2.57,0.0000,0.0000,0.8531,0.8647,-0.5516,-0.5454,0.0000,0.0000,-0.4800,-0.4706,-0.0321,-0.0266,1.000,0.03430
748476.9496,876,TRACKING,43.8,240.3,184.4,256.3,315.4,256.7,-6.51,-10.24,6.37,14.43,-0.14,0.00,-8.37,-2.95,0.00,44.86,41.72,44.89,-103.58,-105.78,3.75,0.0000,0.0000,0.8233,0.8481,-0.5727,-0.5563,0.0000,0.0000,-0.4988,-0.4819,-0.0469,-0.0347,1.000,0.03430
748476.9841,877,TRACKING,43.8,240.3,184.4,256.3,315.4,256.7,-6.51,-9.26,6.37,12.35,-0.14,0.00,-7.39,-0.87,0.00,44.86,42.82,45.99,-103.58,-105.01,4.52,0.0000,0.0000,0.7970,0.8277,-0.5920,-0.5706,0.0000,0.0000,-0.5110,-0.4935,-0.0565,-0.0434,1.000,0.03430
748477.0160,878,TRACKING,38.3,244.1,178.7,271.5,317.2,256.9,-11.06,-9.26,17.06,12.35,6.01,0.00,-7.39,-0.87,0.00,38.32,41.25,44.41,-104.20,-105.01,4.52,0.0000,0.0000,0.7970,0.8154,-0.5920,-0.5791,0.0000,0.0000,-0.4935,-0.4935,-0.0565,-0.0487,1.000,0.03430
748477.0493,879,TRACKING,48.8,240.5,192.2,254.8,316.3,256.8,-5.72,-8.66,4.78,11.20,-0.94,0.00,-6.79,0.28,0.00,45.60,42.77,45.94,-105.33,-105.01,4.52,0.0000,0.0000,0.7810,0.8016,-0.6026,-0.5885,0.0000,0.0000,-0.5104,-0.5003,-0.0565,-0.0487,1.000,0.03430
748477.0830,880,TRACKING,37.7,244.0,177.9,271.6,317.0,256.6,-11.14,-8.66,17.32,11.78,6.17,0.00,-6.79,-0.30,0.00,36.72,40.65,43.82,-106.78,-105.63,3.90,0.0000,0.0000,0.7810,0.7934,-0.5972,-0.5920,0.0000,0.0000,-0.4869,-0.4949,-0.0487,-0.0487,1.000,0.03430
748477.1163,881,TRACKING,37.7,244.0,177.9,271.6,317.0,256.6,-11.14,-9.15,17.32,12.87,6.17,0.00,-7.28,-1.39,0.00,36.72,39.27,42.44,-106.78,-105.63,3.90,0.0000,0.0000,0.7941,0.7934,-0.5872,-0.5920,0.0000,0.0000,-0.4716,-0.4856,-0.0487,-0.0487,1.000,0.03430
748477.1495,882,TRACKING,37.6,240.6,175.2,257.2,318.1,258.8,-6.87,-9.15,6.23,12.20,-0.64,0.00,-7.28,-0.72,0.00,46.09,41.66,44.83,-106.61,-105.63,3.90,0.0000,0.0000,0.7941,0.7934,-0.5934,-0.5920,0.0000,0.0000,-0.4981,-0.4906,-0.0487,-0.0487,1.000,0.03430
748477.1830,883,TRACKING,36.8,241.0,176.0,258.6,317.5,258.4,-7.22,-9.15,7.31,11.19,0.09,0.00,-7.28,0.29,0.00,44.11,42.52,45.69,-103.13,-104.75,4.77,0.0000,0.0000,0.7941,0.7934,-0.6027,-0.5963,0.0000,0.0000,-0.5076,-0.4974,-0.0597,-0.0531,1.000,0.03430
748477.2160,884,TRACKING,36.2,241.9,175.8,258.7,316.4,258.5,-6.86,-8.57,6.94,10.16,0.08,0.00,-6.70,1.32,0.00,43.01,42.52,45.69,-109.24,-106.32,3.20,0.0000,0.0000,0.7786,0.7875,-0.6122,-0.6027,0.0000,0.0000,-0.5076,-0.5015,-0.0401,-0.0479,1.000,0.03430
748477.2493,885,TRACKING,36.2,241.9,175.8,258.7,316.4,258.5,-6.86,-8.09,6.94,9.28,0.08,0.00,-6.22,2.20,0.00,43.01,42.52,45.69,-109.24,-107.34,2.18,0.0000,0.0000,0.7659,0.7788,-0.6203,-0.6097,0.0000,0.0000,-0.5076,-0.5015,-0.0273,-0.0396,1.000,0.03430
748477.2827,886,TRACKING,37.8,243.1,175.9,260.2,316.8,260.5,-7.07,-8.09,6.95,8.60,-0.13,0.00,-6.22,2.88,0.00,44.48,43.21,46.37,-108.21,-107.34,2.18,0.0000,0.0000,0.7659,0.7737,-0.6266,-0.6165,0.0000,0.0000,-0.5153,-0.5070,-0.0273,-0.0347,1.000,0.03430
748477.3168,887,TRACKING,33.9,243.2,170.0,259.4,317.0,261.3,-6.79,-8.09,6.07,7.95,-0.72,0.00,-6.22,3.53,0.00,45.13,43.88,47.05,-112.17,-109.04,0.49,0.0000,0.0000,0.7659,0.7737,-0.6325,-0.6229,0.0000,0.0000,-0.5227,-0.5133,-0.0062,-0.0233,1.000,0.03430
748477.3496,888,TRACKING,38.0,242.1,175.0,259.0,317.0,260.9,-7.06,-8.09,6.33,7.47,-0.74,0.00,-6.22,4.01,0.00,44.22,43.88,47.05,-106.78,-108.24,1.28,0.0000,0.0000,0.7659,0.7737,-0.6370,-0.6285,0.0000,0.0000,-0.5227,-0.5171,-0.0160,-0.0233,1.000,0.03430
748477.3846,889,TRACKING,38.8,243.0,176.5,261.6,315.8,261.6,-7.68,-8.09,7.71,7.47,0.02,0.00,-6.22,4.01,0.00,42.69,43.88,47.05,-112.96,-109.90,-0.37,0.0000,0.0000,0.7659,0.7737,-0.6370,-0.6319,0.0000,0.0000,-0.5227,-0.5171,0.0046,-0.0121,1.000,0.03430
748477.4180,890,TRACKING,38.8,243.0,176.5,261.6,315.8,261.6,-7.68,-8.09,7.71,7.47,0.02,0.00,-6.22,4.01,0.00,42.69,43.88,47.05,-112.96,-110.97,-1.44,0.0000,0.0000,0.7659,0.7737,-0.6370,-0.6319,0.0000,0.0000,-0.5227,-0.5171,0.0180,-0.0001,1.000,0.03430
748477.4508,891,TRACKING,34.4,242.3,166.3,261.1,315.5,261.6,-8.11,-8.09,7.92,7.47,-0.19,0.00,-6.22,4.01,0.00,43.30,43.88,47.05,-108.88,-110.24,-0.71,0.0000,0.0000,0.7659,0.7737,-0.6370,-0.6319,0.0000,0.0000,-0.5227,-0.5171,0.0089,0.0035,1.000,0.03430
748477.4826,892,TRACKING,34.4,242.3,166.3,261.1,315.5,261.6,-8.11,-8.09,7.92,7.47,-0.19,0.00,-6.22,4.01,0.00,43.30,43.88,47.05,-108.88,-109.76,-0.24,0.0000,0.0000,0.7659,0.7737,-0.6370,-0.6319,0.0000,0.0000,-0.5227,-0.5171,0.0030,0.0035,1.000,0.03430
748477.5161,893,TRACKING,34.4,242.3,166.3,261.1,315.5,261.6,-8.11,-8.09,7.92,7.47,-0.19,0.00,-6.22,4.01,0.00,43.30,43.88,47.05,-108.88,-109.76,-0.24,0.0000,0.0000,0.7659,0.7737,-0.6370,-0.6319,0.0000,0.0000,-0.5227,-0.5171,0.0030,0.0035,1.000,0.03430
748477.5497,894,TRACKING,36.7,241.6,174.6,260.8,314.9,260.5,-7.93,-8.09,8.06,7.47,0.12,0.00,-6.22,4.01,0.00,40.92,42.84,46.01,-105.90,-108.41,1.11,0.0000,0.0000,0.7659,0.7737,-0.6370,-0.6319,0.0000,0.0000,-0.5112,-0.5171,-0.0139,-0.0035,1.000,0.03430
748477.5830,895,TRACKING,36.7,241.6,174.6,260.8,314.9,260.5,-7.93,-8.09,8.06,7.47,0.12,0.00,-6.22,4.01,0.00,40.92,42.17,45.34,-105.90,-107.53,1.99,0.0000,0.0000,0.7659,0.7737,-0.6370,-0.6319,0.0000,0.0000,-0.5037,-0.5117,-0.0249,-0.0120,1.000,0.03430
748477.6166,896,TRACKING,37.0,242.4,171.3,260.7,315.1,260.9,-7.77,-8.09,7.71,7.47,-0.06,0.00,-6.22,4.01,0.00,42.63,42.17,45.34,-103.59,-106.15,3.37,0.0000,0.0000,0.7659,0.7737,-0.6370,-0.6319,0.0000,0.0000,-0.5037,-0.5117,-0.0422,-0.0241,1.000,0.03430
748477.6499,897,TRACKING,37.0,242.4,171.3,260.7,315.1,260.9,-7.77,-8.09,7.71,7.47,-0.06,0.00,-6.22,4.01,0.00,42.63,42.17,45.34,-103.59,-105.26,4.27,0.0000,0.0000,0.7659,0.7737,-0.6370,-0.6319,0.0000,0.0000,-0.5037,-0.5117,-0.0534,-0.0358,1.000,0.03430
748477.6828,898,TRACKING,37.0,242.4,171.3,260.7,315.1,260.9,-7.77,-8.09,7.71,7.47,-0.06,0.00,-6.22,4.01,0.00,42.63,42.17,45.34,-103.59,-104.67,4.85,0.0000,0.0000,0.7659,0.7737,-0.6370,-0.6319,0.0000,0.0000,-0.5037,-0.5117,-0.0607,-0.0458,1.000,0.03430
748477.7168,899,TRACKING,33.6,240.0,167.3,260.1,315.1,260.8,-8.57,-8.09,8.29,7.47,-0.28,0.00,-6.22,4.01,0.00,42.55,42.17,45.34,-104.43,-104.67,4.85,0.0000,0.0000,0.7659,0.7737,-0.6370,-0.6319,0.0000,0.0000,-0.5037,-0.5117,-0.0607,-0.0517,1.000,0.03430
748477.7495,900,TRACKING,35.9,241.8,171.6,261.2,315.0,260.9,-8.15,-8.09,8.30,7.47,0.15,0.00,-6.22,4.01,0.00,42.26,42.17,45.34,-104.58,-104.67,4.85,0.0000,0.0000,0.7659,0.7737,-0.6370,-0.6319,0.0000,0.0000,-0.5037,-0.5117,-0.0607,-0.0553,1.000,0.03430
748477.7826,901,TRACKING,35.9,241.8,171.6,261.2,315.0,260.9,-8.15,-8.09,8.30,7.47,0.15,0.00,-6.22,4.01,0.00,42.26,42.17,45.34,-104.58,-104.67,4.85,0.0000,0.0000,0.7659,0.7737,-0.6370,-0.6319,0.0000,0.0000,-0.5037,-0.5117,-0.0607,-0.0553,1.000,0.03430
748477.8163,902,TRACKING,40.1,243.3,177.5,273.3,317.5,261.6,-12.35,-8.78,17.11,9.13,4.77,0.00,-6.91,2.35,0.00,38.55,40.90,44.07,-106.93,-105.46,4.07,0.0000,0.0000,0.7843,0.7779,-0.6217,-0.6278,0.0000,0.0000,-0.4897,-0.5029,-0.0508,-0.0553,1.000,0.03430
748477.8506,903,TRACKING,36.5,242.8,175.0,260.6,316.8,262.6,-7.34,-8.78,6.54,9.13,-0.81,0.00,-6.91,2.35,0.00,44.67,42.22,45.39,-110.37,-107.18,2.35,0.0000,0.0000,0.7843,0.7779,-0.6217,-0.6278,0.0000,0.0000,-0.5043,-0.5029,-0.0293,-0.0449,1.000,0.03430
748477.8828,904,TRACKING,36.5,242.8,175.0,260.6,316.8,262.6,-7.34,-8.78,6.54,9.13,-0.81,0.00,-6.91,2.35,0.00,44.67,43.08,46.25,-110.37,-108.30,1.23,0.0000,0.0000,0.7843,0.7779,-0.6217,-0.6278,0.0000,0.0000,-0.5138,-0.5073,-0.0154,-0.0331,1.000,0.03430
748477.9161,905,TRACKING,36.4,242.5,173.8,260.1,316.7,262.4,-7.31,-8.78,6.39,8.53,-0.91,0.00,-6.91,2.95,0.00,43.77,43.08,46.25,-113.66,-110.18,-0.65,0.0000,0.0000,0.7843,0.7779,-0.6272,-0.6278,0.0000,0.0000,-0.5138,-0.5073,0.0081,-0.0166,1.000,0.03430
748477.9493,906,TRACKING,36.4,242.5,173.8,260.1,316.7,262.4,-7.31,-8.36,6.39,7.98,-0.91,0.00,-6.49,3.50,0.00,43.77,43.08,46.25,-113.66,-111.40,-1.87,0.0000,0.0000,0.7730,0.7779,-0.6323,-0.6278,0.0000,0.0000,-0.5138,-0.5073,0.0234,-0.0006,1.000,0.03430
748477.9829,907,TRACKING,37.8,241.1,178.4,261.3,317.3,262.7,-8.18,-8.36,7.60,7.98,-0.58,0.00,-6.49,3.50,0.00,43.41,43.08,46.25,-109.44,-110.71,-1.18,0.0000,0.0000,0.7730,0.7779,-0.6323,-0.6278,0.0000,0.0000,-0.5138,-0.5073,0.0148,0.0055,1.000,0.03430
748478.0162,908,TRACKING,37.8,241.1,178.4,261.3,317.3,262.7,-8.18,-8.36,7.60,7.98,-0.58,0.00,-6.49,3.50,0.00,43.41,43.08,46.25,-109.44,-110.26,-0.74,0.0000,0.0000,0.7730,0.7779,-0.6323,-0.6278,0.0000,0.0000,-0.5138,-0.5073,0.0092,0.0055,1.000,0.03430
748478.0493,909,TRACKING,43.5,244.7,184.5,273.3,317.6,262.1,-11.47,-8.78,16.26,9.16,4.79,0.00,-6.91,2.32,0.00,37.30,41.05,44.22,-104.23,-108.15,1.38,0.0000,0.0000,0.7844,0.7779,-0.6215,-0.6278,0.0000,0.0000,-0.4914,-0.5009,-0.0172,-0.0036,1.000,0.03430
748478.0829,910,TRACKING,43.5,244.7,184.5,273.3,317.6,262.1,-11.47,-9.36,16.26,10.69,4.79,0.00,-7.49,0.79,0.00,37.30,39.74,42.91,-104.23,-106.78,2.75,0.0000,0.0000,0.7998,0.7867,-0.6073,-0.6196,0.0000,0.0000,-0.4767,-0.4912,-0.0344,-0.0159,1.000,0.03430
748478.1170,911,TRACKING,43.6,243.5,183.9,272.3,316.8,261.6,-11.61,-9.92,16.24,12.11,4.63,0.00,-8.05,-0.63,0.00,39.04,39.74,42.91,-102.54,-105.29,4.24,0.0000,0.0000,0.8147,0.7979,-0.5942,-0.6094,0.0000,0.0000,-0.4767,-0.4854,-0.0529,-0.0307,1.000,0.03430
748478.1495,912,TRACKING,42.8,245.3,183.2,272.2,317.8,260.5,-10.86,-9.92,15.82,13.21,4.96,0.00,-8.05,-1.73,0.00,40.39,39.74,42.91,-95.59,-101.89,7.63,0.0000,0.0000,0.8147,0.8046,-0.5841,-0.5993,0.0000,0.0000,-0.4767,-0.4819,-0.0954,-0.0566,1.000,0.03430
748478.1846,913,TRACKING,42.8,245.3,183.2,272.2,317.8,260.5,-10.86,-9.92,15.82,14.01,4.96,0.00,-8.05,-2.53,0.00,40.39,39.74,42.91,-95.59,-99.68,9.85,0.0000,0.0000,0.8147,0.8087,-0.5766,-0.5902,0.0000,0.0000,-0.4767,-0.4819,-0.1231,-0.0832,1.000,0.03430
748478.2164,914,TRACKING,32.7,247.3,162.9,274.0,316.2,249.8,-11.59,-10.37,20.58,15.38,8.99,0.00,-8.50,-3.90,0.00,30.85,36.63,39.79,-97.38,-98.87,10.65,0.0000,0.0000,0.8266,0.8158,-0.5640,-0.5797,0.0000,0.0000,-0.4422,-0.4660,-0.1332,-0.1032,1.000,0.03430
748478.2501,915,TRACKING,32.7,247.3,162.9,274.0,316.2,249.8,-11.59,-10.37,20.58,16.71,8.99,0.00,-8.50,-5.23,0.00,30.85,34.60,37.77,-97.38,-98.35,11.18,0.0000,0.0000,0.8266,0.8201,-0.5518,-0.5685,0.0000,0.0000,-0.4196,-0.4475,-0.1397,-0.1178,1.000,0.03430
748478.2829,916,TRACKING,35.2,244.3,167.7,271.4,319.1,244.0,-11.56,-10.37,21.82,17.99,10.26,0.00,-8.50,-6.51,0.00,29.40,32.78,35.94,-95.27,-97.27,12.26,0.0000,0.0000,0.8266,0.8201,-0.5399,-0.5571,0.0000,0.0000,-0.3994,-0.4282,-0.1532,-0.1320,1.000,0.03430
748478.3161,917,TRACKING,35.2,244.3,167.7,271.4,319.1,244.0,-11.56,-10.37,21.82,19.06,10.26,0.00,-8.50,-7.58,0.00,29.40,31.59,34.76,-95.27,-96.57,12.96,0.0000,0.0000,0.8266,0.8201,-0.5300,-0.5463,0.0000,0.0000,-0.3862,-0.4114,-0.1619,-0.1440,1.000,0.03430
748478.3495,918,TRACKING,38.8,242.7,175.0,266.4,320.5,235.8,-9.87,-10.37,21.74,19.85,11.87,0.00,-8.50,-8.37,0.00,18.86,27.14,30.30,-93.18,-95.38,14.15,0.0000,0.0000,0.8266,0.8201,-0.5227,-0.5368,0.0000,0.0000,-0.3367,-0.3815,-0.1768,-0.1571,1.000,0.03430
748478.3828,919,TRACKING,36.2,240.1,165.2,265.4,320.7,231.8,-11.10,-10.37,23.30,20.69,12.20,0.00,-8.50,-9.21,0.00,6.52,19.92,23.08,-89.21,-93.22,16.31,0.0000,0.0000,0.8266,0.8201,-0.5150,-0.5281,0.0000,0.0000,-0.2565,-0.3315,-0.2038,-0.1758,1.000,0.03430
748478.4170,920,TRACKING,36.2,240.1,165.2,265.4,320.7,231.8,-11.10,-10.37,23.30,21.40,12.20,0.00,-8.50,-9.92,0.00,6.52,15.17,18.34,-89.21,-91.82,17.71,0.0000,0.0000,0.8266,0.8201,-0.5084,-0.5202,0.0000,0.0000,-0.2038,-0.2804,-0.2214,-0.1940,1.000,0.03430
748478.4493,921,TRACKING,29.7,239.3,150.5,270.8,321.3,230.6,-14.61,-11.14,27.86,22.67,13.25,0.00,-9.27,-11.19,0.00,-3.53,8.57,11.73,-94.25,-92.67,16.86,0.0000,0.0000,0.8471,0.8309,-0.4967,-0.5108,0.0000,0.0000,-0.1304,-0.2204,-0.2107,-0.2007,1.000,0.03430
748478.4828,922,TRACKING,29.7,239.3,150.5,270.8,321.3,230.6,-14.61,-11.95,27.86,23.94,13.25,0.00,-10.08,-12.46,0.00,-3.53,4.27,7.44,-94.25,-93.22,16.30,0.0000,0.0000,0.8688,0.8461,-0.4850,-0.5005,0.0000,0.0000,-0.0826,-0.1653,-0.2038,-0.2007,1.000,0.03430
748478.5167,923,TRACKING,30.0,238.2,148.6,267.0,321.5,233.4,-13.66,-12.51,24.65,24.50,10.99,0.00,-10.64,-13.02,0.00,-7.29,0.17,3.34,-95.82,-94.13,15.40,0.0000,0.0000,0.8838,0.8612,-0.4799,-0.4922,0.0000,0.0000,-0.0371,-0.1140,-0.1924,-0.1974,1.000,0.03430
748478.5494,924,TRACKING,30.0,238.2,148.6,267.0,321.5,233.4,-13.66,-12.51,24.65,24.50,10.99,0.00,-10.64,-13.02,0.00,-7.29,-2.47,0.70,-95.82,-94.72,14.81,0.0000,0.0000,0.8838,0.8702,-0.4799,-0.4873,0.0000,0.0000,-0.0078,-0.0715,-0.1851,-0.1925,1.000,0.03430
748478.5829,925,TRACKING,30.1,237.2,144.3,268.6,321.4,236.3,-15.38,-13.17,25.72,24.50,10.34,0.00,-11.30,-13.02,0.00,-11.11,-5.52,-2.35,-97.52,-95.70,13.83,0.0000,0.0000,0.9012,0.8826,-0.4799,-0.4873,0.0000,0.0000,0.0261,-0.0325,-0.1728,-0.1846,1.000,0.03430
748478.6160,926,TRACKING,30.1,237.2,144.3,268.6,321.4,236.3,-15.38,-13.75,25.72,24.50,10.34,0.00,-11.88,-13.02,0.00,-11.11,-7.49,-4.32,-97.52,-96.34,13.19,0.0000,0.0000,0.9167,0.8963,-0.4799,-0.4873,0.0000,0.0000,0.0480,-0.0003,-0.1649,-0.1767,1.000,0.03430
748478.6498,927,TRACKING,32.3,237.3,150.0,266.6,321.2,238.5,-13.96,-13.75,23.28,24.50,9.32,0.00,-11.88,-13.02,0.00,-11.14,-8.77,-5.61,-95.89,-96.34,13.19,0.0000,0.0000,0.9167,0.9045,-0.4799,-0.4873,0.0000,0.0000,0.0623,0.0248,-0.1649,-0.1720,1.000,0.03430
748478.6827,928,TRACKING,32.2,239.4,151.3,270.4,319.9,239.3,-14.58,-13.75,25.03,24.50,10.45,0.00,-11.88,-13.02,0.00,-13.40,-10.40,-7.23,-97.00,-96.34,13.19,0.0000,0.0000,0.9167,0.9094,-0.4799,-0.4873,0.0000,0.0000,0.0804,0.0470,-0.1649,-0.1720,1.000,0.03430
748478.7161,929,TRACKING,32.2,239.4,151.3,270.4,319.9,239.3,-14.58,-13.75,25.03,24.50,10.45,0.00,-11.88,-13.02,0.00,-13.40,-11.45,-8.29,-97.00,-96.34,13.19,0.0000,0.0000,0.9167,0.9094,-0.4799,-0.4873,0.0000,0.0000,0.0921,0.0650,-0.1649,-0.1720,1.000,0.03430
748478.7494,930,TRACKING,34.8,238.0,152.0,270.3,319.0,240.5,-15.41,-13.75,25.55,24.50,10.14,0.00,-11.88,-13.02,0.00,-12.32,-11.45,-8.29,-98.11,-96.96,12.57,0.0000,0.0000,0.9167,0.9094,-0.4799,-0.4873,0.0000,0.0000,0.0921,0.0758,-0.1571,-0.1660,1.000,0.03430
748478.7829,931,TRACKING,34.8,238.0,152.0,270.3,319.0,240.5,-15.41,-14.24,25.55,24.50,10.14,0.00,-12.37,-13.02,0.00,-12.32,-11.45,-8.29,-98.11,-96.96,12.57,0.0000,0.0000,0.9297,0.9175,-0.4799,-0.4873,0.0000,0.0000,0.0921,0.0823,-0.1571,-0.1624,1.000,0.03430
748478.8161,932,TRACKING,35.0,237.4,155.9,268.0,318.5,240.2,-14.21,-14.24,23.90,24.50,9.69,0.00,-12.37,-13.02,0.00,-11.35,-11.45,-8.29,-96.58,-96.96,12.57,0.0000,0.0000,0.9297,0.9224,-0.4799,-0.4873,0.0000,0.0000,0.0921,0.0862,-0.1571,-0.1624,1.000,0.03430
748478.8493,933,TRACKING,35.0,237.4,155.9,268.0,318.5,240.2,-14.21,-14.24,23.90,24.50,9.69,0.00,-12.37,-13.02,0.00,-11.35,-11.45,-8.29,-96.58,-96.96,12.57,0.0000,0.0000,0.9297,0.9224,-0.4799,-0.4873,0.0000,0.0000,0.0921,0.0862,-0.1571,-0.1624,1.000,0.03430
748478.8828,934,TRACKING,35.1,237.4,154.4,267.9,318.6,239.1,-14.36,-14.24,24.31,24.50,9.95,0.00,-12.37,-13.02,0.00,-11.33,-11.45,-8.29,-96.94,-96.96,12.57,0.0000,0.0000,0.9297,0.9224,-0.4799,-0.4873,0.0000,0.0000,0.0921,0.0862,-0.1571,-0.1624,1.000,0.03430
748478.9166,935,TRACKING,33.5,239.0,153.7,268.1,319.6,239.1,-13.60,-14.24,23.53,24.50,9.92,0.00,-12.37,-13.02,0.00,-9.72,-10.85,-7.68,-96.34,-96.96,12.57,0.0000,0.0000,0.9297,0.9224,-0.4799,-0.4873,0.0000,0.0000,0.0853,0.0862,-0.1571,-0.1624,1.000,0.03430
748478.9493,936,TRACKING,33.5,239.0,153.7,268.1,319.6,239.1,-13.60,-14.24,23.53,24.50,9.92,0.00,-12.37,-13.02,0.00,-9.72,-10.85,-7.68,-96.34,-96.96,12.57,0.0000,0.0000,0.9297,0.9224,-0.4799,-0.4873,0.0000,0.0000,0.0853,0.0862,-0.1571,-0.1624,1.000,0.03430
748478.9829,937,TRACKING,33.9,239.8,150.9,270.3,320.1,239.6,-14.60,-14.24,24.88,24.50,10.29,0.00,-12.37,-13.02,0.00,-8.89,-10.16,-6.99,-97.48,-96.96,12.57,0.0000,0.0000,0.9297,0.9224,-0.4799,-0.4873,0.0000,0.0000,0.0777,0.0828,-0.1571,-0.1624,1.000,0.03430
748479.0161,938,TRACKING,35.0,238.3,151.1,268.5,320.6,239.9,-14.57,-14.24,24.12,24.50,9.55,0.00,-12.37,-13.02,0.00,-7.10,-9.09,-5.92,-98.62,-97.54,11.99,0.0000,0.0000,0.9297,0.9224,-0.4799,-0.4873,0.0000,0.0000,0.0658,0.0760,-0.1498,-0.1574,1.000,0.03430
748479.0494,939,TRACKING,35.0,238.3,151.1,268.5,320.6,239.9,-14.57,-14.24,24.12,24.50,9.55,0.00,-12.37,-13.02,0.00,-7.10,-8.39,-5.22,-98.62,-97.54,11.99,0.0000,0.0000,0.9297,0.9224,-0.4799,-0.4873,0.0000,0.0000,0.0580,0.0688,-0.1498,-0.1574,1.000,0.03430
748479.0828,940,TRACKING,36.8,242.3,157.7,272.1,321.3,241.5,-13.83,-14.24,24.44,24.50,10.61,0.00,-12.37,-13.02,0.00,-5.53,-7.39,-4.22,-97.30,-97.54,11.99,0.0000,0.0000,0.9297,0.9224,-0.4799,-0.4873,0.0000,0.0000,0.0469,0.0600,-0.1498,-0.1574,1.000,0.03430
748479.1171,941,TRACKING,36.4,241.8,172.0,258.7,325.4,245.4,-7.14,-13.04,12.13,22.48,4.99,0.00,-11.17,-11.00,0.00,19.57,1.98,5.15,-93.01,-95.96,13.57,0.0000,0.0000,0.8978,0.9126,-0.4985,-0.4918,0.0000,0.0000,-0.0572,0.0131,-0.1697,-0.1623,1.000,0.03430
748479.1512,942,TRACKING,32.8,244.2,166.4,260.8,324.2,246.5,-7.10,-11.66,12.27,20.14,5.17,0.00,-9.79,-8.66,0.00,28.85,11.48,14.65,-93.88,-95.23,14.30,0.0000,0.0000,0.8610,0.8919,-0.5201,-0.5031,0.0000,0.0000,-0.1628,-0.0572,-0.1787,-0.1689,1.000,0.03430
748479.1827,943,TRACKING,32.8,244.2,166.4,260.8,324.2,246.5,-7.10,-10.44,12.27,18.06,5.17,0.00,-8.57,-6.58,0.00,28.85,17.71,20.88,-93.88,-94.76,14.77,0.0000,0.0000,0.8286,0.8666,-0.5393,-0.5176,0.0000,0.0000,-0.2320,-0.1271,-0.1846,-0.1752,1.000,0.03430
748479.2162,944,TRACKING,37.0,246.6,179.0,273.1,325.8,257.3,-10.57,-10.44,16.70,17.12,6.12,0.00,-8.57,-5.64,0.00,39.10,25.35,28.52,-87.92,-92.37,17.16,0.0000,0.0000,0.8286,0.8514,-0.5480,-0.5297,0.0000,0.0000,-0.3168,-0.2030,-0.2145,-0.1909,1.000,0.03430
748479.2493,945,TRACKING,37.0,246.6,179.0,273.1,325.8,257.3,-10.57,-10.44,16.70,17.12,6.12,0.00,-8.57,-5.64,0.00,39.10,30.28,33.45,-87.92,-90.81,18.72,0.0000,0.0000,0.8286,0.8423,-0.5480,-0.5370,0.0000,0.0000,-0.3716,-0.2705,-0.2340,-0.2081,1.000,0.03430
748479.2832,946,TRACKING,35.7,246.7,174.3,276.2,320.4,258.9,-12.01,-10.44,18.74,17.12,6.73,0.00,-8.57,-5.64,0.00,37.86,32.99,36.15,-95.24,-92.36,17.17,0.0000,0.0000,0.8286,0.8368,-0.5480,-0.5414,0.0000,0.0000,-0.4017,-0.3230,-0.2146,-0.2081,1.000,0.03430
748479.3161,947,TRACKING,32.6,245.7,169.2,278.8,318.4,264.9,-13.63,-11.02,18.97,17.12,5.33,0.00,-9.15,-5.64,0.00,39.75,35.39,38.56,-98.21,-94.41,15.12,0.0000,0.0000,0.8440,0.8368,-0.5480,-0.5414,0.0000,0.0000,-0.4284,-0.3651,-0.1890,-0.2005,1.000,0.03430
748479.3499,948,TRACKING,32.6,245.7,169.2,278.8,318.4,264.9,-13.63,-11.64,18.97,17.58,5.33,0.00,-9.77,-6.10,0.00,39.75,36.93,40.10,-98.21,-95.74,13.79,0.0000,0.0000,0.8605,0.8463,-0.5437,-0.5414,0.0000,0.0000,-0.4455,-0.3973,-0.1723,-0.1892,1.000,0.03430
748479.3831,949,TRACKING,26.8,244.9,155.0,270.5,317.1,272.5,-11.28,-11.64,10.55,16.60,-0.72,0.00,-9.77,-5.12,0.00,41.50,38.54,41.71,-140.62,-111.14,-1.61,0.0000,0.0000,0.8605,0.8520,-0.5527,-0.5459,0.0000,0.0000,-0.4634,-0.4237,0.0201,-0.1055,1.000,0.03430
748479.4160,950,TRACKING,26.8,244.9,155.0,270.5,317.1,272.5,-11.28,-11.64,10.55,15.29,-0.72,0.00,-9.77,-3.81,0.00,41.50,39.58,42.75,-140.62,-121.87,-12.34,0.0000,0.0000,0.8605,0.8554,-0.5648,-0.5535,0.0000,0.0000,-0.4750,-0.4442,0.1542,-0.0016,1.000,0.03430
748479.4496,951,TRACKING,27.8,247.4,157.0,273.7,317.1,273.2,-11.50,-11.64,11.67,14.25,0.17,0.00,-9.77,-2.77,0.00,37.62,38.89,42.06,-168.05,-138.53,-29.00,0.0000,0.0000,0.8605,0.8554,-0.5744,-0.5619,0.0000,0.0000,-0.4673,-0.4535,0.3625,0.1440,1.000,0.03430
748479.4826,952,TRACKING,27.8,247.4,157.0,273.7,317.1,273.2,-11.50,-11.64,11.67,13.47,0.17,0.00,-9.77,-1.99,0.00,37.62,38.45,41.61,-168.05,-149.65,-40.13,0.0000,0.0000,0.8605,0.8554,-0.5816,-0.5698,0.0000,0.0000,-0.4624,-0.4570,0.5016,0.2871,1.000,0.03430
748479.5160,953,TRACKING,31.8,246.8,168.5,273.3,320.9,276.4,-10.97,-11.64,9.82,12.62,-1.15,0.00,-9.77,-1.14,0.00,41.25,39.43,42.60,-149.97,-149.65,-40.13,0.0000,0.0000,0.8605,0.8554,-0.5895,-0.5777,0.0000,0.0000,-0.4733,-0.4635,0.5016,0.3729,1.000,0.03430
748479.5494,954,TRACKING,27.6,246.8,158.8,274.2,319.6,277.1,-11.79,-11.64,10.75,12.02,-1.04,0.00,-9.77,-0.54,0.00,41.17,40.04,43.21,-136.43,-144.69,-35.16,0.0000,0.0000,0.8605,0.8554,-0.5950,-0.5846,0.0000,0.0000,-0.4801,-0.4702,0.4395,0.3995,1.000,0.03430
748479.5827,955,TRACKING,27.6,246.8,158.8,274.2,319.6,277.1,-11.79,-11.64,10.75,12.02,-1.04,0.00,-9.77,-0.54,0.00,41.17,40.04,43.21,-136.43,-141.65,-32.12,0.0000,0.0000,0.8605,0.8554,-0.5950,-0.5888,0.0000,0.0000,-0.4801,-0.4741,0.4016,0.3995,1.000,0.03430
748479.6162,956,TRACKING,30.2,246.1,163.8,275.6,319.8,277.4,-12.45,-11.64,11.78,12.02,-0.66,0.00,-9.77,-0.54,0.00,40.49,40.04,43.21,-150.56,-144.88,-35.35,0.0000,0.0000,0.8605,0.8554,-0.5950,-0.5888,0.0000,0.0000,-0.4801,-0.4741,0.4419,0.4165,1.000,0.03430
748479.6493,957,TRACKING,28.5,246.4,163.8,275.7,319.0,276.8,-12.22,-11.64,11.82,12.02,-0.40,0.00,-9.77,-0.54,0.00,39.59,40.04,43.21,-146.47,-145.45,-35.92,0.0000,0.0000,0.8605,0.8554,-0.5950,-0.5888,0.0000,0.0000,-0.4801,-0.4741,0.4490,0.4295,1.000,0.03430
748479.6835,958,TRACKING,27.0,247.1,160.2,276.8,318.2,275.7,-12.58,-11.64,12.98,12.02,0.40,0.00,-9.77,-0.54,0.00,37.91,39.30,42.46,-154.71,-148.73,-39.21,0.0000,0.0000,0.8605,0.8554,-0.5950,-0.5888,0.0000,0.0000,-0.4718,-0.4741,0.4901,0.4537,1.000,0.03430
748479.7169,959,TRACKING,28.4,246.4,166.1,273.6,317.1,275.2,-11.16,-11.64,10.54,12.02,-0.62,0.00,-9.77,-0.54,0.00,38.25,39.30,42.46,-155.01,-150.95,-41.43,0.0000,0.0000,0.8605,0.8554,-0.5950,-0.5888,0.0000,0.0000,-0.4718,-0.4741,0.5178,0.4794,1.000,0.03430
748479.7498,960,TRACKING,28.4,246.4,166.1,273.6,317.1,275.2,-11.16,-11.64,10.54,12.02,-0.62,0.00,-9.77,-0.54,0.00,38.25,39.30,42.46,-155.01,-152.38,-42.86,0.0000,0.0000,0.8605,0.8554,-0.5950,-0.5888,0.0000,0.0000,-0.4718,-0.4741,0.5357,0.5019,1.000,0.03430
748479.7829,961,TRACKING,28.5,246.8,164.0,273.6,317.1,274.9,-11.21,-11.64,10.73,12.02,-0.47,0.00,-9.77,-0.54,0.00,39.19,39.30,42.46,-149.62,-151.41,-41.88,0.0000,0.0000,0.8605,0.8554,-0.5950,-0.5888,0.0000,0.0000,-0.4718,-0.4741,0.5236,0.5106,1.000,0.03430
748479.8163,962,TRACKING,24.6,244.7,158.6,273.0,316.4,274.1,-11.93,-11.64,11.55,12.02,-0.38,0.00,-9.77,-0.54,0.00,38.36,39.30,42.46,-144.34,-148.93,-39.40,0.0000,0.0000,0.8605,0.8554,-0.5950,-0.5888,0.0000,0.0000,-0.4718,-0.4741,0.4925,0.5033,1.000,0.03430
748479.8496,963,TRACKING,26.2,246.6,160.5,274.5,317.3,275.0,-11.74,-11.64,11.53,12.02,-0.21,0.00,-9.77,-0.54,0.00,38.83,39.30,42.46,-153.21,-150.43,-40.90,0.0000,0.0000,0.8605,0.8554,-0.5950,-0.5888,0.0000,0.0000,-0.4718,-0.4741,0.5113,0.5033,1.000,0.03430
748479.8827,964,TRACKING,20.3,245.9,144.8,276.0,316.9,274.9,-13.59,-11.64,13.94,12.02,0.35,0.00,-9.77,-0.54,0.00,36.63,38.36,41.53,-165.24,-155.62,-46.09,0.0000,0.0000,0.8605,0.8554,-0.5950,-0.5888,0.0000,0.0000,-0.4614,-0.4691,0.5761,0.5324,1.000,0.03430
748479.9160,965,TRACKING,20.3,245.9,144.8,276.0,316.9,274.9,-13.59,-12.11,13.94,12.02,0.35,0.00,-10.24,-0.54,0.00,36.63,37.76,40.92,-165.24,-159.00,-49.47,0.0000,0.0000,0.8730,0.8624,-0.5950,-0.5888,0.0000,0.0000,-0.4547,-0.4633,0.6184,0.5668,1.000,0.03430
748479.9498,966,TRACKING,23.6,246.7,146.5,275.1,318.9,277.0,-13.01,-12.11,12.40,12.02,-0.61,0.00,-10.24,-0.54,0.00,39.64,38.41,41.58,-167.56,-162.01,-52.49,0.0000,0.0000,0.8730,0.8667,-0.5950,-0.5888,0.0000,0.0000,-0.4620,-0.4633,0.6561,0.6025,1.000,0.03430
748479.9829,967,TRACKING,27.0,246.0,158.6,272.9,319.4,277.0,-11.55,-12.11,10.09,12.02,-1.47,0.00,-10.24,-0.54,0.00,38.97,38.41,41.58,-170.12,-164.87,-55.34,0.0000,0.0000,0.8730,0.8667,-0.5950,-0.5888,0.0000,0.0000,-0.4620,-0.4633,0.6917,0.6382,1.000,0.03430
748480.0172,968,TRACKING,19.5,248.9,134.2,278.0,319.8,278.2,-14.22,-12.11,14.16,12.02,-0.06,0.00,-10.24,-0.54,0.00,38.95,38.41,41.58,-173.08,-167.75,-58.22,0.0000,0.0000,0.8730,0.8667,-0.5950,-0.5888,0.0000,0.0000,-0.4620,-0.4633,0.7278,0.6740,1.000,0.03430
748480.0494,969,TRACKING,19.5,248.9,134.2,278.0,319.8,278.2,-14.22,-12.63,14.16,12.49,-0.06,0.00,-10.76,-1.01,0.00,38.95,38.41,41.58,-173.08,-169.62,-60.10,0.0000,0.0000,0.8870,0.8748,-0.5907,-0.5888,0.0000,0.0000,-0.4620,-0.4633,0.7512,0.7049,1.000,0.03430
748480.0827,970,TRACKING,27.4,245.9,164.8,274.2,321.5,279.5,-11.63,-12.63,9.70,12.49,-1.93,0.00,-10.76,-1.01,0.00,42.46,39.83,43.00,-153.23,-163.88,-54.35,0.0000,0.0000,0.8870,0.8797,-0.5907,-0.5888,0.0000,0.0000,-0.4778,-0.4691,0.6794,0.6947,1.000,0.03430
748480.1176,971,TRACKING,23.0,244.3,152.1,275.8,320.0,277.2,-13.70,-12.63,13.22,12.49,-0.48,0.00,-10.76,-1.01,0.00,39.22,39.83,43.00,-156.91,-161.42,-51.89,0.0000,0.0000,0.8870,0.8797,-0.5907,-0.5888,0.0000,0.0000,-0.4778,-0.4726,0.6486,0.6763,1.000,0.03430
748480.1499,972,TRACKING,24.6,246.5,153.0,275.4,320.6,277.3,-12.67,-12.63,12.00,12.49,-0.67,0.00,-10.76,-1.01,0.00,39.15,39.83,43.00,-165.76,-162.95,-53.42,0.0000,0.0000,0.8870,0.8797,-0.5907,-0.5888,0.0000,0.0000,-0.4778,-0.4726,0.6678,0.6729,1.000,0.03430
748480.1827,973,TRACKING,24.6,246.5,153.0,275.4,320.6,277.3,-12.67,-12.63,12.00,12.49,-0.67,0.00,-10.76,-1.01,0.00,39.15,39.83,43.00,-165.76,-163.94,-54.41,0.0000,0.0000,0.8870,0.8797,-0.5907,-0.5888,0.0000,0.0000,-0.4778,-0.4726,0.6801,0.6729,1.000,0.03430
748480.2161,974,TRACKING,24.6,246.5,153.0,275.4,320.6,277.3,-12.67,-12.63,12.00,12.49,-0.67,0.00,-10.76,-1.01,0.00,39.15,39.83,43.00,-165.76,-164.58,-55.05,0.0000,0.0000,0.8870,0.8797,-0.5907,-0.5888,0.0000,0.0000,-0.4778,-0.4726,0.6881,0.6790,1.000,0.03430
748480.2493,975,TRACKING,23.7,245.8,153.2,276.1,320.6,276.9,-13.20,-12.63,12.93,12.49,-0.27,0.00,-10.76,-1.01,0.00,38.83,39.83,43.00,-153.24,-160.61,-51.08,0.0000,0.0000,0.8870,0.8797,-0.5907,-0.5888,0.0000,0.0000,-0.4778,-0.4726,0.6385,0.6628,1.000,0.03430
748480.2829,976,TRACKING,23.7,245.8,153.2,276.1,320.6,276.9,-13.20,-12.63,12.93,12.49,-0.27,0.00,-10.76,-1.01,0.00,38.83,39.83,43.00,-153.24,-158.02,-48.49,0.0000,0.0000,0.8870,0.8797,-0.5907,-0.5888,0.0000,0.0000,-0.4778,-0.4726,0.6062,0.6401,1.000,0.03430
748480.3162,977,TRACKING,23.7,245.8,153.2,276.1,320.6,276.9,-13.20,-12.63,12.93,12.49,-0.27,0.00,-10.76,-1.01,0.00,38.83,39.83,43.00,-153.24,-156.34,-46.81,0.0000,0.0000,0.8870,0.8797,-0.5907,-0.5888,0.0000,0.0000,-0.4778,-0.4726,0.5852,0.6181,1.000,0.03430
748480.3494,978,TRACKING,19.6,244.7,140.2,275.3,319.9,276.1,-14.26,-12.63,14.03,12.49,-0.23,0.00,-10.76,-1.01,0.00,38.94,39.83,43.00,-148.37,-153.55,-44.02,0.0000,0.0000,0.8870,0.8797,-0.5907,-0.5888,0.0000,0.0000,-0.4778,-0.4726,0.5502,0.5910,1.000,0.03430
748480.3827,979,TRACKING,19.6,244.7,140.2,275.3,319.9,276.1,-14.26,-13.08,14.03,12.49,-0.23,0.00,-11.21,-1.01,0.00,38.94,39.83,43.00,-148.37,-151.73,-42.20,0.0000,0.0000,0.8988,0.8874,-0.5907,-0.5888,0.0000,0.0000,-0.4778,-0.4726,0.5275,0.5656,1.000,0.03430
748480.4162,980,TRACKING,23.6,245.1,152.4,272.7,322.2,277.0,-12.10,-13.08,10.65,12.49,-1.45,0.00,-11.21,-1.01,0.00,39.31,39.83,43.00,-173.12,-159.20,-49.67,0.0000,0.0000,0.8988,0.8920,-0.5907,-0.5888,0.0000,0.0000,-0.4778,-0.4726,0.6209,0.5877,1.000,0.03430
748480.4493,981,TRACKING,23.6,245.1,152.4,272.7,322.2,277.0,-12.10,-13.08,10.65,12.49,-1.45,0.00,-11.21,-1.01,0.00,39.31,39.83,43.00,-173.12,-164.12,-54.59,0.0000,0.0000,0.8988,0.8920,-0.5907,-0.5888,0.0000,0.0000,-0.4778,-0.4726,0.6824,0.6256,1.000,0.03430
748480.4831,982,TRACKING,20.4,245.4,144.8,273.0,320.0,275.4,-12.48,-13.08,11.67,12.49,-0.81,0.00,-11.21,-1.01,0.00,38.24,39.28,42.44,-164.10,-164.12,-54.59,0.0000,0.0000,0.8988,0.8920,-0.5907,-0.5888,0.0000,0.0000,-0.4716,-0.4726,0.6824,0.6483,1.000,0.03430
748480.5160,983,TRACKING,20.4,245.4,144.8,273.0,320.0,275.4,-12.48,-13.08,11.67,12.49,-0.81,0.00,-11.21,-1.01,0.00,38.24,39.28,42.44,-164.10,-164.12,-54.59,0.0000,0.0000,0.8988,0.8920,-0.5907,-0.5888,0.0000,0.0000,-0.4716,-0.4726,0.6824,0.6620,1.000,0.03430
748480.5499,984,TRACKING,18.8,245.7,143.8,273.7,319.9,276.3,-12.64,-13.08,11.82,12.49,-0.82,0.00,-11.21,-1.01,0.00,38.86,39.28,42.44,-164.66,-164.12,-54.59,0.0000,0.0000,0.8988,0.8920,-0.5907,-0.5888,0.0000,0.0000,-0.4716,-0.4726,0.6824,0.6702,1.000,0.03430
748480.5827,985,TRACKING,18.8,245.7,143.8,273.7,319.9,276.3,-12.64,-13.08,11.82,12.49,-0.82,0.00,-11.21,-1.01,0.00,38.86,39.28,42.44,-164.66,-164.12,-54.59,0.0000,0.0000,0.8988,0.8920,-0.5907,-0.5888,0.0000,0.0000,-0.4716,-0.4726,0.6824,0.6751,1.000,0.03430
748480.6169,986,TRACKING,22.2,244.4,146.6,272.9,320.2,276.7,-12.93,-13.08,11.67,12.49,-1.26,0.00,-11.21,-1.01,0.00,40.22,39.28,42.44,-163.77,-164.12,-54.59,0.0000,0.0000,0.8988,0.8920,-0.5907,-0.5888,0.0000,0.0000,-0.4716,-0.4726,0.6824,0.6751,1.000,0.03430
748480.6494,987,TRACKING,23.9,244.7,154.1,273.9,321.8,277.5,-12.64,-13.08,11.42,12.49,-1.22,0.00,-11.21,-1.01,0.00,39.31,39.28,42.44,-172.89,-167.23,-57.70,0.0000,0.0000,0.8988,0.8920,-0.5907,-0.5888,0.0000,0.0000,-0.4716,-0.4726,0.7213,0.6935,1.000,0.03430
748480.6831,988,TRACKING,18.7,247.5,138.6,276.9,320.5,277.2,-13.75,-13.08,13.64,12.49,-0.11,0.00,-11.21,-1.01,0.00,39.16,39.28,42.44,-160.42,-164.82,-55.30,0.0000,0.0000,0.8988,0.8920,-0.5907,-0.5888,0.0000,0.0000,-0.4716,-0.4726,0.6912,0.6935,1.000,0.03430
748480.7163,989,TRACKING,18.7,247.5,138.6,276.9,320.5,277.2,-13.75,-13.08,13.64,12.49,-0.11,0.00,-11.21,-1.01,0.00,39.16,39.28,42.44,-160.42,-163.27,-53.74,0.0000,0.0000,0.8988,0.8920,-0.5907,-0.5888,0.0000,0.0000,-0.4716,-0.4726,0.6718,0.6848,1.000,0.03430
748480.7495,990,TRACKING,20.1,247.8,143.8,277.7,321.9,278.3,-13.60,-13.08,13.39,12.49,-0.20,0.00,-11.21,-1.01,0.00,38.97,39.28,42.44,-177.29,-168.20,-58.67,0.0000,0.0000,0.8988,0.8920,-0.5907,-0.5888,0.0000,0.0000,-0.4716,-0.4726,0.7333,0.7042,1.000,0.03430
748480.7826,991,TRACKING,20.1,247.8,143.8,277.7,321.9,278.3,-13.60,-13.08,13.39,12.49,-0.20,0.00,-11.21,-1.01,0.00,38.97,39.28,42.44,-177.29,-171.40,-61.87,0.0000,0.0000,0.8988,0.8920,-0.5907,-0.5888,0.0000,0.0000,-0.4716,-0.4726,0.7734,0.7319,1.000,0.03430
748480.8162,992,TRACKING,23.4,245.6,155.1,276.6,321.1,277.9,-13.23,-13.08,12.78,12.49,-0.44,0.00,-11.21,-1.01,0.00,38.32,39.28,42.44,-167.67,-170.08,-60.56,0.0000,0.0000,0.8988,0.8920,-0.5907,-0.5888,0.0000,0.0000,-0.4716,-0.4726,0.7570,0.7419,1.000,0.03430
748480.8493,993,TRACKING,23.4,245.6,155.1,276.6,321.1,277.9,-13.23,-13.08,12.78,12.49,-0.44,0.00,-11.21,-1.01,0.00,38.32,39.28,42.44,-167.67,-169.23,-59.71,0.0000,0.0000,0.8988,0.8920,-0.5907,-0.5888,0.0000,0.0000,-0.4716,-0.4726,0.7463,0.7419,1.000,0.03430
748480.8827,994,TRACKING,19.4,246.3,144.4,273.7,321.1,277.3,-12.37,-13.08,11.20,12.49,-1.18,0.00,-11.21,-1.01,0.00,39.40,39.28,42.44,-171.75,-170.12,-60.59,0.0000,0.0000,0.8988,0.8920,-0.5907,-0.5888,0.0000,0.0000,-0.4716,-0.4726,0.7574,0.7481,1.000,0.03430
748480.9173,995,TRACKING,33.2,249.3,167.3,287.8,322.9,278.9,-16.02,-13.52,19.28,13.48,3.26,0.00,-11.65,-2.00,0.00,35.63,38.00,41.17,-171.86,-170.73,-61.20,0.0000,0.0000,0.9108,0.8995,-0.5816,-0.5888,0.0000,0.0000,-0.4574,-0.4665,0.7650,0.7549,1.000,0.03430
748480.9494,996,TRACKING,33.2,249.3,167.3,287.8,322.9,278.9,-16.02,-14.08,19.28,14.74,3.26,0.00,-12.21,-3.26,0.00,35.63,37.17,40.34,-171.86,-170.73,-61.20,0.0000,0.0000,0.9256,0.9099,-0.5699,-0.5812,0.0000,0.0000,-0.4482,-0.4592,0.7650,0.7589,1.000,0.03430
748480.9829,997,TRACKING,25.6,245.5,159.1,275.0,320.2,276.5,-12.47,-14.08,11.94,14.74,-0.53,0.00,-12.21,-3.26,0.00,38.39,37.60,40.76,-161.44,-167.48,-57.95,0.0000,0.0000,0.9256,0.9162,-0.5699,-0.5767,0.0000,0.0000,-0.4529,-0.4592,0.7243,0.7451,1.000,0.03430
748481.0160,998,TRACKING,25.6,245.5,159.1,275.0,320.2,276.5,-12.47,-14.08,11.94,14.30,-0.53,0.00,-12.21,-2.82,0.00,38.39,37.60,40.76,-161.44,-165.36,-55.83,0.0000,0.0000,0.9256,0.9200,-0.5739,-0.5767,0.0000,0.0000,-0.4529,-0.4592,0.6979,0.7262,1.000,0.03430
748481.0493,999,TRACKING,22.2,244.5,150.1,273.0,320.0,276.6,-12.54,-14.08,11.32,13.67,-1.22,0.00,-12.21,-2.19,0.00,38.73,37.60,40.76,-172.86,-167.99,-58.46,0.0000,0.0000,0.9256,0.9200,-0.5798,-0.5767,0.0000,0.0000,-0.4529,-0.4592,0.7308,0.7262,1.000,0.03430
748481.0829,1000,TRACKING,35.1,249.1,171.1,287.6,322.7,278.7,-15.80,-14.08,19.14,14.29,3.34,0.00,-12.21,-2.81,0.00,35.52,36.87,40.04,-165.98,-167.28,-57.75,0.0000,0.0000,0.9256,0.9200,-0.5740,-0.5767,0.0000,0.0000,-0.4449,-0.4535,0.7219,0.7262,1.000,0.03430
748481.1162,1001,TRACKING,35.1,249.1,171.1,287.6,322.7,278.7,-15.80,-14.08,19.14,15.27,3.34,0.00,-12.21,-3.79,0.00,35.52,36.40,39.56,-165.98,-166.82,-57.30,0.0000,0.0000,0.9256,0.9200,-0.5650,-0.5720,0.0000,0.0000,-0.4396,-0.4479,0.7162,0.7222,1.000,0.03430
748481.1493,1002,TRACKING,24.4,245.8,155.3,274.4,320.6,276.6,-12.35,-14.08,11.61,15.27,-0.74,0.00,-12.21,-3.79,0.00,38.61,37.17,40.34,-168.23,-167.32,-57.79,0.0000,0.0000,0.9256,0.9200,-0.5650,-0.5720,0.0000,0.0000,-0.4482,-0.4479,0.7224,0.7222,1.000,0.03430
748481.1828,1003,TRACKING,25.6,246.1,159.9,273.9,320.9,277.0,-11.69,-13.65,10.59,14.41,-1.10,0.00,-11.78,-2.93,0.00,39.88,38.12,41.29,-170.13,-168.30,-58.77,0.0000,0.0000,0.9142,0.9200,-0.5730,-0.5720,0.0000,0.0000,-0.4588,-0.4523,0.7347,0.7272,1.000,0.03430
748481.2173,1004,TRACKING,22.6,247.6,150.5,275.0,319.4,275.8,-12.06,-13.65,11.79,13.69,-0.27,0.00,-11.78,-2.21,0.00,37.71,38.12,41.29,-159.83,-165.34,-55.81,0.0000,0.0000,0.9142,0.9200,-0.5796,-0.5720,0.0000,0.0000,-0.4588,-0.4523,0.6976,0.7154,1.000,0.03430
748481.2507,1005,TRACKING,26.4,247.2,160.7,274.2,321.4,277.7,-11.37,-13.07,10.10,12.86,-1.26,0.00,-11.20,-1.38,0.00,40.25,38.87,42.03,-165.21,-165.34,-55.81,0.0000,0.0000,0.8986,0.9114,-0.5872,-0.5781,0.0000,0.0000,-0.4670,-0.4582,0.6976,0.7083,1.000,0.03430
748481.2828,1006,TRACKING,26.4,247.2,160.7,274.2,321.4,277.7,-11.37,-12.59,10.10,12.13,-1.26,0.00,-10.72,-0.65,0.00,40.25,39.35,42.52,-165.21,-165.34,-55.81,0.0000,0.0000,0.8859,0.9012,-0.5940,-0.5844,0.0000,0.0000,-0.4724,-0.4639,0.6976,0.7040,1.000,0.03430
748481.3161,1007,TRACKING,23.3,247.6,155.1,277.4,319.8,275.9,-12.75,-12.59,13.27,12.13,0.51,0.00,-10.72,-0.65,0.00,36.90,38.49,41.66,-156.83,-162.36,-52.83,0.0000,0.0000,0.8859,0.8951,-0.5940,-0.5882,0.0000,0.0000,-0.4629,-0.4639,0.6604,0.6865,1.000,0.03430
748481.3503,1008,TRACKING,21.5,245.9,147.6,275.3,320.6,277.4,-13.13,-12.59,12.44,12.13,-0.69,0.00,-10.72,-0.65,0.00,40.09,39.05,42.22,-155.24,-159.86,-50.33,0.0000,0.0000,0.8859,0.8914,-0.5940,-0.5882,0.0000,0.0000,-0.4691,-0.4639,0.6291,0.6636,1.000,0.03430
748481.3827,1009,TRACKING,25.1,246.2,154.2,275.7,320.6,277.6,-12.88,-12.59,12.22,12.13,-0.66,0.00,-10.72,-0.65,0.00,38.79,39.05,42.22,-165.64,-161.89,-52.36,0.0000,0.0000,0.8859,0.8914,-0.5940,-0.5882,0.0000,0.0000,-0.4691,-0.4639,0.6545,0.6599,1.000,0.03430
748481.4161,1010,TRACKING,29.0,243.7,168.0,272.1,320.6,277.3,-11.56,-12.59,9.62,12.13,-1.94,0.00,-10.72,-0.65,0.00,39.45,39.05,42.22,-168.36,-164.16,-54.63,0.0000,0.0000,0.8859,0.8914,-0.5940,-0.5882,0.0000,0.0000,-0.4691,-0.4639,0.6829,0.6691,1.000,0.03430
748481.4493,1011,TRACKING,29.0,243.7,168.0,272.1,320.6,277.3,-11.56,-12.59,9.62,11.53,-1.94,0.00,-10.72,-0.05,0.00,39.45,39.05,42.22,-168.36,-165.63,-56.10,0.0000,0.0000,0.8859,0.8914,-0.5996,-0.5928,0.0000,0.0000,-0.4691,-0.4639,0.7013,0.6820,1.000,0.03430
748481.4827,1012,TRACKING,22.0,246.1,151.8,274.6,320.0,276.4,-12.41,-12.59,11.79,11.53,-0.62,0.00,-10.72,-0.05,0.00,38.07,39.05,42.22,-168.44,-166.62,-57.09,0.0000,0.0000,0.8859,0.8914,-0.5996,-0.5928,0.0000,0.0000,-0.4691,-0.4639,0.7136,0.6946,1.000,0.03430
748481.5163,1013,TRACKING,23.1,248.0,151.3,275.3,320.5,277.4,-12.05,-12.59,11.36,11.53,-0.68,0.00,-10.72,-0.05,0.00,39.08,39.05,42.22,-170.61,-168.02,-58.49,0.0000,0.0000,0.8859,0.8914,-0.5996,-0.5928,0.0000,0.0000,-0.4691,-0.4639,0.7311,0.7092,1.000,0.03430
748481.5510,1014,TRACKING,25.8,246.3,157.9,274.5,319.8,276.3,-12.03,-12.59,11.40,11.53,-0.64,0.00,-10.72,-0.05,0.00,37.52,38.52,41.68,-176.62,-171.03,-61.50,0.0000,0.0000,0.8859,0.8914,-0.5996,-0.5928,0.0000,0.0000,-0.4631,-0.4639,0.7688,0.7330,1.000,0.03430
748481.5828,1015,TRACKING,24.7,247.5,155.2,273.9,320.2,276.8,-11.41,-12.59,10.37,11.53,-1.04,0.00,-10.72,-0.05,0.00,39.15,38.52,41.68,-171.08,-171.03,-61.50,0.0000,0.0000,0.8859,0.8914,-0.5996,-0.5928,0.0000,0.0000,-0.4631,-0.4639,0.7688,0.7473,1.000,0.03430
748481.6163,1016,TRACKING,27.0,247.0,160.5,273.7,320.6,277.3,-11.29,-12.59,10.01,11.53,-1.29,0.00,-10.72,-0.05,0.00,39.15,38.52,41.68,-178.02,-173.48,-63.95,0.0000,0.0000,0.8859,0.8914,-0.5996,-0.5928,0.0000,0.0000,-0.4631,-0.4639,0.7994,0.7682,1.000,0.03430
748481.6493,1017,TRACKING,27.0,247.0,160.5,273.7,320.6,277.3,-11.29,-12.59,10.01,11.09,-1.29,0.00,-10.72,0.39,0.00,39.15,38.52,41.68,-178.02,-175.08,-65.55,0.0000,0.0000,0.8859,0.8914,-0.6036,-0.5971,0.0000,0.0000,-0.4631,-0.4639,0.8193,0.7886,1.000,0.03430
748481.6827,1018,TRACKING,26.4,245.4,157.6,273.0,319.8,276.1,-11.91,-12.59,10.82,11.09,-1.09,0.00,-10.72,0.39,0.00,38.34,38.52,41.68,-178.48,-176.27,-66.74,0.0000,0.0000,0.8859,0.8914,-0.6036,-0.5971,0.0000,0.0000,-0.4631,-0.4639,0.8343,0.8069,1.000,0.03430
748481.7180,1019,TRACKING,21.6,247.6,145.2,274.3,320.7,275.8,-12.19,-12.59,11.72,11.09,-0.47,0.00,-10.72,0.39,0.00,38.28,38.52,41.68,-175.97,-176.27,-66.74,0.0000,0.0000,0.8859,0.8914,-0.6036,-0.5971,0.0000,0.0000,-0.4631,-0.4639,0.8343,0.8178,1.000,0.03430
748481.7499,1020,TRACKING,21.2,248.5,145.5,276.6,320.8,276.8,-12.75,-12.59,12.67,11.09,-0.08,0.00,-10.72,0.39,0.00,37.99,38.52,41.68,-179.02,-177.23,-67.71,0.0000,0.0000,0.8859,0.8914,-0.6036,-0.5971,0.0000,0.0000,-0.4631,-0.4639,0.8463,0.8292,1.000,0.03430
748481.7843,1021,TRACKING,23.1,247.5,147.2,277.7,319.8,275.3,-13.69,-12.59,14.46,11.75,0.77,0.00,-10.72,-0.27,0.00,35.93,37.61,40.78,177.67,-179.02,-69.49,0.0000,0.0000,0.8859,0.8914,-0.5975,-0.5971,0.0000,0.0000,-0.4531,-0.4596,0.8686,0.8450,1.000,0.03430
748481.8173,1022,TRACKING,27.6,249.4,162.1,275.7,319.8,276.5,-11.09,-12.59,10.80,11.75,-0.29,0.00,-10.72,-0.27,0.00,37.76,37.61,40.78,-174.84,-177.55,-68.03,0.0000,0.0000,0.8859,0.8914,-0.5975,-0.5971,0.0000,0.0000,-0.4531,-0.4596,0.8503,0.8450,1.000,0.03430
748481.8499,1023,TRACKING,26.8,246.2,157.4,273.8,318.9,275.2,-11.92,-12.59,11.44,11.75,-0.48,0.00,-10.72,-0.27,0.00,37.40,37.61,40.78,-175.69,-176.90,-67.37,0.0000,0.0000,0.8859,0.8914,-0.5975,-0.5971,0.0000,0.0000,-0.4531,-0.4596,0.8421,0.8450,1.000,0.03430
748481.8828,1024,TRACKING,28.5,245.8,165.0,273.7,320.8,276.4,-11.54,-12.59,10.52,11.75,-1.02,0.00,-10.72,-0.27,0.00,38.39,37.61,40.78,179.92,-178.02,-68.49,0.0000,0.0000,0.8859,0.8914,-0.5975,-0.5971,0.0000,0.0000,-0.4531,-0.4596,0.8561,0.8494,1.000,0.03430
748481.9162,1025,TRACKING,27.8,247.5,163.4,273.4,320.3,275.9,-10.82,-12.16,9.90,11.75,-0.93,0.00,-10.29,-0.27,0.00,39.12,38.14,41.31,-174.23,-176.69,-67.16,0.0000,0.0000,0.8743,0.8846,-0.5975,-0.5971,0.0000,0.0000,-0.4589,-0.4596,0.8395,0.8455,1.000,0.03430
748481.9493,1026,TRACKING,27.8,247.5,163.4,273.4,320.3,275.9,-10.82,-12.16,9.90,11.24,-0.93,0.00,-10.29,0.24,0.00,39.12,38.14,41.31,-174.23,-175.83,-66.30,0.0000,0.0000,0.8743,0.8805,-0.6022,-0.5971,0.0000,0.0000,-0.4589,-0.4596,0.8287,0.8388,1.000,0.03430
748481.9827,1027,TRACKING,28.9,245.9,163.4,273.8,321.0,276.7,-11.72,-12.16,10.69,11.24,-1.03,0.00,-10.29,0.24,0.00,39.38,38.57,41.74,169.49,179.04,-71.43,0.0000,0.0000,0.8743,0.8805,-0.6022,-0.5971,0.0000,0.0000,-0.4638,-0.4596,0.8929,0.8604,1.000,0.03430
748482.0161,1028,TRACKING,30.7,245.7,168.2,272.0,321.2,276.9,-10.85,-12.16,9.03,10.74,-1.82,0.00,-10.29,0.74,0.00,39.07,38.57,41.74,158.14,171.72,-78.75,0.0000,0.0000,0.8743,0.8805,-0.6068,-0.6010,0.0000,0.0000,-0.4638,-0.4596,0.9844,0.9100,1.000,0.03430
748482.0494,1029,TRACKING,28.5,244.7,162.1,273.2,320.8,276.7,-12.02,-12.16,10.73,10.74,-1.29,0.00,-10.29,0.74,0.00,39.61,38.57,41.74,164.93,169.31,-81.16,0.0000,0.0000,0.8743,0.8805,-0.6068,-0.6010,0.0000,0.0000,-0.4638,-0.4596,1.0145,0.9518,1.000,0.03430
748482.0830,1030,TRACKING,33.3,250.0,162.3,287.1,323.8,277.6,-16.08,-12.64,19.45,12.02,3.37,0.00,-10.77,-0.54,0.00,37.00,38.02,41.19,169.46,169.31,-81.16,0.0000,0.0000,0.8873,0.8805,-0.5950,-0.6010,0.0000,0.0000,-0.4577,-0.4596,1.0145,0.9769,1.000,0.03430
748482.1170,1031,TRACKING,33.3,250.0,162.3,287.1,323.8,277.6,-16.08,-13.36,19.45,13.64,3.37,0.00,-11.48,-2.16,0.00,37.00,38.02,41.19,169.46,169.31,-81.16,0.0000,0.0000,0.9063,0.8908,-0.5800,-0.5926,0.0000,0.0000,-0.4577,-0.4596,1.0145,0.9919,1.000,0.03430
748482.1500,1032,TRACKING,32.3,249.0,159.7,286.8,323.8,278.0,-16.56,-14.11,19.66,15.17,3.09,0.00,-12.24,-3.69,0.00,36.84,38.02,41.19,151.43,163.01,-87.46,0.0000,0.0000,0.9264,0.9050,-0.5659,-0.5819,0.0000,0.0000,-0.4577,-0.4596,1.0932,1.0325,1.000,0.03430
748482.1828,1033,TRACKING,21.9,246.4,142.0,276.1,323.8,279.3,-13.89,-14.11,12.88,15.17,-1.01,0.00,-12.24,-3.69,0.00,41.17,39.12,42.29,158.08,161.26,-89.21,0.0000,0.0000,0.9264,0.9136,-0.5659,-0.5755,0.0000,0.0000,-0.4699,-0.4637,1.1151,1.0655,1.000,0.03430
748482.2160,1034,TRACKING,21.9,246.4,142.0,276.1,323.8,279.3,-13.89,-14.11,12.88,15.17,-1.01,0.00,-12.24,-3.69,0.00,41.17,39.84,43.01,158.08,160.14,-90.34,0.0000,0.0000,0.9264,0.9187,-0.5659,-0.5717,0.0000,0.0000,-0.4778,-0.4693,1.1292,1.0910,1.000,0.03430
748482.2503,1035,TRACKING,32.8,245.7,159.6,283.1,321.9,276.9,-16.43,-14.54,18.62,15.17,2.19,0.00,-12.67,-3.69,0.00,39.59,39.84,43.01,169.92,163.58,-86.89,0.0000,0.0000,0.9379,0.9264,-0.5659,-0.5717,0.0000,0.0000,-0.4778,-0.4727,1.0862,1.0910,1.000,0.03430
748482.2828,1036,TRACKING,27.5,249.6,145.2,289.4,321.7,275.2,-18.68,-15.34,23.29,16.66,4.61,0.00,-13.47,-5.18,0.00,38.58,39.40,42.56,-115.63,-170.15,-60.62,0.0000,0.0000,0.9591,0.9395,-0.5521,-0.5639,0.0000,0.0000,-0.4729,-0.4727,0.7577,0.9577,1.000,0.03430
748482.3161,1037,TRACKING,27.5,249.6,145.2,289.4,321.7,275.2,-18.68,-16.14,23.29,18.24,4.61,0.00,-14.27,-6.76,0.00,38.58,39.40,42.56,-115.63,-148.29,-38.76,0.0000,0.0000,0.9806,0.9559,-0.5376,-0.5533,0.0000,0.0000,-0.4729,-0.4727,0.4845,0.7684,1.000,0.03430
748482.3494,1038,TRACKING,29.6,246.7,150.2,284.1,322.4,273.3,-17.20,-16.60,20.79,19.21,3.59,0.00,-14.73,-7.73,0.00,39.45,39.40,42.56,-124.44,-138.47,-28.94,0.0000,0.0000,0.9927,0.9706,-0.5287,-0.5435,0.0000,0.0000,-0.4729,-0.4727,0.3618,0.6058,1.000,0.03430
748482.3828,1039,TRACKING,31.8,245.1,154.3,281.6,323.8,272.0,-16.60,-16.60,19.85,19.65,3.25,0.00,-14.73,-8.17,0.00,40.92,39.93,43.10,-105.66,-125.65,-16.12,0.0000,0.0000,0.9927,0.9795,-0.5245,-0.5359,0.0000,0.0000,-0.4788,-0.4727,0.2015,0.4441,1.000,0.03430
748482.4161,1040,TRACKING,31.8,245.1,154.3,281.6,323.8,272.0,-16.60,-16.60,19.85,19.65,3.25,0.00,-14.73,-8.17,0.00,40.92,39.93,43.10,-105.66,-117.95,-8.42,0.0000,0.0000,0.9927,0.9848,-0.5245,-0.5314,0.0000,0.0000,-0.4788,-0.4727,0.1052,0.3085,1.000,0.03430
748482.4493,1041,TRACKING,36.3,245.4,168.5,281.5,325.8,272.2,-15.29,-16.60,18.68,19.65,3.39,0.00,-14.73,-8.17,0.00,40.69,39.93,43.10,-127.44,-121.51,-11.99,0.0000,0.0000,0.9927,0.9848,-0.5245,-0.5314,0.0000,0.0000,-0.4788,-0.4727,0.1498,0.2451,1.000,0.03430
748482.4835,1042,TRACKING,36.7,244.2,165.8,278.6,325.3,271.1,-14.93,-16.60,17.64,19.65,2.71,0.00,-14.73,-8.17,0.00,40.75,39.93,43.10,-125.16,-122.85,-13.33,0.0000,0.0000,0.9927,0.9848,-0.5245,-0.5314,0.0000,0.0000,-0.4788,-0.4727,0.1666,0.2137,1.000,0.03430
748482.5161,1043,TRACKING,36.7,244.2,165.8,278.6,325.3,271.1,-14.93,-16.14,17.64,19.14,2.71,0.00,-14.27,-7.66,0.00,40.75,39.93,43.10,-125.16,-123.69,-14.16,0.0000,0.0000,0.9805,0.9848,-0.5293,-0.5314,0.0000,0.0000,-0.4788,-0.4727,0.1770,0.1990,1.000,0.03430
748482.5493,1044,TRACKING,36.0,244.2,164.8,278.7,325.4,270.9,-15.01,-16.14,17.79,19.14,2.78,0.00,-14.27,-7.66,0.00,40.39,39.93,43.10,-128.99,-125.58,-16.05,0.0000,0.0000,0.9805,0.9848,-0.5293,-0.5314,0.0000,0.0000,-0.4788,-0.4727,0.2007,0.1990,1.000,0.03430
748482.5839,1045,TRACKING,31.8,244.1,154.3,279.8,325.3,270.9,-16.28,-16.14,19.27,19.14,2.98,0.00,-14.27,-7.66,0.00,40.10,39.93,43.10,-129.07,-126.82,-17.29,0.0000,0.0000,0.9805,0.9848,-0.5293,-0.5314,0.0000,0.0000,-0.4788,-0.4727,0.2161,0.2058,1.000,0.03430
748482.6161,1046,TRACKING,31.8,244.1,154.3,279.8,325.3,270.9,-16.28,-16.14,19.27,19.14,2.98,0.00,-14.27,-7.66,0.00,40.10,39.93,43.10,-129.07,-127.61,-18.08,0.0000,0.0000,0.9805,0.9848,-0.5293,-0.5314,0.0000,0.0000,-0.4788,-0.4727,0.2261,0.2139,1.000,0.03430
748482.6495,1047,TRACKING,33.5,245.9,156.7,283.1,324.5,270.3,-16.83,-16.14,21.21,19.14,4.38,0.00,-14.27,-7.66,0.00,37.41,39.05,42.22,-133.51,-129.69,-20.16,0.0000,0.0000,0.9805,0.9848,-0.5293,-0.5314,0.0000,0.0000,-0.4691,-0.4727,0.2520,0.2292,1.000,0.03430
748482.6827,1048,TRACKING,37.2,244.5,165.8,278.5,325.6,271.7,-14.81,-16.14,17.26,19.14,2.45,0.00,-14.27,-7.66,0.00,40.67,39.62,42.78,-132.28,-130.60,-21.07,0.0000,0.0000,0.9805,0.9848,-0.5293,-0.5314,0.0000,0.0000,-0.4754,-0.4727,0.2634,0.2428,1.000,0.03430
748482.7160,1049,TRACKING,37.2,244.5,165.8,278.5,325.6,271.7,-14.81,-16.14,17.26,19.14,2.45,0.00,-14.27,-7.66,0.00,40.67,39.62,42.78,-132.28,-131.19,-21.66,0.0000,0.0000,0.9805,0.9848,-0.5293,-0.5314,0.0000,0.0000,-0.4754,-0.4727,0.2707,0.2540,1.000,0.03430
748482.7493,1050,TRACKING,34.5,244.3,162.5,279.2,325.2,270.2,-15.27,-16.14,18.45,19.14,3.18,0.00,-14.27,-7.66,0.00,38.53,39.62,42.78,-127.56,-129.92,-20.39,0.0000,0.0000,0.9805,0.9848,-0.5293,-0.5314,0.0000,0.0000,-0.4754,-0.4727,0.2549,0.2540,1.000,0.03430
748482.7829,1051,TRACKING,33.9,244.6,161.1,281.6,325.4,270.2,-16.22,-16.14,20.18,19.14,3.95,0.00,-14.27,-7.66,0.00,37.97,39.04,42.21,-131.69,-130.54,-21.01,0.0000,0.0000,0.9805,0.9848,-0.5293,-0.5314,0.0000,0.0000,-0.4690,-0.4727,0.2626,0.2575,1.000,0.03430
748482.8165,1052,TRACKING,34.0,245.7,159.8,279.6,325.1,269.8,-15.06,-16.14,18.47,19.14,3.40,0.00,-14.27,-7.66,0.00,38.22,39.04,42.21,-132.24,-131.14,-21.61,0.0000,0.0000,0.9805,0.9848,-0.5293,-0.5314,0.0000,0.0000,-0.4690,-0.4727,0.2701,0.2625,1.000,0.03430
748482.8493,1053,TRACKING,34.0,245.7,159.8,279.6,325.1,269.8,-15.06,-16.14,18.47,19.14,3.40,0.00,-14.27,-7.66,0.00,38.22,39.04,42.21,-132.24,-131.14,-21.61,0.0000,0.0000,0.9805,0.9848,-0.5293,-0.5314,0.0000,0.0000,-0.4690,-0.4727,0.2701,0.2625,1.000,0.03430
748482.8827,1054,TRACKING,37.4,243.7,165.6,278.0,325.9,269.0,-14.97,-16.14,18.17,19.14,3.20,0.00,-14.27,-7.66,0.00,37.91,39.04,42.21,-142.18,-135.00,-25.47,0.0000,0.0000,0.9805,0.9848,-0.5293,-0.5314,0.0000,0.0000,-0.4690,-0.4727,0.3184,0.2849,1.000,0.03430
748482.9160,1055,TRACKING,35.7,245.4,161.4,279.2,325.1,268.2,-15.03,-16.14,18.86,19.14,3.83,0.00,-14.27,-7.66,0.00,36.84,38.27,41.44,-142.54,-137.65,-28.12,0.0000,0.0000,0.9805,0.9848,-0.5293,-0.5314,0.0000,0.0000,-0.4604,-0.4678,0.3515,0.3115,1.000,0.03430
748482.9496,1056,TRACKING,33.2,246.0,154.2,280.0,324.5,268.2,-15.71,-16.14,19.69,19.14,3.98,0.00,-14.27,-7.66,0.00,36.26,37.57,40.73,-148.76,-141.55,-32.02,0.0000,0.0000,0.9805,0.9848,-0.5293,-0.5314,0.0000,0.0000,-0.4526,-0.4617,0.4002,0.3470,1.000,0.03430
748482.9831,1057,TRACKING,34.6,244.5,159.2,277.4,325.5,268.9,-14.79,-16.14,17.74,19.14,2.95,0.00,-14.27,-7.66,0.00,37.80,37.57,40.73,-156.02,-146.63,-37.10,0.0000,0.0000,0.9805,0.9848,-0.5293,-0.5314,0.0000,0.0000,-0.4526,-0.4581,0.4637,0.3937,1.000,0.03430
748483.0165,1058,TRACKING,37.3,243.4,164.3,277.2,325.8,269.0,-14.91,-16.14,17.84,19.14,2.93,0.00,-14.27,-7.66,0.00,37.53,37.57,40.73,-154.21,-149.30,-39.77,0.0000,0.0000,0.9805,0.9848,-0.5293,-0.5314,0.0000,0.0000,-0.4526,-0.4581,0.4971,0.4351,1.000,0.03430
748483.0498,1059,TRACKING,35.9,244.4,164.6,276.8,325.9,268.8,-14.12,-15.60,16.95,18.62,2.83,0.00,-13.73,-7.14,0.00,36.96,37.57,40.73,-163.83,-154.41,-44.88,0.0000,0.0000,0.9662,0.9773,-0.5341,-0.5314,0.0000,0.0000,-0.4526,-0.4581,0.5610,0.4854,1.000,0.03430
748483.0827,1060,TRACKING,33.3,242.2,155.6,275.3,325.0,269.4,-15.15,-15.60,17.16,18.19,2.01,0.00,-13.73,-6.71,0.00,37.67,37.57,40.73,-157.54,-155.51,-45.99,0.0000,0.0000,0.9662,0.9729,-0.5380,-0.5314,0.0000,0.0000,-0.4526,-0.4581,0.5748,0.5212,1.000,0.03430
748483.1161,1061,TRACKING,33.3,242.2,155.6,275.3,325.0,269.4,-15.15,-15.60,17.16,18.19,2.01,0.00,-13.73,-6.71,0.00,37.67,37.57,40.73,-157.54,-156.23,-46.70,0.0000,0.0000,0.9662,0.9729,-0.5380,-0.5314,0.0000,0.0000,-0.4526,-0.4581,0.5837,0.5462,1.000,0.03430
748483.1497,1062,TRACKING,36.7,242.6,166.7,275.7,327.1,270.4,-14.30,-15.60,16.21,17.71,1.91,0.00,-13.73,-6.23,0.00,38.56,37.57,40.73,-161.50,-158.08,-48.55,0.0000,0.0000,0.9662,0.9729,-0.5425,-0.5358,0.0000,0.0000,-0.4526,-0.4581,0.6069,0.5705,1.000,0.03430
748483.1828,1063,TRACKING,36.7,242.6,166.7,275.7,327.1,270.4,-14.30,-15.60,16.21,17.71,1.91,0.00,-13.73,-6.23,0.00,38.56,37.57,40.73,-161.50,-159.28,-49.75,0.0000,0.0000,0.9662,0.9729,-0.5425,-0.5358,0.0000,0.0000,-0.4526,-0.4581,0.6219,0.5911,1.000,0.03430
748483.2161,1064,TRACKING,34.4,244.8,156.4,277.0,326.2,269.7,-14.79,-15.60,17.25,17.71,2.46,0.00,-13.73,-6.23,0.00,37.33,37.57,40.73,-159.49,-159.28,-49.75,0.0000,0.0000,0.9662,0.9729,-0.5425,-0.5358,0.0000,0.0000,-0.4526,-0.4581,0.6219,0.6034,1.000,0.03430
748483.2495,1065,TRACKING,34.4,244.8,156.4,277.0,326.2,269.7,-14.79,-15.60,17.25,17.71,2.46,0.00,-13.73,-6.23,0.00,37.33,37.57,40.73,-159.49,-159.28,-49.75,0.0000,0.0000,0.9662,0.9729,-0.5425,-0.5358,0.0000,0.0000,-0.4526,-0.4581,0.6219,0.6108,1.000,0.03430
748483.2826,1066,TRACKING,34.4,244.8,156.4,277.0,326.2,269.7,-14.79,-15.60,17.25,17.71,2.46,0.00,-13.73,-6.23,0.00,37.33,37.57,40.73,-159.49,-159.28,-49.75,0.0000,0.0000,0.9662,0.9729,-0.5425,-0.5358,0.0000,0.0000,-0.4526,-0.4581,0.6219,0.6152,1.000,0.03430
748483.3163,1067,TRACKING,38.6,244.1,167.1,275.6,326.1,269.3,-13.78,-15.15,16.03,17.71,2.25,0.00,-13.28,-6.23,0.00,37.17,37.57,40.73,-161.04,-159.90,-50.37,0.0000,0.0000,0.9540,0.9653,-0.5425,-0.5358,0.0000,0.0000,-0.4526,-0.4581,0.6296,0.6210,1.000,0.03430
748483.3497,1068,TRACKING,38.6,244.1,167.1,275.6,326.1,269.3,-13.78,-15.15,16.03,17.23,2.25,0.00,-13.28,-5.75,0.00,37.17,37.57,40.73,-161.04,-159.90,-50.37,0.0000,0.0000,0.9540,0.9608,-0.5469,-0.5402,0.0000,0.0000,-0.4526,-0.4581,0.6296,0.6244,1.000,0.03430
748483.3838,1069,TRACKING,38.1,243.8,166.5,276.9,326.5,270.3,-14.48,-15.15,16.84,17.23,2.36,0.00,-13.28,-5.75,0.00,37.58,37.57,40.73,-160.17,-159.90,-50.37,0.0000,0.0000,0.9540,0.9608,-0.5469,-0.5402,0.0000,0.0000,-0.4526,-0.4581,0.6296,0.6244,1.000,0.03430
748483.4161,1070,TRACKING,38.1,243.8,166.5,276.9,326.5,270.3,-14.48,-15.15,16.84,17.23,2.36,0.00,-13.28,-5.75,0.00,37.58,37.57,40.73,-160.17,-159.90,-50.37,0.0000,0.0000,0.9540,0.9608,-0.5469,-0.5402,0.0000,0.0000,-0.4526,-0.4581,0.6296,0.6244,1.000,0.03430
748483.4496,1071,TRACKING,37.4,242.8,167.3,275.9,326.9,269.9,-14.30,-15.15,16.44,17.23,2.14,0.00,-13.28,-5.75,0.00,37.71,37.57,40.73,-170.16,-163.49,-53.96,0.0000,0.0000,0.9540,0.9608,-0.5469,-0.5402,0.0000,0.0000,-0.4526,-0.4581,0.6745,0.6445,1.000,0.03430
748483.4827,1072,TRACKING,37.4,242.8,167.3,275.9,326.9,269.9,-14.30,-15.15,16.44,17.23,2.14,0.00,-13.28,-5.75,0.00,37.71,37.57,40.73,-170.16,-165.83,-56.30,0.0000,0.0000,0.9540,0.9608,-0.5469,-0.5402,0.0000,0.0000,-0.4526,-0.4581,0.7038,0.6682,1.000,0.03430
748483.5163,1073,TRACKING,33.5,245.2,154.5,279.5,325.7,269.4,-15.85,-15.15,19.24,17.23,3.38,0.00,-13.28,-5.75,0.00,35.66,36.90,40.07,-168.46,-166.75,-57.23,0.0000,0.0000,0.9540,0.9608,-0.5469,-0.5402,0.0000,0.0000,-0.4452,-0.4529,0.7153,0.6870,1.000,0.03430
748483.5496,1074,TRACKING,34.6,245.3,159.0,277.9,328.3,270.0,-14.67,-15.15,17.34,17.23,2.67,0.00,-13.28,-5.75,0.00,40.22,38.06,41.23,-141.30,-157.88,-48.36,0.0000,0.0000,0.9540,0.9608,-0.5469,-0.5402,0.0000,0.0000,-0.4581,-0.4529,0.6045,0.6540,1.000,0.03430
748483.5830,1075,TRACKING,34.6,245.3,159.0,277.9,328.3,270.0,-14.67,-15.15,17.34,17.23,2.67,0.00,-13.28,-5.75,0.00,40.22,38.82,41.99,-141.30,-152.00,-42.47,0.0000,0.0000,0.9540,0.9608,-0.5469,-0.5402,0.0000,0.0000,-0.4665,-0.4584,0.5309,0.6048,1.000,0.03430
748483.6164,1076,TRACKING,37.0,245.6,165.5,277.2,333.2,266.1,-13.82,-15.15,17.58,17.23,3.76,0.00,-13.28,-5.75,0.00,40.80,39.51,42.68,-137.77,-146.95,-37.42,0.0000,0.0000,0.9540,0.9608,-0.5469,-0.5402,0.0000,0.0000,-0.4742,-0.4647,0.4678,0.5500,1.000,0.03430
748483.6494,1077,TRACKING,37.0,245.6,165.5,277.2,333.2,266.1,-13.82,-15.15,17.58,17.23,3.76,0.00,-13.28,-5.75,0.00,40.80,39.96,43.13,-137.77,-143.69,-34.16,0.0000,0.0000,0.9540,0.9608,-0.5469,-0.5402,0.0000,0.0000,-0.4792,-0.4705,0.4270,0.5008,1.000,0.03430
748483.6828,1078,TRACKING,34.1,244.6,161.1,277.3,332.6,266.1,-14.47,-15.15,18.23,17.23,3.76,0.00,-13.28,-5.75,0.00,39.66,39.96,43.13,-133.64,-140.13,-30.61,0.0000,0.0000,0.9540,0.9608,-0.5469,-0.5402,0.0000,0.0000,-0.4792,-0.4740,0.3826,0.4535,1.000,0.03430
748483.7160,1079,TRACKING,34.1,244.6,161.1,277.3,332.6,266.1,-14.47,-15.15,18.23,17.23,3.76,0.00,-13.28,-5.75,0.00,39.66,39.96,43.13,-133.64,-137.84,-28.31,0.0000,0.0000,0.9540,0.9608,-0.5469,-0.5402,0.0000,0.0000,-0.4792,-0.4740,0.3539,0.4137,1.000,0.03430
748483.7499,1080,TRACKING,36.9,242.1,169.7,272.2,333.9,264.5,-12.80,-14.62,15.50,17.23,2.71,0.00,-12.75,-5.75,0.00,30.65,36.71,39.87,-171.94,-149.72,-40.20,0.0000,0.0000,0.9399,0.9525,-0.5469,-0.5402,0.0000,0.0000,-0.4430,-0.4616,0.5024,0.4492,1.000,0.03430
748483.7827,1081,TRACKING,36.9,242.1,169.7,272.2,333.9,264.5,-12.80,-14.14,15.50,17.23,2.71,0.00,-12.27,-5.75,0.00,30.65,34.58,37.75,-171.94,-157.71,-48.18,0.0000,0.0000,0.9272,0.9424,-0.5469,-0.5402,0.0000,0.0000,-0.4195,-0.4447,0.6023,0.5104,1.000,0.03430
748483.8169,1082,TRACKING,40.2,244.7,174.5,273.3,328.8,266.6,-12.02,-13.64,14.50,16.62,2.48,0.00,-11.76,-5.14,0.00,27.17,31.98,35.15,-175.01,-163.94,-54.41,0.0000,0.0000,0.9137,0.9309,-0.5526,-0.5452,0.0000,0.0000,-0.3906,-0.4231,0.6801,0.5783,1.000,0.03430
748483.8494,1083,TRACKING,40.2,244.7,174.5,273.3,328.8,266.6,-12.02,-13.20,14.50,16.06,2.48,0.00,-11.33,-4.58,0.00,27.17,30.29,33.46,-175.01,-167.91,-58.39,0.0000,0.0000,0.9021,0.9194,-0.5577,-0.5502,0.0000,0.0000,-0.3718,-0.4026,0.7298,0.6389,1.000,0.03430
748483.8829,1084,TRACKING,45.7,243.0,185.5,270.1,324.3,265.9,-10.97,-12.69,12.71,15.34,1.74,0.00,-10.82,-3.86,0.00,29.29,30.29,33.46,-142.70,-158.96,-49.44,0.0000,0.0000,0.8884,0.9070,-0.5643,-0.5558,0.0000,0.0000,-0.3718,-0.3902,0.6179,0.6305,1.000,0.03430
748483.9162,1085,TRACKING,45.7,243.0,185.5,270.1,324.3,265.9,-10.97,-12.23,12.71,14.67,1.74,0.00,-10.36,-3.19,0.00,29.29,30.29,33.46,-142.70,-153.13,-43.60,0.0000,0.0000,0.8763,0.8947,-0.5705,-0.5617,0.0000,0.0000,-0.3718,-0.3829,0.5450,0.5963,1.000,0.03430
748483.9510,1086,TRACKING,43.7,242.9,181.0,269.1,321.4,263.9,-10.77,-12.23,12.86,14.15,2.09,0.00,-10.36,-2.67,0.00,27.93,29.46,32.63,-127.44,-143.98,-34.45,0.0000,0.0000,0.8763,0.8874,-0.5754,-0.5672,0.0000,0.0000,-0.3626,-0.3747,0.4306,0.5300,1.000,0.03430
748483.9827,1087,TRACKING,43.7,242.9,181.0,269.1,321.4,263.9,-10.77,-11.79,12.86,14.15,2.09,0.00,-9.92,-2.67,0.00,27.93,28.92,32.09,-127.44,-138.02,-28.50,0.0000,0.0000,0.8644,0.8782,-0.5754,-0.5704,0.0000,0.0000,-0.3566,-0.3675,0.3562,0.4605,1.000,0.03430
748484.0161,1088,TRACKING,37.9,246.1,167.8,272.1,323.3,261.6,-11.33,-11.79,15.20,14.15,3.87,0.00,-9.92,-2.67,0.00,25.37,27.68,30.85,-108.26,-127.42,-17.90,0.0000,0.0000,0.8644,0.8727,-0.5754,-0.5704,0.0000,0.0000,-0.3427,-0.3576,0.2237,0.3658,1.000,0.03430
748484.0498,1089,TRACKING,35.9,245.4,166.8,269.0,321.9,254.9,-10.22,-11.79,15.42,14.15,5.21,0.00,-9.92,-2.67,0.00,19.04,24.66,27.82,-103.69,-118.85,-9.32,0.0000,0.0000,0.8644,0.8694,-0.5754,-0.5704,0.0000,0.0000,-0.3091,-0.3382,0.1165,0.2661,1.000,0.03430
748484.0828,1090,TRACKING,35.9,245.4,166.8,269.0,321.9,254.9,-10.22,-11.33,15.42,14.15,5.21,0.00,-9.46,-2.67,0.00,19.04,22.69,25.86,-103.69,-113.36,-3.83,0.0000,0.0000,0.8524,0.8626,-0.5754,-0.5704,0.0000,0.0000,-0.2873,-0.3178,0.0478,0.1788,1.000,0.03430
748484.1168,1091,TRACKING,37.8,242.2,172.8,267.5,320.9,249.4,-10.62,-11.33,17.58,14.86,6.96,0.00,-9.46,-3.38,0.00,16.17,20.40,23.57,-104.60,-110.20,-0.68,0.0000,0.0000,0.8524,0.8585,-0.5688,-0.5704,0.0000,0.0000,-0.2619,-0.2955,0.0085,0.1106,1.000,0.03430
748484.1493,1092,TRACKING,37.8,242.2,172.8,267.5,320.9,249.4,-10.62,-11.33,17.58,15.54,6.96,0.00,-9.46,-4.06,0.00,16.17,18.92,22.09,-104.60,-108.20,1.32,0.0000,0.0000,0.8524,0.8585,-0.5626,-0.5704,0.0000,0.0000,-0.2454,-0.2754,-0.0165,0.0598,1.000,0.03430
748484.1828,1093,TRACKING,37.7,241.2,169.8,268.8,323.4,245.5,-11.79,-11.33,20.41,16.55,8.62,0.00,-9.46,-5.07,0.00,14.06,17.22,20.38,-104.71,-106.96,2.56,0.0000,0.0000,0.8524,0.8585,-0.5532,-0.5635,0.0000,0.0000,-0.2265,-0.2559,-0.0320,0.0230,1.000,0.03430
748484.2160,1094,TRACKING,37.7,241.2,169.8,268.8,323.4,245.5,-11.79,-11.33,20.41,17.52,8.62,0.00,-9.46,-6.04,0.00,14.06,16.11,19.28,-104.71,-106.17,3.36,0.0000,0.0000,0.8524,0.8585,-0.5442,-0.5558,0.0000,0.0000,-0.2142,-0.2392,-0.0420,-0.0030,1.000,0.03430
748484.2502,1095,TRACKING,39.4,241.0,170.3,267.2,324.3,244.3,-11.28,-11.33,19.75,18.22,8.47,0.00,-9.46,-6.74,0.00,12.92,14.99,18.16,-98.38,-103.43,6.10,0.0000,0.0000,0.8524,0.8585,-0.5378,-0.5486,0.0000,0.0000,-0.2018,-0.2242,-0.0763,-0.0323,1.000,0.03430
748484.2827,1096,TRACKING,39.4,241.0,170.3,267.2,324.3,244.3,-11.28,-11.33,19.75,18.71,8.47,0.00,-9.46,-7.23,0.00,12.92,14.26,17.43,-98.38,-101.65,7.88,0.0000,0.0000,0.8524,0.8585,-0.5332,-0.5424,0.0000,0.0000,-0.1937,-0.2120,-0.0985,-0.0588,1.000,0.03430
748484.3161,1097,TRACKING,30.9,238.3,161.3,253.1,327.6,243.7,-6.47,-10.57,9.72,17.45,3.25,0.00,-8.70,-5.97,0.00,17.69,15.46,18.63,-98.75,-100.63,8.89,0.0000,0.0000,0.8321,0.8479,-0.5449,-0.5424,0.0000,0.0000,-0.2070,-0.2120,-0.1112,-0.0797,1.000,0.03430
748484.3510,1098,TRACKING,37.8,243.4,169.6,268.4,327.0,241.7,-10.74,-10.57,20.36,17.45,9.63,0.00,-8.70,-5.97,0.00,4.68,11.69,14.86,-96.02,-99.01,10.51,0.0000,0.0000,0.8321,0.8416,-0.5449,-0.5424,0.0000,0.0000,-0.1651,-0.1932,-0.1314,-0.1004,1.000,0.03430
748484.3828,1099,TRACKING,37.8,243.4,169.6,268.4,327.0,241.7,-10.74,-10.57,20.36,17.91,9.63,0.00,-8.70,-6.43,0.00,4.68,9.23,12.39,-96.02,-97.96,11.57,0.0000,0.0000,0.8321,0.8378,-0.5406,-0.5424,0.0000,0.0000,-0.1377,-0.1710,-0.1446,-0.1181,1.000,0.03430
748484.4162,1100,TRACKING,38.9,242.9,171.2,267.0,328.0,241.6,-10.33,-10.57,19.54,18.33,9.21,0.00,-8.70,-6.85,0.00,3.30,7.15,10.31,-97.78,-97.96,11.57,0.0000,0.0000,0.8321,0.8378,-0.5367,-0.5424,0.0000,0.0000,-0.1146,-0.1485,-0.1446,-0.1287,1.000,0.03430
748484.4494,1101,TRACKING,39.2,243.1,168.5,265.7,327.2,243.3,-9.91,-10.57,17.96,18.33,8.05,0.00,-8.70,-6.85,0.00,7.40,7.15,10.31,-97.71,-97.96,11.57,0.0000,0.0000,0.8321,0.8378,-0.5367,-0.5424,0.0000,0.0000,-0.1146,-0.1349,-0.1446,-0.1350,1.000,0.03430
748484.4827,1102,TRACKING,39.2,243.1,168.5,265.7,327.2,243.3,-9.91,-10.57,17.96,18.33,8.05,0.00,-8.70,-6.85,0.00,7.40,7.15,10.31,-97.71,-97.96,11.57,0.0000,0.0000,0.8321,0.8378,-0.5367,-0.5424,0.0000,0.0000,-0.1146,-0.1268,-0.1446,-0.1388,1.000,0.03430
748484.5164,1103,TRACKING,36.6,243.8,165.3,268.4,326.1,244.7,-10.85,-10.57,19.26,18.33,8.41,0.00,-8.70,-6.85,0.00,7.38,7.15,10.31,-97.28,-97.96,11.57,0.0000,0.0000,0.8321,0.8378,-0.5367,-0.5424,0.0000,0.0000,-0.1146,-0.1219,-0.1446,-0.1388,1.000,0.03430
748484.5499,1104,TRACKING,38.7,242.5,171.7,266.8,324.7,245.2,-10.36,-10.57,18.37,18.33,8.01,0.00,-8.70,-6.85,0.00,7.32,7.15,10.31,-95.75,-97.19,12.34,0.0000,0.0000,0.8321,0.8378,-0.5367,-0.5424,0.0000,0.0000,-0.1146,-0.1219,-0.1542,-0.1450,1.000,0.03430
748484.5828,1105,TRACKING,38.7,242.5,171.7,266.8,324.7,245.2,-10.36,-10.57,18.37,18.33,8.01,0.00,-8.70,-6.85,0.00,7.32,7.15,10.31,-95.75,-96.69,12.84,0.0000,0.0000,0.8321,0.8378,-0.5367,-0.5424,0.0000,0.0000,-0.1146,-0.1219,-0.1605,-0.1512,1.000,0.03430
748484.6176,1106,TRACKING,36.5,245.3,168.3,269.1,323.1,246.1,-10.24,-10.57,18.70,18.33,8.46,0.00,-8.70,-6.85,0.00,7.41,7.15,10.31,-98.41,-97.29,12.24,0.0000,0.0000,0.8321,0.8378,-0.5367,-0.5424,0.0000,0.0000,-0.1146,-0.1219,-0.1530,-0.1512,1.000,0.03430
748484.6509,1107,TRACKING,39.0,245.6,172.9,269.5,323.7,246.7,-10.13,-10.57,18.74,18.33,8.61,0.00,-8.70,-6.85,0.00,6.44,7.15,10.31,-97.27,-97.29,12.24,0.0000,0.0000,0.8321,0.8378,-0.5367,-0.5424,0.0000,0.0000,-0.1146,-0.1219,-0.1530,-0.1512,1.000,0.03430
748484.6827,1108,TRACKING,39.0,245.6,172.9,269.5,323.7,246.7,-10.13,-10.57,18.74,18.33,8.61,0.00,-8.70,-6.85,0.00,6.44,7.15,10.31,-97.27,-97.29,12.24,0.0000,0.0000,0.8321,0.8378,-0.5367,-0.5424,0.0000,0.0000,-0.1146,-0.1219,-0.1530,-0.1512,1.000,0.03430
748484.7161,1109,TRACKING,35.4,246.0,160.4,273.8,325.7,247.4,-12.54,-10.57,21.62,18.91,9.08,0.00,-8.70,-7.43,0.00,6.07,7.15,10.31,-97.95,-97.29,12.24,0.0000,0.0000,0.8321,0.8378,-0.5314,-0.5380,0.0000,0.0000,-0.1146,-0.1219,-0.1530,-0.1512,1.000,0.03430
748484.7498,1110,TRACKING,36.5,245.1,163.1,271.2,324.3,247.4,-11.64,-10.57,20.04,18.91,8.40,0.00,-8.70,-7.43,0.00,6.63,7.15,10.31,-96.93,-97.29,12.24,0.0000,0.0000,0.8321,0.8378,-0.5314,-0.5380,0.0000,0.0000,-0.1146,-0.1219,-0.1530,-0.1512,1.000,0.03430
748484.7826,1111,TRACKING,40.2,247.6,173.5,272.3,324.6,248.4,-10.51,-10.57,19.49,18.91,8.98,0.00,-8.70,-7.43,0.00,6.44,7.15,10.31,-98.31,-97.29,12.24,0.0000,0.0000,0.8321,0.8378,-0.5314,-0.5380,0.0000,0.0000,-0.1146,-0.1219,-0.1530,-0.1512,1.000,0.03430
748484.8160,1112,TRACKING,40.2,246.5,173.6,271.7,325.0,248.1,-10.69,-10.57,19.54,18.91,8.85,0.00,-8.70,-7.43,0.00,6.47,7.15,10.31,-97.49,-97.29,12.24,0.0000,0.0000,0.8321,0.8378,-0.5314,-0.5380,0.0000,0.0000,-0.1146,-0.1219,-0.1530,-0.1512,1.000,0.03430
748484.8503,1113,TRACKING,35.9,247.6,166.3,274.2,324.9,249.1,-11.51,-10.57,20.51,18.91,9.00,0.00,-8.70,-7.43,0.00,6.47,7.15,10.31,-98.19,-97.29,12.24,0.0000,0.0000,0.8321,0.8378,-0.5314,-0.5380,0.0000,0.0000,-0.1146,-0.1219,-0.1530,-0.1512,1.000,0.03430
748484.8826,1114,TRACKING,35.9,247.6,166.3,274.2,324.9,249.1,-11.51,-10.57,20.51,19.38,9.00,0.00,-8.70,-7.90,0.00,6.47,7.15,10.31,-98.19,-97.29,12.24,0.0000,0.0000,0.8321,0.8378,-0.5271,-0.5336,0.0000,0.0000,-0.1146,-0.1219,-0.1530,-0.1512,1.000,0.03430
748484.9160,1115,TRACKING,41.6,246.2,180.4,271.4,325.1,249.8,-10.27,-10.57,18.75,19.38,8.47,0.00,-8.70,-7.90,0.00,7.39,7.15,10.31,-98.12,-97.29,12.24,0.0000,0.0000,0.8321,0.8378,-0.5271,-0.5336,0.0000,0.0000,-0.1146,-0.1219,-0.1530,-0.1512,1.000,0.03430
748484.9493,1116,TRACKING,37.4,247.2,172.0,272.5,325.1,249.1,-10.66,-10.57,19.36,19.38,8.69,0.00,-8.70,-7.90,0.00,6.85,7.15,10.31,-97.19,-97.29,12.24,0.0000,0.0000,0.8321,0.8378,-0.5271,-0.5336,0.0000,0.0000,-0.1146,-0.1219,-0.1530,-0.1512,1.000,0.03430
748484.9830,1117,TRACKING,39.8,247.7,175.7,271.7,324.6,249.5,-10.02,-10.57,18.50,19.38,8.48,0.00,-8.70,-7.90,0.00,7.35,7.15,10.31,-97.80,-97.29,12.24,0.0000,0.0000,0.8321,0.8378,-0.5271,-0.5336,0.0000,0.0000,-0.1146,-0.1219,-0.1530,-0.1512,1.000,0.03430
748485.0162,1118,TRACKING,38.1,247.2,168.3,273.0,326.2,250.9,-11.21,-10.57,19.20,19.38,7.99,0.00,-8.70,-7.90,0.00,8.76,7.71,10.88,-97.70,-97.29,12.24,0.0000,0.0000,0.8321,0.8378,-0.5271,-0.5336,0.0000,0.0000,-0.1209,-0.1219,-0.1530,-0.1512,1.000,0.03430
748485.0494,1119,TRACKING,38.8,247.2,169.6,274.0,324.8,251.2,-11.56,-10.57,19.91,19.38,8.35,0.00,-8.70,-7.90,0.00,10.01,8.52,11.69,-95.47,-96.65,12.88,0.0000,0.0000,0.8321,0.8378,-0.5271,-0.5336,0.0000,0.0000,-0.1298,-0.1219,-0.1610,-0.1551,1.000,0.03430
748485.0827,1120,TRACKING,38.8,247.2,169.6,274.0,324.8,251.2,-11.56,-10.57,19.91,19.38,8.35,0.00,-8.70,-7.90,0.00,10.01,9.04,12.21,-95.47,-96.65,12.88,0.0000,0.0000,0.8321,0.8378,-0.5271,-0.5336,0.0000,0.0000,-0.1357,-0.1274,-0.1610,-0.1551,1.000,0.03430
748485.1160,1121,TRACKING,34.3,247.8,166.0,275.0,323.7,251.7,-11.66,-10.57,20.07,19.38,8.40,0.00,-8.70,-7.90,0.00,12.98,10.42,13.59,-99.01,-97.48,12.05,0.0000,0.0000,0.8321,0.8378,-0.5271,-0.5336,0.0000,0.0000,-0.1510,-0.1368,-0.1507,-0.1551,1.000,0.03430
748485.1493,1122,TRACKING,35.6,246.7,169.4,274.4,324.6,252.9,-11.71,-10.57,19.59,19.38,7.89,0.00,-8.70,-7.90,0.00,16.66,12.60,15.77,-98.03,-97.48,12.05,0.0000,0.0000,0.8321,0.8378,-0.5271,-0.5336,0.0000,0.0000,-0.1752,-0.1522,-0.1507,-0.1551,1.000,0.03430
748485.1827,1123,TRACKING,33.8,248.9,163.7,277.1,322.8,253.5,-12.25,-11.03,20.71,19.38,8.45,0.00,-9.16,-7.90,0.00,17.44,14.30,17.47,-97.59,-97.48,12.05,0.0000,0.0000,0.8443,0.8378,-0.5271,-0.5336,0.0000,0.0000,-0.1941,-0.1690,-0.1507,-0.1551,1.000,0.03430
748485.2162,1124,TRACKING,37.6,247.8,175.3,275.1,322.6,255.2,-11.24,-11.03,18.95,19.38,7.71,0.00,-9.16,-7.90,0.00,20.76,16.56,19.73,-96.41,-97.48,12.05,0.0000,0.0000,0.8443,0.8378,-0.5271,-0.5336,0.0000,0.0000,-0.2192,-0.1891,-0.1507,-0.1551,1.000,0.03430
748485.2494,1125,TRACKING,36.7,248.5,175.5,275.5,321.1,257.7,-10.99,-11.03,17.95,19.38,6.96,0.00,-9.16,-7.90,0.00,23.86,19.12,22.29,-97.05,-97.48,12.05,0.0000,0.0000,0.8443,0.8378,-0.5271,-0.5336,0.0000,0.0000,-0.2476,-0.2125,-0.1507,-0.1551,1.000,0.03430
748485.2827,1126,TRACKING,36.7,248.5,175.5,275.5,321.1,257.7,-10.99,-11.03,17.95,19.38,6.96,0.00,-9.16,-7.90,0.00,23.86,20.78,23.95,-97.05,-97.48,12.05,0.0000,0.0000,0.8443,0.8378,-0.5271,-0.5336,0.0000,0.0000,-0.2661,-0.2339,-0.1507,-0.1551,1.000,0.03430
748485.3169,1127,TRACKING,38.9,248.4,176.8,275.4,319.9,262.0,-11.06,-11.03,16.42,18.74,5.36,0.00,-9.16,-7.26,0.00,27.99,23.31,26.47,-94.56,-96.45,13.07,0.0000,0.0000,0.8443,0.8378,-0.5329,-0.5336,0.0000,0.0000,-0.2942,-0.2580,-0.1634,-0.1584,1.000,0.03430
748485.3497,1128,TRACKING,36.5,248.0,170.9,281.5,319.9,265.5,-14.00,-11.51,20.11,18.74,6.11,0.00,-9.64,-7.26,0.00,29.69,25.55,28.71,-95.01,-95.95,13.58,0.0000,0.0000,0.8571,0.8455,-0.5329,-0.5336,0.0000,0.0000,-0.3190,-0.2824,-0.1697,-0.1630,1.000,0.03430
748485.3826,1129,TRACKING,36.5,248.0,170.9,281.5,319.9,265.5,-14.00,-12.08,20.11,18.74,6.11,0.00,-10.20,-7.26,0.00,29.69,27.00,30.17,-95.01,-95.95,13.58,0.0000,0.0000,0.8721,0.8562,-0.5329,-0.5336,0.0000,0.0000,-0.3352,-0.3035,-0.1697,-0.1630,1.000,0.03430
748485.4168,1130,TRACKING,31.7,249.4,160.0,283.6,318.4,267.1,-14.92,-12.72,20.85,19.18,5.93,0.00,-10.85,-7.70,0.00,29.61,27.91,31.08,-99.10,-97.05,12.48,0.0000,0.0000,0.8893,0.8694,-0.5289,-0.5336,0.0000,0.0000,-0.3453,-0.3203,-0.1559,-0.1630,1.000,0.03430
748485.4493,1131,TRACKING,31.7,249.4,160.0,283.6,318.4,267.1,-14.92,-13.29,20.85,19.18,5.93,0.00,-11.42,-7.70,0.00,29.61,28.51,31.67,-99.10,-97.77,11.76,0.0000,0.0000,0.9046,0.8835,-0.5289,-0.5336,0.0000,0.0000,-0.3519,-0.3329,-0.1470,-0.1566,1.000,0.03430
748485.4828,1132,TRACKING,27.2,246.1,154.7,273.6,317.7,271.7,-12.16,-13.29,12.84,18.40,0.68,0.00,-11.42,-6.92,0.00,36.14,31.18,34.35,-103.71,-99.85,9.68,0.0000,0.0000,0.9046,0.8919,-0.5362,-0.5336,0.0000,0.0000,-0.3817,-0.3524,-0.1210,-0.1423,1.000,0.03430
748485.5190,1133,TRACKING,28.5,244.2,161.8,271.4,318.5,274.5,-11.55,-13.29,10.44,16.87,-1.11,0.00,-11.42,-5.39,0.00,37.82,33.51,36.68,-115.24,-105.23,4.30,0.0000,0.0000,0.9046,0.8970,-0.5503,-0.5403,0.0000,0.0000,-0.4075,-0.3745,-0.0538,-0.1069,1.000,0.03430
748485.5493,1134,TRACKING,28.5,244.2,161.8,271.4,318.5,274.5,-11.55,-13.29,10.44,15.31,-1.11,0.00,-11.42,-3.83,0.00,37.82,35.02,38.19,-115.24,-108.75,0.78,0.0000,0.0000,0.9046,0.8970,-0.5647,-0.5501,0.0000,0.0000,-0.4243,-0.3944,-0.0098,-0.0680,1.000,0.03430
748485.5840,1135,TRACKING,27.3,246.3,159.0,273.4,317.9,274.8,-11.60,-12.80,11.09,14.08,-0.51,0.00,-10.92,-2.60,0.00,36.15,35.02,38.19,-113.49,-110.42,-0.89,0.0000,0.0000,0.8913,0.8970,-0.5760,-0.5604,0.0000,0.0000,-0.4243,-0.4064,0.0111,-0.0364,1.000,0.03430
748485.6162,1136,TRACKING,26.9,244.1,166.0,272.2,317.7,274.9,-11.42,-12.80,10.42,13.07,-1.00,0.00,-10.92,-1.59,0.00,35.79,35.02,38.19,-118.09,-113.11,-3.59,0.0000,0.0000,0.8913,0.8970,-0.5853,-0.5704,0.0000,0.0000,-0.4243,-0.4136,0.0448,-0.0039,1.000,0.03430
748485.6494,1137,TRACKING,26.9,244.1,166.0,272.2,317.7,274.9,-11.42,-12.36,10.42,12.29,-1.00,0.00,-10.49,-0.81,0.00,35.79,35.02,38.19,-118.09,-114.86,-5.34,0.0000,0.0000,0.8797,0.8901,-0.5925,-0.5792,0.0000,0.0000,-0.4243,-0.4179,0.0667,0.0243,1.000,0.03430
748485.6837,1138,TRACKING,27.5,244.4,162.6,274.0,317.8,276.6,-12.36,-12.36,11.40,11.87,-0.96,0.00,-10.49,-0.39,0.00,36.09,35.02,38.19,-110.78,-113.43,-3.90,0.0000,0.0000,0.8797,0.8859,-0.5964,-0.5861,0.0000,0.0000,-0.4243,-0.4179,0.0488,0.0341,1.000,0.03430
748485.7166,1139,TRACKING,27.8,244.1,160.7,274.5,317.3,274.8,-12.92,-12.36,12.83,11.87,-0.09,0.00,-10.49,-0.39,0.00,34.79,35.02,38.19,-109.18,-111.94,-2.41,0.0000,0.0000,0.8797,0.8859,-0.5964,-0.5902,0.0000,0.0000,-0.4243,-0.4179,0.0301,0.0341,1.000,0.03430
748485.7493,1140,TRACKING,27.8,244.1,160.7,274.5,317.3,274.8,-12.92,-12.36,12.83,11.87,-0.09,0.00,-10.49,-0.39,0.00,34.79,35.02,38.19,-109.18,-110.97,-1.44,0.0000,0.0000,0.8797,0.8859,-0.5964,-0.5902,0.0000,0.0000,-0.4243,-0.4179,0.0180,0.0277,1.000,0.03430
748485.7826,1141,TRACKING,32.9,245.3,170.4,272.8,316.7,274.7,-11.32,-12.36,10.61,11.87,-0.72,0.00,-10.49,-0.39,0.00,35.08,35.02,38.19,-120.35,-114.26,-4.73,0.0000,0.0000,0.8797,0.8859,-0.5964,-0.5902,0.0000,0.0000,-0.4243,-0.4179,0.0591,0.0403,1.000,0.03430
748485.8162,1142,TRACKING,28.4,244.3,161.2,269.8,316.1,273.0,-10.89,-12.36,9.72,11.87,-1.17,0.00,-10.49,-0.39,0.00,34.75,35.02,38.19,-112.42,-113.61,-4.08,0.0000,0.0000,0.8797,0.8859,-0.5964,-0.5902,0.0000,0.0000,-0.4243,-0.4179,0.0510,0.0446,1.000,0.03430
748485.8499,1143,TRACKING,23.2,247.0,146.5,273.5,317.6,273.4,-12.12,-12.36,12.15,11.87,0.03,0.00,-10.49,-0.39,0.00,33.88,35.02,38.19,-124.13,-117.30,-7.77,0.0000,0.0000,0.8797,0.8859,-0.5964,-0.5902,0.0000,0.0000,-0.4243,-0.4179,0.0971,0.0656,1.000,0.03430
748485.8828,1144,TRACKING,23.2,247.0,146.5,273.5,317.6,273.4,-12.12,-12.36,12.15,11.87,0.03,0.00,-10.49,-0.39,0.00,33.88,35.02,38.19,-124.13,-119.70,-10.17,0.0000,0.0000,0.8797,0.8859,-0.5964,-0.5902,0.0000,0.0000,-0.4243,-0.4179,0.1271,0.0902,1.000,0.03430
748485.9163,1145,TRACKING,27.3,245.5,155.6,272.6,316.4,272.9,-11.94,-12.36,11.86,11.87,-0.09,0.00,-10.49,-0.39,0.00,32.33,34.08,37.24,-136.92,-125.73,-16.20,0.0000,0.0000,0.8797,0.8859,-0.5964,-0.5902,0.0000,0.0000,-0.4138,-0.4179,0.2025,0.1351,1.000,0.03430
748485.9495,1146,TRACKING,32.8,245.2,169.1,270.6,315.7,272.8,-10.56,-12.36,9.69,11.87,-0.86,0.00,-10.49,-0.39,0.00,32.42,33.50,36.66,-130.16,-127.30,-17.77,0.0000,0.0000,0.8797,0.8859,-0.5964,-0.5902,0.0000,0.0000,-0.4074,-0.4137,0.2221,0.1699,1.000,0.03430
748485.9836,1147,TRACKING,32.8,245.2,169.1,270.6,315.7,272.8,-10.56,-11.87,9.69,11.33,-0.86,0.00,-10.00,0.15,0.00,32.42,33.50,36.66,-130.16,-128.31,-18.78,0.0000,0.0000,0.8666,0.8782,-0.6014,-0.5947,0.0000,0.0000,-0.4074,-0.4137,0.2347,0.1958,1.000,0.03430
748486.0192,1148,TRACKING,32.8,245.2,169.1,270.6,315.7,272.8,-10.56,-11.87,9.69,10.88,-0.86,0.00,-10.00,0.60,0.00,32.42,33.50,36.66,-130.16,-128.96,-19.43,0.0000,0.0000,0.8666,0.8736,-0.6056,-0.5990,0.0000,0.0000,-0.4074,-0.4137,0.2429,0.2147,1.000,0.03430
748486.0493,1149,TRACKING,32.8,245.2,169.1,270.6,315.7,272.8,-10.56,-11.87,9.69,10.88,-0.86,0.00,-10.00,0.60,0.00,32.42,33.50,36.66,-130.16,-129.38,-19.85,0.0000,0.0000,0.8666,0.8736,-0.6056,-0.5990,0.0000,0.0000,-0.4074,-0.4137,0.2482,0.2281,1.000,0.03430
748486.0830,1150,TRACKING,33.9,243.8,173.4,271.3,316.0,273.2,-11.16,-11.87,10.39,10.88,-0.77,0.00,-10.00,0.60,0.00,33.15,33.50,36.66,-131.01,-129.95,-20.43,0.0000,0.0000,0.8666,0.8736,-0.6056,-0.5990,0.0000,0.0000,-0.4074,-0.4137,0.2553,0.2390,1.000,0.03430
748486.1161,1151,TRACKING,33.9,243.8,173.4,271.3,316.0,273.2,-11.16,-11.87,10.39,10.88,-0.77,0.00,-10.00,0.60,0.00,33.15,33.50,36.66,-131.01,-129.95,-20.43,0.0000,0.0000,0.8666,0.8736,-0.6056,-0.5990,0.0000,0.0000,-0.4074,-0.4137,0.2553,0.2455,1.000,0.03430
748486.1520,1152,TRACKING,30.3,244.7,166.4,270.1,314.2,272.2,-10.57,-11.87,9.74,10.88,-0.84,0.00,-10.00,0.60,0.00,32.51,33.50,36.66,-125.33,-128.33,-18.81,0.0000,0.0000,0.8666,0.8736,-0.6056,-0.5990,0.0000,0.0000,-0.4074,-0.4137,0.2351,0.2413,1.000,0.03430
748486.1827,1153,TRACKING,30.3,244.7,166.4,270.1,314.2,272.2,-10.57,-11.87,9.74,10.88,-0.84,0.00,-10.00,0.60,0.00,32.51,33.50,36.66,-125.33,-127.28,-17.75,0.0000,0.0000,0.8666,0.8736,-0.6056,-0.5990,0.0000,0.0000,-0.4074,-0.4137,0.2219,0.2336,1.000,0.03430
748486.2161,1154,TRACKING,33.8,242.6,169.6,268.8,314.5,272.2,-10.90,-11.87,9.54,10.88,-1.36,0.00,-10.00,0.60,0.00,32.51,33.50,36.66,-131.77,-128.85,-19.32,0.0000,0.0000,0.8666,0.8736,-0.6056,-0.5990,0.0000,0.0000,-0.4074,-0.4137,0.2416,0.2336,1.000,0.03430
748486.2498,1155,TRACKING,30.3,242.8,167.4,269.0,315.7,272.2,-10.83,-11.87,9.61,10.88,-1.22,0.00,-10.00,0.60,0.00,31.73,32.88,36.05,-146.57,-135.04,-25.51,0.0000,0.0000,0.8666,0.8736,-0.6056,-0.5990,0.0000,0.0000,-0.4005,-0.4084,0.3189,0.2677,1.000,0.03430
748486.2826,1156,TRACKING,30.3,242.8,167.4,269.0,315.7,272.2,-10.83,-11.87,9.61,10.45,-1.22,0.00,-10.00,1.03,0.00,31.73,32.88,36.05,-146.57,-139.10,-29.57,0.0000,0.0000,0.8666,0.8736,-0.6095,-0.6032,0.0000,0.0000,-0.4005,-0.4084,0.3697,0.3085,1.000,0.03430
748486.3164,1157,TRACKING,31.7,243.0,164.5,266.8,315.6,269.6,-10.18,-11.40,9.14,10.45,-1.04,0.00,-9.53,1.03,0.00,29.82,31.81,34.98,171.03,-156.24,-46.72,0.0000,0.0000,0.8542,0.8658,-0.6095,-0.6032,0.0000,0.0000,-0.3886,-0.4005,0.5840,0.4187,1.000,0.03430
748486.3497,1158,TRACKING,31.7,243.0,164.5,266.8,315.6,269.6,-10.18,-11.40,9.14,10.45,-1.04,0.00,-9.53,1.03,0.00,29.82,31.11,34.28,171.03,-168.32,-58.79,0.0000,0.0000,0.8542,0.8612,-0.6095,-0.6032,0.0000,0.0000,-0.3809,-0.3927,0.7349,0.5452,1.000,0.03430
748486.3830,1159,TRACKING,36.2,240.3,174.2,263.7,316.0,268.7,-9.61,-10.92,7.60,9.78,-2.01,0.00,-9.05,1.70,0.00,33.56,31.97,35.14,-161.07,-165.62,-56.09,0.0000,0.0000,0.8413,0.8532,-0.6157,-0.6082,0.0000,0.0000,-0.3904,-0.3927,0.7011,0.6075,1.000,0.03430
748486.4161,1160,TRACKING,36.2,240.3,174.2,263.7,316.0,268.7,-9.61,-10.92,7.60,9.20,-2.01,0.00,-9.05,2.28,0.00,33.56,32.53,35.69,-161.07,-163.96,-54.43,0.0000,0.0000,0.8413,0.8485,-0.6210,-0.6133,0.0000,0.0000,-0.3966,-0.3927,0.6804,0.6367,1.000,0.03430
748486.4510,1161,TRACKING,33.8,238.5,169.6,262.4,315.6,266.5,-10.00,-10.92,8.39,9.20,-1.61,0.00,-9.05,2.28,0.00,31.64,32.53,35.69,-171.68,-166.73,-57.21,0.0000,0.0000,0.8413,0.8485,-0.6210,-0.6133,0.0000,0.0000,-0.3966,-0.3927,0.7151,0.6680,1.000,0.03430
748486.4827,1162,TRACKING,33.8,238.5,169.6,262.4,315.6,266.5,-10.00,-10.92,8.39,9.20,-1.61,0.00,-9.05,2.28,0.00,31.64,32.53,35.69,-171.68,-168.50,-58.97,0.0000,0.0000,0.8413,0.8485,-0.6210,-0.6133,0.0000,0.0000,-0.3966,-0.3927,0.7371,0.6957,1.000,0.03430
748486.5164,1163,TRACKING,33.3,238.5,168.0,261.3,315.1,266.2,-9.61,-10.92,7.69,9.20,-1.91,0.00,-9.05,2.28,0.00,31.72,32.53,35.69,-177.01,-171.51,-61.99,0.0000,0.0000,0.8413,0.8485,-0.6210,-0.6133,0.0000,0.0000,-0.3966,-0.3927,0.7748,0.7273,1.000,0.03430
748486.5499,1164,TRACKING,41.1,243.2,173.1,276.3,315.2,265.9,-14.09,-10.92,18.29,10.39,4.19,0.00,-9.05,1.09,0.00,24.64,29.77,32.94,-177.56,-173.65,-64.12,0.0000,0.0000,0.8413,0.8485,-0.6101,-0.6133,0.0000,0.0000,-0.3659,-0.3820,0.8015,0.7570,1.000,0.03430
748486.5827,1165,TRACKING,41.1,243.2,173.1,276.3,315.2,265.9,-14.09,-11.57,18.29,12.05,4.19,0.00,-9.70,-0.57,0.00,24.64,27.97,31.14,-177.56,-175.03,-65.50,0.0000,0.0000,0.8587,0.8526,-0.5947,-0.6059,0.0000,0.0000,-0.3460,-0.3676,0.8187,0.7817,1.000,0.03430
748486.6163,1166,TRACKING,43.3,241.5,177.2,274.2,314.3,265.8,-13.72,-12.15,17.23,13.46,3.51,0.00,-10.27,-1.98,0.00,25.34,27.05,30.22,-173.27,-174.41,-64.88,0.0000,0.0000,0.8740,0.8611,-0.5817,-0.5962,0.0000,0.0000,-0.3357,-0.3548,0.8110,0.7934,1.000,0.03430
748486.6495,1167,TRACKING,30.9,240.6,162.2,262.8,315.0,266.2,-9.58,-12.15,8.33,13.46,-1.26,0.00,-10.27,-1.98,0.00,31.36,28.56,31.72,-177.47,-175.49,-65.96,0.0000,0.0000,0.8740,0.8663,-0.5817,-0.5904,0.0000,0.0000,-0.3525,-0.3548,0.8245,0.8058,1.000,0.03430
748486.6829,1168,TRACKING,30.9,240.6,162.2,262.8,315.0,266.2,-9.58,-11.64,8.33,12.47,-1.26,0.00,-9.77,-0.99,0.00,31.36,29.54,32.71,-177.47,-176.18,-66.65,0.0000,0.0000,0.8605,0.8663,-0.5909,-0.5904,0.0000,0.0000,-0.3634,-0.3583,0.8332,0.8168,1.000,0.03430
748486.7162,1169,TRACKING,48.2,242.2,187.6,272.9,315.7,266.1,-12.42,-11.64,15.44,12.47,3.02,0.00,-9.77,-0.99,0.00,24.86,27.90,31.07,170.69,179.22,-71.25,0.0000,0.0000,0.8605,0.8663,-0.5909,-0.5904,0.0000,0.0000,-0.3452,-0.3530,0.8906,0.8463,1.000,0.03430
748486.7500,1170,TRACKING,48.2,242.2,187.6,272.9,315.7,266.1,-12.42,-11.64,15.44,12.97,3.02,0.00,-9.77,-1.49,0.00,24.86,26.84,30.00,170.69,176.22,-74.25,0.0000,0.0000,0.8605,0.8663,-0.5862,-0.5904,0.0000,0.0000,-0.3334,-0.3452,0.9281,0.8790,1.000,0.03430
748486.7827,1171,TRACKING,45.4,243.1,181.9,273.6,315.9,266.0,-12.63,-11.64,15.87,13.61,3.25,0.00,-9.77,-2.13,0.00,25.51,26.37,29.54,171.80,174.67,-75.81,0.0000,0.0000,0.8605,0.8663,-0.5804,-0.5864,0.0000,0.0000,-0.3282,-0.3384,0.9476,0.9065,1.000,0.03430
748486.8160,1172,TRACKING,45.4,243.1,181.9,273.6,315.9,266.0,-12.63,-11.64,15.87,14.19,3.25,0.00,-9.77,-2.71,0.00,25.51,26.37,29.54,171.80,173.66,-76.81,0.0000,0.0000,0.8605,0.8663,-0.5750,-0.5818,0.0000,0.0000,-0.3282,-0.3343,0.9602,0.9279,1.000,0.03430
748486.8496,1173,TRACKING,37.1,239.0,175.8,260.5,315.9,266.3,-8.85,-11.64,6.48,13.17,-2.37,0.00,-9.77,-1.69,0.00,31.93,28.32,31.48,178.01,175.18,-75.29,0.0000,0.0000,0.8605,0.8663,-0.5844,-0.5818,0.0000,0.0000,-0.3498,-0.3405,0.9411,0.9332,1.000,0.03430
748486.8828,1174,TRACKING,37.0,240.2,173.8,263.2,316.5,266.4,-9.56,-11.15,8.30,12.03,-1.26,0.00,-9.28,-0.55,0.00,30.06,28.93,32.10,168.16,172.72,-77.75,0.0000,0.0000,0.8475,0.8588,-0.5950,-0.5871,0.0000,0.0000,-0.3566,-0.3470,0.9719,0.9487,1.000,0.03430
748486.9170,1175,TRACKING,30.8,240.9,163.9,263.4,316.8,267.8,-9.60,-11.15,7.92,10.96,-1.68,0.00,-9.28,0.52,0.00,30.91,29.62,32.79,168.94,171.40,-79.08,0.0000,0.0000,0.8475,0.8543,-0.6048,-0.5941,0.0000,0.0000,-0.3643,-0.3539,0.9885,0.9646,1.000,0.03430
748486.9496,1176,TRACKING,30.8,240.9,163.9,263.4,316.8,267.8,-9.60,-10.68,7.92,10.10,-1.68,0.00,-8.81,1.38,0.00,30.91,30.08,33.24,168.94,170.54,-79.94,0.0000,0.0000,0.8349,0.8465,-0.6127,-0.6016,0.0000,0.0000,-0.3694,-0.3601,0.9992,0.9784,1.000,0.03430
748486.9831,1177,TRACKING,35.0,242.1,173.0,265.1,315.9,268.3,-9.44,-10.68,8.13,9.48,-1.31,0.00,-8.81,2.00,0.00,30.41,30.08,33.24,176.61,172.66,-77.81,0.0000,0.0000,0.8349,0.8418,-0.6184,-0.6083,0.0000,0.0000,-0.3694,-0.3638,0.9726,0.9784,1.000,0.03430
748487.0160,1178,TRACKING,32.6,242.0,167.3,265.6,316.0,268.7,-9.97,-10.68,8.78,9.48,-1.19,0.00,-8.81,2.00,0.00,30.53,30.08,33.24,-179.52,175.40,-75.07,0.0000,0.0000,0.8349,0.8418,-0.6184,-0.6124,0.0000,0.0000,-0.3694,-0.3638,0.9384,0.9624,1.000,0.03430
748487.0494,1179,TRACKING,41.4,245.5,175.0,279.1,316.5,268.6,-14.16,-10.68,18.44,10.69,4.28,0.00,-8.81,0.79,0.00,23.93,27.92,31.09,-176.65,178.19,-72.28,0.0000,0.0000,0.8349,0.8418,-0.6073,-0.6124,0.0000,0.0000,-0.3455,-0.3565,0.9035,0.9389,1.000,0.03430
748487.0828,1180,TRACKING,34.4,243.7,169.4,267.2,316.7,269.2,-9.87,-10.68,9.10,10.69,-0.77,0.00,-8.81,0.79,0.00,29.86,28.60,31.77,175.81,177.35,-73.12,0.0000,0.0000,0.8349,0.8418,-0.6073,-0.6124,0.0000,0.0000,-0.3530,-0.3565,0.9140,0.9289,1.000,0.03430
748487.1160,1181,TRACKING,34.7,242.3,168.8,267.1,316.4,270.4,-10.49,-10.68,9.20,10.69,-1.29,0.00,-8.81,0.79,0.00,31.07,29.47,32.63,179.21,178.00,-72.47,0.0000,0.0000,0.8349,0.8418,-0.6073,-0.6124,0.0000,0.0000,-0.3626,-0.3565,0.9059,0.9197,1.000,0.03430
748487.1493,1182,TRACKING,35.9,242.6,173.1,267.8,315.4,267.8,-10.40,-10.68,10.40,10.69,0.01,0.00,-8.81,0.79,0.00,27.29,28.71,31.87,-173.74,-179.11,-69.58,0.0000,0.0000,0.8349,0.8418,-0.6073,-0.6124,0.0000,0.0000,-0.3541,-0.3565,0.8697,0.8997,1.000,0.03430
748487.1826,1183,TRACKING,35.9,242.6,173.1,267.8,315.4,267.8,-10.40,-10.68,10.40,10.69,0.01,0.00,-8.81,0.79,0.00,27.29,28.21,31.38,-173.74,-177.22,-67.70,0.0000,0.0000,0.8349,0.8418,-0.6073,-0.6124,0.0000,0.0000,-0.3486,-0.3565,0.8462,0.8783,1.000,0.03430
748487.2161,1184,TRACKING,35.5,241.9,170.0,267.4,317.2,269.7,-10.71,-10.68,9.82,10.69,-0.89,0.00,-8.81,0.79,0.00,30.50,29.01,32.18,-179.20,-177.92,-68.39,0.0000,0.0000,0.8349,0.8418,-0.6073,-0.6124,0.0000,0.0000,-0.3575,-0.3565,0.8549,0.8689,1.000,0.03430
748487.2507,1185,TRACKING,32.6,244.4,167.1,268.3,316.4,269.4,-10.09,-10.68,9.69,10.69,-0.40,0.00,-8.81,0.79,0.00,29.00,29.01,32.18,176.01,179.96,-70.52,0.0000,0.0000,0.8349,0.8418,-0.6073,-0.6124,0.0000,0.0000,-0.3575,-0.3565,0.8815,0.8739,1.000,0.03430
748487.2827,1186,TRACKING,34.3,242.6,170.0,268.1,316.4,269.8,-10.64,-10.68,10.01,10.69,-0.63,0.00,-8.81,0.79,0.00,30.55,29.55,32.72,-169.89,-176.49,-66.96,0.0000,0.0000,0.8349,0.8418,-0.6073,-0.6124,0.0000,0.0000,-0.3635,-0.3565,0.8370,0.8591,1.000,0.03430
748487.3164,1187,TRACKING,33.7,242.5,168.4,266.1,315.5,269.2,-9.93,-10.68,8.75,10.25,-1.18,0.00,-8.81,1.23,0.00,30.72,29.55,32.72,-165.21,-172.53,-63.00,0.0000,0.0000,0.8349,0.8418,-0.6114,-0.6124,0.0000,0.0000,-0.3635,-0.3565,0.7875,0.8305,1.000,0.03430
748487.3498,1188,TRACKING,32.8,243.5,163.8,265.5,317.4,268.9,-9.55,-10.68,8.28,9.78,-1.27,0.00,-8.81,1.70,0.00,29.85,29.55,32.72,170.05,-178.64,-69.11,0.0000,0.0000,0.8349,0.8418,-0.6157,-0.6124,0.0000,0.0000,-0.3635,-0.3565,0.8639,0.8439,1.000,0.03430
748487.3827,1189,TRACKING,36.8,242.9,172.7,265.7,317.3,269.2,-9.51,-10.68,8.13,9.35,-1.39,0.00,-8.81,2.13,0.00,29.96,29.55,32.72,-179.13,-178.64,-69.11,0.0000,0.0000,0.8349,0.8418,-0.6197,-0.6124,0.0000,0.0000,-0.3635,-0.3565,0.8639,0.8519,1.000,0.03430
748487.4160,1190,TRACKING,37.6,242.4,177.3,266.4,315.6,268.4,-9.74,-10.68,8.90,9.35,-0.85,0.00,-8.81,2.13,0.00,28.53,29.55,32.72,-178.44,-178.64,-69.11,0.0000,0.0000,0.8349,0.8418,-0.6197,-0.6124,0.0000,0.0000,-0.3635,-0.3565,0.8639,0.8567,1.000,0.03430
748487.4493,1191,TRACKING,37.6,242.4,177.3,266.4,315.6,268.4,-9.74,-10.68,8.90,9.35,-0.85,0.00,-8.81,2.13,0.00,28.53,29.55,32.72,-178.44,-178.64,-69.11,0.0000,0.0000,0.8349,0.8418,-0.6197,-0.6124,0.0000,0.0000,-0.3635,-0.3565,0.8639,0.8567,1.000,0.03430
748487.4827,1192,TRACKING,33.4,241.4,166.0,267.2,317.8,269.2,-11.00,-10.68,10.26,9.35,-0.75,0.00,-8.81,2.13,0.00,29.12,29.55,32.72,171.14,177.75,-72.72,0.0000,0.0000,0.8349,0.8418,-0.6197,-0.6124,0.0000,0.0000,-0.3635,-0.3565,0.9090,0.8776,1.000,0.03430
748487.5164,1193,TRACKING,31.6,242.3,165.0,267.8,316.9,270.8,-10.83,-10.68,9.72,9.35,-1.11,0.00,-8.81,2.13,0.00,30.71,29.55,32.72,-175.84,-179.99,-70.46,0.0000,0.0000,0.8349,0.8418,-0.6197,-0.6124,0.0000,0.0000,-0.3635,-0.3565,0.8807,0.8776,1.000,0.03430
748487.5495,1194,TRACKING,33.2,243.7,166.0,267.5,316.7,269.4,-10.17,-10.68,9.43,9.35,-0.74,0.00,-8.81,2.13,0.00,28.46,29.55,32.72,168.23,175.87,-74.60,0.0000,0.0000,0.8349,0.8418,-0.6197,-0.6124,0.0000,0.0000,-0.3635,-0.3565,0.9325,0.8996,1.000,0.03430
748487.5836,1195,TRACKING,47.6,245.2,183.3,277.4,317.7,271.2,-13.35,-10.68,15.98,10.40,2.62,0.00,-8.81,1.08,0.00,26.24,28.39,31.56,173.06,174.88,-75.59,0.0000,0.0000,0.8349,0.8418,-0.6100,-0.6124,0.0000,0.0000,-0.3506,-0.3565,0.9449,0.9177,1.000,0.03430
748487.6168,1196,TRACKING,47.6,245.2,183.3,277.4,317.7,271.2,-13.35,-11.30,15.98,11.64,2.62,0.00,-9.43,-0.16,0.00,26.24,27.64,30.80,173.06,174.24,-76.23,0.0000,0.0000,0.8516,0.8457,-0.5985,-0.6068,0.0000,0.0000,-0.3423,-0.3508,0.9529,0.9318,1.000,0.03430
748487.6498,1197,TRACKING,37.3,243.2,174.9,267.0,317.1,269.6,-9.81,-11.30,8.77,11.64,-1.03,0.00,-9.43,-0.16,0.00,29.17,28.17,31.34,173.99,174.24,-76.23,0.0000,0.0000,0.8516,0.8457,-0.5985,-0.6035,0.0000,0.0000,-0.3482,-0.3508,0.9529,0.9402,1.000,0.03430
748487.6827,1198,TRACKING,37.3,243.2,174.9,267.0,317.1,269.6,-9.81,-11.30,8.77,11.18,-1.03,0.00,-9.43,0.30,0.00,29.17,28.17,31.34,173.99,174.24,-76.23,0.0000,0.0000,0.8516,0.8457,-0.6027,-0.6035,0.0000,0.0000,-0.3482,-0.3508,0.9529,0.9453,1.000,0.03430
748487.7161,1199,TRACKING,37.4,243.1,173.2,266.9,317.1,270.3,-9.97,-11.30,8.64,10.61,-1.33,0.00,-9.43,0.86,0.00,29.60,28.67,31.84,171.15,173.16,-77.32,0.0000,0.0000,0.8516,0.8457,-0.6080,-0.6035,0.0000,0.0000,-0.3538,-0.3508,0.9664,0.9538,1.000,0.03430
748487.7495,1200,TRACKING,40.4,244.5,169.0,279.7,316.3,269.6,-15.27,-11.30,19.19,11.76,3.91,0.00,-9.43,-0.28,0.00,23.46,26.85,30.02,-174.60,177.44,-73.03,0.0000,0.0000,0.8516,0.8457,-0.5974,-0.6035,0.0000,0.0000,-0.3335,-0.3439,0.9128,0.9374,1.000,0.03430
748487.7828,1201,TRACKING,43.5,245.7,177.8,279.6,317.0,270.4,-14.20,-11.99,17.99,13.15,3.80,0.00,-10.12,-1.67,0.00,24.19,25.92,29.08,179.16,178.05,-72.42,0.0000,0.0000,0.8699,0.8554,-0.5846,-0.5959,0.0000,0.0000,-0.3232,-0.3356,0.9053,0.9246,1.000,0.03430
748487.8161,1202,TRACKING,43.5,245.7,177.8,279.6,317.0,270.4,-14.20,-12.59,17.99,14.41,3.80,0.00,-10.72,-2.93,0.00,24.19,25.31,28.48,179.16,178.05,-72.42,0.0000,0.0000,0.8858,0.8676,-0.5730,-0.5868,0.0000,0.0000,-0.3164,-0.3279,0.9053,0.9169,1.000,0.03430
748487.8495,1203,TRACKING,34.6,241.9,165.7,268.4,317.0,270.5,-11.43,-12.59,10.64,14.41,-0.79,0.00,-10.72,-2.93,0.00,29.33,26.72,29.88,177.30,178.05,-72.42,0.0000,0.0000,0.8858,0.8749,-0.5730,-0.5813,0.0000,0.0000,-0.3320,-0.3279,0.9053,0.9122,1.000,0.03430
748487.8842,1204,TRACKING,41.3,245.4,171.1,279.9,316.7,269.8,-14.89,-12.59,18.88,15.02,3.99,0.00,-10.72,-3.54,0.00,23.25,25.50,28.67,-174.24,-179.25,-69.72,0.0000,0.0000,0.8858,0.8792,-0.5673,-0.5757,0.0000,0.0000,-0.3186,-0.3242,0.8715,0.8959,1.000,0.03430
748487.9160,1205,TRACKING,36.3,242.9,168.0,268.7,318.4,270.9,-11.09,-12.59,10.26,14.48,-0.83,0.00,-10.72,-3.00,0.00,29.28,26.83,29.99,172.96,178.02,-72.45,0.0000,0.0000,0.8858,0.8792,-0.5723,-0.5757,0.0000,0.0000,-0.3333,-0.3278,0.9057,0.8998,1.000,0.03430
748487.9508,1206,TRACKING,36.3,242.9,168.0,268.7,318.4,270.9,-11.09,-12.59,10.26,13.62,-0.83,0.00,-10.72,-2.14,0.00,29.28,27.69,30.86,172.96,176.24,-74.23,0.0000,0.0000,0.8858,0.8792,-0.5802,-0.5757,0.0000,0.0000,-0.3428,-0.3338,0.9279,0.9110,1.000,0.03430
748487.9827,1207,TRACKING,44.5,244.2,176.0,279.1,317.4,270.4,-14.88,-12.59,18.39,14.05,3.52,0.00,-10.72,-2.57,0.00,24.62,26.61,29.78,-174.13,179.62,-70.85,0.0000,0.0000,0.8858,0.8792,-0.5762,-0.5757,0.0000,0.0000,-0.3309,-0.3338,0.8857,0.9009,1.000,0.03430
748488.0160,1208,TRACKING,34.1,242.8,167.4,268.7,317.6,269.9,-10.99,-12.59,10.54,14.05,-0.45,0.00,-10.72,-2.57,0.00,27.17,26.61,29.78,159.93,172.73,-77.75,0.0000,0.0000,0.8858,0.8792,-0.5762,-0.5757,0.0000,0.0000,-0.3309,-0.3338,0.9718,0.9293,1.000,0.03430
748488.0493,1209,TRACKING,31.4,243.6,159.3,268.8,318.3,270.7,-11.14,-12.59,10.45,13.26,-0.69,0.00,-10.72,-1.78,0.00,28.65,27.33,30.49,168.23,171.13,-79.34,0.0000,0.0000,0.8858,0.8792,-0.5836,-0.5757,0.0000,0.0000,-0.3388,-0.3338,0.9917,0.9543,1.000,0.03430
748488.0827,1210,TRACKING,38.3,242.1,173.2,267.3,317.7,269.3,-10.56,-12.10,9.78,12.43,-0.78,0.00,-10.23,-0.95,0.00,27.70,27.33,30.49,169.95,171.13,-79.34,0.0000,0.0000,0.8729,0.8792,-0.5913,-0.5819,0.0000,0.0000,-0.3388,-0.3338,0.9917,0.9692,1.000,0.03430
748488.1162,1211,TRACKING,30.8,242.5,154.1,267.0,319.0,269.6,-11.26,-12.10,10.36,11.80,-0.90,0.00,-10.23,-0.32,0.00,27.47,27.33,30.49,154.85,165.41,-85.07,0.0000,0.0000,0.8729,0.8792,-0.5971,-0.5880,0.0000,0.0000,-0.3388,-0.3338,1.0633,1.0069,1.000,0.03430
748488.1493,1212,TRACKING,30.8,242.5,154.1,267.0,319.0,269.6,-11.26,-12.10,10.36,11.35,-0.90,0.00,-10.23,0.13,0.00,27.47,27.33,30.49,154.85,161.68,-88.80,0.0000,0.0000,0.8729,0.8792,-0.6012,-0.5933,0.0000,0.0000,-0.3388,-0.3338,1.1099,1.0481,1.000,0.03430
748488.1832,1213,TRACKING,38.7,243.8,172.7,264.1,320.3,269.4,-8.63,-11.38,6.58,10.43,-2.06,0.00,-9.51,1.05,0.00,27.48,27.33,30.49,147.42,156.65,-93.82,0.0000,0.0000,0.8536,0.8690,-0.6097,-0.5998,0.0000,0.0000,-0.3388,-0.3338,1.1728,1.0980,1.000,0.03430
748488.2164,1214,TRACKING,43.3,239.4,180.9,263.5,322.2,269.4,-9.92,-10.89,7.50,9.65,-2.42,0.00,-9.02,1.83,0.00,26.53,27.33,30.49,137.55,149.92,-100.55,0.0000,0.0000,0.8405,0.8576,-0.6169,-0.6067,0.0000,0.0000,-0.3388,-0.3338,1.2569,1.1616,1.000,0.03430
748488.2493,1215,TRACKING,43.3,239.4,180.9,263.5,322.2,269.4,-9.92,-10.89,7.50,9.04,-2.42,0.00,-9.02,2.44,0.00,26.53,27.33,30.49,137.55,145.53,-104.94,0.0000,0.0000,0.8405,0.8508,-0.6226,-0.6130,0.0000,0.0000,-0.3388,-0.3338,1.3118,1.2216,1.000,0.03430
748488.2827,1216,TRACKING,38.9,238.5,171.5,260.7,323.5,266.6,-9.50,-10.89,7.30,8.54,-2.20,0.00,-9.02,2.94,0.00,23.45,25.97,29.14,126.23,138.71,-111.76,0.0000,0.0000,0.8405,0.8467,-0.6271,-0.6187,0.0000,0.0000,-0.3237,-0.3298,1.3970,1.2918,1.000,0.03430
748488.3160,1217,TRACKING,50.3,240.4,184.1,273.2,325.1,266.3,-13.74,-10.89,16.54,9.61,2.80,0.00,-9.02,1.87,0.00,19.89,23.84,27.01,134.67,137.27,-113.20,0.0000,0.0000,0.8405,0.8467,-0.6173,-0.6187,0.0000,0.0000,-0.3001,-0.3179,1.4150,1.3411,1.000,0.03430
748488.3498,1218,TRACKING,41.3,235.7,172.9,255.7,326.2,262.8,-8.66,-10.89,6.03,9.61,-2.63,0.00,-9.02,1.87,0.00,23.34,23.84,27.01,127.96,133.98,-116.49,0.0000,0.0000,0.8405,0.8467,-0.6173,-0.6187,0.0000,0.0000,-0.3001,-0.3108,1.4562,1.3871,1.000,0.03430
748488.3827,1219,TRACKING,41.3,235.7,172.9,255.7,326.2,262.8,-8.66,-10.42,6.03,8.94,-2.63,0.00,-8.55,2.54,0.00,23.34,23.84,27.01,127.96,131.85,-118.62,0.0000,0.0000,0.8281,0.8392,-0.6235,-0.6187,0.0000,0.0000,-0.3001,-0.3065,1.4827,1.4254,1.000,0.03430
748488.4160,1220,TRACKING,44.2,233.8,177.4,253.6,327.4,263.5,-8.44,-9.94,4.64,8.02,-3.79,0.00,-8.07,3.46,0.00,25.47,24.41,27.58,132.27,131.85,-118.62,0.0000,0.0000,0.8153,0.8296,-0.6319,-0.6240,0.0000,0.0000,-0.3064,-0.3065,1.4827,1.4483,1.000,0.03430
748488.4495,1221,TRACKING,48.4,238.0,179.6,271.3,328.8,262.2,-14.21,-10.45,17.69,9.22,3.48,0.00,-8.58,2.26,0.00,17.83,22.11,25.27,130.16,131.26,-119.21,0.0000,0.0000,0.8287,0.8296,-0.6209,-0.6240,0.0000,0.0000,-0.2808,-0.2962,1.4902,1.4651,1.000,0.03430
748488.4829,1222,TRACKING,45.7,233.2,183.9,256.1,329.4,261.0,-9.42,-10.45,7.50,9.22,-1.92,0.00,-8.58,2.26,0.00,24.48,22.94,26.11,130.68,131.26,-119.21,0.0000,0.0000,0.8287,0.8296,-0.6209,-0.6240,0.0000,0.0000,-0.2901,-0.2962,1.4902,1.4751,1.000,0.03430
748488.5161,1223,TRACKING,50.2,236.6,186.0,266.0,332.1,261.7,-12.23,-10.45,13.93,10.04,1.70,0.00,-8.58,1.43,0.00,22.19,22.94,26.11,134.90,132.54,-117.93,0.0000,0.0000,0.8287,0.8296,-0.6132,-0.6197,0.0000,0.0000,-0.2901,-0.2962,1.4742,1.4751,1.000,0.03430
748488.5493,1224,TRACKING,50.2,236.6,186.0,266.0,332.1,261.7,-12.23,-10.89,13.93,10.95,1.70,0.00,-9.02,0.53,0.00,22.19,22.94,26.11,134.90,133.37,-117.10,0.0000,0.0000,0.8404,0.8340,-0.6049,-0.6138,0.0000,0.0000,-0.2901,-0.2962,1.4638,1.4706,1.000,0.03430
748488.5828,1225,TRACKING,46.4,238.4,182.9,267.2,336.7,262.7,-11.94,-10.89,13.63,11.70,1.69,0.00,-9.02,-0.22,0.00,21.58,22.46,25.63,132.89,133.37,-117.10,0.0000,0.0000,0.8404,0.8340,-0.5979,-0.6074,0.0000,0.0000,-0.2848,-0.2917,1.4638,1.4706,1.000,0.03430
748488.6161,1226,TRACKING,53.1,236.6,189.9,264.0,339.5,263.0,-11.33,-10.89,11.73,11.70,0.39,0.00,-9.02,-0.22,0.00,24.52,23.18,26.35,135.39,134.08,-116.39,0.0000,0.0000,0.8404,0.8340,-0.5979,-0.6036,0.0000,0.0000,-0.2928,-0.2917,1.4549,1.4643,1.000,0.03430
748488.6493,1227,TRACKING,53.1,236.6,189.9,264.0,339.5,263.0,-11.33,-10.89,11.73,11.70,0.39,0.00,-9.02,-0.22,0.00,24.52,23.65,26.82,135.39,134.54,-115.93,0.0000,0.0000,0.8404,0.8340,-0.5979,-0.6036,0.0000,0.0000,-0.2980,-0.2917,1.4491,1.4583,1.000,0.03430
748488.6827,1228,TRACKING,57.4,236.6,195.7,263.1,339.7,263.5,-10.84,-10.89,10.66,11.70,-0.18,0.00,-9.02,-0.22,0.00,26.44,24.63,27.79,145.39,138.34,-112.14,0.0000,0.0000,0.8404,0.8340,-0.5979,-0.6036,0.0000,0.0000,-0.3088,-0.2985,1.4017,1.4356,1.000,0.03430
748488.7161,1229,TRACKING,52.6,237.7,186.4,263.0,339.9,261.1,-10.71,-10.89,11.43,11.70,0.72,0.00,-9.02,-0.22,0.00,23.27,24.15,27.32,135.60,137.38,-113.10,0.0000,0.0000,0.8404,0.8340,-0.5979,-0.6036,0.0000,0.0000,-0.3036,-0.2985,1.4137,1.4269,1.000,0.03430
748488.7495,1230,TRACKING,54.5,236.1,189.1,263.7,341.8,262.6,-11.57,-10.89,11.96,11.70,0.40,0.00,-9.02,-0.22,0.00,27.62,25.37,28.53,-175.70,153.46,-97.01,0.0000,0.0000,0.8404,0.8340,-0.5979,-0.6036,0.0000,0.0000,-0.3170,-0.3059,1.2127,1.3412,1.000,0.03430
748488.7830,1231,TRACKING,56.0,235.3,193.3,262.5,342.1,262.7,-11.20,-10.89,11.11,11.70,-0.09,0.00,-9.02,-0.22,0.00,28.28,26.39,29.55,-150.08,173.65,-76.82,0.0000,0.0000,0.8404,0.8340,-0.5979,-0.6036,0.0000,0.0000,-0.3284,-0.3149,0.9603,1.1888,1.000,0.03430
748488.8160,1232,TRACKING,56.0,235.3,193.3,262.5,342.1,262.7,-11.20,-10.89,11.11,11.70,-0.09,0.00,-9.02,-0.22,0.00,28.28,27.05,30.22,-150.08,-172.37,-62.84,0.0000,0.0000,0.8404,0.8340,-0.5979,-0.6036,0.0000,0.0000,-0.3357,-0.3232,0.7855,1.0275,1.000,0.03430
748488.8499,1233,TRACKING,45.3,241.1,167.7,273.4,345.4,263.3,-14.80,-11.54,18.07,12.65,3.27,0.00,-9.67,-1.17,0.00,28.63,27.60,30.77,-130.91,-156.58,-47.05,0.0000,0.0000,0.8578,0.8435,-0.5892,-0.5979,0.0000,0.0000,-0.3419,-0.3307,0.5881,0.8517,1.000,0.03430
748488.8826,1234,TRACKING,45.3,241.1,167.7,273.4,345.4,263.3,-14.80,-12.27,18.07,13.84,3.27,0.00,-10.40,-2.36,0.00,28.63,27.60,30.77,-130.91,-146.68,-37.15,0.0000,0.0000,0.8774,0.8571,-0.5782,-0.5900,0.0000,0.0000,-0.3419,-0.3352,0.4644,0.6968,1.000,0.03430
748488.9163,1235,TRACKING,53.1,237.0,184.0,263.3,347.2,263.6,-11.40,-12.27,11.30,13.84,-0.09,0.00,-10.40,-2.36,0.00,30.56,28.64,31.80,-111.16,-133.35,-23.82,0.0000,0.0000,0.8774,0.8652,-0.5782,-0.5853,0.0000,0.0000,-0.3534,-0.3424,0.2978,0.5372,1.000,0.03430
748488.9499,1236,TRACKING,53.1,237.0,184.0,263.3,347.2,263.6,-11.40,-12.27,11.30,13.84,-0.09,0.00,-10.40,-2.36,0.00,30.56,29.31,32.48,-111.16,-124.97,-15.44,0.0000,0.0000,0.8774,0.8701,-0.5782,-0.5853,0.0000,0.0000,-0.3609,-0.3498,0.1930,0.3995,1.000,0.03430
748488.9827,1237,TRACKING,53.1,237.0,184.0,263.3,347.2,263.6,-11.40,-12.27,11.30,13.23,-0.09,0.00,-10.40,-1.75,0.00,30.56,29.75,32.91,-111.16,-119.83,-10.31,0.0000,0.0000,0.8774,0.8701,-0.5838,-0.5853,0.0000,0.0000,-0.3657,-0.3562,0.1288,0.2912,1.000,0.03430
748489.0175,1238,TRACKING,56.4,240.8,184.3,270.3,348.7,263.9,-12.97,-12.27,15.20,13.23,2.23,0.00,-10.40,-1.75,0.00,27.19,28.85,32.02,-115.57,-118.27,-8.75,0.0000,0.0000,0.8774,0.8701,-0.5838,-0.5853,0.0000,0.0000,-0.3558,-0.3562,0.1093,0.2185,1.000,0.03430
748489.0496,1239,TRACKING,56.4,240.8,184.3,270.3,348.7,263.9,-12.97,-12.27,15.20,13.23,2.23,0.00,-10.40,-1.75,0.00,27.19,28.27,31.44,-115.57,-117.30,-7.77,0.0000,0.0000,0.8774,0.8701,-0.5838,-0.5853,0.0000,0.0000,-0.3493,-0.3562,0.0971,0.1699,1.000,0.03430
748489.0829,1240,TRACKING,58.6,240.1,191.3,265.5,351.7,266.3,-10.87,-12.27,10.59,13.23,-0.28,0.00,-10.40,-1.75,0.00,30.66,29.11,32.27,-114.24,-116.21,-6.68,0.0000,0.0000,0.8774,0.8701,-0.5838,-0.5853,0.0000,0.0000,-0.3586,-0.3562,0.0835,0.1354,1.000,0.03430
748489.1164,1241,TRACKING,58.6,240.1,191.3,265.5,351.7,266.3,-10.87,-12.27,10.59,12.69,-0.28,0.00,-10.40,-1.22,0.00,30.66,29.65,32.81,-114.24,-115.51,-5.98,0.0000,0.0000,0.8774,0.8701,-0.5888,-0.5853,0.0000,0.0000,-0.3646,-0.3595,0.0748,0.1111,1.000,0.03430
748489.1500,1242,TRACKING,60.0,239.0,192.4,263.8,353.5,266.3,-10.61,-11.84,9.74,12.04,-0.87,0.00,-9.97,-0.56,0.00,31.35,30.24,33.41,-121.88,-117.76,-8.23,0.0000,0.0000,0.8659,0.8701,-0.5949,-0.5891,0.0000,0.0000,-0.3712,-0.3642,0.1029,0.1078,1.000,0.03430
748489.1841,1243,TRACKING,60.0,239.0,192.4,263.8,353.5,266.3,-10.61,-11.84,9.74,11.44,-0.87,0.00,-9.97,0.04,0.00,31.35,30.24,33.41,-121.88,-119.21,-9.68,0.0000,0.0000,0.8659,0.8701,-0.6004,-0.5936,0.0000,0.0000,-0.3712,-0.3642,0.1210,0.1131,1.000,0.03430
748489.2165,1244,TRACKING,62.1,240.2,200.8,267.1,357.3,268.1,-10.98,-11.84,10.62,11.44,-0.36,0.00,-9.97,0.04,0.00,30.09,30.24,33.41,-106.27,-114.67,-5.14,0.0000,0.0000,0.8659,0.8701,-0.6004,-0.5936,0.0000,0.0000,-0.3712,-0.3642,0.0642,0.0935,1.000,0.03430
748489.2496,1245,TRACKING,62.1,240.2,200.8,267.1,357.3,268.1,-10.98,-11.84,10.62,11.44,-0.36,0.00,-9.97,0.04,0.00,30.09,30.24,33.41,-106.27,-111.71,-2.18,0.0000,0.0000,0.8659,0.8701,-0.6004,-0.5936,0.0000,0.0000,-0.3712,-0.3642,0.0273,0.0670,1.000,0.03430
748489.2829,1246,TRACKING,63.0,242.3,199.0,276.8,358.6,268.4,-14.24,-11.84,17.27,12.19,3.03,0.00,-9.97,-0.71,0.00,27.11,29.15,32.31,-107.07,-110.08,-0.55,0.0000,0.0000,0.8659,0.8701,-0.5934,-0.5936,0.0000,0.0000,-0.3590,-0.3642,0.0069,0.0430,1.000,0.03430
748489.3160,1247,TRACKING,63.0,242.3,199.0,276.8,358.6,268.4,-14.24,-12.33,17.27,13.26,3.03,0.00,-10.46,-1.78,0.00,27.11,28.43,31.60,-107.07,-109.02,0.51,0.0000,0.0000,0.8790,0.8736,-0.5836,-0.5896,0.0000,0.0000,-0.3511,-0.3590,-0.0063,0.0233,1.000,0.03430
748489.3499,1248,TRACKING,52.0,241.5,182.4,269.0,358.4,266.8,-11.90,-12.33,12.62,13.26,0.72,0.00,-10.46,-1.78,0.00,30.45,29.14,32.31,-116.85,-111.77,-2.24,0.0000,0.0000,0.8790,0.8736,-0.5836,-0.5896,0.0000,0.0000,-0.3590,-0.3590,0.0280,0.0233,1.000,0.03430
748489.3828,1249,TRACKING,52.0,241.5,182.4,269.0,358.4,266.8,-11.90,-12.33,12.62,13.26,0.72,0.00,-10.46,-1.78,0.00,30.45,29.60,32.77,-116.85,-113.55,-4.02,0.0000,0.0000,0.8790,0.8736,-0.5836,-0.5896,0.0000,0.0000,-0.3641,-0.3590,0.0503,0.0341,1.000,0.03430
748489.4166,1250,TRACKING,58.7,236.8,193.3,262.7,357.5,266.6,-10.87,-12.33,9.52,12.70,-1.35,0.00,-10.46,-1.22,0.00,29.49,29.60,32.77,-143.37,-123.92,-14.39,0.0000,0.0000,0.8790,0.8736,-0.5887,-0.5896,0.0000,0.0000,-0.3641,-0.3590,0.1799,0.0924,1.000,0.03430
748489.4494,1251,TRACKING,58.7,236.8,193.3,262.7,357.5,266.6,-10.87,-12.33,9.52,12.01,-1.35,0.00,-10.46,-0.53,0.00,29.49,29.60,32.77,-143.37,-130.86,-21.33,0.0000,0.0000,0.8790,0.8736,-0.5951,-0.5896,0.0000,0.0000,-0.3641,-0.3590,0.2666,0.1621,1.000,0.03430
748489.4830,1252,TRACKING,52.3,235.8,184.1,265.8,356.6,264.7,-12.83,-12.33,13.20,12.01,0.37,0.00,0.00,0.00,0.00,0.00,29.60,0.00,0.00,-130.86,0.00,0.0000,0.0000,0.0000,0.8736,0.0000,-0.5896,0.0000,0.0000,0.0000,-0.3590,0.0000,0.1621,1.000,0.03430
748489.5166,1253,TRACKING,57.7,235.8,186.9,262.4,356.2,264.7,-11.60,-12.33,10.81,12.01,-0.79,0.00,0.00,0.00,0.00,0.00,29.60,0.00,0.00,-130.86,0.00,0.0000,0.0000,0.0000,0.8736,0.0000,-0.5896,0.0000,0.0000,0.0000,-0.3590,0.0000,0.1621,1.000,0.03430
748489.5495,1254,TRACKING,57.7,235.8,186.9,262.4,356.2,264.7,-11.60,-12.33,10.81,12.01,-0.79,0.00,0.00,0.00,0.00,0.00,29.60,0.00,0.00,-130.86,0.00,0.0000,0.0000,0.0000,0.8736,0.0000,-0.5896,0.0000,0.0000,0.0000,-0.3590,0.0000,0.1621,1.000,0.03430
748489.5827,1255,TRACKING,65.3,238.5,193.0,275.6,355.7,265.5,-16.19,-12.82,19.73,13.04,3.54,0.00,-10.95,-1.56,0.00,25.46,28.15,31.32,-150.02,-137.69,-28.16,0.0000,0.0000,0.8920,0.8810,-0.5856,-0.5896,0.0000,0.0000,-0.3480,-0.3546,0.3520,0.2381,1.000,0.03430
748489.6169,1256,TRACKING,65.3,238.5,193.0,275.6,355.7,265.5,-16.19,-13.53,19.73,14.46,3.54,0.00,-11.66,-2.98,0.00,25.46,27.21,30.37,-150.02,-142.10,-32.57,0.0000,0.0000,0.9108,0.8929,-0.5725,-0.5828,0.0000,0.0000,-0.3375,-0.3477,0.4071,0.3057,1.000,0.03430
748489.6496,1257,TRACKING,56.9,236.8,189.4,263.6,354.6,263.6,-11.42,-13.53,11.40,14.46,-0.02,0.00,-11.66,-2.98,0.00,27.40,27.21,30.37,-171.55,-152.51,-42.98,0.0000,0.0000,0.9108,0.9001,-0.5725,-0.5787,0.0000,0.0000,-0.3375,-0.3436,0.5373,0.3983,1.000,0.03430
748489.6838,1258,TRACKING,47.4,237.8,169.3,268.9,356.1,263.6,-14.32,-13.53,15.94,14.46,1.62,0.00,-11.66,-2.98,0.00,27.99,27.21,30.37,-145.93,-150.13,-40.60,0.0000,0.0000,0.9108,0.9044,-0.5725,-0.5787,0.0000,0.0000,-0.3375,-0.3436,0.5075,0.4420,1.000,0.03430
748489.7170,1259,TRACKING,47.4,237.8,169.3,268.9,356.1,263.6,-14.32,-13.53,15.94,14.46,1.62,0.00,-11.66,-2.98,0.00,27.99,27.21,30.37,-145.93,-148.63,-39.10,0.0000,0.0000,0.9108,0.9044,-0.5725,-0.5787,0.0000,0.0000,-0.3375,-0.3436,0.4887,0.4607,1.000,0.03430
748489.7493,1260,TRACKING,47.4,237.8,169.3,268.9,356.1,263.6,-14.32,-13.53,15.94,14.89,1.62,0.00,-11.66,-3.41,0.00,27.99,27.21,30.37,-145.93,-147.67,-38.14,0.0000,0.0000,0.9108,0.9044,-0.5685,-0.5746,0.0000,0.0000,-0.3375,-0.3436,0.4768,0.4671,1.000,0.03430
748489.7836,1261,TRACKING,65.8,239.9,197.0,273.1,354.4,265.6,-14.22,-13.53,16.97,15.36,2.75,0.00,-11.66,-3.88,0.00,25.85,26.73,29.90,-166.58,-154.33,-44.80,0.0000,0.0000,0.9108,0.9044,-0.5642,-0.5704,0.0000,0.0000,-0.3322,-0.3391,0.5600,0.5043,1.000,0.03430
748489.8178,1262,TRACKING,50.0,236.5,175.2,265.9,355.6,265.8,-13.23,-13.53,13.26,15.36,0.04,0.00,-11.66,-3.88,0.00,29.31,27.63,30.80,-166.86,-158.77,-49.24,0.0000,0.0000,0.9108,0.9044,-0.5642,-0.5704,0.0000,0.0000,-0.3422,-0.3391,0.6155,0.5488,1.000,0.03430
748489.8493,1263,TRACKING,50.0,236.5,175.2,265.9,355.6,265.8,-13.23,-13.53,13.26,14.93,0.04,0.00,-11.66,-3.45,0.00,29.31,28.22,31.39,-166.86,-161.64,-52.11,0.0000,0.0000,0.9108,0.9044,-0.5681,-0.5704,0.0000,0.0000,-0.3488,-0.3429,0.6514,0.5898,1.000,0.03430
748489.8830,1264,TRACKING,46.8,237.9,171.3,270.0,355.9,266.7,-14.48,-13.53,15.52,14.93,1.04,0.00,-11.66,-3.45,0.00,27.58,28.22,31.39,-164.69,-162.71,-53.19,0.0000,0.0000,0.9108,0.9044,-0.5681,-0.5704,0.0000,0.0000,-0.3488,-0.3429,0.6648,0.6198,1.000,0.03430
748489.9160,1265,TRACKING,46.8,237.9,171.3,270.0,355.9,266.7,-14.48,-13.53,15.52,14.93,1.04,0.00,-11.66,-3.45,0.00,27.58,28.22,31.39,-164.69,-163.41,-53.88,0.0000,0.0000,0.9108,0.9044,-0.5681,-0.5704,0.0000,0.0000,-0.3488,-0.3429,0.6735,0.6413,1.000,0.03430
748489.9494,1266,TRACKING,61.8,239.7,189.3,276.9,355.7,267.8,-16.23,-14.09,19.35,15.65,3.12,0.00,-12.21,-4.17,0.00,27.67,28.22,31.39,-121.42,-148.92,-39.39,0.0000,0.0000,0.9257,0.9129,-0.5615,-0.5669,0.0000,0.0000,-0.3488,-0.3429,0.4923,0.5817,1.000,0.03430
748489.9834,1267,TRACKING,57.6,238.2,194.3,265.8,354.3,265.9,-11.43,-14.09,11.41,15.65,-0.03,0.00,-12.21,-4.17,0.00,32.40,29.68,32.85,-94.96,-129.75,-20.22,0.0000,0.0000,0.9257,0.9180,-0.5615,-0.5669,0.0000,0.0000,-0.3650,-0.3518,0.2528,0.4501,1.000,0.03430
748490.0163,1268,TRACKING,68.6,242.7,203.5,273.3,354.3,265.6,-12.77,-14.09,15.69,15.65,2.92,0.00,-12.21,-4.17,0.00,28.89,29.68,32.85,-100.52,-118.58,-9.05,0.0000,0.0000,0.9257,0.9180,-0.5615,-0.5669,0.0000,0.0000,-0.3650,-0.3571,0.1132,0.3153,1.000,0.03430
748490.0493,1269,TRACKING,68.6,242.7,203.5,273.3,354.3,265.6,-12.77,-14.09,15.69,15.65,2.92,0.00,-12.21,-4.17,0.00,28.89,29.68,32.85,-100.52,-111.75,-2.23,0.0000,0.0000,0.9257,0.9180,-0.5615,-0.5669,0.0000,0.0000,-0.3650,-0.3571,0.0278,0.2003,1.000,0.03430
748490.0828,1270,TRACKING,55.0,237.3,184.9,267.8,353.1,266.2,-13.22,-14.09,13.78,15.65,0.56,0.00,-12.21,-4.17,0.00,30.87,29.68,32.85,-119.06,-114.46,-4.93,0.0000,0.0000,0.9257,0.9180,-0.5615,-0.5669,0.0000,0.0000,-0.3650,-0.3571,0.0617,0.1449,1.000,0.03430
748490.1161,1271,TRACKING,58.4,238.0,196.9,266.1,355.2,268.4,-11.47,-13.47,10.66,14.65,-0.80,0.00,-11.60,-3.17,0.00,32.01,30.50,33.67,-124.98,-118.29,-8.76,0.0000,0.0000,0.9094,0.9146,-0.5707,-0.5669,0.0000,0.0000,-0.3741,-0.3639,0.1095,0.1307,1.000,0.03430
748490.1493,1272,TRACKING,58.4,238.0,196.9,266.1,355.2,268.4,-11.47,-12.94,10.66,13.67,-0.80,0.00,-11.06,-2.19,0.00,32.01,31.03,34.19,-124.98,-120.70,-11.17,0.0000,0.0000,0.8950,0.9068,-0.5798,-0.5720,0.0000,0.0000,-0.3799,-0.3703,0.1396,0.1343,1.000,0.03430
748490.1827,1273,TRACKING,64.3,238.2,201.5,265.4,352.9,266.5,-11.22,-12.47,10.82,12.87,-0.40,0.00,-10.60,-1.39,0.00,29.50,30.49,33.66,-116.82,-119.31,-9.78,0.0000,0.0000,0.8827,0.8972,-0.5872,-0.5781,0.0000,0.0000,-0.3740,-0.3703,0.1223,0.1295,1.000,0.03430
748490.2164,1274,TRACKING,56.7,238.7,191.7,266.6,352.6,267.1,-11.66,-12.47,11.46,12.36,-0.19,0.00,-10.60,-0.88,0.00,29.45,30.49,33.66,-115.58,-117.99,-8.46,0.0000,0.0000,0.8827,0.8914,-0.5919,-0.5836,0.0000,0.0000,-0.3740,-0.3703,0.1057,0.1200,1.000,0.03430
748490.2494,1275,TRACKING,59.5,241.2,191.3,267.1,352.5,267.3,-11.10,-12.47,11.01,12.36,-0.09,0.00,-10.60,-0.88,0.00,30.01,30.49,33.66,-131.65,-122.80,-13.27,0.0000,0.0000,0.8827,0.8879,-0.5919,-0.5869,0.0000,0.0000,-0.3740,-0.3703,0.1659,0.1384,1.000,0.03430
748490.2827,1276,TRACKING,59.5,241.2,191.3,267.1,352.5,267.3,-11.10,-12.05,11.01,11.93,-0.09,0.00,-10.18,-0.45,0.00,30.01,30.49,33.66,-131.65,-125.93,-16.40,0.0000,0.0000,0.8714,0.8813,-0.5958,-0.5905,0.0000,0.0000,-0.3740,-0.3703,0.2050,0.1650,1.000,0.03430
748490.3164,1277,TRACKING,50.9,245.1,175.9,280.0,353.4,267.4,-15.60,-12.05,19.65,13.02,4.04,0.00,-10.18,-1.54,0.00,27.22,29.35,32.51,-126.85,-125.93,-16.40,0.0000,0.0000,0.8714,0.8774,-0.5858,-0.5905,0.0000,0.0000,-0.3613,-0.3667,0.2050,0.1810,1.000,0.03430
748490.3493,1278,TRACKING,50.9,245.1,175.9,280.0,353.4,267.4,-15.60,-12.82,19.65,14.45,4.04,0.00,-10.95,-2.97,0.00,27.22,28.60,31.77,-126.85,-125.93,-16.40,0.0000,0.0000,0.8920,0.8832,-0.5725,-0.5833,0.0000,0.0000,-0.3530,-0.3612,0.2050,0.1906,1.000,0.03430
748490.3833,1279,TRACKING,54.8,240.7,182.2,268.9,352.1,266.9,-12.49,-12.82,13.14,14.45,0.65,0.00,-10.95,-2.97,0.00,28.62,28.60,31.77,-120.06,-123.86,-14.33,0.0000,0.0000,0.8920,0.8867,-0.5725,-0.5790,0.0000,0.0000,-0.3530,-0.3579,0.1791,0.1860,1.000,0.03430
748490.4164,1280,TRACKING,57.3,242.8,187.7,268.7,352.2,268.6,-11.23,-12.82,11.29,14.45,0.06,0.00,-10.95,-2.97,0.00,30.05,29.11,32.27,-126.76,-124.88,-15.35,0.0000,0.0000,0.8920,0.8867,-0.5725,-0.5790,0.0000,0.0000,-0.3586,-0.3579,0.1919,0.1860,1.000,0.03430
748490.4495,1281,TRACKING,60.3,240.8,193.3,266.9,351.9,268.0,-11.09,-12.82,10.71,13.69,-0.38,0.00,-10.95,-2.21,0.00,30.44,29.57,32.74,-107.19,-118.68,-9.15,0.0000,0.0000,0.8920,0.8867,-0.5796,-0.5790,0.0000,0.0000,-0.3638,-0.3579,0.1144,0.1574,1.000,0.03430
748490.4827,1282,TRACKING,60.3,240.8,193.3,266.9,351.9,268.0,-11.09,-12.36,10.71,12.95,-0.38,0.00,-10.49,-1.47,0.00,30.44,29.57,32.74,-107.19,-114.63,-5.10,0.0000,0.0000,0.8796,0.8867,-0.5864,-0.5790,0.0000,0.0000,-0.3638,-0.3579,0.0637,0.1199,1.000,0.03430
748490.5161,1283,TRACKING,58.0,242.5,191.5,271.1,351.8,267.2,-12.08,-12.36,13.47,12.95,1.39,0.00,-10.49,-1.47,0.00,27.61,28.89,32.06,-123.85,-117.88,-8.35,0.0000,0.0000,0.8796,0.8867,-0.5864,-0.5790,0.0000,0.0000,-0.3562,-0.3579,0.1044,0.1137,1.000,0.03430
748490.5496,1284,TRACKING,51.2,242.0,179.8,273.1,350.9,267.2,-13.58,-12.36,15.52,12.95,1.94,0.00,-10.49,-1.47,0.00,26.92,28.20,31.37,-113.36,-116.29,-6.76,0.0000,0.0000,0.8796,0.8867,-0.5864,-0.5790,0.0000,0.0000,-0.3485,-0.3541,0.0845,0.1020,1.000,0.03430
748490.5828,1285,TRACKING,51.2,242.0,179.8,273.1,350.9,267.2,-13.58,-12.36,15.52,13.52,1.94,0.00,-10.49,-2.04,0.00,26.92,27.75,30.92,-113.36,-115.26,-5.73,0.0000,0.0000,0.8796,0.8867,-0.5811,-0.5790,0.0000,0.0000,-0.3435,-0.3499,0.0716,0.0898,1.000,0.03430
748490.6161,1286,TRACKING,57.9,239.2,191.9,265.5,351.0,267.9,-11.12,-12.36,10.26,13.52,-0.86,0.00,-10.49,-2.04,0.00,29.36,28.31,31.48,-128.51,-119.90,-10.37,0.0000,0.0000,0.8796,0.8867,-0.5811,-0.5790,0.0000,0.0000,-0.3498,-0.3499,0.1297,0.1058,1.000,0.03430
748490.6497,1287,TRACKING,64.5,243.1,196.9,278.2,350.6,267.9,-14.84,-12.36,18.70,14.16,3.85,0.00,-10.49,-2.68,0.00,26.34,27.62,30.79,-109.83,-116.36,-6.83,0.0000,0.0000,0.8796,0.8867,-0.5753,-0.5790,0.0000,0.0000,-0.3421,-0.3499,0.0854,0.0976,1.000,0.03430
748490.6838,1288,TRACKING,57.9,238.8,190.6,266.7,350.8,267.0,-11.88,-12.36,11.78,14.16,-0.10,0.00,-10.49,-2.68,0.00,27.73,27.62,30.79,-151.78,-128.68,-19.15,0.0000,0.0000,0.8796,0.8867,-0.5753,-0.5790,0.0000,0.0000,-0.3421,-0.3499,0.2394,0.1543,1.000,0.03430
748490.7167,1289,TRACKING,56.3,242.3,187.9,271.1,350.9,267.3,-12.35,-12.36,13.72,14.16,1.36,0.00,-10.49,-2.68,0.00,27.70,27.62,30.79,-120.66,-125.78,-16.25,0.0000,0.0000,0.8796,0.8867,-0.5753,-0.5790,0.0000,0.0000,-0.3421,-0.3499,0.2032,0.1739,1.000,0.03430
748490.7494,1290,TRACKING,53.6,239.5,182.2,269.2,351.0,267.0,-13.01,-12.36,13.77,14.16,0.77,0.00,-10.49,-2.68,0.00,26.60,27.62,30.79,-164.09,-139.30,-29.77,0.0000,0.0000,0.8796,0.8867,-0.5753,-0.5790,0.0000,0.0000,-0.3421,-0.3499,0.3721,0.2532,1.000,0.03430
748490.7828,1291,TRACKING,52.9,240.4,182.4,269.7,351.3,269.5,-12.75,-12.36,12.82,14.16,0.08,0.00,-10.49,-2.68,0.00,29.33,28.22,31.39,-137.52,-138.64,-29.12,0.0000,0.0000,0.8796,0.8867,-0.5753,-0.5790,0.0000,0.0000,-0.3488,-0.3499,0.3640,0.2975,1.000,0.03430
748490.8169,1292,TRACKING,45.6,243.1,168.1,275.1,351.4,268.2,-14.64,-12.78,16.78,14.16,2.14,0.00,-10.91,-2.68,0.00,25.96,27.43,30.60,-154.73,-144.44,-34.91,0.0000,0.0000,0.8910,0.8867,-0.5753,-0.5790,0.0000,0.0000,-0.3400,-0.3459,0.4364,0.3530,1.000,0.03430
748490.8493,1293,TRACKING,45.6,243.1,168.1,275.1,351.4,268.2,-14.64,-13.22,16.78,14.71,2.14,0.00,-11.35,-3.23,0.00,25.96,26.92,30.09,-154.73,-148.13,-38.60,0.0000,0.0000,0.9028,0.8931,-0.5701,-0.5755,0.0000,0.0000,-0.3343,-0.3413,0.4825,0.4048,1.000,0.03430
748490.8828,1294,TRACKING,53.3,238.9,187.7,267.8,352.9,269.9,-12.13,-13.22,11.39,14.71,-0.74,0.00,-11.35,-3.23,0.00,28.60,27.51,30.67,-160.36,-152.49,-42.96,0.0000,0.0000,0.9028,0.8970,-0.5701,-0.5755,0.0000,0.0000,-0.3408,-0.3413,0.5370,0.4577,1.000,0.03430
748490.9161,1295,TRACKING,56.5,237.4,190.3,265.0,351.0,268.9,-11.68,-13.22,10.28,13.85,-1.40,0.00,-11.35,-2.37,0.00,28.49,27.51,30.67,-167.31,-157.75,-48.22,0.0000,0.0000,0.9028,0.8970,-0.5781,-0.5755,0.0000,0.0000,-0.3408,-0.3413,0.6028,0.5157,1.000,0.03430
748490.9495,1296,TRACKING,52.9,242.8,182.2,270.8,351.1,269.3,-12.25,-13.22,12.75,13.37,0.51,0.00,-11.35,-1.89,0.00,26.69,27.51,30.67,-161.86,-159.21,-49.68,0.0000,0.0000,0.9028,0.8970,-0.5826,-0.5755,0.0000,0.0000,-0.3408,-0.3413,0.6210,0.5578,1.000,0.03430
748490.9827,1297,TRACKING,55.8,242.2,183.3,273.9,351.8,270.2,-13.96,-13.22,15.21,13.37,1.25,0.00,-11.35,-1.89,0.00,26.32,27.51,30.67,-171.33,-163.49,-53.96,0.0000,0.0000,0.9028,0.8970,-0.5826,-0.5755,0.0000,0.0000,-0.3408,-0.3413,0.6745,0.6045,1.000,0.03430
748491.0170,1298,TRACKING,62.1,239.7,200.0,267.2,353.1,272.9,-11.29,-13.22,9.16,12.78,-2.13,0.00,-11.35,-1.30,0.00,31.10,28.76,31.93,-157.03,-161.21,-51.68,0.0000,0.0000,0.9028,0.8970,-0.5880,-0.5805,0.0000,0.0000,-0.3548,-0.3467,0.6460,0.6211,1.000,0.03430
748491.0494,1299,TRACKING,62.1,239.7,200.0,267.2,353.1,272.9,-11.29,-12.73,9.16,12.01,-2.13,0.00,-10.86,-0.53,0.00,31.10,29.58,32.75,-157.03,-159.74,-50.21,0.0000,0.0000,0.8896,0.8970,-0.5951,-0.5863,0.0000,0.0000,-0.3639,-0.3536,0.6276,0.6211,1.000,0.03430
