timestamp,frame,state,shoulder_x,shoulder_y,elbow_x,elbow_y,wrist_x,wrist_y,raw_upper,filtered_upper,raw_elbow,filtered_elbow,raw_forearm,filtered_forearm,delta_upper,delta_elbow,delta_forearm,mapped_joint2,joint2,mapped_joint3,joint3,mapped_joint5,joint5,openness,joint7
744645.7766,0,TRACKING,280.3,321.5,219.2,440.9,311.6,301.2,-117.10,0.00,173.62,0.00,56.53,0.00,0.00,0.00,0.00,0.0000,0.0000,0.0000,0.0000,0.0000,0.0000,0.817,0.03334
744645.8593,1,TRACKING,280.3,321.5,219.2,440.9,311.6,301.2,-117.10,0.00,173.62,0.00,56.53,0.00,0.00,0.00,0.00,0.0000,0.0000,0.0000,0.0000,0.0000,0.0000,0.817,0.03334
744645.8639,2,TRACKING,280.3,321.5,219.2,440.9,311.6,301.2,-117.10,0.00,173.62,0.00,56.53,0.00,0.00,0.00,0.00,0.0000,0.0000,0.0000,0.0000,0.0000,0.0000,0.817,0.03334
744645.8980,3,TRACKING,280.5,321.6,219.4,442.7,309.3,300.7,-116.77,0.00,174.43,0.00,57.66,0.00,0.00,0.00,0.00,0.0000,0.0000,0.0000,0.0000,0.0000,0.0000,0.651,0.02506
744645.9314,4,TRACKING,280.5,321.6,219.4,442.7,309.3,300.7,-116.77,0.00,174.43,0.00,57.66,0.00,0.00,0.00,0.00,0.0000,0.0000,0.0000,0.0000,0.0000,0.0000,0.651,0.02506
744645.9650,5,TRACKING,280.5,321.6,219.4,442.7,309.3,300.7,-116.77,0.00,174.43,0.00,57.66,0.00,0.00,0.00,0.00,0.0000,0.0000,0.0000,0.0000,0.0000,0.0000,0.651,0.02506
744645.9973,6,TRACKING,280.5,321.6,219.4,442.7,309.3,300.7,-116.77,0.00,174.43,0.00,57.66,0.00,0.00,0.00,0.00,0.0000,0.0000,0.0000,0.0000,0.0000,0.0000,0.651,0.02506
744646.0308,7,TRACKING,281.2,323.1,219.4,444.5,309.5,297.2,-116.95,0.00,175.49,0.00,58.55,0.00,0.00,0.00,0.00,0.0000,0.0000,0.0000,0.0000,0.0000,0.0000,0.507,0.01785
744646.0641,8,TRACKING,281.2,323.1,219.4,444.5,309.5,297.2,-116.95,0.00,175.49,0.00,58.55,0.00,0.00,0.00,0.00,0.0000,0.0000,0.0000,0.0000,0.0000,0.0000,0.507,0.01785
744646.0976,9,TRACKING,282.3,320.9,221.4,440.7,310.4,295.5,-116.97,0.00,175.46,0.00,58.49,0.00,0.00,0.00,0.00,0.0000,0.0000,0.0000,0.0000,0.0000,0.0000,0.467,0.01583
744646.1307,10,TRACKING,282.3,320.9,221.4,440.7,310.4,295.5,-116.97,0.00,175.46,0.00,58.49,0.00,0.00,0.00,0.00,0.0000,0.0000,0.0000,0.0000,0.0000,0.0000,0.467,0.01583
744646.1640,11,TRACKING,284.0,320.9,220.5,439.3,311.8,296.2,-118.21,0.00,175.65,0.00,57.44,0.00,0.00,0.00,0.00,0.0000,0.0000,0.0000,0.0000,0.0000,0.0000,0.459,0.01583
744646.1973,12,TRACKING,279.4,328.5,216.2,446.5,308.5,291.4,-118.19,0.00,177.44,0.00,59.25,0.00,0.00,0.00,0.00,0.0000,0.0000,0.0000,0.0000,0.0000,0.0000,0.457,0.01583
744646.2307,13,TRACKING,279.4,328.5,216.2,446.5,308.5,291.4,-118.19,0.00,177.44,0.00,59.25,0.00,0.00,0.00,0.00,0.0000,0.0000,0.0000,0.0000,0.0000,0.0000,0.457,0.01583
744646.2640,14,TRACKING,279.4,328.5,216.2,446.5,308.5,291.4,-118.19,0.00,177.44,0.00,59.25,0.00,0.00,0.00,0.00,0.0000,0.0000,0.0000,0.0000,0.0000,0.0000,0.457,0.01583
744646.2974,15,TRACKING,281.8,328.6,216.4,445.1,308.1,292.4,-119.30,0.00,178.33,0.00,59.02,0.00,0.00,0.00,0.00,0.0000,0.0000,0.0000,0.0000,0.0000,0.0000,0.392,0.01209
744646.3306,16,TRACKING,281.8,328.6,216.4,445.1,308.1,292.4,-119.30,0.00,178.33,0.00,59.02,0.00,0.00,0.00,0.00,0.0000,0.0000,0.0000,0.0000,0.0000,0.0000,0.392,0.01209
744646.3643,17,TRACKING,281.1,329.0,215.3,446.3,308.0,292.9,-119.29,0.00,178.15,0.00,58.87,0.00,0.00,0.00,0.00,0.0000,0.0000,0.0000,0.0000,0.0000,0.0000,0.488,0.01688
744646.3973,18,TRACKING,281.1,329.0,215.3,446.3,308.0,292.9,-119.29,0.00,178.15,0.00,58.87,0.00,0.00,0.00,0.00,0.0000,0.0000,0.0000,0.0000,0.0000,0.0000,0.488,0.01688
744646.4310,19,TRACKING,278.2,328.1,214.9,446.7,307.1,292.9,-118.09,0.00,177.15,0.00,59.06,0.00,0.00,0.00,0.00,0.0000,0.0000,0.0000,0.0000,0.0000,0.0000,0.481,0.01688
744646.4644,20,TRACKING,280.3,323.0,216.2,445.8,305.7,292.8,-117.57,0.00,177.24,0.00,59.67,0.00,0.00,0.00,0.00,0.0000,0.0000,0.0000,0.0000,0.0000,0.0000,0.399,0.01244
744646.4978,21,TRACKING,280.3,323.0,216.2,445.8,305.7,292.8,-117.57,0.00,177.24,0.00,59.67,0.00,0.00,0.00,0.00,0.0000,0.0000,0.0000,0.0000,0.0000,0.0000,0.399,0.01244
744646.5306,22,TRACKING,280.3,323.0,216.2,445.8,305.7,292.8,-117.57,0.00,177.24,0.00,59.67,0.00,0.00,0.00,0.00,0.0000,0.0000,0.0000,0.0000,0.0000,0.0000,0.399,0.01244
744646.5647,23,TRACKING,279.7,321.5,217.6,447.9,302.7,292.0,-116.18,0.00,177.55,0.00,61.37,0.00,0.00,0.00,0.00,0.0000,0.0000,0.0000,0.0000,0.0000,0.0000,0.330,0.00901
744646.5977,24,TRACKING,279.7,321.5,217.6,447.9,302.7,292.0,-116.18,0.00,177.55,0.00,61.37,0.00,0.00,0.00,0.00,0.0000,0.0000,0.0000,0.0000,0.0000,0.0000,0.330,0.00901
744646.6309,25,TRACKING,272.0,329.0,215.5,449.4,301.4,292.9,-115.13,0.00,176.37,0.00,61.24,0.00,0.00,0.00,0.00,0.0000,0.0000,0.0000,0.0000,0.0000,0.0000,0.624,0.02371
744646.6646,26,TRACKING,272.0,329.0,215.5,449.4,301.4,292.9,-115.13,0.00,176.37,0.00,61.24,0.00,0.00,0.00,0.00,0.0000,0.0000,0.0000,0.0000,0.0000,0.0000,0.624,0.02371
744646.6978,27,TRACKING,272.5,326.1,213.5,447.8,296.0,290.9,-115.88,0.00,178.15,0.00,62.27,0.00,0.00,0.00,0.00,0.0000,0.0000,0.0000,0.0000,0.0000,0.0000,1.000,0.03500
744646.7308,28,TRACKING,272.5,326.1,213.5,447.8,296.0,290.9,-115.88,0.00,178.15,0.00,62.27,0.00,0.00,0.00,0.00,0.0000,0.0000,0.0000,0.0000,0.0000,0.0000,1.000,0.03500
744646.7640,29,TRACKING,272.5,326.1,213.5,447.8,296.0,290.9,-115.88,0.00,178.15,0.00,62.27,0.00,0.00,0.00,0.00,0.0000,0.0000,0.0000,0.0000,0.0000,0.0000,1.000,0.03500
744646.7976,30,TRACKING,276.2,328.6,212.9,450.7,288.4,285.7,-117.40,0.00,177.17,0.00,65.43,0.00,0.00,0.00,0.00,0.0000,0.0000,0.0000,0.0000,0.0000,0.0000,1.000,0.03500
744646.8306,31,TRACKING,276.2,328.6,212.9,450.7,288.4,285.7,-117.40,0.00,177.17,0.00,65.43,0.00,0.00,0.00,0.00,0.0000,0.0000,0.0000,0.0000,0.0000,0.0000,1.000,0.03500
744646.8640,32,TRACKING,277.1,328.9,215.8,448.2,281.2,279.1,-117.20,0.00,173.95,0.00,68.85,0.00,0.00,0.00,0.00,0.0000,0.0000,0.0000,0.0000,0.0000,0.0000,1.000,0.03500
744646.8974,33,TRACKING,270.9,325.7,216.6,444.5,274.2,272.6,-114.57,0.00,173.98,0.00,71.46,0.00,0.00,0.00,0.00,0.0000,0.0000,0.0000,0.0000,0.0000,0.0000,1.000,0.03500
744646.9306,34,TRACKING,270.9,325.7,216.6,444.5,274.2,272.6,-114.57,0.00,173.98,0.00,71.46,0.00,0.00,0.00,0.00,0.0000,0.0000,0.0000,0.0000,0.0000,0.0000,1.000,0.03500
744646.9642,35,TRACKING,269.7,326.3,221.9,441.3,265.1,263.1,-112.55,0.00,171.07,0.00,76.38,0.00,0.00,0.00,0.00,0.0000,0.0000,0.0000,0.0000,0.0000,0.0000,1.000,0.03500
744646.9973,36,TRACKING,269.7,326.3,221.9,441.3,265.1,263.1,-112.55,0.00,171.07,0.00,76.38,0.00,0.00,0.00,0.00,0.0000,0.0000,0.0000,0.0000,0.0000,0.0000,1.000,0.03500
744647.0311,37,TRACKING,268.7,326.4,223.1,439.5,260.7,258.6,-111.99,0.00,169.76,0.00,78.25,0.00,0.00,0.00,0.00,0.0000,0.0000,0.0000,0.0000,0.0000,0.0000,1.000,0.03500
744647.0640,38,TRACKING,268.7,326.4,223.1,439.5,260.7,258.6,-111.99,0.00,169.76,0.00,78.25,0.00,0.00,0.00,0.00,0.0000,0.0000,0.0000,0.0000,0.0000,0.0000,1.000,0.03500
744647.0974,39,TRACKING,268.3,324.8,223.9,435.5,257.5,255.7,-111.88,0.00,168.72,0.00,79.40,0.00,0.00,0.00,0.00,0.0000,0.0000,0.0000,0.0000,0.0000,0.0000,1.000,0.03500
744647.1308,40,TRACKING,269.3,325.7,228.3,435.0,256.7,254.7,-110.55,0.00,168.39,0.00,81.05,0.00,0.00,0.00,0.00,0.0000,0.0000,0.0000,0.0000,0.0000,0.0000,1.000,0.03500
744647.1641,41,TRACKING,269.3,325.7,228.3,435.0,256.7,254.7,-110.55,0.00,168.39,0.00,81.05,0.00,0.00,0.00,0.00,0.0000,0.0000,0.0000,0.0000,0.0000,0.0000,1.000,0.03500
744647.1976,42,TRACKING,271.7,323.2,227.9,427.5,254.6,253.9,-112.76,0.00,165.98,0.00,81.26,0.00,0.00,0.00,0.00,0.0000,0.0000,0.0000,0.0000,0.0000,0.0000,1.000,0.03500
744647.2306,43,TRACKING,271.7,323.2,227.9,427.5,254.6,253.9,-112.76,0.00,165.98,0.00,81.26,0.00,0.00,0.00,0.00,0.0000,0.0000,0.0000,0.0000,0.0000,0.0000,1.000,0.03500
744647.2640,44,TRACKING,268.6,324.8,224.4,426.0,252.1,251.9,-113.61,0.00,165.41,0.00,80.97,0.00,0.00,0.00,0.00,0.0000,0.0000,0.0000,0.0000,0.0000,0.0000,1.000,0.03500
744647.2973,45,TRACKING,268.6,324.8,224.4,426.0,252.1,251.9,-113.61,0.00,165.41,0.00,80.97,0.00,0.00,0.00,0.00,0.0000,0.0000,0.0000,0.0000,0.0000,0.0000,1.000,0.03500
744647.3308,46,TRACKING,271.2,324.7,227.3,424.3,249.2,250.4,-113.82,0.00,163.37,0.00,82.81,0.00,0.00,0.00,0.00,0.0000,0.0000,0.0000,0.0000,0.0000,0.0000,1.000,0.03500
744647.3640,47,TRACKING,271.2,324.7,227.3,424.3,249.2,250.4,-113.82,0.00,163.37,0.00,82.81,0.00,0.00,0.00,0.00,0.0000,0.0000,0.0000,0.0000,0.0000,0.0000,1.000,0.03500
744647.3978,48,TRACKING,270.8,324.5,227.1,424.2,248.0,249.6,-113.68,0.00,163.13,0.00,83.19,0.00,0.00,0.00,0.00,0.0000,0.0000,0.0000,0.0000,0.0000,0.0000,1.000,0.03500
744647.4320,49,TRACKING,270.7,326.1,225.0,423.7,245.2,251.4,-115.10,0.00,161.58,0.00,83.31,0.00,0.00,0.00,0.00,0.0000,0.0000,0.0000,0.0000,0.0000,0.0000,1.000,0.03500
744647.4640,50,TRACKING,270.7,326.1,225.0,423.7,245.2,251.4,-115.10,0.00,161.58,0.00,83.31,0.00,0.00,0.00,0.00,0.0000,0.0000,0.0000,0.0000,0.0000,0.0000,1.000,0.03500
744647.4978,51,TRACKING,269.5,325.0,224.3,418.5,241.5,252.3,-115.78,0.00,160.10,0.00,84.11,0.00,0.00,0.00,0.00,0.0000,0.0000,0.0000,0.0000,0.0000,0.0000,1.000,0.03500
744647.5307,52,TRACKING,268.6,324.7,224.9,414.7,237.3,252.8,-115.88,0.00,158.49,0.00,85.63,0.00,0.00,0.00,0.00,0.0000,0.0000,0.0000,0.0000,0.0000,0.0000,1.000,0.03500
744647.5642,53,TRACKING,268.6,324.7,224.9,414.7,237.3,252.8,-115.88,0.00,158.49,0.00,85.63,0.00,0.00,0.00,0.00,0.0000,0.0000,0.0000,0.0000,0.0000,0.0000,1.000,0.03500
744647.5977,54,TRACKING,268.8,323.6,226.4,412.7,232.5,252.9,-115.40,0.00,156.79,0.00,87.81,0.00,0.00,0.00,0.00,0.0000,0.0000,0.0000,0.0000,0.0000,0.0000,1.000,0.03500
744647.6306,55,TRACKING,268.8,323.6,226.4,412.7,232.5,252.9,-115.40,0.00,156.79,0.00,87.81,0.00,0.00,0.00,0.00,0.0000,0.0000,0.0000,0.0000,0.0000,0.0000,1.000,0.03500
744647.6641,56,TRACKING,268.4,323.8,222.8,411.3,230.7,252.7,-117.49,0.00,155.34,0.00,87.17,0.00,0.00,0.00,0.00,0.0000,0.0000,0.0000,0.0000,0.0000,0.0000,1.000,0.03500
744647.6975,57,TRACKING,267.7,324.7,222.9,406.7,225.8,251.4,-118.64,-117.36,152.41,154.75,88.95,87.89,-1.18,-19.68,25.62,0.6314,0.6126,-0.4184,-0.5273,-0.4697,-0.1879,1.000,0.03500
744647.7307,58,TRACKING,267.7,324.7,222.9,406.7,225.8,251.4,-118.64,-117.36,152.41,154.75,88.95,87.89,-1.18,-19.68,25.62,0.6314,0.6201,-0.4184,-0.4837,-0.4697,-0.3006,1.000,0.03500
744647.7650,59,TRACKING,268.0,324.4,223.3,406.4,222.3,250.9,-118.60,-117.36,151.00,153.96,90.39,88.37,-1.18,-20.47,26.10,0.6314,0.6246,-0.4111,-0.4547,-0.4786,-0.3718,0.997,0.03500
744647.7980,60,TRACKING,274.8,331.1,223.8,420.9,216.7,249.6,-119.60,-117.89,148.01,152.71,92.39,89.20,-1.71,-21.72,26.93,0.6455,0.6330,-0.3995,-0.4326,-0.4938,-0.4206,0.967,0.03500
744647.8308,61,TRACKING,274.8,331.1,223.8,420.9,216.7,249.6,-119.60,-118.35,148.01,151.51,92.39,90.01,-2.17,-22.92,27.74,0.6579,0.6429,-0.3884,-0.4149,-0.5086,-0.4558,0.967,0.03500
744647.8653,62,TRACKING,277.0,329.8,223.6,414.6,211.4,249.7,-122.20,-119.13,143.56,149.83,94.24,90.96,-2.94,-24.60,28.69,0.6784,0.6571,-0.3729,-0.3981,-0.5261,-0.4839,0.964,0.03500
744647.8973,63,TRACKING,277.0,329.8,223.6,414.6,211.4,249.7,-122.20,-119.89,143.56,148.24,94.24,91.82,-3.70,-26.19,29.55,0.6987,0.6737,-0.3583,-0.3822,-0.5418,-0.5070,0.964,0.03500
744647.9307,64,TRACKING,279.7,332.0,229.3,415.0,209.2,250.6,-121.27,-120.38,141.75,146.65,96.98,92.94,-4.19,-27.78,30.67,0.7118,0.6890,-0.3436,-0.3667,-0.5623,-0.5291,0.954,0.03500
744647.9644,65,TRACKING,279.7,332.0,229.3,415.0,209.2,250.6,-121.27,-120.38,141.75,145.31,96.98,93.97,-4.19,-29.12,31.71,0.7118,0.6981,-0.3312,-0.3525,-0.5813,-0.5500,0.954,0.03500
744647.9975,66,TRACKING,285.4,332.5,234.3,411.7,207.2,250.7,-122.87,-120.94,137.59,143.62,99.54,95.22,-4.75,-30.81,32.95,0.7267,0.7095,-0.3156,-0.3378,-0.6041,-0.5716,0.934,0.03500
744648.0307,67,TRACKING,285.4,332.5,234.3,411.7,207.2,250.7,-122.87,-121.44,137.59,142.07,99.54,96.34,-5.26,-32.36,34.07,0.7402,0.7218,-0.3013,-0.3232,-0.6247,-0.5929,0.934,0.03500
744648.0649,68,TRACKING,285.3,332.8,230.4,407.5,206.7,250.4,-126.32,-122.38,135.12,140.43,98.56,97.09,-6.20,-34.00,34.83,0.7652,0.7392,-0.2862,-0.3084,-0.6385,-0.6111,0.880,0.03500
744648.0986,69,TRACKING,285.3,332.8,230.4,407.5,206.7,250.4,-126.32,-123.33,135.12,139.01,98.56,97.59,-7.15,-35.42,35.33,0.7906,0.7598,-0.2730,-0.2942,-0.6477,-0.6257,0.880,0.03500
744648.1321,70,TRACKING,297.8,331.3,245.7,381.8,201.7,244.4,-135.90,-125.42,116.37,135.26,107.73,99.28,-9.23,-39.18,37.02,0.8462,0.7943,-0.2384,-0.2719,-0.6787,-0.6469,0.618,0.02341
744648.1656,71,TRACKING,297.8,331.3,245.7,381.8,201.7,244.4,-135.90,-127.73,116.37,131.04,107.73,101.19,-11.55,-43.39,38.93,0.9080,0.8398,-0.1995,-0.2429,-0.7137,-0.6736,0.618,0.02341
744648.1973,72,TRACKING,290.1,329.2,223.1,391.2,207.4,251.8,-137.23,-130.13,126.33,128.67,96.43,101.19,-13.94,-45.76,38.93,0.9718,0.8926,-0.1776,-0.2168,-0.7137,-0.6896,0.944,0.03500
744648.2307,73,TRACKING,290.1,329.2,223.1,391.2,207.4,251.8,-137.23,-132.12,126.33,127.43,96.43,100.44,-15.94,-47.00,38.18,1.0250,0.9456,-0.1661,-0.1965,-0.6999,-0.6937,0.944,0.03500
744648.2640,74,TRACKING,294.7,332.5,236.0,414.5,144.5,382.2,-125.64,-131.68,73.80,120.96,160.56,107.33,-15.50,-53.47,45.07,1.0133,0.9727,-0.1064,-0.1605,-0.8262,-0.7467,1.000,0.03500
744648.2973,75,TRACKING,294.7,332.5,236.0,414.5,144.5,382.2,-125.64,-130.54,73.80,111.59,160.56,117.83,-14.35,-62.84,55.56,0.9827,0.9767,-0.0200,-0.1043,-1.0187,-0.8555,1.000,0.03500
744648.3307,76,TRACKING,294.7,332.5,236.0,414.5,144.5,382.2,-125.64,-129.34,73.80,102.15,160.56,128.52,-13.16,-72.28,66.25,0.9509,0.9664,0.0000,-0.0626,-1.1000,-0.9533,1.000,0.03500
744648.3648,77,TRACKING,300.8,324.0,253.2,409.9,204.2,244.9,-119.01,-127.29,134.45,106.27,106.54,126.49,-11.11,-68.16,64.22,0.8961,0.9383,0.0000,-0.0375,-1.1000,-1.0120,0.711,0.02806
744648.3996,78,TRACKING,300.3,320.4,248.1,355.2,189.8,277.9,-146.38,-128.70,86.58,105.51,127.04,125.79,-12.51,-68.92,63.53,0.9336,0.9383,0.0000,-0.0225,-1.1000,-1.0472,1.000,0.03500
744648.4310,79,TRACKING,300.3,320.4,248.1,355.2,189.8,277.9,-146.38,-131.66,86.58,102.58,127.04,125.79,-15.47,-71.85,63.53,1.0126,0.9680,0.0000,-0.0135,-1.1000,-1.0683,1.000,0.03500
744648.4645,80,TRACKING,300.3,320.4,248.1,355.2,189.8,277.9,-146.38,-134.93,86.58,99.12,127.04,125.79,-18.74,-75.31,63.53,1.0998,1.0207,0.0000,-0.0081,-1.1000,-1.0810,1.000,0.03500
744648.4974,81,TRACKING,284.7,310.1,242.4,428.2,204.8,245.4,-109.74,-130.42,148.65,108.74,101.60,120.67,-14.24,-65.69,58.40,0.9796,1.0043,0.0000,-0.0049,-1.0707,-1.0769,0.794,0.03222
744648.5306,82,TRACKING,284.7,310.1,242.4,428.2,204.8,245.4,-109.74,-125.18,148.65,119.24,101.60,115.54,-9.00,-55.19,53.27,0.8400,0.9386,-0.0905,-0.0391,-0.9767,-1.0368,0.794,0.03222
744648.5640,83,TRACKING,284.7,310.1,242.4,428.2,204.8,245.4,-109.74,-120.77,148.65,127.94,101.60,111.43,-4.59,-46.49,49.16,0.7223,0.8521,-0.1709,-0.0918,-0.9013,-0.9826,0.794,0.03222
744648.5973,84,TRACKING,283.2,304.4,234.5,428.5,202.3,243.9,-111.45,-117.70,148.68,134.44,99.88,108.10,-1.52,-39.99,45.83,0.6404,0.7674,-0.2308,-0.1474,-0.8402,-0.9257,0.745,0.02975
744648.6307,85,TRACKING,283.2,304.4,234.5,428.5,202.3,243.9,-111.45,-115.61,148.68,139.03,99.88,105.60,0.57,-35.40,43.33,0.5847,0.6943,-0.2732,-0.1977,-0.7945,-0.8732,0.745,0.02975
744648.6648,86,TRACKING,283.2,304.4,234.5,428.5,202.3,243.9,-111.45,-114.21,148.68,142.20,99.88,103.80,1.98,-32.23,41.54,0.5473,0.6355,-0.3025,-0.2396,-0.7615,-0.8285,0.745,0.02975
744648.6987,87,TRACKING,287.7,301.9,237.6,425.9,199.9,244.1,-112.00,-113.36,146.28,143.96,101.72,102.83,2.82,-30.47,40.57,0.5247,0.5912,-0.3187,-0.2713,-0.7437,-0.7946,0.718,0.02838
744648.7307,88,TRACKING,287.7,301.9,237.6,425.9,199.9,244.1,-112.00,-112.84,146.28,144.95,101.72,102.31,3.34,-29.48,40.05,0.5109,0.5591,-0.3279,-0.2939,-0.7342,-0.7704,0.718,0.02838
744648.7641,89,TRACKING,317.0,313.4,254.3,331.3,186.4,253.7,-164.12,-117.52,64.66,137.33,131.22,105.21,-1.33,-37.10,42.95,0.6355,0.5897,-0.2575,-0.2793,-0.7873,-0.7772,1.000,0.03500
744648.7973,90,TRACKING,317.0,313.4,254.3,331.3,186.4,253.7,-164.12,-125.30,64.66,124.95,131.22,109.76,-9.11,-49.48,47.49,0.8431,0.6910,-0.1432,-0.2249,-0.8706,-0.8146,1.000,0.03500
744648.8308,91,TRACKING,318.5,315.9,257.8,333.0,198.1,243.5,-164.22,-133.86,72.09,112.38,123.69,113.52,-17.68,-62.05,51.26,1.0714,0.8431,-0.0272,-0.1458,-0.9397,-0.8646,0.613,0.02314
744648.8640,92,TRACKING,318.5,315.9,257.8,333.0,198.1,243.5,-164.22,-141.68,72.09,101.38,123.69,116.46,-25.50,-73.05,54.19,1.2800,1.0179,0.0000,-0.0875,-0.9935,-0.9162,0.613,0.02314
744648.8979,93,TRACKING,287.5,290.6,245.3,398.7,145.7,436.2,-111.33,-137.26,48.09,91.83,-159.42,129.91,-21.07,-82.60,67.64,1.1619,1.0755,0.0000,-0.0525,-1.1000,-0.9897,1.000,0.03500
744648.9326,94,TRACKING,287.5,290.6,245.3,398.7,145.7,436.2,-111.33,-130.99,48.09,81.00,-159.42,147.07,-14.81,-93.43,84.80,0.9949,1.0433,0.0000,-0.0315,-1.1000,-1.0338,1.000,0.03500
744648.9640,95,TRACKING,287.5,290.6,245.3,398.7,145.7,436.2,-111.33,-125.48,48.09,71.51,-159.42,162.83,-9.30,-102.92,100.56,0.8479,0.9651,0.0000,-0.0189,-1.1000,-1.0603,1.000,0.03500
744648.9990,96,TRACKING,289.3,289.3,243.5,388.9,196.3,243.8,-114.67,-121.80,137.32,83.00,108.01,154.81,-5.61,-91.43,92.54,0.7496,0.8789,0.0000,-0.0113,-1.1000,-1.0762,0.694,0.02720
744649.0306,97,TRACKING,289.3,289.3,243.5,388.9,196.3,243.8,-114.67,-119.36,137.32,97.50,108.01,142.73,-3.17,-76.93,80.46,0.6846,0.8012,0.0000,-0.0068,-1.1000,-1.0857,0.694,0.02720
744649.0643,98,TRACKING,287.2,295.3,238.8,413.8,130.9,466.9,-112.21,-117.32,41.58,93.18,-153.78,149.34,-1.13,-81.25,87.07,0.6302,0.7328,0.0000,-0.0068,-1.1000,-1.0914,1.000,0.03500
744649.0973,99,TRACKING,287.2,295.3,238.8,413.8,130.9,466.9,-112.21,-115.77,41.58,81.93,-153.78,162.24,0.41,-92.51,99.97,0.5890,0.6753,0.0000,-0.0068,-1.1000,-1.0949,1.000,0.03500
744649.1308,100,TRACKING,291.0,292.3,242.1,393.6,195.2,240.3,-115.76,-115.20,137.23,91.32,107.00,153.38,0.98,-83.11,91.12,0.5738,0.6347,0.0000,-0.0068,-1.1000,-1.0949,0.646,0.02481
744649.1641,101,TRACKING,291.0,292.3,242.1,393.6,195.2,240.3,-115.76,-115.20,137.23,103.53,107.00,141.29,0.98,-70.90,79.02,0.5738,0.6103,0.0000,-0.0068,-1.1000,-1.0949,0.646,0.02481
744649.1974,102,TRACKING,329.8,313.6,260.3,322.2,185.9,242.2,-172.96,-121.55,54.13,102.60,132.91,135.49,-5.36,-71.83,73.23,0.7430,0.6634,0.0000,-0.0068,-1.1000,-1.0949,1.000,0.03500
744649.2331,103,TRACKING,329.8,313.6,260.3,322.2,185.9,242.2,-172.96,-131.25,54.13,95.14,132.91,133.06,-15.06,-79.29,70.79,1.0017,0.7987,0.0000,-0.0068,-1.1000,-1.0949,1.000,0.03500
744649.2640,104,TRACKING,329.8,313.6,260.3,322.2,185.9,242.2,-172.96,-141.33,54.13,86.02,132.91,132.18,-25.14,-88.41,69.91,1.2704,0.9874,0.0000,-0.0068,-1.1000,-1.0949,1.000,0.03500
744649.2973,105,TRACKING,329.0,315.7,259.9,324.4,195.6,238.8,-172.77,-150.02,60.33,78.61,126.90,131.04,-33.84,-95.82,68.77,1.5023,1.1934,0.0000,-0.0068,-1.1000,-1.0949,0.644,0.02472
744649.3308,106,TRACKING,331.6,315.9,260.2,316.9,194.7,236.7,-179.17,-157.85,51.64,71.62,129.19,130.34,-41.67,-102.81,68.08,1.7112,1.4005,0.0000,-0.0068,-1.1000,-1.0949,0.858,0.03500
744649.3642,107,TRACKING,331.6,315.9,260.2,316.9,194.7,236.7,-179.17,-164.08,51.64,65.91,129.19,129.91,-47.90,-108.52,67.65,1.8773,1.5912,0.0000,-0.0068,-1.1000,-1.0949,0.858,0.03500
744649.3973,108,TRACKING,331.6,315.9,260.2,316.9,194.7,236.7,-179.17,-168.71,51.64,61.61,129.19,129.91,-52.52,-112.82,67.65,2.0007,1.7550,0.0000,-0.0068,-1.1000,-1.0949,0.858,0.03500
744649.4307,109,TRACKING,333.8,314.5,260.8,318.9,194.0,237.0,-176.54,-171.59,54.23,58.91,129.23,129.91,-55.40,-115.52,67.65,2.0775,1.8840,0.0000,-0.0068,-1.1000,-1.0949,0.819,0.03345
744649.4640,110,TRACKING,333.8,314.5,260.8,318.9,194.0,237.0,-176.54,-173.39,54.23,57.21,129.23,129.91,-57.21,-117.22,67.65,2.1255,1.9806,0.0000,-0.0068,-1.1000,-1.0949,0.819,0.03345
744649.4975,111,TRACKING,330.1,312.8,256.6,316.5,192.2,235.4,-177.10,-174.62,54.45,56.17,128.44,129.91,-58.44,-118.26,67.65,2.1583,2.0517,0.0000,-0.0068,-1.1000,-1.0949,0.858,0.03500
744649.5306,112,TRACKING,330.1,312.8,256.6,316.5,192.2,235.4,-177.10,-175.45,54.45,55.53,128.44,129.48,-59.26,-118.90,67.21,2.1804,2.1032,0.0000,-0.0068,-1.1000,-1.0949,0.858,0.03500
744649.5640,113,TRACKING,320.7,312.1,246.8,312.2,189.5,234.7,-179.97,-176.46,53.59,54.98,126.45,128.86,-60.28,-119.45,66.59,2.2000,2.1419,0.0000,-0.0068,-1.1000,-1.0949,0.850,0.03500
744649.5979,114,TRACKING,323.3,312.9,249.9,312.4,188.0,232.5,179.64,-177.44,51.93,54.30,127.72,128.86,-61.25,-120.13,66.59,2.2000,2.1651,0.0000,-0.0068,-1.1000,-1.0949,0.857,0.03500
744649.6308,115,TRACKING,323.3,312.9,249.9,312.4,188.0,232.5,179.64,-178.24,51.93,53.68,127.72,128.86,-62.06,-120.75,66.59,2.2000,2.1791,0.0000,-0.0068,-1.1000,-1.0949,0.857,0.03500
744649.6640,116,TRACKING,320.2,312.5,246.8,312.6,185.0,232.7,-179.97,-178.81,52.33,53.25,127.70,128.86,-62.62,-121.18,66.59,2.2000,2.1874,0.0000,-0.0068,-1.1000,-1.0949,0.749,0.02996
744649.6973,117,TRACKING,320.2,312.5,246.8,312.6,185.0,232.7,-179.97,-178.81,52.33,53.25,127.70,128.86,-62.62,-121.18,66.59,2.2000,2.1925,0.0000,-0.0068,-1.1000,-1.0949,0.749,0.02996
744649.7308,118,TRACKING,321.4,312.5,247.4,312.7,186.0,231.6,-179.89,-178.81,52.94,53.25,127.17,128.37,-62.62,-121.18,66.10,2.2000,2.1925,0.0000,-0.0068,-1.1000,-1.0949,0.885,0.03500
744649.7641,119,TRACKING,321.4,312.5,247.4,312.7,186.0,231.6,-179.89,-178.81,52.94,53.25,127.17,128.37,-62.62,-121.18,66.10,2.2000,2.1925,0.0000,-0.0068,-1.1000,-1.0949,0.885,0.03500
744649.7990,120,TRACKING,325.2,314.5,249.3,315.2,186.0,232.1,-179.46,-178.81,53.22,53.25,127.32,128.37,-62.62,-121.18,66.10,2.2000,2.1925,0.0000,-0.0068,-1.1000,-1.0949,0.868,0.03500
744649.8341,121,TRACKING,325.2,314.5,249.3,315.2,186.0,232.1,-179.46,-178.81,53.22,53.25,127.32,128.37,-62.62,-121.18,66.10,2.2000,2.1925,0.0000,-0.0068,-1.1000,-1.0949,0.868,0.03500
744649.8657,122,TRACKING,324.0,314.7,248.8,310.0,186.8,232.1,176.42,-179.71,47.91,52.38,128.51,128.37,-63.53,-122.05,66.10,2.2000,2.1925,0.0000,-0.0068,-1.1000,-1.0949,0.881,0.03500
744649.8989,123,TRACKING,324.0,314.7,248.8,310.0,186.8,232.1,176.42,179.36,47.91,51.37,128.51,128.37,-64.46,-123.06,66.10,2.2000,2.1925,0.0000,-0.0068,-1.1000,-1.0949,0.881,0.03500
744649.9307,124,TRACKING,322.5,313.5,245.4,311.0,187.9,231.7,178.14,178.83,52.18,51.37,125.96,128.37,-64.98,-123.06,66.10,2.2000,2.1925,0.0000,-0.0068,-1.1000,-1.0949,0.872,0.03500
744649.9640,125,TRACKING,322.5,313.5,245.4,311.0,187.9,231.7,178.14,178.83,52.18,51.37,125.96,127.76,-64.98,-123.06,65.49,2.2000,2.1925,0.0000,-0.0068,-1.1000,-1.0949,0.872,0.03500
744649.9978,126,TRACKING,325.5,314.3,247.2,309.5,189.6,230.8,176.52,178.30,50.32,51.37,126.21,127.30,-65.51,-123.06,65.03,2.2000,2.1925,0.0000,-0.0068,-1.1000,-1.0949,0.911,0.03500
744650.0306,127,TRACKING,325.5,314.3,247.2,309.5,189.6,230.8,176.52,177.83,50.32,51.37,126.21,127.30,-65.98,-123.06,65.03,2.2000,2.1925,0.0000,-0.0068,-1.1000,-1.0949,0.911,0.03500
744650.0647,128,TRACKING,328.5,313.3,250.7,312.2,189.4,230.8,179.19,177.83,52.24,51.37,126.95,127.30,-65.98,-123.06,65.03,2.2000,2.1925,0.0000,-0.0068,-1.1000,-1.0949,0.872,0.03500
744650.0973,129,TRACKING,330.6,312.5,254.4,310.9,189.9,230.5,178.81,177.83,50.07,51.37,128.74,127.30,-65.98,-123.06,65.03,2.2000,2.1925,0.0000,-0.0068,-1.1000,-1.0949,0.867,0.03500
744650.1307,130,TRACKING,323.7,312.7,247.5,307.7,188.7,229.9,176.26,177.83,49.20,50.91,127.05,127.30,-65.98,-123.52,65.03,2.2000,2.1925,0.0000,-0.0068,-1.1000,-1.0949,0.857,0.03500
744650.1646,131,TRACKING,323.7,312.7,247.5,307.7,188.7,229.9,176.26,177.83,49.20,50.47,127.05,127.30,-65.98,-123.96,65.03,2.2000,2.1925,0.0000,-0.0068,-1.1000,-1.0949,0.857,0.03500
744650.1973,132,TRACKING,322.9,310.9,246.7,305.0,186.7,228.9,175.56,177.29,47.28,49.82,128.27,127.30,-66.52,-124.61,65.03,2.2000,2.1925,0.0000,-0.0068,-1.1000,-1.0949,0.847,0.03500
744650.2310,133,TRACKING,329.4,310.7,250.8,307.2,186.1,229.6,177.41,177.29,47.61,49.23,129.80,127.77,-66.52,-125.20,65.51,2.2000,2.1925,0.0000,-0.0068,-1.1000,-1.0949,0.866,0.03500
744650.2642,134,TRACKING,329.4,310.7,250.8,307.2,186.1,229.6,177.41,177.29,47.61,48.77,129.80,128.27,-66.52,-125.66,66.00,2.2000,2.1925,0.0000,-0.0068,-1.1000,-1.0949,0.866,0.03500
744650.2977,135,TRACKING,324.2,311.5,244.2,305.1,182.5,229.3,175.38,177.29,46.21,48.19,129.17,128.27,-66.52,-126.24,66.00,2.2000,2.1925,0.0000,-0.0068,-1.1000,-1.0949,0.923,0.03500
744650.3311,136,TRACKING,325.2,312.5,246.7,307.7,181.4,229.1,176.48,177.29,46.72,47.75,129.76,128.27,-66.52,-126.68,66.00,2.2000,2.1925,0.0000,-0.0068,-1.1000,-1.0949,0.895,0.03500
744650.3640,137,TRACKING,325.2,312.5,246.7,307.7,181.4,229.1,176.48,177.29,46.72,47.75,129.76,128.73,-66.52,-126.68,66.46,2.2000,2.1925,0.0000,-0.0068,-1.1000,-1.0949,0.895,0.03500
744650.3975,138,TRACKING,326.6,311.9,244.7,304.1,179.8,229.8,174.56,176.69,43.40,46.89,131.16,129.27,-67.13,-127.54,67.01,2.2000,2.1925,0.0000,-0.0068,-1.1000,-1.0949,0.871,0.03500
744650.4307,139,TRACKING,330.2,314.9,249.9,313.1,179.4,231.4,178.70,176.69,47.92,46.89,130.78,129.71,-67.13,-127.54,67.44,2.2000,2.1925,0.0000,-0.0068,-1.1000,-1.0949,0.921,0.03500
744650.4643,140,TRACKING,330.2,314.9,249.9,313.1,179.4,231.4,178.70,176.69,47.92,46.89,130.78,129.71,-67.13,-127.54,67.44,2.2000,2.1925,0.0000,-0.0068,-1.1000,-1.0949,0.921,0.03500
744650.4980,141,TRACKING,332.1,316.6,248.4,314.4,179.3,231.8,178.47,177.18,48.55,46.89,129.92,129.71,-66.64,-127.54,67.44,2.2000,2.1925,0.0000,-0.0068,-1.1000,-1.0949,0.965,0.03500
744650.5308,142,TRACKING,315.7,315.5,239.7,319.4,183.4,232.0,-177.03,178.23,60.22,49.11,122.76,128.75,-65.58,-125.32,66.48,2.2000,2.1925,0.0000,-0.0068,-1.1000,-1.0949,0.983,0.03500
744650.5640,143,TRACKING,315.7,315.5,239.7,319.4,183.4,232.0,-177.03,179.35,60.22,51.64,122.76,127.46,-64.47,-122.79,65.20,2.2000,2.1925,0.0000,-0.0068,-1.1000,-1.0949,0.983,0.03500
744650.5975,144,TRACKING,315.2,314.8,238.7,322.7,185.9,234.0,-174.14,-179.23,65.13,54.67,120.72,125.95,-63.05,-119.76,63.68,2.2000,2.1925,0.0000,-0.0068,-1.1000,-1.0949,0.910,0.03500
744650.6307,145,TRACKING,312.6,314.5,246.4,338.9,193.7,235.0,-159.79,-175.80,83.32,60.19,116.89,123.92,-59.62,-114.24,61.65,2.1897,2.1925,0.0000,-0.0068,-1.1000,-1.0949,0.624,0.02370
744650.6640,146,TRACKING,312.6,314.5,246.4,338.9,193.7,235.0,-159.79,-172.08,83.32,65.81,116.89,122.06,-55.90,-108.62,59.80,2.0906,2.1517,0.0000,-0.0068,-1.0963,-1.0949,0.624,0.02370
744650.6974,147,TRACKING,292.6,310.3,244.5,440.4,136.2,453.4,-110.29,-157.92,62.86,71.04,-173.15,131.19,-41.74,-103.39,68.92,1.7131,1.9762,0.0000,-0.0068,-1.1000,-1.0949,1.000,0.03500
744650.7306,148,TRACKING,292.6,310.3,244.5,440.4,136.2,453.4,-110.29,-144.12,62.86,71.81,-173.15,143.85,-27.94,-102.62,81.58,1.3450,1.7237,0.0000,-0.0068,-1.1000,-1.0949,1.000,0.03500
744650.7640,149,TRACKING,297.3,313.5,253.7,409.2,208.2,229.2,-114.48,-134.23,141.31,86.80,104.20,137.92,-18.04,-87.63,75.65,1.0811,1.4667,0.0000,-0.0068,-1.1000,-1.0949,0.639,0.02445
744650.7973,150,TRACKING,296.5,311.7,252.5,425.0,153.4,414.8,-111.26,-126.93,74.64,91.32,174.11,141.00,-10.74,-83.11,78.73,0.8865,1.2346,0.0000,-0.0068,-1.1000,-1.0949,1.000,0.03500
744650.8307,151,TRACKING,296.5,311.7,252.5,425.0,153.4,414.8,-111.26,-121.82,74.64,90.20,174.11,147.36,-5.64,-84.23,85.09,0.7504,1.0409,0.0000,-0.0068,-1.1000,-1.0949,1.000,0.03500
744650.8640,152,TRACKING,295.2,308.5,252.1,427.9,225.8,228.6,-109.86,-118.09,152.64,103.89,97.50,137.46,-1.91,-70.54,75.19,0.6509,0.8849,0.0000,-0.0068,-1.1000,-1.0949,0.676,0.02631
744650.8975,153,TRACKING,295.2,308.5,252.1,427.9,225.8,228.6,-109.86,-115.46,152.64,117.81,97.50,126.55,0.73,-56.62,64.28,0.5806,0.7632,-0.0774,-0.0350,-1.1000,-1.0949,0.676,0.02631
744650.9308,154,TRACKING,296.7,308.8,253.8,427.4,228.0,227.5,-109.87,-113.64,152.77,128.86,97.36,117.66,2.55,-45.57,55.39,0.5321,0.6708,-0.1793,-0.0928,-1.0155,-1.0631,0.631,0.02406
744650.9661,155,TRACKING,296.7,308.8,253.8,427.4,228.0,227.5,-109.87,-112.40,152.77,136.73,97.36,111.16,3.79,-37.70,48.89,0.4990,0.6021,-0.2520,-0.1565,-0.8964,-0.9964,0.631,0.02406
744650.9976,156,TRACKING,298.2,308.1,261.5,413.9,161.1,397.9,-109.16,-111.45,79.90,134.38,170.94,114.34,4.73,-40.05,52.07,0.4738,0.5508,-0.2303,-0.1860,-0.9546,-0.9797,1.000,0.03500
744651.0307,157,TRACKING,298.2,308.1,261.5,413.9,161.1,397.9,-109.16,-110.76,79.90,125.83,170.94,123.44,5.43,-48.60,61.17,0.4553,0.5126,-0.1513,-0.1721,-1.1000,-1.0278,1.000,0.03500
744651.0642,158,TRACKING,299.5,302.7,265.5,384.5,243.7,218.0,-112.53,-110.76,149.99,128.68,97.48,120.63,5.43,-45.75,58.36,0.4553,0.4897,-0.1777,-0.1721,-1.0699,-1.0447,0.451,0.01507
744651.0973,159,TRACKING,299.5,302.7,265.5,384.5,243.7,218.0,-112.53,-110.76,149.99,133.62,97.48,115.44,5.43,-40.81,53.18,0.4553,0.4759,-0.2233,-0.1926,-0.9749,-1.0168,0.451,0.01507
744651.1311,160,TRACKING,300.1,304.8,268.4,376.9,244.8,216.3,-113.75,-111.32,147.90,137.78,98.35,110.78,4.87,-36.65,48.52,0.4702,0.4759,-0.2617,-0.2202,-0.8895,-0.9658,0.308,0.00791
744651.1640,161,TRACKING,300.1,304.8,268.4,376.9,244.8,216.3,-113.75,-111.89,147.90,140.91,98.35,107.12,4.30,-33.52,44.86,0.4854,0.4797,-0.2906,-0.2484,-0.8224,-0.9085,0.308,0.00791
744651.1973,162,TRACKING,301.2,308.2,270.1,365.6,237.5,187.9,-118.44,-113.00,141.17,142.18,100.39,104.75,3.18,-32.25,42.49,0.5152,0.4939,-0.3023,-0.2699,-0.7789,-0.8566,0.385,0.01173
744651.2311,163,TRACKING,301.2,308.2,270.1,365.6,237.5,187.9,-118.44,-114.22,141.17,142.18,100.39,103.22,1.97,-32.25,40.95,0.5476,0.5154,-0.3023,-0.2829,-0.7508,-0.8143,0.385,0.01173
744651.2654,164,TRACKING,301.2,308.2,270.1,365.6,237.5,187.9,-118.44,-115.31,141.17,142.18,100.39,102.23,0.88,-32.25,39.96,0.5765,0.5398,-0.3023,-0.2906,-0.7326,-0.7816,0.385,0.01173
744651.2973,165,TRACKING,301.9,305.2,276.7,338.3,236.5,243.7,-127.31,-117.17,119.64,139.61,113.05,103.02,-0.99,-34.82,40.75,0.6263,0.5744,-0.2786,-0.2858,-0.7471,-0.7678,1.000,0.03500
744651.3308,166,TRACKING,301.9,305.2,276.7,338.3,236.5,243.7,-127.31,-119.27,119.64,135.95,113.05,104.64,-3.08,-38.48,42.38,0.6822,0.6175,-0.2448,-0.2694,-0.7769,-0.7714,1.000,0.03500
744651.3640,167,TRACKING,301.9,305.2,276.7,338.3,236.5,243.7,-127.31,-121.22,119.64,132.21,113.05,106.46,-5.04,-42.22,44.19,0.7343,0.6642,-0.2103,-0.2457,-0.8102,-0.7870,1.000,0.03500
744651.3979,168,TRACKING,296.1,307.9,262.6,363.0,266.6,228.0,-121.24,-121.82,150.42,134.18,88.34,103.94,-5.63,-40.25,41.67,0.7502,0.6986,-0.2285,-0.2388,-0.7640,-0.7778,0.333,0.00916
744651.4308,169,TRACKING,296.1,307.9,262.6,363.0,266.6,228.0,-121.24,-121.82,150.42,137.58,88.34,100.48,-5.63,-36.85,38.21,0.7502,0.7192,-0.2598,-0.2472,-0.7006,-0.7469,0.333,0.00916
744651.4641,170,TRACKING,296.1,307.9,262.6,363.0,266.6,228.0,-121.24,-121.82,150.42,140.86,88.34,97.29,-5.63,-33.57,35.03,0.7502,0.7316,-0.2901,-0.2644,-0.6422,-0.7050,0.333,0.00916
744651.4978,171,TRACKING,295.6,306.4,268.2,353.0,269.0,222.2,-120.55,-121.82,149.82,143.43,89.64,94.94,-5.63,-31.00,32.68,0.7502,0.7390,-0.3139,-0.2842,-0.5991,-0.6626,0.138,0.00000
744651.5307,172,TRACKING,295.6,306.4,268.2,353.0,269.0,222.2,-120.55,-121.82,149.82,145.36,89.64,93.27,-5.63,-29.07,31.00,0.7502,0.7435,-0.3316,-0.3032,-0.5683,-0.6249,0.138,0.00000
744651.5640,173,TRACKING,293.1,308.7,258.5,348.3,275.4,231.3,-131.10,-123.05,147.10,146.31,81.80,90.93,-6.86,-28.12,28.66,0.7830,0.7593,-0.3404,-0.3181,-0.5255,-0.5852,0.254,0.00522
744651.5975,174,TRACKING,293.1,308.7,258.5,348.3,275.4,231.3,-131.10,-124.74,147.10,146.76,81.80,88.68,-8.56,-27.67,26.41,0.8281,0.7868,-0.3446,-0.3287,-0.4842,-0.5448,0.254,0.00522
744651.6318,175,TRACKING,293.1,308.7,258.5,348.3,275.4,231.3,-131.10,-126.34,147.10,146.76,81.80,86.79,-10.16,-27.67,24.53,0.8708,0.8204,-0.3446,-0.3351,-0.4497,-0.5067,0.254,0.00522
744651.6641,176,TRACKING,293.0,315.8,254.9,365.0,282.7,235.6,-127.73,-127.11,154.39,148.15,77.88,84.67,-10.93,-26.28,22.40,0.8914,0.8488,-0.3574,-0.3440,-0.4107,-0.4683,0.272,0.00608
744651.6975,177,TRACKING,293.0,315.8,254.9,365.0,282.7,235.6,-127.73,-127.11,154.39,149.65,77.88,82.82,-10.93,-24.78,20.56,0.8914,0.8659,-0.3713,-0.3549,-0.3769,-0.4318,0.272,0.00608
744651.7307,178,TRACKING,291.0,315.7,232.0,414.5,174.0,463.2,-120.84,-125.91,19.09,143.11,-139.94,90.71,-9.72,-31.32,28.44,0.8593,0.8659,-0.3109,-0.3373,-0.5214,-0.4676,1.000,0.03500
744651.7640,179,TRACKING,291.0,315.7,232.0,414.5,174.0,463.2,-120.84,-124.60,19.09,117.47,-139.94,117.54,-8.42,-56.96,55.27,0.8245,0.8493,-0.0742,-0.2321,-1.0133,-0.6859,1.000,0.03500
744651.7973,180,TRACKING,291.0,315.7,232.0,414.5,174.0,463.2,-120.84,-123.53,19.09,85.58,-139.94,151.34,-7.34,-88.85,89.07,0.7957,0.8279,0.0000,-0.1392,-1.1000,-0.8515,1.000,0.03500
744651.8309,181,TRACKING,281.9,312.5,223.6,417.9,308.7,249.4,-118.91,-122.38,177.88,119.22,63.21,117.92,-6.20,-55.21,55.65,0.7653,0.8028,-0.0904,-0.1197,-1.0202,-0.9190,0.500,0.01749
744651.8641,182,TRACKING,281.9,312.5,223.6,417.9,308.7,249.4,-118.91,-121.42,177.88,144.10,63.21,94.43,-5.23,-30.33,32.16,0.7396,0.7775,-0.3200,-0.1998,-0.5896,-0.7872,0.500,0.01749
744651.8975,183,TRACKING,281.6,315.1,222.6,419.8,307.1,246.5,-119.38,-120.75,176.59,157.79,64.03,81.67,-4.57,-16.64,19.40,0.7218,0.7552,-0.4464,-0.2985,-0.3557,-0.6146,0.403,0.01265
744651.9330,184,TRACKING,281.6,315.1,222.6,419.8,307.1,246.5,-119.38,-120.30,176.59,165.24,64.03,74.71,-4.11,-9.19,12.44,0.7097,0.7370,-0.5152,-0.3852,-0.2281,-0.4600,0.403,0.01265
744651.9643,185,TRACKING,284.0,313.6,223.4,418.3,308.5,247.4,-120.04,-120.30,176.43,169.50,63.52,70.60,-4.11,-4.93,8.33,0.7097,0.7261,-0.5545,-0.4529,-0.1527,-0.3371,0.186,0.00179
744651.9991,186,TRACKING,284.0,313.6,223.4,418.3,308.5,247.4,-120.04,-120.30,176.43,172.05,63.52,68.07,-4.11,-2.38,5.80,0.7097,0.7195,-0.5780,-0.5030,-0.1063,-0.2448,0.186,0.00179
744652.0308,187,TRACKING,286.0,314.5,222.4,418.9,312.8,249.6,-121.34,-120.30,176.75,173.68,61.91,66.20,-4.11,-0.75,3.93,0.7097,0.7156,-0.5931,-0.5390,-0.0721,-0.1757,0.310,0.00800
744652.0670,188,TRACKING,286.0,314.5,222.4,418.9,312.8,249.6,-121.34,-120.30,176.75,174.74,61.91,64.86,-4.11,0.31,2.59,0.7097,0.7156,-0.6029,-0.5646,-0.0475,-0.1244,0.310,0.00800
744652.0978,189,TRACKING,285.8,315.0,222.1,420.5,317.1,250.6,-121.09,-120.30,178.11,175.65,60.81,63.74,-4.11,1.22,1.47,0.7097,0.7156,-0.6113,-0.5832,-0.0270,-0.0855,0.363,0.01063
744652.1309,190,TRACKING,285.8,315.0,222.1,420.5,317.1,250.6,-121.09,-120.30,178.11,176.37,60.81,62.88,-4.11,1.94,0.61,0.7097,0.7156,-0.6179,-0.5971,-0.0112,-0.0558,0.363,0.01063
744652.1644,191,TRACKING,285.2,314.5,220.8,422.3,316.0,249.7,-120.85,-120.30,178.01,176.88,61.13,62.29,-4.11,2.45,0.03,0.7097,0.7156,-0.6226,-0.6073,-0.0005,-0.0337,0.251,0.00504
744652.1978,192,TRACKING,285.2,314.5,220.8,422.3,316.0,249.7,-120.85,-120.30,178.01,176.88,61.13,62.29,-4.11,2.45,0.03,0.7097,0.7156,-0.6226,-0.6134,-0.0005,-0.0204,0.251,0.00504
744652.2307,193,TRACKING,285.2,314.5,220.8,422.3,316.0,249.7,-120.85,-120.30,178.01,176.88,61.13,62.29,-4.11,2.45,0.03,0.7097,0.7156,-0.6226,-0.6171,-0.0005,-0.0124,0.251,0.00504
744652.2646,194,TRACKING,285.0,314.2,222.5,419.0,313.2,248.0,-120.79,-120.30,177.16,176.88,62.05,62.29,-4.11,2.45,0.03,0.7097,0.7156,-0.6226,-0.6171,-0.0005,-0.0077,0.314,0.00819
744652.2993,195,TRACKING,280.7,314.8,222.6,420.4,305.3,247.0,-118.82,-120.30,176.67,176.88,64.51,62.29,-4.11,2.45,0.03,0.7097,0.7156,-0.6226,-0.6171,-0.0005,-0.0077,0.495,0.01726
744652.3346,196,TRACKING,280.7,314.8,222.6,420.4,305.3,247.0,-118.82,-120.30,176.67,176.88,64.51,62.76,-4.11,2.45,0.49,0.7097,0.7156,-0.6226,-0.6171,-0.0090,-0.0077,0.495,0.01726
744652.3641,197,TRACKING,286.9,322.7,228.2,406.8,297.5,247.1,-124.95,-120.79,168.52,175.68,66.53,63.49,-4.60,1.25,1.22,0.7227,0.7156,-0.6115,-0.6171,-0.0224,-0.0136,0.586,0.02179
744652.3985,198,TRACKING,286.9,322.7,228.2,406.8,297.5,247.1,-124.95,-121.59,168.52,174.15,66.53,64.22,-5.41,-0.28,1.96,0.7442,0.7270,-0.5974,-0.6092,-0.0359,-0.0225,0.586,0.02179
744652.4307,199,TRACKING,288.7,320.7,235.3,405.7,289.6,241.0,-122.12,-121.59,166.14,172.35,71.74,65.65,-5.41,-2.08,3.39,0.7442,0.7339,-0.5808,-0.5979,-0.0621,-0.0383,0.451,0.01505
744652.4640,200,TRACKING,288.7,320.7,235.3,405.7,289.6,241.0,-122.12,-121.59,166.14,170.74,71.74,67.12,-5.41,-3.69,4.85,0.7442,0.7380,-0.5659,-0.5851,-0.0889,-0.0586,0.451,0.01505
744652.4974,201,TRACKING,287.1,313.0,234.8,404.3,279.7,245.7,-119.80,-121.59,166.00,169.44,74.20,68.74,-5.41,-4.99,6.47,0.7442,0.7380,-0.5539,-0.5726,-0.1186,-0.0826,0.893,0.03500
744652.5306,202,TRACKING,287.1,313.0,234.8,404.3,279.7,245.7,-119.80,-121.59,166.00,168.44,74.20,70.17,-5.41,-5.99,7.90,0.7442,0.7380,-0.5447,-0.5615,-0.1449,-0.1075,0.893,0.03500
744652.5648,203,TRACKING,283.0,305.2,238.5,394.5,265.9,225.0,-116.48,-120.61,162.70,167.15,80.82,72.37,-4.42,-7.28,10.11,0.7179,0.7300,-0.5328,-0.5500,-0.1853,-0.1386,0.265,0.00577
744652.6010,204,TRACKING,283.0,305.2,238.5,394.5,265.9,225.0,-116.48,-119.61,162.70,165.98,80.82,74.50,-3.42,-8.45,12.23,0.6913,0.7145,-0.5220,-0.5388,-0.2243,-0.1729,0.265,0.00577
744652.6317,205,TRACKING,281.4,293.4,241.0,380.5,184.1,390.0,-114.86,-118.52,55.67,160.05,-170.53,81.48,-2.33,-14.38,19.21,0.6622,0.6936,-0.4673,-0.5102,-0.3523,-0.2446,1.000,0.03500
744652.6644,206,TRACKING,281.4,293.4,241.0,380.5,184.1,390.0,-114.86,-117.55,55.67,146.29,-170.53,96.19,-1.37,-28.14,33.92,0.6365,0.6708,-0.3403,-0.4422,-0.6219,-0.3956,1.000,0.03500
744652.6974,207,TRACKING,280.3,283.6,253.1,356.0,252.8,224.3,-110.60,-116.22,159.27,146.29,90.13,97.98,-0.03,-28.14,35.71,0.6009,0.6428,-0.3403,-0.4015,-0.6547,-0.4992,0.491,0.01704
744652.7307,208,TRACKING,280.3,283.6,253.1,356.0,252.8,224.3,-110.60,-114.89,159.27,148.60,90.13,96.88,1.29,-25.83,34.62,0.5655,0.6119,-0.3616,-0.3855,-0.6346,-0.5534,0.491,0.01704
744652.7645,209,TRACKING,268.1,280.2,235.7,406.9,135.2,449.2,-104.35,-112.44,52.80,134.84,-157.15,112.79,3.75,-39.59,50.52,0.5001,0.5672,-0.2345,-0.3251,-0.9262,-0.7025,1.000,0.03500
744652.7981,210,TRACKING,268.1,280.2,235.7,406.9,135.2,449.2,-104.35,-110.22,52.80,113.75,-157.15,136.14,5.97,-60.68,73.88,0.4409,0.5167,-0.0398,-0.2110,-1.1000,-0.8615,1.000,0.03500
744652.8306,211,TRACKING,268.1,280.2,235.7,406.9,135.2,449.2,-104.35,-108.48,52.80,94.20,-157.15,158.03,7.70,-80.23,95.76,0.3945,0.4678,0.0000,-0.1266,-1.1000,-0.9569,1.000,0.03500
744652.8640,212,TRACKING,264.8,275.2,223.9,416.7,106.2,454.8,-106.11,-107.50,55.98,80.35,-162.08,173.10,8.69,-94.08,110.84,0.3684,0.4280,0.0000,-0.0760,-1.1000,-1.0141,1.000,0.03500
744652.8973,213,TRACKING,264.8,275.2,223.9,416.7,106.2,454.8,-106.11,-106.93,55.98,71.49,-162.08,-177.60,9.25,-102.94,120.13,0.3533,0.3981,0.0000,-0.0456,-1.1000,-1.0485,1.000,0.03500
744652.9309,214,TRACKING,256.9,275.9,226.3,409.7,100.0,457.2,-102.89,-106.10,56.51,65.97,-159.40,-171.40,10.09,-108.47,126.33,0.3310,0.3713,0.0000,-0.0273,-1.1000,-1.0691,1.000,0.03500
744652.9640,215,TRACKING,256.9,275.9,226.3,409.7,100.0,457.2,-102.89,-105.30,56.51,62.53,-159.40,-167.32,10.89,-111.90,130.41,0.3096,0.3466,0.0000,-0.0164,-1.1000,-1.0815,1.000,0.03500
744652.9973,216,TRACKING,251.3,274.2,220.5,420.4,95.9,454.6,-101.89,-104.46,62.76,61.41,-164.65,-165.51,11.73,-113.02,132.23,0.2873,0.3229,0.0000,-0.0098,-1.1000,-1.0889,1.000,0.03500
744653.0308,217,TRACKING,249.3,273.5,217.2,416.6,91.3,455.1,-102.63,-103.87,60.37,60.86,-163.00,-164.48,12.31,-113.57,133.25,0.2717,0.3024,0.0000,-0.0059,-1.1000,-1.0933,1.000,0.03500
744653.0649,218,TRACKING,249.3,273.5,217.2,416.6,91.3,455.1,-102.63,-103.87,60.37,60.86,-163.00,-163.89,12.31,-113.57,133.85,0.2717,0.2901,0.0000,-0.0059,-1.1000,-1.0933,1.000,0.03500
744653.0980,219,TRACKING,243.9,266.0,212.4,418.7,87.8,454.6,-101.65,-103.29,62.31,60.86,-163.96,-163.89,12.89,-113.57,133.85,0.2562,0.2765,0.0000,-0.0059,-1.1000,-1.0933,1.000,0.03500
744653.1307,220,TRACKING,243.9,266.0,212.4,418.7,87.8,454.6,-101.65,-102.83,62.31,60.86,-163.96,-163.89,13.36,-113.57,133.85,0.2438,0.2634,0.0000,-0.0059,-1.1000,-1.0933,1.000,0.03500
744653.1641,221,TRACKING,235.3,271.9,199.7,380.5,135.6,302.1,-108.15,-103.34,122.60,69.23,129.25,-172.67,12.84,-105.20,125.06,0.2576,0.2634,0.0000,-0.0059,-1.1000,-1.0933,1.000,0.03500
744653.1980,222,TRACKING,235.3,271.9,199.7,380.5,135.6,302.1,-108.15,-104.23,122.60,80.85,129.25,174.87,11.95,-93.58,112.61,0.2813,0.2706,0.0000,-0.0059,-1.1000,-1.0933,1.000,0.03500
744653.2309,223,TRACKING,225.6,268.6,180.2,363.1,164.8,193.6,-115.65,-106.19,149.17,99.23,95.19,154.59,9.99,-75.20,92.32,0.3336,0.2958,0.0000,-0.0059,-1.1000,-1.0933,0.211,0.00307
744653.2640,224,TRACKING,225.6,268.6,180.2,363.1,164.8,193.6,-115.65,-108.33,149.17,115.51,95.19,135.77,7.85,-58.92,73.51,0.3907,0.3337,-0.0561,-0.0260,-1.1000,-1.0933,0.211,0.00307
744653.2979,225,TRACKING,220.9,264.2,162.0,350.4,150.3,187.9,-124.35,-111.56,141.56,125.97,94.09,121.64,4.62,-48.46,59.37,0.4767,0.3909,-0.1527,-0.0767,-1.0885,-1.0933,0.205,0.00307
744653.3307,226,TRACKING,220.9,264.2,162.0,350.4,150.3,187.9,-124.35,-114.72,141.56,132.19,94.09,112.10,1.47,-42.24,49.83,0.5609,0.4589,-0.2101,-0.1300,-0.9136,-1.0214,0.205,0.00307
744653.3640,227,TRACKING,221.2,265.4,167.7,386.4,85.5,339.6,-113.87,-115.58,95.81,130.86,150.32,112.90,0.60,-43.57,50.64,0.5839,0.5089,-0.1978,-0.1571,-0.9283,-0.9842,1.000,0.03500
744653.3973,228,TRACKING,221.2,265.4,167.7,386.4,85.5,339.6,-113.87,-115.58,95.81,125.41,150.32,118.67,0.60,-49.02,56.41,0.5839,0.5389,-0.1475,-0.1533,-1.0342,-1.0042,1.000,0.03500
744653.4310,229,TRACKING,221.2,261.6,171.3,359.5,131.7,179.1,-116.98,-115.58,140.62,127.42,102.40,116.55,0.60,-47.02,54.29,0.5839,0.5569,-0.1660,-0.1584,-0.9953,-1.0006,0.188,0.00188
744653.4641,230,TRACKING,221.2,261.6,171.3,359.5,131.7,179.1,-116.98,-115.58,140.62,130.53,102.40,113.24,0.60,-43.90,50.98,0.5839,0.5677,-0.1948,-0.1729,-0.9346,-0.9742,0.188,0.00188
744653.4976,231,TRACKING,213.1,256.9,154.9,349.6,117.1,170.6,-122.11,-116.77,135.97,132.59,101.92,110.19,-0.59,-41.84,47.93,0.6157,0.5869,-0.2138,-0.1893,-0.8787,-0.9360,0.124,0.00000
744653.5306,232,TRACKING,213.1,256.9,154.9,349.6,117.1,170.6,-122.11,-118.03,135.97,133.88,101.92,107.78,-1.85,-40.55,45.51,0.6493,0.6119,-0.2257,-0.2038,-0.8344,-0.8954,0.124,0.00000
744653.5640,233,TRACKING,203.2,243.9,134.2,337.5,107.5,163.9,-126.38,-119.83,134.90,134.48,98.72,105.48,-3.64,-39.95,43.22,0.6971,0.6460,-0.2312,-0.2148,-0.7923,-0.8541,0.123,0.00000
744653.5993,234,TRACKING,203.2,243.9,134.2,337.5,107.5,163.9,-126.38,-121.51,134.90,134.48,98.72,103.59,-5.32,-39.95,41.33,0.7419,0.6844,-0.2312,-0.2214,-0.7577,-0.8155,0.123,0.00000
744653.6313,235,TRACKING,193.0,235.4,129.8,343.6,107.5,164.3,-120.31,-121.51,142.59,135.95,97.10,101.89,-5.32,-38.48,39.62,0.7419,0.7074,-0.2448,-0.2307,-0.7264,-0.7799,0.146,0.00000
744653.6640,236,TRACKING,193.0,235.4,129.8,343.6,107.5,164.3,-120.31,-121.51,142.59,137.54,97.10,100.52,-5.32,-36.89,38.25,0.7419,0.7212,-0.2595,-0.2422,-0.7013,-0.7484,0.146,0.00000
744653.6973,237,TRACKING,180.3,228.5,122.2,337.0,111.2,165.9,-118.19,-120.99,148.12,139.76,93.69,98.97,-4.80,-34.67,36.70,0.7280,0.7212,-0.2800,-0.2573,-0.6729,-0.7182,0.149,0.00000
744653.7310,238,TRACKING,182.5,224.1,137.1,322.5,116.6,166.7,-114.78,-119.88,147.73,141.77,97.49,98.17,-3.69,-32.66,35.90,0.6985,0.7121,-0.2985,-0.2738,-0.6582,-0.6942,0.329,0.00897
744653.7642,239,TRACKING,182.5,224.1,137.1,322.5,116.6,166.7,-114.78,-118.70,147.73,143.42,97.49,98.17,-2.51,-31.02,35.90,0.6670,0.6941,-0.3137,-0.2898,-0.6582,-0.6798,0.329,0.00897
744653.7975,240,TRACKING,186.3,224.9,151.3,325.7,131.0,166.8,-109.15,-116.80,153.55,145.57,97.30,98.17,-0.62,-28.86,35.90,0.6165,0.6631,-0.3336,-0.3073,-0.6582,-0.6712,0.369,0.01097
744653.8316,241,TRACKING,186.3,224.9,151.3,325.7,131.0,166.8,-109.15,-114.93,153.55,147.59,97.30,98.17,1.25,-26.85,35.90,0.5666,0.6245,-0.3522,-0.3252,-0.6582,-0.6660,0.369,0.01097
744653.8640,242,TRACKING,189.4,225.1,161.2,354.6,118.8,302.0,-102.30,-112.11,128.88,147.59,128.82,100.62,4.07,-26.85,38.35,0.4913,0.5712,-0.3522,-0.3360,-0.7031,-0.6808,1.000,0.03500
744653.8980,243,TRACKING,189.4,225.1,161.2,354.6,118.8,302.0,-102.30,-109.51,128.88,145.82,128.82,104.87,6.68,-28.61,42.60,0.4220,0.5115,-0.3359,-0.3360,-0.7811,-0.7209,1.000,0.03500
744653.9306,244,TRACKING,189.4,225.1,161.2,354.6,118.8,302.0,-102.30,-107.43,128.88,142.96,128.82,109.75,8.76,-31.48,47.48,0.3665,0.4535,-0.3095,-0.3254,-0.8705,-0.7808,1.000,0.03500
744653.9640,245,TRACKING,191.9,226.6,161.9,346.6,142.4,170.4,-104.03,-106.15,159.65,146.10,96.33,107.82,10.04,-28.33,45.56,0.3323,0.4050,-0.3385,-0.3306,-0.8352,-0.8025,0.723,0.02867
744653.9978,246,TRACKING,191.9,226.6,161.9,346.6,142.4,170.4,-104.03,-105.36,159.65,149.63,96.33,105.06,10.83,-24.80,42.79,0.3112,0.3675,-0.3711,-0.3468,-0.7845,-0.7953,0.723,0.02867
744654.0309,247,TRACKING,191.9,226.6,161.9,346.6,142.4,170.4,-104.03,-104.86,159.65,152.53,96.33,102.63,11.32,-21.90,40.36,0.2981,0.3397,-0.3979,-0.3672,-0.7400,-0.7732,0.723,0.02867
744654.0643,248,TRACKING,192.1,226.2,157.8,349.1,148.0,169.8,-105.61,-104.86,161.29,155.00,93.10,100.21,11.32,-19.43,37.94,0.2981,0.3231,-0.4207,-0.3886,-0.6956,-0.7422,0.800,0.03250
744654.0977,249,TRACKING,192.1,226.2,157.8,349.1,148.0,169.8,-105.61,-104.86,161.29,156.89,93.10,98.21,11.32,-17.54,35.94,0.2981,0.3131,-0.4381,-0.4084,-0.6589,-0.7089,0.800,0.03250
744654.1308,250,TRACKING,188.4,238.2,176.9,387.0,148.4,370.8,-94.42,-103.11,115.30,157.60,150.28,99.26,13.07,-16.83,37.00,0.2514,0.2884,-0.4447,-0.4229,-0.6783,-0.6966,1.000,0.03500
744654.1648,251,TRACKING,188.4,238.2,176.9,387.0,148.4,370.8,-94.42,-101.07,115.30,155.66,150.28,103.25,15.11,-18.77,40.99,0.1970,0.2518,-0.4267,-0.4229,-0.7514,-0.7185,1.000,0.03500
744654.1973,252,TRACKING,188.4,238.2,176.9,387.0,148.4,370.8,-94.42,-99.28,115.30,151.04,150.28,109.67,16.90,-23.39,47.40,0.1492,0.2108,-0.3841,-0.4074,-0.8690,-0.7787,1.000,0.03500
744654.2308,253,TRACKING,191.8,247.8,177.8,374.4,176.4,179.7,-96.29,-98.17,173.29,156.37,90.42,105.43,18.02,-18.06,43.17,0.1195,0.1743,-0.4333,-0.4178,-0.7914,-0.7838,1.000,0.03500
744654.2642,254,TRACKING,191.8,247.8,177.8,374.4,176.4,179.7,-96.29,-97.47,173.29,161.32,90.42,101.19,18.71,-13.11,38.92,0.1010,0.1450,-0.4789,-0.4422,-0.7136,-0.7557,1.000,0.03500
744654.2978,255,TRACKING,199.8,238.7,180.9,353.5,181.2,166.0,-99.34,-97.47,170.76,164.69,89.90,97.81,18.71,-9.74,35.55,0.1010,0.1274,-0.5101,-0.4694,-0.6517,-0.7141,1.000,0.03500
744654.3309,256,TRACKING,199.8,238.7,180.9,353.5,181.2,166.0,-99.34,-97.47,170.76,166.88,89.90,95.34,18.71,-7.55,33.07,0.1010,0.1168,-0.5303,-0.4938,-0.6063,-0.6710,1.000,0.03500
744654.3640,257,TRACKING,213.9,235.2,198.9,411.4,177.3,456.7,-94.84,-97.47,20.73,166.33,-115.57,96.37,18.71,-8.10,34.11,0.1010,0.1105,-0.5252,-0.5063,-0.6253,-0.6527,1.000,0.03500
744654.3975,258,TRACKING,213.9,235.2,198.9,411.4,177.3,456.7,-94.84,-96.83,20.73,156.49,-115.57,106.79,19.36,-17.95,44.52,0.0838,0.0998,-0.4344,-0.4775,-0.8162,-0.7181,1.000,0.03500
744654.4306,259,TRACKING,217.0,222.0,205.5,408.0,169.9,470.6,-93.52,-96.05,26.11,124.47,-119.63,139.25,20.14,-49.96,76.99,0.0630,0.0851,-0.1388,-0.3421,-1.1000,-0.8709,1.000,0.03500
744654.4640,260,TRACKING,217.0,222.0,205.5,408.0,169.9,470.6,-93.52,-95.36,26.11,84.37,-119.63,-179.08,20.82,-90.06,118.65,0.0447,0.0690,0.0000,-0.2052,-1.1000,-0.9625,1.000,0.03500
744654.4990,261,TRACKING,218.6,219.3,204.1,401.4,176.1,457.1,-94.55,-95.36,22.20,56.41,-116.75,-150.41,20.82,-118.02,147.32,0.0447,0.0593,0.0000,-0.1231,-1.1000,-1.0175,1.000,0.03500
744654.5306,262,TRACKING,218.6,219.3,204.1,401.4,176.1,457.1,-94.55,-95.36,22.20,41.97,-116.75,-136.02,20.82,-132.46,161.71,0.0447,0.0535,0.0000,-0.0739,-1.1000,-1.0505,1.000,0.03500
744654.5641,263,TRACKING,212.7,220.3,193.2,410.1,184.0,470.4,-95.85,-95.36,2.83,30.46,-98.69,-124.89,20.82,-143.97,172.84,0.0447,0.0500,0.0000,-0.0443,-1.1000,-1.0703,1.000,0.03500
744654.5975,264,TRACKING,214.0,220.9,190.5,389.1,206.2,425.2,-97.94,-95.36,31.46,18.89,-66.48,-112.81,20.82,-155.54,-175.07,0.0447,0.0500,0.0000,-0.0266,1.1000,-0.2022,1.000,0.03500
744654.6314,265,TRACKING,214.0,220.9,190.5,389.1,206.2,425.2,-97.94,-95.94,31.46,16.90,-66.48,-101.32,20.24,-157.53,-163.58,0.0602,0.0541,0.0000,-0.0160,1.1000,0.3187,1.000,0.03500
744654.6640,266,TRACKING,215.5,232.1,197.5,402.4,214.1,425.2,-96.03,-95.94,42.13,19.44,-53.90,-90.50,20.24,-154.99,-152.77,0.0602,0.0541,0.0000,-0.0096,1.1000,0.6312,1.000,0.03500
744654.6973,267,TRACKING,215.5,232.1,197.5,402.4,214.1,425.2,-96.03,-95.94,42.13,23.67,-53.90,-81.04,20.24,-150.76,-143.31,0.0602,0.0541,0.0000,-0.0057,1.1000,0.8187,1.000,0.03500
744654.7322,268,TRACKING,217.8,233.7,200.5,395.0,214.7,401.5,-96.13,-95.94,71.43,30.40,-24.70,-70.98,20.24,-144.03,-133.25,0.0602,0.0541,0.0000,-0.0057,1.1000,0.9312,1.000,0.03500
744654.7642,269,TRACKING,217.8,233.7,200.5,395.0,214.7,401.5,-96.13,-95.94,71.43,38.37,-24.70,-60.89,20.24,-136.06,-123.16,0.0602,0.0541,0.0000,-0.0057,1.1000,0.9987,1.000,0.03500
744654.7973,270,TRACKING,219.0,228.9,183.3,340.8,225.2,197.2,-107.71,-97.51,178.54,72.64,73.75,-25.04,18.67,-101.79,-87.30,0.1021,0.0733,0.0000,-0.0057,1.1000,1.0392,1.000,0.03500
744654.8308,271,TRACKING,219.0,228.9,183.3,340.8,225.2,197.2,-107.71,-99.56,178.54,126.41,73.75,26.38,16.63,-48.02,-35.89,0.1566,0.1066,-0.1568,-0.0662,0.6579,0.8867,1.000,0.03500
744654.8645,272,TRACKING,219.5,230.3,169.6,318.1,227.1,211.8,-119.62,-103.08,178.80,154.26,61.58,48.30,13.10,-20.17,-13.97,0.2505,0.1642,-0.4139,-0.2052,0.2561,0.6345,1.000,0.03500
744654.8973,273,TRACKING,219.5,230.3,169.6,318.1,227.1,211.8,-119.62,-106.83,178.80,165.71,61.58,55.74,9.36,-8.72,-6.53,0.3505,0.2387,-0.5195,-0.3309,0.1197,0.4285,1.000,0.03500
744654.9317,274,TRACKING,214.9,236.6,138.7,308.8,230.3,231.1,-136.55,-112.77,176.82,170.54,40.27,54.62,3.41,-3.89,-7.65,0.5090,0.3468,-0.5641,-0.4242,0.1402,0.3132,1.000,0.03500
744654.9642,275,TRACKING,214.9,236.6,138.7,308.8,230.3,231.1,-136.55,-118.67,176.82,173.01,40.27,51.69,-2.49,-1.42,-10.58,0.6664,0.4747,-0.5869,-0.4893,0.1939,0.2655,1.000,0.03500
744654.9976,276,TRACKING,218.8,239.7,147.2,329.9,223.2,252.4,-128.43,-122.33,174.01,173.96,45.58,49.72,-6.15,-0.47,-12.55,0.7639,0.5904,-0.5957,-0.5318,0.2300,0.2513,1.000,0.03500
744655.0308,277,TRACKING,218.8,239.7,147.2,329.9,223.2,252.4,-128.43,-124.60,174.01,173.96,45.58,48.38,-8.41,-0.47,-13.88,0.8244,0.6840,-0.5957,-0.5574,0.2545,0.2513,1.000,0.03500
744655.0641,278,TRACKING,221.7,251.7,197.2,394.3,186.3,453.2,-99.76,-120.80,0.68,161.10,-100.45,39.97,-4.62,-13.33,-22.29,0.7232,0.6997,-0.4770,-0.5252,0.4087,0.3142,1.000,0.03500
744655.0973,279,TRACKING,221.7,251.7,197.2,394.3,186.3,453.2,-99.76,-115.92,0.68,127.66,-100.45,11.15,0.27,-46.77,-51.12,0.5929,0.6569,-0.1682,-0.3824,0.9371,0.5634,1.000,0.03500
744655.1307,280,TRACKING,216.2,243.7,219.9,402.7,232.7,427.8,-88.67,-109.55,25.79,89.06,-62.88,-16.42,6.63,-85.37,-78.69,0.4231,0.5634,0.0000,-0.2295,1.1000,0.7780,1.000,0.03500
744655.1641,281,TRACKING,216.2,243.7,219.9,402.7,232.7,427.8,-88.67,-103.86,25.79,62.43,-62.88,-34.83,12.33,-112.00,-97.09,0.2713,0.4466,0.0000,-0.1377,1.1000,0.9068,1.000,0.03500
744655.1973,282,TRACKING,218.1,242.2,225.1,399.9,236.8,428.9,-87.46,-99.18,19.58,46.41,-67.88,-46.69,17.00,-128.02,-108.95,0.1466,0.3266,0.0000,-0.0826,1.1000,0.9841,1.000,0.03500
744655.2306,283,TRACKING,218.1,242.2,225.1,399.9,236.8,428.9,-87.46,-95.65,19.58,36.80,-67.88,-54.16,20.54,-137.63,-116.42,0.0523,0.2169,0.0000,-0.0496,1.1000,1.0305,1.000,0.03500
744655.2641,284,LOST_SHORT,215.9,241.0,224.3,413.2,257.4,462.2,-87.20,-95.65,31.24,36.80,-55.95,-54.16,0.00,0.00,0.00,0.0000,0.2169,0.0000,-0.0496,0.0000,1.0305,1.000,0.03500
744655.2973,285,LOST_SHORT,215.9,241.0,224.3,413.2,257.4,462.2,-87.20,-95.65,31.24,36.80,-55.95,-54.16,0.00,0.00,0.00,0.0000,0.2169,0.0000,-0.0496,0.0000,1.0305,1.000,0.03500
744655.3310,286,LOST_SHORT,212.6,242.3,226.7,411.0,260.1,444.4,-85.22,-95.65,40.25,36.80,-44.97,-54.16,0.00,0.00,0.00,0.0000,0.2169,0.0000,-0.0496,0.0000,1.0305,1.000,0.03500
744655.3641,287,LOST_SHORT,210.3,238.6,228.7,407.4,251.2,450.6,-83.76,-95.65,21.26,36.80,-62.50,-54.16,0.00,0.00,0.00,0.0000,0.2169,0.0000,-0.0496,0.0000,1.0305,1.000,0.03500
744655.3973,288,LOST_SHORT,210.3,238.6,228.7,407.4,251.2,450.6,-83.76,-95.65,21.26,36.80,-62.50,-54.16,0.00,0.00,0.00,0.0000,0.2169,0.0000,-0.0496,0.0000,1.0305,1.000,0.03500
744655.4306,289,LOST_SHORT,210.4,239.5,229.4,406.6,235.6,430.5,-83.53,-95.65,7.93,36.80,-75.59,-54.16,0.00,0.00,0.00,0.0000,0.2169,0.0000,-0.0496,0.0000,1.0305,1.000,0.03500
744655.4651,290,LOST_SHORT,212.7,236.5,239.0,393.5,264.9,424.8,-80.49,-95.65,30.04,36.80,-50.45,-54.16,0.00,0.00,0.00,0.0000,0.2169,0.0000,-0.0496,0.0000,1.0305,1.000,0.03500
744655.4973,291,LOST_SHORT,212.7,236.5,239.0,393.5,264.9,424.8,-80.49,-95.65,30.04,36.80,-50.45,-54.16,0.00,0.00,0.00,0.0000,0.2169,0.0000,-0.0496,0.0000,1.0305,1.000,0.03500
744655.5317,292,TRACKING,218.4,244.1,230.8,396.2,224.5,453.2,-85.35,-92.11,10.98,22.97,-96.33,-66.89,24.07,-151.46,-129.15,0.0000,0.1301,0.0000,-0.0297,1.1000,1.0583,1.000,0.03500
744655.5641,293,TRACKING,218.4,244.1,230.8,396.2,224.5,453.2,-85.35,-89.79,10.98,16.78,-96.33,-76.65,26.40,-157.65,-138.92,0.0000,0.0781,0.0000,-0.0178,1.1000,1.0750,1.000,0.03500
744655.5980,294,TRACKING,216.1,242.9,225.7,395.9,220.3,451.3,-86.41,-88.42,9.10,13.54,-95.51,-83.18,27.76,-160.89,-145.45,0.0000,0.0468,0.0000,-0.0107,1.1000,1.0850,1.000,0.03500
744655.6306,295,TRACKING,216.1,242.9,225.7,395.9,220.3,451.3,-86.41,-87.62,9.10,11.73,-95.51,-87.45,28.57,-162.70,-149.71,0.0000,0.0281,0.0000,-0.0064,1.1000,1.0910,1.000,0.03500
744655.6642,296,TRACKING,217.1,245.5,224.9,393.0,222.3,446.8,-86.99,-87.62,5.79,10.15,-92.78,-89.77,28.57,-164.28,-152.04,0.0000,0.0169,0.0000,-0.0064,1.1000,1.0946,1.000,0.03500
744655.6973,297,TRACKING,217.1,245.5,224.9,393.0,222.3,446.8,-86.99,-87.62,5.79,8.90,-92.78,-91.06,28.57,-165.53,-153.33,0.0000,0.0101,0.0000,-0.0064,1.1000,1.0946,1.000,0.03500
744655.7309,298,TRACKING,215.0,244.6,225.5,391.1,224.4,443.3,-85.89,-87.17,5.35,7.89,-91.25,-91.55,29.01,-166.54,-153.82,0.0000,0.0061,0.0000,-0.0064,1.1000,1.0946,1.000,0.03500
744655.7640,299,TRACKING,215.0,244.6,225.5,391.1,224.4,443.3,-85.89,-87.17,5.35,7.14,-91.25,-91.55,29.01,-167.29,-153.82,0.0000,0.0061,0.0000,-0.0064,1.1000,1.0946,1.000,0.03500
744655.7989,300,TRACKING,211.1,244.0,222.8,393.2,213.9,429.2,-85.52,-86.71,18.32,8.29,-103.84,-93.22,29.47,-166.14,-155.48,0.0000,0.0061,0.0000,-0.0064,1.1000,1.0946,1.000,0.03500
744655.8306,301,TRACKING,211.1,244.0,222.8,393.2,213.9,429.2,-85.52,-86.71,18.32,10.15,-103.84,-95.36,29.47,-164.28,-157.63,0.0000,0.0061,0.0000,-0.0064,1.1000,1.0946,1.000,0.03500
744655.8641,302,TRACKING,207.0,250.0,215.2,393.6,189.2,418.9,-86.73,-86.71,49.01,16.48,-135.74,-102.03,29.47,-157.95,-164.30,0.0000,0.0061,0.0000,-0.0064,1.1000,1.0946,1.000,0.03500
744655.8987,303,TRACKING,206.8,244.5,221.9,385.8,196.6,393.3,-83.91,-86.17,79.65,27.12,-163.56,-112.57,30.01,-147.31,-174.83,0.0000,0.0061,0.0000,-0.0064,1.1000,1.0946,1.000,0.03500
744655.9309,304,TRACKING,206.8,244.5,221.9,385.8,196.6,393.3,-83.91,-85.62,79.65,39.06,-163.56,-124.22,30.56,-135.37,173.51,0.0000,0.0061,0.0000,-0.0064,-1.1000,0.2168,1.000,0.03500
744655.9644,305,TRACKING,201.7,225.6,184.1,366.4,177.2,369.3,0.00,-87.23,0.00,45.70,0.00,-132.68,28.96,-128.73,165.06,0.0000,0.0061,0.0000,-0.0064,-1.1000,-0.3099,1.000,0.03500
744655.9973,306,TRACKING,201.7,225.6,184.1,366.4,177.2,369.3,0.00,-89.36,0.00,49.67,0.00,-138.96,26.83,-124.76,158.78,0.0000,0.0061,0.0000,-0.0064,-1.1000,-0.6260,1.000,0.03500
744656.0319,307,TRACKING,205.8,230.1,196.0,386.0,200.7,372.8,-93.60,-89.36,164.30,49.67,70.69,-138.96,0.00,0.00,0.00,0.0000,0.0061,0.0000,-0.0064,0.0000,-0.6260,1.000,0.03500
744656.0641,308,TRACKING,205.8,230.1,196.0,386.0,200.7,372.8,-93.60,-89.36,164.30,49.67,70.69,-138.96,0.00,0.00,0.00,0.0000,0.0061,0.0000,-0.0064,0.0000,-0.6260,1.000,0.03500
744656.0977,309,TRACKING,203.2,214.9,139.8,277.3,139.7,210.8,-135.41,-95.45,134.45,83.12,90.14,-173.19,20.73,-91.31,124.54,0.0472,0.0225,0.0000,-0.0064,-1.1000,-0.8156,1.000,0.03500
744656.1306,310,TRACKING,203.2,214.9,139.8,277.3,139.7,210.8,-135.41,-103.28,134.45,115.99,90.14,134.28,12.91,-58.44,72.01,0.2558,0.1158,-0.0605,-0.0281,-1.1000,-0.9293,1.000,0.03500
744656.1648,311,TRACKING,206.2,208.4,155.6,287.8,167.7,190.7,-122.47,-109.14,154.59,134.14,82.94,107.33,7.05,-40.29,45.06,0.4120,0.2343,-0.2281,-0.1081,-0.8261,-0.8881,1.000,0.03500
744656.1977,312,TRACKING,206.2,208.4,155.6,287.8,167.7,190.7,-122.47,-113.34,154.59,143.11,82.94,96.20,2.84,-31.32,33.94,0.5242,0.3503,-0.3109,-0.1892,-0.6222,-0.7817,1.000,0.03500
744656.2311,313,TRACKING,207.6,209.8,165.2,305.7,169.4,178.6,-113.86,-114.86,158.02,148.32,88.12,91.98,1.33,-26.11,29.71,0.5647,0.4360,-0.3590,-0.2571,-0.5448,-0.6869,1.000,0.03500
744656.2641,314,TRACKING,207.6,209.8,165.2,305.7,169.4,178.6,-113.86,-114.86,158.02,151.60,88.12,90.10,1.33,-22.83,27.83,0.5647,0.4875,-0.3893,-0.3100,-0.5102,-0.6163,1.000,0.03500
744656.2973,315,TRACKING,219.1,211.3,180.7,304.5,182.0,173.5,-112.36,-114.86,158.21,153.75,89.44,89.42,1.33,-20.68,27.15,0.5647,0.5184,-0.4091,-0.3497,-0.4978,-0.5689,1.000,0.03500
744656.3306,316,TRACKING,220.9,204.5,173.9,294.1,192.5,172.4,-117.68,-114.86,161.00,155.68,81.32,87.84,1.33,-18.75,25.58,0.5647,0.5369,-0.4269,-0.3805,-0.4689,-0.5289,1.000,0.03500
744656.3640,317,TRACKING,220.9,204.5,173.9,294.1,192.5,172.4,-117.68,-115.49,161.00,157.21,81.32,86.24,0.69,-17.23,23.97,0.5816,0.5548,-0.4410,-0.4047,-0.4395,-0.4931,1.000,0.03500
744656.3974,318,TRACKING,223.9,204.8,174.4,294.9,198.3,171.1,-118.76,-116.24,162.15,158.54,79.09,84.52,-0.06,-15.89,22.25,0.6015,0.5735,-0.4533,-0.4242,-0.4080,-0.4591,1.000,0.03500
744656.4309,319,TRACKING,223.9,204.8,174.4,294.9,198.3,171.1,-118.76,-116.91,162.15,159.59,79.09,83.05,-0.72,-14.85,20.78,0.6192,0.5918,-0.4630,-0.4397,-0.3810,-0.4278,1.000,0.03500
744656.4660,320,TRACKING,227.4,206.5,180.8,303.0,201.5,171.4,-115.80,-116.91,163.13,160.52,81.07,82.22,-0.72,-13.91,19.95,0.6192,0.6027,-0.4716,-0.4525,-0.3657,-0.4030,1.000,0.03500
744656.4973,321,TRACKING,227.4,206.5,180.8,303.0,201.5,171.4,-115.80,-116.91,163.13,161.27,81.07,81.74,-0.72,-13.16,19.47,0.6192,0.6093,-0.4785,-0.4629,-0.3570,-0.3846,1.000,0.03500
744656.5307,322,TRACKING,231.0,212.7,197.0,319.1,203.5,169.6,-107.75,-115.34,164.74,162.05,87.51,82.56,0.85,-12.38,20.30,0.5774,0.5965,-0.4857,-0.4720,-0.3721,-0.3796,1.000,0.03500
744656.5640,323,TRACKING,231.0,212.7,197.0,319.1,203.5,169.6,-107.75,-113.56,164.74,162.75,87.51,83.66,2.62,-11.69,21.39,0.5301,0.5700,-0.4921,-0.4801,-0.3922,-0.3846,1.000,0.03500
744656.5979,324,TRACKING,223.4,210.9,193.9,343.0,202.9,176.3,-102.56,-111.06,170.54,164.35,86.90,84.58,5.13,-10.08,22.31,0.4632,0.5273,-0.5069,-0.4908,-0.4090,-0.3944,1.000,0.03500
744656.6306,325,TRACKING,223.4,210.9,193.9,343.0,202.9,176.3,-102.56,-108.78,170.54,165.93,86.90,85.27,7.40,-8.50,23.01,0.4025,0.4774,-0.5215,-0.5031,-0.4218,-0.4054,1.000,0.03500
744656.6640,326,TRACKING,224.8,213.1,202.3,400.5,197.6,424.6,-96.83,-105.82,4.17,168.06,-101.01,86.11,10.37,-6.37,23.84,0.3235,0.4158,-0.5412,-0.5184,-0.4371,-0.4180,1.000,0.03500
744656.6973,327,TRACKING,222.5,227.7,197.5,424.2,238.3,239.2,-97.26,-103.34,174.81,172.12,77.56,84.28,12.85,-2.31,22.02,0.2574,0.3525,-0.5787,-0.5425,-0.4037,-0.4123,1.000,0.03500
744656.7307,328,TRACKING,222.5,227.7,197.5,424.2,238.3,239.2,-97.26,-101.48,174.81,173.87,77.56,82.46,14.71,-0.56,20.19,0.2078,0.2946,-0.5948,-0.5634,-0.3701,-0.3954,1.000,0.03500
744656.7640,329,TRACKING,230.2,220.3,196.8,400.5,170.4,416.3,-100.50,-100.66,48.61,173.87,-149.11,83.97,15.53,-0.56,21.71,0.1859,0.2511,-0.5948,-0.5760,-0.3980,-0.3954,1.000,0.03500
744656.7995,330,TRACKING,230.2,220.3,196.8,400.5,170.4,416.3,-100.50,-100.66,48.61,167.28,-149.11,91.38,15.53,-7.15,29.12,0.1859,0.2250,-0.5340,-0.5592,-0.5338,-0.4508,1.000,0.03500
744656.8306,331,TRACKING,230.2,220.3,196.8,400.5,170.4,416.3,-100.50,-100.66,48.61,149.42,-149.11,109.67,15.53,-25.01,47.40,0.1859,0.2094,-0.3691,-0.4832,-0.8691,-0.6181,1.000,0.03500
744656.8642,332,TRACKING,226.5,228.4,203.2,401.1,247.4,292.5,-97.69,-100.09,165.56,160.19,67.87,98.35,16.10,-14.24,36.09,0.1707,0.1939,-0.4686,-0.4773,-0.6616,-0.6355,1.000,0.03500
744656.8978,333,TRACKING,226.5,228.4,203.2,401.1,247.4,292.5,-97.69,-99.51,165.56,164.05,67.87,88.59,16.68,-10.38,26.32,0.1553,0.1785,-0.5042,-0.4881,-0.4826,-0.5743,1.000,0.03500
744656.9307,334,TRACKING,226.5,228.4,203.2,401.1,247.4,292.5,-97.69,-99.02,165.56,165.48,67.87,81.66,17.17,-8.95,19.39,0.1422,0.1640,-0.5173,-0.4998,-0.3555,-0.4868,1.000,0.03500
744656.9653,335,TRACKING,228.8,230.3,210.6,387.7,182.1,385.0,-96.61,-98.47,88.93,170.32,174.46,82.36,17.71,-4.11,20.09,0.1277,0.1495,-0.5621,-0.5247,-0.3683,-0.4394,1.000,0.03500
744656.9973,336,TRACKING,228.8,230.3,210.6,387.7,182.1,385.0,-96.61,-97.99,88.93,164.91,174.46,91.45,18.19,-9.52,29.19,0.1149,0.1356,-0.5121,-0.5197,-0.5351,-0.4777,1.000,0.03500
744657.0326,337,TRACKING,214.0,234.8,179.4,381.1,319.7,374.6,-103.30,-98.61,105.95,148.62,2.64,66.51,17.57,-25.81,4.25,0.1314,0.1356,-0.3618,-0.4565,-0.0778,-0.3177,1.000,0.03500
744657.0640,338,TRACKING,214.0,234.8,179.4,381.1,319.7,374.6,-103.30,-99.56,105.95,134.22,2.64,43.43,16.63,-40.21,-18.84,0.1566,0.1440,-0.2288,-0.3654,0.3454,-0.0525,1.000,0.03500
744657.0974,339,TRACKING,207.5,236.6,168.2,399.3,357.3,407.5,-103.58,-100.54,101.09,122.89,-2.48,26.24,15.64,-51.54,-36.03,0.1829,0.1596,-0.1242,-0.2689,0.6606,0.2327,1.000,0.03500
744657.1309,340,TRACKING,207.5,236.6,168.2,399.3,357.3,407.5,-103.58,-101.38,101.09,115.21,-2.48,15.41,14.80,-59.22,-46.85,0.2052,0.1778,-0.0534,-0.1827,0.8590,0.4832,1.000,0.03500
744657.1648,341,TRACKING,199.3,230.1,133.7,378.8,386.2,431.8,-113.83,-103.63,101.97,109.91,-11.86,6.70,12.55,-64.52,-55.57,0.2653,0.2128,-0.0045,-0.1114,1.0187,0.6974,1.000,0.03500
744657.1975,342,TRACKING,199.3,230.1,133.7,378.8,386.2,431.8,-113.83,-106.05,101.97,106.69,-11.86,0.58,10.14,-67.74,-61.69,0.3297,0.2596,0.0000,-0.0668,1.1000,0.8584,1.000,0.03500
744657.2318,343,TRACKING,198.8,232.5,126.9,388.0,413.0,435.4,-114.83,-108.32,105.42,105.40,-9.41,-3.13,7.87,-69.03,-65.40,0.3902,0.3118,0.0000,-0.0401,1.1000,0.9551,1.000,0.03500
744657.2642,344,TRACKING,198.8,232.5,126.9,388.0,413.0,435.4,-114.83,-110.16,105.42,104.95,-9.41,-5.42,6.02,-69.48,-67.69,0.4394,0.3629,0.0000,-0.0241,1.1000,1.0130,1.000,0.03500
744657.2982,345,TRACKING,192.7,225.6,116.0,396.7,435.0,437.0,-114.16,-111.46,106.95,104.95,-7.21,-6.47,4.73,-69.48,-68.73,0.4739,0.4073,0.0000,-0.0144,1.1000,1.0478,1.000,0.03500
744657.3306,346,TRACKING,192.7,225.6,116.0,396.7,435.0,437.0,-114.16,-112.35,106.95,105.39,-7.21,-6.94,3.84,-69.04,-69.21,0.4976,0.4434,0.0000,-0.0087,1.1000,1.0687,1.000,0.03500
744657.3640,347,TRACKING,190.9,229.5,114.3,403.4,444.5,441.5,-113.76,-112.89,107.17,105.84,-6.59,-6.94,3.30,-68.59,-69.21,0.5120,0.4709,0.0000,-0.0052,1.1000,1.0812,1.000,0.03500
744657.3974,348,TRACKING,190.9,229.5,114.3,403.4,444.5,441.5,-113.76,-112.89,107.17,105.84,-6.59,-6.94,3.30,-68.59,-69.21,0.5120,0.4873,0.0000,-0.0052,1.1000,1.0887,1.000,0.03500
744657.4320,349,TRACKING,191.1,232.7,118.5,410.1,457.3,445.6,-112.25,-112.89,106.27,105.84,-5.98,-6.94,3.30,-68.59,-69.21,0.5120,0.4972,0.0000,-0.0052,1.1000,1.0932,1.000,0.03500
744657.4640,350,TRACKING,191.1,232.7,118.5,410.1,457.3,445.6,-112.25,-112.89,106.27,105.84,-5.98,-6.94,3.30,-68.59,-69.21,0.5120,0.5032,0.0000,-0.0052,1.1000,1.0932,1.000,0.03500
744657.4974,351,TRACKING,192.9,235.7,116.6,416.2,460.8,444.0,-112.93,-112.89,108.30,106.35,-4.63,-6.44,3.30,-68.08,-68.70,0.5120,0.5067,0.0000,-0.0052,1.1000,1.0932,0.908,0.03500
744657.5307,352,TRACKING,192.9,235.7,116.6,416.2,460.8,444.0,-112.93,-112.89,108.30,106.84,-4.63,-5.97,3.30,-67.59,-68.24,0.5120,0.5067,0.0000,-0.0052,1.1000,1.0932,0.908,0.03500
744657.5643,353,TRACKING,192.9,231.9,113.3,407.6,455.5,439.3,-114.36,-112.89,109.07,107.37,-5.29,-5.97,3.30,-67.06,-68.24,0.5120,0.5067,0.0000,-0.0052,1.1000,1.0932,1.000,0.03500
744657.5985,354,TRACKING,192.9,231.9,113.3,407.6,455.5,439.3,-114.36,-112.89,109.07,107.82,-5.29,-5.97,3.30,-66.61,-68.24,0.5120,0.5067,0.0000,-0.0052,1.1000,1.0932,1.000,0.03500
744657.6310,355,TRACKING,192.1,229.4,118.6,399.4,267.9,399.1,-113.38,-112.89,113.46,108.53,0.08,-5.22,3.30,-65.90,-67.49,0.5120,0.5067,0.0000,-0.0052,1.1000,1.0932,1.000,0.03500
744657.6640,356,TRACKING,192.1,229.4,118.6,399.4,267.9,399.1,-113.38,-112.89,113.46,109.38,0.08,-4.29,3.30,-65.05,-66.56,0.5120,0.5067,0.0000,-0.0052,1.1000,1.0932,1.000,0.03500
744657.6975,357,TRACKING,190.0,226.8,116.6,382.3,268.0,356.9,-115.25,-113.37,124.77,111.79,9.53,-2.09,2.81,-62.64,-64.36,0.5250,0.5140,-0.0218,-0.0118,1.1000,1.0932,1.000,0.03500
744657.7313,358,TRACKING,190.0,226.8,116.6,382.3,268.0,356.9,-115.25,-113.84,124.77,114.58,9.53,0.41,2.35,-59.85,-61.85,0.5374,0.5234,-0.0475,-0.0261,1.1000,1.0932,1.000,0.03500
744657.7660,359,TRACKING,192.6,229.6,120.4,386.1,280.4,318.9,-114.76,-113.84,137.54,119.23,22.77,4.87,2.35,-55.20,-57.39,0.5374,0.5290,-0.0905,-0.0518,1.0522,1.0768,1.000,0.03500
744657.7980,360,TRACKING,192.6,229.6,120.4,386.1,280.4,318.9,-114.76,-113.84,137.54,123.82,22.77,9.32,2.35,-50.61,-52.94,0.5374,0.5323,-0.1328,-0.0842,0.9706,1.0344,1.000,0.03500
744657.8364,361,TRACKING,200.4,206.1,79.7,388.6,332.7,281.4,-123.49,-115.71,146.45,129.44,22.96,13.30,0.48,-44.99,-48.97,0.5873,0.5543,-0.1847,-0.1244,0.8977,0.9797,1.000,0.03500
744657.8699,362,TRACKING,200.4,206.1,79.7,388.6,332.7,281.4,-123.49,-117.65,146.45,134.25,22.96,16.30,-1.47,-40.18,-45.97,0.6391,0.5882,-0.2291,-0.1663,0.8427,0.9249,1.000,0.03500
744657.9041,363,TRACKING,189.5,217.8,119.1,381.1,357.8,270.1,-113.31,-117.65,138.24,136.72,24.94,18.76,-1.47,-37.71,-43.51,0.6391,0.6086,-0.2519,-0.2005,0.7977,0.8740,1.000,0.03500
744657.9367,364,TRACKING,189.5,217.8,119.1,381.1,357.8,270.1,-113.31,-117.06,138.24,137.87,24.94,20.62,-0.87,-36.56,-41.65,0.6232,0.6144,-0.2626,-0.2253,0.7636,0.8299,1.000,0.03500
744657.9718,365,TRACKING,194.1,209.0,136.6,351.1,376.7,265.1,-112.01,-116.11,131.72,137.38,19.71,21.14,0.07,-37.05,-41.13,0.5980,0.6079,-0.2580,-0.2384,0.7540,0.7995,1.000,0.03500
744658.0032,366,TRACKING,205.2,199.0,136.7,324.5,393.5,270.0,-118.63,-116.11,130.62,136.04,11.99,19.86,0.07,-38.39,-42.41,0.5980,0.6039,-0.2457,-0.2384,0.7775,0.7907,1.000,0.03500
744658.0366,367,TRACKING,205.2,199.0,136.7,324.5,393.5,270.0,-118.63,-116.11,130.62,134.68,11.99,18.15,0.07,-39.75,-44.12,0.5980,0.6039,-0.2331,-0.2384,0.8088,0.7980,1.000,0.03500
744658.0709,368,TRACKING,203.2,199.7,157.2,316.5,406.4,276.8,-111.49,-115.68,120.54,132.07,9.05,16.12,0.51,-42.36,-46.15,0.5865,0.5970,-0.2090,-0.2266,0.8460,0.8172,1.000,0.03500
744658.1032,369,TRACKING,203.2,199.7,157.2,316.5,406.4,276.8,-111.49,-114.89,120.54,129.35,9.05,14.28,1.29,-45.08,-47.98,0.5656,0.5844,-0.1839,-0.2095,0.8797,0.8422,1.000,0.03500
744658.1369,370,TRACKING,206.9,203.0,158.9,328.3,413.1,282.4,-110.98,-114.00,121.21,127.09,10.23,12.99,2.19,-47.34,-49.28,0.5416,0.5673,-0.1630,-0.1909,0.9035,0.8667,1.000,0.03500
744658.1700,371,TRACKING,206.9,203.0,158.9,328.3,413.1,282.4,-110.98,-113.20,121.21,125.36,10.23,12.09,2.98,-49.07,-50.18,0.5204,0.5486,-0.1470,-0.1734,0.9199,0.8880,1.000,0.03500
744658.2038,372,TRACKING,209.8,209.1,166.1,348.7,414.5,282.3,-107.39,-111.97,122.35,124.23,14.96,12.09,4.22,-50.20,-50.18,0.4875,0.5241,-0.1366,-0.1587,0.9199,0.9008,1.000,0.03500
744658.2365,373,TRACKING,209.8,209.1,166.1,348.7,414.5,282.3,-107.39,-110.79,122.35,123.52,14.96,12.61,5.39,-50.91,-49.65,0.4562,0.4970,-0.1301,-0.1472,0.9103,0.9046,1.000,0.03500
744658.2698,374,TRACKING,208.6,210.5,163.5,353.3,412.5,282.2,-107.53,-109.86,123.47,123.52,15.93,13.33,6.33,-50.91,-48.94,0.4312,0.4707,-0.1301,-0.1404,0.8972,0.9046,1.000,0.03500
744658.3031,375,TRACKING,208.6,210.5,163.5,353.3,412.5,282.2,-107.53,-109.15,123.47,123.52,15.93,13.99,7.03,-50.91,-48.27,0.4125,0.4474,-0.1301,-0.1362,0.8850,0.8968,1.000,0.03500
744658.3378,376,TRACKING,204.2,212.3,169.8,363.5,403.5,273.9,-102.81,-107.88,123.79,123.52,20.99,15.32,8.30,-50.91,-46.95,0.3786,0.4199,-0.1301,-0.1362,0.8608,0.8824,1.000,0.03500
744658.3705,377,TRACKING,200.2,213.4,160.4,373.4,393.1,268.1,-103.96,-106.80,128.31,124.22,24.35,17.21,9.39,-50.21,-45.05,0.3497,0.3918,-0.1365,-0.1362,0.8259,0.8598,1.000,0.03500
744658.4033,378,TRACKING,200.2,213.4,160.4,373.4,393.1,268.1,-103.96,-105.96,128.31,125.12,24.35,19.02,10.22,-49.31,-43.25,0.3273,0.3660,-0.1448,-0.1397,0.7929,0.8330,1.000,0.03500
744658.4370,379,TRACKING,198.3,216.9,163.3,383.2,381.2,264.8,-101.90,-105.01,130.43,126.25,28.53,21.15,11.18,-48.19,-41.12,0.3020,0.3404,-0.1552,-0.1459,0.7538,0.8013,1.000,0.03500
744658.4698,380,TRACKING,198.3,216.9,163.3,383.2,381.2,264.8,-101.90,-104.17,130.43,127.30,28.53,23.07,12.01,-47.13,-39.20,0.2797,0.3161,-0.1650,-0.1535,0.7186,0.7682,1.000,0.03500
744658.5040,381,TRACKING,197.7,220.7,164.1,394.4,370.8,264.8,-100.96,-103.36,133.05,128.56,32.09,25.17,12.82,-45.87,-37.10,0.2580,0.2929,-0.1766,-0.1628,0.6801,0.7330,1.000,0.03500
744658.5370,382,TRACKING,199.1,223.5,154.3,410.5,362.0,266.6,-103.49,-103.36,138.19,130.56,34.70,27.43,12.82,-43.87,-34.83,0.2580,0.2790,-0.1950,-0.1757,0.6386,0.6952,1.000,0.03500
744658.5698,383,TRACKING,199.1,223.5,154.3,410.5,362.0,266.6,-103.49,-103.36,138.19,132.48,34.70,29.39,12.82,-41.95,-32.87,0.2580,0.2706,-0.2128,-0.1905,0.6027,0.6582,1.000,0.03500
744658.6034,384,TRACKING,196.4,225.9,154.1,415.0,355.0,268.6,-102.61,-103.36,138.70,134.15,36.09,31.15,12.82,-40.28,-31.12,0.2580,0.2656,-0.2282,-0.2056,0.5705,0.6231,1.000,0.03500
744658.6365,385,TRACKING,196.4,225.9,154.1,415.0,355.0,268.6,-102.61,-103.36,138.70,135.46,36.09,32.55,12.82,-38.97,-29.71,0.2580,0.2656,-0.2403,-0.2195,0.5447,0.5918,1.000,0.03500
744658.6705,386,TRACKING,192.3,232.0,158.0,422.4,342.9,270.4,-100.19,-102.74,139.63,136.57,39.43,34.13,13.45,-37.86,-28.14,0.2415,0.2559,-0.2505,-0.2319,0.5159,0.5614,1.000,0.03500
744658.7045,387,TRACKING,190.4,234.2,159.6,424.6,336.7,272.0,-99.17,-101.95,139.92,137.48,40.75,35.72,14.23,-36.95,-26.55,0.2205,0.2418,-0.2589,-0.2427,0.4867,0.5316,1.000,0.03500
744658.7365,388,TRACKING,190.4,234.2,159.6,424.6,336.7,272.0,-99.17,-101.23,139.92,138.18,40.75,37.08,14.95,-36.25,-25.19,0.2013,0.2256,-0.2654,-0.2518,0.4618,0.5037,1.000,0.03500
744658.7699,389,TRACKING,192.5,235.2,155.9,424.8,326.6,273.2,-100.91,-101.23,142.53,139.11,41.62,38.27,14.95,-35.32,-24.00,0.2013,0.2159,-0.2740,-0.2607,0.4399,0.4782,1.000,0.03500
744658.8032,390,TRACKING,188.6,237.9,153.6,425.8,317.9,272.1,-100.53,-101.23,143.61,140.15,43.08,39.45,14.95,-34.28,-22.82,0.2013,0.2101,-0.2835,-0.2698,0.4184,0.4542,1.000,0.03500
744658.8365,391,TRACKING,188.6,237.9,153.6,425.8,317.9,272.1,-100.53,-101.23,143.61,141.06,43.08,40.44,14.95,-33.37,-21.83,0.2013,0.2066,-0.2920,-0.2787,0.4002,0.4326,1.000,0.03500
744658.8708,392,TRACKING,190.9,236.3,156.3,426.7,313.2,271.9,-100.31,-101.23,144.91,141.99,44.61,41.44,14.95,-32.44,-20.82,0.2013,0.2066,-0.3005,-0.2874,0.3817,0.4123,1.000,0.03500
744658.9032,393,TRACKING,187.1,233.5,160.8,430.1,309.9,272.1,-97.60,-100.49,144.28,142.66,46.68,42.62,15.69,-31.77,-19.65,0.1816,0.1966,-0.3068,-0.2951,0.3602,0.3914,1.000,0.03500
744658.9366,394,TRACKING,187.1,233.5,160.8,430.1,309.9,272.1,-97.60,-99.77,144.28,143.15,46.68,43.68,16.41,-31.28,-18.59,0.1623,0.1829,-0.3113,-0.3016,0.3408,0.3712,1.000,0.03500
744658.9707,395,TRACKING,189.3,233.3,162.1,429.2,308.3,273.8,-97.90,-99.22,144.65,143.15,46.76,44.54,16.97,-31.28,-17.73,0.1475,0.1687,-0.3113,-0.3055,0.3250,0.3527,1.000,0.03500
744659.0032,396,TRACKING,189.3,233.3,162.1,429.2,308.3,273.8,-97.90,-99.22,144.65,143.61,46.76,45.19,16.97,-30.82,-17.07,0.1475,0.1603,-0.3155,-0.3095,0.3130,0.3368,1.000,0.03500
744659.0374,397,TRACKING,186.4,236.5,169.5,424.5,305.8,277.3,-95.13,-98.36,142.33,143.61,47.19,45.74,17.82,-30.82,-16.53,0.1247,0.1460,-0.3155,-0.3095,0.3030,0.3233,0.966,0.03500
744659.0709,398,TRACKING,183.4,235.1,161.5,430.3,310.4,272.9,-96.41,-97.75,143.00,143.61,46.58,45.74,18.44,-30.82,-16.53,0.1084,0.1310,-0.3155,-0.3095,0.3030,0.3152,0.874,0.03500
744659.1044,399,TRACKING,183.4,235.1,161.5,430.3,310.4,272.9,-96.41,-97.32,143.00,143.61,46.58,45.74,18.87,-30.82,-16.53,0.0969,0.1174,-0.3155,-0.3095,0.3030,0.3103,0.874,0.03500
744659.1369,400,TRACKING,183.2,236.3,164.5,431.0,314.7,268.5,-95.49,-96.88,142.74,143.61,47.25,45.74,19.31,-30.82,-16.53,0.0852,0.1045,-0.3155,-0.3095,0.3030,0.3103,0.820,0.03349
744659.1698,401,TRACKING,183.2,236.3,164.5,431.0,314.7,268.5,-95.49,-96.88,142.74,143.61,47.25,46.20,19.31,-30.82,-16.06,0.0852,0.0967,-0.3155,-0.3095,0.2945,0.3040,0.820,0.03349
744659.2034,402,TRACKING,184.3,235.0,163.4,427.7,317.9,263.6,-96.19,-96.88,142.92,143.61,46.73,46.20,19.31,-30.82,-16.06,0.0852,0.0921,-0.3155,-0.3095,0.2945,0.3002,0.807,0.03349
744659.2366,403,TRACKING,184.2,234.5,162.9,427.2,316.5,260.3,-96.31,-96.88,143.68,143.61,47.37,46.20,19.31,-30.82,-16.06,0.0852,0.0921,-0.3155,-0.3095,0.2945,0.3002,0.677,0.02637
744659.2698,404,TRACKING,184.2,234.5,162.9,427.2,316.5,260.3,-96.31,-96.88,143.68,143.61,47.37,46.20,19.31,-30.82,-16.06,0.0852,0.0921,-0.3155,-0.3095,0.2945,0.3002,0.677,0.02637
744659.3034,405,TRACKING,182.9,234.3,163.6,426.2,319.6,258.6,-95.72,-96.88,142.78,143.61,47.06,46.20,19.31,-30.82,-16.06,0.0852,0.0921,-0.3155,-0.3095,0.2945,0.3002,0.683,0.02637
744659.3393,406,TRACKING,182.9,234.3,163.6,426.2,319.6,258.6,-95.72,-96.88,142.78,143.61,47.06,46.20,19.31,-30.82,-16.06,0.0852,0.0921,-0.3155,-0.3095,0.2945,0.3002,0.683,0.02637
744659.3704,407,TRACKING,183.4,233.6,161.0,423.7,320.1,258.1,-96.74,-96.88,142.90,143.61,46.15,46.20,19.31,-30.82,-16.06,0.0852,0.0921,-0.3155,-0.3095,0.2945,0.3002,0.647,0.02486
744659.4033,408,TRACKING,183.4,233.6,161.0,423.7,320.1,258.1,-96.74,-96.88,142.90,143.61,46.15,46.20,19.31,-30.82,-16.06,0.0852,0.0921,-0.3155,-0.3095,0.2945,0.3002,0.647,0.02486
744659.4369,409,TRACKING,184.0,233.6,162.2,426.1,322.1,258.8,-96.47,-96.88,142.77,143.61,46.30,46.20,19.31,-30.82,-16.06,0.0852,0.0921,-0.3155,-0.3095,0.2945,0.3002,0.816,0.03331
744659.4701,410,TRACKING,184.0,233.6,162.2,426.1,322.1,258.8,-96.47,-96.88,142.77,143.61,46.30,46.20,19.31,-30.82,-16.06,0.0852,0.0921,-0.3155,-0.3095,0.2945,0.3002,0.816,0.03331
744659.5031,411,TRACKING,184.0,233.6,162.2,426.1,322.1,258.8,-96.47,-96.88,142.77,143.61,46.30,46.20,19.31,-30.82,-16.06,0.0852,0.0921,-0.3155,-0.3095,0.2945,0.3002,0.816,0.03331
744659.5370,412,TRACKING,184.0,235.4,162.7,428.7,320.1,260.2,-96.28,-96.88,143.22,143.61,46.94,46.20,19.31,-30.82,-16.06,0.0852,0.0921,-0.3155,-0.3095,0.2945,0.3002,0.755,0.03025
744659.5699,413,TRACKING,184.0,235.4,162.7,428.7,320.1,260.2,-96.28,-96.88,143.22,143.61,46.94,46.20,19.31,-30.82,-16.06,0.0852,0.0921,-0.3155,-0.3095,0.2945,0.3002,0.755,0.03025
744659.6033,414,TRACKING,185.4,236.5,162.0,430.1,320.1,262.3,-96.88,-96.88,143.59,143.61,46.71,46.20,19.31,-30.82,-16.06,0.0852,0.0921,-0.3155,-0.3095,0.2945,0.3002,0.836,0.03428
744659.6370,415,TRACKING,185.4,236.5,162.0,430.1,320.1,262.3,-96.88,-96.88,143.59,143.61,46.71,46.20,19.31,-30.82,-16.06,0.0852,0.0921,-0.3155,-0.3095,0.2945,0.3002,0.836,0.03428
744659.6699,416,TRACKING,185.4,236.5,162.0,430.1,320.1,262.3,-96.88,-96.88,143.59,143.61,46.71,46.20,19.31,-30.82,-16.06,0.0852,0.0921,-0.3155,-0.3095,0.2945,0.3002,0.836,0.03428
744659.7032,417,TRACKING,183.8,237.3,160.9,431.8,318.3,264.3,-96.71,-96.88,143.48,143.61,46.77,46.20,19.31,-30.82,-16.06,0.0852,0.0921,-0.3155,-0.3095,0.2945,0.3002,0.846,0.03428
744659.7365,418,TRACKING,183.8,237.3,160.9,431.8,318.3,264.3,-96.71,-96.88,143.48,143.61,46.77,46.20,19.31,-30.82,-16.06,0.0852,0.0921,-0.3155,-0.3095,0.2945,0.3002,0.846,0.03428
744659.7703,419,TRACKING,184.3,237.3,160.8,431.7,318.2,265.4,-96.90,-96.88,143.48,143.61,46.58,46.20,19.31,-30.82,-16.06,0.0852,0.0921,-0.3155,-0.3095,0.2945,0.3002,0.901,0.03428
744659.8036,420,TRACKING,184.5,236.9,159.9,432.1,317.0,265.3,-97.18,-96.88,143.89,143.61,46.70,46.20,19.31,-30.82,-16.06,0.0852,0.0921,-0.3155,-0.3095,0.2945,0.3002,0.894,0.03428
744659.8386,421,TRACKING,184.5,236.9,159.9,432.1,317.0,265.3,-97.18,-96.88,143.89,143.61,46.70,46.20,19.31,-30.82,-16.06,0.0852,0.0921,-0.3155,-0.3095,0.2945,0.3002,0.894,0.03428
744659.8707,422,TRACKING,185.1,234.2,157.1,423.7,315.4,263.8,-98.39,-96.88,143.69,143.61,45.31,46.20,19.31,-30.82,-16.06,0.0852,0.0921,-0.3155,-0.3095,0.2945,0.3002,0.909,0.03428
744659.9035,423,TRACKING,185.1,234.2,157.1,423.7,315.4,263.8,-98.39,-96.88,143.69,143.61,45.31,46.20,19.31,-30.82,-16.06,0.0852,0.0921,-0.3155,-0.3095,0.2945,0.3002,0.909,0.03428
744659.9367,424,TRACKING,186.8,232.9,158.8,425.7,316.1,261.7,-98.26,-97.31,144.46,143.61,46.21,46.20,18.88,-30.82,-16.06,0.0966,0.0921,-0.3155,-0.3095,0.2945,0.3002,0.938,0.03428
744659.9703,425,TRACKING,186.8,232.9,158.8,425.7,316.1,261.7,-98.26,-97.31,144.46,143.61,46.21,46.20,18.88,-30.82,-16.06,0.0966,0.0921,-0.3155,-0.3095,0.2945,0.3002,0.938,0.03428
744660.0034,426,TRACKING,187.3,232.5,154.7,422.4,316.7,261.2,-99.76,-97.86,144.61,143.61,44.85,46.20,18.33,-30.82,-16.06,0.1113,0.0998,-0.3155,-0.3095,0.2945,0.3002,0.966,0.03428
744660.0375,427,TRACKING,187.3,232.5,154.7,422.4,316.7,261.2,-99.76,-98.36,144.61,143.61,44.85,46.20,17.83,-30.82,-16.06,0.1245,0.1097,-0.3155,-0.3095,0.2945,0.3002,0.966,0.03428
744660.0699,428,TRACKING,182.6,230.5,152.7,422.6,316.4,260.7,-98.86,-98.36,143.53,143.61,44.67,45.77,17.83,-30.82,-16.49,0.1245,0.1156,-0.3155,-0.3095,0.3024,0.3002,0.986,0.03428
744660.1032,429,TRACKING,182.6,230.5,152.7,422.6,316.4,260.7,-98.86,-98.36,143.53,143.61,44.67,45.77,17.83,-30.82,-16.49,0.1245,0.1192,-0.3155,-0.3095,0.3024,0.3002,0.986,0.03428
744660.1368,430,TRACKING,185.1,232.3,151.2,419.4,316.4,259.1,-100.27,-98.36,144.40,143.61,44.13,45.33,17.83,-30.82,-16.93,0.1245,0.1192,-0.3155,-0.3095,0.3105,0.3043,0.980,0.03428
744660.1700,431,TRACKING,185.1,232.3,151.2,419.4,316.4,259.1,-100.27,-98.89,144.40,143.61,44.13,45.33,17.30,-30.82,-16.93,0.1387,0.1270,-0.3155,-0.3095,0.3105,0.3043,0.980,0.03428
744660.2032,432,TRACKING,177.7,232.1,163.3,413.1,326.8,252.0,-94.54,-98.42,139.14,143.05,44.60,45.33,17.77,-31.38,-16.93,0.1262,0.1270,-0.3103,-0.3095,0.3105,0.3043,0.985,0.03428
744660.2365,433,TRACKING,177.7,232.1,163.3,413.1,326.8,252.0,-94.54,-97.65,139.14,142.24,44.60,45.33,18.54,-32.19,-16.93,0.1056,0.1185,-0.3029,-0.3095,0.3105,0.3043,0.985,0.03428
744660.2700,434,TRACKING,181.1,232.6,169.6,406.1,347.0,240.3,-93.80,-96.78,136.86,141.11,43.06,44.81,19.41,-33.32,-17.45,0.0824,0.1041,-0.2924,-0.3027,0.3200,0.3106,1.000,0.03428
744660.3038,435,TRACKING,193.7,225.2,191.8,380.2,389.2,225.6,-90.71,-95.57,128.77,138.78,38.06,43.53,20.62,-35.65,-18.74,0.0502,0.0825,-0.2710,-0.2900,0.3435,0.3237,1.000,0.03428
744660.3370,436,TRACKING,193.7,225.2,191.8,380.2,389.2,225.6,-90.71,-94.39,128.77,136.38,38.06,42.20,21.80,-38.05,-20.06,0.0187,0.0570,-0.2488,-0.2735,0.3679,0.3414,1.000,0.03428
744660.3699,437,TRACKING,193.7,225.2,191.8,380.2,389.2,225.6,-90.71,-93.39,128.77,134.33,38.06,41.07,22.79,-40.10,-21.20,0.0000,0.0342,-0.2298,-0.2560,0.3886,0.3603,1.000,0.03428
744660.4049,438,TRACKING,227.5,217.3,259.2,338.2,447.6,215.0,-75.32,-90.53,108.52,129.91,33.20,39.48,25.66,-44.52,-22.79,0.0000,0.0205,-0.1891,-0.2292,0.4178,0.3833,1.000,0.03428
744660.4365,439,TRACKING,227.5,217.3,259.2,338.2,447.6,215.0,-75.32,-87.21,108.52,125.08,33.20,37.93,28.97,-49.35,-24.33,0.0000,0.0123,-0.1444,-0.1953,0.4461,0.4084,1.000,0.03428
744660.4702,440,TRACKING,237.0,211.2,293.4,295.8,479.6,221.3,-56.31,-81.76,78.12,116.71,21.81,35.01,34.43,-57.72,-27.26,0.0000,0.0074,-0.0672,-0.1441,0.4998,0.4450,1.000,0.03428
744660.5032,441,TRACKING,237.0,211.2,293.4,295.8,479.6,221.3,-56.31,-75.96,78.12,107.78,21.81,31.93,40.23,-66.65,-30.34,0.0000,0.0074,0.0000,-0.0864,0.5562,0.4894,1.000,0.03428
744660.5371,442,TRACKING,215.4,206.8,238.6,297.2,430.8,218.6,-75.55,-73.67,97.77,102.81,22.22,29.30,42.51,-71.62,-32.97,0.0000,0.0074,0.0000,-0.0519,0.6044,0.5354,1.000,0.03428
744660.5698,443,TRACKING,215.4,206.8,238.6,297.2,430.8,218.6,-75.55,-73.12,97.77,100.21,22.22,27.24,43.07,-74.22,-35.03,0.0000,0.0074,0.0000,-0.0311,0.6421,0.5781,1.000,0.03428
744660.6077,444,TRACKING,210.1,209.7,240.4,294.3,538.6,222.6,-70.32,-72.49,83.83,96.36,13.52,24.00,43.70,-78.08,-38.26,0.0000,0.0074,0.0000,-0.0187,0.7015,0.6275,1.000,0.03428
744660.6365,445,TRACKING,210.1,209.7,240.4,294.3,538.6,222.6,-70.32,-71.92,83.83,92.92,13.52,21.11,44.26,-81.51,-41.16,0.0000,0.0074,0.0000,-0.0112,0.7545,0.6783,1.000,0.03428
744660.6730,446,TRACKING,262.1,207.7,346.3,272.0,558.6,217.7,-37.39,-65.89,51.74,84.82,14.35,19.04,50.29,-89.61,-43.23,0.0000,0.0074,0.0000,-0.0067,0.7925,0.7240,1.000,0.03428
744660.7034,447,TRACKING,262.1,207.7,346.3,272.0,558.6,217.7,-37.39,-59.04,51.74,76.46,14.35,17.57,57.15,-97.97,-44.70,0.0000,0.0074,0.0000,-0.0067,0.8195,0.7622,1.000,0.03428
744660.7386,448,TRACKING,265.7,206.4,348.7,268.4,556.7,224.5,-36.76,-52.99,48.70,68.99,11.94,16.18,63.20,-105.44,-46.09,0.0000,0.0074,0.0000,-0.0067,0.8449,0.7953,1.000,0.03428
744660.7710,449,TRACKING,265.7,206.4,348.7,268.4,556.7,224.5,-36.76,-48.22,48.70,63.06,11.94,15.02,67.96,-111.37,-47.24,0.0000,0.0074,0.0000,-0.0067,0.8661,0.8236,1.000,0.03428
744660.8038,450,TRACKING,215.0,215.6,245.0,307.4,543.5,226.4,-71.90,-50.15,87.08,64.75,15.19,15.02,66.04,-109.69,-47.24,0.0000,0.0074,0.0000,-0.0067,0.8661,0.8406,1.000,0.03428
744660.8368,451,TRACKING,215.0,215.6,245.0,307.4,543.5,226.4,-71.90,-54.29,87.08,68.93,15.19,15.02,61.89,-105.50,-47.24,0.0000,0.0074,0.0000,-0.0067,0.8661,0.8508,1.000,0.03428
744660.8702,452,TRACKING,233.7,205.1,315.6,275.8,559.1,218.6,-40.76,-53.38,53.97,67.80,13.20,15.02,62.81,-106.63,-47.24,0.0000,0.0074,0.0000,-0.0067,0.8661,0.8569,1.000,0.03428
744660.9032,453,TRACKING,233.7,205.1,315.6,275.8,559.1,218.6,-40.76,-50.97,53.97,65.12,13.20,14.55,65.21,-109.31,-47.71,0.0000,0.0074,0.0000,-0.0067,0.8748,0.8641,1.000,0.03428
744660.9367,454,TRACKING,221.5,214.9,291.8,296.1,556.7,227.7,-49.13,-49.83,63.60,63.94,14.47,14.55,66.35,-110.49,-47.71,0.0000,0.0074,0.0000,-0.0067,0.8748,0.8683,1.000,0.03428
744660.9698,455,TRACKING,221.5,214.9,291.8,296.1,556.7,227.7,-49.13,-49.32,63.60,63.47,14.47,14.55,66.87,-110.96,-47.71,0.0000,0.0074,0.0000,-0.0067,0.8748,0.8683,1.000,0.03428
744661.0033,456,TRACKING,218.5,215.2,250.7,306.3,541.6,229.8,-70.53,-52.30,85.26,66.57,14.73,14.55,63.89,-107.86,-47.71,0.0000,0.0074,0.0000,-0.0067,0.8748,0.8683,1.000,0.03428
744661.0365,457,TRACKING,218.5,215.2,250.7,306.3,541.6,229.8,-70.53,-56.20,85.26,70.58,14.73,14.55,59.99,-103.85,-47.71,0.0000,0.0074,0.0000,-0.0067,0.8748,0.8683,1.000,0.03428
744661.0701,458,TRACKING,218.7,210.9,257.8,295.6,544.5,226.3,-65.21,-59.02,78.80,73.31,13.59,14.55,57.17,-101.12,-47.71,0.0000,0.0074,0.0000,-0.0067,0.8748,0.8683,1.000,0.03428
744661.1035,459,TRACKING,220.5,212.8,262.2,295.4,546.0,226.0,-63.21,-60.69,76.95,74.87,13.74,14.55,55.50,-99.56,-47.71,0.0000,0.0074,0.0000,-0.0067,0.8748,0.8683,1.000,0.03428
744661.1370,460,TRACKING,220.5,212.8,262.2,295.4,546.0,226.0,-63.21,-61.68,76.95,75.75,13.74,14.55,54.50,-98.68,-47.71,0.0000,0.0074,0.0000,-0.0067,0.8748,0.8683,1.000,0.03428
744661.1702,461,TRACKING,221.4,210.3,260.1,289.7,548.2,225.6,-64.01,-62.40,76.55,76.19,12.54,14.10,53.78,-98.24,-48.17,0.0000,0.0074,0.0000,-0.0067,0.8830,0.8742,1.000,0.03428
744661.2032,462,TRACKING,221.4,210.3,260.1,289.7,548.2,225.6,-64.01,-62.91,76.55,76.19,12.54,14.10,53.27,-98.24,-48.17,0.0000,0.0074,0.0000,-0.0067,0.8830,0.8777,1.000,0.03428
744661.2372,463,TRACKING,220.1,210.8,261.5,289.8,546.1,225.5,-62.35,-62.91,75.06,76.19,12.71,13.66,53.27,-98.24,-48.61,0.0000,0.0074,0.0000,-0.0067,0.8912,0.8831,1.000,0.03428
744661.2700,464,TRACKING,220.1,210.8,261.5,289.8,546.1,225.5,-62.35,-62.91,75.06,76.19,12.71,13.66,53.27,-98.24,-48.61,0.0000,0.0074,0.0000,-0.0067,0.8912,0.8863,1.000,0.03428
744661.3035,465,TRACKING,224.0,211.0,258.4,290.9,545.4,228.4,-66.72,-63.48,79.01,76.19,12.29,13.66,52.70,-98.24,-48.61,0.0000,0.0074,0.0000,-0.0067,0.8912,0.8863,1.000,0.03428
744661.3366,466,TRACKING,223.9,215.6,262.5,304.4,545.1,228.7,-66.50,-64.18,81.48,77.21,14.98,13.66,52.01,-97.22,-48.61,0.0000,0.0074,0.0000,-0.0067,0.8912,0.8863,1.000,0.03428
744661.3700,467,TRACKING,223.9,215.6,262.5,304.4,545.1,228.7,-66.50,-64.80,81.48,78.26,14.98,13.66,51.39,-96.17,-48.61,0.0000,0.0074,0.0000,-0.0067,0.8912,0.8863,1.000,0.03428
744661.4036,468,TRACKING,221.9,215.5,262.6,310.7,544.4,229.2,-66.87,-65.35,82.99,79.39,16.13,14.16,50.83,-95.05,-48.11,0.0000,0.0074,0.0000,-0.0067,0.8819,0.8863,1.000,0.03428
744661.4365,469,TRACKING,220.6,214.7,259.5,308.8,542.6,228.5,-67.56,-65.90,83.40,80.43,15.84,14.61,50.28,-94.01,-47.66,0.0000,0.0074,0.0000,-0.0067,0.8738,0.8813,1.000,0.03428
744661.4700,470,TRACKING,220.6,214.7,259.5,308.8,542.6,228.5,-67.56,-66.36,83.40,81.27,15.84,14.61,49.83,-93.16,-47.66,0.0000,0.0074,0.0000,-0.0067,0.8738,0.8813,1.000,0.03428
744661.5043,471,TRACKING,219.4,213.3,253.4,305.1,539.5,229.3,-69.65,-67.04,84.48,82.07,14.83,14.61,49.15,-92.36,-47.66,0.0000,0.0074,0.0000,-0.0067,0.8738,0.8813,1.000,0.03428
744661.5365,472,TRACKING,219.4,213.3,253.4,305.1,539.5,229.3,-69.65,-67.69,84.48,82.73,14.83,14.61,48.50,-91.70,-47.66,0.0000,0.0074,0.0000,-0.0067,0.8738,0.8813,1.000,0.03428
744661.5700,473,TRACKING,218.1,211.4,246.6,307.3,537.2,228.8,-73.44,-68.83,88.55,83.89,15.11,14.61,47.35,-90.54,-47.66,0.0000,0.0074,0.0000,-0.0067,0.8738,0.8813,1.000,0.03428
744661.6040,474,TRACKING,238.7,203.8,315.7,280.5,549.0,222.8,-44.86,-65.26,58.73,80.17,13.88,14.61,50.92,-94.26,-47.66,0.0000,0.0074,0.0000,-0.0067,0.8738,0.8813,1.000,0.03428
744661.6365,475,TRACKING,238.7,203.8,315.7,280.5,549.0,222.8,-44.86,-60.68,58.73,75.37,13.88,14.61,55.50,-99.06,-47.66,0.0000,0.0074,0.0000,-0.0067,0.8738,0.8813,1.000,0.03428
744661.6699,476,TRACKING,241.9,202.5,321.6,272.8,547.8,230.5,-41.40,-55.97,52.00,69.97,10.60,13.95,60.22,-104.46,-48.31,0.0000,0.0074,0.0000,-0.0067,0.8857,0.8813,1.000,0.03428
744661.7032,477,TRACKING,267.0,201.5,336.6,266.3,541.5,229.9,-42.95,-52.25,53.04,65.42,10.09,13.15,63.93,-109.01,-49.12,0.0000,0.0074,0.0000,-0.0067,0.9005,0.8890,1.000,0.03428
744661.7365,478,TRACKING,267.0,201.5,336.6,266.3,541.5,229.9,-42.95,-49.46,53.04,61.86,10.09,12.39,66.72,-112.57,-49.88,0.0000,0.0074,0.0000,-0.0067,0.9144,0.8992,1.000,0.03428
744661.7702,479,TRACKING,259.3,196.7,347.0,256.1,538.4,224.4,-34.13,-45.97,43.52,57.63,9.39,11.66,70.21,-116.80,-50.60,0.0000,0.0074,0.0000,-0.0067,0.9277,0.9106,1.000,0.03428
744661.8032,480,TRACKING,202.8,215.2,246.3,305.6,526.5,225.8,-64.32,-47.61,80.21,59.85,15.89,12.23,68.57,-114.58,-50.03,0.0000,0.0074,0.0000,-0.0067,0.9173,0.9106,1.000,0.03428
744661.8369,481,TRACKING,202.8,215.2,246.3,305.6,526.5,225.8,-64.32,-50.86,80.21,63.92,15.89,13.05,65.33,-110.51,-49.21,0.0000,0.0074,0.0000,-0.0067,0.9022,0.9072,1.000,0.03428
744661.8698,482,TRACKING,195.3,217.5,253.2,303.4,514.0,216.5,-56.04,-52.84,74.48,67.06,18.44,14.21,63.35,-107.37,-48.06,0.0000,0.0074,0.0000,-0.0067,0.8811,0.8968,1.000,0.03428
744661.9032,483,TRACKING,195.3,217.5,253.2,303.4,514.0,216.5,-56.04,-54.05,74.48,69.36,18.44,15.29,62.14,-105.08,-46.98,0.0000,0.0074,0.0000,-0.0067,0.8613,0.8826,1.000,0.03428
744661.9368,484,TRACKING,195.4,215.9,242.9,304.5,498.1,214.4,-61.81,-55.70,81.25,72.05,19.44,16.33,60.49,-102.39,-45.94,0.0000,0.0074,0.0000,-0.0067,0.8422,0.8664,1.000,0.03428
744661.9700,485,TRACKING,191.9,214.5,242.0,304.4,491.9,209.7,-60.87,-57.10,81.62,74.52,20.74,17.39,59.08,-99.91,-44.87,0.0000,0.0074,0.0000,-0.0067,0.8227,0.8489,1.000,0.03428
744662.0032,486,TRACKING,191.9,214.5,242.0,304.4,491.9,209.7,-60.87,-58.20,81.62,76.52,20.74,18.30,57.98,-97.91,-43.97,0.0000,0.0074,0.0000,-0.0067,0.8061,0.8318,1.000,0.03428
744662.0368,487,TRACKING,240.6,192.0,342.7,243.2,498.1,199.1,-26.63,-53.31,42.48,71.73,15.86,18.30,62.87,-102.71,-43.97,0.0000,0.0074,0.0000,-0.0067,0.8061,0.8215,1.000,0.03428
744662.0700,488,TRACKING,240.6,192.0,342.7,243.2,498.1,199.1,-26.63,-47.19,42.48,65.31,15.86,18.30,69.00,-109.12,-43.97,0.0000,0.0074,0.0000,-0.0067,0.8061,0.8153,1.000,0.03428
744662.1036,489,TRACKING,240.6,192.0,342.7,243.2,498.1,199.1,-26.63,-41.67,42.48,59.35,15.86,17.80,74.51,-115.08,-44.46,0.0000,0.0074,0.0000,-0.0067,0.8152,0.8153,1.000,0.03428
744662.1367,490,TRACKING,235.0,183.3,331.7,234.6,485.0,199.1,-27.93,-37.52,40.96,54.33,13.03,16.92,78.67,-120.10,-45.35,0.0000,0.0074,0.0000,-0.0067,0.8314,0.8218,1.000,0.03428
744662.1702,491,TRACKING,235.0,183.3,331.7,234.6,485.0,199.1,-27.93,-34.51,40.96,50.43,13.03,16.00,81.67,-124.00,-46.27,0.0000,0.0074,0.0000,-0.0067,0.8482,0.8323,1.000,0.03428
744662.2032,492,TRACKING,235.0,183.3,331.7,234.6,485.0,199.1,-27.93,-32.40,40.96,47.55,13.03,15.21,83.78,-126.88,-47.06,0.0000,0.0074,0.0000,-0.0067,0.8627,0.8445,1.000,0.03428
744662.2369,493,TRACKING,241.9,179.9,349.9,227.6,472.4,195.5,-23.81,-30.26,38.47,45.03,14.66,15.21,85.92,-129.40,-47.06,0.0000,0.0074,0.0000,-0.0067,0.8627,0.8518,1.000,0.03428
744662.2699,494,TRACKING,241.9,179.9,349.9,227.6,472.4,195.5,-23.81,-28.47,38.47,43.08,14.66,15.21,87.72,-131.35,-47.06,0.0000,0.0074,0.0000,-0.0067,0.8627,0.8562,1.000,0.03428
744662.3034,495,TRACKING,238.5,183.5,343.7,231.3,460.8,193.2,-24.43,-27.19,42.44,42.25,18.02,15.21,88.99,-132.18,-47.06,0.0000,0.0074,0.0000,-0.0067,0.8627,0.8562,1.000,0.03428
744662.3371,496,TRACKING,238.5,183.5,343.7,231.3,460.8,193.2,-24.43,-26.30,42.44,42.25,18.02,15.77,89.89,-132.18,-46.49,0.0000,0.0074,0.0000,-0.0067,0.8524,0.8562,1.000,0.03428
744662.3719,497,TRACKING,243.2,187.7,338.2,224.0,444.8,192.5,-20.88,-25.17,37.32,41.37,16.45,15.77,91.02,-133.06,-46.49,0.0000,0.0074,0.0000,-0.0067,0.8524,0.8562,1.000,0.03428
744662.4035,498,TRACKING,243.2,187.7,338.2,224.0,444.8,192.5,-20.88,-24.10,37.32,40.43,16.45,15.77,92.09,-134.00,-46.49,0.0000,0.0074,0.0000,-0.0067,0.8524,0.8562,1.000,0.03428
744662.4368,499,TRACKING,194.5,212.4,192.1,275.6,393.2,201.1,-92.22,-30.91,112.54,48.11,20.33,16.84,85.27,-126.32,-45.42,0.0000,0.0074,0.0000,-0.0067,0.8328,0.8468,1.000,0.03428
744662.4701,500,TRACKING,194.5,212.4,192.1,275.6,393.2,201.1,-92.22,-42.31,112.54,60.37,20.33,17.81,73.87,-114.06,-44.45,0.0000,0.0074,0.0000,-0.0067,0.8150,0.8341,1.000,0.03428
744662.5032,501,TRACKING,194.5,212.4,192.1,275.6,393.2,201.1,-92.22,-54.50,112.54,73.29,20.33,18.56,61.69,-101.14,-43.70,0.0000,0.0074,0.0000,-0.0067,0.8012,0.8209,1.000,0.03428
744662.5367,502,TRACKING,191.8,213.0,195.6,274.4,399.6,197.6,-86.41,-64.13,107.05,83.53,20.64,19.17,52.05,-90.90,-43.10,0.0000,0.0074,0.0000,-0.0067,0.7902,0.8086,1.000,0.03428
744662.5698,503,TRACKING,191.8,213.0,195.6,274.4,399.6,197.6,-86.41,-71.18,107.05,91.00,20.64,19.61,45.01,-83.43,-42.65,0.0000,0.0074,0.0000,-0.0067,0.7820,0.7980,1.000,0.03428
744662.6032,504,TRACKING,188.7,213.2,190.2,274.3,396.5,192.2,-88.57,-76.46,110.28,96.75,21.72,20.11,39.73,-77.68,-42.16,0.0000,0.0074,0.0000,-0.0067,0.7729,0.7879,1.000,0.03428
744662.6365,505,TRACKING,188.7,213.2,190.2,274.3,396.5,192.2,-88.57,-80.26,110.28,100.94,21.72,20.54,35.93,-73.49,-41.72,0.0000,0.0074,0.0000,-0.0067,0.7649,0.7787,1.000,0.03428
744662.6699,506,TRACKING,186.7,213.5,184.0,266.1,389.9,186.1,-93.03,-83.56,114.28,104.47,21.24,20.54,32.62,-69.96,-41.72,0.0000,0.0074,0.0000,-0.0067,0.7649,0.7732,1.000,0.03428
744662.7036,507,TRACKING,182.3,214.7,183.7,260.6,382.8,178.9,-88.19,-85.49,110.49,106.70,22.30,20.96,30.70,-67.73,-41.30,0.0000,0.0074,0.0000,-0.0067,0.7572,0.7668,1.000,0.03428
744662.7367,508,TRACKING,182.3,214.7,183.7,260.6,382.8,178.9,-88.19,-86.61,110.49,108.10,22.30,20.96,29.58,-66.33,-41.30,0.0000,0.0074,0.0000,-0.0067,0.7572,0.7630,1.000,0.03428
744662.7701,509,TRACKING,186.1,218.1,177.6,254.1,371.4,169.7,-103.27,-89.28,126.80,111.19,23.53,21.56,26.90,-63.24,-40.70,0.0000,0.0074,-0.0163,-0.0105,0.7462,0.7563,1.000,0.03428
744662.8041,510,TRACKING,186.1,218.1,177.6,254.1,371.4,169.7,-103.27,-92.32,126.80,114.64,23.53,22.09,23.86,-59.79,-40.18,0.0000,0.0074,-0.0481,-0.0256,0.7366,0.7484,1.000,0.03428
744662.8366,511,TRACKING,184.1,219.5,169.9,258.3,364.1,163.4,-110.11,-96.24,136.14,119.30,26.03,22.90,19.94,-55.13,-39.37,0.0682,0.0317,-0.0911,-0.0518,0.7217,0.7378,1.000,0.03428
744662.8700,512,TRACKING,184.1,219.5,169.9,258.3,364.1,163.4,-110.11,-99.85,136.14,123.64,26.03,23.68,16.34,-50.79,-38.58,0.1643,0.0847,-0.1312,-0.0835,0.7074,0.7256,1.000,0.03428
744662.9049,513,TRACKING,185.8,221.9,163.5,260.9,363.0,160.4,-119.77,-104.40,146.51,128.93,26.74,24.45,11.79,-45.50,-37.82,0.2856,0.1651,-0.1800,-0.1221,0.6933,0.7127,1.000,0.03428
744662.9365,514,TRACKING,185.8,221.9,163.5,260.9,363.0,160.4,-119.77,-108.50,146.51,133.65,26.74,25.09,7.69,-40.78,-37.18,0.3949,0.2570,-0.2236,-0.1627,0.6816,0.7003,1.000,0.03428
744662.9699,515,TRACKING,187.3,220.4,162.6,258.2,358.0,153.2,-123.22,-112.32,151.47,138.19,28.25,25.81,3.87,-36.24,-36.45,0.4968,0.3530,-0.2655,-0.2038,0.6683,0.6875,1.000,0.03428
744663.0034,516,TRACKING,188.6,217.6,166.3,257.1,356.9,145.7,-119.44,-114.81,149.75,141.65,30.31,26.78,1.38,-32.79,-35.49,0.5633,0.4371,-0.2974,-0.2412,0.6506,0.6727,1.000,0.03428
744663.0365,517,TRACKING,188.6,217.6,166.3,257.1,356.9,145.7,-119.44,-116.43,149.75,144.16,30.31,27.68,-0.24,-30.27,-34.58,0.6065,0.5049,-0.3206,-0.2730,0.6340,0.6572,1.000,0.03428
744663.0704,518,TRACKING,190.0,219.0,172.7,259.2,356.0,142.7,-113.28,-116.43,145.73,145.31,32.45,28.75,-0.24,-29.12,-33.51,0.6065,0.5455,-0.3312,-0.2963,0.6144,0.6401,1.000,0.03428
744663.1048,519,TRACKING,187.4,219.2,172.0,263.0,354.2,143.3,-109.39,-115.34,142.70,145.31,33.30,29.85,0.85,-29.12,-32.42,0.5774,0.5583,-0.3312,-0.3103,0.5943,0.6218,1.000,0.03428
744663.1365,520,TRACKING,187.4,219.2,172.0,263.0,354.2,143.3,-109.39,-114.00,142.70,144.87,33.30,30.79,2.18,-29.56,-31.48,0.5418,0.5517,-0.3271,-0.3170,0.5771,0.6039,1.000,0.03428
744663.1708,521,TRACKING,187.6,219.5,169.2,264.0,354.3,143.6,-112.45,-113.28,145.49,144.87,33.04,31.48,2.90,-29.56,-30.79,0.5226,0.5401,-0.3271,-0.3211,0.5645,0.5881,1.000,0.03428
744663.2035,522,TRACKING,190.7,215.7,170.3,256.7,355.0,146.0,-116.48,-113.28,147.43,144.87,30.95,31.48,2.90,-29.56,-30.79,0.5226,0.5331,-0.3271,-0.3211,0.5645,0.5787,1.000,0.03428
744663.2380,523,TRACKING,190.7,215.7,170.3,256.7,355.0,146.0,-116.48,-113.92,147.43,145.48,30.95,31.48,2.27,-28.95,-30.79,0.5395,0.5331,-0.3327,-0.3257,0.5645,0.5730,1.000,0.03428
744663.2720,524,TRACKING,187.8,221.6,167.2,267.0,356.5,145.9,-114.40,-113.92,147.00,145.93,32.60,31.48,2.27,-28.50,-30.79,0.5395,0.5331,-0.3369,-0.3302,0.5645,0.5696,1.000,0.03428
744663.3032,525,TRACKING,187.8,221.6,167.2,267.0,356.5,145.9,-114.40,-113.92,147.00,145.93,32.60,31.48,2.27,-28.50,-30.79,0.5395,0.5331,-0.3369,-0.3302,0.5645,0.5696,1.000,0.03428
744663.3370,526,TRACKING,190.7,217.6,172.9,254.2,358.0,147.1,-115.99,-114.35,146.05,145.93,30.06,31.48,1.83,-28.50,-30.79,0.5512,0.5403,-0.3369,-0.3302,0.5645,0.5696,1.000,0.03428
744663.3705,527,TRACKING,190.7,217.6,172.9,254.2,358.0,147.1,-115.99,-114.35,146.05,145.93,30.06,31.48,1.83,-28.50,-30.79,0.5512,0.5447,-0.3369,-0.3302,0.5645,0.5696,1.000,0.03428
744663.4032,528,TRACKING,191.3,218.0,172.7,254.9,357.5,147.0,-116.71,-114.94,146.99,145.93,30.28,31.48,1.24,-28.50,-30.79,0.5669,0.5536,-0.3369,-0.3302,0.5645,0.5696,1.000,0.03428
744663.4370,529,TRACKING,194.6,216.6,182.2,246.6,361.2,146.3,-112.35,-114.94,141.60,145.46,29.25,30.95,1.24,-28.97,-31.31,0.5669,0.5589,-0.3326,-0.3302,0.5741,0.5696,1.000,0.03428
744663.4710,530,TRACKING,195.3,215.5,180.0,247.5,363.4,145.8,-115.68,-114.94,144.68,145.46,29.00,30.46,1.24,-28.97,-31.81,0.5669,0.5621,-0.3326,-0.3302,0.5832,0.5750,1.000,0.03428
744663.5032,531,TRACKING,195.3,215.5,180.0,247.5,363.4,145.8,-115.68,-114.94,144.68,145.46,29.00,30.46,1.24,-28.97,-31.81,0.5669,0.5621,-0.3326,-0.3302,0.5832,0.5783,1.000,0.03428
744663.5375,532,TRACKING,199.1,210.8,184.4,240.9,365.9,147.4,-116.05,-114.94,143.31,144.96,27.26,29.73,1.24,-29.47,-32.53,0.5669,0.5621,-0.3280,-0.3302,0.5964,0.5855,1.000,0.03428
744663.5698,533,TRACKING,199.1,210.8,184.4,240.9,365.9,147.4,-116.05,-114.94,143.31,144.52,27.26,29.09,1.24,-29.91,-33.18,0.5669,0.5621,-0.3239,-0.3302,0.6083,0.5946,1.000,0.03428
744663.6033,534,TRACKING,200.8,213.4,197.6,235.4,368.4,148.5,-98.31,-113.13,125.26,141.98,26.95,28.52,3.05,-32.45,-33.74,0.5186,0.5447,-0.3005,-0.3183,0.6186,0.6042,1.000,0.03428
744663.6365,535,TRACKING,203.0,211.0,200.6,228.9,367.8,148.3,-97.34,-110.47,123.09,138.58,25.75,27.90,5.71,-35.85,-34.37,0.4477,0.5059,-0.2690,-0.2986,0.6301,0.6146,1.000,0.03428
744663.6700,536,TRACKING,203.0,211.0,200.6,228.9,367.8,148.3,-97.34,-107.64,123.09,135.11,25.75,27.34,8.55,-39.32,-34.93,0.3721,0.4524,-0.2370,-0.2740,0.6404,0.6249,1.000,0.03428
744663.7033,537,TRACKING,205.1,210.1,204.0,221.8,369.8,148.7,-95.51,-105.04,119.28,131.71,23.77,26.59,11.14,-42.72,-35.68,0.3029,0.3926,-0.2056,-0.2466,0.6542,0.6366,1.000,0.03428
744663.7367,538,TRACKING,205.1,210.1,204.0,221.8,369.8,148.7,-95.51,-102.75,119.28,128.68,23.77,25.88,13.43,-45.75,-36.39,0.2419,0.3323,-0.1777,-0.2190,0.6672,0.6488,1.000,0.03428
744663.7703,539,TRACKING,207.8,213.3,205.8,234.6,366.8,152.6,-95.34,-100.66,122.30,126.48,26.96,25.88,15.52,-47.95,-36.39,0.1860,0.2738,-0.1573,-0.1944,0.6672,0.6562,1.000,0.03428
744663.8038,540,TRACKING,209.2,212.7,206.1,236.7,372.9,149.1,-97.43,-99.42,125.13,125.50,27.70,25.88,16.76,-48.93,-36.39,0.1530,0.2255,-0.1484,-0.1760,0.6672,0.6606,1.000,0.03428
744663.8365,541,TRACKING,209.2,212.7,206.1,236.7,372.9,149.1,-97.43,-98.67,125.13,125.50,27.70,26.30,17.52,-48.93,-35.97,0.1329,0.1884,-0.1484,-0.1649,0.6594,0.6606,1.000,0.03428
744663.8704,542,TRACKING,211.2,212.3,212.5,239.9,377.5,150.5,-87.23,-96.41,115.67,123.54,28.44,26.79,19.78,-50.89,-35.48,0.0726,0.1421,-0.1303,-0.1511,0.6504,0.6565,1.000,0.03428
744663.9039,543,TRACKING,207.0,212.3,214.1,243.7,385.2,150.2,-77.20,-92.22,105.88,119.70,28.67,27.27,23.97,-54.73,-35.00,0.0000,0.0853,-0.0948,-0.1286,0.6417,0.6506,1.000,0.03428
744663.9365,544,TRACKING,215.9,211.6,217.9,232.5,385.0,154.7,-84.32,-89.47,109.27,116.69,24.94,27.27,26.72,-57.74,-35.00,0.0000,0.0512,-0.0670,-0.1039,0.6417,0.6470,1.000,0.03428
744663.9698,545,TRACKING,215.9,211.6,217.9,232.5,385.0,154.7,-84.32,-87.68,109.27,114.45,24.94,26.80,28.51,-59.99,-35.47,0.0000,0.0307,-0.0463,-0.0809,0.6502,0.6470,1.000,0.03428
744664.0034,546,TRACKING,217.3,212.6,224.0,233.5,389.6,153.6,-72.34,-84.66,98.10,111.11,25.75,26.80,31.52,-63.32,-35.47,0.0000,0.0184,-0.0155,-0.0547,0.6502,0.6470,1.000,0.03428
744664.0365,547,TRACKING,217.3,212.6,224.0,233.5,389.6,153.6,-72.34,-81.65,98.10,107.88,25.75,26.80,34.53,-66.55,-35.47,0.0000,0.0110,0.0000,-0.0328,0.6502,0.6470,1.000,0.03428
744664.0698,548,TRACKING,223.1,209.4,239.6,223.6,395.9,153.8,-40.74,-74.22,64.81,100.04,24.07,26.19,41.96,-74.39,-36.08,0.0000,0.0066,0.0000,-0.0197,0.6614,0.6528,1.000,0.03428
744664.1034,549,TRACKING,214.1,209.1,230.2,220.9,401.8,154.3,-36.27,-65.64,57.47,90.56,21.20,25.18,50.55,-83.87,-37.09,0.0000,0.0066,0.0000,-0.0118,0.6800,0.6637,1.000,0.03428
744664.1365,550,TRACKING,214.1,209.1,230.2,220.9,401.8,154.3,-36.27,-57.85,57.47,81.82,21.20,24.18,58.34,-92.61,-38.08,0.0000,0.0066,0.0000,-0.0071,0.6982,0.6775,1.000,0.03428
744664.1699,551,TRACKING,220.9,205.1,243.2,215.1,404.3,155.5,-24.21,-49.33,44.51,72.36,20.30,23.23,66.86,-102.07,-39.04,0.0000,0.0066,0.0000,-0.0071,0.7157,0.6928,1.000,0.03428
744664.2034,552,TRACKING,224.0,205.2,242.7,219.7,405.1,155.7,-37.62,-44.42,59.12,66.87,21.50,22.61,71.76,-107.56,-39.65,0.0000,0.0066,0.0000,-0.0071,0.7270,0.7065,1.000,0.03428
744664.2367,553,TRACKING,224.0,205.2,242.7,219.7,405.1,155.7,-37.62,-41.62,59.12,63.70,21.50,22.61,74.57,-110.73,-39.65,0.0000,0.0066,0.0000,-0.0071,0.7270,0.7147,1.000,0.03428
744664.2700,554,TRACKING,225.8,207.7,244.5,216.8,407.4,153.4,-25.92,-38.22,47.17,60.04,21.25,22.18,77.97,-114.39,-40.08,0.0000,0.0066,0.0000,-0.0071,0.7349,0.7228,1.000,0.03428
744664.3032,555,TRACKING,225.8,207.7,244.5,216.8,407.4,153.4,-25.92,-35.08,47.17,56.72,21.25,22.18,81.10,-117.71,-40.08,0.0000,0.0066,0.0000,-0.0071,0.7349,0.7276,1.000,0.03428
744664.3367,556,TRACKING,226.3,205.2,247.4,213.9,411.3,150.0,-22.39,-31.92,43.69,53.43,21.31,22.18,84.27,-121.00,-40.08,0.0000,0.0066,0.0000,-0.0071,0.7349,0.7276,1.000,0.03428
744664.3701,557,TRACKING,232.4,211.2,229.0,231.1,275.6,122.6,-99.74,-40.63,166.49,67.49,66.74,27.40,75.56,-106.95,-34.87,0.0000,0.0066,0.0000,-0.0071,0.6393,0.6923,1.000,0.03428
744664.4032,558,TRACKING,232.4,211.2,229.0,231.1,275.6,122.6,-99.74,-53.73,166.49,88.52,66.74,35.03,62.45,-85.92,-27.24,0.0000,0.0066,0.0000,-0.0071,0.4993,0.6151,1.000,0.03428
744664.4370,559,TRACKING,233.2,216.2,233.9,245.1,402.8,128.1,-88.69,-64.76,123.40,102.64,34.71,37.11,51.42,-71.79,-25.16,0.0000,0.0066,0.0000,-0.0071,0.4612,0.5535,1.000,0.03428
744664.4699,560,TRACKING,233.2,216.2,233.9,245.1,402.8,128.1,-88.69,-72.71,123.40,110.95,34.71,37.11,43.47,-63.48,-25.16,0.0000,0.0066,-0.0140,-0.0071,0.4612,0.5166,1.000,0.03428
744664.5038,561,TRACKING,234.3,216.9,228.0,240.3,395.1,116.3,-105.10,-80.69,141.68,118.79,36.59,37.11,35.49,-55.64,-25.16,0.0000,0.0066,-0.0864,-0.0388,0.4612,0.4944,1.000,0.03428
744664.5367,562,TRACKING,237.9,208.5,220.7,204.8,382.7,100.0,167.80,-97.17,134.90,134.61,32.89,36.45,19.02,-39.82,-25.81,0.0929,0.0411,-0.2324,-0.1163,0.4733,0.4860,1.000,0.03428
744664.5698,563,TRACKING,237.9,208.5,220.7,204.8,382.7,100.0,167.80,-119.74,134.90,146.65,32.89,35.65,-3.55,-27.78,-26.61,0.6948,0.3026,-0.3436,-0.2072,0.4879,0.4860,1.000,0.03428
744664.6034,564,TRACKING,243.7,203.2,222.3,190.9,375.4,94.0,150.10,-146.89,117.77,142.91,32.33,34.85,-30.70,-31.52,-27.41,1.4187,0.7490,-0.3090,-0.2479,0.5025,0.4926,1.000,0.03428
744664.6365,565,TRACKING,249.2,193.8,213.5,153.0,360.4,86.4,131.25,-176.65,106.86,131.62,24.39,33.04,-60.47,-42.81,-29.23,2.2000,1.3294,-0.2048,-0.2307,0.5359,0.5099,1.000,0.03428
744664.6705,566,TRACKING,249.2,193.8,213.5,153.0,360.4,86.4,131.25,162.21,106.86,123.01,24.39,31.06,-81.61,-51.42,-31.21,2.2000,1.6777,-0.1254,-0.1885,0.5721,0.5348,1.000,0.03428
744664.7033,567,TRACKING,249.2,193.8,213.5,153.0,360.4,86.4,131.25,149.90,106.86,117.25,24.39,29.31,-93.92,-57.18,-32.95,2.2000,1.8866,-0.0722,-0.1420,0.6041,0.5625,1.000,0.03428
744664.7365,568,TRACKING,256.1,204.6,203.6,172.3,342.6,84.0,148.42,146.35,116.02,115.42,32.41,29.31,-97.47,-59.01,-32.95,2.2000,2.0120,-0.0553,-0.1073,0.6041,0.5792,1.000,0.03428
744664.7701,569,TRACKING,256.1,204.6,203.6,172.3,342.6,84.0,148.42,145.71,116.02,114.98,32.41,29.31,-98.11,-59.45,-32.95,2.2000,2.0872,-0.0512,-0.0849,0.6041,0.5891,1.000,0.03428
744664.8046,570,TRACKING,256.1,204.6,203.6,172.3,342.6,84.0,148.42,145.71,116.02,114.98,32.41,30.03,-98.11,-59.45,-32.24,2.2000,2.1323,-0.0512,-0.0714,0.5910,0.5891,1.000,0.03428
744664.8375,571,TRACKING,251.4,206.9,190.7,186.5,332.8,84.8,161.43,148.59,125.83,116.82,35.60,31.19,-95.22,-57.61,-31.08,2.2000,2.1594,-0.0682,-0.0714,0.5698,0.5814,1.000,0.03428
744664.8700,572,TRACKING,251.4,206.9,190.7,186.5,332.8,84.8,161.43,151.71,125.83,118.93,35.60,32.30,-92.10,-55.50,-29.97,2.2000,2.1756,-0.0877,-0.0779,0.5494,0.5686,1.000,0.03428
744664.9040,573,TRACKING,251.9,210.9,181.3,191.4,316.8,90.1,164.56,154.98,127.78,121.19,36.78,33.40,-88.84,-53.24,-28.86,2.2000,2.1854,-0.1086,-0.0902,0.5292,0.5528,1.000,0.03428
744664.9369,574,TRACKING,251.9,210.9,181.3,191.4,316.8,90.1,164.56,157.69,127.78,123.07,36.78,34.33,-86.13,-51.36,-27.94,2.2000,2.1912,-0.1259,-0.1045,0.5122,0.5366,1.000,0.03428
744664.9699,575,TRACKING,260.0,212.0,191.5,176.8,311.2,93.6,152.79,157.69,117.98,123.07,34.81,34.75,-86.13,-51.36,-27.52,2.2000,2.1947,-0.1259,-0.1131,0.5045,0.5238,1.000,0.03428
744665.0038,576,TRACKING,260.0,212.0,191.5,176.8,311.2,93.6,152.79,156.93,117.98,122.10,34.81,34.75,-86.89,-52.33,-27.52,2.2000,2.1947,-0.1170,-0.1131,0.5045,0.5160,1.000,0.03428
744665.0366,577,TRACKING,259.7,218.1,188.5,185.7,306.0,103.3,155.59,156.44,120.55,121.51,35.04,34.75,-87.37,-52.92,-27.52,2.2000,2.1947,-0.1115,-0.1131,0.5045,0.5114,1.000,0.03428
744665.0710,578,TRACKING,259.7,218.1,188.5,185.7,306.0,103.3,155.59,156.44,120.55,121.51,35.04,34.75,-87.37,-52.92,-27.52,2.2000,2.1947,-0.1115,-0.1131,0.5045,0.5114,1.000,0.03428
744665.1035,579,TRACKING,270.6,221.8,199.9,183.1,312.3,110.9,151.34,155.45,118.61,120.82,32.73,34.75,-88.36,-53.61,-27.52,2.2000,2.1947,-0.1051,-0.1131,0.5045,0.5114,1.000,0.03428
744665.1365,580,TRACKING,270.6,221.8,199.9,183.1,312.3,110.9,151.34,154.44,118.61,120.21,32.73,34.31,-89.37,-54.22,-27.96,2.2000,2.1947,-0.0995,-0.1076,0.5125,0.5114,1.000,0.03428
744665.1700,581,TRACKING,273.1,222.1,205.9,180.7,320.4,113.9,148.37,153.13,118.11,119.66,30.26,33.52,-90.69,-54.77,-28.74,2.2000,2.1947,-0.0944,-0.1023,0.5269,0.5176,1.000,0.03428
744665.2033,582,TRACKING,273.1,222.1,205.9,180.7,320.4,113.9,148.37,151.91,118.11,119.21,30.26,32.73,-91.91,-55.22,-29.53,2.2000,2.1947,-0.0903,-0.0975,0.5414,0.5272,1.000,0.03428
744665.2365,583,TRACKING,279.3,223.6,214.1,179.5,329.6,114.5,145.94,150.53,116.56,118.64,29.38,31.92,-93.28,-55.79,-30.34,2.2000,2.1947,-0.0850,-0.0925,0.5563,0.5388,1.000,0.03428
744665.2698,584,TRACKING,279.3,223.6,214.1,179.5,329.6,114.5,145.94,149.32,116.56,118.10,29.38,31.23,-94.50,-56.33,-31.03,2.2000,2.1947,-0.0801,-0.0875,0.5689,0.5509,1.000,0.03428
744665.3034,585,TRACKING,281.9,224.0,222.6,174.8,337.7,115.3,140.30,147.48,112.92,117.10,27.37,30.38,-96.34,-57.33,-31.88,2.2000,2.1947,-0.0708,-0.0809,0.5845,0.5643,1.000,0.03428
744665.3366,586,TRACKING,285.7,225.3,230.0,172.6,344.4,117.1,136.59,145.11,110.69,115.74,25.90,29.38,-98.70,-58.69,-32.88,2.2000,2.1947,-0.0582,-0.0718,0.6029,0.5797,1.000,0.03428
744665.3698,587,TRACKING,285.7,225.3,230.0,172.6,344.4,117.1,136.59,142.92,110.69,114.45,25.90,28.48,-100.89,-59.98,-33.79,2.2000,2.1947,-0.0464,-0.0616,0.6195,0.5956,1.000,0.03428
744665.4037,588,TRACKING,289.5,225.1,231.5,171.6,350.2,119.5,137.32,141.25,113.64,113.87,23.68,27.40,-102.56,-60.56,-34.87,2.2000,2.1947,-0.0409,-0.0534,0.6393,0.6131,1.000,0.03428
744665.4365,589,TRACKING,289.5,225.1,231.5,171.6,350.2,119.5,137.32,140.04,113.64,113.87,23.68,26.42,-103.78,-60.56,-35.84,2.2000,2.1947,-0.0409,-0.0484,0.6571,0.6307,1.000,0.03428
744665.4705,590,TRACKING,291.0,227.0,232.9,171.4,354.9,122.1,136.29,139.01,114.31,113.87,21.98,25.37,-104.81,-60.56,-36.89,2.2000,2.1947,-0.0409,-0.0484,0.6764,0.6490,1.000,0.03428
744665.5034,591,TRACKING,289.7,227.3,232.7,174.3,357.5,125.0,137.10,138.34,115.55,113.87,21.56,24.39,-105.48,-60.56,-37.88,2.2000,2.1947,-0.0409,-0.0484,0.6944,0.6672,1.000,0.03428
744665.5366,592,TRACKING,289.7,227.3,232.7,174.3,357.5,125.0,137.10,137.91,115.55,113.87,21.56,23.59,-105.91,-60.56,-38.68,2.2000,2.1947,-0.0409,-0.0484,0.7091,0.6839,1.000,0.03428
744665.5703,593,TRACKING,286.0,227.6,228.7,180.0,360.8,128.6,140.28,137.91,119.03,114.89,21.25,22.93,-105.91,-59.54,-39.33,2.2000,2.1947,-0.0504,-0.0484,0.7211,0.6988,1.000,0.03428
744665.6040,594,TRACKING,286.8,230.3,232.0,182.0,363.5,131.3,138.61,137.91,117.52,115.67,21.09,22.40,-105.91,-58.76,-39.86,2.2000,2.1947,-0.0576,-0.0521,0.7308,0.7116,1.000,0.03428
744665.6365,595,TRACKING,286.8,230.3,232.0,182.0,363.5,131.3,138.61,137.91,117.52,116.24,21.09,22.40,-105.91,-58.19,-39.86,2.2000,2.1947,-0.0629,-0.0564,0.7308,0.7193,1.000,0.03428
744665.6700,596,TRACKING,289.2,230.8,234.6,181.9,365.7,131.0,138.17,137.91,116.98,116.24,21.20,22.40,-105.91,-58.19,-39.86,2.2000,2.1947,-0.0629,-0.0564,0.7308,0.7239,1.000,0.03428
744665.7034,597,TRACKING,291.8,230.3,242.1,178.6,369.0,129.9,133.90,137.38,112.92,116.24,20.97,21.96,-106.44,-58.19,-40.31,2.2000,2.1947,-0.0629,-0.0564,0.7390,0.7300,1.000,0.03428
744665.7365,598,TRACKING,291.8,230.3,242.1,178.6,369.0,129.9,133.90,136.65,112.92,115.54,20.97,21.96,-107.17,-58.89,-40.31,2.2000,2.1947,-0.0564,-0.0564,0.7390,0.7336,1.000,0.03428
744665.7710,599,TRACKING,291.6,230.5,244.3,180.0,371.2,129.9,133.11,135.83,111.57,114.67,21.54,21.96,-107.98,-59.76,-40.31,2.2000,2.1947,-0.0483,-0.0532,0.7390,0.7336,1.000,0.03428
744665.8032,600,TRACKING,291.6,230.5,244.3,180.0,371.2,129.9,133.11,135.12,111.57,113.87,21.54,21.96,-108.70,-60.56,-40.31,2.2000,2.1947,-0.0410,-0.0483,0.7390,0.7336,1.000,0.03428
744665.8368,601,TRACKING,291.6,231.8,243.2,179.3,375.9,129.2,132.69,134.48,112.02,113.30,20.68,21.96,-109.34,-61.14,-40.31,2.2000,2.1947,-0.0357,-0.0432,0.7390,0.7336,1.000,0.03428
744665.8708,602,TRACKING,291.4,230.7,248.2,177.8,377.7,129.3,129.21,133.43,108.70,112.38,20.52,21.96,-110.38,-62.05,-40.31,2.2000,2.1947,-0.0272,-0.0368,0.7390,0.7336,1.000,0.03428
744665.9031,603,TRACKING,291.4,230.7,248.2,177.8,377.7,129.3,129.21,132.40,108.70,111.47,20.52,21.51,-111.42,-62.96,-40.76,2.2000,2.1947,-0.0188,-0.0296,0.7472,0.7390,1.000,0.03428
744665.9369,604,TRACKING,289.4,230.2,246.9,182.1,382.9,129.7,131.47,131.87,110.37,110.97,21.10,21.51,-111.94,-63.46,-40.76,2.2000,2.1947,-0.0142,-0.0234,0.7472,0.7423,1.000,0.03428
744665.9701,605,TRACKING,290.3,230.0,247.3,178.6,382.9,128.6,129.90,131.38,109.66,110.97,20.24,21.51,-112.44,-63.46,-40.76,2.2000,2.1947,-0.0142,-0.0197,0.7472,0.7423,1.000,0.03428
744666.0032,606,TRACKING,290.3,230.0,247.3,178.6,382.9,128.6,129.90,131.38,109.66,110.97,20.24,21.51,-112.44,-63.46,-40.76,2.2000,2.1947,-0.0142,-0.0197,0.7472,0.7423,1.000,0.03428
744666.0365,607,TRACKING,289.8,231.8,248.8,178.2,379.5,125.8,127.32,130.51,105.48,109.87,21.84,21.51,-113.31,-64.56,-40.76,2.2000,2.1947,-0.0041,-0.0135,0.7472,0.7423,1.000,0.03428
744666.0699,608,TRACKING,291.5,233.1,249.0,173.5,371.2,122.6,125.53,129.39,102.90,108.37,22.63,21.51,-114.42,-66.06,-40.76,2.2000,2.1947,0.0000,-0.0081,0.7472,0.7423,1.000,0.03428
744666.1035,609,TRACKING,293.7,230.9,244.0,174.1,368.2,120.2,131.20,129.39,107.74,107.76,23.47,21.51,-114.42,-66.67,-40.76,2.2000,2.1947,0.0000,-0.0049,0.7472,0.7423,1.000,0.03428
744666.1367,610,TRACKING,293.7,230.9,244.0,174.1,368.2,120.2,131.20,129.39,107.74,107.76,23.47,22.01,-114.42,-66.67,-40.26,2.2000,2.1947,0.0000,-0.0049,0.7381,0.7423,1.000,0.03428
744666.1700,611,TRACKING,294.2,231.5,243.7,173.1,363.9,119.4,130.82,129.39,106.77,107.76,24.05,22.51,-114.42,-66.67,-39.76,2.2000,2.1947,0.0000,-0.0049,0.7290,0.7370,1.000,0.03428
744666.2040,612,TRACKING,293.9,231.9,240.9,176.2,358.4,120.2,133.59,130.26,108.08,107.76,25.52,23.15,-113.56,-66.67,-39.11,2.2000,2.1947,0.0000,-0.0049,0.7171,0.7290,1.000,0.03428
744666.2365,613,TRACKING,293.9,231.9,240.9,176.2,358.4,120.2,133.59,131.09,108.08,107.76,25.52,23.75,-112.72,-66.67,-38.51,2.2000,2.1947,0.0000,-0.0049,0.7061,0.7198,1.000,0.03428
744666.2703,614,TRACKING,296.6,232.5,240.0,176.6,356.9,121.9,135.30,132.07,110.22,107.76,25.08,24.18,-111.75,-66.67,-38.09,2.2000,2.1947,0.0000,-0.0049,0.6983,0.7112,1.000,0.03428
744666.3050,615,TRACKING,294.3,231.4,233.9,176.6,355.3,124.2,137.75,133.32,114.41,109.05,23.34,24.18,-110.49,-65.38,-38.09,2.2000,2.1947,0.0000,-0.0049,0.6983,0.7060,1.000,0.03428
744666.3367,616,TRACKING,294.3,231.4,233.9,176.6,355.3,124.2,137.75,134.48,114.41,110.36,23.34,24.18,-109.34,-64.08,-38.09,2.2000,2.1947,-0.0085,-0.0049,0.6983,0.7060,1.000,0.03428
744666.3698,617,TRACKING,293.0,231.7,234.1,177.1,354.7,124.5,137.16,135.31,113.57,111.33,23.59,24.18,-108.50,-63.10,-38.09,2.2000,2.1947,-0.0175,-0.0099,0.6983,0.7060,1.000,0.03428
744666.4032,618,TRACKING,293.7,232.5,235.5,177.9,354.9,127.6,136.77,135.84,113.95,112.09,22.83,24.18,-107.98,-62.34,-38.09,2.2000,2.1947,-0.0246,-0.0158,0.6983,0.7060,1.000,0.03428
744666.4370,619,TRACKING,294.5,233.8,242.2,181.3,356.6,130.0,134.87,135.84,110.74,112.09,24.13,24.18,-107.98,-62.34,-38.09,2.2000,2.1947,-0.0246,-0.0193,0.6983,0.7060,1.000,0.03428
744666.4698,620,TRACKING,293.4,233.5,245.1,188.0,360.3,137.0,136.74,135.84,112.84,112.09,23.89,24.18,-107.98,-62.34,-38.09,2.2000,2.1947,-0.0246,-0.0193,0.6983,0.7060,1.000,0.03428
744666.5032,621,TRACKING,293.4,233.5,245.1,188.0,360.3,137.0,136.74,135.84,112.84,112.09,23.89,24.18,-107.98,-62.34,-38.09,2.2000,2.1947,-0.0246,-0.0193,0.6983,0.7060,1.000,0.03428
744666.5365,622,TRACKING,298.3,238.1,247.9,211.6,364.6,151.0,152.24,138.27,124.83,113.92,27.42,24.63,-105.54,-60.51,-37.63,2.2000,2.1947,-0.0414,-0.0281,0.6899,0.6996,1.000,0.03428
744666.5699,623,TRACKING,298.3,238.1,247.9,211.6,364.6,151.0,152.24,141.26,124.83,116.20,27.42,25.24,-102.56,-58.23,-37.03,2.2000,2.1947,-0.0625,-0.0419,0.6789,0.6913,1.000,0.03428
744666.6038,624,TRACKING,298.3,234.6,253.7,211.4,377.9,163.3,152.62,144.03,131.45,119.34,21.17,24.80,-99.79,-55.09,-37.46,2.2000,2.1947,-0.0915,-0.0617,0.6868,0.6913,1.000,0.03428
744666.6368,625,TRACKING,295.3,232.6,270.0,215.4,407.1,181.5,145.64,145.45,131.75,122.66,13.89,22.87,-98.37,-51.77,-39.40,2.2000,2.1947,-0.1221,-0.0859,0.7224,0.7037,1.000,0.03428
744666.6698,626,TRACKING,295.3,232.6,270.0,215.4,407.1,181.5,145.64,146.06,131.75,125.38,13.89,20.74,-97.76,-49.05,-41.53,2.2000,2.1947,-0.1472,-0.1104,0.7614,0.7268,1.000,0.03428
744666.7039,627,TRACKING,298.6,248.8,249.7,264.0,279.0,220.6,-162.83,155.58,141.31,133.17,55.85,22.50,-88.24,-41.26,-39.77,2.2000,2.1947,-0.2191,-0.1539,0.7291,0.7268,1.000,0.03428
744666.7369,628,TRACKING,298.6,248.8,249.7,264.0,279.0,220.6,-162.83,166.18,141.31,139.34,55.85,26.86,-77.64,-35.09,-35.40,2.2000,2.1947,-0.2761,-0.2028,0.6490,0.6957,1.000,0.03428
744666.7702,629,TRACKING,298.1,248.4,258.1,257.8,458.5,224.2,-166.74,174.35,176.27,150.71,9.53,23.50,-69.46,-23.73,-38.77,2.2000,2.1947,-0.3810,-0.2741,0.7108,0.7017,1.000,0.03428
744666.8037,630,TRACKING,298.1,248.4,258.1,257.8,458.5,224.2,-166.74,-179.71,176.27,160.49,9.53,19.78,-63.52,-13.94,-42.49,2.2000,2.1947,-0.4713,-0.3530,0.7789,0.7326,1.000,0.03428
744666.8368,631,TRACKING,294.7,260.5,263.1,268.2,341.4,228.9,-166.27,-175.52,167.07,165.70,26.66,18.84,-59.33,-8.73,-43.42,2.1822,2.1897,-0.5194,-0.4195,0.7961,0.7580,1.000,0.03428
744666.8704,632,TRACKING,294.7,260.5,263.1,268.2,341.4,228.9,-166.27,-172.59,167.07,168.02,26.66,19.44,-56.40,-6.41,-42.83,2.1041,2.1555,-0.5408,-0.4681,0.7851,0.7689,1.000,0.03428
744666.9032,633,TRACKING,294.7,260.5,263.1,268.2,341.4,228.9,-166.27,-170.56,167.07,168.79,26.66,20.68,-54.37,-5.64,-41.59,2.0499,2.1132,-0.5479,-0.5000,0.7625,0.7689,1.000,0.03428
744666.9366,634,TRACKING,294.5,258.9,262.6,271.0,424.0,248.2,-159.32,-168.05,167.35,172.01,8.04,18.48,-51.86,-2.42,-43.79,1.9830,2.0612,-0.5776,-0.5310,0.8028,0.7824,1.000,0.03428
744666.9699,635,TRACKING,285.5,256.3,282.7,281.0,409.3,242.8,-96.58,-158.06,113.35,166.01,16.78,17.43,-41.87,-8.42,-44.83,1.7166,1.9234,-0.5223,-0.5275,0.8219,0.7982,1.000,0.03428
744667.0033,636,TRACKING,285.5,256.3,282.7,281.0,409.3,242.8,-96.58,-144.78,113.35,155.66,16.78,16.96,-28.60,-18.77,-45.31,1.3626,1.6991,-0.4267,-0.4872,0.8306,0.8112,1.000,0.03428
744667.0366,637,TRACKING,284.6,258.1,282.6,289.4,435.3,254.6,-93.74,-130.91,106.56,143.31,12.82,16.09,-14.73,-31.12,-46.18,0.9928,1.4165,-0.3127,-0.4174,0.8466,0.8254,1.000,0.03428
744667.0699,638,TRACKING,284.6,258.1,282.6,289.4,435.3,254.6,-93.74,-119.54,106.56,132.61,12.82,15.25,-3.36,-41.82,-47.02,0.6895,1.1257,-0.2139,-0.3360,0.8621,0.8400,1.000,0.03428
744667.1035,639,TRACKING,282.0,260.1,281.6,296.7,438.4,258.1,-90.60,-110.54,104.45,123.98,13.85,14.73,5.65,-50.45,-47.54,0.4494,0.8552,-0.1343,-0.2553,0.8716,0.8527,1.000,0.03428
744667.1365,640,TRACKING,282.0,260.1,281.6,296.7,438.4,258.1,-90.60,-104.08,104.45,117.72,13.85,14.73,12.10,-56.72,-47.54,0.2772,0.6240,-0.0765,-0.1838,0.8716,0.8602,1.000,0.03428
744667.1730,641,TRACKING,281.9,259.2,285.0,306.1,439.6,268.1,-86.23,-98.74,100.02,112.47,13.79,14.73,17.45,-61.96,-47.54,0.1348,0.4283,-0.0280,-0.1215,0.8716,0.8648,1.000,0.03428
744667.2032,642,TRACKING,281.9,259.2,285.0,306.1,439.6,268.1,-86.23,-94.81,100.02,108.58,13.79,14.73,21.38,-65.85,-47.54,0.0299,0.2690,0.0000,-0.0729,0.8716,0.8648,1.000,0.03428
744667.2366,643,TRACKING,287.0,262.4,283.3,317.6,440.4,275.6,-93.80,-93.41,108.78,107.38,14.98,14.73,22.78,-67.05,-47.54,0.0000,0.1614,0.0000,-0.0437,0.8716,0.8648,1.000,0.03428
744667.2700,644,TRACKING,290.9,259.9,281.5,321.3,442.2,281.0,-98.73,-93.94,112.79,108.00,14.06,14.73,22.25,-66.43,-47.54,0.0068,0.0995,0.0000,-0.0262,0.8716,0.8648,1.000,0.03428
744667.3032,645,TRACKING,290.9,259.9,281.5,321.3,442.2,281.0,-98.73,-94.93,112.79,109.02,14.06,14.73,21.25,-65.41,-47.54,0.0333,0.0730,0.0000,-0.0157,0.8716,0.8648,1.000,0.03428
744667.3368,646,TRACKING,291.4,260.2,278.7,323.8,442.5,284.7,-101.30,-96.34,114.74,110.33,13.44,14.73,19.84,-64.10,-47.54,0.0708,0.0730,-0.0083,-0.0157,0.8716,0.8648,1.000,0.03428
744667.3701,647,TRACKING,289.6,260.2,278.9,327.7,443.6,286.8,-98.99,-97.26,112.94,111.21,13.95,14.73,18.92,-63.22,-47.54,0.0954,0.0820,-0.0164,-0.0157,0.8716,0.8648,1.000,0.03428
744667.4032,648,TRACKING,289.6,260.2,278.9,327.7,443.6,286.8,-98.99,-97.86,112.94,111.80,13.95,14.73,18.32,-62.63,-47.54,0.1114,0.0937,-0.0219,-0.0157,0.8716,0.8648,1.000,0.03428
744667.4386,649,TRACKING,289.6,260.2,278.9,327.7,443.6,286.8,-98.99,-97.86,112.94,111.80,13.95,14.73,18.32,-62.63,-47.54,0.1114,0.1008,-0.0219,-0.0157,0.8716,0.8648,1.000,0.03428
744667.4704,650,TRACKING,289.6,261.4,281.5,328.7,443.7,287.0,-96.83,-97.86,111.25,111.80,14.42,14.73,18.32,-62.63,-47.54,0.1114,0.1050,-0.0219,-0.0157,0.8716,0.8648,1.000,0.03428
744667.5034,651,TRACKING,289.6,261.4,281.5,328.7,443.7,287.0,-96.83,-97.86,111.25,111.80,14.42,14.73,18.32,-62.63,-47.54,0.1114,0.1050,-0.0219,-0.0157,0.8716,0.8648,1.000,0.03428
744667.5369,652,TRACKING,289.6,261.4,281.5,328.7,443.7,287.0,-96.83,-97.86,111.25,111.80,14.42,14.73,18.32,-62.63,-47.54,0.1114,0.1050,-0.0219,-0.0157,0.8716,0.8648,1.000,0.03428
744667.5703,653,TRACKING,287.8,262.7,288.3,331.6,444.7,289.7,-89.58,-96.41,104.59,110.59,15.01,14.73,19.77,-63.84,-47.54,0.0727,0.0921,-0.0107,-0.0157,0.8716,0.8648,1.000,0.03428
744667.6032,654,TRACKING,287.8,262.7,288.3,331.6,444.7,289.7,-89.58,-94.81,104.59,109.21,15.01,14.73,21.37,-65.22,-47.54,0.0301,0.0673,0.0000,-0.0094,0.8716,0.8648,1.000,0.03428
744667.6371,655,TRACKING,287.4,264.0,288.7,337.0,444.9,291.4,-88.93,-93.30,105.20,108.07,16.28,14.73,22.89,-66.36,-47.54,0.0000,0.0404,0.0000,-0.0057,0.8716,0.8648,1.000,0.03428
744667.6698,656,TRACKING,287.4,264.0,288.7,337.0,444.9,291.4,-88.93,-92.06,105.20,107.20,16.28,14.73,24.12,-67.23,-47.54,0.0000,0.0242,0.0000,-0.0057,0.8716,0.8648,1.000,0.03428
744667.7032,657,TRACKING,287.9,267.7,289.4,340.2,442.5,297.7,-88.76,-91.10,104.31,106.44,15.55,14.73,25.09,-67.99,-47.54,0.0000,0.0145,0.0000,-0.0057,0.8716,0.8648,1.000,0.03428
744667.7365,658,TRACKING,288.8,267.8,288.9,342.7,444.4,304.8,-89.92,-90.57,103.62,105.72,13.70,14.73,25.61,-68.71,-47.54,0.0000,0.0087,0.0000,-0.0057,0.8716,0.8648,1.000,0.03428
744667.7698,659,TRACKING,288.8,267.8,288.9,342.7,444.4,304.8,-89.92,-90.57,103.62,105.14,13.70,14.73,25.61,-69.29,-47.54,0.0000,0.0052,0.0000,-0.0057,0.8716,0.8648,1.000,0.03428
744667.8034,660,TRACKING,288.7,267.7,289.6,343.2,446.4,307.9,-89.29,-90.57,101.97,104.43,12.68,14.73,25.61,-70.00,-47.54,0.0000,0.0052,0.0000,-0.0057,0.8716,0.8648,1.000,0.03428
744667.8365,661,TRACKING,288.7,267.7,289.6,343.2,446.4,307.9,-89.29,-90.57,101.97,103.79,12.68,14.18,25.61,-70.64,-48.08,0.0000,0.0052,0.0000,-0.0057,0.8815,0.8715,1.000,0.03428
744667.8699,662,TRACKING,289.7,267.5,293.4,346.3,447.1,310.1,-87.32,-89.83,100.57,103.04,13.25,14.18,26.36,-71.39,-48.08,0.0000,0.0052,0.0000,-0.0057,0.8815,0.8755,1.000,0.03428
744667.9032,663,TRACKING,289.7,267.5,293.4,346.3,447.1,310.1,-87.32,-89.17,100.57,102.38,13.25,14.18,27.02,-72.05,-48.08,0.0000,0.0052,0.0000,-0.0057,0.8815,0.8755,1.000,0.03428
744667.9367,664,TRACKING,289.5,269.3,294.8,346.9,450.1,310.5,-86.15,-88.45,99.32,101.66,13.17,14.18,27.73,-72.77,-48.08,0.0000,0.0052,0.0000,-0.0057,0.8815,0.8755,1.000,0.03428
744667.9702,665,TRACKING,288.4,269.5,297.5,346.3,456.7,309.3,-83.26,-87.38,96.33,100.57,13.07,14.18,28.80,-73.86,-48.08,0.0000,0.0052,0.0000,-0.0057,0.8815,0.8755,1.000,0.03428
744668.0032,666,TRACKING,288.4,269.5,297.5,346.3,456.7,309.3,-83.26,-86.35,96.33,99.51,13.07,14.18,29.84,-74.92,-48.08,0.0000,0.0052,0.0000,-0.0057,0.8815,0.8755,1.000,0.03428
744668.0366,667,TRACKING,288.5,267.3,296.8,339.8,464.0,306.5,-83.45,-85.53,94.71,98.37,11.26,13.51,30.66,-76.06,-48.76,0.0000,0.0052,0.0000,-0.0057,0.8939,0.8829,1.000,0.03428
744668.0698,668,TRACKING,288.5,267.3,296.8,339.8,464.0,306.5,-83.45,-84.91,94.71,97.39,11.26,12.91,31.27,-77.04,-49.36,0.0000,0.0052,0.0000,-0.0057,0.9049,0.8917,1.000,0.03428
744668.1032,669,TRACKING,289.6,267.3,295.0,338.7,468.7,304.0,-85.62,-84.91,96.91,96.95,11.29,12.44,31.27,-77.48,-49.83,0.0000,0.0052,0.0000,-0.0057,0.9135,0.9004,1.000,0.03428
744668.1365,670,TRACKING,290.0,260.9,306.2,333.5,479.2,298.3,-77.46,-83.66,88.95,95.53,11.49,12.44,32.52,-78.90,-49.83,0.0000,0.0052,0.0000,-0.0057,0.9135,0.9056,1.000,0.03428
744668.1698,671,TRACKING,289.5,260.0,312.3,325.8,487.5,292.0,-70.87,-81.25,81.80,92.90,10.93,12.44,34.93,-81.53,-49.83,0.0000,0.0052,0.0000,-0.0057,0.9135,0.9056,1.000,0.03428
744668.2033,672,TRACKING,289.5,260.0,312.3,325.8,487.5,292.0,-70.87,-78.77,81.80,90.22,10.93,11.97,37.42,-84.21,-50.29,0.0000,0.0052,0.0000,-0.0057,0.9221,0.9122,1.000,0.03428
744668.2368,673,TRACKING,290.2,258.2,314.5,315.4,495.1,288.1,-66.97,-76.10,75.56,87.03,8.59,11.27,40.09,-87.40,-51.00,0.0000,0.0052,0.0000,-0.0057,0.9350,0.9213,1.000,0.03428
744668.2703,674,TRACKING,290.2,258.2,314.5,315.4,495.1,288.1,-66.97,-73.73,75.56,84.10,8.59,10.59,42.46,-90.33,-51.68,0.0000,0.0052,0.0000,-0.0057,0.9474,0.9318,1.000,0.03428
744668.3034,675,TRACKING,287.5,258.6,316.1,300.8,505.0,285.4,-55.89,-70.34,60.56,79.59,4.67,9.40,45.85,-94.84,-52.87,0.0000,0.0052,0.0000,-0.0057,0.9693,0.9468,1.000,0.03428
744668.3370,676,TRACKING,287.5,258.6,316.1,300.8,505.0,285.4,-55.89,-66.94,60.56,75.05,4.67,8.22,49.25,-99.38,-54.05,0.0000,0.0052,0.0000,-0.0057,0.9908,0.9644,1.000,0.03428
744668.3698,677,TRACKING,286.2,257.3,327.5,306.8,511.5,280.7,-50.17,-62.92,58.24,70.62,8.06,7.78,53.26,-103.81,-54.49,0.0000,0.0052,0.0000,-0.0057,0.9990,0.9782,1.000,0.03428
744668.4032,678,TRACKING,286.2,257.3,327.5,306.8,511.5,280.7,-50.17,-59.43,58.24,67.03,8.06,7.78,56.76,-107.40,-54.49,0.0000,0.0052,0.0000,-0.0057,0.9990,0.9865,1.000,0.03428
744668.4379,679,TRACKING,283.6,258.2,331.1,306.1,514.1,279.6,-45.26,-55.87,53.49,63.54,8.24,7.78,60.31,-110.89,-54.49,0.0000,0.0052,0.0000,-0.0057,0.9990,0.9915,1.000,0.03428
744668.4699,680,TRACKING,283.6,258.2,331.1,306.1,514.1,279.6,-45.26,-52.91,53.49,60.68,8.24,7.78,63.28,-113.75,-54.49,0.0000,0.0052,0.0000,-0.0057,0.9990,0.9915,1.000,0.03428
744668.5039,681,TRACKING,287.7,259.5,341.7,306.9,514.9,279.4,-41.27,-49.96,50.32,57.97,9.05,7.78,66.23,-116.46,-54.49,0.0000,0.0052,0.0000,-0.0057,0.9990,0.9915,1.000,0.03428
744668.5365,682,TRACKING,287.7,259.5,341.7,306.9,514.9,279.4,-41.27,-47.52,50.32,55.78,9.05,7.78,68.67,-118.65,-54.49,0.0000,0.0052,0.0000,-0.0057,0.9990,0.9915,1.000,0.03428
744668.5699,683,TRACKING,281.2,261.3,334.9,316.1,504.9,282.8,-45.56,-46.36,56.65,55.15,11.09,8.47,69.83,-119.28,-53.79,0.0000,0.0052,0.0000,-0.0057,0.9862,0.9915,1.000,0.03428
744668.6032,684,TRACKING,276.1,262.7,332.4,320.7,499.4,281.3,-45.83,-45.88,59.12,55.15,13.28,9.47,70.31,-119.28,-52.79,0.0000,0.0052,0.0000,-0.0057,0.9679,0.9821,1.000,0.03428
744668.6368,685,TRACKING,276.1,262.7,332.4,320.7,499.4,281.3,-45.83,-45.88,59.12,56.00,13.28,10.43,70.31,-118.43,-51.84,0.0000,0.0052,0.0000,-0.0057,0.9504,0.9694,1.000,0.03428
744668.6699,686,TRACKING,262.2,250.6,304.1,314.4,483.0,281.6,-56.64,-47.45,67.02,58.01,10.38,10.43,68.73,-116.42,-51.84,0.0000,0.0052,0.0000,-0.0057,0.9504,0.9618,1.000,0.03428
744668.7032,687,TRACKING,252.7,249.9,297.5,324.9,473.3,274.7,-59.15,-49.95,75.07,61.53,15.92,11.49,66.23,-112.90,-50.78,0.0000,0.0052,0.0000,-0.0057,0.9310,0.9495,1.000,0.03428
744668.7365,688,TRACKING,252.7,249.9,297.5,324.9,473.3,274.7,-59.15,-52.33,75.07,64.95,15.92,12.57,63.86,-109.48,-49.70,0.0000,0.0052,0.0000,-0.0057,0.9112,0.9341,1.000,0.03428
744668.7710,689,TRACKING,238.7,248.0,274.3,327.4,455.0,262.9,-65.86,-55.34,85.50,69.48,19.63,14.09,60.85,-104.96,-48.17,0.0000,0.0052,0.0000,-0.0057,0.8832,0.9138,1.000,0.03428
744668.8032,690,TRACKING,238.7,248.0,274.3,327.4,455.0,262.9,-65.86,-58.08,85.50,73.65,19.63,15.52,58.10,-100.78,-46.75,0.0000,0.0052,0.0000,-0.0057,0.8570,0.8911,1.000,0.03428
744668.8366,691,TRACKING,235.0,247.5,269.6,329.1,456.3,252.7,-67.06,-60.50,89.31,77.65,22.25,17.11,55.69,-96.78,-45.15,0.0000,0.0052,0.0000,-0.0057,0.8278,0.8658,1.000,0.03428
744668.8699,692,TRACKING,235.0,247.5,269.6,329.1,456.3,252.7,-67.06,-62.40,89.31,80.94,22.25,18.50,53.79,-93.49,-43.77,0.0000,0.0052,0.0000,-0.0057,0.8024,0.8404,1.000,0.03428
744668.9032,693,TRACKING,209.6,244.3,244.3,335.0,444.5,244.3,-69.08,-64.16,93.44,84.15,24.36,19.95,52.03,-90.28,-42.32,0.0000,0.0052,0.0000,-0.0057,0.7758,0.8146,1.000,0.03428
744668.9366,694,TRACKING,199.7,235.6,243.0,331.8,439.3,237.1,-65.77,-65.02,91.53,86.46,25.76,21.40,51.16,-87.97,-40.87,0.0000,0.0052,0.0000,-0.0057,0.7493,0.7884,1.000,0.03428
744668.9700,695,TRACKING,199.7,235.6,243.0,331.8,439.3,237.1,-65.77,-65.02,91.53,88.08,25.76,22.61,51.16,-86.35,-39.66,0.0000,0.0052,0.0000,-0.0057,0.7271,0.7639,1.000,0.03428
744669.0032,696,TRACKING,191.0,238.4,219.5,339.3,418.9,229.6,-74.23,-66.73,103.05,91.07,28.82,24.04,49.46,-83.36,-38.23,0.0000,0.0052,0.0000,-0.0057,0.7008,0.7387,1.000,0.03428
744669.0366,697,TRACKING,191.0,238.4,219.5,339.3,418.9,229.6,-74.23,-68.53,103.05,94.04,28.82,25.31,47.66,-80.39,-36.96,0.0000,0.0052,0.0000,-0.0057,0.6775,0.7142,1.000,0.03428
744669.0701,698,TRACKING,162.9,238.0,215.6,350.7,409.5,221.0,-64.93,-68.53,98.69,95.75,33.77,27.12,47.66,-78.68,-35.15,0.0000,0.0052,0.0000,-0.0057,0.6444,0.6863,1.000,0.03428
744669.1036,699,TRACKING,162.9,238.0,215.6,350.7,409.5,221.0,-64.93,-67.91,98.69,96.80,33.77,28.82,48.27,-77.63,-33.45,0.0000,0.0052,0.0000,-0.0057,0.6132,0.6570,1.000,0.03428
744669.1373,700,TRACKING,153.9,226.2,221.3,349.4,406.7,213.3,-61.32,-66.57,97.59,96.80,36.27,30.60,49.62,-77.63,-31.66,0.0000,0.0052,0.0000,-0.0057,0.5805,0.6264,1.000,0.03428
744669.1698,701,TRACKING,153.9,226.2,221.3,349.4,406.7,213.3,-61.32,-65.24,97.59,96.80,36.27,32.13,50.95,-77.63,-30.13,0.0000,0.0052,0.0000,-0.0057,0.5524,0.5968,1.000,0.03428
744669.2032,702,TRACKING,143.1,234.1,214.8,361.0,404.6,211.9,-60.54,-64.01,98.68,97.28,38.14,33.64,52.18,-77.16,-28.63,0.0000,0.0052,0.0000,-0.0057,0.5248,0.5680,1.000,0.03428
744669.2366,703,TRACKING,130.3,239.2,215.3,366.0,410.9,210.5,-56.15,-62.28,94.64,97.28,38.49,34.95,53.90,-77.16,-27.31,0.0000,0.0052,0.0000,-0.0057,0.5007,0.5411,1.000,0.03428
744669.2699,704,TRACKING,130.3,239.2,215.3,366.0,410.9,210.5,-56.15,-60.69,94.64,96.69,38.49,35.98,55.50,-77.74,-26.28,0.0000,0.0052,0.0000,-0.0057,0.4819,0.5174,1.000,0.03428
744669.3033,705,TRACKING,132.6,236.6,234.9,350.8,431.3,210.9,-48.13,-58.11,83.60,94.40,35.47,35.98,58.07,-80.03,-26.28,0.0000,0.0052,0.0000,-0.0057,0.4819,0.5032,1.000,0.03428
744669.3366,706,TRACKING,132.6,236.6,234.9,350.8,431.3,210.9,-48.13,-55.61,83.60,91.87,35.47,35.98,60.58,-82.56,-26.28,0.0000,0.0052,0.0000,-0.0057,0.4819,0.4947,1.000,0.03428
744669.3698,707,TRACKING,129.5,233.8,245.1,332.0,456.5,217.6,-40.36,-52.31,68.79,87.33,28.43,34.84,63.88,-87.10,-27.43,0.0000,0.0052,0.0000,-0.0057,0.5028,0.4979,1.000,0.03428
744669.4033,708,TRACKING,135.4,235.5,253.7,315.6,478.9,224.2,-34.08,-48.31,56.17,80.84,22.09,32.42,67.88,-93.59,-29.85,0.0000,0.0052,0.0000,-0.0057,0.5473,0.5177,1.000,0.03428
744669.4368,709,TRACKING,135.4,235.5,253.7,315.6,478.9,224.2,-34.08,-44.64,56.17,74.60,22.09,29.92,71.54,-99.83,-32.35,0.0000,0.0052,0.0000,-0.0057,0.5931,0.5478,1.000,0.03428
744669.4699,710,TRACKING,138.0,231.3,204.0,333.3,472.8,243.9,-57.11,-44.64,75.49,72.12,18.38,27.11,71.54,-102.31,-35.16,0.0000,0.0052,0.0000,-0.0057,0.6446,0.5865,1.000,0.03428
744669.5032,711,TRACKING,138.0,231.3,204.0,333.3,472.8,243.9,-57.11,-46.73,75.49,71.66,18.38,24.70,69.45,-102.77,-37.57,0.0000,0.0052,0.0000,-0.0057,0.6887,0.6274,1.000,0.03428
744669.5379,712,TRACKING,141.0,232.1,233.5,332.5,501.4,252.2,-47.36,-47.56,64.05,70.26,16.69,22.56,68.63,-104.17,-39.70,0.0000,0.0052,0.0000,-0.0057,0.7279,0.6676,1.000,0.03428
744669.5701,713,TRACKING,141.0,232.1,233.5,332.5,501.4,252.2,-47.36,-47.56,64.05,68.77,16.69,20.87,68.63,-105.66,-41.40,0.0000,0.0052,0.0000,-0.0057,0.7589,0.7041,1.000,0.03428
744669.6039,714,TRACKING,133.7,222.2,173.4,308.8,461.4,259.1,-65.34,-50.01,75.13,68.77,9.79,18.48,66.17,-105.66,-43.79,0.0000,0.0052,0.0000,-0.0057,0.8027,0.7436,1.000,0.03428
744669.6365,715,TRACKING,133.7,222.2,173.4,308.8,461.4,259.1,-65.34,-53.14,75.13,69.56,9.79,16.24,63.05,-104.87,-46.02,0.0000,0.0052,0.0000,-0.0057,0.8438,0.7837,1.000,0.03428
744669.6720,716,TRACKING,120.5,228.2,204.0,332.0,476.6,259.5,-51.21,-53.79,66.11,69.14,14.90,15.23,62.39,-105.29,-47.04,0.0000,0.0052,0.0000,-0.0057,0.8624,0.8151,1.000,0.03428
744669.7032,717,TRACKING,120.5,228.2,204.0,332.0,476.6,259.5,-51.21,-53.79,66.11,68.47,14.90,15.23,62.39,-105.96,-47.04,0.0000,0.0052,0.0000,-0.0057,0.8624,0.8340,1.000,0.03428
744669.7368,718,TRACKING,116.8,235.4,212.4,324.7,473.9,256.0,-43.04,-51.93,57.75,66.49,14.72,15.23,64.25,-107.94,-47.04,0.0000,0.0052,0.0000,-0.0057,0.8624,0.8454,1.000,0.03428
744669.7698,719,TRACKING,113.3,235.3,215.3,336.9,461.0,256.7,-44.90,-50.12,62.96,65.17,18.07,15.23,66.06,-109.26,-47.04,0.0000,0.0052,0.0000,-0.0057,0.8624,0.8522,1.000,0.03428
744669.8033,720,TRACKING,113.3,235.3,215.3,336.9,461.0,256.7,-44.90,-48.64,62.96,64.33,18.07,15.81,67.55,-110.10,-46.46,0.0000,0.0052,0.0000,-0.0057,0.8517,0.8522,1.000,0.03428
744669.8365,721,TRACKING,119.7,235.4,233.9,305.7,456.1,249.9,-31.64,-45.47,45.75,61.18,14.11,15.81,70.71,-113.25,-46.46,0.0000,0.0052,0.0000,-0.0057,0.8517,0.8522,1.000,0.03428
744669.8698,722,TRACKING,119.7,235.4,233.9,305.7,456.1,249.9,-31.64,-42.17,45.75,57.64,14.11,15.81,74.02,-116.79,-46.46,0.0000,0.0052,0.0000,-0.0057,0.8517,0.8522,1.000,0.03428
744669.9033,723,TRACKING,116.0,232.4,233.7,302.1,447.3,245.3,-30.64,-39.15,45.53,54.45,14.89,15.81,77.03,-119.98,-46.46,0.0000,0.0052,0.0000,-0.0057,0.8517,0.8522,1.000,0.03428
744669.9366,724,TRACKING,118.2,230.2,241.3,297.1,436.1,241.8,-28.51,-36.38,44.34,51.69,15.83,15.81,79.80,-122.74,-46.46,0.0000,0.0052,0.0000,-0.0057,0.8517,0.8522,1.000,0.03428
744669.9698,725,TRACKING,118.2,230.2,241.3,297.1,436.1,241.8,-28.51,-34.14,44.34,49.54,15.83,15.81,82.04,-124.89,-46.46,0.0000,0.0052,0.0000,-0.0057,0.8517,0.8522,1.000,0.03428
744670.0049,726,TRACKING,107.6,229.9,210.0,303.0,417.7,241.6,-35.52,-33.52,51.98,49.11,16.46,15.81,82.67,-125.32,-46.46,0.0000,0.0052,0.0000,-0.0057,0.8517,0.8522,1.000,0.03428
744670.0368,727,TRACKING,106.1,231.2,226.9,299.2,425.3,239.6,-29.39,-32.63,46.11,48.47,16.72,15.81,83.56,-125.96,-46.46,0.0000,0.0052,0.0000,-0.0057,0.8517,0.8522,1.000,0.03428
744670.0699,728,TRACKING,106.1,231.2,226.9,299.2,425.3,239.6,-29.39,-31.80,46.11,47.87,16.72,15.81,84.39,-126.56,-46.46,0.0000,0.0052,0.0000,-0.0057,0.8517,0.8522,1.000,0.03428
744670.1033,729,TRACKING,106.1,231.2,226.9,299.2,425.3,239.6,-29.39,-31.12,46.11,47.37,16.72,15.81,85.06,-127.06,-46.46,0.0000,0.0052,0.0000,-0.0057,0.8517,0.8522,1.000,0.03428
744670.1377,730,TRACKING,86.7,233.0,201.3,311.2,407.8,243.0,-34.32,-31.12,52.59,48.03,18.27,16.35,85.06,-126.40,-45.91,0.0000,0.0052,0.0000,-0.0057,0.8417,0.8480,1.000,0.03428
744670.1699,731,TRACKING,86.7,233.0,201.3,311.2,407.8,243.0,-34.32,-31.77,52.59,48.99,18.27,16.85,84.41,-125.44,-45.41,0.0000,0.0052,0.0000,-0.0057,0.8326,0.8418,1.000,0.03428
744670.2032,732,TRACKING,86.7,233.0,201.3,311.2,407.8,243.0,-34.32,-32.41,52.59,49.90,18.27,16.85,83.78,-124.53,-45.41,0.0000,0.0052,0.0000,-0.0057,0.8326,0.8381,1.000,0.03428
744670.2370,733,TRACKING,79.2,236.7,198.9,321.9,397.5,248.7,-35.44,-33.12,55.68,51.14,20.24,17.60,83.06,-123.29,-44.66,0.0000,0.0052,0.0000,-0.0057,0.8188,0.8304,1.000,0.03428
744670.2698,734,TRACKING,79.2,236.7,198.9,321.9,397.5,248.7,-35.44,-33.75,55.68,52.30,20.24,18.29,82.44,-122.13,-43.98,0.0000,0.0052,0.0000,-0.0057,0.8063,0.8208,1.000,0.03428
744670.3034,735,TRACKING,79.6,237.5,202.2,324.8,393.4,250.8,-35.46,-34.24,56.62,53.39,21.16,18.98,81.94,-121.04,-43.29,0.0000,0.0052,0.0000,-0.0057,0.7936,0.8099,1.000,0.03428
744670.3367,736,TRACKING,79.6,237.5,202.2,324.8,393.4,250.8,-35.46,-34.24,56.62,54.29,21.16,19.57,81.94,-120.14,-42.70,0.0000,0.0052,0.0000,-0.0057,0.7828,0.7991,1.000,0.03428
744670.3699,737,TRACKING,85.0,243.6,200.4,335.4,373.0,260.8,-38.51,-35.11,61.88,55.78,23.37,20.35,81.07,-118.65,-41.91,0.0000,0.0052,0.0000,-0.0057,0.7684,0.7868,1.000,0.03428
744670.4035,738,TRACKING,85.0,243.6,200.4,335.4,373.0,260.8,-38.51,-35.96,61.88,57.27,23.37,21.10,80.22,-117.16,-41.16,0.0000,0.0052,0.0000,-0.0057,0.7547,0.7740,1.000,0.03428
744670.4368,739,TRACKING,68.2,244.3,185.5,332.4,367.0,260.6,-36.93,-36.42,58.52,58.00,21.59,21.10,79.77,-116.43,-41.16,0.0000,0.0052,0.0000,-0.0057,0.7547,0.7662,1.000,0.03428
744670.4698,740,TRACKING,68.2,244.3,185.5,332.4,367.0,260.6,-36.93,-36.42,58.52,58.00,21.59,21.10,79.77,-116.43,-41.16,0.0000,0.0052,0.0000,-0.0057,0.7547,0.7616,1.000,0.03428
744670.5033,741,TRACKING,62.4,246.4,178.7,338.2,363.7,254.4,-38.30,-36.85,62.68,58.93,24.38,21.77,79.34,-115.50,-40.49,0.0000,0.0052,0.0000,-0.0057,0.7424,0.7539,1.000,0.03428
744670.5367,742,TRACKING,62.4,246.4,178.7,338.2,363.7,254.4,-38.30,-36.85,62.68,59.86,24.38,22.43,79.34,-114.57,-39.84,0.0000,0.0052,0.0000,-0.0057,0.7304,0.7445,1.000,0.03428
744670.5700,743,TRACKING,54.0,248.9,175.0,337.0,350.7,242.9,-36.05,-36.85,64.23,60.88,28.18,23.57,79.34,-113.55,-38.70,0.0000,0.0052,0.0000,-0.0057,0.7095,0.7305,1.000,0.03428
744670.6032,744,TRACKING,54.0,248.9,175.0,337.0,350.7,242.9,-36.05,-36.85,64.23,61.77,28.18,24.70,79.34,-112.66,-37.57,0.0000,0.0052,0.0000,-0.0057,0.6888,0.7138,1.000,0.03428
744670.6377,745,TRACKING,50.8,253.8,167.3,336.6,334.4,231.6,-35.40,-36.85,67.55,63.00,32.16,26.27,79.34,-111.43,-35.99,0.0000,0.0052,0.0000,-0.0057,0.6599,0.6922,1.000,0.03428
744670.6699,746,TRACKING,50.8,253.8,167.3,336.6,334.4,231.6,-35.40,-36.85,67.55,64.15,32.16,27.76,79.34,-110.28,-34.51,0.0000,0.0052,0.0000,-0.0057,0.6326,0.6684,1.000,0.03428
744670.7055,747,TRACKING,49.7,260.1,162.5,342.3,298.9,225.8,-36.10,-36.85,76.59,66.44,40.49,30.21,79.34,-107.99,-32.05,0.0000,0.0052,0.0000,-0.0057,0.5876,0.6361,1.000,0.03428
744670.7365,748,TRACKING,49.7,260.1,162.5,342.3,298.9,225.8,-36.10,-36.85,76.59,68.83,40.49,32.69,79.34,-105.60,-29.58,0.0000,0.0052,0.0000,-0.0057,0.5423,0.5986,1.000,0.03428
744670.7714,749,TRACKING,46.2,264.2,159.1,351.8,281.4,192.2,-37.78,-36.85,90.31,73.19,52.53,36.81,79.34,-101.24,-25.45,0.0000,0.0052,0.0000,-0.0057,0.4667,0.5458,1.000,0.03428
744670.8032,750,TRACKING,46.2,264.2,159.1,351.8,281.4,192.2,-37.78,-36.85,90.31,77.49,52.53,40.81,79.34,-96.94,-21.45,0.0000,0.0052,0.0000,-0.0057,0.3933,0.4848,1.000,0.03428
744670.8366,751,TRACKING,46.0,256.2,159.6,342.6,262.7,187.8,-37.25,-36.85,93.60,81.55,56.35,44.67,79.34,-92.88,-17.60,0.0000,0.0052,0.0000,-0.0057,0.3226,0.4199,1.000,0.03428
744670.8705,752,TRACKING,40.0,261.5,157.6,360.4,244.1,186.8,-40.10,-37.45,103.61,86.53,63.51,49.05,78.73,-87.90,-13.22,0.0000,0.0052,0.0000,-0.0057,0.2424,0.3489,1.000,0.03428
744670.9039,753,TRACKING,40.0,261.5,157.6,360.4,244.1,186.8,-40.10,-38.09,103.61,91.03,63.51,52.91,78.09,-83.40,-9.36,0.0000,0.0052,0.0000,-0.0057,0.1715,0.2780,1.000,0.03428
744670.9374,754,TRACKING,43.5,260.9,164.7,354.5,243.2,189.2,-37.65,-38.09,102.25,94.40,64.59,56.12,78.09,-80.04,-6.14,0.0000,0.0052,0.0000,-0.0057,0.1127,0.2118,1.000,0.03428
744670.9698,755,TRACKING,43.5,260.9,164.7,354.5,243.2,189.2,-37.65,-38.09,102.25,96.83,64.59,58.60,78.09,-77.60,-3.66,0.0000,0.0052,0.0000,-0.0057,0.0672,0.1540,1.000,0.03428
744671.0038,756,TRACKING,44.0,261.8,158.0,362.6,246.9,194.8,-41.47,-38.63,103.56,98.76,62.09,60.03,77.55,-75.67,-2.23,0.0000,0.0052,0.0000,-0.0057,0.0409,0.1088,0.994,0.03428
744671.0365,757,TRACKING,44.0,261.8,158.0,362.6,246.9,194.8,-41.47,-39.27,103.56,100.21,62.09,60.87,76.91,-74.23,-1.40,0.0000,0.0052,0.0000,-0.0057,0.0257,0.0755,0.994,0.03428
744671.0702,758,TRACKING,40.7,267.2,153.6,382.5,253.8,200.7,-45.59,-40.52,106.74,101.77,61.15,60.87,75.66,-72.66,-1.40,0.0000,0.0052,0.0000,-0.0057,0.0257,0.0556,0.911,0.03428
744671.1032,759,TRACKING,40.7,267.2,153.6,382.5,253.8,200.7,-45.59,-41.78,106.74,103.12,61.15,60.87,74.41,-71.31,-1.40,0.0000,0.0052,0.0000,-0.0057,0.0257,0.0436,0.911,0.03428
744671.1370,760,TRACKING,39.2,267.2,164.2,375.9,256.6,203.1,-41.01,-41.78,102.88,103.55,61.87,60.87,74.41,-70.88,-1.40,0.0000,0.0052,0.0000,-0.0057,0.0257,0.0364,0.892,0.03428
744671.1699,761,TRACKING,39.2,267.2,164.2,375.9,256.6,203.1,-41.01,-41.78,102.88,103.55,61.87,60.87,74.41,-70.88,-1.40,0.0000,0.0052,0.0000,-0.0057,0.0257,0.0321,0.892,0.03428
744671.2037,762,TRACKING,46.3,266.3,169.5,380.4,263.4,206.8,-42.78,-41.78,104.36,103.55,61.58,60.87,74.41,-70.88,-1.40,0.0000,0.0052,0.0000,-0.0057,0.0257,0.0321,0.404,0.01268
744671.2428,763,TRACKING,46.3,266.3,169.5,380.4,263.4,206.8,-42.78,-41.78,104.36,103.55,61.58,60.87,74.41,-70.88,-1.40,0.0000,0.0052,0.0000,-0.0057,0.0257,0.0321,0.404,0.01268
744671.2707,764,TRACKING,42.2,272.0,168.0,377.8,269.5,211.3,-40.05,-41.78,98.70,102.91,58.65,60.87,74.41,-71.53,-1.40,0.0000,0.0052,0.0000,-0.0057,0.0257,0.0321,0.250,0.00502
744671.3036,765,TRACKING,42.2,272.0,168.0,377.8,269.5,211.3,-40.05,-41.78,98.70,102.02,58.65,60.41,74.41,-72.42,-1.86,0.0000,0.0052,0.0000,-0.0057,0.0341,0.0321,0.250,0.00502
744671.3365,766,TRACKING,47.5,270.6,174.0,374.7,275.2,213.1,-39.46,-41.23,97.40,100.97,57.94,59.86,74.96,-73.46,-2.41,0.0000,0.0052,0.0000,-0.0057,0.0441,0.0369,0.139,0.00000
744671.3708,767,TRACKING,47.5,270.6,174.0,374.7,275.2,213.1,-39.46,-40.75,97.40,100.04,57.94,59.36,75.44,-74.39,-2.90,0.0000,0.0052,0.0000,-0.0057,0.0532,0.0435,0.139,0.00000
744671.4032,768,TRACKING,50.9,267.5,171.8,378.2,277.6,215.1,-42.46,-40.75,99.49,99.62,57.03,58.82,75.44,-74.81,-3.45,0.0000,0.0052,0.0000,-0.0057,0.0633,0.0514,0.137,0.00000
744671.4366,769,TRACKING,50.9,267.5,171.8,378.2,277.6,215.1,-42.46,-40.75,99.49,99.62,57.03,58.34,75.44,-74.81,-3.93,0.0000,0.0052,0.0000,-0.0057,0.0720,0.0596,0.137,0.00000
744671.4725,770,TRACKING,69.2,267.9,155.0,390.0,287.5,216.3,-54.90,-43.05,107.56,100.62,52.66,57.22,73.14,-73.82,-5.04,0.0000,0.0052,0.0000,-0.0057,0.0925,0.0728,0.108,0.00000
744671.5032,771,TRACKING,69.2,267.9,155.0,390.0,287.5,216.3,-54.90,-45.71,107.56,102.02,52.66,56.09,70.48,-72.41,-6.18,0.0000,0.0052,0.0000,-0.0057,0.1132,0.0889,0.108,0.00000
744671.5370,772,TRACKING,74.2,265.6,160.4,387.2,293.7,215.4,-54.66,-48.06,106.85,103.27,52.19,55.07,68.12,-71.16,-7.20,0.0000,0.0052,0.0000,-0.0057,0.1320,0.1062,0.033,0.00000
744671.5700,773,TRACKING,74.2,265.6,160.4,387.2,293.7,215.4,-54.66,-49.94,106.85,104.28,52.19,54.25,66.24,-70.15,-8.02,0.0000,0.0052,0.0000,-0.0057,0.1470,0.1225,0.033,0.00000
744671.6038,774,TRACKING,73.9,265.4,157.2,383.0,296.8,215.4,-54.66,-51.35,104.87,104.72,50.22,53.31,64.83,-69.71,-8.95,0.0000,0.0052,0.0000,-0.0057,0.1641,0.1392,0.051,0.00000
744671.6366,775,TRACKING,73.9,265.4,157.2,383.0,296.8,215.4,-54.66,-52.38,104.87,104.72,50.22,52.49,63.81,-69.71,-9.77,0.0000,0.0052,0.0000,-0.0057,0.1792,0.1552,0.051,0.00000
744671.6709,776,TRACKING,79.9,265.5,160.3,381.7,299.8,214.5,-55.32,-53.20,105.47,104.72,50.14,51.83,62.98,-69.71,-10.44,0.0000,0.0052,0.0000,-0.0057,0.1914,0.1696,0.049,0.00000
744671.7032,777,TRACKING,79.9,265.5,160.3,381.7,299.8,214.5,-55.32,-53.83,105.47,104.72,50.14,51.33,62.35,-69.71,-10.94,0.0000,0.0052,0.0000,-0.0057,0.2006,0.1820,0.049,0.00000
744671.7366,778,TRACKING,80.6,268.5,161.3,382.5,303.5,214.7,-54.69,-53.83,104.41,104.72,49.72,50.89,62.35,-69.71,-11.37,0.0000,0.0052,0.0000,-0.0057,0.2085,0.1926,0.038,0.00000
744671.7699,779,TRACKING,82.6,271.2,170.1,388.4,303.9,213.6,-53.25,-53.83,105.82,104.72,52.57,50.89,62.35,-69.71,-11.37,0.0000,0.0052,0.0000,-0.0057,0.2085,0.1990,0.043,0.00000
744671.8055,780,TRACKING,82.6,271.2,170.1,388.4,303.9,213.6,-53.25,-53.83,105.82,104.72,52.57,50.89,62.35,-69.71,-11.37,0.0000,0.0052,0.0000,-0.0057,0.2085,0.2028,0.043,0.00000
744671.8365,781,TRACKING,87.0,268.5,168.6,386.5,306.8,215.9,-55.35,-53.83,106.33,104.72,50.98,50.89,62.35,-69.71,-11.37,0.0000,0.0052,0.0000,-0.0057,0.2085,0.2028,0.100,0.00000
744671.8700,782,TRACKING,86.1,265.9,167.7,383.6,309.9,217.5,-55.26,-53.83,104.71,104.72,49.45,50.89,62.35,-69.71,-11.37,0.0000,0.0052,0.0000,-0.0057,0.2085,0.2028,0.048,0.00000
744671.9068,783,TRACKING,86.1,265.9,167.7,383.6,309.9,217.5,-55.26,-53.83,104.71,104.72,49.45,50.89,62.35,-69.71,-11.37,0.0000,0.0052,0.0000,-0.0057,0.2085,0.2028,0.048,0.00000
744671.9369,784,TRACKING,88.9,265.4,168.0,380.2,308.5,218.4,-55.44,-54.31,104.46,104.72,49.02,50.44,61.87,-69.71,-11.83,0.0000,0.0052,0.0000,-0.0057,0.2169,0.2084,0.100,0.00000
744671.9699,785,TRACKING,92.3,264.8,169.1,382.5,311.0,220.0,-56.90,-54.89,105.76,104.72,48.86,50.44,61.29,-69.71,-11.83,0.0000,0.0052,0.0000,-0.0057,0.2169,0.2118,0.081,0.00000
744672.0032,786,TRACKING,92.3,264.8,169.1,382.5,311.0,220.0,-56.90,-55.41,105.76,104.72,48.86,49.96,60.77,-69.71,-12.30,0.0000,0.0052,0.0000,-0.0057,0.2256,0.2173,0.081,0.00000
744672.0365,787,TRACKING,92.8,264.4,169.5,386.8,312.2,218.7,-57.89,-55.99,107.55,105.32,49.66,49.96,60.19,-69.11,-12.30,0.0000,0.0052,0.0000,-0.0057,0.2256,0.2206,0.061,0.00000
744672.0699,788,TRACKING,91.5,263.7,168.6,381.4,313.3,218.3,-56.78,-55.99,105.20,105.32,48.42,49.96,60.19,-69.11,-12.30,0.0000,0.0052,0.0000,-0.0057,0.2256,0.2206,0.106,0.00000
744672.1050,789,TRACKING,91.5,263.7,168.6,381.4,313.3,218.3,-56.78,-55.99,105.20,105.32,48.42,49.52,60.19,-69.11,-12.75,0.0000,0.0052,0.0000,-0.0057,0.2337,0.2258,0.106,0.00000
744672.1365,790,TRACKING,90.4,264.1,172.3,384.9,315.1,216.5,-55.87,-55.99,105.57,105.32,49.70,49.52,60.19,-69.11,-12.75,0.0000,0.0052,0.0000,-0.0057,0.2337,0.2258,0.067,0.00000
744672.1700,791,TRACKING,90.4,264.1,172.3,384.9,315.1,216.5,-55.87,-55.99,105.57,105.32,49.70,49.52,60.19,-69.11,-12.75,0.0000,0.0052,0.0000,-0.0057,0.2337,0.2258,0.067,0.00000
744672.2032,792,TRACKING,94.3,263.6,172.5,387.3,316.2,216.3,-57.70,-55.99,107.66,105.32,49.95,49.52,60.19,-69.11,-12.75,0.0000,0.0052,0.0000,-0.0057,0.2337,0.2258,0.116,0.00000
744672.2373,793,TRACKING,96.0,264.6,176.4,388.7,318.8,214.8,-57.04,-55.99,107.74,105.93,50.70,49.52,60.19,-68.50,-12.75,0.0000,0.0052,0.0000,-0.0057,0.2337,0.2258,0.046,0.00000
744672.2703,794,TRACKING,96.0,264.6,176.4,388.7,318.8,214.8,-57.04,-55.99,107.74,106.44,50.70,49.52,60.19,-67.99,-12.75,0.0000,0.0052,0.0000,-0.0057,0.2337,0.2258,0.046,0.00000
744672.3034,795,TRACKING,97.7,263.9,181.5,381.8,320.6,214.4,-54.60,-55.99,104.87,106.44,50.28,49.52,60.19,-67.99,-12.75,0.0000,0.0052,0.0000,-0.0057,0.2337,0.2258,0.095,0.00000
744672.3365,796,TRACKING,97.7,263.9,181.5,381.8,320.6,214.4,-54.60,-55.99,104.87,106.44,50.28,49.52,60.19,-67.99,-12.75,0.0000,0.0052,0.0000,-0.0057,0.2337,0.2258,0.095,0.00000
744672.3700,797,TRACKING,99.0,262.6,179.2,382.3,322.8,214.6,-56.18,-55.99,105.62,106.44,49.43,49.52,60.19,-67.99,-12.75,0.0000,0.0052,0.0000,-0.0057,0.2337,0.2258,0.089,0.00000
744672.4034,798,TRACKING,102.0,261.1,179.7,381.5,324.6,215.0,-57.19,-55.99,106.15,106.44,48.96,49.52,60.19,-67.99,-12.75,0.0000,0.0052,0.0000,-0.0057,0.2337,0.2258,0.080,0.00000
744672.4365,799,TRACKING,102.0,261.1,179.7,381.5,324.6,215.0,-57.19,-55.99,106.15,106.44,48.96,49.52,60.19,-67.99,-12.75,0.0000,0.0052,0.0000,-0.0057,0.2337,0.2258,0.080,0.00000
744672.4699,800,TRACKING,91.3,256.7,201.1,368.9,326.5,213.9,-45.61,-54.42,96.66,104.71,51.05,49.52,61.77,-69.72,-12.75,0.0000,0.0052,0.0000,-0.0057,0.2337,0.2258,0.200,0.00251
744672.5038,801,TRACKING,93.4,257.2,198.4,369.5,330.1,214.1,-46.94,-52.66,96.66,102.81,49.72,49.52,63.52,-71.62,-12.75,0.0000,0.0052,0.0000,-0.0057,0.2337,0.2258,0.107,0.00000
744672.5366,802,TRACKING,93.4,257.2,198.4,369.5,330.1,214.1,-46.94,-51.13,96.66,101.16,49.72,49.52,65.06,-73.27,-12.75,0.0000,0.0052,0.0000,-0.0057,0.2337,0.2258,0.107,0.00000
744672.5710,803,TRACKING,94.1,255.5,202.2,369.4,329.6,215.7,-46.50,-49.85,96.86,99.89,50.36,49.52,66.34,-74.55,-12.75,0.0000,0.0052,0.0000,-0.0057,0.2337,0.2258,0.111,0.00000
744672.6032,804,TRACKING,96.9,255.6,204.8,370.1,332.4,217.0,-46.70,-48.89,96.87,98.95,50.17,49.52,67.29,-75.48,-12.75,0.0000,0.0052,0.0000,-0.0057,0.2337,0.2258,0.133,0.00000
744672.6369,805,TRACKING,104.9,256.8,199.8,377.1,333.6,216.9,-51.72,-48.89,101.84,98.95,50.13,49.52,67.29,-75.48,-12.75,0.0000,0.0052,0.0000,-0.0057,0.2337,0.2258,0.167,0.00083
744672.6700,806,TRACKING,104.9,256.8,199.8,377.1,333.6,216.9,-51.72,-49.39,101.84,99.47,50.13,49.52,66.80,-74.96,-12.75,0.0000,0.0052,0.0000,-0.0057,0.2337,0.2258,0.167,0.00083
744672.7036,807,TRACKING,97.8,256.5,206.4,367.2,335.2,216.6,-45.52,-48.95,94.97,98.94,49.44,49.52,67.23,-75.49,-12.75,0.0000,0.0052,0.0000,-0.0057,0.2337,0.2258,0.160,0.00083
744672.7365,808,TRACKING,97.8,256.5,206.4,367.2,335.2,216.6,-45.52,-48.26,94.97,98.13,49.44,49.52,67.93,-76.30,-12.75,0.0000,0.0052,0.0000,-0.0057,0.2337,0.2258,0.160,0.00083
744672.7700,809,TRACKING,101.1,259.2,206.7,369.8,339.6,215.0,-46.33,-47.70,95.69,97.45,49.36,49.52,68.48,-76.98,-12.75,0.0000,0.0052,0.0000,-0.0057,0.2337,0.2258,0.243,0.00465
744672.8033,810,TRACKING,104.6,259.3,207.6,368.3,343.5,214.0,-46.66,-47.70,95.29,96.87,48.63,49.52,68.48,-77.56,-12.75,0.0000,0.0052,0.0000,-0.0057,0.2337,0.2258,0.320,0.00849
744672.8366,811,TRACKING,104.6,259.3,207.6,368.3,343.5,214.0,-46.66,-47.70,95.29,96.41,48.63,49.52,68.48,-78.02,-12.75,0.0000,0.0052,0.0000,-0.0057,0.2337,0.2258,0.320,0.00849
744672.8700,812,TRACKING,104.6,259.3,207.6,368.3,343.5,214.0,-46.66,-47.70,95.29,96.41,48.63,49.52,68.48,-78.02,-12.75,0.0000,0.0052,0.0000,-0.0057,0.2337,0.2258,0.320,0.00849
744672.9033,813,TRACKING,102.3,260.9,212.7,366.7,346.9,212.1,-43.78,-46.88,92.82,95.66,49.04,49.52,69.30,-78.77,-12.75,0.0000,0.0052,0.0000,-0.0057,0.2337,0.2258,0.475,0.01623
744672.9366,814,TRACKING,102.3,260.9,212.7,366.7,346.9,212.1,-43.78,-46.10,92.82,94.94,49.04,49.52,70.09,-79.49,-12.75,0.0000,0.0052,0.0000,-0.0057,0.2337,0.2258,0.475,0.01623
744672.9699,815,TRACKING,102.3,260.9,212.7,366.7,346.9,212.1,-43.78,-45.45,92.82,94.35,49.04,49.52,70.73,-80.08,-12.75,0.0000,0.0052,0.0000,-0.0057,0.2337,0.2258,0.475,0.01623
744673.0034,816,TRACKING,104.9,259.0,213.6,356.6,357.4,209.5,-41.92,-44.67,87.56,93.07,45.64,48.81,71.51,-81.36,-13.46,0.0000,0.0052,0.0000,-0.0057,0.2468,0.2342,0.543,0.01967
744673.0368,817,TRACKING,104.9,259.0,213.6,356.6,357.4,209.5,-41.92,-43.96,87.56,91.75,45.64,48.05,72.22,-82.68,-14.22,0.0000,0.0052,0.0000,-0.0057,0.2606,0.2448,0.543,0.01967
744673.0702,818,TRACKING,121.8,251.6,216.0,341.4,369.4,201.6,-43.66,-43.96,86.02,90.36,42.36,46.88,72.22,-84.07,-15.39,0.0000,0.0052,0.0000,-0.0057,0.2821,0.2597,0.603,0.02267
744673.1034,819,TRACKING,121.8,251.6,216.0,341.4,369.4,201.6,-43.66,-43.96,86.02,89.17,42.36,45.75,72.22,-85.26,-16.52,0.0000,0.0052,0.0000,-0.0057,0.3028,0.2770,0.603,0.02267
744673.1365,820,TRACKING,121.8,251.6,216.0,341.4,369.4,201.6,-43.66,-43.96,86.02,88.25,42.36,44.81,72.22,-86.18,-17.46,0.0000,0.0052,0.0000,-0.0057,0.3201,0.2942,0.603,0.02267
744673.1701,821,TRACKING,112.8,253.8,214.5,339.5,378.3,200.6,-40.13,-43.27,80.44,86.68,40.31,43.75,72.92,-87.75,-18.51,0.0000,0.0052,0.0000,-0.0057,0.3394,0.3123,0.769,0.03094
744673.2058,822,TRACKING,112.8,253.8,214.5,339.5,378.3,200.6,-40.13,-42.52,80.44,85.13,40.31,42.83,73.66,-89.30,-19.43,0.0000,0.0052,0.0000,-0.0057,0.3563,0.3299,0.769,0.03094
744673.2368,823,TRACKING,149.9,253.2,265.9,316.8,410.5,189.5,-28.74,-40.09,70.09,82.22,41.35,42.27,76.09,-92.21,-20.00,0.0000,0.0052,0.0000,-0.0057,0.3666,0.3446,0.785,0.03175
744673.2698,824,TRACKING,149.9,253.2,265.9,316.8,410.5,189.5,-28.74,-37.43,70.09,79.26,41.35,42.27,78.75,-95.17,-20.00,0.0000,0.0052,0.0000,-0.0057,0.3666,0.3534,0.785,0.03175
744673.3033,825,TRACKING,153.9,250.6,292.6,287.3,440.9,177.2,-14.81,-32.79,51.40,73.71,36.59,41.21,83.39,-100.72,-21.05,0.0000,0.0052,0.0000,-0.0057,0.3860,0.3664,0.722,0.02862
744673.3368,826,TRACKING,153.9,250.6,292.6,287.3,440.9,177.2,-14.81,-28.24,51.40,68.15,36.59,40.12,87.95,-106.28,-22.15,0.0000,0.0052,0.0000,-0.0057,0.4061,0.3823,0.722,0.02862
744673.3703,827,TRACKING,153.9,250.6,292.6,287.3,440.9,177.2,-14.81,-24.46,51.40,63.49,36.59,39.17,91.72,-110.94,-23.10,0.0000,0.0052,0.0000,-0.0057,0.4234,0.3988,0.722,0.02862
744673.4032,828,TRACKING,157.5,234.4,309.7,258.3,455.1,169.8,-8.93,-20.59,40.27,58.12,31.34,37.65,95.60,-116.31,-24.62,0.0000,0.0052,0.0000,-0.0057,0.4513,0.4198,0.792,0.03210
744673.4366,829,TRACKING,157.5,234.4,309.7,258.3,455.1,169.8,-8.93,-17.34,40.27,53.36,31.34,36.13,98.85,-121.07,-26.14,0.0000,0.0052,0.0000,-0.0057,0.4792,0.4436,0.792,0.03210
744673.4700,830,TRACKING,157.5,234.4,309.7,258.3,455.1,169.8,-8.93,-14.84,40.27,49.58,31.34,34.83,101.34,-124.85,-27.43,0.0000,0.0052,0.0000,-0.0057,0.5030,0.4673,0.792,0.03210
744673.5032,831,TRACKING,175.6,230.4,325.5,247.2,461.6,166.9,-6.38,-12.62,36.91,46.24,30.53,33.71,103.57,-128.19,-28.56,0.0000,0.0052,0.0000,-0.0057,0.5236,0.4898,0.926,0.03500
744673.5366,832,TRACKING,175.6,230.4,325.5,247.2,461.6,166.9,-6.38,-10.84,36.91,43.58,30.53,32.81,105.35,-130.85,-29.46,0.0000,0.0052,0.0000,-0.0057,0.5401,0.5099,0.926,0.03500
744673.5705,833,TRACKING,172.5,231.7,320.2,250.7,460.7,170.9,-7.32,-9.65,36.91,41.58,29.59,31.98,106.54,-132.85,-30.29,0.0000,0.0052,0.0000,-0.0057,0.5553,0.5281,0.974,0.03500
744673.6037,834,TRACKING,172.5,231.7,320.2,250.7,460.7,170.9,-7.32,-8.86,36.91,40.13,29.59,31.31,107.33,-134.30,-30.96,0.0000,0.0052,0.0000,-0.0057,0.5676,0.5439,0.974,0.03500
744673.6373,835,TRACKING,181.2,236.9,325.9,252.1,462.6,177.7,-5.99,-8.13,34.57,38.74,28.58,30.64,108.06,-135.69,-31.62,0.0000,0.0052,0.0000,-0.0057,0.5798,0.5582,0.946,0.03500
744673.6701,836,TRACKING,181.2,236.9,325.9,252.1,462.6,177.7,-5.99,-7.53,34.57,37.59,28.58,30.08,108.65,-136.84,-32.18,0.0000,0.0052,0.0000,-0.0057,0.5901,0.5710,0.946,0.03500
744673.7036,837,TRACKING,185.0,240.4,332.5,246.7,464.9,183.1,-2.45,-6.51,28.10,35.70,25.65,29.20,109.67,-138.73,-33.06,0.0000,0.0052,0.0000,-0.0057,0.6062,0.5850,0.951,0.03500
744673.7393,838,TRACKING,185.0,240.4,332.5,246.7,464.9,183.1,-2.45,-5.51,28.10,33.83,25.65,28.34,110.67,-140.60,-33.93,0.0000,0.0052,0.0000,-0.0057,0.6221,0.5998,0.951,0.03500
744673.7711,839,TRACKING,180.6,236.0,328.1,247.6,467.8,183.1,-4.49,-4.99,29.30,32.45,24.80,27.47,111.19,-141.98,-34.80,0.0000,0.0052,0.0000,-0.0057,0.6380,0.6151,0.963,0.03500
744673.8032,840,TRACKING,180.6,236.0,328.1,247.6,467.8,183.1,-4.49,-4.99,29.30,31.45,24.80,26.73,111.19,-142.98,-35.53,0.0000,0.0052,0.0000,-0.0057,0.6514,0.6296,0.963,0.03500
744673.8369,841,TRACKING,187.4,234.7,333.8,238.5,469.4,182.3,-1.49,-4.30,24.04,29.94,22.55,25.82,111.89,-144.49,-36.44,0.0000,0.0052,0.0000,-0.0057,0.6681,0.6450,1.000,0.03500
744673.8707,842,TRACKING,187.4,234.7,333.8,238.5,469.4,182.3,-1.49,-3.61,24.04,28.48,22.55,24.98,112.58,-145.95,-37.28,0.0000,0.0052,0.0000,-0.0057,0.6835,0.6604,1.000,0.03500
744673.9040,843,TRACKING,186.7,231.8,332.6,235.7,469.2,182.6,-1.52,-3.03,22.76,27.05,21.24,24.10,113.15,-147.38,-38.17,0.0000,0.0052,0.0000,-0.0057,0.6998,0.6762,0.997,0.03500
744673.9365,844,TRACKING,186.7,231.8,332.6,235.7,469.2,182.6,-1.52,-2.59,22.76,25.87,21.24,23.33,113.60,-148.56,-38.93,0.0000,0.0052,0.0000,-0.0057,0.7138,0.6912,0.997,0.03500
744673.9704,845,TRACKING,187.6,230.2,328.5,243.0,469.3,182.0,-5.18,-2.59,28.61,25.87,23.44,23.33,113.60,-148.56,-38.93,0.0000,0.0052,0.0000,-0.0057,0.7138,0.7002,1.000,0.03500
744674.0033,846,TRACKING,187.6,230.2,328.5,243.0,469.3,182.0,-5.18,-3.13,28.61,26.30,23.44,23.33,113.06,-148.13,-38.93,0.0000,0.0052,0.0000,-0.0057,0.7138,0.7057,1.000,0.03500
744674.0367,847,TRACKING,183.9,226.6,327.2,242.1,468.4,182.4,-6.17,-3.80,29.11,26.90,22.94,23.33,112.39,-147.53,-38.93,0.0000,0.0052,0.0000,-0.0057,0.7138,0.7089,1.000,0.03500
744674.0699,848,TRACKING,183.9,226.6,327.2,242.1,468.4,182.4,-6.17,-4.41,29.11,27.47,22.94,23.33,111.77,-146.96,-38.93,0.0000,0.0052,0.0000,-0.0057,0.7138,0.7089,1.000,0.03500
744674.1032,849,TRACKING,185.7,224.2,327.2,240.7,466.9,181.1,-6.64,-4.98,29.73,28.02,23.09,23.33,111.20,-146.41,-38.93,0.0000,0.0052,0.0000,-0.0057,0.7138,0.7089,1.000,0.03500
744674.1373,850,TRACKING,185.7,224.2,327.2,240.7,466.9,181.1,-6.64,-5.45,29.73,28.49,23.09,23.33,110.74,-145.94,-38.93,0.0000,0.0052,0.0000,-0.0057,0.7138,0.7089,1.000,0.03500
744674.1701,851,TRACKING,183.1,225.5,323.3,243.6,463.7,179.4,-7.38,-5.92,31.97,29.21,24.59,23.33,110.27,-145.22,-38.93,0.0000,0.0052,0.0000,-0.0057,0.7138,0.7089,1.000,0.03500
744674.2039,852,TRACKING,183.4,227.8,322.3,235.5,461.6,177.1,-3.18,-5.92,25.92,29.21,22.74,23.33,110.27,-145.22,-38.93,0.0000,0.0052,0.0000,-0.0057,0.7138,0.7089,1.000,0.03500
744674.2365,853,TRACKING,183.4,227.8,322.3,235.5,461.6,177.1,-3.18,-5.35,25.92,28.55,22.74,23.33,110.84,-145.88,-38.93,0.0000,0.0052,0.0000,-0.0057,0.7138,0.7089,1.000,0.03500
744674.2701,854,TRACKING,184.2,222.1,322.0,236.3,454.4,172.2,-5.90,-5.35,31.73,28.55,25.83,23.33,110.84,-145.88,-38.93,0.0000,0.0052,0.0000,-0.0057,0.7138,0.7089,1.000,0.03500
744674.3032,855,TRACKING,178.8,225.3,318.9,226.0,442.1,163.9,-0.31,-4.49,27.08,28.55,26.77,24.04,111.70,-145.88,-38.23,0.0000,0.0052,0.0000,-0.0057,0.7008,0.7057,1.000,0.03500
744674.3368,856,TRACKING,178.8,225.3,318.9,226.0,442.1,163.9,-0.31,-3.52,27.08,28.55,26.77,24.72,112.67,-145.88,-37.55,0.0000,0.0052,0.0000,-0.0057,0.6884,0.6988,1.000,0.03500
744674.3699,857,TRACKING,153.8,227.8,283.5,237.2,431.2,161.7,-4.16,-3.52,31.25,28.55,27.09,25.35,112.67,-145.88,-36.92,0.0000,0.0052,0.0000,-0.0057,0.6768,0.6900,1.000,0.03500
744674.4033,858,TRACKING,153.8,227.8,283.5,237.2,431.2,161.7,-4.16,-3.52,31.25,29.12,27.09,25.85,112.67,-145.31,-36.41,0.0000,0.0052,0.0000,-0.0057,0.6676,0.6810,1.000,0.03500
744674.4366,859,TRACKING,150.1,246.1,269.7,275.2,408.0,158.9,-13.68,-5.03,53.76,33.28,40.08,28.42,111.16,-141.15,-33.84,0.0000,0.0052,0.0000,-0.0057,0.6205,0.6568,1.000,0.03500
744674.4699,860,TRACKING,150.1,246.1,269.7,275.2,408.0,158.9,-13.68,-6.91,53.76,38.03,40.08,31.23,109.28,-136.40,-31.04,0.0000,0.0052,0.0000,-0.0057,0.5691,0.6217,1.000,0.03500
744674.5033,861,TRACKING,150.2,243.1,269.6,280.0,373.9,132.9,-17.18,-9.20,71.84,45.12,54.66,35.98,106.99,-129.31,-26.28,0.0000,0.0052,0.0000,-0.0057,0.4819,0.5658,0.970,0.03500
744674.5367,862,TRACKING,150.2,243.1,269.6,280.0,373.9,132.9,-17.18,-11.27,71.84,51.95,54.66,40.67,104.91,-122.48,-21.60,0.0000,0.0052,0.0000,-0.0057,0.3959,0.4978,0.970,0.03500
744674.5699,863,TRACKING,140.1,245.5,255.3,294.7,345.7,133.2,-23.11,-13.88,83.85,59.53,60.74,45.57,102.30,-114.90,-16.69,0.0000,0.0052,0.0000,-0.0057,0.3060,0.4211,1.000,0.03500
744674.6049,864,TRACKING,135.1,246.8,241.4,299.6,322.6,130.2,-26.40,-16.76,90.79,67.24,64.39,50.35,99.43,-107.19,-11.92,0.0000,0.0052,0.0000,-0.0057,0.2185,0.3401,1.000,0.03500
744674.6367,865,TRACKING,135.1,246.8,241.4,299.6,322.6,130.2,-26.40,-19.30,90.79,73.78,64.39,54.30,96.89,-100.65,-7.97,0.0000,0.0052,0.0000,-0.0057,0.1461,0.2625,1.000,0.03500
744674.6730,866,TRACKING,134.8,245.0,235.4,303.1,314.3,129.6,-30.04,-21.88,95.56,79.58,65.53,57.49,94.30,-94.85,-4.77,0.0000,0.0052,0.0000,-0.0057,0.0875,0.1925,0.931,0.03500
744674.7031,867,TRACKING,134.8,245.0,235.4,303.1,314.3,129.6,-30.04,-24.09,95.56,84.20,65.53,59.91,92.10,-90.23,-2.36,0.0000,0.0052,0.0000,-0.0057,0.0432,0.1328,0.931,0.03500
744674.7365,868,TRACKING,135.6,244.3,233.6,304.9,300.3,129.9,-31.72,-26.08,100.86,88.48,69.14,62.23,90.11,-85.95,-0.04,0.0000,0.0052,0.0000,-0.0057,0.0007,0.0800,0.802,0.03262
744674.7711,869,TRACKING,132.9,244.0,227.4,308.5,293.4,129.8,-34.29,-28.08,104.02,92.47,69.73,64.24,88.11,-81.96,1.98,0.0000,0.0052,0.0000,-0.0057,-0.0362,0.0335,0.549,0.01995
744674.8033,870,TRACKING,132.9,244.0,227.4,308.5,293.4,129.8,-34.29,-29.77,104.02,95.73,69.73,65.83,86.42,-78.70,3.56,0.0000,0.0052,0.0000,-0.0057,-0.0653,-0.0060,0.549,0.01995
744674.8365,871,TRACKING,132.9,244.0,227.4,308.5,293.4,129.8,-34.29,-31.09,104.02,98.20,69.73,67.01,85.10,-76.23,4.75,0.0000,0.0052,0.0000,-0.0057,-0.0870,-0.0384,0.549,0.01995
744674.8700,872,TRACKING,134.9,245.7,231.8,312.1,292.6,129.8,-34.46,-32.09,106.00,100.32,71.54,68.15,84.09,-74.11,5.88,0.0000,0.0052,0.0000,-0.0057,-0.1079,-0.0662,0.611,0.02303
744674.9033,873,TRACKING,134.2,245.3,232.9,307.9,294.9,130.3,-32.42,-32.09,103.17,101.52,70.75,68.97,84.09,-72.91,6.70,0.0000,0.0052,0.0000,-0.0057,-0.1228,-0.0889,0.618,0.02303
744674.9370,874,TRACKING,134.2,245.3,232.9,307.9,294.9,130.3,-32.42,-32.09,103.17,102.21,70.75,69.54,84.09,-72.22,7.27,0.0000,0.0052,0.0000,-0.0057,-0.1333,-0.1066,0.618,0.02303
744674.9703,875,TRACKING,134.6,243.8,234.2,304.3,299.5,132.8,-31.27,-32.09,100.40,102.21,69.14,69.54,84.09,-72.22,7.27,0.0000,0.0052,0.0000,-0.0057,-0.1333,-0.1173,0.698,0.02739
744675.0032,876,TRACKING,134.6,243.8,234.2,304.3,299.5,132.8,-31.27,-32.09,100.40,102.21,69.14,69.54,84.09,-72.22,7.27,0.0000,0.0052,0.0000,-0.0057,-0.1333,-0.1237,0.698,0.02739
744675.0369,877,TRACKING,134.8,247.1,236.8,309.4,304.6,136.9,-31.43,-32.09,99.98,101.69,68.55,69.54,84.09,-72.74,7.27,0.0000,0.0052,0.0000,-0.0057,-0.1333,-0.1276,0.763,0.03066
744675.0699,878,TRACKING,134.8,247.1,236.8,309.4,304.6,136.9,-31.43,-32.09,99.98,101.23,68.55,69.54,84.09,-73.20,7.27,0.0000,0.0052,0.0000,-0.0057,-0.1333,-0.1276,0.763,0.03066
744675.1032,879,TRACKING,134.9,247.6,237.1,310.3,309.8,140.3,-31.52,-32.09,98.37,100.62,66.85,68.98,84.09,-73.81,6.72,0.0000,0.0052,0.0000,-0.0057,-0.1232,-0.1276,0.916,0.03500
744675.1365,880,TRACKING,134.0,246.0,235.3,313.2,303.0,147.3,-33.56,-32.09,101.36,100.62,67.81,68.98,84.09,-73.81,6.72,0.0000,0.0052,0.0000,-0.0057,-0.1232,-0.1276,0.983,0.03500
744675.1710,881,TRACKING,134.0,246.0,235.3,313.2,303.0,147.3,-33.56,-32.09,101.36,100.62,67.81,68.98,84.09,-73.81,6.72,0.0000,0.0052,0.0000,-0.0057,-0.1232,-0.1276,0.983,0.03500
744675.2039,882,TRACKING,130.9,249.3,229.0,313.3,301.1,142.2,-33.13,-32.09,100.26,100.62,67.13,68.47,84.09,-73.81,6.21,0.0000,0.0052,0.0000,-0.0057,-0.1138,-0.1220,0.974,0.03500
744675.2366,883,TRACKING,130.9,249.3,229.0,313.3,301.1,142.2,-33.13,-32.09,100.26,100.62,67.13,68.47,84.09,-73.81,6.21,0.0000,0.0052,0.0000,-0.0057,-0.1138,-0.1187,0.974,0.03500
744675.2709,884,TRACKING,128.3,244.1,226.8,311.3,300.7,144.7,-34.30,-32.63,100.38,100.62,66.08,67.88,83.56,-73.81,5.61,0.0000,0.0052,0.0000,-0.0057,-0.1029,-0.1124,1.000,0.03500
744675.3037,885,TRACKING,128.3,244.1,226.8,311.3,300.7,144.7,-34.30,-33.08,100.38,100.62,66.08,67.38,83.10,-73.81,5.12,0.0000,0.0052,0.0000,-0.0057,-0.0938,-0.1050,1.000,0.03500
744675.3367,886,TRACKING,129.8,241.0,229.1,302.7,312.8,141.6,-31.85,-33.08,94.40,99.60,62.55,66.45,83.10,-74.83,4.18,0.0000,0.0052,0.0000,-0.0057,-0.0767,-0.0936,0.959,0.03500
744675.3698,887,TRACKING,129.3,240.2,226.9,301.7,318.6,143.2,-32.22,-33.08,92.15,98.06,59.93,65.08,83.10,-76.37,2.82,0.0000,0.0052,0.0000,-0.0057,-0.0517,-0.0769,0.937,0.03500
744675.4032,888,TRACKING,129.3,240.2,226.9,301.7,318.6,143.2,-32.22,-33.08,92.15,96.58,59.93,63.78,83.10,-77.85,1.52,0.0000,0.0052,0.0000,-0.0057,-0.0278,-0.0572,0.937,0.03500
744675.4367,889,TRACKING,132.1,239.4,231.0,302.5,323.7,146.1,-32.57,-33.08,91.91,95.31,59.35,62.62,83.10,-79.12,0.35,0.0000,0.0052,0.0000,-0.0057,-0.0065,-0.0369,0.779,0.03147
744675.4698,890,TRACKING,132.1,239.4,231.0,302.5,323.7,146.1,-32.57,-33.08,91.91,94.33,59.35,61.69,83.10,-80.10,-0.58,0.0000,0.0052,0.0000,-0.0057,0.0106,-0.0179,0.779,0.03147
744675.5032,891,TRACKING,128.1,241.5,227.5,303.6,326.4,147.6,-32.04,-33.08,89.68,93.24,57.64,60.71,83.10,-81.19,-1.55,0.0000,0.0052,0.0000,-0.0057,0.0285,0.0006,0.838,0.03439
744675.5366,892,TRACKING,128.1,241.5,227.5,303.6,326.4,147.6,-32.04,-33.08,89.68,92.29,57.64,59.88,83.10,-82.14,-2.39,0.0000,0.0052,0.0000,-0.0057,0.0437,0.0179,0.838,0.03439
744675.5705,893,TRACKING,130.1,241.5,230.5,303.4,328.2,147.6,-31.62,-33.08,89.51,91.51,57.89,59.27,83.10,-82.92,-3.00,0.0000,0.0052,0.0000,-0.0057,0.0549,0.0327,0.903,0.03439
744675.6041,894,TRACKING,130.1,241.5,230.5,303.4,328.2,147.6,-31.62,-32.63,89.51,90.92,57.89,58.83,83.55,-83.52,-3.43,0.0000,0.0052,0.0000,-0.0057,0.0629,0.0448,0.903,0.03439
744675.6366,895,TRACKING,130.1,241.5,230.5,303.4,328.2,147.6,-31.62,-32.63,89.51,90.48,57.89,58.83,83.55,-83.95,-3.43,0.0000,0.0052,0.0000,-0.0057,0.0629,0.0520,0.903,0.03439
744675.6701,896,TRACKING,133.9,235.0,231.9,299.7,328.3,148.9,-33.41,-32.63,90.81,90.48,57.40,58.83,83.55,-83.95,-3.43,0.0000,0.0052,0.0000,-0.0057,0.0629,0.0564,0.958,0.03439
744675.7036,897,TRACKING,133.9,235.0,231.9,299.7,328.3,148.9,-33.41,-32.63,90.81,90.48,57.40,58.39,83.55,-83.95,-3.87,0.0000,0.0052,0.0000,-0.0057,0.0710,0.0622,0.958,0.03439
744675.7368,898,TRACKING,133.9,235.0,231.9,299.7,328.3,148.9,-33.41,-32.63,90.81,90.48,57.40,58.39,83.55,-83.95,-3.87,0.0000,0.0052,0.0000,-0.0057,0.0710,0.0657,0.958,0.03439
744675.7714,899,TRACKING,131.0,237.5,227.6,301.8,329.4,148.7,-33.66,-32.63,90.05,90.48,56.39,57.90,83.55,-83.95,-4.36,0.0000,0.0052,0.0000,-0.0057,0.0800,0.0714,0.828,0.03439
744675.8070,900,TRACKING,131.0,237.5,227.6,301.8,329.4,148.7,-33.66,-32.63,90.05,90.48,56.39,57.90,83.55,-83.95,-4.36,0.0000,0.0052,0.0000,-0.0057,0.0800,0.0749,0.828,0.03439
744675.8372,901,TRACKING,131.7,237.8,230.1,301.8,328.7,149.1,-33.04,-32.63,90.18,90.48,57.14,57.90,83.55,-83.95,-4.36,0.0000,0.0052,0.0000,-0.0057,0.0800,0.0749,0.871,0.03439
744675.8702,902,TRACKING,131.7,237.8,230.1,301.8,328.7,149.1,-33.04,-32.63,90.18,90.48,57.14,57.90,83.55,-83.95,-4.36,0.0000,0.0052,0.0000,-0.0057,0.0800,0.0749,0.871,0.03439
744675.9034,903,TRACKING,131.5,237.3,228.3,302.9,329.1,149.8,-34.11,-32.63,90.74,90.48,56.63,57.90,83.55,-83.95,-4.36,0.0000,0.0052,0.0000,-0.0057,0.0800,0.0749,0.864,0.03439
744675.9367,904,TRACKING,131.5,237.3,228.3,302.9,329.1,149.8,-34.11,-32.63,90.74,90.48,56.63,57.90,83.55,-83.95,-4.36,0.0000,0.0052,0.0000,-0.0057,0.0800,0.0749,0.864,0.03439
744675.9699,905,TRACKING,133.2,235.1,232.8,304.0,329.8,151.4,-34.69,-33.19,92.27,90.48,57.58,57.90,83.00,-83.95,-4.36,0.0000,0.0052,0.0000,-0.0057,0.0800,0.0749,0.885,0.03439
744676.0035,906,TRACKING,133.2,235.1,232.8,304.0,329.8,151.4,-34.69,-33.62,92.27,90.93,57.58,57.90,82.56,-83.50,-4.36,0.0000,0.0052,0.0000,-0.0057,0.0800,0.0749,0.885,0.03439
744676.0365,907,TRACKING,133.2,235.1,232.8,304.0,329.8,151.4,-34.69,-33.62,92.27,90.93,57.58,57.90,82.56,-83.50,-4.36,0.0000,0.0052,0.0000,-0.0057,0.0800,0.0749,0.885,0.03439
744676.0706,908,TRACKING,132.5,237.1,233.3,306.1,329.5,152.8,-34.37,-33.62,92.27,90.93,57.90,57.90,82.56,-83.50,-4.36,0.0000,0.0052,0.0000,-0.0057,0.0800,0.0749,0.808,0.03288
744676.1038,909,TRACKING,129.1,241.4,233.7,311.7,329.8,154.6,-33.92,-33.62,92.48,91.40,58.56,57.90,82.56,-83.03,-4.36,0.0000,0.0052,0.0000,-0.0057,0.0800,0.0749,0.859,0.03500
744676.1365,910,TRACKING,129.1,241.4,233.7,311.7,329.8,154.6,-33.92,-33.62,92.48,91.40,58.56,57.90,82.56,-83.03,-4.36,0.0000,0.0052,0.0000,-0.0057,0.0800,0.0749,0.859,0.03500
744676.1698,911,TRACKING,129.2,241.3,234.5,311.6,330.0,154.9,-33.70,-33.62,92.31,91.40,58.61,57.90,82.56,-83.03,-4.36,0.0000,0.0052,0.0000,-0.0057,0.0800,0.0749,0.960,0.03500
744676.2032,912,TRACKING,128.5,242.1,235.0,310.4,330.8,154.1,-32.69,-33.62,91.18,91.40,58.50,57.90,82.56,-83.03,-4.36,0.0000,0.0052,0.0000,-0.0057,0.0800,0.0749,0.843,0.03500
744676.2369,913,TRACKING,128.5,242.1,235.0,310.4,330.8,154.1,-32.69,-33.62,91.18,91.40,58.50,57.90,82.56,-83.03,-4.36,0.0000,0.0052,0.0000,-0.0057,0.0800,0.0749,0.843,0.03500
744676.2700,914,TRACKING,127.6,241.8,236.0,312.7,330.1,153.2,-33.18,-33.62,92.63,91.40,59.45,57.90,82.56,-83.03,-4.36,0.0000,0.0052,0.0000,-0.0057,0.0800,0.0749,0.891,0.03500
744676.3044,915,TRACKING,127.6,241.8,236.0,312.7,330.1,153.2,-33.18,-33.62,92.63,91.40,59.45,58.34,82.56,-83.03,-3.92,0.0000,0.0052,0.0000,-0.0057,0.0720,0.0749,0.891,0.03500
744676.3366,916,TRACKING,127.6,241.8,236.0,312.7,330.1,153.2,-33.18,-33.62,92.63,91.40,59.45,58.34,82.56,-83.03,-3.92,0.0000,0.0052,0.0000,-0.0057,0.0720,0.0749,0.891,0.03500
744676.3700,917,TRACKING,128.6,241.9,232.8,316.2,329.7,156.3,-35.51,-33.62,94.30,92.06,58.79,58.34,82.56,-82.37,-3.92,0.0000,0.0052,0.0000,-0.0057,0.0720,0.0749,1.000,0.03500
744676.4034,918,TRACKING,128.6,241.9,232.8,316.2,329.7,156.3,-35.51,-33.62,94.30,92.65,58.79,58.34,82.56,-81.79,-3.92,0.0000,0.0052,0.0000,-0.0057,0.0720,0.0749,1.000,0.03500
744676.4365,919,TRACKING,129.0,244.2,236.1,311.9,348.2,171.1,-32.28,-33.62,83.74,91.48,51.46,57.40,82.56,-82.95,-4.87,0.0000,0.0052,0.0000,-0.0057,0.0893,0.0806,1.000,0.03500
744676.4699,920,TRACKING,129.0,244.2,236.1,311.9,348.2,171.1,-32.28,-33.62,83.74,89.85,51.46,56.13,82.56,-84.58,-6.14,0.0000,0.0052,0.0000,-0.0057,0.1125,0.0934,1.000,0.03500
744676.5036,921,TRACKING,131.9,245.0,244.1,302.2,328.3,157.3,-27.03,-32.48,86.87,88.76,59.84,56.13,83.71,-85.67,-6.14,0.0000,0.0052,0.0000,-0.0057,0.1125,0.1011,0.923,0.03500
744676.5365,922,TRACKING,130.9,249.0,238.4,306.0,331.4,151.7,-27.92,-31.36,86.84,88.08,58.91,56.62,84.82,-86.35,-5.64,0.0000,0.0052,0.0000,-0.0057,0.1035,0.1011,0.739,0.02944
744676.5699,923,TRACKING,130.9,249.0,238.4,306.0,331.4,151.7,-27.92,-30.42,86.84,87.65,58.91,57.16,85.76,-86.78,-5.10,0.0000,0.0052,0.0000,-0.0057,0.0936,0.1011,0.739,0.02944
744676.6035,924,TRACKING,133.8,248.9,240.7,302.9,332.3,152.2,-26.81,-29.52,85.51,87.16,58.69,57.60,86.66,-87.27,-4.67,0.0000,0.0052,0.0000,-0.0057,0.0856,0.0949,0.605,0.02275
744676.6366,925,TRACKING,133.8,248.9,240.7,302.9,332.3,152.2,-26.81,-28.77,85.51,86.72,58.69,57.60,87.41,-87.71,-4.67,0.0000,0.0052,0.0000,-0.0057,0.0856,0.0912,0.605,0.02275
744676.6698,926,TRACKING,133.8,248.9,240.7,302.9,332.3,152.2,-26.81,-28.20,85.51,86.72,58.69,57.60,87.99,-87.71,-4.67,0.0000,0.0052,0.0000,-0.0057,0.0856,0.0912,0.605,0.02275
744676.7034,927,TRACKING,132.0,249.5,240.5,305.4,333.1,155.4,-27.30,-28.20,85.61,86.72,58.32,57.60,87.99,-87.71,-4.67,0.0000,0.0052,0.0000,-0.0057,0.0856,0.0912,0.626,0.02378
744676.7366,928,TRACKING,132.0,249.5,240.5,305.4,333.1,155.4,-27.30,-28.20,85.61,86.72,58.32,57.60,87.99,-87.71,-4.67,0.0000,0.0052,0.0000,-0.0057,0.0856,0.0912,0.626,0.02378
744676.7699,929,TRACKING,134.2,248.2,242.4,305.6,335.0,157.6,-27.94,-28.20,85.90,86.72,57.97,57.60,87.99,-87.71,-4.67,0.0000,0.0052,0.0000,-0.0057,0.0856,0.0912,0.712,0.02808
744676.8032,930,TRACKING,132.9,249.8,239.7,306.4,335.2,159.5,-27.90,-28.20,84.89,86.25,56.98,57.60,87.99,-88.18,-4.67,0.0000,0.0052,0.0000,-0.0057,0.0856,0.0912,0.778,0.03138
744676.8390,931,TRACKING,132.9,249.8,239.7,306.4,335.2,159.5,-27.90,-28.20,84.89,86.25,56.98,57.60,87.99,-88.18,-4.67,0.0000,0.0052,0.0000,-0.0057,0.0856,0.0912,0.778,0.03138
744676.8712,932,TRACKING,133.7,248.5,242.7,304.6,336.8,161.0,-27.19,-28.20,83.95,85.68,56.76,57.60,87.99,-88.75,-4.67,0.0000,0.0052,0.0000,-0.0057,0.0856,0.0912,0.807,0.03286
744676.9048,933,TRACKING,133.7,248.5,242.7,304.6,336.8,161.0,-27.19,-28.20,83.95,85.20,56.76,57.60,87.99,-89.23,-4.67,0.0000,0.0052,0.0000,-0.0057,0.0856,0.0912,0.807,0.03286
744676.9365,934,TRACKING,133.1,249.5,240.5,309.3,339.6,161.1,-29.11,-28.20,85.35,85.20,56.24,57.60,87.99,-89.23,-4.67,0.0000,0.0052,0.0000,-0.0057,0.0856,0.0912,0.763,0.03065
744676.9699,935,TRACKING,133.1,249.5,240.5,309.3,339.6,161.1,-29.11,-28.20,85.35,85.20,56.24,57.60,87.99,-89.23,-4.67,0.0000,0.0052,0.0000,-0.0057,0.0856,0.0912,0.763,0.03065
744677.0062,936,TRACKING,137.1,250.0,243.8,307.5,341.9,160.7,-28.31,-28.20,84.56,85.20,56.25,57.16,87.99,-89.23,-5.10,0.0000,0.0052,0.0000,-0.0057,0.0936,0.0912,0.816,0.03332
744677.0368,937,TRACKING,131.9,250.1,237.7,307.2,339.5,159.2,-28.34,-28.20,83.80,85.20,55.46,56.74,87.99,-89.23,-5.53,0.0000,0.0052,0.0000,-0.0057,0.1013,0.0953,0.612,0.02310
744677.0725,938,TRACKING,131.9,250.1,237.7,307.2,339.5,159.2,-28.34,-28.20,83.80,85.20,55.46,56.74,87.99,-89.23,-5.53,0.0000,0.0052,0.0000,-0.0057,0.1013,0.0953,0.612,0.02310
744677.1033,939,TRACKING,136.1,249.7,242.1,307.6,339.3,161.5,-28.66,-28.20,85.04,85.20,56.38,56.74,87.99,-89.23,-5.53,0.0000,0.0052,0.0000,-0.0057,0.1013,0.0953,0.680,0.02651
744677.1365,940,TRACKING,136.1,249.7,242.1,307.6,339.3,161.5,-28.66,-28.20,85.04,85.20,56.38,56.74,87.99,-89.23,-5.53,0.0000,0.0052,0.0000,-0.0057,0.1013,0.0953,0.680,0.02651
744677.1701,941,TRACKING,134.8,250.5,239.9,308.0,340.4,162.1,-28.69,-28.20,84.15,85.20,55.46,56.74,87.99,-89.23,-5.53,0.0000,0.0052,0.0000,-0.0057,0.1013,0.0953,0.762,0.03059
744677.2037,942,TRACKING,131.4,250.1,240.3,307.5,339.0,163.6,-27.82,-28.20,83.38,84.77,55.56,56.74,87.99,-89.66,-5.53,0.0000,0.0052,0.0000,-0.0057,0.1013,0.0953,0.824,0.03369
744677.2373,943,TRACKING,131.4,250.1,240.3,307.5,339.0,163.6,-27.82,-28.20,83.38,84.77,55.56,56.74,87.99,-89.66,-5.53,0.0000,0.0052,0.0000,-0.0057,0.1013,0.0953,0.824,0.03369
744677.2699,944,TRACKING,135.3,251.7,239.9,307.9,340.5,162.8,-28.28,-28.20,83.55,84.77,55.27,56.30,87.99,-89.66,-5.97,0.0000,0.0052,0.0000,-0.0057,0.1094,0.1009,0.805,0.03274
744677.3038,945,TRACKING,135.3,251.7,239.9,307.9,340.5,162.8,-28.28,-28.20,83.55,84.77,55.27,56.30,87.99,-89.66,-5.97,0.0000,0.0052,0.0000,-0.0057,0.1094,0.1043,0.805,0.03274
744677.3368,946,TRACKING,134.0,250.8,241.9,307.5,340.0,163.3,-27.70,-28.20,83.49,84.34,55.78,56.30,87.99,-90.09,-5.97,0.0000,0.0052,0.0000,-0.0057,0.1094,0.1043,0.866,0.03500
744677.3700,947,TRACKING,134.0,250.8,241.9,307.5,340.0,163.3,-27.70,-28.20,83.49,84.34,55.78,56.30,87.99,-90.09,-5.97,0.0000,0.0052,0.0000,-0.0057,0.1094,0.1043,0.866,0.03500
744677.4039,948,TRACKING,130.5,249.3,239.6,306.4,340.1,164.0,-27.63,-28.20,82.43,83.88,54.80,56.30,87.99,-90.55,-5.97,0.0000,0.0052,0.0000,-0.0057,0.1094,0.1043,0.898,0.03500
744677.4365,949,TRACKING,131.6,251.1,238.7,310.6,341.8,163.9,-29.09,-28.20,83.98,83.88,54.89,56.30,87.99,-90.55,-5.97,0.0000,0.0052,0.0000,-0.0057,0.1094,0.1043,0.876,0.03500
744677.4700,950,TRACKING,131.6,251.1,238.7,310.6,341.8,163.9,-29.09,-28.20,83.98,83.88,54.89,55.84,87.99,-90.55,-6.42,0.0000,0.0052,0.0000,-0.0057,0.1177,0.1097,0.876,0.03500
744677.5037,951,TRACKING,135.3,250.3,240.4,308.3,343.8,165.4,-28.90,-28.20,83.04,83.88,54.14,55.41,87.99,-90.55,-6.85,0.0000,0.0052,0.0000,-0.0057,0.1256,0.1161,0.934,0.03500
744677.5365,952,TRACKING,135.3,250.3,240.4,308.3,343.8,165.4,-28.90,-28.20,83.04,83.88,54.14,55.41,87.99,-90.55,-6.85,0.0000,0.0052,0.0000,-0.0057,0.1256,0.1199,0.934,0.03500
744677.5698,953,TRACKING,135.8,251.6,245.4,304.0,344.8,169.5,-25.53,-28.20,79.08,83.00,53.55,54.93,87.99,-91.43,-7.34,0.0000,0.0052,0.0000,-0.0057,0.1345,0.1257,1.000,0.03500
744677.6032,954,TRACKING,135.8,251.6,245.4,304.0,344.8,169.5,-25.53,-27.61,79.08,82.07,53.55,54.93,88.57,-92.36,-7.34,0.0000,0.0052,0.0000,-0.0057,0.1345,0.1292,1.000,0.03500
744677.6366,955,TRACKING,132.3,248.2,246.3,305.2,342.4,170.6,-26.58,-27.61,81.04,81.58,54.46,54.93,88.57,-92.85,-7.34,0.0000,0.0052,0.0000,-0.0057,0.1345,0.1292,0.970,0.03500
744677.6699,956,TRACKING,133.3,246.8,244.3,306.5,331.6,168.0,-28.27,-27.61,86.05,82.10,57.78,54.93,88.57,-92.33,-7.34,0.0000,0.0052,0.0000,-0.0057,0.1345,0.1292,1.000,0.03500
744677.7032,957,TRACKING,133.3,246.8,244.3,306.5,331.6,168.0,-28.27,-27.61,86.05,82.90,57.78,55.53,88.57,-91.53,-6.74,0.0000,0.0052,0.0000,-0.0057,0.1235,0.1292,1.000,0.03500
744677.7367,958,TRACKING,132.0,245.8,240.8,313.2,330.3,171.4,-31.76,-28.30,89.51,84.24,57.74,56.10,87.88,-90.19,-6.17,0.0000,0.0052,0.0000,-0.0057,0.1131,0.1228,1.000,0.03500
744677.7698,959,TRACKING,132.0,245.8,240.8,313.2,330.3,171.4,-31.76,-29.10,89.51,85.55,57.74,56.56,87.09,-88.88,-5.71,0.0000,0.0052,0.0000,-0.0057,0.1047,0.1156,1.000,0.03500
744677.8036,960,TRACKING,130.1,248.6,238.7,317.1,338.6,169.1,-32.24,-29.88,88.24,86.44,56.00,56.56,86.31,-88.00,-5.71,0.0000,0.0052,0.0000,-0.0057,0.1047,0.1112,1.000,0.03500
744677.8365,961,TRACKING,130.1,248.6,238.7,317.1,338.6,169.1,-32.24,-30.53,88.24,87.03,56.00,56.56,85.66,-87.40,-5.71,0.0000,0.0052,0.0000,-0.0057,0.1047,0.1112,1.000,0.03500
744677.8699,962,TRACKING,133.1,243.8,242.2,315.5,343.2,173.5,-33.34,-31.21,87.93,87.03,54.59,56.56,84.98,-87.40,-5.71,0.0000,0.0052,0.0000,-0.0057,0.1047,0.1112,1.000,0.03500
744677.9038,963,TRACKING,128.3,245.7,236.3,317.1,345.8,171.9,-33.48,-31.81,86.47,87.03,52.99,55.80,84.38,-87.40,-6.47,0.0000,0.0052,0.0000,-0.0057,0.1186,0.1112,1.000,0.03500
744677.9365,964,TRACKING,128.3,245.7,236.3,317.1,345.8,171.9,-33.48,-32.29,86.47,87.03,52.99,55.08,83.90,-87.40,-7.18,0.0000,0.0052,0.0000,-0.0057,0.1317,0.1194,1.000,0.03500
744677.9700,965,TRACKING,132.9,245.9,246.0,314.4,347.4,172.9,-31.18,-32.29,85.55,87.03,54.37,55.08,83.90,-87.40,-7.18,0.0000,0.0052,0.0000,-0.0057,0.1317,0.1243,1.000,0.03500
744678.0034,966,TRACKING,130.7,248.3,246.2,309.0,348.3,182.1,-27.73,-31.57,78.91,85.63,51.18,54.28,84.62,-88.80,-7.98,0.0000,0.0052,0.0000,-0.0057,0.1463,0.1331,1.000,0.03500
744678.0370,967,TRACKING,130.7,248.3,246.2,309.0,348.3,182.1,-27.73,-30.70,78.91,84.08,51.18,53.52,85.48,-90.35,-8.75,0.0000,0.0052,0.0000,-0.0057,0.1604,0.1441,1.000,0.03500
744678.0701,968,TRACKING,131.3,247.0,245.4,309.2,354.9,183.7,-28.59,-30.06,77.49,82.48,48.90,52.52,86.12,-91.95,-9.75,0.0000,0.0052,0.0000,-0.0057,0.1788,0.1579,1.000,0.03500
744678.1033,969,TRACKING,134.8,248.4,246.2,313.7,354.1,175.9,-30.39,-30.06,82.35,81.90,51.96,52.08,86.12,-92.53,-10.19,0.0000,0.0052,0.0000,-0.0057,0.1868,0.1695,1.000,0.03500
744678.1366,970,TRACKING,134.2,248.7,246.9,311.8,351.8,163.4,-29.28,-30.06,84.02,81.90,54.75,52.08,86.12,-92.53,-10.19,0.0000,0.0052,0.0000,-0.0057,0.1868,0.1764,1.000,0.03500
744678.1698,971,TRACKING,134.2,248.7,246.9,311.8,351.8,163.4,-29.28,-30.06,84.02,81.90,54.75,52.66,86.12,-92.53,-9.61,0.0000,0.0052,0.0000,-0.0057,0.1761,0.1764,1.000,0.03500
744678.2032,972,TRACKING,135.9,250.8,251.1,313.6,351.8,158.3,-28.62,-30.06,85.65,82.73,57.03,53.57,86.12,-91.70,-8.70,0.0000,0.0052,0.0000,-0.0057,0.1595,0.1697,1.000,0.03500
744678.2380,973,TRACKING,135.0,249.6,249.6,312.6,353.5,164.1,-28.81,-30.06,83.85,83.20,55.04,54.12,86.12,-91.23,-8.15,0.0000,0.0052,0.0000,-0.0057,0.1493,0.1615,1.000,0.03500
744678.2701,974,TRACKING,134.8,248.4,248.3,310.1,355.0,169.6,-28.54,-29.60,81.32,83.20,52.78,54.12,86.58,-91.23,-8.15,0.0000,0.0052,0.0000,-0.0057,0.1493,0.1567,1.000,0.03500
744678.3032,975,TRACKING,134.8,248.4,248.3,310.1,355.0,169.6,-28.54,-29.60,81.32,83.20,52.78,54.12,86.58,-91.23,-8.15,0.0000,0.0052,0.0000,-0.0057,0.1493,0.1567,1.000,0.03500
744678.3370,976,TRACKING,134.1,249.6,249.2,314.3,355.2,174.3,-29.37,-29.60,82.25,83.20,52.88,54.12,86.58,-91.23,-8.15,0.0000,0.0052,0.0000,-0.0057,0.1493,0.1567,1.000,0.03500
744678.3702,977,TRACKING,134.1,249.6,249.2,314.3,355.2,174.3,-29.37,-29.60,82.25,83.20,52.88,54.12,86.58,-91.23,-8.15,0.0000,0.0052,0.0000,-0.0057,0.1493,0.1567,1.000,0.03500
744678.4049,978,TRACKING,134.1,249.6,249.2,314.3,355.2,174.3,-29.37,-29.60,82.25,83.20,52.88,54.12,86.58,-91.23,-8.15,0.0000,0.0052,0.0000,-0.0057,0.1493,0.1567,1.000,0.03500
744678.4385,979,TRACKING,135.9,250.6,249.0,315.7,354.2,176.5,-29.92,-29.60,82.84,83.20,52.92,54.12,86.58,-91.23,-8.15,0.0000,0.0052,0.0000,-0.0057,0.1493,0.1567,1.000,0.03500
744678.4702,980,TRACKING,135.9,250.6,249.0,315.7,354.2,176.5,-29.92,-29.60,82.84,83.20,52.92,54.12,86.58,-91.23,-8.15,0.0000,0.0052,0.0000,-0.0057,0.1493,0.1567,1.000,0.03500
744678.5032,981,TRACKING,135.9,250.6,249.0,315.7,354.2,176.5,-29.92,-29.60,82.84,83.20,52.92,54.12,86.58,-91.23,-8.15,0.0000,0.0052,0.0000,-0.0057,0.1493,0.1567,1.000,0.03500
744678.5367,982,TRACKING,129.5,250.0,240.4,314.6,345.7,181.9,-30.21,-29.60,81.78,83.20,51.57,53.49,86.58,-91.23,-8.77,0.0000,0.0052,0.0000,-0.0057,0.1608,0.1567,1.000,0.03500
744678.5698,983,TRACKING,129.5,250.0,240.4,314.6,345.7,181.9,-30.21,-29.60,81.78,83.20,51.57,52.97,86.58,-91.23,-9.30,0.0000,0.0052,0.0000,-0.0057,0.1705,0.1622,1.000,0.03500
744678.6039,984,TRACKING,133.7,246.9,248.1,311.2,338.5,190.3,-29.33,-29.60,82.53,83.20,53.20,52.97,86.58,-91.23,-9.30,0.0000,0.0052,0.0000,-0.0057,0.1705,0.1655,1.000,0.03500
744678.6365,985,TRACKING,133.7,246.9,248.1,311.2,338.5,190.3,-29.33,-29.60,82.53,83.20,53.20,52.97,86.58,-91.23,-9.30,0.0000,0.0052,0.0000,-0.0057,0.1705,0.1655,1.000,0.03500
744678.6698,986,TRACKING,132.4,249.4,237.5,314.0,326.7,184.4,-31.60,-29.60,87.03,83.63,55.43,52.97,86.58,-90.80,-9.30,0.0000,0.0052,0.0000,-0.0057,0.1705,0.1655,1.000,0.03500
744678.7034,987,TRACKING,132.4,249.4,237.5,314.0,326.7,184.4,-31.60,-30.08,87.03,84.32,55.43,53.55,86.11,-90.11,-8.71,0.0000,0.0052,0.0000,-0.0057,0.1598,0.1655,1.000,0.03500
744678.7366,988,TRACKING,134.6,246.5,242.1,322.0,333.5,194.3,-35.10,-31.05,89.47,85.39,54.38,53.55,85.13,-89.04,-8.71,0.0000,0.0052,0.0000,-0.0057,0.1598,0.1655,1.000,0.03500
744678.7700,989,TRACKING,134.6,246.5,242.1,322.0,333.5,194.3,-35.10,-32.04,89.47,86.42,54.38,53.55,84.14,-88.01,-8.71,0.0000,0.0052,0.0000,-0.0057,0.1598,0.1655,1.000,0.03500
744678.8039,990,TRACKING,136.5,248.0,244.0,325.1,341.7,191.1,-35.62,-32.96,89.52,87.28,53.90,53.55,83.22,-87.15,-8.71,0.0000,0.0052,0.0000,-0.0057,0.1598,0.1655,1.000,0.03500
744678.8369,991,TRACKING,133.6,247.4,243.2,325.9,346.2,189.1,-35.59,-33.71,88.61,87.79,53.02,53.55,82.48,-86.64,-8.71,0.0000,0.0052,0.0000,-0.0057,0.1598,0.1655,1.000,0.03500
744678.8699,992,TRACKING,133.6,247.4,243.2,325.9,346.2,189.1,-35.59,-34.27,88.61,87.79,53.02,53.55,81.91,-86.64,-8.71,0.0000,0.0052,0.0000,-0.0057,0.1598,0.1655,1.000,0.03500
744678.9038,993,TRACKING,133.3,247.7,239.2,327.3,347.3,187.1,-36.94,-34.89,89.30,87.79,52.36,53.55,81.29,-86.64,-8.71,0.0000,0.0052,0.0000,-0.0057,0.1598,0.1655,1.000,0.03500
744678.9370,994,TRACKING,133.3,247.7,239.2,327.3,347.3,187.1,-36.94,-35.44,89.30,88.25,52.36,53.55,80.75,-86.18,-8.71,0.0000,0.0052,0.0000,-0.0057,0.1598,0.1655,1.000,0.03500
744678.9699,995,TRACKING,136.8,245.7,241.4,318.7,347.7,186.1,-34.91,-35.44,86.20,88.25,51.29,53.03,80.75,-86.18,-9.24,0.0000,0.0052,0.0000,-0.0057,0.1694,0.1655,1.000,0.03500
744679.0035,996,TRACKING,135.4,245.8,241.4,319.8,347.3,185.5,-34.90,-35.44,86.65,88.25,51.75,53.03,80.75,-86.18,-9.24,0.0000,0.0052,0.0000,-0.0057,0.1694,0.1655,1.000,0.03500
744679.0365,997,TRACKING,135.4,245.8,241.4,319.8,347.3,185.5,-34.90,-35.44,86.65,87.81,51.75,53.03,80.75,-86.62,-9.24,0.0000,0.0052,0.0000,-0.0057,0.1694,0.1655,1.000,0.03500
744679.0715,998,TRACKING,131.9,241.9,239.4,320.6,347.6,184.4,-36.21,-35.44,87.76,87.81,51.55,52.57,80.75,-86.62,-9.70,0.0000,0.0052,0.0000,-0.0057,0.1779,0.1704,1.000,0.03500
744679.1034,999,TRACKING,133.4,242.4,241.4,319.5,347.1,184.6,-35.50,-35.44,87.43,87.81,51.92,52.57,80.75,-86.62,-9.70,0.0000,0.0052,0.0000,-0.0057,0.1779,0.1704,1.000,0.03500
744679.1367,1000,TRACKING,133.4,242.4,241.4,319.5,347.1,184.6,-35.50,-35.44,87.43,87.81,51.92,52.57,80.75,-86.62,-9.70,0.0000,0.0052,0.0000,-0.0057,0.1779,0.1704,1.000,0.03500
744679.1716,1001,TRACKING,129.7,246.7,237.0,316.1,347.0,184.2,-32.89,-35.44,83.04,86.99,50.15,52.05,80.75,-87.44,-10.22,0.0000,0.0052,0.0000,-0.0057,0.1873,0.1772,1.000,0.03500
744679.2033,1002,TRACKING,129.4,247.0,235.3,316.2,347.5,181.3,-33.17,-34.88,83.43,86.14,50.26,51.58,81.31,-88.29,-10.69,0.0000,0.0052,0.0000,-0.0057,0.1959,0.1847,1.000,0.03500
744679.2368,1003,TRACKING,129.4,247.0,235.3,316.2,347.5,181.3,-33.17,-34.41,83.43,85.41,50.26,51.58,81.77,-89.03,-10.69,0.0000,0.0052,0.0000,-0.0057,0.1959,0.1892,1.000,0.03500
744679.2700,1004,TRACKING,127.3,248.5,231.3,320.4,347.0,180.1,-34.67,-34.41,85.17,85.41,50.50,51.58,81.77,-89.03,-10.69,0.0000,0.0052,0.0000,-0.0057,0.1959,0.1892,1.000,0.03500
744679.3032,1005,TRACKING,127.3,248.5,231.3,320.4,347.0,180.1,-34.67,-34.41,85.17,85.41,50.50,51.58,81.77,-89.03,-10.69,0.0000,0.0052,0.0000,-0.0057,0.1959,0.1892,1.000,0.03500
744679.3366,1006,TRACKING,133.4,246.6,244.1,317.8,351.2,188.9,-32.76,-34.41,83.05,84.92,50.28,51.58,81.77,-89.51,-10.69,0.0000,0.0052,0.0000,-0.0057,0.1959,0.1892,1.000,0.03500
744679.3708,1007,TRACKING,146.7,245.5,257.1,295.5,416.4,142.3,-24.37,-32.72,68.25,82.04,43.89,50.01,83.46,-92.39,-12.26,0.0000,0.0052,0.0000,-0.0057,0.2248,0.2034,1.000,0.03500
744679.4038,1008,TRACKING,146.7,245.5,257.1,295.5,416.4,142.3,-24.37,-30.82,68.25,78.81,43.89,48.45,85.37,-95.62,-13.82,0.0000,0.0052,0.0000,-0.0057,0.2534,0.2234,1.000,0.03500
744679.4368,1009,TRACKING,133.9,249.5,247.2,313.1,355.5,181.6,-29.30,-29.91,79.80,77.74,50.50,48.45,86.28,-96.69,-13.82,0.0000,0.0052,0.0000,-0.0057,0.2534,0.2354,1.000,0.03500
744679.4699,1010,TRACKING,133.9,249.5,247.2,313.1,355.5,181.6,-29.30,-29.91,79.80,77.74,50.50,48.45,86.28,-96.69,-13.82,0.0000,0.0052,0.0000,-0.0057,0.2534,0.2426,1.000,0.03500
744679.5032,1011,TRACKING,134.0,249.7,244.9,315.3,355.7,175.1,-30.62,-29.91,82.29,78.41,51.67,49.02,86.28,-96.02,-13.25,0.0000,0.0052,0.0000,-0.0057,0.2429,0.2426,1.000,0.03500
744679.5365,1012,TRACKING,134.0,249.7,244.9,315.3,355.7,175.1,-30.62,-29.91,82.29,79.26,51.67,49.64,86.28,-95.17,-12.63,0.0000,0.0052,0.0000,-0.0057,0.2315,0.2382,1.000,0.03500
744679.5701,1013,TRACKING,137.9,251.6,249.4,311.6,354.0,170.5,-28.28,-29.91,81.71,79.95,53.44,50.45,86.28,-94.48,-11.81,0.0000,0.0052,0.0000,-0.0057,0.2166,0.2295,1.000,0.03500
744679.6033,1014,TRACKING,137.1,254.0,244.2,313.2,353.7,170.5,-28.95,-29.91,81.43,80.43,52.48,51.07,86.28,-94.00,-11.20,0.0000,0.0052,0.0000,-0.0057,0.2054,0.2199,1.000,0.03500
744679.6365,1015,TRACKING,137.1,254.0,244.2,313.2,353.7,170.5,-28.95,-29.91,81.43,80.43,52.48,51.51,86.28,-94.00,-10.76,0.0000,0.0052,0.0000,-0.0057,0.1973,0.2108,1.000,0.03500
744679.6709,1016,TRACKING,139.8,250.2,249.5,315.0,352.5,176.0,-30.59,-29.91,84.06,81.18,53.47,51.97,86.28,-93.25,-10.30,0.0000,0.0052,0.0000,-0.0057,0.1888,0.2020,1.000,0.03500
744679.7040,1017,TRACKING,138.5,251.8,249.8,317.8,355.2,178.4,-30.66,-29.91,83.59,81.83,52.93,51.97,86.28,-92.60,-10.30,0.0000,0.0052,0.0000,-0.0057,0.1888,0.1967,1.000,0.03500
744679.7380,1018,TRACKING,135.5,252.7,248.2,318.1,356.0,183.6,-30.14,-29.91,81.40,81.83,51.26,51.97,86.28,-92.60,-10.30,0.0000,0.0052,0.0000,-0.0057,0.1888,0.1967,1.000,0.03500
744679.7700,1019,TRACKING,135.5,252.7,248.2,318.1,356.0,183.6,-30.14,-29.91,81.40,81.83,51.26,51.97,86.28,-92.60,-10.30,0.0000,0.0052,0.0000,-0.0057,0.1888,0.1967,1.000,0.03500
744679.8032,1020,TRACKING,137.7,252.6,250.0,314.9,355.1,183.0,-29.03,-29.91,80.50,81.83,51.46,51.97,86.28,-92.60,-10.30,0.0000,0.0052,0.0000,-0.0057,0.1888,0.1967,1.000,0.03500
744679.8365,1021,TRACKING,135.7,248.1,247.4,315.3,344.1,188.1,-31.05,-29.91,83.80,81.83,52.75,51.97,86.28,-92.60,-10.30,0.0000,0.0052,0.0000,-0.0057,0.1888,0.1967,1.000,0.03500
744679.8699,1022,TRACKING,132.3,245.3,241.0,315.3,338.1,186.4,-32.79,-30.43,85.78,82.56,53.00,51.97,85.75,-91.87,-10.30,0.0000,0.0052,0.0000,-0.0057,0.1888,0.1967,1.000,0.03500
744679.9033,1023,TRACKING,132.3,245.3,241.0,315.3,338.1,186.4,-32.79,-30.99,85.78,83.33,53.00,51.97,85.19,-91.10,-10.30,0.0000,0.0052,0.0000,-0.0057,0.1888,0.1967,1.000,0.03500
744679.9374,1024,TRACKING,136.7,237.3,236.8,305.4,333.0,185.4,-34.25,-31.69,85.54,83.95,51.29,51.97,84.49,-90.49,-10.30,0.0000,0.0052,0.0000,-0.0057,0.1888,0.1967,1.000,0.03500
744679.9698,1025,TRACKING,136.7,237.3,236.8,305.4,333.0,185.4,-34.25,-32.34,85.54,84.42,51.29,51.97,83.84,-90.02,-10.30,0.0000,0.0052,0.0000,-0.0057,0.1888,0.1967,1.000,0.03500
744680.0034,1026,TRACKING,128.5,249.3,232.7,319.4,324.2,183.5,-33.93,-32.82,90.00,85.48,56.07,52.59,83.36,-88.95,-9.68,0.0000,0.0052,0.0000,-0.0057,0.1774,0.1890,1.000,0.03500
744680.0373,1027,TRACKING,128.5,249.3,232.7,319.4,324.2,183.5,-33.93,-32.82,90.00,86.58,56.07,53.36,83.36,-87.85,-8.90,0.0000,0.0052,0.0000,-0.0057,0.1632,0.1787,1.000,0.03500
744680.0698,1028,TRACKING,133.2,245.6,239.6,322.5,336.7,188.6,-35.84,-33.50,89.90,87.50,54.06,53.36,82.69,-86.93,-8.90,0.0000,0.0052,0.0000,-0.0057,0.1632,0.1725,1.000,0.03500
744680.1032,1029,TRACKING,133.4,247.5,238.4,327.2,340.3,191.6,-37.20,-34.33,90.28,88.27,53.08,53.36,81.86,-86.16,-8.90,0.0000,0.0052,0.0000,-0.0057,0.1632,0.1688,1.000,0.03500
744680.1365,1030,TRACKING,133.4,247.5,238.4,327.2,340.3,191.6,-37.20,-35.08,90.28,88.86,53.08,53.36,81.10,-85.57,-8.90,0.0000,0.0052,0.0000,-0.0057,0.1632,0.1688,1.000,0.03500
744680.1700,1031,TRACKING,134.0,247.2,233.7,332.2,343.2,195.5,-40.43,-36.19,91.74,89.52,51.31,53.36,79.99,-84.91,-8.90,0.0000,0.0052,0.0000,-0.0057,0.1632,0.1688,1.000,0.03500
744680.2033,1032,TRACKING,127.0,246.6,224.7,337.8,343.4,197.5,-43.03,-37.68,92.79,90.26,49.76,52.61,78.51,-84.17,-9.66,0.0000,0.0052,0.0000,-0.0057,0.1771,0.1721,1.000,0.03500
744680.2365,1033,TRACKING,127.0,246.6,224.7,337.8,343.4,197.5,-43.03,-39.05,92.79,90.92,49.76,51.89,77.13,-83.51,-10.38,0.0000,0.0052,0.0000,-0.0057,0.1903,0.1794,1.000,0.03500
744680.2699,1034,TRACKING,133.2,248.1,234.3,328.6,345.2,197.8,-38.54,-39.05,88.25,90.92,49.71,51.29,77.13,-83.51,-10.98,0.0000,0.0052,0.0000,-0.0057,0.2013,0.1881,1.000,0.03500
744680.3038,1035,TRACKING,128.5,246.8,228.8,333.3,347.6,195.9,-40.75,-39.55,89.91,90.92,49.16,50.74,76.63,-83.51,-11.53,0.0000,0.0052,0.0000,-0.0057,0.2114,0.1974,1.000,0.03500
744680.3366,1036,TRACKING,130.8,246.4,232.3,333.5,348.1,195.2,-40.64,-39.55,90.70,90.92,50.06,50.74,76.63,-83.51,-11.53,0.0000,0.0052,0.0000,-0.0057,0.2114,0.2030,1.000,0.03500
744680.3698,1037,TRACKING,130.8,246.4,232.3,333.5,348.1,195.2,-40.64,-39.55,90.70,90.92,50.06,50.74,76.63,-83.51,-11.53,0.0000,0.0052,0.0000,-0.0057,0.2114,0.2064,1.000,0.03500
744680.4032,1038,TRACKING,130.1,248.1,230.9,326.9,350.7,196.4,-37.99,-39.55,85.45,90.00,47.46,50.07,76.63,-84.43,-12.19,0.0000,0.0052,0.0000,-0.0057,0.2236,0.2132,1.000,0.03500
744680.4366,1039,TRACKING,129.4,249.3,229.8,326.8,352.8,196.9,-37.66,-39.55,84.24,88.77,46.58,49.28,76.63,-85.66,-12.98,0.0000,0.0052,0.0000,-0.0057,0.2380,0.2231,1.000,0.03500
744680.4698,1040,TRACKING,129.4,249.3,229.8,326.8,352.8,196.9,-37.66,-39.08,84.24,87.62,46.58,48.58,77.10,-86.81,-13.69,0.0000,0.0052,0.0000,-0.0057,0.2510,0.2343,1.000,0.03500
744680.5040,1041,TRACKING,129.9,248.9,231.3,321.7,354.0,197.8,-35.66,-38.38,80.94,86.16,45.27,47.81,77.80,-88.27,-14.46,0.0000,0.0052,0.0000,-0.0057,0.2651,0.2466,1.000,0.03500
744680.5366,1042,TRACKING,135.6,247.6,243.5,319.7,398.6,178.6,-33.73,-37.39,76.05,83.98,42.31,46.61,78.79,-90.45,-15.66,0.0000,0.0052,0.0000,-0.0057,0.2871,0.2628,1.000,0.03500
744680.5699,1043,TRACKING,135.6,247.6,243.5,319.7,398.6,178.6,-33.73,-36.46,76.05,81.93,42.31,45.49,79.73,-92.50,-16.78,0.0000,0.0052,0.0000,-0.0057,0.3076,0.2807,1.000,0.03500
744680.6033,1044,TRACKING,135.4,252.4,244.0,321.9,357.3,194.5,-32.63,-35.52,80.99,80.98,48.36,45.49,80.66,-93.45,-16.78,0.0000,0.0052,0.0000,-0.0057,0.3076,0.2915,1.000,0.03500
744680.6367,1045,TRACKING,135.5,253.7,242.5,320.3,358.7,190.2,-31.90,-34.62,80.13,80.50,48.23,45.49,81.56,-93.93,-16.78,0.0000,0.0052,0.0000,-0.0057,0.3076,0.2980,1.000,0.03500
744680.6699,1046,TRACKING,135.5,253.7,242.5,320.3,358.7,190.2,-31.90,-33.87,80.13,80.50,48.23,46.14,82.32,-93.93,-16.13,0.0000,0.0052,0.0000,-0.0057,0.2957,0.2980,1.000,0.03500
744680.7035,1047,TRACKING,135.8,254.4,237.9,318.3,359.7,185.5,-32.03,-33.31,79.50,80.50,47.47,46.58,82.87,-93.93,-15.68,0.0000,0.0052,0.0000,-0.0057,0.2876,0.2938,1.000,0.03500
744680.7367,1048,TRACKING,135.3,253.8,244.7,315.2,356.0,184.6,-29.32,-32.48,78.91,80.50,49.58,47.21,83.70,-93.93,-15.06,0.0000,0.0052,0.0000,-0.0057,0.2761,0.2867,1.000,0.03500
744680.7698,1049,TRACKING,135.5,254.0,246.0,314.9,358.1,184.4,-28.85,-31.61,78.19,79.90,49.34,47.76,84.57,-94.53,-14.50,0.0000,0.0052,0.0000,-0.0057,0.2659,0.2784,1.000,0.03500
744680.8032,1050,TRACKING,135.5,254.0,246.0,314.9,358.1,184.4,-28.85,-30.87,78.19,79.42,49.34,48.21,85.32,-95.01,-14.06,0.0000,0.0052,0.0000,-0.0057,0.2577,0.2701,1.000,0.03500
744680.8366,1051,TRACKING,136.0,254.0,246.1,315.1,359.1,187.0,-29.04,-30.31,77.62,78.96,48.58,48.21,85.87,-95.47,-14.06,0.0000,0.0052,0.0000,-0.0057,0.2577,0.2652,1.000,0.03500
744680.8698,1052,TRACKING,135.5,251.3,246.1,312.4,360.2,188.6,-28.93,-30.31,76.25,78.37,47.33,48.21,85.87,-96.06,-14.06,0.0000,0.0052,0.0000,-0.0057,0.2577,0.2652,1.000,0.03500
744680.9033,1053,TRACKING,135.8,254.4,246.6,312.5,361.1,190.2,-27.70,-29.67,74.59,77.57,46.89,48.21,86.51,-96.86,-14.06,0.0000,0.0052,0.0000,-0.0057,0.2577,0.2652,1.000,0.03500
744680.9366,1054,TRACKING,133.5,250.7,239.0,316.2,360.3,193.4,-31.80,-29.67,77.14,77.57,45.33,47.63,86.51,-96.86,-14.63,0.0000,0.0052,0.0000,-0.0057,0.2683,0.2652,1.000,0.03500
744680.9698,1055,TRACKING,133.5,250.7,239.0,316.2,360.3,193.4,-31.80,-29.67,77.14,77.57,45.33,47.06,86.51,-96.86,-15.20,0.0000,0.0052,0.0000,-0.0057,0.2787,0.2706,1.000,0.03500
744681.0033,1056,TRACKING,136.4,248.9,245.5,316.9,358.1,192.5,-31.95,-30.25,79.81,77.57,47.86,47.06,85.94,-96.86,-15.20,0.0000,0.0052,0.0000,-0.0057,0.2787,0.2738,1.000,0.03500
744681.0365,1057,TRACKING,133.0,247.8,239.0,314.4,352.6,191.3,-32.09,-30.74,79.39,77.57,47.30,47.06,85.44,-96.86,-15.20,0.0000,0.0052,0.0000,-0.0057,0.2787,0.2738,1.000,0.03500
744681.0698,1058,TRACKING,133.0,247.8,239.0,314.4,352.6,191.3,-32.09,-30.74,79.39,78.07,47.30,47.06,85.44,-96.36,-15.20,0.0000,0.0052,0.0000,-0.0057,0.2787,0.2738,1.000,0.03500
744681.1036,1059,TRACKING,136.1,248.4,248.9,315.8,356.2,191.6,-30.84,-30.74,80.00,78.55,49.16,47.06,85.44,-95.88,-15.20,0.0000,0.0052,0.0000,-0.0057,0.2787,0.2738,1.000,0.03500
744681.1365,1060,TRACKING,136.1,248.4,248.9,315.8,356.2,191.6,-30.84,-30.74,80.00,78.55,49.16,47.58,85.44,-95.88,-14.68,0.0000,0.0052,0.0000,-0.0057,0.2692,0.2738,1.000,0.03500
744681.1699,1061,TRACKING,136.1,248.4,248.9,315.8,356.2,191.6,-30.84,-30.74,80.00,78.99,49.16,48.01,85.44,-95.44,-14.25,0.0000,0.0052,0.0000,-0.0057,0.2613,0.2688,1.000,0.03500
744681.2036,1062,TRACKING,136.3,242.7,244.9,314.7,356.7,194.3,-33.54,-31.23,80.69,79.42,47.15,48.01,84.95,-95.01,-14.25,0.0000,0.0052,0.0000,-0.0057,0.2613,0.2688,1.000,0.03500
744681.2373,1063,TRACKING,136.3,242.7,244.9,314.7,356.7,194.3,-33.54,-31.77,80.69,79.42,47.15,48.01,84.41,-95.01,-14.25,0.0000,0.0052,0.0000,-0.0057,0.2613,0.2688,1.000,0.03500
744681.2710,1064,TRACKING,138.1,242.4,245.5,313.2,358.4,196.3,-33.40,-32.22,79.41,79.42,46.01,48.01,83.96,-95.01,-14.25,0.0000,0.0052,0.0000,-0.0057,0.2613,0.2688,1.000,0.03500
744681.3036,1065,TRACKING,138.1,242.4,245.5,313.2,358.4,196.3,-33.40,-32.22,79.41,79.42,46.01,47.49,83.96,-95.01,-14.78,0.0000,0.0052,0.0000,-0.0057,0.2709,0.2688,1.000,0.03500
744681.3365,1066,TRACKING,138.1,242.4,245.5,313.2,358.4,196.3,-33.40,-32.22,79.41,79.42,46.01,47.07,83.96,-95.01,-15.20,0.0000,0.0052,0.0000,-0.0057,0.2787,0.2728,1.000,0.03500
744681.3700,1067,TRACKING,136.7,242.7,244.5,315.3,357.9,198.5,-33.93,-32.70,79.77,79.42,45.84,47.07,83.49,-95.01,-15.20,0.0000,0.0052,0.0000,-0.0057,0.2787,0.2728,1.000,0.03500
744681.4035,1068,TRACKING,132.0,249.2,232.4,317.7,357.6,199.8,-34.27,-32.70,77.53,79.42,43.26,46.27,83.49,-95.01,-16.00,0.0000,0.0052,0.0000,-0.0057,0.2934,0.2810,1.000,0.03500
744681.4375,1069,TRACKING,132.0,249.2,232.4,317.7,357.6,199.8,-34.27,-33.17,77.53,78.97,43.26,45.50,83.01,-95.46,-16.76,0.0000,0.0052,0.0000,-0.0057,0.3073,0.2915,1.000,0.03500
744681.4699,1070,TRACKING,131.9,250.1,238.7,316.8,357.1,200.8,-31.99,-33.17,76.39,78.40,44.40,45.06,83.01,-96.03,-17.21,0.0000,0.0052,0.0000,-0.0057,0.3155,0.3011,1.000,0.03500
744681.5032,1071,TRACKING,131.9,250.1,238.7,316.8,357.1,200.8,-31.99,-33.17,76.39,77.88,44.40,45.06,83.01,-96.55,-17.21,0.0000,0.0052,0.0000,-0.0057,0.3155,0.3069,1.000,0.03500
744681.5368,1072,TRACKING,136.0,247.4,250.1,317.7,360.9,198.8,-31.65,-33.17,78.69,77.88,47.03,45.06,83.01,-96.55,-17.21,0.0000,0.0052,0.0000,-0.0057,0.3155,0.3104,1.000,0.03500
744681.5715,1073,TRACKING,136.0,247.4,250.1,317.7,360.9,198.8,-31.65,-32.74,78.69,77.88,47.03,45.06,83.45,-96.55,-17.21,0.0000,0.0052,0.0000,-0.0057,0.3155,0.3104,1.000,0.03500
744681.6047,1074,TRACKING,130.2,252.5,230.3,325.8,359.5,198.3,-36.20,-32.74,80.82,78.35,44.63,45.06,83.45,-96.08,-17.21,0.0000,0.0052,0.0000,-0.0057,0.3155,0.3104,1.000,0.03500
744681.6370,1075,TRACKING,130.2,252.5,230.3,325.8,359.5,198.3,-36.20,-33.48,80.82,78.90,44.63,45.06,82.71,-95.53,-17.21,0.0000,0.0052,0.0000,-0.0057,0.3155,0.3104,1.000,0.03500
744681.6700,1076,TRACKING,130.2,252.5,230.3,325.8,359.5,198.3,-36.20,-34.17,80.82,79.40,44.63,45.06,82.01,-95.03,-17.21,0.0000,0.0052,0.0000,-0.0057,0.3155,0.3104,1.000,0.03500
744681.7048,1077,TRACKING,133.1,252.1,236.2,322.0,362.0,194.1,-34.11,-34.17,79.57,79.40,45.46,45.06,82.01,-95.03,-17.21,0.0000,0.0052,0.0000,-0.0057,0.3155,0.3104,1.000,0.03500
744681.7365,1078,TRACKING,134.9,252.6,241.9,321.3,363.0,191.0,-32.72,-34.17,79.83,79.40,47.11,45.06,82.01,-95.03,-17.21,0.0000,0.0052,0.0000,-0.0057,0.3155,0.3104,1.000,0.03500
744681.7700,1079,TRACKING,134.9,252.6,241.9,321.3,363.0,191.0,-32.72,-34.17,79.83,79.40,47.11,45.56,82.01,-95.03,-16.70,0.0000,0.0052,0.0000,-0.0057,0.3062,0.3104,1.000,0.03500
744681.8046,1080,TRACKING,135.2,252.5,244.3,319.6,362.3,190.6,-31.59,-33.61,79.16,79.40,47.56,46.06,82.58,-95.03,-16.21,0.0000,0.0052,0.0000,-0.0057,0.2971,0.3051,1.000,0.03500
744681.8368,1081,TRACKING,135.2,252.5,244.3,319.6,362.3,190.6,-31.59,-33.09,79.16,79.40,47.56,46.06,83.10,-95.03,-16.21,0.0000,0.0052,0.0000,-0.0057,0.2971,0.3051,1.000,0.03500
744681.8699,1082,TRACKING,135.5,254.6,248.5,318.8,361.6,191.2,-29.61,-32.35,78.05,79.40,48.43,46.66,83.84,-95.03,-15.61,0.0000,0.0052,0.0000,-0.0057,0.2862,0.2975,1.000,0.03500
744681.9032,1083,TRACKING,135.5,254.6,248.5,318.8,361.6,191.2,-29.61,-31.65,78.05,79.40,48.43,47.15,84.53,-95.03,-15.12,0.0000,0.0052,0.0000,-0.0057,0.2771,0.2894,1.000,0.03500
744681.9369,1084,TRACKING,135.6,251.8,243.3,317.4,358.9,191.3,-31.35,-31.65,78.83,79.40,47.48,47.15,84.53,-95.03,-15.12,0.0000,0.0052,0.0000,-0.0057,0.2771,0.2845,1.000,0.03500
744681.9719,1085,TRACKING,134.8,253.6,243.4,319.1,358.2,190.7,-31.12,-31.65,79.32,79.40,48.20,47.15,84.53,-95.03,-15.12,0.0000,0.0052,0.0000,-0.0057,0.2771,0.2845,1.000,0.03500
744682.0032,1086,TRACKING,134.8,253.6,243.4,319.1,358.2,190.7,-31.12,-31.65,79.32,79.40,48.20,47.15,84.53,-95.03,-15.12,0.0000,0.0052,0.0000,-0.0057,0.2771,0.2845,1.000,0.03500
744682.0369,1087,TRACKING,135.2,252.1,244.0,318.2,357.8,191.1,-31.27,-31.65,79.46,79.40,48.18,47.15,84.53,-95.03,-15.12,0.0000,0.0052,0.0000,-0.0057,0.2771,0.2845,1.000,0.03500
744682.0698,1088,TRACKING,135.8,253.2,245.7,320.1,358.0,191.4,-31.34,-31.65,80.25,79.40,48.91,47.62,84.53,-95.03,-14.65,0.0000,0.0052,0.0000,-0.0057,0.2686,0.2781,1.000,0.03500
744682.1033,1089,TRACKING,136.5,252.5,249.6,319.6,359.7,192.3,-30.66,-31.65,79.80,79.40,49.14,47.62,84.53,-95.03,-14.65,0.0000,0.0052,0.0000,-0.0057,0.2686,0.2743,1.000,0.03500
744682.1366,1090,TRACKING,136.5,252.5,249.6,319.6,359.7,192.3,-30.66,-31.65,79.80,79.40,49.14,48.08,84.53,-95.03,-14.19,0.0000,0.0052,0.0000,-0.0057,0.2601,0.2686,1.000,0.03500
744682.1699,1091,TRACKING,134.3,253.1,245.6,319.9,360.6,191.0,-31.01,-31.65,79.27,79.40,48.26,48.08,84.53,-95.03,-14.19,0.0000,0.0052,0.0000,-0.0057,0.2601,0.2652,1.000,0.03500
744682.2032,1092,TRACKING,134.3,253.1,245.6,319.9,360.6,191.0,-31.01,-31.65,79.27,79.40,48.26,48.08,84.53,-95.03,-14.19,0.0000,0.0052,0.0000,-0.0057,0.2601,0.2652,1.000,0.03500
744682.2367,1093,TRACKING,134.5,252.5,247.3,321.0,362.3,189.9,-31.28,-31.65,80.02,79.40,48.74,48.08,84.53,-95.03,-14.19,0.0000,0.0052,0.0000,-0.0057,0.2601,0.2652,1.000,0.03500
744682.2710,1094,TRACKING,138.3,240.9,244.2,321.1,366.4,185.1,-37.12,-32.42,85.19,80.37,48.07,48.08,83.77,-94.06,-14.19,0.0000,0.0052,0.0000,-0.0057,0.2601,0.2652,1.000,0.03500
744682.3036,1095,TRACKING,138.3,240.9,244.2,321.1,366.4,185.1,-37.12,-33.43,85.19,81.48,48.07,48.08,82.75,-92.95,-14.19,0.0000,0.0052,0.0000,-0.0057,0.2601,0.2652,1.000,0.03500
744682.3365,1096,TRACKING,135.8,248.4,248.1,320.5,368.2,186.0,-32.73,-33.43,80.97,81.48,48.24,48.08,82.75,-92.95,-14.19,0.0000,0.0052,0.0000,-0.0057,0.2601,0.2652,1.000,0.03500
744682.3698,1097,TRACKING,135.8,248.4,248.1,320.5,368.2,186.0,-32.73,-33.43,80.97,81.48,48.24,48.08,82.75,-92.95,-14.19,0.0000,0.0052,0.0000,-0.0057,0.2601,0.2652,1.000,0.03500
744682.4034,1098,TRACKING,133.9,250.7,246.4,316.2,364.1,197.5,-30.22,-32.95,75.47,80.61,45.25,48.08,83.24,-93.82,-14.19,0.0000,0.0052,0.0000,-0.0057,0.2601,0.2652,1.000,0.03500
744682.4365,1099,TRACKING,133.9,250.7,246.4,316.2,364.1,197.5,-30.22,-32.34,75.47,79.50,45.25,47.42,83.84,-94.93,-14.84,0.0000,0.0052,0.0000,-0.0057,0.2721,0.2652,1.000,0.03500
744682.4704,1100,TRACKING,132.9,250.1,245.8,314.1,361.7,200.8,-29.53,-31.69,73.87,78.22,44.34,46.71,84.50,-96.21,-15.56,0.0000,0.0052,0.0000,-0.0057,0.2852,0.2732,1.000,0.03500
744682.5052,1101,TRACKING,134.7,252.8,243.3,317.2,363.3,198.7,-30.70,-31.69,75.34,77.31,44.65,46.13,84.50,-97.12,-16.14,0.0000,0.0052,0.0000,-0.0057,0.2958,0.2823,1.000,0.03500
744682.5365,1102,TRACKING,134.7,252.8,243.3,317.2,363.3,198.7,-30.70,-31.69,75.34,76.68,44.65,45.69,84.50,-97.75,-16.58,0.0000,0.0052,0.0000,-0.0057,0.3039,0.2909,1.000,0.03500
744682.5698,1103,TRACKING,134.1,248.5,240.6,314.4,366.3,201.6,-31.75,-31.69,73.65,75.97,41.90,44.93,84.50,-98.46,-17.33,0.0000,0.0052,0.0000,-0.0057,0.3178,0.3017,1.000,0.03500
744682.6036,1104,TRACKING,135.5,251.9,243.5,317.2,366.4,201.7,-31.19,-31.69,74.43,75.47,43.24,44.40,84.50,-98.96,-17.87,0.0000,0.0052,0.0000,-0.0057,0.3276,0.3120,1.000,0.03500
744682.6369,1105,TRACKING,135.5,251.9,243.5,317.2,366.4,201.7,-31.19,-31.69,74.43,75.47,43.24,44.40,84.50,-98.96,-17.87,0.0000,0.0052,0.0000,-0.0057,0.3276,0.3183,1.000,0.03500
744682.6700,1106,TRACKING,135.9,250.3,244.1,315.8,368.1,203.0,-31.19,-31.69,73.48,74.97,42.29,43.86,84.50,-99.46,-18.41,0.0000,0.0052,0.0000,-0.0057,0.3375,0.3260,1.000,0.03500
744682.7033,1107,TRACKING,134.6,251.4,237.5,319.9,375.5,200.5,-33.61,-31.69,74.45,74.97,40.85,43.18,84.50,-99.46,-19.09,0.0000,0.0052,0.0000,-0.0057,0.3500,0.3356,1.000,0.03500
744682.7370,1108,TRACKING,134.6,251.4,237.5,319.9,375.5,200.5,-33.61,-31.69,74.45,74.97,40.85,42.56,84.50,-99.46,-19.70,0.0000,0.0052,0.0000,-0.0057,0.3612,0.3458,1.000,0.03500
744682.7713,1109,TRACKING,135.4,250.9,239.1,320.9,375.2,199.3,-34.02,-32.28,75.82,74.97,41.80,42.56,83.90,-99.46,-19.70,0.0000,0.0052,0.0000,-0.0057,0.3612,0.3520,1.000,0.03500
744682.8033,1110,TRACKING,135.4,250.9,239.1,320.9,375.2,199.3,-34.02,-32.77,75.82,74.97,41.80,42.56,83.42,-99.46,-19.70,0.0000,0.0052,0.0000,-0.0057,0.3612,0.3557,1.000,0.03500
744682.8367,1111,TRACKING,133.9,249.8,235.2,325.2,375.2,195.6,-36.67,-33.56,79.48,75.76,42.81,42.56,82.62,-98.67,-19.70,0.0000,0.0052,0.0000,-0.0057,0.3612,0.3557,1.000,0.03500
744682.8726,1112,TRACKING,133.9,251.3,235.6,326.3,374.7,198.7,-36.43,-34.30,78.95,76.55,42.52,42.56,81.89,-97.88,-19.70,0.0000,0.0052,0.0000,-0.0057,0.3612,0.3557,1.000,0.03500
744682.9032,1113,TRACKING,133.9,251.3,235.6,326.3,374.7,198.7,-36.43,-34.90,78.95,77.21,42.52,42.56,81.29,-97.22,-19.70,0.0000,0.0052,0.0000,-0.0057,0.3612,0.3557,1.000,0.03500
744682.9366,1114,TRACKING,137.2,244.3,238.5,325.5,373.7,197.9,-38.71,-35.72,82.07,78.22,43.37,42.56,80.47,-96.21,-19.70,0.0000,0.0052,0.0000,-0.0057,0.3612,0.3557,1.000,0.03500
744682.9698,1115,TRACKING,137.2,244.3,238.5,325.5,373.7,197.9,-38.71,-36.48,82.07,79.19,43.37,42.56,79.70,-95.24,-19.70,0.0000,0.0052,0.0000,-0.0057,0.3612,0.3557,1.000,0.03500
744683.0032,1116,TRACKING,136.0,253.0,241.6,321.8,371.3,198.5,-33.10,-36.48,76.67,79.19,43.56,42.56,79.70,-95.24,-19.70,0.0000,0.0052,0.0000,-0.0057,0.3612,0.3557,1.000,0.03500
744683.0367,1117,TRACKING,135.9,253.2,238.6,324.7,371.4,198.4,-34.81,-36.48,78.39,79.19,43.57,42.56,79.70,-95.24,-19.70,0.0000,0.0052,0.0000,-0.0057,0.3612,0.3557,1.000,0.03500
744683.0706,1118,TRACKING,133.5,253.0,237.4,323.6,370.9,200.4,-34.22,-35.91,76.92,78.75,42.69,42.56,80.28,-95.68,-19.70,0.0000,0.0052,0.0000,-0.0057,0.3612,0.3557,1.000,0.03500
744683.1032,1119,TRACKING,133.5,253.0,237.4,323.6,370.9,200.4,-34.22,-35.44,76.92,78.30,42.69,42.56,80.75,-96.13,-19.70,0.0000,0.0052,0.0000,-0.0057,0.3612,0.3557,1.000,0.03500
744683.1368,1120,TRACKING,132.0,251.9,233.7,323.3,370.2,200.5,-35.06,-35.44,77.02,78.30,41.95,42.56,80.75,-96.13,-19.70,0.0000,0.0052,0.0000,-0.0057,0.3612,0.3557,1.000,0.03500
744683.1698,1121,TRACKING,132.0,251.9,233.7,323.3,370.2,200.5,-35.06,-35.44,77.02,78.30,41.95,42.56,80.75,-96.13,-19.70,0.0000,0.0052,0.0000,-0.0057,0.3612,0.3557,1.000,0.03500
744683.2032,1122,TRACKING,132.8,250.7,238.9,323.6,368.9,199.7,-34.53,-35.44,78.17,78.30,43.64,42.56,80.75,-96.13,-19.70,0.0000,0.0052,0.0000,-0.0057,0.3612,0.3557,1.000,0.03500
744683.2368,1123,TRACKING,132.6,250.7,236.7,324.5,368.5,200.4,-35.36,-35.44,78.62,78.30,43.27,42.56,80.75,-96.13,-19.70,0.0000,0.0052,0.0000,-0.0057,0.3612,0.3557,1.000,0.03500
744683.2698,1124,TRACKING,132.1,251.3,236.9,324.8,369.6,200.5,-35.03,-35.44,78.16,78.30,43.13,42.56,80.75,-96.13,-19.70,0.0000,0.0052,0.0000,-0.0057,0.3612,0.3557,1.000,0.03500
744683.3040,1125,TRACKING,132.1,251.3,236.9,324.8,369.6,200.5,-35.03,-35.44,78.16,78.30,43.13,42.56,80.75,-96.13,-19.70,0.0000,0.0052,0.0000,-0.0057,0.3612,0.3557,1.000,0.03500
744683.3366,1126,TRACKING,132.4,252.7,236.4,325.0,369.2,200.6,-34.85,-35.44,77.98,78.30,43.13,42.56,80.75,-96.13,-19.70,0.0000,0.0052,0.0000,-0.0057,0.3612,0.3557,1.000,0.03500
744683.3699,1127,TRACKING,131.9,252.9,236.9,324.5,369.4,200.9,-34.31,-35.44,77.31,78.30,43.00,42.56,80.75,-96.13,-19.70,0.0000,0.0052,0.0000,-0.0057,0.3612,0.3557,1.000,0.03500
744683.4032,1128,TRACKING,133.7,252.8,238.7,324.6,368.8,201.8,-34.38,-35.44,77.72,78.30,43.34,42.56,80.75,-96.13,-19.70,0.0000,0.0052,0.0000,-0.0057,0.3612,0.3557,1.000,0.03500
744683.4368,1129,TRACKING,132.9,252.0,238.8,325.9,369.0,201.7,-34.90,-35.44,78.53,78.30,43.63,42.56,80.75,-96.13,-19.70,0.0000,0.0052,0.0000,-0.0057,0.3612,0.3557,1.000,0.03500
744683.4700,1130,TRACKING,133.1,251.2,237.5,325.9,369.6,203.1,-35.57,-35.44,78.48,78.30,42.91,42.56,80.75,-96.13,-19.70,0.0000,0.0052,0.0000,-0.0057,0.3612,0.3557,1.000,0.03500
744683.5039,1131,TRACKING,131.6,252.6,236.7,325.7,370.6,203.7,-34.81,-35.44,77.15,78.30,42.34,42.56,80.75,-96.13,-19.70,0.0000,0.0052,0.0000,-0.0057,0.3612,0.3557,1.000,0.03500
744683.5365,1132,TRACKING,135.4,252.3,240.9,323.5,371.0,204.9,-34.03,-35.44,76.38,78.30,42.36,42.56,80.75,-96.13,-19.70,0.0000,0.0052,0.0000,-0.0057,0.3612,0.3557,1.000,0.03500
744683.5698,1133,TRACKING,135.4,252.3,240.9,323.5,371.0,204.9,-34.03,-35.44,76.38,77.78,42.36,42.56,80.75,-96.65,-19.70,0.0000,0.0052,0.0000,-0.0057,0.3612,0.3557,1.000,0.03500
744683.6032,1134,TRACKING,132.7,253.3,240.1,326.2,372.4,204.2,-34.15,-35.44,76.84,77.78,42.69,42.56,80.75,-96.65,-19.70,0.0000,0.0052,0.0000,-0.0057,0.3612,0.3557,1.000,0.03500
744683.6367,1135,TRACKING,132.4,249.9,237.9,325.6,375.0,204.1,-35.64,-35.44,77.20,77.78,41.56,42.56,80.75,-96.65,-19.70,0.0000,0.0052,0.0000,-0.0057,0.3612,0.3557,1.000,0.03500
744683.6709,1136,TRACKING,132.0,248.5,236.4,327.7,376.9,202.7,-37.15,-35.44,78.81,77.78,41.66,42.56,80.75,-96.65,-19.70,0.0000,0.0052,0.0000,-0.0057,0.3612,0.3557,1.000,0.03500
744683.7048,1137,TRACKING,129.1,248.0,235.5,328.0,375.7,200.7,-36.97,-35.44,79.19,77.78,42.23,42.56,80.75,-96.65,-19.70,0.0000,0.0052,0.0000,-0.0057,0.3612,0.3557,1.000,0.03500
744683.7370,1138,TRACKING,129.1,248.0,235.5,328.0,375.7,200.7,-36.97,-35.86,79.19,77.78,42.23,42.56,80.32,-96.65,-19.70,0.0000,0.0052,0.0000,-0.0057,0.3612,0.3557,1.000,0.03500
744683.7698,1139,TRACKING,132.0,248.7,235.1,324.2,369.8,207.3,-36.21,-35.86,77.15,77.78,40.94,42.56,80.32,-96.65,-19.70,0.0000,0.0052,0.0000,-0.0057,0.3612,0.3557,1.000,0.03500
744683.8034,1140,TRACKING,132.2,249.9,239.6,325.9,367.2,213.2,-35.31,-35.86,76.75,77.78,41.44,42.56,80.32,-96.65,-19.70,0.0000,0.0052,0.0000,-0.0057,0.3612,0.3557,1.000,0.03500
744683.8365,1141,TRACKING,132.2,249.9,239.6,325.9,367.2,213.2,-35.31,-35.86,76.75,77.78,41.44,42.56,80.32,-96.65,-19.70,0.0000,0.0052,0.0000,-0.0057,0.3612,0.3557,1.000,0.03500
744683.8710,1142,TRACKING,137.8,248.3,239.6,330.6,369.1,214.8,-38.97,-36.31,80.75,77.78,41.78,42.56,79.87,-96.65,-19.70,0.0000,0.0052,0.0000,-0.0057,0.3612,0.3557,1.000,0.03500
744683.9050,1143,TRACKING,137.8,248.3,239.6,330.6,369.1,214.8,-38.97,-36.89,80.75,78.44,41.78,42.56,79.30,-95.99,-19.70,0.0000,0.0052,0.0000,-0.0057,0.3612,0.3557,1.000,0.03500
744683.9410,1144,TRACKING,133.8,249.8,235.4,328.1,371.2,219.5,-37.66,-36.89,76.32,78.44,38.66,41.78,79.30,-95.99,-20.48,0.0000,0.0052,0.0000,-0.0057,0.3755,0.3636,1.000,0.03500
744683.9700,1145,TRACKING,133.8,249.8,235.4,328.1,371.2,219.5,-37.66,-36.89,76.32,78.44,38.66,41.01,79.30,-95.99,-21.25,0.0000,0.0052,0.0000,-0.0057,0.3897,0.3740,1.000,0.03500
744684.0032,1146,TRACKING,133.8,249.8,235.4,328.1,371.2,219.5,-37.66,-36.89,76.32,77.89,38.66,40.37,79.30,-96.54,-21.90,0.0000,0.0052,0.0000,-0.0057,0.4015,0.3850,1.000,0.03500
744684.0373,1147,TRACKING,136.2,250.6,239.1,331.3,371.9,225.2,-38.10,-36.89,76.72,77.89,38.61,39.86,79.30,-96.54,-22.41,0.0000,0.0052,0.0000,-0.0057,0.4108,0.3953,1.000,0.03500
744684.0702,1148,TRACKING,136.2,250.6,239.1,331.3,371.9,225.2,-38.10,-36.89,76.72,77.89,38.61,39.86,79.30,-96.54,-22.41,0.0000,0.0052,0.0000,-0.0057,0.4108,0.4015,1.000,0.03500
744684.1032,1149,TRACKING,136.3,247.7,235.4,330.3,372.4,227.5,-39.83,-37.56,76.71,77.89,36.88,39.18,78.62,-96.54,-23.08,0.0000,0.0052,0.0000,-0.0057,0.4232,0.4102,1.000,0.03500
744684.1367,1150,TRACKING,136.3,247.7,235.4,330.3,372.4,227.5,-39.83,-38.16,76.71,77.89,36.88,38.58,78.03,-96.54,-23.69,0.0000,0.0052,0.0000,-0.0057,0.4343,0.4198,1.000,0.03500
744684.1701,1151,TRACKING,135.7,249.4,235.7,331.3,374.6,229.3,-39.33,-38.16,75.61,77.31,36.28,38.00,78.03,-97.12,-24.27,0.0000,0.0052,0.0000,-0.0057,0.4449,0.4298,1.000,0.03500
744684.2032,1152,TRACKING,135.7,249.4,235.7,331.3,374.6,229.3,-39.33,-38.16,75.61,76.83,36.28,37.52,78.03,-97.60,-24.74,0.0000,0.0052,0.0000,-0.0057,0.4536,0.4393,1.000,0.03500
744684.2373,1153,TRACKING,135.9,251.4,235.3,340.8,374.5,228.0,-41.94,-38.98,80.96,77.33,39.02,37.52,77.20,-97.10,-24.74,0.0000,0.0052,0.0000,-0.0057,0.4536,0.4451,1.000,0.03500
744684.2700,1154,TRACKING,135.9,251.4,235.3,340.8,374.5,228.0,-41.94,-39.75,80.96,78.08,39.02,37.52,76.44,-96.35,-24.74,0.0000,0.0052,0.0000,-0.0057,0.4536,0.4485,1.000,0.03500
744684.3050,1155,TRACKING,135.5,249.0,234.9,330.6,377.2,226.4,-39.38,-39.75,75.58,78.08,36.20,37.52,76.44,-96.35,-24.74,0.0000,0.0052,0.0000,-0.0057,0.4536,0.4485,1.000,0.03500
744684.3365,1156,TRACKING,135.5,249.0,234.9,330.6,377.2,226.4,-39.38,-39.75,75.58,77.62,36.20,37.52,76.44,-96.81,-24.74,0.0000,0.0052,0.0000,-0.0057,0.4536,0.4485,1.000,0.03500
744684.3703,1157,TRACKING,135.9,250.2,236.4,332.6,384.2,224.2,-39.35,-39.75,75.61,77.14,36.26,37.52,76.44,-97.29,-24.74,0.0000,0.0052,0.0000,-0.0057,0.4536,0.4485,1.000,0.03500
744684.4032,1158,TRACKING,135.9,250.2,236.4,332.6,384.2,224.2,-39.35,-39.75,75.61,77.14,36.26,37.52,76.44,-97.29,-24.74,0.0000,0.0052,0.0000,-0.0057,0.4536,0.4485,1.000,0.03500
744684.4378,1159,TRACKING,134.6,250.1,233.7,334.9,387.1,221.7,-40.56,-39.75,76.98,77.14,36.42,37.52,76.44,-97.29,-24.74,0.0000,0.0052,0.0000,-0.0057,0.4536,0.4485,1.000,0.03500
744684.4700,1160,TRACKING,135.5,252.8,236.2,338.1,387.4,218.7,-40.30,-39.75,78.59,77.14,38.29,37.52,76.44,-97.29,-24.74,0.0000,0.0052,0.0000,-0.0057,0.4536,0.4485,1.000,0.03500
744684.5038,1161,TRACKING,135.5,252.8,236.2,338.1,387.4,218.7,-40.30,-39.75,78.59,77.14,38.29,37.52,76.44,-97.29,-24.74,0.0000,0.0052,0.0000,-0.0057,0.4536,0.4485,1.000,0.03500
744684.5391,1162,TRACKING,135.6,250.6,235.0,339.5,386.5,218.1,-41.81,-39.75,80.52,77.83,38.70,37.52,76.44,-96.60,-24.74,0.0000,0.0052,0.0000,-0.0057,0.4536,0.4485,1.000,0.03500
744684.5704,1163,TRACKING,135.6,250.6,235.0,339.5,386.5,218.1,-41.81,-40.30,80.52,78.50,38.70,37.52,75.88,-95.93,-24.74,0.0000,0.0052,0.0000,-0.0057,0.4536,0.4485,1.000,0.03500
744684.6041,1164,TRACKING,137.4,253.7,234.6,340.0,385.8,218.3,-41.62,-40.30,80.48,79.05,38.86,37.52,75.88,-95.38,-24.74,0.0000,0.0052,0.0000,-0.0057,0.4536,0.4485,1.000,0.03500
744684.6365,1165,TRACKING,137.4,253.7,234.6,340.0,385.8,218.3,-41.62,-40.73,80.48,79.47,38.86,37.94,75.45,-94.96,-24.32,0.0000,0.0052,0.0000,-0.0057,0.4459,0.4485,1.000,0.03500
744684.6715,1166,TRACKING,137.0,253.0,241.6,338.1,380.8,216.6,-39.11,-40.73,80.22,79.47,41.10,38.58,75.45,-94.96,-23.68,0.0000,0.0052,0.0000,-0.0057,0.4342,0.4428,1.000,0.03500
744684.7037,1167,TRACKING,137.1,252.8,242.0,334.2,379.7,215.8,-37.79,-40.21,78.48,79.47,40.69,39.14,75.97,-94.96,-23.13,0.0000,0.0052,0.0000,-0.0057,0.4240,0.4353,1.000,0.03500
744684.7365,1168,TRACKING,137.1,252.8,242.0,334.2,379.7,215.8,-37.79,-39.64,78.48,79.47,40.69,39.58,76.54,-94.96,-22.69,0.0000,0.0052,0.0000,-0.0057,0.4159,0.4275,1.000,0.03500
744684.7699,1169,TRACKING,135.9,254.5,240.4,337.2,379.9,215.5,-38.37,-39.64,79.46,79.47,41.09,39.58,76.54,-94.96,-22.69,0.0000,0.0052,0.0000,-0.0057,0.4159,0.4229,1.000,0.03500
744684.8032,1170,TRACKING,135.9,254.5,240.4,337.2,379.9,215.5,-38.37,-39.22,79.46,79.47,41.09,40.04,76.96,-94.96,-22.23,0.0000,0.0052,0.0000,-0.0057,0.4076,0.4168,1.000,0.03500
744684.8365,1171,TRACKING,137.0,253.5,238.8,336.5,379.6,216.7,-39.22,-39.22,79.62,79.47,40.40,40.04,76.96,-94.96,-22.23,0.0000,0.0052,0.0000,-0.0057,0.4076,0.4131,1.000,0.03500
744684.8702,1172,TRACKING,135.8,255.2,239.7,342.1,379.9,217.7,-39.94,-39.22,81.55,79.47,41.61,40.04,76.96,-94.96,-22.23,0.0000,0.0052,0.0000,-0.0057,0.4076,0.4131,1.000,0.03500
744684.9032,1173,TRACKING,135.8,255.2,239.7,342.1,379.9,217.7,-39.94,-39.22,81.55,79.98,41.61,40.49,76.96,-94.45,-21.78,0.0000,0.0052,0.0000,-0.0057,0.3993,0.4076,1.000,0.03500
744684.9369,1174,TRACKING,136.4,254.9,236.3,343.8,380.1,218.2,-41.68,-39.68,82.81,80.61,41.13,40.49,76.51,-93.82,-21.78,0.0000,0.0052,0.0000,-0.0057,0.3993,0.4042,1.000,0.03500
744684.9700,1175,TRACKING,135.8,252.7,237.2,339.3,380.0,218.2,-40.49,-39.68,80.80,80.61,40.31,40.49,76.51,-93.82,-21.78,0.0000,0.0052,0.0000,-0.0057,0.3993,0.4042,1.000,0.03500
744685.0032,1176,TRACKING,135.8,252.7,237.2,339.3,380.0,218.2,-40.49,-39.68,80.80,80.61,40.31,40.49,76.51,-93.82,-21.78,0.0000,0.0052,0.0000,-0.0057,0.3993,0.4042,1.000,0.03500
744685.0368,1177,TRACKING,135.2,254.7,238.6,340.7,379.9,219.1,-39.76,-39.68,80.47,80.61,40.71,40.49,76.51,-93.82,-21.78,0.0000,0.0052,0.0000,-0.0057,0.3993,0.4042,1.000,0.03500
744685.0720,1178,TRACKING,135.8,251.4,234.1,338.7,378.7,219.3,-41.62,-39.68,81.18,80.61,39.56,40.49,76.51,-93.82,-21.78,0.0000,0.0052,0.0000,-0.0057,0.3993,0.4042,1.000,0.03500
744685.1033,1179,TRACKING,135.8,251.4,234.1,338.7,378.7,219.3,-41.62,-40.20,81.18,80.61,39.56,40.49,75.98,-93.82,-21.78,0.0000,0.0052,0.0000,-0.0057,0.3993,0.4042,1.000,0.03500
744685.1368,1180,TRACKING,136.8,252.5,239.5,338.6,380.2,218.3,-39.97,-40.20,80.51,80.61,40.54,40.49,75.98,-93.82,-21.78,0.0000,0.0052,0.0000,-0.0057,0.3993,0.4042,1.000,0.03500
744685.1699,1181,TRACKING,137.1,251.5,234.8,339.5,377.7,219.4,-42.02,-40.20,82.06,80.61,40.05,40.49,75.98,-93.82,-21.78,0.0000,0.0052,0.0000,-0.0057,0.3993,0.4042,1.000,0.03500
744685.2033,1182,TRACKING,137.1,251.5,234.8,339.5,377.7,219.4,-42.02,-40.69,82.06,80.61,40.05,40.49,75.50,-93.82,-21.78,0.0000,0.0052,0.0000,-0.0057,0.3993,0.4042,1.000,0.03500
744685.2367,1183,TRACKING,136.5,250.2,234.4,339.2,377.8,217.1,-42.24,-40.69,82.66,81.14,40.42,40.49,75.50,-93.29,-21.78,0.0000,0.0052,0.0000,-0.0057,0.3993,0.4042,1.000,0.03500
744685.2707,1184,TRACKING,135.7,252.7,234.8,338.6,375.4,218.5,-40.94,-40.69,81.44,81.14,40.50,40.49,75.50,-93.29,-21.78,0.0000,0.0052,0.0000,-0.0057,0.3993,0.4042,1.000,0.03500
744685.3032,1185,TRACKING,135.7,252.7,234.8,338.6,375.4,218.5,-40.94,-40.69,81.44,81.14,40.50,40.49,75.50,-93.29,-21.78,0.0000,0.0052,0.0000,-0.0057,0.3993,0.4042,1.000,0.03500
744685.3366,1186,TRACKING,135.5,253.1,238.2,335.5,375.0,220.5,-38.75,-40.69,78.80,81.14,40.05,40.49,75.50,-93.29,-21.78,0.0000,0.0052,0.0000,-0.0057,0.3993,0.4042,1.000,0.03500
744685.3699,1187,TRACKING,135.5,253.1,238.2,335.5,375.0,220.5,-38.75,-40.69,78.80,80.62,40.05,40.49,75.50,-93.81,-21.78,0.0000,0.0052,0.0000,-0.0057,0.3993,0.4042,1.000,0.03500
744685.4034,1188,TRACKING,136.3,249.8,233.7,336.2,370.9,229.1,-41.57,-40.69,79.57,80.62,38.00,40.04,75.50,-93.81,-22.23,0.0000,0.0052,0.0000,-0.0057,0.4075,0.4042,1.000,0.03500
744685.4365,1189,TRACKING,135.6,249.7,234.1,334.1,372.9,233.3,-40.58,-40.69,76.59,79.81,36.01,39.25,75.50,-94.62,-23.01,0.0000,0.0052,0.0000,-0.0057,0.4219,0.4113,1.000,0.03500
744685.4698,1190,TRACKING,133.6,252.9,236.3,336.1,373.7,233.7,-38.99,-40.69,75.65,78.86,36.66,38.57,75.50,-95.57,-23.70,0.0000,0.0052,0.0000,-0.0057,0.4345,0.4206,1.000,0.03500
744685.5034,1191,TRACKING,133.6,252.9,236.3,336.1,373.7,233.7,-38.99,-40.25,75.65,78.02,36.66,38.02,75.93,-96.41,-24.24,0.0000,0.0052,0.0000,-0.0057,0.4445,0.4301,1.000,0.03500
744685.5368,1192,TRACKING,135.0,251.1,230.4,338.4,375.4,233.7,-42.46,-40.25,78.28,78.02,35.82,37.48,75.93,-96.41,-24.79,0.0000,0.0052,0.0000,-0.0057,0.4545,0.4399,1.000,0.03500
744685.5700,1193,TRACKING,135.9,252.2,234.9,338.7,378.5,234.2,-41.15,-40.25,77.21,78.02,36.06,37.48,75.93,-96.41,-24.79,0.0000,0.0052,0.0000,-0.0057,0.4545,0.4457,1.000,0.03500
744685.6039,1194,TRACKING,135.9,252.2,234.9,338.7,378.5,234.2,-41.15,-40.25,77.21,78.02,36.06,37.02,75.93,-96.41,-25.24,0.0000,0.0052,0.0000,-0.0057,0.4628,0.4525,1.000,0.03500
744685.6370,1195,TRACKING,135.4,251.1,228.5,337.5,381.8,234.8,-42.86,-40.81,76.67,78.02,33.81,36.35,75.37,-96.41,-25.92,0.0000,0.0052,0.0000,-0.0057,0.4752,0.4616,1.000,0.03500
744685.6699,1196,TRACKING,135.4,251.1,228.5,337.5,381.8,234.8,-42.86,-41.33,76.67,77.59,33.81,35.70,74.85,-96.84,-26.56,0.0000,0.0052,0.0000,-0.0057,0.4870,0.4718,1.000,0.03500
744685.7032,1197,TRACKING,135.7,251.8,232.8,339.3,385.0,233.6,-41.99,-41.33,76.74,77.59,34.75,35.70,74.85,-96.84,-26.56,0.0000,0.0052,0.0000,-0.0057,0.4870,0.4779,1.000,0.03500
744685.7372,1198,TRACKING,139.6,252.2,229.1,343.9,384.2,233.7,-45.69,-42.17,81.07,77.59,35.38,35.70,74.01,-96.84,-26.56,0.0000,0.0052,0.0000,-0.0057,0.4870,0.4815,1.000,0.03500
744685.7699,1199,TRACKING,139.6,252.2,229.1,343.9,384.2,233.7,-45.69,-43.03,81.07,78.35,35.38,35.70,73.16,-96.08,-26.56,0.0000,0.0052,0.0000,-0.0057,0.4870,0.4815,1.000,0.03500
