frame,label,u,v,u_flt,v_flt,du,dv,tgt_x,tgt_z,ik_q2,ik_q3,ik_jump,ik_ms,reach,elbow,j2_cmd,j3_cmd,j3i_cmd,j2_act,j3_act,tcp_x,tcp_y,tcp_z,tcp_r
0,real,-0.274788,-0.639432,-0.274788,-0.639432,-0.774788,-1.139432,0.200000,0.070000,1.751445,-0.360403,0.676477,0.631749,0.695975,91.790000,1.602978,-0.738161,-0.738161,1.504179,-0.989030,0.339780,-0.000002,0.285476,0.443787
1,real,-0.274788,-0.639432,-0.274788,-0.639432,-0.774788,-1.139432,0.200000,0.070000,1.751445,-0.360403,0.405886,0.495738,0.695975,91.790000,1.662365,-0.587058,-0.587058,1.506827,-0.985471,0.339780,-0.000002,0.285476,0.443787
2,real,-0.256872,-0.660717,-0.271984,-0.642828,-0.766777,-1.149136,0.200000,0.070000,1.751445,-0.360403,0.243532,0.499926,0.701817,89.710000,1.697997,-0.496396,-0.496396,1.506827,-0.985471,0.339777,-0.000002,0.285458,0.443773
3,real,-0.256872,-0.660717,-0.268607,-0.646874,-0.762335,-1.154386,0.200000,0.070000,1.751445,-0.360403,0.146119,0.509923,0.705011,89.710000,1.719376,-0.441999,-0.441999,1.506827,-0.985471,0.339777,-0.000002,0.285458,0.443773
4,real,-0.256872,-0.660717,-0.265553,-0.650504,-0.759881,-1.157247,0.200000,0.070000,1.751445,-0.360403,0.087671,0.496548,0.706762,89.710000,1.732204,-0.409361,-0.409361,1.603056,-0.840277,0.339777,-0.000002,0.285458,0.443773
5,real,-0.289589,-0.609736,-0.268323,-0.645557,-0.773467,-1.136369,0.200000,0.070000,1.751445,-0.360403,0.052603,0.503998,0.692639,95.090000,1.739900,-0.389778,-0.389778,1.603056,-0.840277,0.339778,-0.000002,0.285462,0.443776
6,real,-0.277182,-0.640989,-0.270709,-0.643071,-0.775141,-1.138454,0.200000,0.070000,1.751445,-0.360403,0.031562,0.510998,0.695217,91.410000,1.744518,-0.378028,-0.378028,1.603056,-0.840277,0.339778,-0.000002,0.285462,0.443776
7,real,-0.286472,-0.618422,-0.274058,-0.638328,-0.780278,-1.129520,0.200000,0.070000,1.751445,-0.360403,0.018937,0.502590,0.689094,94.070000,1.744518,-0.370978,-0.370978,1.608948,-0.881766,0.339778,-0.000002,0.285462,0.443776
8,real,-0.286472,-0.618422,-0.277215,-0.633505,-0.783077,-1.124549,0.200000,0.070000,1.751445,-0.360403,0.012642,0.608664,0.685707,94.070000,1.744518,-0.366748,-0.366748,1.608948,-0.881766,0.339795,-0.000002,0.285561,0.443853
9,real,-0.277588,-0.632664,-0.278405,-0.631655,-0.780614,-1.128217,0.200000,0.070000,1.751445,-0.360403,0.009394,0.508321,0.688041,92.600000,1.744518,-0.366748,-0.366748,1.608948,-0.881766,0.339795,-0.000002,0.285561,0.443853
10,real,-0.277588,-0.632664,-0.278702,-0.631154,-0.779254,-1.130223,0.200000,0.070000,1.751445,-0.360403,0.009394,0.510516,0.689321,92.600000,1.744518,-0.366748,-0.366748,1.703129,-0.741532,0.339795,-0.000002,0.285561,0.443853
11,real,-0.268550,-0.668376,-0.277247,-0.636925,-0.774544,-1.147645,0.200000,0.070000,1.751445,-0.360403,0.009394,0.499782,0.703433,87.840000,1.744518,-0.366748,-0.366748,1.703129,-0.741532,0.339837,-0.000002,0.285803,0.444041
12,real,-0.225632,-0.742176,-0.268846,-0.656254,-0.753244,-1.192151,0.200000,0.070000,1.751445,-0.360403,0.009394,0.512314,0.737025,78.260000,1.744518,-0.366748,-0.366748,1.703129,-0.741532,0.339837,-0.000002,0.285803,0.444041
13,real,-0.225632,-0.742176,-0.259101,-0.676925,-0.741004,-1.215312,0.200000,0.070000,1.751445,-0.360403,0.009394,0.513139,0.754821,78.260000,1.744518,-0.366748,-0.366748,1.710074,-0.777595,0.339837,-0.000002,0.285803,0.444041
14,real,-0.375139,-0.474497,-0.276028,-0.656616,-0.807464,-1.118901,0.200000,0.070000,1.751445,-0.360403,0.009394,0.504980,0.691066,105.560000,1.744518,-0.366748,-0.366748,1.710074,-0.777595,0.339837,-0.000002,0.285803,0.444041
15,real,-0.375139,-0.474497,-0.298518,-0.621559,-0.840284,-1.056452,0.200000,0.070000,1.751445,-0.360403,0.009394,0.504689,0.652252,105.560000,1.744518,-0.366748,-0.366748,1.710074,-0.777595,0.339837,-0.000002,0.285803,0.444041
16,real,-0.337782,-0.450620,-0.313007,-0.582346,-0.839917,-1.009522,0.200000,0.070000,1.751445,-0.360403,0.009394,0.582558,0.612500,111.450000,1.744518,-0.366748,-0.366748,1.722950,-0.649878,0.339837,-0.000002,0.285803,0.444041
17,real,-0.337782,-0.450620,-0.322166,-0.547633,-0.839176,-0.983165,0.200000,0.070000,1.751445,-0.360403,0.009394,0.491533,0.590329,111.450000,1.744518,-0.366748,-0.366748,1.722950,-0.649878,0.339837,-0.000002,0.285803,0.444041
18,real,-0.337782,-0.450620,-0.327923,-0.519955,-0.838613,-0.968555,0.200000,0.070000,1.751445,-0.360403,0.009394,0.514338,0.578103,111.450000,1.744518,-0.366748,-0.366748,1.722950,-0.649878,0.339837,-0.000002,0.285803,0.444041
19,real,-0.307194,-0.418040,-0.326775,-0.494089,-0.824645,-0.946050,0.200000,0.070000,1.751445,-0.360403,0.009394,0.497163,0.551684,117.500000,1.744518,-0.366748,-0.366748,1.744597,-0.673931,0.339837,-0.000002,0.285803,0.444041
20,real,-0.307194,-0.418040,-0.323298,-0.472885,-0.816839,-0.933507,0.200000,0.070000,1.751445,-0.360403,0.009394,0.495977,0.536950,117.500000,1.744518,-0.366748,-0.366748,1.744597,-0.673931,0.329945,-0.000002,0.214849,0.393731
21,real,-0.281949,-0.380754,-0.315607,-0.450882,-0.801324,-0.910018,0.200000,0.070000,1.751445,-0.360403,0.009394,0.518545,0.508833,123.440000,1.744518,-0.366748,-0.366748,1.744597,-0.673931,0.329945,-0.000002,0.214849,0.393731
22,real,-0.263751,-0.337161,-0.304798,-0.425244,-0.784725,-0.877632,0.200000,0.070000,1.751445,-0.360403,0.009394,0.510626,0.472942,129.310000,1.744518,-0.366748,-0.366748,1.719814,-0.550354,0.329945,-0.000002,0.214849,0.393731
23,real,-0.263751,-0.337161,-0.294498,-0.402242,-0.775370,-0.859523,0.200000,0.070000,1.751445,-0.360403,0.009394,0.495629,0.452864,129.310000,1.744518,-0.366748,-0.366748,1.719814,-0.550354,0.336158,-0.000002,0.218082,0.400702
24,real,-0.187674,-0.218383,-0.274335,-0.365489,-0.736890,-0.797232,0.200000,0.070000,1.751445,-0.360403,0.009394,0.517143,0.380084,146.530000,1.744518,-0.366748,-0.366748,1.719814,-0.550354,0.336158,-0.000002,0.218082,0.400702
25,real,-0.187674,-0.218383,-0.253553,-0.329264,-0.714959,-0.761990,0.200000,0.070000,1.751445,-0.360403,0.009394,0.517703,0.338889,146.530000,1.744518,-0.366748,-0.366748,1.656759,-0.591945,0.336158,-0.000002,0.218082,0.400702
26,real,-0.187674,-0.218383,-0.235766,-0.298868,-0.702732,-0.742417,0.200000,0.070000,1.751445,-0.360403,0.009394,0.505362,0.316016,146.530000,1.744518,-0.366748,-0.366748,1.656759,-0.591945,0.317411,-0.000002,0.162004,0.356363
27,real,-0.094032,-0.085203,-0.207431,-0.254728,-0.654808,-0.672754,0.200000,0.070000,1.751445,-0.360403,0.009394,0.511808,0.231969,165.420000,1.744518,-0.366748,-0.366748,1.656759,-0.591945,0.317411,-0.000002,0.162004,0.356363
28,real,-0.094032,-0.085203,-0.179489,-0.212281,-0.627598,-0.633452,0.200000,0.071104,1.745376,-0.359420,0.007379,0.509164,0.184636,165.420000,1.744518,-0.366748,-0.366748,1.607721,-0.511605,0.317411,-0.000002,0.162004,0.356363
29,real,-0.094032,-0.085203,-0.156046,-0.177088,-0.612507,-0.611729,0.200000,0.078706,1.703664,-0.353175,0.043050,0.495444,0.158560,165.420000,1.728177,-0.361319,-0.361319,1.607721,-0.511605,0.319604,-0.000002,0.155939,0.355617
30,real,0.061973,0.034416,-0.113433,-0.131373,-0.534296,-0.546473,0.200000,0.101546,1.580400,-0.340186,0.149281,0.592801,0.057757,171.870000,1.669066,-0.352866,-0.352866,1.607721,-0.511605,0.319604,-0.000002,0.155939,0.355617
31,real,0.061973,0.034416,-0.070419,-0.088815,-0.490535,-0.509780,0.200000,0.114389,1.513368,-0.336808,0.156524,0.632464,0.013610,171.870000,1.606787,-0.346443,-0.346443,1.616428,-0.533700,0.319604,-0.000002,0.155939,0.355617
32,real,0.061973,0.034416,-0.034114,-0.054136,-0.466689,-0.489731,0.200000,0.121406,1.477713,-0.336180,0.129481,0.489710,0.034857,171.870000,1.555157,-0.342337,-0.342337,1.616428,-0.533700,0.292942,-0.000002,0.122944,0.317696
33,real,0.203379,0.065650,0.016822,-0.022694,-0.388584,-0.464303,0.210834,0.130306,1.470781,-0.374667,0.090358,0.577697,0.116995,155.320000,1.521407,-0.355269,-0.355269,1.616428,-0.533700,0.292942,-0.000002,0.122944,0.317696
34,real,0.203379,0.065650,0.064713,0.002557,-0.346345,-0.450547,0.225618,0.135120,1.498108,-0.427470,0.075866,0.597190,0.161417,155.320000,1.512087,-0.384149,-0.384149,1.599397,-0.428859,0.292942,-0.000002,0.122944,0.317696
35,real,0.252633,0.083991,0.111665,0.024489,-0.301138,-0.434780,0.241440,0.140638,1.526287,-0.484668,0.101517,0.677304,0.209283,149.120000,1.517767,-0.424357,-0.424357,1.599397,-0.428859,0.290903,-0.000048,0.123265,0.315941
36,real,0.252633,0.083991,0.150736,0.041729,-0.276704,-0.426253,0.249992,0.143623,1.541770,-0.515882,0.094620,0.590511,0.235159,149.120000,1.527368,-0.460967,-0.460967,1.599397,-0.428859,0.290903,-0.000048,0.123265,0.315941
37,real,0.279713,0.093862,0.185087,0.056127,-0.251118,-0.417133,0.258947,0.146815,1.557939,-0.548825,0.093025,0.598230,0.262315,145.680000,1.539597,-0.496110,-0.496110,1.521404,-0.434869,0.290903,-0.000048,0.123265,0.315941
38,real,0.279713,0.093862,0.212294,0.067226,-0.237179,-0.412163,0.263826,0.148555,1.566836,-0.566882,0.075833,0.693204,0.277111,145.680000,1.550492,-0.524419,-0.524419,1.521404,-0.434869,0.270331,0.000537,0.107645,0.290974
39,real,0.314235,0.087027,0.238160,0.074335,-0.213804,-0.412463,0.272007,0.148450,1.592103,-0.596259,0.083021,0.602588,0.299284,141.940000,1.567137,-0.553155,-0.553155,1.521404,-0.434869,0.270331,0.000537,0.107645,0.290974
40,real,0.314235,0.087027,0.259416,0.078882,-0.201107,-0.412673,0.276451,0.148376,1.605677,-0.612285,0.070581,0.592573,0.311389,141.940000,1.582553,-0.576807,-0.576807,1.529076,-0.463656,0.270331,0.000537,0.107645,0.290974
41,real,0.330118,0.078098,0.278208,0.080397,-0.186894,-0.416789,0.281426,0.146936,1.625189,-0.629856,0.068059,0.578917,0.323975,140.340000,1.599607,-0.598027,-0.598027,1.529076,-0.463656,0.267970,-0.004721,0.109267,0.289391
42,real,0.330118,0.078098,0.293120,0.080580,-0.179186,-0.419079,0.284124,0.146134,1.635718,-0.639423,0.054933,0.593012,0.330862,140.340000,1.614051,-0.614585,-0.614585,1.529076,-0.463656,0.267970,-0.004721,0.109267,0.289391
43,real,0.334689,0.078008,0.305007,0.080243,-0.172916,-0.420385,0.286318,0.145677,1.643585,-0.647287,0.044064,0.619642,0.336634,139.800000,1.625865,-0.627666,-0.627666,1.569096,-0.535794,0.267970,-0.004721,0.109267,0.289391
44,real,0.326649,0.069551,0.312679,0.078440,-0.173074,-0.424907,0.286263,0.144094,1.648604,-0.646643,0.029617,0.602646,0.335439,140.980000,1.634961,-0.635257,-0.635257,1.569096,-0.535794,0.245670,-0.003506,0.106306,0.267684
45,real,0.326649,0.069551,0.317626,0.076397,-0.173188,-0.427399,0.286223,0.143222,1.651357,-0.646269,0.019751,0.597625,0.334779,140.980000,1.641519,-0.639662,-0.639662,1.569096,-0.535794,0.245670,-0.003506,0.106306,0.267684
46,real,0.328848,0.074109,0.321162,0.075306,-0.172271,-0.426720,0.286544,0.143460,1.651496,-0.647501,0.012689,0.576908,0.335822,140.600000,1.645510,-0.639662,-0.639662,1.615240,-0.566152,0.245670,-0.003506,0.106306,0.267684
47,real,0.328848,0.074109,0.323637,0.074727,-0.171767,-0.426347,0.286720,0.143590,1.651573,-0.648179,0.010455,0.586628,0.336395,140.600000,1.645510,-0.643068,-0.643068,1.615240,-0.566152,0.241613,0.000569,0.105367,0.263589
48,real,0.335066,0.051931,0.326386,0.070942,-0.168507,-0.436087,0.287861,0.140181,1.666050,-0.651528,0.022214,0.590788,0.337598,140.360000,1.653726,-0.646452,-0.646452,1.615240,-0.566152,0.241613,0.000569,0.105367,0.263589
49,real,0.378837,0.053546,0.335707,0.066861,-0.146983,-0.440718,0.295395,0.138560,1.692448,-0.678821,0.050470,0.598111,0.357960,135.010000,1.669215,-0.659400,-0.659400,1.642125,-0.635878,0.241613,0.000569,0.105367,0.263589
50,real,0.378837,0.053546,0.345857,0.063308,-0.135292,-0.443290,0.299487,0.137660,1.706650,-0.693735,0.050797,0.578880,0.369091,135.010000,1.684189,-0.673134,-0.673134,1.642125,-0.635878,0.225620,-0.001083,0.108123,0.250190
51,real,0.393945,0.048405,0.357095,0.059695,-0.122036,-0.447016,0.304126,0.136356,1.723489,-0.710678,0.054351,0.586251,0.381660,133.230000,1.699909,-0.688152,-0.688152,1.642125,-0.635878,0.225620,-0.001083,0.108123,0.250190
52,real,0.393945,0.048405,0.366927,0.056626,-0.114813,-0.449073,0.306654,0.135636,1.732618,-0.719950,0.045618,0.658355,0.388539,133.230000,1.712993,-0.700871,-0.700871,1.655143,-0.647412,0.225620,-0.001083,0.108123,0.250190
53,real,0.399733,0.045791,0.375619,0.053823,-0.108239,-0.451381,0.308955,0.134828,1.741359,-0.728392,0.039523,0.733404,0.394767,132.550000,1.724339,-0.711879,-0.711879,1.655143,-0.647412,0.230736,-0.001891,0.134963,0.267309
54,real,0.429650,0.041938,0.387279,0.050954,-0.091066,-0.454375,0.314966,0.133781,1.760691,-0.750703,0.053186,0.597014,0.411471,128.850000,1.738880,-0.727409,-0.727409,1.655143,-0.647412,0.230736,-0.001891,0.134963,0.267309
55,real,0.429650,0.041938,0.398135,0.048510,-0.081704,-0.456030,0.318242,0.133201,1.771168,-0.762927,0.048001,0.593417,0.420600,128.850000,1.751795,-0.741616,-0.741616,1.701414,-0.689314,0.230736,-0.001891,0.134963,0.267309
56,real,0.472732,0.036831,0.413850,0.045804,-0.056965,-0.459221,0.326901,0.132084,1.797345,-0.795490,0.070549,0.584080,0.444908,123.390000,1.770015,-0.763166,-0.763166,1.701414,-0.689314,0.234454,0.000014,0.134989,0.270538
57,real,0.503199,0.029719,0.433660,0.042311,-0.029550,-0.464175,0.336496,0.130350,1.827451,-0.831901,0.089573,0.587303,0.471812,119.460000,1.792989,-0.790660,-0.790660,1.701414,-0.689314,0.234454,0.000014,0.134989,0.270538
58,real,0.503199,0.029719,0.451734,0.039081,-0.014701,-0.466917,0.339839,0.129391,1.838876,-0.844658,0.070862,0.585147,0.486425,119.460000,1.811344,-0.812259,-0.812259,1.741154,-0.729623,0.234454,0.000014,0.134989,0.270538
59,real,0.534103,0.016318,0.471273,0.034345,0.007560,-0.474450,0.339839,0.126754,1.846533,-0.844507,0.047731,0.587825,0.508202,115.400000,1.825420,-0.825158,-0.825158,1.741154,-0.729623,0.253771,0.000003,0.140856,0.290242
60,real,0.534103,0.016318,0.488187,0.029813,0.019600,-0.478603,0.339839,0.125301,1.850777,-0.844457,0.031866,0.664712,0.520041,115.400000,1.835563,-0.832878,-0.832878,1.741154,-0.729623,0.253771,0.000003,0.140856,0.290242
61,real,0.555515,0.007854,0.504900,0.024736,0.035938,-0.484695,0.345417,0.123168,1.871108,-0.865956,0.048555,0.573326,0.536157,112.500000,1.849781,-0.846109,-0.846109,1.794795,-0.790636,0.253771,0.000003,0.140856,0.290242
62,real,0.606112,-0.013649,0.527067,0.016874,0.068233,-0.497727,0.356720,0.118607,1.912450,-0.910125,0.089585,0.574459,0.568238,105.360000,1.874849,-0.871715,-0.871715,1.794795,-0.790636,0.263124,0.000014,0.135873,0.296135
63,real,0.606112,-0.013649,0.547523,0.009253,0.085514,-0.504900,0.362768,0.116097,1.934496,-0.934112,0.086321,0.588598,0.585534,105.360000,1.898708,-0.896674,-0.896674,1.794795,-0.790636,0.263124,0.000014,0.135873,0.296135
64,real,0.631163,-0.028937,0.568144,0.000508,0.106440,-0.515734,0.370093,0.112305,1.963050,-0.963588,0.092830,0.583294,0.606644,101.630000,1.924445,-0.923440,-0.923440,1.837333,-0.831374,0.263124,0.000014,0.135873,0.296135
65,real,0.642693,-0.035201,0.587347,-0.008248,0.123010,-0.524510,0.375892,0.109233,1.985660,-0.987251,0.088426,0.581804,0.623492,99.870000,1.948931,-0.948964,-0.948964,1.837333,-0.831374,0.281652,0.000001,0.142914,0.315835
66,real,0.642693,-0.035201,0.602957,-0.015626,0.131948,-0.529327,0.379020,0.107547,1.997871,-1.000138,0.070809,0.580883,0.632628,99.870000,1.968507,-0.969434,-0.969434,1.837333,-0.831374,0.281652,0.000001,0.142914,0.315835
67,real,0.703876,-0.050516,0.624736,-0.023777,0.165182,-0.538916,0.390652,0.104191,2.035101,-1.048202,0.103147,0.580541,0.666319,90.230000,1.995145,-1.000941,-1.000941,1.896027,-0.891503,0.281652,0.000001,0.142914,0.315835
68,real,0.703876,-0.050516,0.645085,-0.030911,0.182875,-0.544158,0.396845,0.102356,2.054973,-1.074195,0.094581,0.704352,0.684301,90.230000,2.019076,-1.030243,-1.030243,1.896027,-0.891503,0.286050,0.000005,0.142654,0.319647
69,real,0.762015,-0.036602,0.671199,-0.034380,0.219696,-0.540823,0.409732,0.103524,2.083410,-1.128104,0.117115,0.600134,0.720853,80.560000,2.044810,-1.069387,-1.069387,1.896027,-0.891503,0.286050,0.000005,0.142654,0.319647
70,real,0.821732,-0.082889,0.705253,-0.043346,0.268498,-0.559998,0.426813,0.096812,2.142576,-1.203409,0.165892,0.598026,0.770836,68.640000,2.083916,-1.122996,-1.122996,1.934912,-0.932774,0.286050,0.000005,0.142654,0.319647
71,real,0.821732,-0.082889,0.736105,-0.052817,0.293400,-0.570405,0.435529,0.093170,2.173316,-1.243030,0.149668,0.584944,0.796518,68.640000,2.119676,-1.171010,-1.171010,1.934912,-0.932774,0.296938,-0.000001,0.138782,0.327769
72,real,0.841397,-0.103758,0.764066,-0.064272,0.315993,-0.585545,0.443436,0.087871,2.206142,-1.280408,0.139443,0.594206,0.820465,64.060000,2.154262,-1.214769,-1.214769,1.934912,-0.932774,0.296938,-0.000001,0.138782,0.327769
73,real,0.841397,-0.103758,0.786350,-0.074603,0.327735,-0.593788,0.447546,0.084986,2.223531,-1.300247,0.110021,0.577715,0.833032,64.060000,2.181970,-1.248960,-1.248960,1.959663,-0.993381,0.296938,-0.000001,0.138782,0.327769
74,real,0.885459,-0.087132,0.810411,-0.080318,0.355094,-0.590933,0.457122,0.085985,2.245457,-1.344274,0.114522,0.482733,0.859916,54.320000,2.207365,-1.287086,-1.287086,1.959663,-0.993381,0.307926,-0.000002,0.135577,0.336451
75,real,0.903576,-0.122971,0.834214,-0.089149,0.378422,-0.605550,0.465286,0.080869,2.278784,-1.385062,0.121244,0.594612,0.884740,48.460000,2.235933,-1.326276,-1.326276,1.959663,-0.993381,0.307926,-0.000002,0.135577,0.336451
76,real,0.903576,-0.122971,0.853814,-0.097658,0.390213,-0.613461,0.469413,0.078100,2.296134,-1.406189,0.100051,0.589393,0.897414,48.460000,2.260013,-1.358241,-1.358241,1.959722,-1.010691,0.307926,-0.000002,0.135577,0.336451
77,real,0.893015,-0.165269,0.867143,-0.111382,0.391898,-0.636868,0.470000,0.070000,2.317096,-1.413130,0.079191,0.570034,0.902339,49.490000,2.282846,-1.380197,-1.380197,1.959722,-1.010691,0.324125,-0.000002,0.132330,0.350097
78,real,0.893015,-0.165269,0.876028,-0.124787,0.392529,-0.649682,0.470000,0.070000,2.317096,-1.413130,0.047515,0.595279,0.904993,49.490000,2.296546,-1.393370,-1.393370,1.959722,-1.010691,0.324125,-0.000002,0.132330,0.350097
79,real,0.900065,-0.158625,0.883012,-0.134913,0.395982,-0.653719,0.470000,0.070000,2.317096,-1.413130,0.028509,0.589233,0.909072,47.890000,2.304766,-1.401274,-1.401274,2.045203,-1.088720,0.324125,-0.000002,0.132330,0.350097
80,real,0.912058,-0.156229,0.890150,-0.141902,0.403406,-0.654881,0.470000,0.070000,2.317096,-1.413130,0.017105,0.583286,0.916586,44.560000,2.309698,-1.406016,-1.406016,2.045203,-1.088720,0.335283,-0.000002,0.127497,0.358707
81,real,0.912058,-0.156229,0.896172,-0.146660,0.407357,-0.655497,0.470000,0.070000,2.317096,-1.413130,0.010263,0.594282,0.920585,44.560000,2.309698,-1.406016,-1.406016,2.045203,-1.088720,0.335283,-0.000002,0.127497,0.358707
82,real,0.918626,-0.179977,0.901954,-0.153626,0.412690,-0.666563,0.470000,0.070000,2.317096,-1.413130,0.010263,0.601256,0.927764,41.190000,2.309698,-1.406016,-1.406016,2.060072,-1.111877,0.335283,-0.000002,0.127497,0.358707
83,real,0.927639,-0.192105,0.908216,-0.162207,0.419846,-0.678143,0.470000,0.070000,2.317096,-1.413130,0.010263,0.601214,0.936937,37.360000,2.309698,-1.406016,-1.406016,2.060072,-1.111877,0.350673,-0.000002,0.120938,0.370941
84,real,0.927639,-0.192105,0.913560,-0.169993,0.423484,-0.684454,0.470000,0.070000,2.317096,-1.413130,0.010263,0.606155,0.941725,37.360000,2.309698,-1.406016,-1.406016,2.060072,-1.111877,0.350673,-0.000002,0.120938,0.370941
85,real,0.935921,-0.180484,0.919046,-0.174440,0.429234,-0.682697,0.470000,0.070000,2.317096,-1.413130,0.010263,0.588877,0.947024,35.210000,2.309698,-1.406016,-1.406016,2.115619,-1.139601,0.350673,-0.000002,0.120938,0.370941
86,real,0.937616,-0.180811,0.923959,-0.177038,0.433083,-0.681863,0.470000,0.070000,2.317096,-1.413130,0.010263,0.594024,0.950641,34.550000,2.309698,-1.406016,-1.406016,2.115619,-1.139601,0.360617,-0.000052,0.114726,0.378427
87,real,0.937616,-0.180811,0.927874,-0.178562,0.435146,-0.681394,0.470000,0.070000,2.317096,-1.413130,0.010263,0.592566,0.952577,34.550000,2.309698,-1.406016,-1.406016,2.115619,-1.139601,0.360617,-0.000052,0.114726,0.378427
88,real,0.938086,-0.178356,0.930886,-0.179075,0.436478,-0.680028,0.470000,0.070000,2.317096,-1.413130,0.010263,0.602399,0.953625,34.550000,2.309698,-1.406016,-1.406016,2.118084,-1.182892,0.360617,-0.000052,0.114726,0.378427
89,real,0.938086,-0.178356,0.933097,-0.179146,0.437204,-0.679276,0.470000,0.070000,2.317096,-1.413130,0.010263,0.582487,0.954197,34.550000,2.309698,-1.406016,-1.406016,2.118084,-1.182892,0.377583,0.000324,0.109215,0.393061
90,real,0.940001,-0.183910,0.934982,-0.179922,0.438482,-0.681365,0.470000,0.070000,2.317096,-1.413130,0.010263,0.582514,0.955846,33.400000,2.309698,-1.406016,-1.406016,2.118084,-1.182892,0.377583,0.000324,0.109215,0.393061
91,real,0.942290,-0.173878,0.936812,-0.179249,0.440212,-0.677999,0.470000,0.070000,2.317096,-1.413130,0.010263,0.590040,0.956912,33.250000,2.309698,-1.406016,-1.406016,2.209346,-1.234622,0.377583,0.000324,0.109215,0.393061
92,real,0.942290,-0.173878,0.938331,-0.178163,0.441151,-0.676145,0.470000,0.070000,2.317096,-1.413130,0.010263,0.593152,0.957493,33.250000,2.309698,-1.406016,-1.406016,2.209346,-1.234622,0.384605,-0.000543,0.106131,0.398979
93,real,0.943799,-0.171007,0.939738,-0.176648,0.442351,-0.673834,0.470000,0.070000,2.317096,-1.413130,0.010263,0.632912,0.958250,32.860000,2.309698,-1.406016,-1.406016,2.209346,-1.234622,0.384605,-0.000543,0.106131,0.398979
94,real,0.944419,-0.166697,0.940981,-0.174539,0.443289,-0.670624,0.470000,0.070000,2.317096,-1.413130,0.010263,0.595981,0.958596,32.920000,2.309698,-1.406016,-1.406016,2.149102,-1.257665,0.384605,-0.000543,0.106131,0.398979
95,real,0.944361,-0.176988,0.941962,-0.174172,0.443784,-0.673490,0.470000,0.070000,2.317096,-1.413130,0.010263,0.576600,0.959597,32.190000,2.309698,-1.406016,-1.406016,2.149102,-1.257665,0.401512,-0.000872,0.111608,0.416735
96,real,0.951384,-0.164333,0.943821,-0.172495,0.447273,-0.669381,0.470000,0.070000,2.317096,-1.413130,0.010263,0.582155,0.962297,30.200000,2.309698,-1.406016,-1.406016,2.149102,-1.257665,0.401512,-0.000872,0.111608,0.416735
97,real,0.951384,-0.164333,0.945684,-0.170611,0.449144,-0.667113,0.470000,0.070000,2.317096,-1.413130,0.010263,0.596250,0.963743,30.200000,2.309698,-1.406016,-1.406016,2.235611,-1.247499,0.401512,-0.000872,0.111608,0.416735
98,real,0.953078,-0.171142,0.947528,-0.170024,0.450953,-0.668933,0.470000,0.070000,2.317096,-1.413130,0.010263,0.709584,0.965841,28.920000,2.309698,-1.406016,-1.406016,2.235611,-1.247499,0.404590,-0.000089,0.108957,0.419004
99,real,0.949540,-0.162393,0.948510,-0.168613,0.450333,-0.665993,0.470000,0.070000,2.317096,-1.413130,0.010263,0.600313,0.964721,31.130000,2.309698,-1.406016,-1.406016,2.235611,-1.247499,0.404590,-0.000089,0.108957,0.419004
100,real,0.949540,-0.162393,0.949024,-0.167129,0.449981,-0.664374,0.470000,0.070000,2.317096,-1.413130,0.010263,0.575578,0.964097,31.130000,2.309698,-1.406016,-1.406016,2.184420,-1.313822,0.404590,-0.000089,0.108957,0.419004
101,real,0.950045,-0.144190,0.949392,-0.162990,0.450076,-0.655302,0.470000,0.070000,2.317096,-1.413130,0.010263,0.580999,0.962685,32.140000,2.309698,-1.406016,-1.406016,2.184420,-1.313822,0.426958,-0.000624,0.100837,0.438704
102,real,0.950267,-0.140916,0.949673,-0.158035,0.450194,-0.648833,0.470000,0.070000,2.317096,-1.413130,0.010263,0.597076,0.961779,32.250000,2.309698,-1.406016,-1.406016,2.184420,-1.313822,0.426958,-0.000624,0.100837,0.438704
103,real,0.950267,-0.140916,0.949870,-0.153568,0.450236,-0.645272,0.470000,0.070000,2.317096,-1.413130,0.010263,0.594387,0.961277,32.250000,2.309698,-1.406016,-1.406016,2.307927,-1.347954,0.426958,-0.000624,0.100837,0.438704
104,real,0.951769,-0.132154,0.950248,-0.148599,0.450948,-0.639372,0.470000,0.070000,2.317096,-1.413130,0.010263,0.579414,0.961107,32.150000,2.309698,-1.406016,-1.406016,2.307927,-1.347954,0.431998,-0.002160,0.098781,0.443148
105,real,0.951769,-0.132154,0.950624,-0.144233,0.451325,-0.636124,0.470000,0.070168,2.316689,-1.413038,0.009909,0.583699,0.961014,32.150000,2.309698,-1.406016,-1.406016,2.307927,-1.347954,0.431998,-0.002160,0.098781,0.443148
106,real,0.946178,-0.129274,0.950079,-0.140319,0.449065,-0.633050,0.470000,0.071244,2.314090,-1.412456,0.007795,0.594812,0.958346,34.520000,2.309698,-1.406016,-1.406016,2.225795,-1.371975,0.431998,-0.002160,0.098781,0.443148
107,real,0.946178,-0.129274,0.949275,-0.137181,0.447783,-0.631353,0.470000,0.071838,2.312658,-1.412141,0.006802,0.580543,0.956842,34.520000,2.309698,-1.406016,-1.406016,2.225795,-1.371975,0.449221,-0.001008,0.098563,0.459907
108,real,0.946178,-0.129274,0.948502,-0.134814,0.447066,-0.630418,0.470000,0.072165,2.311870,-1.411968,0.006336,0.628907,0.956004,34.520000,2.309698,-1.406016,-1.406016,2.225795,-1.371975,0.449221,-0.001008,0.098563,0.459907
109,real,0.955024,-0.133455,0.949289,-0.133759,0.450752,-0.631799,0.470000,0.071682,2.313035,-1.412223,0.007047,0.598563,0.959844,30.710000,2.309698,-1.406016,-1.406016,2.309633,-1.405850,0.449221,-0.001008,0.098563,0.459907
110,real,0.955024,-0.133455,0.950485,-0.133335,0.452706,-0.632549,0.470000,0.071420,2.313667,-1.412363,0.007486,0.588547,0.961883,30.710000,2.309698,-1.406016,-1.406016,2.309633,-1.405850,0.449724,0.001099,0.096052,0.459867
111,real,0.951140,-0.111228,0.951045,-0.129706,0.452085,-0.622965,0.470000,0.074774,2.305606,-1.410634,0.006170,0.604720,0.959992,33.480000,2.309698,-1.406016,-1.406016,2.309633,-1.405850,0.449724,0.001099,0.096052,0.459867
112,real,0.951140,-0.111228,0.951269,-0.125499,0.451685,-0.617686,0.470000,0.076622,2.301190,-1.409731,0.009283,0.596466,0.958934,33.480000,2.306295,-1.406016,-1.406016,2.271983,-1.348782,0.449724,0.001099,0.096052,0.459867
113,real,0.949054,-0.094728,0.951036,-0.119152,0.450603,-0.607366,0.470000,0.080234,2.292608,-1.408069,0.013840,0.576983,0.956647,34.980000,2.300820,-1.406016,-1.406016,2.271983,-1.348782,0.462783,0.002022,0.083276,0.470216
114,real,0.949054,-0.094728,0.950651,-0.113038,0.449936,-0.601682,0.470000,0.082223,2.287910,-1.407211,0.012965,0.598851,0.955363,34.980000,2.295656,-1.406016,-1.406016,2.271983,-1.348782,0.462783,0.002022,0.083276,0.470216
115,real,0.935265,-0.057121,0.948307,-0.102063,0.443955,-0.581682,0.470000,0.089223,2.271545,-1.404518,0.024158,0.683504,0.947483,40.890000,2.286012,-1.406016,-1.406016,2.296848,-1.395297,0.462783,0.002022,0.083276,0.470216
116,real,0.935265,-0.057121,0.945480,-0.091065,0.440230,-0.570639,0.470000,0.093088,2.262621,-1.403247,0.023554,0.591145,0.942880,40.890000,2.276655,-1.406016,-1.406016,2.296848,-1.395297,0.463135,-0.005985,0.096047,0.472989
117,real,0.967715,0.040475,0.948857,-0.066429,0.455127,-0.520676,0.470000,0.110575,2.223274,-1.399429,0.053786,0.392342,0.955351,28.810000,2.255303,-1.406016,-1.406016,2.296848,-1.395297,0.463135,-0.005985,0.096047,0.472989
118,real,0.967715,0.040475,0.953307,-0.040766,0.461570,-0.493108,0.470000,0.120224,2.202311,-1.398672,0.053499,0.388314,0.961595,28.810000,2.234106,-1.406016,-1.406016,2.294708,-1.405952,0.463135,-0.005985,0.096047,0.472989
119,real,0.911930,0.118115,0.949626,-0.006469,0.442791,-0.442772,0.470000,0.137841,2.165475,-1.399768,0.068915,0.395937,0.944526,46.280000,2.206653,-1.406016,-1.406016,2.294708,-1.405952,0.472809,-0.030514,0.105272,0.484387
120,real,0.906481,0.234432,0.943000,0.044036,0.430694,-0.362169,0.470000,0.166052,2.110593,-1.408195,0.096085,0.513055,0.940844,41.120000,2.168229,-1.406016,-1.406016,2.294708,-1.405952,0.472809,-0.030514,0.105272,0.484387
121,real,0.906481,0.234432,0.935311,0.092230,0.421032,-0.318268,0.470000,0.181418,2.082956,-1.416248,0.085885,0.490568,0.938790,41.120000,2.134120,-1.410109,-1.410109,2.253146,-1.405943,0.472809,-0.030514,0.105272,0.484387
122,real,0.835754,0.259828,0.918172,0.136220,0.386342,-0.282084,0.468058,0.194082,2.055356,-1.415311,0.078935,0.492968,0.912737,57.860000,2.102614,-1.410109,-1.410109,2.253146,-1.405943,0.473922,-0.002882,0.090462,0.482479
123,real,0.835754,0.259828,0.899422,0.171548,0.364601,-0.262842,0.460449,0.200817,2.020469,-1.384045,0.086181,0.386872,0.896537,57.860000,2.069756,-1.399683,-1.399683,2.253146,-1.405943,0.473922,-0.002882,0.090462,0.482479
124,real,0.871918,0.332082,0.889037,0.209714,0.369750,-0.219406,0.462251,0.216020,2.002086,-1.406003,0.067965,0.387842,0.913891,42.180000,2.042688,-1.399683,-1.399683,2.193646,-1.405746,0.473922,-0.002882,0.090462,0.482479
125,real,0.871918,0.332082,0.882824,0.242722,0.371287,-0.195978,0.462789,0.224220,1.991608,-1.416799,0.053871,0.389354,0.922805,42.180000,2.022256,-1.406529,-1.406529,2.193646,-1.405746,0.484519,-0.016679,0.104396,0.495638
126,real,0.853491,0.367042,0.876175,0.274197,0.363827,-0.167349,0.460178,0.234240,1.968910,-1.415347,0.054070,0.400946,0.925664,43.420000,2.000918,-1.410056,-1.410056,2.193646,-1.405746,0.484519,-0.016679,0.104396,0.495638
127,real,0.853491,0.367042,0.870282,0.300104,0.359339,-0.151783,0.458607,0.239688,1.956335,-1.414305,0.044785,0.413542,0.927210,43.420000,1.983084,-1.410056,-1.410056,2.151737,-1.399867,0.484519,-0.016679,0.104396,0.495638
128,real,0.852275,0.374744,0.865375,0.321140,0.356260,-0.139792,0.457530,0.243884,1.947209,-1.414357,0.036133,0.505215,0.928941,42.810000,1.968734,-1.410056,-1.410056,2.151737,-1.399867,0.475653,-0.001067,0.084416,0.483085
129,real,0.846357,0.385618,0.860656,0.338832,0.351894,-0.128311,0.456002,0.247903,1.936941,-1.412247,0.031869,0.404106,0.929449,43.110000,1.956017,-1.410056,-1.410056,2.151737,-1.399867,0.475653,-0.001067,0.084416,0.483085
130,real,0.846357,0.385618,0.856727,0.352531,0.349429,-0.122028,0.455139,0.250102,1.931275,-1.411050,0.024761,0.403216,0.929727,43.110000,1.946120,-1.410056,-1.410056,2.092503,-1.409902,0.475653,-0.001067,0.084416,0.483085
131,real,0.847835,0.426138,0.854119,0.369116,0.349275,-0.100083,0.455085,0.257783,1.921543,-1.421191,0.026982,0.402745,0.938724,36.790000,1.936289,-1.414510,-1.414510,2.092503,-1.409902,0.481979,-0.012745,0.094810,0.491216
132,real,0.847835,0.426138,0.852256,0.384057,0.348797,-0.088195,0.454918,0.261943,1.916015,-1.426295,0.023451,0.465524,0.943419,36.790000,1.928179,-1.419224,-1.419224,2.092503,-1.409902,0.481979,-0.012745,0.094810,0.491216
133,real,0.849741,0.399586,0.851206,0.391849,0.349255,-0.093680,0.455078,0.260024,1.918825,-1.424309,0.010647,0.384505,0.941451,40.230000,1.924438,-1.419224,-1.419224,2.049843,-1.410239,0.481979,-0.012745,0.094810,0.491216
134,real,0.822751,0.425927,0.846448,0.400053,0.337612,-0.084713,0.451003,0.263162,1.901509,-1.409721,0.024820,0.488049,0.934910,44.220000,1.915266,-1.415423,-1.415423,2.049843,-1.410239,0.483865,-0.007296,0.097224,0.493536
135,real,0.822751,0.425927,0.841044,0.407076,0.331008,-0.079880,0.448692,0.264854,1.891814,-1.401452,0.027298,0.504235,0.931169,44.220000,1.905885,-1.409835,-1.409835,2.049843,-1.410239,0.483865,-0.007296,0.097224,0.493536
136,real,0.834271,0.412413,0.838049,0.410429,0.332486,-0.083344,0.449209,0.263641,1.894966,-1.402080,0.013393,0.489145,0.930932,42.930000,1.901518,-1.409835,-1.409835,1.990840,-1.418629,0.483865,-0.007296,0.097224,0.493536
137,real,0.828332,0.425613,0.835451,0.414021,0.330628,-0.079307,0.448558,0.265054,1.891134,-1.401129,0.013550,0.502687,0.931088,42.730000,1.897364,-1.406352,-1.406352,1.990840,-1.418629,0.477848,-0.002201,0.104307,0.489100
138,real,0.828332,0.425613,0.833403,0.417132,0.329598,-0.077091,0.448198,0.265830,1.889024,-1.400601,0.010131,0.497046,0.931174,42.730000,1.894028,-1.406352,-1.406352,1.990840,-1.418629,0.477848,-0.002201,0.104307,0.489100
139,real,0.794789,0.458964,0.826728,0.424908,0.314332,-0.060650,0.442855,0.271584,1.864565,-1.384709,0.036558,0.490567,0.925292,46.790000,1.882243,-1.397695,-1.397695,1.949144,-1.409593,0.477848,-0.002201,0.104307,0.489100
140,real,0.805554,0.454740,0.821019,0.432395,0.310417,-0.053702,0.441485,0.274016,1.857240,-1.382221,0.029404,0.487197,0.925180,44.650000,1.872242,-1.391506,-1.391506,1.949144,-1.409593,0.478147,-0.002055,0.132687,0.496216
141,real,0.805554,0.454740,0.816546,0.438593,0.308239,-0.049896,0.440722,0.275348,1.853203,-1.380840,0.021822,0.504997,0.925118,44.650000,1.864626,-1.387239,-1.387239,1.949144,-1.409593,0.478147,-0.002055,0.132687,0.496216
142,real,0.795955,0.482048,0.811757,0.447684,0.302863,-0.035432,0.438841,0.280411,1.841361,-1.380393,0.024252,0.387425,0.927585,42.960000,1.855320,-1.387239,-1.387239,1.893224,-1.405351,0.478147,-0.002055,0.132687,0.496216
143,real,0.797949,0.493208,0.807929,0.458140,0.300819,-0.022442,0.438125,0.284957,1.834155,-1.384638,0.021324,0.403997,0.932402,40.540000,1.846854,-1.387239,-1.387239,1.893224,-1.405351,0.470536,-0.000074,0.142799,0.491727
144,real,0.797949,0.493208,0.805006,0.467413,0.299578,-0.015367,0.437691,0.285812,1.831807,-1.384108,0.015369,0.394758,0.934983,40.540000,1.840836,-1.387239,-1.387239,1.893224,-1.405351,0.470536,-0.000074,0.142799,0.491727
145,real,0.787091,0.511631,0.801177,0.477716,0.294067,-0.003148,0.435762,0.285812,1.825308,-1.375438,0.019503,0.389326,0.936699,40.310000,1.834625,-1.382519,-1.382519,1.864055,-1.387003,0.470536,-0.000074,0.142799,0.491727
146,real,0.773768,0.514772,0.795532,0.487263,0.285048,0.004992,0.432605,0.285812,1.814691,-1.361345,0.029080,0.394406,0.933444,43.330000,1.826651,-1.374050,-1.374050,1.864055,-1.387003,0.469620,0.000002,0.171956,0.500112
147,real,0.773768,0.514772,0.790098,0.495017,0.280006,0.009417,0.430841,0.285812,1.808766,-1.353519,0.027228,0.393019,0.931619,43.330000,1.819497,-1.365837,-1.365837,1.864055,-1.387003,0.469620,0.000002,0.171956,0.500112
148,real,0.761608,0.544153,0.783731,0.505572,0.271908,0.025173,0.428006,0.287622,1.797354,-1.344066,0.031053,0.383828,0.933621,41.210000,1.810640,-1.357129,-1.357129,1.840436,-1.386391,0.469620,0.000002,0.171956,0.500112
149,real,0.749330,0.557212,0.776095,0.517521,0.261912,0.039712,0.424508,0.292711,1.780367,-1.337493,0.036084,0.390205,0.933702,41.930000,1.798531,-1.349274,-1.349274,1.840436,-1.386391,0.467213,-0.000002,0.192427,0.505289
150,real,0.749330,0.557212,0.769166,0.528057,0.256299,0.047625,0.422543,0.295480,1.770979,-1.333818,0.031591,0.389672,0.933746,41.930000,1.787510,-1.343092,-1.343092,1.840436,-1.386391,0.467213,-0.000002,0.192427,0.505289
151,real,0.721030,0.599887,0.759257,0.543254,0.240853,0.071477,0.417137,0.303828,1.744700,-1.325665,0.046222,0.391653,0.935654,40.580000,1.770386,-1.336121,-1.336121,1.818712,-1.364973,0.467213,-0.000002,0.192427,0.505289
152,real,0.721030,0.599887,0.749737,0.557644,0.232057,0.084369,0.414059,0.308341,1.730144,-1.321016,0.042983,0.392435,0.936693,40.580000,1.754289,-1.330079,-1.330079,1.818712,-1.364973,0.463525,-0.000003,0.222525,0.514172
153,real,0.704934,0.619409,0.739346,0.572577,0.220049,0.100310,0.409856,0.313920,1.710975,-1.314029,0.046192,0.401451,0.937466,40.430000,1.736964,-1.323659,-1.323659,1.818712,-1.364973,0.463525,-0.000003,0.222525,0.514172
154,real,0.652571,0.651092,0.722254,0.590549,0.190511,0.123925,0.399517,0.322185,1.668882,-1.287677,0.077005,0.430429,0.930638,45.610000,1.709731,-1.309266,-1.309266,1.786175,-1.342288,0.463525,-0.000003,0.222525,0.514172
155,real,0.652571,0.651092,0.705249,0.606595,0.173670,0.136394,0.393623,0.326549,1.645300,-1.272733,0.074068,0.397072,0.926730,45.610000,1.683959,-1.294653,-1.294653,1.786175,-1.342288,0.457619,-0.000003,0.240244,0.516849
156,real,0.631093,0.685828,0.687630,0.624960,0.154908,0.159067,0.387056,0.334485,1.616917,-1.263342,0.073993,0.478644,0.929125,42.500000,1.657142,-1.282128,-1.282128,1.786175,-1.342288,0.457619,-0.000003,0.240244,0.516849
157,real,0.631093,0.685828,0.672466,0.641160,0.144306,0.171245,0.383346,0.338747,1.601216,-1.258025,0.060899,0.407176,0.930430,42.500000,1.634772,-1.272487,-1.272487,1.735074,-1.321722,0.457619,-0.000003,0.240244,0.516849
158,real,0.592364,0.692222,0.654579,0.655164,0.121361,0.181172,0.375315,0.342222,1.571232,-1.234540,0.074008,0.478846,0.922000,48.690000,1.609356,-1.257308,-1.257308,1.735074,-1.321722,0.450135,-0.000003,0.263760,0.521719
159,real,0.558301,0.713694,0.633200,0.669610,0.093495,0.196438,0.365562,0.347565,1.534146,-1.209625,0.089052,0.427032,0.915021,50.050000,1.579272,-1.238235,-1.238235,1.735074,-1.321722,0.450135,-0.000003,0.263760,0.521719
160,real,0.542383,0.702268,0.611403,0.680112,0.070925,0.199615,0.357662,0.348677,1.506065,-1.182820,0.091816,0.475206,0.903004,54.920000,1.549989,-1.216069,-1.216069,1.684645,-1.280612,0.450135,-0.000003,0.263760,0.521719
161,real,0.542383,0.702268,0.592783,0.687415,0.058202,0.200977,0.353209,0.349153,1.490294,-1.167619,0.076883,0.484657,0.896079,54.920000,1.526111,-1.196689,-1.196689,1.684645,-1.280612,0.443590,-0.000003,0.271870,0.520275
162,real,0.531977,0.711237,0.576575,0.693815,0.046474,0.205701,0.349105,0.350807,1.475008,-1.156615,0.064942,0.469541,0.892551,54.710000,1.505670,-1.180659,-1.180659,1.684645,-1.280612,0.443590,-0.000003,0.271870,0.520275
163,real,0.461689,0.725125,0.552968,0.701441,0.009127,0.215603,0.339839,0.354273,1.440625,-1.131823,0.081337,0.480664,0.878236,61.450000,1.479652,-1.161125,-1.161125,1.633288,-1.235810,0.443590,-0.000003,0.271870,0.520275
164,real,0.461689,0.725125,0.530227,0.708022,-0.012006,0.220244,0.339839,0.355897,1.439734,-1.135730,0.047311,0.395222,0.869995,61.450000,1.463685,-1.150967,-1.150967,1.633288,-1.235810,0.439788,-0.000002,0.281947,0.522406
165,real,0.424314,0.742545,0.505538,0.716023,-0.040315,0.230881,0.332728,0.359620,1.412816,-1.119996,0.059556,0.405469,0.863422,62.430000,1.443337,-1.138578,-1.138578,1.633288,-1.235810,0.439788,-0.000002,0.281947,0.522406
166,real,0.417447,0.735737,0.482890,0.722088,-0.059170,0.233351,0.326129,0.360485,1.389108,-1.099514,0.066834,0.400758,0.855649,64.460000,1.421645,-1.122953,-1.122953,1.582850,-1.178794,0.439788,-0.000002,0.281947,0.522406
167,real,0.417447,0.735737,0.464501,0.726436,-0.069650,0.234511,0.322461,0.360890,1.375928,-1.088111,0.057480,0.401103,0.851298,64.460000,1.403359,-1.109016,-1.109016,1.582850,-1.178794,0.434232,-0.000002,0.285009,0.519411
168,real,0.409428,0.718970,0.449290,0.726879,-0.078961,0.227701,0.319203,0.358507,1.365557,-1.071271,0.053420,0.402828,0.840728,68.340000,1.388238,-1.093918,-1.093918,1.582850,-1.178794,0.434232,-0.000002,0.285009,0.519411
169,real,0.433588,0.718059,0.441386,0.725659,-0.073292,0.223394,0.321187,0.357000,1.373386,-1.074219,0.024671,0.419316,0.839869,65.970000,1.382297,-1.086038,-1.086038,1.531456,-1.136497,0.434232,-0.000002,0.285009,0.519411
170,real,0.433588,0.718059,0.437335,0.724029,-0.070189,0.221003,0.322273,0.356163,1.377683,-1.075831,0.011202,0.404289,0.839394,65.970000,1.382297,-1.081955,-1.081955,1.531456,-1.136497,0.426793,-0.000002,0.291053,0.516589
171,real,0.447046,0.706884,0.437430,0.720769,-0.062393,0.214713,0.325001,0.353961,1.388659,-1.078828,0.007089,0.306958,0.838042,66.480000,1.382297,-1.081955,-1.081955,1.531456,-1.136497,0.426793,-0.000002,0.291053,0.516589
172,real,0.447046,0.706884,0.438983,0.717423,-0.058133,0.211209,0.326492,0.352735,1.394530,-1.081851,0.012233,0.396108,0.837296,66.480000,1.387190,-1.081955,-1.081955,1.480933,-1.093129,0.426793,-0.000002,0.291053,0.516589
173,real,0.412928,0.729699,0.435466,0.718213,-0.071067,0.219680,0.321965,0.355700,1.376843,-1.073664,0.013259,0.395902,0.837808,66.050000,1.383051,-1.078639,-1.078639,1.480933,-1.093129,0.416301,-0.000002,0.305355,0.516283
174,real,0.418791,0.713954,0.431588,0.717836,-0.075612,0.217137,0.320375,0.354810,1.371687,-1.066141,0.016892,0.401354,0.833301,68.270000,1.378506,-1.073640,-1.073640,1.480933,-1.093129,0.416301,-0.000002,0.305355,0.516283
175,real,0.418791,0.713954,0.428189,0.717094,-0.078125,0.215715,0.319495,0.354312,1.368840,-1.061977,0.015147,0.560911,0.830798,68.270000,1.374639,-1.068975,-1.068975,1.430457,-1.081260,0.416301,-0.000002,0.305355,0.516283
176,real,0.408574,0.722152,0.423890,0.717635,-0.084095,0.218640,0.317406,0.355336,1.360846,-1.057480,0.017955,0.565200,0.830314,67.860000,1.369122,-1.064377,-1.064377,1.430457,-1.081260,0.403534,-0.000002,0.312857,0.510607
177,real,0.408574,0.722152,0.419942,0.718543,-0.087389,0.220229,0.316253,0.355892,1.356439,-1.054998,0.015774,0.576829,0.830047,67.860000,1.364049,-1.060625,-1.060625,1.430457,-1.081260,0.403534,-0.000002,0.312857,0.510607
178,real,0.430416,0.740122,0.420224,0.722342,-0.079251,0.229399,0.319101,0.359101,1.364894,-1.072398,0.011803,0.642757,0.842052,62.220000,1.364049,-1.065335,-1.065335,1.396139,-1.075244,0.403534,-0.000002,0.312857,0.510607
179,real,0.437695,0.722293,0.423087,0.723708,-0.071598,0.226245,0.321779,0.357997,1.374965,-1.078663,0.017229,0.663745,0.843184,64.750000,1.368415,-1.070666,-1.070666,1.396139,-1.075244,0.389997,-0.000002,0.318602,0.503592
180,real,0.437695,0.722293,0.426414,0.723978,-0.067408,0.224480,0.323246,0.357380,1.380485,-1.082095,0.016622,0.560248,0.843805,64.750000,1.373243,-1.075237,-1.075237,1.396139,-1.075244,0.389997,-0.000002,0.318602,0.503592
181,real,0.406520,0.720280,0.424497,0.723540,-0.079062,0.222726,0.319167,0.356766,1.366339,-1.066868,0.010850,0.412253,0.836374,68.400000,1.373243,-1.071889,-1.071889,1.364569,-1.060875,0.389997,-0.000002,0.318602,0.503592
182,real,0.417947,0.729187,0.422782,0.724276,-0.080403,0.225643,0.318698,0.357787,1.364135,-1.067807,0.009981,0.398518,0.838224,65.620000,1.369600,-1.071889,-1.071889,1.364569,-1.060875,0.375390,-0.000002,0.319151,0.492722
183,real,0.417947,0.729187,0.421408,0.725314,-0.081144,0.227241,0.318438,0.358346,1.362925,-1.068319,0.007570,0.400908,0.839238,65.620000,1.369600,-1.071889,-1.071889,1.364569,-1.060875,0.375390,-0.000002,0.319151,0.492722
184,real,0.433315,0.751584,0.422847,0.729917,-0.074481,0.238466,0.320770,0.362275,1.369270,-1.085880,0.013994,0.411503,0.852290,59.650000,1.369600,-1.077486,-1.077486,1.373096,-1.074692,0.375390,-0.000002,0.319151,0.492722
185,real,0.433315,0.751584,0.425027,0.735004,-0.070924,0.244453,0.322015,0.364370,1.372718,-1.095313,0.018098,0.400780,0.859253,59.650000,1.369600,-1.084617,-1.084617,1.373096,-1.074692,0.361541,-0.000002,0.323630,0.485230
186,real,0.433315,0.751584,0.427117,0.739443,-0.069002,0.247687,0.322688,0.365502,1.374599,-1.100430,0.016584,0.401662,0.863016,59.650000,1.369600,-1.090942,-1.090942,1.373096,-1.074692,0.361541,-0.000002,0.323630,0.485230
187,real,0.435367,0.748636,0.429164,0.742480,-0.067033,0.248119,0.323377,0.365653,1.376973,-1.103130,0.014245,0.401717,0.864374,60.000000,1.369600,-1.095817,-1.095817,1.369610,-1.072072,0.361541,-0.000002,0.323630,0.485230
188,real,0.435367,0.748636,0.430874,0.744535,-0.065952,0.248353,0.323755,0.365735,1.378276,-1.104612,0.012353,0.485378,0.865118,60.000000,1.373070,-1.099335,-1.099335,1.369610,-1.072072,0.347431,-0.000002,0.326842,0.477005
189,real,0.467468,0.775237,0.437400,0.750363,-0.050479,0.261185,0.329171,0.370227,1.395553,-1.134399,0.041653,0.403530,0.884009,50.280000,1.382063,-1.113361,-1.113361,1.369610,-1.072072,0.347431,-0.000002,0.326842,0.477005
190,real,0.467468,0.775237,0.444517,0.756443,-0.042265,0.267736,0.332046,0.372519,1.404818,-1.150128,0.043239,0.405485,0.893834,50.280000,1.391165,-1.128068,-1.128068,1.369952,-1.091190,0.347431,-0.000002,0.326842,0.477005
191,real,0.451432,0.792408,0.448193,0.764357,-0.044980,0.279053,0.331096,0.376480,1.400105,-1.157165,0.030440,0.395313,0.902201,48.440000,1.394741,-1.139706,-1.139706,1.369952,-1.091190,0.335978,-0.000002,0.339087,0.477348
192,real,0.451432,0.792408,0.450030,0.771627,-0.046559,0.285129,0.330543,0.378607,1.397494,-1.160867,0.021339,0.401508,0.906663,48.440000,1.394741,-1.148171,-1.148171,1.369952,-1.091190,0.335978,-0.000002,0.339087,0.477348
193,real,0.458126,0.815371,0.452072,0.781310,-0.044136,0.299292,0.331391,0.383564,1.399112,-1.176956,0.029115,0.399905,0.920153,41.460000,1.394741,-1.159685,-1.159685,1.382282,-1.113656,0.335978,-0.000002,0.339087,0.477348
194,real,0.458126,0.815371,0.453789,0.790196,-0.043022,0.306700,0.331781,0.386157,1.399870,-1.185279,0.026103,0.402478,0.927142,41.460000,1.394741,-1.169922,-1.169922,1.382282,-1.113656,0.326013,-0.000001,0.350313,0.478543
195,real,0.464587,0.829240,0.456197,0.799689,-0.039330,0.317319,0.333073,0.389873,1.403655,-1.199831,0.031209,0.397861,0.938204,36.200000,1.398307,-1.181886,-1.181886,1.382282,-1.113656,0.326013,-0.000001,0.350313,0.478543
196,real,0.464587,0.829240,0.458408,0.807789,-0.037486,0.322830,0.333719,0.391802,1.405586,-1.207354,0.026487,0.399547,0.943912,36.200000,1.398307,-1.192073,-1.192073,1.394785,-1.148593,0.326013,-0.000001,0.350313,0.478543
197,real,0.459681,0.818138,0.459404,0.812323,-0.038746,0.320745,0.333278,0.391072,1.404159,-1.203828,0.013131,0.403229,0.941476,40.420000,1.398307,-1.196775,-1.196775,1.394785,-1.148593,0.318634,-0.000001,0.355432,0.477347
198,real,0.459681,0.818138,0.459805,0.814863,-0.039450,0.319579,0.333031,0.390664,1.403365,-1.201862,0.007174,0.417023,0.940115,40.420000,1.398307,-1.196775,-1.196775,1.394785,-1.148593,0.318634,-0.000001,0.355432,0.477347
199,real,0.411204,0.842906,0.452358,0.820311,-0.061473,0.330429,0.325323,0.394462,1.375646,-1.186291,0.024968,0.474009,0.939105,40.610000,1.389242,-1.192581,-1.192581,1.398300,-1.181900,0.318634,-0.000001,0.355432,0.477347
200,real,0.411204,0.842906,0.443231,0.825856,-0.073718,0.336152,0.321037,0.396465,1.360296,-1.177648,0.032572,0.486314,0.938545,40.610000,1.377664,-1.186608,-1.186608,1.398300,-1.181900,0.321080,-0.000001,0.357255,0.480337
201,real,0.331112,0.853436,0.422541,0.832698,-0.115885,0.345406,0.306279,0.399704,1.307836,-1.139045,0.084488,0.489310,0.928577,47.470000,1.349733,-1.167583,-1.167583,1.398300,-1.181900,0.321080,-0.000001,0.357255,0.480337
202,real,0.283442,0.876245,0.393412,0.842499,-0.160685,0.360701,0.290599,0.405057,1.251978,-1.105996,0.115538,0.578826,0.925170,45.870000,1.310631,-1.142948,-1.142948,1.396942,-1.195575,0.321080,-0.000001,0.357255,0.480337
203,real,0.283442,0.876245,0.365719,0.851471,-0.185711,0.368133,0.281840,0.407658,1.220810,-1.087541,0.105535,0.539908,0.923273,45.870000,1.274702,-1.120785,-1.120785,1.396942,-1.195575,0.320286,-0.000001,0.358082,0.480422
204,real,0.277498,0.887669,0.341947,0.860469,-0.202202,0.377179,0.276068,0.410824,1.200432,-1.080184,0.084644,0.475891,0.926351,43.120000,1.244994,-1.104545,-1.104545,1.396942,-1.195575,0.320286,-0.000001,0.358082,0.480422
205,real,0.277498,0.887669,0.323304,0.867997,-0.211319,0.381978,0.272877,0.412504,1.189209,-1.076091,0.062622,0.482541,0.928020,43.120000,1.222680,-1.093163,-1.093163,1.347673,-1.164693,0.320286,-0.000001,0.358082,0.480422
206,real,0.268915,0.905519,0.308107,0.876716,-0.220114,0.392908,0.269799,0.416329,1.178800,-1.079018,0.046104,0.402275,0.935746,38.320000,1.205128,-1.087505,-1.087505,1.347673,-1.164693,0.321473,-0.000001,0.364119,0.485724
207,real,0.494709,0.599064,0.336278,0.844560,-0.111405,0.284843,0.307847,0.378507,1.317114,-1.085397,0.112006,0.562932,0.875777,78.040000,1.249923,-1.087505,-1.087505,1.347673,-1.164693,0.321473,-0.000001,0.364119,0.485724
208,real,0.494709,0.599064,0.373041,0.796201,-0.058685,0.206391,0.326299,0.351049,1.394832,-1.077153,0.145279,0.571781,0.832915,78.040000,1.307887,-1.083364,-1.083364,1.296051,-1.103908,0.321473,-0.000001,0.364119,0.485724
209,real,0.494709,0.599064,0.405910,0.748235,-0.033048,0.159154,0.335272,0.334516,1.437720,-1.070182,0.130501,0.571087,0.807792,78.040000,1.359820,-1.078091,-1.078091,1.296051,-1.103908,0.325488,-0.000001,0.368142,0.491397
210,real,0.490062,0.602162,0.431064,0.708147,-0.022221,0.133699,0.339061,0.325606,1.458260,-1.064233,0.099411,0.951367,0.793629,78.140000,1.399196,-1.072548,-1.072548,1.296051,-1.103908,0.325488,-0.000001,0.368142,0.491397
211,real,0.485589,0.628392,0.448652,0.681250,-0.018686,0.131299,0.339839,0.324766,1.461700,-1.065220,0.062932,0.586085,0.793852,74.850000,1.424197,-1.072548,-1.072548,1.255944,-1.086551,0.325488,-0.000001,0.368142,0.491397
212,real,0.485589,0.628392,0.460759,0.663308,-0.016756,0.129987,0.339839,0.324307,1.462102,-1.064249,0.038802,0.571675,0.793983,74.850000,1.439359,-1.069228,-1.069228,1.255944,-1.086551,0.329669,-0.000001,0.376288,0.500274
213,real,0.491987,0.610925,0.470023,0.648657,-0.012773,0.121448,0.339839,0.321319,1.464773,-1.057976,0.027794,0.574467,0.789676,76.670000,1.449525,-1.064728,-1.064728,1.255944,-1.086551,0.329669,-0.000001,0.376288,0.500274
214,real,0.491987,0.610925,0.476799,0.637481,-0.010616,0.116724,0.339839,0.319665,1.466293,-1.054542,0.019619,0.571131,0.787302,76.670000,1.456232,-1.060653,-1.060653,1.395637,-1.071998,0.329669,-0.000001,0.376288,0.500274
215,real,0.399021,0.768968,0.468080,0.655912,-0.048112,0.190143,0.329999,0.345362,1.411448,-1.076459,0.047491,0.398642,0.824924,59.930000,1.438318,-1.066975,-1.066975,1.395637,-1.071998,0.331327,-0.000001,0.385991,0.508691
216,real,0.399021,0.768968,0.454372,0.680904,-0.071087,0.227315,0.321958,0.358372,1.375406,-1.080188,0.064285,0.401600,0.844366,59.930000,1.413154,-1.072260,-1.072260,1.395637,-1.071998,0.331327,-0.000001,0.385991,0.508691
217,real,0.374592,0.801307,0.437161,0.709379,-0.094801,0.262261,0.313658,0.370603,1.340456,-1.083490,0.073560,0.403781,0.863265,55.610000,1.384074,-1.076752,-1.076752,1.357580,-1.064636,0.331327,-0.000001,0.385991,0.508691
218,real,0.374592,0.801307,0.421222,0.734220,-0.108380,0.280354,0.308906,0.376936,1.321357,-1.084626,0.063210,0.696699,0.873109,55.610000,1.358987,-1.076752,-1.076752,1.357580,-1.064636,0.329622,-0.000001,0.391333,0.511657
219,real,0.468586,0.665741,0.423628,0.733340,-0.071903,0.231707,0.321673,0.359909,1.373616,-1.083022,0.015916,0.589209,0.847739,71.000000,1.364839,-1.076752,-1.076752,1.357580,-1.064636,0.329622,-0.000001,0.391333,0.511657
220,real,0.468586,0.665741,0.431786,0.722651,-0.053065,0.202798,0.328266,0.349791,1.402537,-1.080897,0.037925,0.582954,0.832872,71.000000,1.379918,-1.076752,-1.076752,1.411819,-1.072044,0.329622,-0.000001,0.391333,0.511657
221,real,0.468586,0.665741,0.440566,0.709941,-0.043127,0.186337,0.331744,0.344029,1.418476,-1.079410,0.038650,0.599489,0.824494,71.000000,1.395341,-1.076752,-1.076752,1.411819,-1.072044,0.316176,-0.000001,0.395647,0.506462
222,real,0.454899,0.698880,0.445971,0.703671,-0.043992,0.192027,0.331441,0.346021,1.416098,-1.082984,0.021672,0.634352,0.828761,67.000000,1.403644,-1.076752,-1.076752,1.411819,-1.072044,0.316176,-0.000001,0.395647,0.506462
223,real,0.454899,0.698880,0.449312,0.700680,-0.044484,0.195125,0.331269,0.347105,1.414796,-1.084921,0.013823,0.415528,0.831079,67.000000,1.408105,-1.080020,-1.080020,1.365985,-1.076390,0.316176,-0.000001,0.395647,0.506462
224,real,0.444425,0.714415,0.449754,0.701804,-0.049426,0.203891,0.329540,0.350174,1.406799,-1.086184,0.006302,0.401302,0.835751,65.430000,1.408105,-1.080020,-1.080020,1.365985,-1.076390,0.301610,-0.000001,0.391952,0.494565
225,real,0.441383,0.709249,0.448596,0.703384,-0.053554,0.206318,0.328095,0.351023,1.401192,-1.083240,0.007626,0.407553,0.835583,66.690000,1.408105,-1.080020,-1.080020,1.365985,-1.076390,0.301610,-0.000001,0.391952,0.494565
226,real,0.441383,0.709249,0.447047,0.704874,-0.055830,0.207642,0.327298,0.351486,1.398105,-1.081616,0.010127,0.414571,0.835490,66.690000,1.404105,-1.080020,-1.080020,1.403739,-1.076497,0.301610,-0.000001,0.391952,0.494565
227,real,0.441383,0.709249,0.445601,0.706096,-0.057083,0.208367,0.326859,0.351740,1.396405,-1.080721,0.007731,0.402997,0.835439,66.690000,1.404105,-1.080020,-1.080020,1.403739,-1.076497,0.295011,-0.000001,0.393180,0.491551
228,real,0.334262,0.844035,0.428495,0.730111,-0.103274,0.274708,0.310693,0.374960,1.328355,-1.085189,0.075926,0.417445,0.870382,49.590000,1.373805,-1.080020,-1.080020,1.403739,-1.076497,0.295011,-0.000001,0.393180,0.491551
229,real,0.344827,0.831254,0.409350,0.755044,-0.126205,0.301348,0.302667,0.384283,1.297154,-1.084470,0.076779,0.412509,0.884240,51.700000,1.343145,-1.080020,-1.080020,1.407155,-1.079670,0.295011,-0.000001,0.393180,0.491551
230,real,0.344827,0.831254,0.392382,0.776091,-0.139130,0.315178,0.298143,0.389124,1.280060,-1.083608,0.063186,0.399011,0.891483,51.700000,1.317911,-1.080020,-1.080020,1.407155,-1.079670,0.325238,-0.000001,0.350071,0.477838
231,real,0.439999,0.717592,0.394308,0.775289,-0.102114,0.273800,0.311099,0.374642,1.329906,-1.085670,0.013259,0.405745,0.870103,65.350000,1.322709,-1.080020,-1.080020,1.407155,-1.079670,0.325238,-0.000001,0.350071,0.477838
232,real,0.439999,0.717592,0.402361,0.766156,-0.082685,0.249196,0.317899,0.366030,1.357384,-1.085762,0.035148,0.571154,0.857582,65.350000,1.336579,-1.080020,-1.080020,1.372420,-1.079664,0.325238,-0.000001,0.350071,0.477838
233,real,0.460990,0.645807,0.414962,0.744663,-0.061637,0.204747,0.325266,0.350473,1.391523,-1.072256,0.055490,0.573806,0.829959,74.980000,1.358556,-1.080020,-1.080020,1.372420,-1.079664,0.318475,-0.000001,0.357116,0.478496
234,real,0.460990,0.645807,0.426872,0.721603,-0.051009,0.178778,0.328986,0.341384,1.410566,-1.063767,0.054490,0.575204,0.813838,74.980000,1.379360,-1.073519,-1.073519,1.372420,-1.079664,0.318475,-0.000001,0.357116,0.478496
235,real,0.453435,0.666583,0.435320,0.704698,-0.048990,0.173302,0.329692,0.339467,1.414417,-1.061835,0.036952,0.589685,0.810399,72.550000,1.393383,-1.068845,-1.068845,1.325009,-1.079350,0.318475,-0.000001,0.357116,0.478496
236,real,0.452092,0.672023,0.440982,0.693508,-0.048502,0.172726,0.329863,0.339266,1.415163,-1.061968,0.022840,0.573339,0.810191,71.820000,1.402095,-1.068845,-1.068845,1.325009,-1.079350,0.328804,-0.000001,0.345405,0.476882
237,real,0.452092,0.672023,0.444756,0.686123,-0.048235,0.172409,0.329956,0.339155,1.414693,-1.061378,0.014645,0.429613,0.810078,71.820000,1.407134,-1.068845,-1.068845,1.325009,-1.079350,0.328804,-0.000001,0.345405,0.476882
238,real,0.447563,0.664665,0.446552,0.680110,-0.050114,0.168941,0.329299,0.337941,1.415127,-1.058425,0.013132,0.445277,0.806151,73.490000,1.407134,-1.064677,-1.064677,1.380220,-1.072964,0.328804,-0.000001,0.345405,0.476882
239,real,0.447563,0.664665,0.447354,0.675529,-0.051156,0.167022,0.328934,0.337269,1.414358,-1.055498,0.011680,0.418612,0.803977,73.490000,1.407134,-1.061006,-1.061006,1.380220,-1.072964,0.320429,-0.000001,0.358897,0.481126
240,real,0.283762,0.837617,0.423401,0.702461,-0.121082,0.252477,0.304460,0.367178,1.308931,-1.044808,0.099531,0.409817,0.842496,55.650000,1.367853,-1.054527,-1.054527,1.380220,-1.072964,0.320429,-0.000001,0.358897,0.481126
241,real,0.283762,0.837617,0.393161,0.734433,-0.163001,0.293811,0.289789,0.381646,1.251503,-1.037187,0.117635,0.402463,0.862383,55.650000,1.321313,-1.047591,-1.047591,1.405592,-1.067893,0.320429,-0.000001,0.358897,0.481126
242,real,0.261462,0.847263,0.361726,0.764176,-0.196654,0.319413,0.278010,0.390606,1.207374,-1.026754,0.115828,0.405083,0.873760,55.080000,1.275737,-1.039256,-1.039256,1.405592,-1.067893,0.328395,-0.000001,0.347856,0.478380
243,real,0.409354,0.422495,0.363648,0.730940,-0.132782,0.169215,0.300365,0.338037,1.310704,-0.960224,0.086423,0.574708,0.763346,107.930000,1.289724,-1.007643,-1.007643,1.405592,-1.067893,0.328395,-0.000001,0.347856,0.478380
244,real,0.409354,0.422495,0.373503,0.672013,-0.108196,0.062577,0.308970,0.300714,1.377376,-0.908892,0.132040,0.392691,0.685568,107.930000,1.324785,-0.968143,-0.968143,1.365428,-1.052285,0.328395,-0.000001,0.347856,0.478380
245,real,0.206905,0.860168,0.353927,0.690204,-0.182429,0.223988,0.282989,0.357208,1.235458,-0.951977,0.090778,0.569461,0.790576,55.570000,1.289054,-0.961676,-0.961676,1.365428,-1.052285,0.328497,-0.000001,0.348921,0.479224
246,real,0.206905,0.860168,0.324138,0.726815,-0.231184,0.294806,0.265924,0.381994,1.164382,-0.967420,0.124804,0.565006,0.839034,55.570000,1.239185,-0.961676,-0.961676,1.365428,-1.052285,0.328497,-0.000001,0.348921,0.479224
247,real,0.168729,0.883670,0.289065,0.766423,-0.276072,0.339981,0.250214,0.397805,1.105500,-0.969205,0.133897,0.569878,0.869317,51.780000,1.185711,-0.961676,-0.961676,1.303956,-1.005465,0.328497,-0.000001,0.348921,0.479224
248,real,0.168729,0.883670,0.257545,0.799589,-0.300992,0.361183,0.241492,0.405226,1.074155,-0.968368,0.111757,0.705021,0.883878,51.780000,1.141089,-0.961676,-0.961676,1.303956,-1.005465,0.320310,-0.000001,0.360387,0.482159
249,real,0.060753,0.882084,0.215252,0.825521,-0.363291,0.373681,0.219687,0.409600,0.994329,-0.927307,0.150730,0.490372,0.884312,55.700000,1.082385,-0.947928,-0.947928,1.303956,-1.005465,0.320310,-0.000001,0.360387,0.482159
250,real,0.060753,0.882084,0.175755,0.844025,-0.397598,0.378390,0.207679,0.411248,0.949968,-0.904336,0.139408,0.504082,0.884339,55.700000,1.029418,-0.930491,-0.930491,1.263951,-0.961131,0.320310,-0.000001,0.360387,0.482159
251,real,0.010437,0.892525,0.135566,0.858740,-0.439071,0.386066,0.200000,0.413935,0.922270,-0.895636,0.112675,0.510026,0.888158,53.600000,0.986559,-0.916549,-0.916549,1.263951,-0.961131,0.310840,-0.000001,0.372336,0.485032
252,real,-0.070068,0.894286,0.088748,0.870469,-0.498200,0.392252,0.200000,0.416100,0.923313,-0.902624,0.064761,0.490497,0.892254,52.460000,0.961260,-0.910979,-0.910979,1.263951,-0.961131,0.310840,-0.000001,0.372336,0.485032
253,real,-0.070068,0.894286,0.046951,0.878676,-0.530672,0.393917,0.200000,0.416682,0.923601,-0.904510,0.038211,0.495152,0.894443,52.460000,0.946197,-0.910979,-0.910979,1.202682,-0.946532,0.310840,-0.000001,0.372336,0.485032
254,real,-0.113690,0.891189,0.006652,0.883920,-0.568188,0.393659,0.200000,0.416592,0.923556,-0.904218,0.023629,0.489126,0.896257,52.100000,0.937140,-0.910979,-0.910979,1.202682,-0.946532,0.323238,-0.000001,0.353473,0.478985
255,real,-0.113690,0.891189,-0.026732,0.887041,-0.588731,0.392838,0.200000,0.416305,0.923414,-0.903288,0.015734,0.500144,0.897236,52.100000,0.931650,-0.910979,-0.910979,1.202682,-0.946532,0.323238,-0.000001,0.353473,0.478985
256,real,-0.140059,0.881807,-0.056542,0.887467,-0.611905,0.388259,0.200000,0.414702,0.922635,-0.898110,0.015713,0.499587,0.895280,53.530000,0.928044,-0.905831,-0.905831,1.162368,-0.910641,0.323238,-0.000001,0.353473,0.478985
257,real,-0.214432,0.885004,-0.092177,0.887767,-0.658356,0.388324,0.200000,0.414725,0.922646,-0.898183,0.009361,0.498097,0.902328,48.820000,0.928044,-0.905831,-0.905831,1.162368,-0.910641,0.327547,-0.000001,0.344923,0.475667
258,real,-0.214432,0.885004,-0.124218,0.887600,-0.683722,0.387290,0.200000,0.414363,0.922473,-0.897016,0.010428,0.507518,0.906111,48.820000,0.928044,-0.902305,-0.902305,1.162368,-0.910641,0.327547,-0.000001,0.344923,0.475667
259,real,-0.279372,0.897235,-0.160296,0.889730,-0.727298,0.393685,0.200000,0.416602,0.923561,-0.904248,0.004886,0.496925,0.922138,39.990000,0.928044,-0.902305,-0.902305,1.101171,-0.910196,0.327547,-0.000001,0.344923,0.475667
260,real,-0.279372,0.897235,-0.192020,0.891877,-0.750935,0.395865,0.200000,0.417364,0.923942,-0.906720,0.006026,0.492122,0.930345,39.990000,0.928044,-0.902305,-0.902305,1.101171,-0.910196,0.317103,-0.000001,0.352378,0.474051
261,real,-0.285190,0.891202,-0.218061,0.892600,-0.766424,0.393943,0.200000,0.416692,0.923605,-0.904540,0.004969,0.506972,0.932800,41.310000,0.928044,-0.902305,-0.902305,1.101171,-0.910196,0.317103,-0.000001,0.352378,0.474051
262,real,-0.285190,0.891202,-0.237952,0.892657,-0.774893,0.392763,0.200000,0.416279,0.923401,-0.903203,0.004729,0.504567,0.934126,41.310000,0.928044,-0.902305,-0.902305,1.059994,-0.901895,0.317103,-0.000001,0.352378,0.474051
263,real,-0.285190,0.891202,-0.252506,0.892454,-0.779534,0.392076,0.200000,0.416038,0.923282,-0.902425,0.004763,0.499162,0.934847,41.310000,0.928044,-0.902305,-0.902305,1.059994,-0.901895,0.300783,-0.000001,0.355100,0.465367
264,real,0.017874,0.806247,-0.216255,0.885506,-0.648933,0.372602,0.200000,0.409222,0.920160,-0.880538,0.023151,0.511372,0.885221,72.500000,0.928044,-0.893598,-0.893598,1.059994,-0.901895,0.300783,-0.000001,0.355100,0.465367
265,real,0.017874,0.806247,-0.166266,0.872384,-0.573429,0.348016,0.200000,0.400617,0.916877,-0.853357,0.041762,0.497409,0.851189,72.500000,0.923577,-0.877502,-0.877502,0.999938,-0.901655,0.300783,-0.000001,0.355100,0.465367
266,real,0.015346,0.795590,-0.119671,0.856167,-0.533138,0.326048,0.200000,0.392928,0.914584,-0.829495,0.048842,0.492996,0.826712,74.550000,0.919980,-0.858299,-0.858299,0.999938,-0.901655,0.288599,-0.000001,0.353393,0.456264
267,real,0.015346,0.795590,-0.081698,0.840983,-0.511176,0.312786,0.200000,0.388287,0.913502,-0.815283,0.043501,0.511303,0.812863,74.550000,0.919980,-0.841093,-0.841093,0.999938,-0.901655,0.288599,-0.000001,0.353393,0.456264
268,real,-0.036311,0.733246,-0.061007,0.819116,-0.522582,0.278506,0.200000,0.376289,0.911798,-0.779227,0.062404,0.492242,0.778834,85.530000,0.916707,-0.816346,-0.816346,0.958376,-0.891061,0.288599,-0.000001,0.353393,0.456264
269,real,-0.036311,0.733246,-0.049735,0.797921,-0.528800,0.258557,0.200000,0.369307,0.911560,-0.758698,0.057878,0.510386,0.759103,85.530000,0.916707,-0.793287,-0.793287,0.958376,-0.891061,0.273921,-0.000001,0.364320,0.455809
270,real,0.015339,0.658182,-0.035449,0.769047,-0.508919,0.215424,0.200000,0.354210,0.913050,-0.715468,0.077905,0.502590,0.715479,97.650000,0.916707,-0.762160,-0.762160,0.958376,-0.891061,0.273921,-0.000001,0.364320,0.455809
271,real,0.015339,0.658182,-0.022332,0.741455,-0.497970,0.190212,0.200000,0.345386,0.915261,-0.690948,0.071226,0.512313,0.690215,97.650000,0.916707,-0.733675,-0.733675,0.919800,-0.838707,0.273921,-0.000001,0.364320,0.455809
272,real,0.129810,0.196979,0.008012,0.658608,-0.435637,0.004751,0.200000,0.285812,0.960466,-0.541112,0.197472,0.488614,0.508838,152.710000,0.934211,-0.656650,-0.656650,0.919800,-0.838707,0.262580,-0.000001,0.364666,0.449366
273,real,0.129810,0.196979,0.039241,0.557051,-0.402762,-0.131556,0.205872,0.246767,1.052533,-0.478013,0.214269,0.618729,0.381059,152.710000,0.981539,-0.585195,-0.585195,0.919800,-0.838707,0.262580,-0.000001,0.364666,0.449366
274,real,-0.055680,0.497574,0.034941,0.517786,-0.473043,-0.055135,0.200000,0.273514,0.977437,-0.513980,0.071333,0.504695,0.445681,119.910000,0.981539,-0.556709,-0.556709,0.917816,-0.789818,0.262580,-0.000001,0.364666,0.449366
275,real,-0.055680,0.497574,0.018571,0.502592,-0.511832,-0.025625,0.200000,0.283843,0.962987,-0.536672,0.027307,0.487129,0.474523,119.910000,0.974118,-0.548694,-0.548694,0.917816,-0.789818,0.247929,-0.000001,0.379273,0.453119
276,real,-0.055680,0.497574,0.000804,0.496953,-0.532192,-0.013519,0.200000,0.285812,0.960466,-0.541112,0.015617,0.502353,0.487545,119.910000,0.968657,-0.548694,-0.548694,0.917816,-0.789818,0.247929,-0.000001,0.379273,0.453119
277,real,-0.576180,-0.267393,-0.140864,0.394316,-0.903961,-0.296296,0.200000,0.189108,1.185171,-0.373549,0.278486,0.577544,0.452415,101.130000,1.055263,-0.478636,-0.478636,0.980827,-0.737140,0.247929,-0.000001,0.379273,0.453119
278,real,-0.576180,-0.267393,-0.279949,0.236315,-1.038249,-0.557116,0.200000,0.097821,1.600206,-0.341700,0.561885,0.729427,0.541271,101.130000,1.273240,-0.423862,-0.423862,0.980827,-0.737140,0.236362,-0.000001,0.387387,0.453801
279,real,-0.132302,-0.219796,-0.299527,0.103040,-0.835887,-0.644471,0.200000,0.070000,1.751445,-0.360403,0.482397,0.501295,0.365639,150.270000,1.464522,-0.398478,-0.398478,0.980827,-0.737140,0.236362,-0.000001,0.387387,0.453801
280,real,-0.132302,-0.219796,-0.277662,0.003226,-0.737054,-0.682143,0.200000,0.070000,1.751445,-0.360403,0.289438,0.495197,0.298949,150.270000,1.579291,-0.383248,-0.383248,0.973079,-0.687465,0.236362,-0.000001,0.387387,0.453801
281,real,-0.012311,-0.039843,-0.227229,-0.038948,-0.633569,-0.617271,0.200000,0.076767,1.714285,-0.354679,0.137983,0.492597,0.177744,175.220000,1.633289,-0.371821,-0.371821,0.973079,-0.687465,0.220785,-0.000000,0.400164,0.457031
282,real,-0.012311,-0.039843,-0.174768,-0.053853,-0.577341,-0.581533,0.200000,0.089275,1.646135,-0.346072,0.028776,0.496577,0.112380,175.220000,1.638427,-0.361521,-0.361521,0.973079,-0.687465,0.220785,-0.000000,0.400164,0.457031
283,real,0.015892,0.044530,-0.125680,-0.043249,-0.534516,-0.523556,0.200000,0.109567,1.538287,-0.337739,0.102925,0.573584,0.041788,174.580000,1.598371,-0.352008,-0.352008,1.080692,-0.635221,0.220785,-0.000000,0.400164,0.457031
284,real,0.015892,0.044530,-0.085723,-0.025476,-0.511517,-0.492470,0.200000,0.120447,1.482540,-0.336215,0.116903,0.494990,0.013760,174.580000,1.552039,-0.345691,-0.345691,1.080692,-0.635221,0.209678,-0.000000,0.404156,0.455310
285,real,-0.014053,-0.058782,-0.060164,-0.024474,-0.512696,-0.522611,0.200000,0.109898,1.536568,-0.337662,0.017430,0.562296,0.025932,173.070000,1.545850,-0.342479,-0.342479,1.080692,-0.635221,0.209678,-0.000000,0.404156,0.455310
286,real,-0.014053,-0.058782,-0.043768,-0.029561,-0.513319,-0.539010,0.200000,0.104158,1.566602,-0.339267,0.020999,0.602720,0.041221,173.070000,1.554151,-0.342479,-0.342479,1.077288,-0.585298,0.209678,-0.000000,0.404156,0.455310
287,real,0.001373,0.007556,-0.030792,-0.025516,-0.506693,-0.518004,0.200000,0.111510,1.528206,-0.337315,0.026454,0.577629,0.019208,179.120000,1.543773,-0.342479,-0.342479,1.077288,-0.585298,0.201215,-0.000000,0.393638,0.442085
288,real,0.001373,0.007556,-0.021084,-0.018851,-0.503055,-0.506474,0.200000,0.115546,1.507438,-0.336645,0.036800,0.496110,0.007158,179.120000,1.529239,-0.342479,-0.342479,1.077288,-0.585298,0.201215,-0.000000,0.393638,0.442085
289,real,-0.019598,-0.058828,-0.017391,-0.022800,-0.510533,-0.530133,0.200000,0.107265,1.550294,-0.338327,0.021460,0.569939,0.031921,172.890000,1.537661,-0.342479,-0.342479,1.180218,-0.533175,0.201215,-0.000000,0.393638,0.442085
290,real,-0.019598,-0.058828,-0.016424,-0.029904,-0.514629,-0.543098,0.200000,0.102727,1.574151,-0.339756,0.036592,0.579273,0.045513,172.890000,1.552257,-0.342479,-0.342479,1.180218,-0.533175,0.202890,-0.000000,0.376007,0.427254
291,real,-0.019598,-0.058828,-0.016581,-0.037006,-0.516871,-0.550196,0.200000,0.100243,1.587312,-0.340688,0.035101,0.649563,0.052955,172.890000,1.566279,-0.342479,-0.342479,1.180218,-0.533175,0.202890,-0.000000,0.376007,0.427254
292,real,-0.018106,-0.057389,-0.016877,-0.042757,-0.517428,-0.553436,0.200000,0.099109,1.593342,-0.341150,0.027096,0.595427,0.056206,173.100000,1.577104,-0.342479,-0.342479,1.180187,-0.483531,0.202890,-0.000000,0.376007,0.427254
293,real,-0.018106,-0.057389,-0.017177,-0.047118,-0.517733,-0.555216,0.200000,0.098486,1.596660,-0.341413,0.019585,0.588583,0.057994,173.100000,1.584926,-0.342479,-0.342479,1.180187,-0.483531,0.215538,-0.000001,0.346155,0.407774
294,real,-0.013379,-0.046891,-0.016686,-0.048642,-0.515775,-0.551474,0.200000,0.099796,1.589689,-0.340868,0.005028,0.574411,0.053837,174.410000,1.584926,-0.342479,-0.342479,1.180187,-0.483531,0.215538,-0.000001,0.346155,0.407774
295,real,-0.085012,-0.157885,-0.027390,-0.066641,-0.547268,-0.600067,0.200000,0.082788,1.681368,-0.350212,0.096751,0.625243,0.110669,159.340000,1.623503,-0.342479,-0.342479,1.280417,-0.431303,0.215538,-0.000001,0.346155,0.407774
296,real,-0.085012,-0.157885,-0.040363,-0.087576,-0.564456,-0.626455,0.200000,0.073552,1.731920,-0.357306,0.109426,0.491126,0.141935,159.340000,1.666870,-0.348410,-0.348410,1.280417,-0.431303,0.214103,-0.000001,0.328737,0.392311
297,real,-0.114058,-0.189039,-0.056703,-0.111197,-0.587050,-0.655065,0.200000,0.070000,1.751445,-0.360403,0.085422,0.514191,0.177828,154.490000,1.700700,-0.353207,-0.353207,1.280417,-0.431303,0.214103,-0.000001,0.328737,0.392311
298,real,-0.114058,-0.189039,-0.071615,-0.131959,-0.599309,-0.670517,0.200000,0.070000,1.751445,-0.360403,0.051253,0.508094,0.197328,154.490000,1.720998,-0.353207,-0.353207,1.283245,-0.382267,0.214103,-0.000001,0.328737,0.392311
299,real,-0.060944,-0.141544,-0.075298,-0.140968,-0.582137,-0.657698,0.200000,0.070000,1.751445,-0.360403,0.031286,0.512675,0.177807,162.270000,1.733177,-0.353207,-0.353207,1.283245,-0.382267,0.228262,-0.000001,0.289611,0.368752
300,real,-0.060944,-0.141544,-0.074359,-0.144299,-0.572615,-0.650485,0.200000,0.070000,1.751445,-0.360403,0.019634,0.500990,0.167089,162.270000,1.740484,-0.353207,-0.353207,1.283245,-0.382267,0.228262,-0.000001,0.289611,0.368752
301,real,-0.060944,-0.141544,-0.071911,-0.145061,-0.567366,-0.646477,0.200000,0.070000,1.751445,-0.360403,0.013112,0.514214,0.161225,162.270000,1.744869,-0.353207,-0.353207,1.379863,-0.353106,0.228262,-0.000001,0.289611,0.368752
302,real,-0.071884,-0.162215,-0.071033,-0.148039,-0.569403,-0.653571,0.200000,0.070000,1.751445,-0.360403,0.009748,0.491578,0.168525,159.560000,1.744869,-0.353207,-0.353207,1.379863,-0.353106,0.224041,-0.000001,0.271224,0.351791
303,real,-0.071884,-0.162215,-0.070854,-0.151338,-0.570521,-0.657464,0.200000,0.070000,1.751445,-0.360403,0.009748,0.499032,0.172534,159.560000,1.744869,-0.353207,-0.353207,1.379863,-0.353106,0.224041,-0.000001,0.271224,0.351791
304,real,-0.168361,-0.256647,-0.086377,-0.169505,-0.615205,-0.703245,0.200000,0.070000,1.751445,-0.360403,0.009748,0.506593,0.233625,144.250000,1.744869,-0.353207,-0.353207,1.385907,-0.352973,0.224041,-0.000001,0.271224,0.351791
305,real,-0.168361,-0.256647,-0.104948,-0.189887,-0.639438,-0.727738,0.200000,0.070000,1.751445,-0.360403,0.009748,0.499852,0.267035,144.250000,1.744869,-0.353207,-0.353207,1.385907,-0.352973,0.228498,-0.000001,0.234379,0.327330
306,real,-0.239726,-0.301593,-0.133140,-0.215197,-0.685495,-0.762201,0.200000,0.070000,1.751445,-0.360403,0.009748,0.493902,0.321182,134.680000,1.744869,-0.353207,-0.353207,1.385907,-0.352973,0.228498,-0.000001,0.234379,0.327330
307,real,-0.239726,-0.301593,-0.160134,-0.238004,-0.710267,-0.780361,0.200000,0.070000,1.751445,-0.360403,0.009748,0.509511,0.350449,134.680000,1.744869,-0.353207,-0.353207,1.480010,-0.353004,0.228498,-0.000001,0.234379,0.327330
308,real,-0.983190,0.162149,-0.374278,-0.193687,-1.271975,-0.611383,0.200000,0.078828,1.703000,-0.353083,0.041869,0.618976,0.779969,9.630000,1.728121,-0.353207,-0.353207,1.480010,-0.353004,0.220986,-0.000001,0.217499,0.310066
309,real,-0.983190,0.162149,-0.578328,-0.113047,-1.457278,-0.463287,0.200000,0.130661,1.431922,-0.336672,0.296661,0.599698,0.957982,9.630000,1.609641,-0.346593,-0.346593,1.480010,-0.353004,0.220986,-0.000001,0.217499,0.310066
310,real,-0.976640,0.207413,-0.718961,-0.029510,-1.480137,-0.374372,0.200000,0.161782,1.290514,-0.349238,0.319138,0.600901,0.988156,6.440000,1.481990,-0.346593,-0.346593,1.488387,-0.352796,0.220986,-0.000001,0.217499,0.310066
311,real,-0.983497,0.141549,-0.811077,0.027509,-1.482149,-0.366598,0.200000,0.164502,1.279191,-0.351119,0.202849,0.587479,0.991167,12.940000,1.400871,-0.346593,-0.346593,1.488387,-0.352796,0.217472,-0.000001,0.183308,0.284422
312,real,-0.983497,0.141549,-0.871205,0.065912,-1.482870,-0.362767,0.200000,0.165843,1.273678,-0.352091,0.127312,0.579705,0.992404,12.940000,1.349993,-0.346593,-0.346593,1.488387,-0.352796,0.217472,-0.000001,0.183308,0.284422
313,real,-0.985794,0.084686,-0.910876,0.082426,-1.484550,-0.386907,0.200000,0.157394,1.309145,-0.346466,0.040849,0.596410,0.991024,16.680000,1.333654,-0.346593,-0.346593,1.489333,-0.390249,0.217472,-0.000001,0.183308,0.284422
314,real,-0.985794,0.084686,-0.936893,0.088633,-1.485212,-0.399839,0.200000,0.152868,1.328839,-0.343944,0.005496,0.585348,0.990291,16.680000,1.333654,-0.346593,-0.346593,1.489333,-0.390249,0.207329,-0.000001,0.168668,0.267272
315,real,-0.984776,0.119171,-0.953761,0.095685,-1.485087,-0.391218,0.200000,0.155885,1.315657,-0.345587,0.018025,0.583077,0.991075,14.540000,1.326455,-0.346593,-0.346593,1.489333,-0.390249,0.207329,-0.000001,0.168668,0.267272
316,real,-0.984776,0.119171,-0.964684,0.101912,-1.484968,-0.386523,0.200000,0.157529,1.308567,-0.346546,0.017888,0.573610,0.991483,14.540000,1.319300,-0.346593,-0.346593,1.388929,-0.346525,0.207329,-0.000001,0.168668,0.267272
317,real,-0.987367,0.125171,-0.972215,0.107812,-1.486202,-0.381231,0.200000,0.159381,1.300652,-0.347681,0.018679,0.585385,0.993328,11.150000,1.311841,-0.346593,-0.346593,1.388929,-0.346525,0.203690,-0.000001,0.144531,0.249758
318,real,-0.988884,0.122734,-0.977577,0.112278,-1.487534,-0.379430,0.200000,0.160011,1.297976,-0.348081,0.013944,0.575995,0.994867,9.630000,1.306295,-0.346593,-0.346593,1.388929,-0.346525,0.203690,-0.000001,0.144531,0.249758
319,real,-0.988884,0.122734,-0.981287,0.115523,-1.488179,-0.378451,0.200000,0.160354,1.296526,-0.348301,0.009917,0.627898,0.995626,9.630000,1.302388,-0.346593,-0.346593,1.387181,-0.346363,0.203690,-0.000001,0.144531,0.249758
320,real,-0.992104,0.099812,-0.984352,0.114211,-1.490044,-0.388226,0.200000,0.156933,1.311131,-0.346193,0.008753,0.583754,0.996333,8.710000,1.305885,-0.346593,-0.346593,1.387181,-0.346363,0.203995,-0.000001,0.141046,0.248008
321,real,-0.992104,0.099812,-0.986679,0.111475,-1.491001,-0.393607,0.200000,0.155049,1.319289,-0.345116,0.013485,0.585449,0.996695,8.710000,1.311247,-0.346593,-0.346593,1.387181,-0.346363,0.203995,-0.000001,0.141046,0.248008
322,real,-0.984387,0.038505,-0.987704,0.099044,-1.489607,-0.424041,0.200000,0.144397,1.366936,-0.340164,0.056060,0.579136,0.992518,19.780000,1.333523,-0.346593,-0.346593,1.306596,-0.346337,0.203995,-0.000001,0.141046,0.248008
323,real,-0.759222,-0.618545,-0.975876,-0.024898,-1.453911,-0.755078,0.200000,0.070000,1.751445,-0.360403,0.418151,0.498867,0.987426,23.360000,1.500692,-0.352117,-0.352117,1.306596,-0.346337,0.204803,-0.000001,0.123976,0.239404
324,real,-0.759222,-0.618545,-0.943064,-0.168435,-1.382128,-0.935002,0.200000,0.070000,1.751445,-0.360403,0.250891,0.495058,0.983553,23.360000,1.600993,-0.355432,-0.355432,1.306596,-0.346337,0.204803,-0.000001,0.123976,0.239404
325,real,-0.993322,0.047713,-0.950891,-0.185554,-1.465425,-0.717346,0.200000,0.070000,1.751445,-0.360403,0.150534,0.484461,0.989588,12.060000,1.661174,-0.355432,-0.355432,1.315094,-0.346660,0.204803,-0.000001,0.123976,0.239404
326,real,-0.993322,0.047713,-0.963769,-0.153694,-1.487686,-0.594527,0.200000,0.084727,1.670808,-0.348901,0.011639,0.490961,0.992199,12.060000,1.665028,-0.355432,-0.355432,1.315094,-0.346660,0.204736,0.000178,0.120471,0.237551
327,real,-0.993322,0.047713,-0.973972,-0.110044,-1.492920,-0.528979,0.200000,0.107669,1.548181,-0.338217,0.118108,0.566749,0.993343,12.060000,1.618289,-0.348546,-0.348546,1.315094,-0.346660,0.204736,0.000178,0.120471,0.237551
328,real,-0.991045,0.094030,-0.980991,-0.061984,-1.494027,-0.472729,0.200000,0.127357,1.448099,-0.336324,0.170628,0.487435,0.994401,10.880000,1.550213,-0.343657,-0.343657,1.403131,-0.354534,0.204736,0.000178,0.120471,0.237551
329,real,-0.994129,0.036801,-0.985575,-0.029229,-1.494088,-0.468400,0.200000,0.128872,1.440658,-0.336460,0.109792,0.512361,0.994590,11.680000,1.506391,-0.343657,-0.343657,1.403131,-0.354534,0.219772,-0.020276,0.151441,0.266898
330,real,-0.994129,0.036801,-0.988562,-0.007116,-1.494111,-0.466048,0.200000,0.129695,1.436631,-0.336550,0.070121,0.497959,0.994690,11.680000,1.478487,-0.343657,-0.343657,1.403131,-0.354534,0.219772,-0.020276,0.151441,0.266898
331,real,-0.993478,0.050936,-0.990417,0.009941,-1.493862,-0.458382,0.200000,0.132378,1.423597,-0.336928,0.055301,0.509375,0.994733,11.710000,1.456531,-0.343657,-0.343657,1.417539,-0.348109,0.219772,-0.020276,0.151441,0.266898
332,real,-0.990311,0.043671,-0.991100,0.021354,-1.492369,-0.457452,0.200000,0.132703,1.422025,-0.336983,0.035145,0.497231,0.993281,15.150000,1.442729,-0.343657,-0.343657,1.417539,-0.348109,0.202127,-0.000044,0.141329,0.246636
333,real,-0.990311,0.043671,-0.991231,0.028949,-1.491474,-0.456945,0.200000,0.132881,1.421169,-0.337013,0.022560,0.498367,0.992409,15.150000,1.434105,-0.343657,-0.343657,1.417539,-0.348109,0.202127,-0.000044,0.141329,0.246636
334,real,-0.989085,0.048893,-0.990953,0.034807,-1.490435,-0.454315,0.200000,0.133802,1.416737,-0.337180,0.018537,0.496601,0.991488,15.980000,1.427158,-0.343657,-0.343657,1.477282,-0.343461,0.202127,-0.000044,0.141329,0.246636
335,real,-0.984578,0.005843,-0.990005,0.032342,-1.488245,-0.472237,0.200000,0.127529,1.447251,-0.336337,0.021386,0.490584,0.988635,20.140000,1.435195,-0.343657,-0.343657,1.477282,-0.343461,0.201819,-0.000008,0.144008,0.247929
336,real,-0.984578,0.005843,-0.988858,0.027286,-1.486729,-0.482103,0.200000,0.124076,1.464352,-0.336167,0.030103,0.759905,0.986891,20.140000,1.446858,-0.343657,-0.343657,1.477282,-0.343461,0.201819,-0.000008,0.144008,0.247929
337,real,-0.979211,-0.038302,-0.987131,0.015144,-1.483922,-0.507405,0.200000,0.115220,1.509105,-0.336688,0.062636,0.887562,0.983950,22.980000,1.471757,-0.343657,-0.343657,1.434561,-0.343442,0.201819,-0.000008,0.144008,0.247929
338,real,-0.979211,-0.038302,-0.985326,0.002382,-1.481975,-0.521319,0.200000,0.110350,1.534219,-0.337560,0.062759,0.713331,0.982207,22.980000,1.496742,-0.343657,-0.343657,1.434561,-0.343442,0.199904,-0.000001,0.157725,0.254635
339,real,-0.965971,-0.054175,-0.981869,-0.011099,-1.475450,-0.536135,0.200000,0.105164,1.561307,-0.338944,0.064737,0.571963,0.976119,29.300000,1.522568,-0.343657,-0.343657,1.434561,-0.343442,0.199904,-0.000001,0.157725,0.254635
340,real,-0.965971,-0.054175,-0.978200,-0.022708,-1.471386,-0.544267,0.200000,0.102318,1.576314,-0.339902,0.053877,0.579215,0.972394,29.300000,1.544066,-0.343657,-0.343657,1.449066,-0.343445,0.199904,-0.000001,0.157725,0.254635
341,real,-0.976037,-0.025558,-0.976577,-0.027307,-1.473564,-0.535848,0.200000,0.105265,1.560779,-0.338913,0.017373,0.584351,0.974223,24.960000,1.550751,-0.343657,-0.343657,1.449066,-0.343445,0.200932,-0.000001,0.154069,0.253202
342,real,-0.962274,-0.051104,-0.973832,-0.032704,-1.468735,-0.542726,0.200000,0.102857,1.573464,-0.339710,0.023053,0.574214,0.969676,31.000000,1.559836,-0.343657,-0.343657,1.449066,-0.343445,0.200932,-0.000001,0.154069,0.253202
343,real,-0.962274,-0.051104,-0.971057,-0.037533,-1.465903,-0.546501,0.200000,0.101536,1.580453,-0.340190,0.020906,0.593568,0.967022,31.000000,1.568083,-0.343657,-0.343657,1.470929,-0.380947,0.200932,-0.000001,0.154069,0.253202
344,real,-0.982007,-0.061008,-0.972054,-0.042971,-1.473905,-0.553072,0.200000,0.099237,1.592663,-0.341097,0.024713,0.571115,0.975350,20.590000,1.577915,-0.343657,-0.343657,1.470929,-0.380947,0.204131,-0.000001,0.139181,0.247064
345,real,-0.982007,-0.061008,-0.974059,-0.047762,-1.477782,-0.556658,0.200000,0.097981,1.599352,-0.341630,0.021532,0.563248,0.979422,20.590000,1.586490,-0.343657,-0.343657,1.470929,-0.380947,0.204131,-0.000001,0.139181,0.247064
346,real,-0.982007,-0.061008,-0.976052,-0.051563,-1.479753,-0.558621,0.200000,0.097294,1.603018,-0.341934,0.016618,0.564994,0.981506,20.590000,1.593101,-0.343657,-0.343657,1.474750,-0.386564,0.204131,-0.000001,0.139181,0.247064
347,real,-0.990569,0.000951,-0.979338,-0.044657,-1.485442,-0.531833,0.200000,0.106670,1.553407,-0.338494,0.040028,0.673126,0.985956,15.750000,1.577223,-0.343657,-0.343657,1.474750,-0.386564,0.202843,-0.000001,0.132334,0.242193
348,real,-0.990569,0.000951,-0.982370,-0.035004,-1.487999,-0.517075,0.200000,0.111835,1.526525,-0.337250,0.051102,0.564014,0.988147,15.750000,1.556944,-0.343657,-0.343657,1.474750,-0.386564,0.202843,-0.000001,0.132334,0.242193
349,real,-0.990569,0.000951,-0.984771,-0.025888,-1.489231,-0.508960,0.200000,0.114675,1.511897,-0.336765,0.045571,0.583752,0.989272,15.750000,1.538925,-0.343657,-0.343657,1.475184,-0.380598,0.202843,-0.000001,0.132334,0.242193
350,real,-0.975742,-0.041749,-0.984464,-0.025136,-1.483893,-0.523737,0.200000,0.109504,1.538617,-0.337754,0.005911,0.579288,0.984180,24.820000,1.538925,-0.343657,-0.343657,1.475184,-0.380598,0.202073,-0.000001,0.125249,0.237741
351,real,-0.975742,-0.041749,-0.983057,-0.027487,-1.480444,-0.531854,0.200000,0.106663,1.553446,-0.338496,0.015411,0.558993,0.980962,24.820000,1.544733,-0.343657,-0.343657,1.475184,-0.380598,0.202073,-0.000001,0.125249,0.237741
352,real,-0.988096,0.029412,-0.983596,-0.019363,-1.484597,-0.504275,0.200000,0.116315,1.503505,-0.336550,0.041837,0.502124,0.984606,17.370000,1.528242,-0.343657,-0.343657,1.474477,-0.389147,0.202073,-0.000001,0.125249,0.237741
353,real,-0.988096,0.029412,-0.984573,-0.008772,-1.486387,-0.489104,0.200000,0.121625,1.476610,-0.336174,0.052172,0.484488,0.986447,17.370000,1.507589,-0.343657,-0.343657,1.474477,-0.389147,0.201925,-0.000001,0.130861,0.240621
354,real,-0.988096,0.029412,-0.985500,0.001030,-1.487221,-0.480766,0.200000,0.124543,1.462023,-0.336178,0.046175,0.493963,0.987408,17.370000,1.489363,-0.343657,-0.343657,1.474477,-0.389147,0.201925,-0.000001,0.130861,0.240621
355,real,-0.972673,-0.001613,-0.984071,0.004119,-1.481418,-0.490143,0.200000,0.121262,1.478437,-0.336184,0.013237,0.504765,0.981467,26.850000,1.484992,-0.343657,-0.343657,1.475345,-0.382351,0.201925,-0.000001,0.130861,0.240621
356,real,-0.972673,-0.001613,-0.981843,0.004321,-1.477705,-0.495306,0.200000,0.119455,1.487551,-0.336268,0.007820,0.489948,0.977716,26.850000,1.484992,-0.343657,-0.343657,1.475345,-0.382351,0.202071,-0.000001,0.124877,0.237543
357,real,-0.981670,0.023820,-0.981055,0.007465,-1.479591,-0.486694,0.200000,0.122469,1.472379,-0.336160,0.014673,0.495622,0.979681,21.800000,1.479947,-0.343657,-0.343657,1.475345,-0.382351,0.202071,-0.000001,0.124877,0.237543
358,real,-0.981670,0.023820,-0.980881,0.011166,-1.480557,-0.481961,0.200000,0.124125,1.464104,-0.336168,0.017524,0.495157,0.980723,21.800000,1.473610,-0.343657,-0.343657,1.474139,-0.354363,0.202071,-0.000001,0.124877,0.237543
359,real,-0.904507,-0.365628,-0.982974,-0.049185,-1.486862,-0.661267,0.200000,0.070000,1.751445,-0.360403,0.278339,0.499512,0.999952,25.360000,1.584744,-0.350355,-0.350355,1.474139,-0.354363,0.195637,-0.001609,0.130729,0.235295
360,real,-0.904507,-0.365628,-0.975259,-0.122477,-1.460932,-0.758590,0.200000,0.070000,1.751445,-0.360403,0.167004,0.495230,0.995117,25.360000,1.651425,-0.354375,-0.354375,1.474139,-0.354363,0.195637,-0.001609,0.130729,0.235295
361,real,-0.892481,-0.371961,-0.960920,-0.188879,-1.434289,-0.812196,0.200000,0.070000,1.751445,-0.360403,0.100202,0.485675,0.985070,29.570000,1.691433,-0.354375,-0.354375,1.468833,-0.355455,0.195637,-0.001609,0.130729,0.235295
362,real,-0.892481,-0.371961,-0.945392,-0.241753,-1.416554,-0.839947,0.200000,0.070000,1.751445,-0.360403,0.060314,0.494515,0.977566,29.570000,1.715438,-0.354375,-0.354375,1.468833,-0.355455,0.204324,-0.001341,0.137910,0.246510
363,real,-0.892481,-0.371961,-0.931610,-0.281257,-1.406015,-0.854621,0.200000,0.070000,1.751445,-0.360403,0.036509,0.505803,0.972944,29.570000,1.729841,-0.354375,-0.354375,1.468833,-0.355455,0.204324,-0.001341,0.137910,0.246510
364,real,-0.907518,-0.359129,-0.922897,-0.307650,-1.406716,-0.856667,0.200000,0.070000,1.751445,-0.360403,0.022430,0.490014,0.974343,25.160000,1.738483,-0.354375,-0.354375,1.483875,-0.398921,0.204324,-0.001341,0.137910,0.246510
365,real,-0.907518,-0.359129,-0.917362,-0.325196,-1.407084,-0.857780,0.200000,0.070000,1.751445,-0.360403,0.014296,0.494733,0.975094,25.160000,1.743668,-0.354375,-0.354375,1.483875,-0.398921,0.230232,-0.009447,0.161960,0.281492
366,real,-0.903425,-0.364732,-0.913190,-0.337698,-1.405443,-0.860916,0.200000,0.070000,1.751445,-0.360403,0.009841,0.500309,0.974724,26.050000,1.743668,-0.354375,-0.354375,1.483875,-0.398921,0.230232,-0.009447,0.161960,0.281492
367,real,-0.903425,-0.364732,-0.910161,-0.346426,-1.404536,-0.862636,0.200000,0.070000,1.751445,-0.360403,0.009841,0.492127,0.974520,26.050000,1.743668,-0.354375,-0.354375,1.525996,-0.365803,0.230232,-0.009447,0.161960,0.281492
368,real,-0.887172,-0.325186,-0.905940,-0.346385,-1.398100,-0.846308,0.200000,0.070000,1.751445,-0.360403,0.009841,0.637615,0.962555,38.220000,1.743668,-0.354375,-0.354375,1.525996,-0.365803,0.199018,-0.002882,0.138602,0.242526
369,real,-0.887172,-0.325186,-0.901618,-0.343082,-1.393593,-0.836949,0.200000,0.070000,1.751445,-0.360403,0.009841,0.500152,0.955009,38.220000,1.743668,-0.354375,-0.354375,1.525996,-0.365803,0.199018,-0.002882,0.138602,0.242526
370,real,-0.933445,-0.350208,-0.907071,-0.343771,-1.417199,-0.845049,0.200000,0.070000,1.751445,-0.360403,0.009841,0.511492,0.979956,8.910000,1.743668,-0.354375,-0.354375,1.561182,-0.356969,0.199018,-0.002882,0.138602,0.242526
371,real,-0.933445,-0.350208,-0.913790,-0.345261,-1.426268,-0.848030,0.200000,0.070000,1.751445,-0.360403,0.009841,0.528569,0.989493,8.910000,1.743668,-0.354375,-0.354375,1.561182,-0.356969,0.194270,0.002288,0.134848,0.236484
372,real,-0.943877,-0.329432,-0.921557,-0.343517,-1.435982,-0.840276,0.200000,0.070000,1.751445,-0.360403,0.009841,0.502626,0.995917,2.740000,1.743668,-0.354375,-0.354375,1.561182,-0.356969,0.194270,0.002288,0.134848,0.236484
373,real,-0.943877,-0.329432,-0.928040,-0.340736,-1.440079,-0.835573,0.200000,0.070000,1.751445,-0.360403,0.009841,0.556382,0.998177,2.740000,1.743668,-0.354375,-0.354375,1.555098,-0.345132,0.194270,0.002288,0.134848,0.236484
374,real,-0.941850,-0.335285,-0.932813,-0.338984,-1.441677,-0.835728,0.200000,0.070000,1.751445,-0.360403,0.009841,0.499323,0.999734,2.570000,1.743668,-0.354375,-0.354375,1.555098,-0.345132,0.197754,0.003380,0.124085,0.233460
375,real,-0.941850,-0.335285,-0.936027,-0.337804,-1.441996,-0.835615,0.200000,0.070000,1.751445,-0.360403,0.009841,0.506926,0.999997,2.570000,1.743668,-0.354375,-0.354375,1.555098,-0.345132,0.197754,0.003380,0.124085,0.233460
376,real,-0.937132,-0.340903,-0.937563,-0.337949,-1.440416,-0.838216,0.200000,0.070000,1.751445,-0.360403,0.009841,0.500223,0.999386,8.560000,1.743668,-0.354375,-0.354375,1.577410,-0.387534,0.197754,0.003380,0.124085,0.233460
377,real,-0.937132,-0.340903,-0.938108,-0.338489,-1.439121,-0.839493,0.200000,0.070000,1.751445,-0.360403,0.009841,0.507974,0.998601,8.560000,1.743668,-0.354375,-0.354375,1.577410,-0.387534,0.198879,0.003597,0.121530,0.233072
378,real,-0.937132,-0.340903,-0.938169,-0.339070,-1.438281,-0.840148,0.200000,0.070000,1.751445,-0.360403,0.009841,0.498222,0.998034,8.560000,1.743668,-0.354375,-0.354375,1.577410,-0.387534,0.198879,0.003597,0.121530,0.233072
379,real,-0.942658,-0.316507,-0.938997,-0.335757,-1.440537,-0.829606,0.200000,0.070000,1.751445,-0.360403,0.009841,0.502443,0.996619,12.160000,1.743668,-0.354375,-0.354375,1.543715,-0.382441,0.198879,0.003597,0.121530,0.233072
380,real,-0.942658,-0.316507,-0.939901,-0.331551,-1.441578,-0.823739,0.200000,0.070000,1.751445,-0.360403,0.009841,0.499115,0.995679,12.160000,1.743668,-0.354375,-0.354375,1.543715,-0.382441,0.209896,-0.014562,0.142455,0.253673
381,real,-0.932269,-0.361042,-0.939281,-0.334788,-1.438130,-0.840799,0.200000,0.070000,1.751445,-0.360403,0.009841,0.504274,0.998114,2.620000,1.743668,-0.354375,-0.354375,1.543715,-0.382441,0.209896,-0.014562,0.142455,0.253673
382,real,-0.932269,-0.361042,-0.938033,-0.340111,-1.435715,-0.849997,0.200000,0.070000,1.751445,-0.360403,0.009841,0.505143,0.999029,2.620000,1.743668,-0.354375,-0.354375,1.521439,-0.410073,0.209896,-0.014562,0.142455,0.253673
383,real,-0.938229,-0.341209,-0.937628,-0.342190,-1.436877,-0.846052,0.200000,0.070000,1.751445,-0.360403,0.009841,0.499900,0.998744,6.590000,1.743668,-0.354375,-0.354375,1.521439,-0.410073,0.212596,0.007364,0.125429,0.246839
384,real,-0.938229,-0.341209,-0.937581,-0.342780,-1.437495,-0.843876,0.200000,0.070000,1.751445,-0.360403,0.009841,0.507427,0.998572,6.590000,1.743668,-0.354375,-0.354375,1.521439,-0.410073,0.212596,0.007364,0.125429,0.246839
385,real,-0.944528,-0.302709,-0.938954,-0.336781,-1.441503,-0.825640,0.200000,0.070000,1.751445,-0.360403,0.009841,0.501348,0.996227,14.640000,1.743668,-0.354375,-0.354375,1.521445,-0.408115,0.212596,0.007364,0.125429,0.246839
386,real,-0.944528,-0.302709,-0.940412,-0.329298,-1.443121,-0.815400,0.200000,0.070000,1.751445,-0.360403,0.009841,0.498981,0.994462,14.640000,1.743668,-0.354375,-0.354375,1.521445,-0.408115,0.206581,0.008626,0.107692,0.232966
387,real,-0.938141,-0.341363,-0.940695,-0.328566,-1.441219,-0.827207,0.200000,0.070000,1.751445,-0.360403,0.009841,0.503576,0.996473,6.650000,1.743668,-0.354375,-0.354375,1.521445,-0.408115,0.206581,0.008626,0.107692,0.232966
388,real,-0.938141,-0.341363,-0.940429,-0.330334,-1.439936,-0.833617,0.200000,0.070000,1.751445,-0.360403,0.009841,0.508707,0.997386,6.650000,1.743668,-0.354375,-0.354375,1.520455,-0.437602,0.206581,0.008626,0.107692,0.232966
389,real,-0.935704,-0.341493,-0.939604,-0.332729,-1.438071,-0.837177,0.200000,0.070000,1.751445,-0.360403,0.009841,0.502434,0.996828,10.160000,1.743668,-0.354375,-0.354375,1.520455,-0.437602,0.226627,-0.008244,0.136048,0.264327
390,real,-0.935704,-0.341493,-0.938699,-0.334967,-1.437018,-0.839124,0.200000,0.070000,1.751445,-0.360403,0.009841,0.502795,0.996498,10.160000,1.743668,-0.354375,-0.354375,1.520455,-0.437602,0.226627,-0.008244,0.136048,0.264327
391,real,-0.944961,0.181543,-0.956989,-0.256372,-1.490958,-0.610408,0.200000,0.079169,1.701135,-0.352826,0.042561,0.497323,0.997089,31.590000,1.726655,-0.354375,-0.354375,1.487107,-0.472691,0.226627,-0.008244,0.136048,0.264327
392,real,-0.944961,0.181543,-0.966760,-0.157841,-1.484906,-0.474855,0.200000,0.126613,1.451769,-0.336272,0.275481,0.500548,0.985227,31.590000,1.616700,-0.347133,-0.347133,1.487107,-0.472691,0.223255,-0.001050,0.125671,0.256196
393,real,-0.944961,0.181543,-0.968131,-0.068418,-1.470678,-0.402348,0.200000,0.151990,1.332713,-0.343496,0.284010,0.583643,0.975577,31.590000,1.503105,-0.347133,-0.347133,1.487107,-0.472691,0.223255,-0.001050,0.125671,0.256196
394,real,-0.953705,0.209773,-0.966818,0.007720,-1.464380,-0.350882,0.200000,0.170003,1.256852,-0.355293,0.246388,0.677616,0.975841,24.890000,1.404604,-0.350397,-0.350397,1.510800,-0.412491,0.223255,-0.001050,0.125671,0.256196
395,real,-0.952523,0.183858,-0.964154,0.062744,-1.459205,-0.335067,0.200000,0.175538,1.235131,-0.359990,0.169745,0.627870,0.973281,28.090000,1.336815,-0.354234,-0.354234,1.510800,-0.412491,0.216502,0.003150,0.132292,0.253721
396,real,-0.952523,0.183858,-0.961385,0.101511,-1.456244,-0.326495,0.200000,0.178539,1.223680,-0.362740,0.113454,0.577736,0.971858,28.090000,1.291561,-0.357636,-0.357636,1.510800,-0.412491,0.216502,0.003150,0.132292,0.253721
397,real,-0.861160,0.092488,-0.948042,0.114433,-1.423263,-0.361570,0.200000,0.166262,1.271963,-0.352400,0.020285,0.580224,0.933583,59.980000,1.283722,-0.357636,-0.357636,1.450212,-0.452169,0.216502,0.003150,0.132292,0.253721
398,real,-0.861160,0.092488,-0.930537,0.115675,-1.398027,-0.382016,0.200000,0.159106,1.301822,-0.347509,0.020741,0.797377,0.905744,59.980000,1.290962,-0.353585,-0.353585,1.450212,-0.452169,0.217910,-0.005031,0.151895,0.265625
399,real,-0.811826,0.123719,-0.906594,0.117546,-1.362130,-0.378981,0.200000,0.160168,1.297312,-0.348181,0.008339,0.567642,0.870582,69.590000,1.290962,-0.353585,-0.353585,1.450212,-0.452169,0.217910,-0.005031,0.151895,0.265625
400,real,-0.811826,0.123719,-0.883387,0.119235,-1.340287,-0.377627,0.200000,0.160642,1.295308,-0.348487,0.006699,0.577146,0.849151,69.590000,1.290962,-0.353585,-0.353585,1.409133,-0.357641,0.217910,-0.005031,0.151895,0.265625
401,real,-0.924935,0.192892,-0.883722,0.131837,-1.384343,-0.344759,0.200000,0.172146,1.248352,-0.357053,0.042751,0.579279,0.897865,38.240000,1.273918,-0.353585,-0.353585,1.409133,-0.357641,0.225792,-0.006085,0.150602,0.271410
402,real,-0.940590,0.176961,-0.893891,0.143658,-1.412778,-0.334389,0.200000,0.175775,1.234218,-0.360202,0.040248,0.579467,0.927680,33.690000,1.258038,-0.353585,-0.353585,1.409133,-0.357641,0.225792,-0.006085,0.150602,0.271410
403,real,-0.940590,0.176961,-0.905221,0.153196,-1.426262,-0.329089,0.200000,0.177630,1.227122,-0.361892,0.032012,0.576500,0.941898,33.690000,1.245671,-0.356908,-0.356908,1.344812,-0.367035,0.225792,-0.006085,0.150602,0.271410
404,real,-0.924439,0.187155,-0.912311,0.161966,-1.425477,-0.321749,0.200000,0.180200,1.217438,-0.364324,0.029191,0.576882,0.942487,38.810000,1.234378,-0.356908,-0.356908,1.344812,-0.367035,0.216639,0.018703,0.138617,0.257190
405,real,-0.924439,0.187155,-0.916759,0.169071,-1.425020,-0.317732,0.200000,0.181605,1.212212,-0.365698,0.023846,0.578907,0.942807,38.810000,1.225511,-0.360424,-0.360424,1.344812,-0.367035,0.216639,0.018703,0.138617,0.257190
406,real,-0.939397,0.197705,-0.922050,0.176151,-1.431877,-0.310701,0.200000,0.184066,1.203183,-0.368177,0.023636,0.584433,0.950910,32.530000,1.216580,-0.360424,-0.360424,1.307441,-0.353520,0.216639,0.018703,0.138617,0.257190
407,real,-0.919875,0.177723,-0.923674,0.178943,-1.426690,-0.315871,0.200000,0.182257,1.209806,-0.366345,0.008997,0.585506,0.944806,40.930000,1.216580,-0.360424,-0.360424,1.307441,-0.353520,0.194055,0.010804,0.153057,0.247151
408,real,-0.919875,0.177723,-0.923679,0.179753,-1.423687,-0.318743,0.200000,0.181252,1.213521,-0.365349,0.005798,0.575596,0.941303,40.930000,1.216580,-0.360424,-0.360424,1.307441,-0.353520,0.194055,0.010804,0.153057,0.247151
409,real,-0.949650,0.192432,-0.928136,0.182113,-1.436413,-0.313505,0.200000,0.183085,1.206765,-0.367177,0.011914,0.583047,0.954804,28.630000,1.212654,-0.360424,-0.360424,1.244147,-0.360113,0.194055,0.010804,0.153057,0.247151
410,real,-0.944154,0.187890,-0.932284,0.183872,-1.439989,-0.312859,0.200000,0.183311,1.205938,-0.367406,0.009688,0.587801,0.958437,31.410000,1.212654,-0.360424,-0.360424,1.244147,-0.360113,0.219843,-0.006283,0.152035,0.267293
411,real,-0.944154,0.187890,-0.935647,0.185136,-1.441891,-0.312517,0.200000,0.183431,1.205499,-0.367528,0.010083,0.577025,0.960369,31.410000,1.212654,-0.360424,-0.360424,1.244147,-0.360113,0.219843,-0.006283,0.152035,0.267293
412,real,-0.947921,0.201400,-0.938834,0.188161,-1.444753,-0.306222,0.200000,0.185634,1.197512,-0.369806,0.017813,0.576629,0.964422,28.570000,1.206597,-0.364177,-0.364177,1.216544,-0.360139,0.219843,-0.006283,0.152035,0.267293
413,real,-0.945043,0.209944,-0.940971,0.192678,-1.444939,-0.298934,0.200000,0.188185,1.188420,-0.372536,0.020007,0.586149,0.966093,29.030000,1.199326,-0.367520,-0.367520,1.216544,-0.360139,0.193449,0.005067,0.152218,0.246156
414,real,-0.945043,0.209944,-0.942382,0.197013,-1.445002,-0.294935,0.200000,0.189584,1.183503,-0.374076,0.017128,0.579644,0.966996,29.030000,1.192997,-0.367520,-0.367520,1.216544,-0.360139,0.193449,0.005067,0.152218,0.246156
415,real,-0.944036,0.224118,-0.943169,0.202838,-1.444632,-0.286346,0.200000,0.192591,1.173112,-0.377484,0.022241,0.515796,0.968492,28.010000,1.185043,-0.371506,-0.371506,1.212148,-0.360326,0.193449,0.005067,0.152218,0.246156
416,real,-0.943331,0.221343,-0.943479,0.207835,-1.444054,-0.282884,0.200000,0.193802,1.168990,-0.378896,0.017672,0.489716,0.968699,28.630000,1.178622,-0.371506,-0.371506,1.212148,-0.360326,0.197327,0.000068,0.137491,0.240504
417,real,-0.943331,0.221343,-0.943567,0.211750,-1.443731,-0.280981,0.200000,0.194468,1.166741,-0.379681,0.014422,0.496627,0.968813,28.630000,1.173869,-0.374776,-0.374776,1.212148,-0.360326,0.197327,0.000068,0.137491,0.240504
418,real,-0.944975,0.140806,-0.944183,0.202046,-1.445326,-0.315976,0.200000,0.182220,1.209942,-0.366308,0.037053,0.680799,0.963071,34.350000,1.188298,-0.371389,-0.371389,1.192364,-0.367447,0.197327,0.000068,0.137491,0.240504
419,real,-0.943417,0.240299,-0.944489,0.204653,-1.445059,-0.290506,0.200000,0.191135,1.178115,-0.375816,0.011104,0.559315,0.968000,26.420000,1.184225,-0.371389,-0.371389,1.192364,-0.367447,0.180814,0.000743,0.143304,0.230716
420,real,-0.945253,0.234627,-0.944771,0.210320,-1.445294,-0.279154,0.200000,0.195108,1.164591,-0.380441,0.021620,0.499154,0.970749,26.220000,1.176372,-0.375010,-0.375010,1.192364,-0.367447,0.180814,0.000743,0.143304,0.230716
421,real,-0.951080,0.252974,-0.946074,0.219118,-1.448493,-0.264542,0.200000,0.200222,1.147784,-0.386735,0.030898,0.499216,0.977281,20.430000,1.164937,-0.379700,-0.379700,1.174023,-0.374443,0.180814,0.000743,0.143304,0.230716
422,real,-0.951080,0.252974,-0.947391,0.227614,-1.449837,-0.256609,0.200000,0.202998,1.138942,-0.390311,0.028077,0.491717,0.980525,20.430000,1.154539,-0.383944,-0.383944,1.174023,-0.374443,0.197275,-0.000001,0.159023,0.253388
423,real,-0.955816,0.238755,-0.949217,0.232412,-1.452609,-0.258676,0.200000,0.202275,1.141227,-0.389368,0.014375,0.493333,0.982701,19.750000,1.149214,-0.383944,-0.383944,1.174023,-0.374443,0.197275,-0.000001,0.159023,0.253388
424,real,-0.955816,0.238755,-0.950918,0.235129,-1.454077,-0.259826,0.200000,0.201872,1.142504,-0.388847,0.008310,0.499341,0.983842,19.750000,1.149214,-0.383944,-0.383944,1.175638,-0.374961,0.197275,-0.000001,0.159023,0.253388
425,real,-0.955816,0.238755,-0.952300,0.236672,-1.454867,-0.260463,0.200000,0.201650,1.143213,-0.388560,0.007571,0.485307,0.984453,19.750000,1.149214,-0.383944,-0.383944,1.175638,-0.374961,0.186871,-0.000001,0.164090,0.248689
426,real,-0.951105,0.266627,-0.952654,0.241954,-1.453310,-0.248235,0.200000,0.205929,1.129824,-0.394204,0.021937,0.497316,0.985995,17.940000,1.141458,-0.388048,-0.388048,1.175638,-0.374961,0.186871,-0.000001,0.164090,0.248689
427,real,-0.951105,0.266627,-0.952550,0.247733,-1.452359,-0.241535,0.200000,0.208274,1.122687,-0.397406,0.020974,0.501080,0.986809,17.940000,1.133950,-0.391791,-0.391791,1.149050,-0.383742,0.186871,-0.000001,0.164090,0.248689
428,real,-0.951105,0.266627,-0.952290,0.252776,-1.451807,-0.237858,0.200000,0.209561,1.118830,-0.399196,0.016835,0.957540,0.987246,17.940000,1.127902,-0.391791,-0.391791,1.149050,-0.383742,0.197530,-0.000001,0.177981,0.265886
429,real,-0.944919,0.280346,-0.951056,0.258927,-1.448764,-0.229650,0.200000,0.212434,1.110372,-0.403273,0.020955,0.502040,0.986531,19.450000,1.120890,-0.396384,-0.396384,1.149050,-0.383742,0.197530,-0.000001,0.177981,0.265886
430,real,-0.944919,0.280346,-0.949654,0.264501,-1.447051,-0.225146,0.200000,0.214011,1.105821,-0.405558,0.017642,0.503734,0.986129,19.450000,1.114862,-0.400053,-0.400053,1.140911,-0.387967,0.197530,-0.000001,0.177981,0.265886
431,real,-0.948522,0.260999,-0.948990,0.265947,-1.447757,-0.231368,0.200000,0.211833,1.112126,-0.402410,0.003611,0.500535,0.985092,20.670000,1.114862,-0.400053,-0.400053,1.140911,-0.387967,0.194552,-0.000001,0.177280,0.263208
432,real,-0.948522,0.260999,-0.948684,0.265686,-1.448115,-0.234799,0.200000,0.210632,1.115654,-0.400702,0.001023,0.498954,0.984507,20.670000,1.114862,-0.400053,-0.400053,1.140911,-0.387967,0.194552,-0.000001,0.177280,0.263208
433,real,-0.948522,0.260999,-0.948550,0.264855,-1.448302,-0.236689,0.200000,0.209971,1.117612,-0.399770,0.002765,0.493203,0.984180,20.670000,1.114862,-0.400053,-0.400053,1.120759,-0.396161,0.194552,-0.000001,0.177280,0.263208
434,real,-0.942566,0.265742,-0.947588,0.264705,-1.445800,-0.235573,0.200000,0.210361,1.116454,-0.400320,0.001614,0.499891,0.982069,23.350000,1.114862,-0.400053,-0.400053,1.120759,-0.396161,0.199229,-0.000001,0.187323,0.273464
435,real,-0.942566,0.265742,-0.946461,0.264817,-1.444369,-0.234974,0.200000,0.210571,1.115834,-0.400615,0.001123,0.504061,0.980852,23.350000,1.114862,-0.400053,-0.400053,1.120759,-0.396161,0.199229,-0.000001,0.187323,0.273464
436,real,-0.935173,0.294769,-0.944321,0.269587,-1.440348,-0.221554,0.200000,0.215268,1.102236,-0.407404,0.014610,0.501892,0.980707,22.650000,1.109812,-0.400053,-0.400053,1.114881,-0.399731,0.199229,-0.000001,0.187323,0.273464
437,real,-0.935173,0.294769,-0.942128,0.275263,-1.438054,-0.214197,0.200000,0.217843,1.095018,-0.411251,0.018554,0.487038,0.980627,22.650000,1.103894,-0.404533,-0.404533,1.114881,-0.399731,0.199487,-0.000001,0.191471,0.276507
438,real,-0.927340,0.329299,-0.939112,0.285835,-1.433511,-0.194531,0.200000,0.224726,1.076539,-0.421963,0.032437,0.499704,0.982218,20.480000,1.092952,-0.411505,-0.411505,1.114881,-0.399731,0.199487,-0.000001,0.191471,0.276507
439,real,-0.927340,0.329299,-0.936209,0.296471,-1.430817,-0.183777,0.200000,0.228490,1.066929,-0.428077,0.030852,0.593486,0.983065,20.480000,1.082543,-0.418134,-0.418134,1.114261,-0.400056,0.199487,-0.000001,0.191471,0.276507
440,real,-0.927340,0.329299,-0.933783,0.305447,-1.429277,-0.177883,0.200000,0.230553,1.061809,-0.431504,0.024671,0.580853,0.983522,20.480000,1.074249,-0.423482,-0.423482,1.114261,-0.400056,0.199637,-0.000001,0.193267,0.277862
441,real,-0.923524,0.355618,-0.931403,0.316596,-1.426982,-0.162699,0.200000,0.235867,1.049093,-0.440572,0.030412,0.585531,0.986442,16.520000,1.064187,-0.430318,-0.430318,1.114261,-0.400056,0.199637,-0.000001,0.193267,0.277862
442,real,-0.923524,0.355618,-0.929342,0.326740,-1.425515,-0.154421,0.200000,0.238764,1.042445,-0.445658,0.026609,0.589700,0.987928,16.520000,1.055490,-0.436454,-0.436454,1.092178,-0.411694,0.199637,-0.000001,0.193267,0.277862
443,real,-0.923105,0.367721,-0.927715,0.336857,-1.424694,-0.144354,0.200000,0.242288,1.034625,-0.451979,0.026007,0.633913,0.990728,12.920000,1.047144,-0.442664,-0.442664,1.092178,-0.411694,0.199553,-0.000001,0.199761,0.282358
444,real,-0.923105,0.367721,-0.926435,0.345346,-1.424058,-0.138888,0.200000,0.244201,1.030500,-0.455471,0.021001,0.570277,0.992112,12.920000,1.040486,-0.447787,-0.447787,1.092178,-0.411694,0.199553,-0.000001,0.199761,0.282358
445,real,-0.910550,0.399135,-0.923554,0.356886,-1.418202,-0.121682,0.200000,0.250223,1.018064,-0.466736,0.029357,0.592766,0.993086,12.360000,1.031517,-0.455366,-0.455366,1.063553,-0.430451,0.199553,-0.000001,0.199761,0.282358
446,real,-0.910550,0.399135,-0.920499,0.367677,-1.414825,-0.112283,0.200000,0.253512,1.011617,-0.473060,0.026629,0.491011,0.993594,12.360000,1.023557,-0.462444,-0.462444,1.063553,-0.430451,0.199688,-0.000001,0.203654,0.285220
447,real,-0.900951,0.418494,-0.916373,0.379559,-1.408711,-0.098374,0.200000,0.258381,1.002513,-0.482635,0.029164,0.494850,0.993509,13.170000,1.015139,-0.470520,-0.470520,1.063553,-0.430451,0.199688,-0.000001,0.203654,0.285220
448,real,-0.900951,0.418494,-0.912483,0.389946,-1.405257,-0.090764,0.200000,0.261044,0.997750,-0.487981,0.024642,0.503063,0.993461,13.170000,1.008184,-0.477504,-0.477504,1.039793,-0.448061,0.199688,-0.000001,0.203654,0.285220
449,real,-0.875588,0.473923,-0.905495,0.406992,-1.392518,-0.061350,0.200000,0.271339,0.980750,-0.509332,0.042019,0.483563,0.994486,10.730000,0.997210,-0.490235,-0.490235,1.039793,-0.448061,0.199641,-0.000001,0.208888,0.288948
450,real,-0.875588,0.473923,-0.898350,0.423663,-1.385080,-0.045376,0.200000,0.276930,0.972427,-0.521371,0.039795,0.499731,0.995012,10.730000,0.987297,-0.502690,-0.502690,1.039793,-0.448061,0.199641,-0.000001,0.208888,0.288948
451,real,-0.884953,0.444505,-0.893748,0.432937,-1.385202,-0.049840,0.200000,0.275367,0.974690,-0.517976,0.019814,0.508751,0.993089,15.960000,0.982254,-0.508804,-0.508804,1.014369,-0.471044,0.199641,-0.000001,0.208888,0.288948
452,real,-0.884953,0.444505,-0.890736,0.438084,-1.385144,-0.052359,0.200000,0.274486,0.975988,-0.516071,0.009595,0.489203,0.991898,15.960000,0.982254,-0.508804,-0.508804,1.014369,-0.471044,0.199747,-0.000001,0.210486,0.290178
453,real,-0.883008,0.432390,-0.888570,0.439090,-1.384547,-0.059041,0.200000,0.272147,0.979508,-0.511053,0.003549,0.497243,0.988366,21.040000,0.982254,-0.508804,-0.508804,1.014369,-0.471044,0.199747,-0.000001,0.210486,0.290178
454,real,-0.883008,0.432390,-0.886958,0.438413,-1.383964,-0.062844,0.200000,0.270816,0.981561,-0.508222,0.000906,0.510843,0.986153,21.040000,0.982254,-0.508804,-0.508804,0.987158,-0.502464,0.199747,-0.000001,0.210486,0.290178
455,real,-0.878919,0.447155,-0.885120,0.439551,-1.381707,-0.058336,0.200000,0.272394,0.979132,-0.511580,0.004178,0.493043,0.986141,19.110000,0.982254,-0.508804,-0.508804,0.987158,-0.502464,0.199785,-0.000001,0.212552,0.291707
456,real,-0.878919,0.447155,-0.883488,0.441156,-1.380457,-0.055862,0.200000,0.273260,0.977820,-0.513433,0.006410,0.500105,0.986135,19.110000,0.982254,-0.508804,-0.508804,0.987158,-0.502464,0.199785,-0.000001,0.212552,0.291707
457,real,-0.878919,0.447155,-0.882185,0.442675,-1.379766,-0.054504,0.200000,0.273735,0.977106,-0.514455,0.007644,0.504272,0.986131,19.110000,0.982254,-0.508804,-0.508804,0.982228,-0.508435,0.199785,-0.000001,0.212552,0.291707
458,real,-0.877890,0.446536,-0.881045,0.443827,-1.378927,-0.054033,0.200000,0.273900,0.976860,-0.514809,0.008072,0.613734,0.985596,19.920000,0.982254,-0.508804,-0.508804,0.982228,-0.508435,0.199902,-0.000001,0.221242,0.298176
459,real,-0.877890,0.446536,-0.880141,0.444666,-1.378462,-0.053776,0.200000,0.273990,0.976726,-0.515002,0.008305,0.492740,0.985298,19.920000,0.982254,-0.508804,-0.508804,0.982228,-0.508435,0.199902,-0.000001,0.221242,0.298176
460,real,-0.875065,0.454463,-0.879022,0.446511,-1.376944,-0.050063,0.200000,0.275290,0.974804,-0.517807,0.011686,0.491964,0.985634,19.170000,0.982254,-0.512405,-0.512405,0.982222,-0.508442,0.199902,-0.000001,0.221242,0.298176
461,real,-0.875065,0.454463,-0.878000,0.448423,-1.376102,-0.048025,0.200000,0.276003,0.973764,-0.519354,0.010971,0.486183,0.985817,19.170000,0.978858,-0.512405,-0.512405,0.982222,-0.508442,0.200056,-0.000001,0.232280,0.306555
462,real,-0.879167,0.454258,-0.877841,0.450038,-1.377545,-0.046965,0.200000,0.276374,0.973227,-0.520160,0.009584,0.491836,0.987586,16.550000,0.978858,-0.512405,-0.512405,0.982222,-0.508442,0.200056,-0.000001,0.232280,0.306555
463,real,-0.879167,0.454258,-0.877999,0.451283,-1.378294,-0.046404,0.200000,0.276570,0.972944,-0.520587,0.010095,0.503127,0.988509,16.550000,0.978858,-0.515678,-0.515678,0.982127,-0.508543,0.200056,-0.000001,0.232280,0.306555
464,real,-0.875449,0.457382,-0.877656,0.452690,-1.377019,-0.044698,0.200000,0.277167,0.972087,-0.521889,0.009188,0.486883,0.988161,17.970000,0.978858,-0.515678,-0.515678,0.982127,-0.508543,0.200106,-0.000001,0.243264,0.314992
465,real,-0.875449,0.457382,-0.877187,0.453932,-1.376314,-0.043761,0.200000,0.277495,0.971620,-0.522605,0.010019,0.494955,0.987968,17.970000,0.978858,-0.515678,-0.515678,0.982127,-0.508543,0.200106,-0.000001,0.243264,0.314992
466,real,-0.875254,0.463130,-0.876725,0.455830,-1.375868,-0.040644,0.200000,0.278586,0.970081,-0.524996,0.012801,0.501713,0.989016,16.030000,0.975347,-0.519405,-0.519405,0.978829,-0.512130,0.200106,-0.000001,0.243264,0.314992
467,real,-0.876545,0.459514,-0.876532,0.457089,-1.376175,-0.040572,0.200000,0.278611,0.970045,-0.525051,0.007745,0.498796,0.989321,16.470000,0.975347,-0.519405,-0.519405,0.978829,-0.512130,0.200211,-0.000001,0.256525,0.325407
468,real,-0.876545,0.459514,-0.876466,0.457922,-1.376342,-0.040533,0.200000,0.278625,0.970026,-0.525081,0.007780,0.494216,0.989487,16.470000,0.975347,-0.519405,-0.519405,0.978829,-0.512130,0.200211,-0.000001,0.256525,0.325407
469,real,-0.882815,0.440444,-0.877471,0.455481,-1.379338,-0.049051,0.200000,0.275644,0.974287,-0.518575,0.001347,0.511481,0.988225,18.790000,0.975347,-0.519405,-0.519405,0.978727,-0.515415,0.200211,-0.000001,0.256525,0.325407
470,real,-0.882815,0.440444,-0.878681,0.452245,-1.380927,-0.053766,0.200000,0.273994,0.976720,-0.515010,0.004605,0.503310,0.987501,18.790000,0.975347,-0.519405,-0.519405,0.978727,-0.515415,0.200162,-0.000001,0.268525,0.334918
471,real,-0.887460,0.446831,-0.880574,0.450274,-1.384090,-0.053385,0.200000,0.274127,0.976521,-0.515297,0.004272,0.497959,0.990495,12.970000,0.975347,-0.519405,-0.519405,0.978727,-0.515415,0.200162,-0.000001,0.268525,0.334918
472,real,-0.887460,0.446831,-0.882359,0.449040,-1.385675,-0.053253,0.200000,0.274173,0.976453,-0.515396,0.004159,0.497170,0.991969,12.970000,0.975347,-0.519405,-0.519405,0.975317,-0.519036,0.200162,-0.000001,0.268525,0.334918
473,real,-0.860956,0.491579,-0.879728,0.455353,-1.374840,-0.032921,0.200000,0.281289,0.966366,-0.530968,0.014641,0.491778,0.991720,15.030000,0.971755,-0.524030,-0.524030,0.975317,-0.519036,0.200111,-0.000001,0.270725,0.336655
474,real,-0.860956,0.491579,-0.875860,0.463334,-1.368678,-0.021845,0.200000,0.285166,0.961285,-0.539652,0.018806,0.506251,0.991581,15.030000,0.967567,-0.530279,-0.530279,0.975317,-0.519036,0.200111,-0.000001,0.270725,0.336655
475,real,-0.860956,0.491579,-0.872139,0.470641,-1.365229,-0.015789,0.200000,0.285812,0.960466,-0.541112,0.012953,0.840167,0.991505,15.030000,0.967567,-0.534612,-0.534612,0.975095,-0.519345,0.200111,-0.000001,0.270725,0.336655
476,real,-0.923407,0.187702,-0.884370,0.430843,-1.407084,-0.143068,0.200000,0.242738,1.033647,-0.452797,0.105168,0.592290,0.974783,39.120000,0.993999,-0.501886,-0.501886,0.975095,-0.519345,0.200112,-0.000001,0.270729,0.336658
477,real,-0.923407,0.187702,-0.896602,0.378579,-1.419317,-0.218483,0.200000,0.216343,1.099202,-0.409000,0.140341,0.505574,0.961455,39.120000,1.036080,-0.464731,-0.464731,0.975095,-0.519345,0.200112,-0.000001,0.270729,0.336658
478,real,-0.944198,0.311350,-0.909709,0.349727,-1.434051,-0.203856,0.200000,0.221462,1.085154,-0.416808,0.068592,0.498069,0.979874,12.340000,1.055709,-0.445562,-0.445562,0.969656,-0.527749,0.200112,-0.000001,0.270729,0.336658
479,real,-0.944198,0.311350,-0.920198,0.333500,-1.439679,-0.196635,0.200000,0.223989,1.078460,-0.420788,0.033635,0.515435,0.987435,12.340000,1.064810,-0.435652,-0.435652,0.969656,-0.527749,0.200081,-0.000001,0.271224,0.337039
480,real,-0.957705,0.264695,-0.930025,0.316884,-1.448275,-0.213973,0.200000,0.217921,1.094801,-0.411370,0.038589,0.516517,0.990473,12.960000,1.076806,-0.425939,-0.425939,0.969656,-0.527749,0.200081,-0.000001,0.271224,0.337039
481,real,-0.957705,0.264695,-0.937950,0.302730,-1.452666,-0.223557,0.200000,0.214567,1.104230,-0.406372,0.033689,0.499729,0.991964,12.960000,1.087776,-0.418112,-0.418112,1.037098,-0.463158,0.200081,-0.000001,0.271224,0.337039
482,real,-0.959042,0.189200,-0.944726,0.279922,-1.457312,-0.262435,0.200000,0.200959,1.145416,-0.387674,0.065184,0.501891,0.986348,24.340000,1.110832,-0.405937,-0.405937,1.037098,-0.463158,0.200086,-0.000001,0.272862,0.338361
483,real,-0.959042,0.189200,-0.949592,0.257508,-1.458627,-0.284119,0.200000,0.193370,1.170456,-0.378389,0.065680,0.506789,0.982635,24.340000,1.134682,-0.394918,-0.394918,1.037098,-0.463158,0.200086,-0.000001,0.272862,0.338361
484,real,-0.962199,0.158515,-0.953513,0.233930,-1.460794,-0.309857,0.200000,0.184362,1.202109,-0.368481,0.072425,0.587215,0.979428,25.590000,1.161653,-0.384343,-0.384343,1.072336,-0.425980,0.200086,-0.000001,0.272862,0.338361
485,real,-0.962199,0.158515,-0.956342,0.213629,-1.461595,-0.324074,0.200000,0.179386,1.220488,-0.363542,0.062404,0.606578,0.977556,25.590000,1.185187,-0.376023,-0.376023,1.072336,-0.425980,0.200302,-0.000001,0.274157,0.339533
486,real,-0.976884,0.151230,-0.960775,0.196572,-1.469009,-0.335105,0.200000,0.175525,1.235182,-0.359978,0.052507,0.575233,0.982939,17.380000,1.205185,-0.369605,-0.369605,1.072336,-0.425980,0.200302,-0.000001,0.274157,0.339533
487,real,-0.976884,0.151230,-0.964954,0.183340,-1.472715,-0.341232,0.200000,0.173380,1.243507,-0.358100,0.040012,0.581402,0.985587,17.380000,1.220514,-0.365003,-0.365003,1.136131,-0.393600,0.200302,-0.000001,0.274157,0.339533
488,real,-0.972672,0.099487,-0.967887,0.165429,-1.473334,-0.367834,0.200000,0.164070,1.280980,-0.350812,0.062109,0.683367,0.982266,24.220000,1.244700,-0.359326,-0.359326,1.136131,-0.393600,0.200194,-0.000001,0.275561,0.340605
489,real,-0.972672,0.099487,-0.969757,0.148645,-1.473229,-0.382526,0.200000,0.158928,1.302581,-0.347398,0.059097,0.579498,0.980293,24.220000,1.267853,-0.354555,-0.354555,1.136131,-0.393600,0.200194,-0.000001,0.275561,0.340605
490,real,-0.968083,0.048025,-0.970474,0.126820,-1.471806,-0.413713,0.200000,0.148012,1.350484,-0.341627,0.083637,0.588308,0.975629,28.480000,1.300905,-0.349384,-0.349384,1.175032,-0.368702,0.200194,-0.000001,0.275561,0.340605
491,real,-0.975295,0.065463,-0.971512,0.109353,-1.473441,-0.423086,0.200000,0.144732,1.365403,-0.340290,0.065136,0.612099,0.976475,24.360000,1.326705,-0.345746,-0.345746,1.175032,-0.368702,0.200172,-0.000001,0.276934,0.341703
492,real,-0.975295,0.065463,-0.972486,0.096196,-1.474295,-0.428240,0.200000,0.142928,1.373706,-0.339634,0.047397,0.585954,0.976934,24.360000,1.345505,-0.345746,-0.345746,1.175032,-0.368702,0.200172,-0.000001,0.276934,0.341703
493,real,-0.966309,0.055209,-0.971936,0.085041,-1.470914,-0.435675,0.200000,0.140325,1.385804,-0.338787,0.040896,0.581429,0.973043,29.120000,1.361625,-0.345746,-0.345746,1.237290,-0.354047,0.200172,-0.000001,0.276934,0.341703
494,real,-0.966309,0.055209,-0.970876,0.076355,-1.468906,-0.439774,0.200000,0.138891,1.392533,-0.338370,0.031777,0.582343,0.970776,29.120000,1.373988,-0.345746,-0.345746,1.237290,-0.354047,0.201387,-0.000001,0.267215,0.334605
495,real,-0.960773,0.045729,-0.968964,0.068430,-1.465415,-0.446290,0.200000,0.136610,1.403315,-0.337781,0.030389,0.576426,0.966907,31.750000,1.385719,-0.345746,-0.345746,1.237290,-0.354047,0.201387,-0.000001,0.267215,0.334605
496,real,-0.960773,0.045729,-0.967009,0.062022,-1.463376,-0.449879,0.200000,0.135354,1.409299,-0.337495,0.024983,0.774897,0.964679,31.750000,1.395151,-0.342446,-0.342446,1.277212,-0.345486,0.201387,-0.000001,0.267215,0.334605
497,real,-0.962068,0.046885,-0.965533,0.057347,-1.462792,-0.451335,0.200000,0.134844,1.411736,-0.337387,0.017339,0.760720,0.964021,31.180000,1.401785,-0.342446,-0.342446,1.277212,-0.345486,0.201425,-0.000001,0.238960,0.312528
498,real,-0.962068,0.046885,-0.964460,0.054028,-1.462468,-0.452136,0.200000,0.134564,1.413078,-0.337330,0.012398,0.756202,0.963657,31.180000,1.406302,-0.342446,-0.342446,1.277212,-0.345486,0.201425,-0.000001,0.238960,0.312528
499,real,-0.963155,0.013953,-0.963923,0.046531,-1.462925,-0.467392,0.200000,0.129225,1.438930,-0.336497,0.033166,0.758022,0.963477,31.160000,1.419354,-0.342446,-0.342446,1.338914,-0.345339,0.201425,-0.000001,0.238960,0.312528
500,real,-0.963155,0.013953,-0.963625,0.038720,-1.463073,-0.475786,0.200000,0.126287,1.453379,-0.336252,0.034585,0.752720,0.963378,31.160000,1.432964,-0.342446,-0.342446,1.338914,-0.345339,0.200567,-0.000001,0.218993,0.296960
501,real,-0.955884,-0.008425,-0.962377,0.028502,-1.460058,-0.490473,0.200000,0.121146,1.479018,-0.336187,0.046478,0.501637,0.960106,34.150000,1.451386,-0.342446,-0.342446,1.338914,-0.345339,0.200567,-0.000001,0.218993,0.296960
502,real,-0.955884,-0.008425,-0.960931,0.019033,-1.458246,-0.498553,0.200000,0.118318,1.493309,-0.336350,0.042364,0.494128,0.958247,34.150000,1.468155,-0.342446,-0.342446,1.380327,-0.342188,0.200567,-0.000001,0.218993,0.296960
503,real,-0.959955,-0.054090,-0.960405,0.004126,-1.459427,-0.523558,0.200000,0.109566,1.538290,-0.337739,0.070293,0.584575,0.959716,31.910000,1.496209,-0.342446,-0.342446,1.380327,-0.342188,0.199750,-0.000001,0.199461,0.282285
504,real,-0.959955,-0.054090,-0.960189,-0.010375,-1.459789,-0.537306,0.200000,0.104754,1.563463,-0.339073,0.067339,0.569089,0.960514,31.910000,1.523111,-0.342446,-0.342446,1.380327,-0.342188,0.199750,-0.000001,0.199461,0.282285
505,real,-0.959955,-0.054090,-0.960089,-0.022446,-1.459902,-0.544863,0.200000,0.102110,1.577417,-0.339978,0.054362,0.567808,0.960949,31.910000,1.544833,-0.342446,-0.342446,1.439081,-0.342259,0.199750,-0.000001,0.199461,0.282285
506,real,-0.976108,-0.136141,-0.963440,-0.044747,-1.469664,-0.586164,0.200000,0.087654,1.654911,-0.347040,0.110174,0.487839,0.973485,19.500000,1.588864,-0.342446,-0.342446,1.439081,-0.342259,0.198595,-0.000001,0.184590,0.271134
507,real,-0.976108,-0.136141,-0.966897,-0.067155,-1.473318,-0.608771,0.200000,0.079742,1.698000,-0.352398,0.109588,0.491700,0.979377,19.500000,1.632519,-0.346427,-0.346427,1.439081,-0.342259,0.198595,-0.000001,0.184590,0.271134
508,real,-0.976108,-0.136141,-0.969664,-0.086047,-1.474801,-0.621131,0.200000,0.075416,1.721692,-0.355763,0.089661,0.491370,0.982298,19.500000,1.668188,-0.350161,-0.350161,1.479126,-0.343794,0.198595,-0.000001,0.184590,0.271134
509,real,-0.970548,-0.165812,-0.970887,-0.105383,-1.473158,-0.641293,0.200000,0.070000,1.751445,-0.360403,0.083885,0.498719,0.983362,20.130000,1.701491,-0.354258,-0.354258,1.479126,-0.343794,0.198709,-0.000001,0.170361,0.261741
510,real,-0.970548,-0.165812,-0.971299,-0.121820,-1.472065,-0.652346,0.200000,0.070000,1.751445,-0.360403,0.050331,0.507900,0.983931,20.130000,1.721473,-0.354258,-0.354258,1.479126,-0.343794,0.198709,-0.000001,0.170361,0.261741
511,real,-0.970548,-0.165812,-0.971337,-0.134627,-1.471407,-0.658412,0.200000,0.070000,1.751445,-0.360403,0.030596,0.500549,0.984239,20.130000,1.733462,-0.354258,-0.354258,1.458621,-0.406752,0.198709,-0.000001,0.170361,0.261741
512,real,-0.965316,-0.191926,-0.970453,-0.148240,-1.468810,-0.673522,0.200000,0.070000,1.751445,-0.360403,0.019005,0.488635,0.984227,20.390000,1.740655,-0.354258,-0.354258,1.458621,-0.406752,0.199457,-0.000001,0.158899,0.255014
513,real,-0.965316,-0.191926,-0.969342,-0.159991,-1.467281,-0.681814,0.200000,0.070000,1.751445,-0.360403,0.012417,0.504515,0.984220,20.390000,1.744971,-0.354258,-0.354258,1.458621,-0.406752,0.199457,-0.000001,0.158899,0.255014
514,real,-0.965316,-0.191926,-0.968316,-0.169223,-1.466410,-0.686367,0.200000,0.070000,1.751445,-0.360403,0.008926,0.496328,0.984216,20.390000,1.744971,-0.354258,-0.354258,1.471923,-0.403961,0.199457,-0.000001,0.158899,0.255014
515,real,-0.987238,-0.144726,-0.971540,-0.168769,-1.477528,-0.667927,0.200000,0.070000,1.751445,-0.360403,0.008926,0.488695,0.991847,7.620000,1.744971,-0.354258,-0.354258,1.471923,-0.403961,0.200750,-0.000001,0.147605,0.249174
516,real,-0.987238,-0.144726,-0.975353,-0.164846,-1.482433,-0.657561,0.200000,0.070000,1.751445,-0.360403,0.008926,0.495044,0.994987,7.620000,1.744971,-0.354258,-0.354258,1.471923,-0.403961,0.200750,-0.000001,0.147605,0.249174
517,real,-0.948632,-0.248603,-0.973292,-0.176810,-1.469464,-0.699028,0.200000,0.070000,1.751445,-0.360403,0.008926,0.495790,0.989683,22.570000,1.744971,-0.354258,-0.354258,1.451736,-0.434682,0.200750,-0.000001,0.147605,0.249174
518,real,-0.948632,-0.248603,-0.968901,-0.192463,-1.460747,-0.721532,0.200000,0.070000,1.751445,-0.360403,0.008926,0.592235,0.985957,22.570000,1.744971,-0.354258,-0.354258,1.451736,-0.434682,0.201225,-0.000001,0.137288,0.243597
519,real,-0.960113,-0.219631,-0.965949,-0.202337,-1.460467,-0.720676,0.200000,0.070000,1.751445,-0.360403,0.008926,0.503509,0.985492,19.930000,1.744971,-0.354258,-0.354258,1.451736,-0.434682,0.201225,-0.000001,0.137288,0.243597
520,real,-0.960113,-0.219631,-0.963975,-0.208591,-1.460309,-0.720206,0.200000,0.070000,1.751445,-0.360403,0.008926,0.492939,0.985233,19.930000,1.744971,-0.354258,-0.354258,1.517556,-0.394269,0.201225,-0.000001,0.137288,0.243597
521,real,-0.960113,-0.219631,-0.962661,-0.212566,-1.460221,-0.719947,0.200000,0.070000,1.751445,-0.360403,0.008926,0.502084,0.985090,19.930000,1.744971,-0.354258,-0.354258,1.517556,-0.394269,0.201704,-0.000001,0.126742,0.238219
522,real,-0.951639,-0.243985,-0.960492,-0.218945,-1.456463,-0.730792,0.200000,0.070000,1.751445,-0.360403,0.008926,0.493656,0.983914,21.520000,1.744971,-0.354258,-0.354258,1.517556,-0.394269,0.201704,-0.000001,0.126742,0.238219
523,real,-0.951639,-0.243985,-0.958333,-0.225172,-1.454323,-0.736738,0.200000,0.070000,1.751445,-0.360403,0.008926,0.502008,0.983248,21.520000,1.744971,-0.354258,-0.354258,1.474528,-0.408475,0.201704,-0.000001,0.126742,0.238219
524,real,-0.949104,-0.245013,-0.956121,-0.230527,-1.452015,-0.740472,0.200000,0.070000,1.751445,-0.360403,0.008926,0.489157,0.981916,22.830000,1.744971,-0.354258,-0.354258,1.474528,-0.408475,0.201645,0.000428,0.117987,0.233627
525,real,-0.949104,-0.245013,-0.954230,-0.234725,-1.450717,-0.742519,0.200000,0.070000,1.751445,-0.360403,0.008926,0.504022,0.981162,22.830000,1.744971,-0.354258,-0.354258,1.474528,-0.408475,0.201645,0.000428,0.117987,0.233627
526,real,-0.949104,-0.245013,-0.952748,-0.237846,-1.449995,-0.743642,0.200000,0.070000,1.751445,-0.360403,0.008926,0.502941,0.980740,22.830000,1.744971,-0.354258,-0.354258,1.576904,-0.361969,0.201645,0.000428,0.117987,0.233627
527,real,-0.951550,-0.254878,-0.952057,-0.241652,-1.450774,-0.748719,0.200000,0.070000,1.751445,-0.360403,0.008926,0.503115,0.982768,19.810000,1.744971,-0.354258,-0.354258,1.576904,-0.361969,0.197625,-0.009296,0.133386,0.238427
528,real,-0.951550,-0.254878,-0.951739,-0.245098,-1.451148,-0.751497,0.200000,0.070000,1.751445,-0.360403,0.008926,0.499287,0.983836,19.810000,1.744971,-0.354258,-0.354258,1.576904,-0.361969,0.197625,-0.009296,0.133386,0.238427
529,real,-0.945775,-0.270214,-0.950702,-0.250290,-1.448776,-0.759933,0.200000,0.070000,1.751445,-0.360403,0.008926,0.495864,0.983738,20.770000,1.744971,-0.354258,-0.354258,1.476971,-0.420303,0.197625,-0.009296,0.133386,0.238427
530,real,-0.945775,-0.270214,-0.949560,-0.255286,-1.447439,-0.764564,0.200000,0.070000,1.751445,-0.360403,0.008926,0.491034,0.983684,20.770000,1.744971,-0.354258,-0.354258,1.476971,-0.420303,0.212776,-0.004481,0.143851,0.256841
531,real,-0.915193,-0.290756,-0.944209,-0.262798,-1.434273,-0.776749,0.200000,0.070000,1.751445,-0.360403,0.008926,0.502744,0.974401,32.410000,1.744971,-0.354258,-0.354258,1.476971,-0.420303,0.212776,-0.004481,0.143851,0.256841
532,real,-0.915193,-0.290756,-0.937865,-0.269932,-1.426084,-0.783181,0.200000,0.070000,1.751445,-0.360403,0.008926,0.507096,0.968412,32.410000,1.744971,-0.354258,-0.354258,1.519143,-0.443620,0.212776,-0.004481,0.143851,0.256841
533,real,-0.915193,-0.290756,-0.932068,-0.275776,-1.421301,-0.786630,0.200000,0.070000,1.751445,-0.360403,0.008926,0.489750,0.964858,32.410000,1.744971,-0.354258,-0.354258,1.519143,-0.443620,0.226770,-0.003251,0.158655,0.276760
534,real,-0.916687,-0.272493,-0.927616,-0.277361,-1.419350,-0.780304,0.200000,0.070000,1.751445,-0.360403,0.008926,0.499079,0.961132,33.990000,1.744971,-0.354258,-0.354258,1.519143,-0.443620,0.226770,-0.003251,0.158655,0.276760
535,real,-0.916687,-0.272493,-0.924317,-0.277164,-1.418189,-0.776799,0.200000,0.070000,1.751445,-0.360403,0.008926,0.493366,0.959004,33.990000,1.744971,-0.354258,-0.354258,1.485142,-0.379502,0.226770,-0.003251,0.158655,0.276760
536,real,-0.947426,-0.235430,-0.927068,-0.270600,-1.432176,-0.758408,0.200000,0.070000,1.751445,-0.360403,0.008926,0.505199,0.967330,25.030000,1.744971,-0.354258,-0.354258,1.485142,-0.379502,0.207668,-0.000322,0.128582,0.244252
537,real,-0.947426,-0.235430,-0.931347,-0.262735,-1.439295,-0.748128,0.200000,0.070000,1.751445,-0.360403,0.008926,0.495388,0.971515,25.030000,1.744971,-0.354258,-0.354258,1.485142,-0.379502,0.207668,-0.000322,0.128582,0.244252
538,real,-0.956033,-0.235621,-0.936945,-0.255697,-1.447340,-0.742628,0.200000,0.070000,1.751445,-0.360403,0.008926,0.513922,0.977917,20.110000,1.744971,-0.354258,-0.354258,1.518305,-0.401408,0.207668,-0.000322,0.128582,0.244252
539,real,-0.956033,-0.235621,-0.942007,-0.250032,-1.451409,-0.739512,0.200000,0.070000,1.751445,-0.360403,0.008926,0.534030,0.981094,20.110000,1.744971,-0.354258,-0.354258,1.518305,-0.401408,0.202906,-0.020058,0.131450,0.241764
540,real,-0.933737,-0.043136,-0.945334,-0.215860,-1.451512,-0.652398,0.200000,0.070000,1.751445,-0.360403,0.008926,0.516132,0.963639,41.630000,1.744971,-0.354258,-0.354258,1.518305,-0.401408,0.202906,-0.020058,0.131450,0.241764
541,real,-0.933737,-0.043136,-0.945532,-0.176448,-1.445899,-0.603254,0.200000,0.081673,1.687453,-0.350995,0.057611,0.495292,0.951518,41.630000,1.721964,-0.354258,-0.354258,1.487477,-0.397481,0.202906,-0.020058,0.131450,0.241764
542,real,-0.902292,-0.092367,-0.939363,-0.149172,-1.427907,-0.598517,0.200000,0.083331,1.678411,-0.349839,0.043776,0.487734,0.933122,49.810000,1.704543,-0.354258,-0.354258,1.487477,-0.397481,0.209053,-0.009962,0.110183,0.236312
543,real,-0.902292,-0.092367,-0.931484,-0.130490,-1.416851,-0.595794,0.200000,0.084284,1.673221,-0.349195,0.031728,0.507586,0.921842,49.810000,1.692014,-0.354258,-0.354258,1.487477,-0.397481,0.209053,-0.009962,0.110183,0.236312
544,real,-0.964307,0.023904,-0.935222,-0.099515,-1.442165,-0.541991,0.200000,0.103115,1.572104,-0.339620,0.120800,0.572521,0.943100,30.580000,1.644050,-0.348403,-0.348403,1.511779,-0.387054,0.209053,-0.009962,0.110183,0.236312
545,real,-0.964307,0.023904,-0.941570,-0.068973,-1.453359,-0.512252,0.200000,0.113524,1.517815,-0.336945,0.126754,0.566719,0.953438,30.580000,1.593556,-0.343820,-0.343820,1.511779,-0.387054,0.228702,-0.009668,0.149337,0.273141
546,real,-0.964307,0.023904,-0.947551,-0.043411,-1.458659,-0.495938,0.200000,0.119233,1.488670,-0.336282,0.105156,0.494368,0.958668,30.580000,1.551602,-0.343820,-0.343820,1.511779,-0.387054,0.228702,-0.009668,0.149337,0.273141
547,real,-0.973425,0.110219,-0.954579,-0.010005,-1.467631,-0.447965,0.200000,0.136024,1.406104,-0.337644,0.145629,0.585570,0.969029,23.160000,1.493403,-0.343820,-0.343820,1.457804,-0.418262,0.228702,-0.009668,0.149337,0.273141
548,real,-0.973425,0.110219,-0.960307,0.020913,-1.470944,-0.421668,0.200000,0.145228,1.363131,-0.340480,0.130314,0.704215,0.974099,23.160000,1.441294,-0.343820,-0.343820,1.457804,-0.418262,0.234223,-0.001029,0.161099,0.284277
549,real,-0.970229,0.150893,-0.964209,0.052490,-1.471455,-0.388867,0.200000,0.156708,1.312100,-0.346061,0.129214,0.577177,0.977791,21.840000,1.389616,-0.343820,-0.343820,1.457804,-0.418262,0.234223,-0.001029,0.161099,0.284277
550,real,-0.970229,0.150893,-0.966640,0.079297,-1.471154,-0.370917,0.200000,0.162991,1.285461,-0.350059,0.104342,0.569441,0.979695,21.840000,1.347954,-0.343820,-0.343820,1.525798,-0.346553,0.234223,-0.001029,0.161099,0.284277
551,real,-0.963272,0.214522,-0.967362,0.110258,-1.468704,-0.332245,0.200000,0.176526,1.231336,-0.360879,0.117859,0.581365,0.983122,18.590000,1.301307,-0.350643,-0.350643,1.525798,-0.346553,0.216036,0.002580,0.135294,0.254904
552,real,-0.963272,0.214522,-0.967091,0.137779,-1.466588,-0.311111,0.200000,0.183923,1.203705,-0.368030,0.099138,0.587752,0.984872,18.590000,1.262266,-0.357598,-0.357598,1.525798,-0.346553,0.216036,0.002580,0.135294,0.254904
553,real,-0.959554,0.225857,-0.965869,0.161508,-1.463600,-0.294424,0.200000,0.189763,1.182879,-0.374275,0.081120,0.579255,0.985285,19.350000,1.230511,-0.364269,-0.364269,1.390722,-0.343968,0.216036,0.002580,0.135294,0.254904
554,real,-0.955408,0.254929,-0.963911,0.184739,-1.460275,-0.272117,0.200000,0.197571,1.156413,-0.383424,0.076534,0.497522,0.986944,17.140000,1.200872,-0.371931,-0.371931,1.390722,-0.343968,0.225247,-0.019211,0.144160,0.267429
555,real,-0.955408,0.254929,-0.961910,0.204111,-1.458194,-0.259913,0.200000,0.201842,1.142600,-0.388808,0.060666,0.508195,0.987814,17.140000,1.177563,-0.378682,-0.378682,1.390722,-0.343968,0.225247,-0.019211,0.144160,0.267429
556,real,-0.959086,0.259500,-0.960841,0.219785,-1.458855,-0.251107,0.200000,0.204924,1.132926,-0.392855,0.046834,0.501135,0.990631,13.000000,1.159708,-0.384351,-0.384351,1.422270,-0.357951,0.225247,-0.019211,0.144160,0.267429
557,real,-0.959086,0.259500,-0.960209,0.231651,-1.459037,-0.246312,0.200000,0.206603,1.127760,-0.395115,0.033713,0.499337,0.992023,13.000000,1.146929,-0.388657,-0.388657,1.422270,-0.357951,0.230976,0.001644,0.146400,0.273465
558,real,-0.954640,0.250979,-0.959156,0.238950,-1.457199,-0.247494,0.200000,0.206189,1.129027,-0.394555,0.018849,0.501312,0.989944,18.440000,1.139768,-0.388657,-0.388657,1.422270,-0.357951,0.230976,0.001644,0.146400,0.273465
559,real,-0.956847,0.211252,-0.958628,0.237248,-1.457648,-0.265914,0.200000,0.199742,1.149333,-0.386128,0.009894,0.502056,0.985843,23.020000,1.143594,-0.388657,-0.388657,1.291954,-0.378670,0.230976,0.001644,0.146400,0.273465
560,real,-0.956847,0.211252,-0.958223,0.232558,-1.457471,-0.276151,0.200000,0.196159,1.161082,-0.381703,0.018820,0.498927,0.983290,23.020000,1.150589,-0.388657,-0.388657,1.291954,-0.378670,0.228226,-0.015487,0.150098,0.273160
561,real,-0.958851,0.217846,-0.958179,0.228565,-1.458097,-0.278852,0.200000,0.195213,1.164238,-0.380567,0.015866,0.494646,0.983288,20.980000,1.156049,-0.385421,-0.385421,1.291954,-0.378670,0.228226,-0.015487,0.150098,0.273160
562,real,-0.950875,0.187071,-0.957237,0.220649,-1.455489,-0.294051,0.200000,0.189894,1.182423,-0.374420,0.028577,0.591535,0.977432,28.560000,1.166599,-0.381021,-0.381021,1.317001,-0.388190,0.228226,-0.015487,0.150098,0.273160
563,real,-0.950875,0.187071,-0.955966,0.212543,-1.453605,-0.302510,0.200000,0.186933,1.192861,-0.371184,0.028044,0.673112,0.973841,28.560000,1.177103,-0.377086,-0.377086,1.317001,-0.388190,0.202775,-0.004893,0.145621,0.249646
564,real,-0.699353,-0.220975,-0.935145,0.141560,-1.396476,-0.490268,0.200000,0.121218,1.478657,-0.336185,0.304315,0.500468,0.896529,85.650000,1.297725,-0.360726,-0.360726,1.317001,-0.388190,0.202775,-0.004893,0.145621,0.249646
565,real,-0.699353,-0.220975,-0.895005,0.057073,-1.320459,-0.599832,0.200000,0.082871,1.680919,-0.350155,0.383340,0.494417,0.826511,85.650000,1.451003,-0.356497,-0.356497,1.194105,-0.384719,0.202775,-0.004893,0.145621,0.249646
566,real,-0.495575,-0.190780,-0.822353,-0.013917,-1.187428,-0.645756,0.200000,0.070000,1.751445,-0.360403,0.300468,0.506864,0.702711,115.850000,1.571180,-0.356497,-0.356497,1.194105,-0.384719,0.199426,0.008697,0.123760,0.234706
567,real,-0.495575,-0.190780,-0.745481,-0.067791,-1.102718,-0.667842,0.200000,0.070000,1.751445,-0.360403,0.180308,0.495492,0.625652,115.850000,1.643286,-0.356497,-0.356497,1.194105,-0.384719,0.199426,0.008697,0.123760,0.234706
568,real,-0.503896,-0.257080,-0.680356,-0.117429,-1.059410,-0.709615,0.200000,0.070000,1.751445,-0.360403,0.108230,0.494631,0.597393,111.100000,1.686550,-0.356497,-0.356497,1.297556,-0.360374,0.199426,0.008697,0.123760,0.234706
569,real,-0.503896,-0.257080,-0.629365,-0.157357,-1.034666,-0.731507,0.200000,0.070000,1.751445,-0.360403,0.065013,0.507193,0.582635,111.100000,1.712508,-0.356497,-0.356497,1.297556,-0.360374,0.200051,0.000003,0.136933,0.242428
570,real,-0.503896,-0.257080,-0.591393,-0.187396,-1.020873,-0.743182,0.200000,0.070000,1.751445,-0.360403,0.039133,0.508276,0.574845,111.100000,1.728083,-0.356497,-0.356497,1.297556,-0.360374,0.200051,0.000003,0.136933,0.242428
571,real,-0.406309,-0.252954,-0.549093,-0.208734,-0.970535,-0.748364,0.200000,0.070000,1.751445,-0.360403,0.023687,0.488292,0.532060,122.810000,1.737428,-0.356497,-0.356497,1.295734,-0.356274,0.200051,0.000003,0.136933,0.242428
572,real,-0.406309,-0.252954,-0.511582,-0.223411,-0.941919,-0.750669,0.200000,0.070000,1.751445,-0.360403,0.014551,0.491625,0.508063,122.810000,1.743035,-0.356497,-0.356497,1.295734,-0.356274,0.206769,-0.000000,0.148425,0.254525
573,real,-0.464502,-0.413929,-0.491966,-0.259597,-0.955537,-0.826800,0.200000,0.070000,1.751445,-0.360403,0.009273,0.497613,0.560635,103.050000,1.746399,-0.356497,-0.356497,1.295734,-0.356274,0.206769,-0.000000,0.148425,0.254525
574,real,-0.464502,-0.413929,-0.481003,-0.297211,-0.960642,-0.867066,0.200000,0.070000,1.751445,-0.360403,0.006381,0.503085,0.589006,103.050000,1.746399,-0.356497,-0.356497,1.397516,-0.356267,0.206769,-0.000000,0.148425,0.254525
575,real,-0.428685,-0.300280,-0.469001,-0.311232,-0.946713,-0.837269,0.200000,0.070000,1.751445,-0.360403,0.006381,0.507371,0.559735,116.880000,1.746399,-0.356497,-0.356497,1.397516,-0.356267,0.208345,-0.000001,0.167366,0.267243
576,real,-0.428685,-0.300280,-0.458405,-0.314540,-0.938727,-0.820684,0.200000,0.070000,1.751445,-0.360403,0.006381,0.505341,0.543433,116.880000,1.746399,-0.356497,-0.356497,1.397516,-0.356267,0.208345,-0.000001,0.167366,0.267243
577,real,-0.416778,-0.285000,-0.448107,-0.311097,-0.928981,-0.804703,0.200000,0.070000,1.751445,-0.360403,0.006381,0.491847,0.526183,119.350000,1.746399,-0.356497,-0.356497,1.398580,-0.356264,0.208345,-0.000001,0.167366,0.267243
578,real,-0.416778,-0.285000,-0.439504,-0.305763,-0.923527,-0.795857,0.200000,0.070000,1.751445,-0.360403,0.006381,0.591878,0.516630,119.350000,1.746399,-0.356497,-0.356497,1.398580,-0.356264,0.207931,-0.000001,0.175587,0.272151
579,real,-0.429409,-0.352971,-0.434997,-0.311417,-0.926626,-0.821917,0.200000,0.070000,1.751445,-0.360403,0.006381,0.498498,0.534453,112.460000,1.746399,-0.356497,-0.356497,1.398580,-0.356264,0.207931,-0.000001,0.175587,0.272151
580,real,-0.429409,-0.352971,-0.432554,-0.320025,-0.928016,-0.836012,0.200000,0.070000,1.751445,-0.360403,0.006381,0.506118,0.544153,112.460000,1.746399,-0.356497,-0.356497,1.491133,-0.359963,0.207931,-0.000001,0.175587,0.272151
581,real,-0.357641,-0.195721,-0.420749,-0.304111,-0.898825,-0.774558,0.200000,0.070000,1.751445,-0.360403,0.006381,0.491686,0.484193,131.880000,1.746399,-0.356497,-0.356497,1.491133,-0.359963,0.203395,-0.000001,0.179323,0.271157
582,real,-0.357641,-0.195721,-0.406816,-0.281462,-0.880942,-0.739398,0.200000,0.070000,1.751445,-0.360403,0.006381,0.490294,0.449920,131.880000,1.746399,-0.356497,-0.356497,1.491133,-0.359963,0.203395,-0.000001,0.179323,0.271157
583,real,-0.357641,-0.195721,-0.394152,-0.259882,-0.870633,-0.719806,0.200000,0.070000,1.751445,-0.360403,0.006381,0.496978,0.430910,131.880000,1.746399,-0.356497,-0.356497,1.493535,-0.360477,0.203395,-0.000001,0.179323,0.271157
584,real,-0.374246,-0.182290,-0.386584,-0.239985,-0.872529,-0.703034,0.200000,0.070000,1.751445,-0.360403,0.006381,0.508642,0.424265,130.800000,1.746399,-0.356497,-0.356497,1.493535,-0.360477,0.202497,-0.000001,0.162938,0.259912
585,real,-0.374246,-0.182290,-0.381964,-0.223795,-0.873383,-0.693727,0.200000,0.070000,1.751445,-0.360403,0.006381,0.503627,0.420648,130.800000,1.746399,-0.356497,-0.356497,1.493535,-0.360477,0.202497,-0.000001,0.162938,0.259912
586,real,-0.393670,-0.140838,-0.382449,-0.205062,-0.883349,-0.670272,0.200000,0.070000,1.751445,-0.360403,0.006381,0.502894,0.419463,130.570000,1.746399,-0.356497,-0.356497,1.501652,-0.419892,0.202497,-0.000001,0.162938,0.259912
587,real,-0.393670,-0.140838,-0.384481,-0.188278,-0.888255,-0.657107,0.200000,0.070000,1.751445,-0.360403,0.006381,0.522846,0.418837,130.570000,1.746399,-0.356497,-0.356497,1.501652,-0.419892,0.203346,-0.000001,0.154158,0.255175
588,real,-0.427671,-0.137022,-0.392133,-0.174242,-0.906343,-0.648176,0.200000,0.070000,1.751445,-0.360403,0.006381,0.618636,0.432517,126.630000,1.746399,-0.356497,-0.356497,1.501652,-0.419892,0.203346,-0.000001,0.154158,0.255175
589,real,-0.427671,-0.137022,-0.400505,-0.163372,-0.916053,-0.643186,0.200000,0.070000,1.751445,-0.360403,0.006381,0.487609,0.440002,126.630000,1.746399,-0.356497,-0.356497,1.472905,-0.417134,0.203346,-0.000001,0.154158,0.255175
590,real,-0.432865,-0.160079,-0.408616,-0.158977,-0.923680,-0.650813,0.200000,0.070000,1.751445,-0.360403,0.006381,0.508517,0.449722,125.030000,1.746399,-0.356497,-0.356497,1.472905,-0.417134,0.204867,-0.000001,0.141844,0.249179
591,real,-0.432865,-0.160079,-0.415342,-0.157582,-0.927832,-0.654991,0.200000,0.070000,1.751445,-0.360403,0.006381,0.491098,0.455042,125.030000,1.746399,-0.356497,-0.356497,1.472905,-0.417134,0.204867,-0.000001,0.141844,0.249179
592,real,-0.432209,-0.158722,-0.420404,-0.157263,-0.929806,-0.656672,0.200000,0.070000,1.751445,-0.360403,0.006381,0.494836,0.457470,125.170000,1.746399,-0.356497,-0.356497,1.493567,-0.420865,0.204867,-0.000001,0.141844,0.249179
593,real,-0.432209,-0.158722,-0.424074,-0.157379,-0.930888,-0.657595,0.200000,0.070000,1.751445,-0.360403,0.006381,0.515143,0.458804,125.170000,1.746399,-0.356497,-0.356497,1.493567,-0.420865,0.205496,-0.000001,0.132865,0.244708
594,real,-0.430054,-0.177255,-0.426359,-0.160564,-0.930602,-0.666478,0.200000,0.070000,1.751445,-0.360403,0.006381,0.506929,0.461663,124.560000,1.746399,-0.356497,-0.356497,1.493567,-0.420865,0.205496,-0.000001,0.132865,0.244708
595,real,-0.430054,-0.177255,-0.427767,-0.164335,-0.930382,-0.671339,0.200000,0.070000,1.751445,-0.360403,0.006381,0.491485,0.463234,124.560000,1.746399,-0.356497,-0.356497,1.482658,-0.416954,0.205496,-0.000001,0.132865,0.244708
596,real,-0.489920,-0.205440,-0.438189,-0.172211,-0.957545,-0.686837,0.200000,0.070000,1.751445,-0.360403,0.006381,0.511959,0.494222,115.820000,1.746399,-0.356497,-0.356497,1.482658,-0.416954,0.203749,0.000149,0.122063,0.237514
597,real,-0.489920,-0.205440,-0.450105,-0.180278,-0.972236,-0.695260,0.200000,0.070000,1.751445,-0.360403,0.006381,0.501205,0.511012,115.820000,1.746399,-0.356497,-0.356497,1.482658,-0.416954,0.203749,0.000149,0.122063,0.237514
598,real,-0.564584,-0.189455,-0.472734,-0.184732,-1.014759,-0.693003,0.200000,0.070000,1.751445,-0.360403,0.006381,0.485534,0.549752,106.900000,1.746399,-0.356497,-0.356497,1.504952,-0.387594,0.203749,0.000149,0.122063,0.237514
599,real,-0.564584,-0.189455,-0.495405,-0.187104,-1.037508,-0.691511,0.200000,0.070000,1.751445,-0.360403,0.006381,0.486008,0.570606,106.900000,1.746399,-0.356497,-0.356497,1.504952,-0.387594,0.204243,0.000527,0.116065,0.234917
600,real,-0.713323,-0.132335,-0.539676,-0.179803,-1.121895,-0.666244,0.200000,0.070000,1.751445,-0.360403,0.006381,0.495791,0.643731,86.980000,1.746399,-0.356497,-0.356497,1.504952,-0.387594,0.204243,0.000527,0.116065,0.234917
601,real,-0.713323,-0.132335,-0.583514,-0.169823,-1.164926,-0.651288,0.200000,0.070000,1.751445,-0.360403,0.006381,0.495174,0.681920,86.980000,1.746399,-0.356497,-0.356497,1.462874,-0.440806,0.204243,0.000527,0.116065,0.234917
602,real,-0.714293,-0.088084,-0.620253,-0.153417,-1.188482,-0.622949,0.200000,0.074780,1.725183,-0.356284,0.021217,0.488821,0.699374,87.940000,1.737913,-0.356497,-0.356497,1.462874,-0.440806,0.204952,-0.016952,0.135029,0.245435
603,real,-0.714293,-0.088084,-0.648345,-0.137264,-1.200515,-0.607266,0.200000,0.080269,1.695121,-0.352009,0.043027,0.496996,0.708680,87.940000,1.720796,-0.356497,-0.356497,1.462874,-0.440806,0.204952,-0.016952,0.135029,0.245435
604,real,-0.766263,-0.109601,-0.677289,-0.127179,-1.231042,-0.608449,0.200000,0.079854,1.697385,-0.352314,0.023782,0.492643,0.739042,78.560000,1.711431,-0.356497,-0.356497,1.501833,-0.416109,0.204952,-0.016952,0.135029,0.245435
605,real,-0.766263,-0.109601,-0.701754,-0.120819,-1.247190,-0.609008,0.200000,0.079659,1.698454,-0.352459,0.013591,0.489918,0.755100,78.560000,1.706240,-0.356497,-0.356497,1.501833,-0.416109,0.214376,-0.006237,0.144072,0.258290
606,real,-0.810520,-0.105412,-0.727996,-0.116167,-1.276730,-0.607527,0.200000,0.080177,1.695621,-0.352076,0.011503,0.507591,0.784137,70.360000,1.701993,-0.356497,-0.356497,1.501833,-0.416109,0.214376,-0.006237,0.144072,0.258290
607,real,-0.810520,-0.105412,-0.750490,-0.112824,-1.292266,-0.606616,0.200000,0.080496,1.693878,-0.351842,0.009355,0.492686,0.799408,70.360000,1.698747,-0.356497,-0.356497,1.483025,-0.406409,0.214376,-0.006237,0.144072,0.258290
608,real,-0.891757,-0.001323,-0.782553,-0.094176,-1.342097,-0.559543,0.200000,0.096972,1.604741,-0.342079,0.095105,0.713575,0.844199,53.810000,1.661145,-0.350730,-0.350730,1.483025,-0.406409,0.223918,-0.018234,0.152277,0.270791
609,real,-0.891757,-0.001323,-0.811790,-0.072870,-1.366088,-0.533304,0.200000,0.106155,1.556105,-0.338643,0.105733,0.567556,0.866728,53.810000,1.619129,-0.345895,-0.345895,1.483025,-0.406409,0.223918,-0.018234,0.152277,0.270791
610,real,-0.923405,-0.008623,-0.840527,-0.055140,-1.393895,-0.522211,0.200000,0.110038,1.535840,-0.337630,0.083698,0.592969,0.894170,45.130000,1.585813,-0.342589,-0.342589,1.525875,-0.412273,0.223918,-0.018234,0.152277,0.270791
611,real,-0.923405,-0.008623,-0.864073,-0.041472,-1.407803,-0.516089,0.200000,0.112181,1.524741,-0.337184,0.061311,0.596687,0.907945,45.130000,1.561384,-0.342589,-0.342589,1.525875,-0.412273,0.200493,-0.000485,0.138766,0.243830
612,real,-0.964485,0.127662,-0.890852,-0.009771,-1.440584,-0.450898,0.200000,0.134997,1.411004,-0.337419,0.150469,0.586420,0.941864,26.740000,1.501232,-0.342589,-0.342589,1.525875,-0.412273,0.200493,-0.000485,0.138766,0.243830
613,real,-0.964485,0.127662,-0.912815,0.023342,-1.453603,-0.415162,0.200000,0.147505,1.352776,-0.341408,0.148461,0.585238,0.957370,26.740000,1.441850,-0.342589,-0.342589,1.471759,-0.384503,0.200493,-0.000485,0.138766,0.243830
614,real,-0.970755,0.148460,-0.930423,0.055001,-1.463125,-0.386203,0.200000,0.157641,1.308086,-0.346613,0.133824,0.567872,0.969825,21.750000,1.388344,-0.342589,-0.342589,1.471759,-0.384503,0.212277,-0.008294,0.132833,0.250413
615,real,-0.968100,0.143820,-0.942762,0.080338,-1.465675,-0.372608,0.200000,0.162399,1.287929,-0.349654,0.100663,0.570801,0.974042,23.680000,1.348178,-0.342589,-0.342589,1.471759,-0.384503,0.212277,-0.008294,0.132833,0.250413
616,real,-0.968100,0.143820,-0.951196,0.099404,-1.466860,-0.365188,0.200000,0.164996,1.277157,-0.351473,0.071575,0.572996,0.976213,23.680000,1.319770,-0.346143,-0.346143,1.464131,-0.378145,0.212277,-0.008294,0.132833,0.250413
617,real,-0.970986,0.085036,-0.957439,0.103961,-1.469033,-0.387576,0.200000,0.157160,1.310153,-0.346326,0.009619,0.574980,0.975533,25.830000,1.315923,-0.346143,-0.346143,1.464131,-0.378145,0.230470,-0.007884,0.159566,0.280317
618,real,-0.970986,0.085036,-0.961838,0.102609,-1.470008,-0.399901,0.200000,0.152846,1.328934,-0.343933,0.013198,0.560155,0.975159,25.830000,1.321127,-0.346143,-0.346143,1.464131,-0.378145,0.230470,-0.007884,0.159566,0.280317
619,real,-0.979163,0.107668,-0.966249,0.102935,-1.474440,-0.396460,0.200000,0.154051,1.323647,-0.344570,0.002971,0.573570,0.979926,19.830000,1.321127,-0.346143,-0.346143,1.371923,-0.342582,0.230470,-0.007884,0.159566,0.280317
620,real,-0.979163,0.107668,-0.969893,0.103801,-1.476660,-0.394591,0.200000,0.154705,1.320790,-0.344926,0.001263,0.566837,0.982332,19.830000,1.321127,-0.346143,-0.346143,1.371923,-0.342582,0.213925,-0.029830,0.144232,0.258005
621,real,-0.971770,0.169426,-0.971693,0.114477,-1.475037,-0.365695,0.200000,0.164818,1.277888,-0.351345,0.043551,0.577993,0.984243,18.900000,1.303832,-0.346143,-0.346143,1.371923,-0.342582,0.213925,-0.029830,0.144232,0.258005
622,real,-0.971770,0.169426,-0.972410,0.126961,-1.473741,-0.349856,0.200000,0.170362,1.255420,-0.355583,0.049324,0.570232,0.985248,18.900000,1.284467,-0.349919,-0.349919,1.361950,-0.345857,0.213925,-0.029830,0.144232,0.258005
623,real,-0.967077,0.183430,-0.971877,0.140328,-1.470887,-0.334847,0.200000,0.175615,1.234834,-0.360058,0.050658,0.587786,0.984834,20.320000,1.264614,-0.353975,-0.353975,1.361950,-0.345857,0.199800,-0.007172,0.133142,0.240097
624,real,-0.963838,0.198374,-0.970471,0.154260,-1.467860,-0.319866,0.200000,0.180858,1.214982,-0.364964,0.050833,0.562051,0.984480,20.500000,1.244761,-0.358370,-0.358370,1.361950,-0.345857,0.199800,-0.007172,0.133142,0.240097
625,real,-0.963838,0.198374,-0.968939,0.166192,-1.466093,-0.311648,0.200000,0.183735,1.204389,-0.367838,0.041467,0.575169,0.984283,20.500000,1.228612,-0.362157,-0.362157,1.302505,-0.346339,0.199800,-0.007172,0.133142,0.240097
626,real,-0.962580,0.241962,-0.967637,0.182448,-1.465220,-0.287364,0.200000,0.192234,1.174331,-0.377073,0.056293,0.501931,0.988365,14.020000,1.206900,-0.368124,-0.368124,1.302505,-0.346339,0.200478,-0.007553,0.128533,0.238143
627,real,-0.962580,0.241962,-0.966450,0.197652,-1.464246,-0.274111,0.200000,0.196873,1.158714,-0.382570,0.050305,0.504820,0.990351,14.020000,1.187626,-0.373902,-0.373902,1.302505,-0.346339,0.200478,-0.007553,0.128533,0.238143
628,real,-0.952544,0.286049,-0.964043,0.217069,-1.459573,-0.246871,0.200000,0.206407,1.128359,-0.394850,0.062859,0.491488,0.992398,11.950000,1.163919,-0.382281,-0.382281,1.272377,-0.354813,0.200478,-0.007553,0.128533,0.238143
629,real,-0.952544,0.286049,-0.961434,0.234895,-1.456588,-0.231999,0.200000,0.211612,1.112771,-0.402095,0.054852,0.501599,0.993421,11.950000,1.143460,-0.390207,-0.390207,1.272377,-0.354813,0.206054,-0.016660,0.129900,0.243582
630,real,-0.941464,0.305537,-0.957456,0.252427,-1.450067,-0.215014,0.200000,0.217557,1.095812,-0.410820,0.051916,0.506708,0.991890,16.380000,1.124401,-0.398452,-0.398452,1.272377,-0.354813,0.206054,-0.016660,0.129900,0.243582
631,real,-0.941283,0.317326,-0.953538,0.268935,-1.446263,-0.200408,0.200000,0.222669,1.081938,-0.418698,0.047042,0.487483,0.992557,13.240000,1.107415,-0.406550,-0.406550,1.201487,-0.374531,0.206054,-0.016660,0.129900,0.243582
632,real,-0.941283,0.317326,-0.950223,0.282464,-1.444067,-0.192411,0.200000,0.225468,1.074617,-0.423154,0.036762,0.494691,0.992911,13.240000,1.094296,-0.413192,-0.413192,1.201487,-0.374531,0.221649,0.002837,0.158067,0.272238
633,real,-0.936268,0.342903,-0.946968,0.296865,-1.440922,-0.176391,0.200000,0.231075,1.060529,-0.432380,0.038837,0.567106,0.995016,8.750000,1.080789,-0.420867,-0.420867,1.201487,-0.374531,0.221649,0.002837,0.158067,0.272238
634,real,-0.936268,0.342903,-0.944157,0.309279,-1.438937,-0.167667,0.200000,0.234128,1.053179,-0.437567,0.032268,0.625854,0.996016,8.750000,1.069745,-0.427547,-0.427547,1.170633,-0.398748,0.221649,0.002837,0.158067,0.272238
635,real,-0.928750,0.359213,-0.940759,0.321595,-1.434449,-0.155532,0.200000,0.238375,1.043325,-0.444970,0.031648,0.572267,0.995918,10.510000,1.059177,-0.434516,-0.434516,1.170633,-0.398748,0.189918,0.018415,0.137465,0.234447
636,real,-0.931349,0.354810,-0.938070,0.331232,-1.433075,-0.150869,0.200000,0.240007,1.039652,-0.447872,0.023656,0.568112,0.996254,9.390000,1.051367,-0.439859,-0.439859,1.170633,-0.398748,0.189918,0.018415,0.137465,0.234447
637,real,-0.926289,0.363009,-0.935271,0.339690,-1.430074,-0.144603,0.200000,0.242200,1.034815,-0.451821,0.020422,0.571205,0.995662,11.600000,1.044746,-0.444643,-0.444643,1.100595,-0.421048,0.189918,0.018415,0.137465,0.234447
638,real,-0.926289,0.363009,-0.932861,0.346388,-1.428386,-0.141171,0.200000,0.243402,1.032213,-0.454007,0.015645,0.685276,0.995319,11.600000,1.039733,-0.448389,-0.448389,1.100595,-0.421048,0.197132,-0.000100,0.142213,0.243075
639,real,-0.922180,0.370060,-0.930334,0.352518,-1.425641,-0.136098,0.200000,0.245177,1.028428,-0.457269,0.014376,0.576102,0.994603,12.910000,1.035211,-0.451941,-0.451941,1.100595,-0.421048,0.197132,-0.000100,0.142213,0.243075
640,real,-0.922180,0.370060,-0.928152,0.357474,-1.424098,-0.133321,0.200000,0.246149,1.026386,-0.459071,0.011345,0.569103,0.994188,12.910000,1.031681,-0.451941,-0.451941,1.069714,-0.439841,0.197132,-0.000100,0.142213,0.243075
641,real,-0.922338,0.369189,-0.926458,0.361092,-1.423312,-0.132189,0.200000,0.246545,1.025560,-0.459808,0.009967,0.582563,0.993876,13.090000,1.031681,-0.451941,-0.451941,1.069714,-0.439841,0.196207,-0.000169,0.148171,0.245870
642,real,-0.922845,0.370888,-0.925285,0.363929,-1.423108,-0.130802,0.200000,0.247031,1.024553,-0.460714,0.011303,0.565923,0.994201,11.930000,1.031681,-0.455450,-0.455450,1.069714,-0.439841,0.196207,-0.000169,0.148171,0.245870
643,real,-0.922845,0.370888,-0.924482,0.366040,-1.422991,-0.130041,0.200000,0.247297,1.024003,-0.461212,0.009600,0.574878,0.994375,11.930000,1.031681,-0.455450,-0.455450,1.035140,-0.451682,0.196207,-0.000169,0.148171,0.245870
644,real,-0.917934,0.376472,-0.923181,0.368444,-1.420766,-0.127090,0.200000,0.248330,1.021884,-0.463151,0.012462,0.568940,0.993414,14.380000,1.027762,-0.455450,-0.455450,1.035140,-0.451682,0.200359,-0.000001,0.163937,0.258880
645,real,-0.916181,0.383904,-0.921620,0.371741,-1.418719,-0.122135,0.200000,0.250064,1.018381,-0.466433,0.014444,0.586231,0.993391,13.210000,1.024010,-0.459843,-0.459843,1.035140,-0.451682,0.200359,-0.000001,0.163937,0.258880
646,real,-0.912020,0.387881,-0.919569,0.375470,-1.415760,-0.117605,0.200000,0.251650,1.015237,-0.469464,0.013020,0.592163,0.992392,15.320000,1.020501,-0.463692,-0.463692,1.031376,-0.455220,0.200359,-0.000001,0.163937,0.258880
647,real,-0.912020,0.387881,-0.917652,0.378761,-1.414094,-0.115129,0.200000,0.252517,1.013543,-0.471132,0.010187,0.562755,0.991813,15.320000,1.020501,-0.463692,-0.463692,1.031376,-0.455220,0.201205,-0.000001,0.184018,0.272665
648,real,-0.911537,0.393985,-0.916012,0.382338,-1.412964,-0.111018,0.200000,0.253955,1.010767,-0.473920,0.014120,0.496467,0.992376,13.530000,1.016607,-0.467783,-0.467783,1.031376,-0.455220,0.201205,-0.000001,0.184018,0.272665
649,real,-0.911537,0.393985,-0.914722,0.385452,-1.412328,-0.108764,0.200000,0.254744,1.009264,-0.475458,0.010622,0.494168,0.992678,13.530000,1.016607,-0.467783,-0.467783,1.023706,-0.459766,0.201205,-0.000001,0.184018,0.272665
650,real,-0.909978,0.393405,-0.913519,0.387820,-1.411284,-0.107782,0.200000,0.255088,1.008614,-0.476130,0.011558,0.493669,0.992105,15.060000,1.016607,-0.471122,-0.471122,1.023706,-0.459766,0.203970,-0.000001,0.197355,0.283818
651,real,-0.909978,0.393405,-0.912532,0.389547,-1.410700,-0.107246,0.200000,0.255276,1.008260,-0.476498,0.009929,0.495970,0.991781,15.060000,1.013268,-0.471122,-0.471122,1.023706,-0.459766,0.203970,-0.000001,0.197355,0.283818
652,real,-0.909978,0.393405,-0.911778,0.390772,-1.410376,-0.106952,0.200000,0.255378,1.008066,-0.476699,0.007627,0.480303,0.991600,15.060000,1.013268,-0.471122,-0.471122,1.016462,-0.467516,0.203970,-0.000001,0.197355,0.283818
653,real,-0.911898,0.400770,-0.911595,0.392815,-1.411257,-0.103392,0.200000,0.256624,1.005737,-0.479151,0.011008,0.488984,0.993824,10.150000,1.013268,-0.474334,-0.474334,1.016462,-0.467516,0.202509,-0.000001,0.217580,0.297239
654,real,-0.911898,0.400770,-0.911598,0.394807,-1.411604,-0.101493,0.200000,0.257289,1.004509,-0.480466,0.010692,0.500937,0.994902,10.150000,1.009765,-0.474334,-0.474334,1.016462,-0.467516,0.202509,-0.000001,0.217580,0.297239
655,real,-0.910873,0.400035,-0.911485,0.396343,-1.411276,-0.100805,0.200000,0.257530,1.004067,-0.480943,0.008726,0.487084,0.994877,11.640000,1.009765,-0.474334,-0.474334,1.013106,-0.470859,0.202509,-0.000001,0.217580,0.297239
656,real,-0.910873,0.400035,-0.911349,0.397473,-1.411094,-0.100427,0.200000,0.257662,1.003824,-0.481206,0.009084,0.484951,0.994863,11.640000,1.009765,-0.474334,-0.474334,1.013106,-0.470859,0.202289,-0.000001,0.230254,0.306493
657,real,-0.911948,0.400032,-0.911398,0.398282,-1.411490,-0.100215,0.200000,0.257736,1.003688,-0.481353,0.009284,0.497963,0.995310,10.470000,1.009765,-0.474334,-0.474334,1.013106,-0.470859,0.202289,-0.000001,0.230254,0.306493
658,real,-0.911948,0.400032,-0.911504,0.398848,-1.411700,-0.100102,0.200000,0.257776,1.003616,-0.481431,0.009391,0.494438,0.995547,10.470000,1.009765,-0.474334,-0.474334,1.009747,-0.473978,0.202289,-0.000001,0.230254,0.306493
659,real,-0.906639,0.418830,-0.910865,0.402237,-1.409678,-0.091468,0.200000,0.260798,0.998184,-0.487483,0.017522,0.496026,0.997202,5.830000,1.005132,-0.479594,-0.479594,1.009747,-0.473978,0.200263,-0.000001,0.241201,0.313501
660,real,-0.902439,0.423790,-0.909321,0.406849,-1.406453,-0.084585,0.200000,0.263207,0.993995,-0.492376,0.016954,0.499320,0.997109,8.890000,1.000678,-0.484706,-0.484706,1.009747,-0.473978,0.200263,-0.000001,0.241201,0.313501
661,real,-0.902439,0.423790,-0.907688,0.411168,-1.404656,-0.080811,0.200000,0.264528,0.991750,-0.495084,0.013689,0.514330,0.997057,8.890000,0.997107,-0.488857,-0.488857,1.009379,-0.474349,0.200263,-0.000001,0.241201,0.313501
662,real,-0.900905,0.429613,-0.906050,0.415624,-1.403007,-0.076102,0.200000,0.266176,0.989000,-0.498489,0.012589,0.486842,0.997553,7.070000,0.993864,-0.492710,-0.492710,1.009379,-0.474349,0.200121,-0.000001,0.243774,0.315395
663,real,-0.900905,0.429613,-0.904658,0.419422,-1.402073,-0.073524,0.200000,0.267078,0.987519,-0.500364,0.009942,0.499707,0.997806,7.070000,0.993864,-0.492710,-0.492710,1.009379,-0.474349,0.200121,-0.000001,0.243774,0.315395
664,real,-0.905168,0.421510,-0.904247,0.421112,-1.403484,-0.075750,0.200000,0.266299,0.988797,-0.498744,0.007879,0.503660,0.998134,6.280000,0.993864,-0.492710,-0.492710,1.000389,-0.484616,0.200121,-0.000001,0.243774,0.315395
665,real,-0.905168,0.421510,-0.904247,0.421779,-1.404248,-0.076981,0.200000,0.265868,0.989509,-0.497851,0.006738,0.494879,0.998303,6.280000,0.993864,-0.492710,-0.492710,1.000389,-0.484616,0.199822,-0.000001,0.246689,0.317466
666,real,-0.906218,0.417964,-0.904560,0.421418,-1.405141,-0.079252,0.200000,0.265073,0.990833,-0.496208,0.004628,0.499120,0.998153,7.320000,0.993864,-0.492710,-0.492710,1.000389,-0.484616,0.199822,-0.000001,0.246689,0.317466
667,real,-0.906218,0.417964,-0.904934,0.420745,-1.405628,-0.080504,0.200000,0.264635,0.991569,-0.495305,0.003465,0.501356,0.998067,7.320000,0.993864,-0.492710,-0.492710,0.993844,-0.492343,0.199822,-0.000001,0.246689,0.317466
668,real,-0.912072,0.397906,-0.906265,0.416941,-1.408738,-0.090125,0.200000,0.261268,0.997357,-0.488433,0.005522,0.591216,0.996896,11.360000,0.993864,-0.492710,-0.492710,0.993844,-0.492343,0.199935,-0.000001,0.250546,0.320542
669,real,-0.904328,0.425255,-0.906515,0.416927,-1.406980,-0.083099,0.200000,0.263727,0.993106,-0.493440,0.001052,0.509349,0.998208,4.210000,0.993864,-0.492710,-0.492710,0.993844,-0.492343,0.199935,-0.000001,0.250546,0.320542
670,real,-0.904328,0.425255,-0.906284,0.418245,-1.405855,-0.079307,0.200000,0.265054,0.990865,-0.496169,0.004578,0.501226,0.998777,4.210000,0.993864,-0.492710,-0.492710,0.993837,-0.492354,0.199935,-0.000001,0.250546,0.320542
671,real,-0.900545,0.430889,-0.905305,0.420712,-1.403488,-0.074707,0.200000,0.266664,0.988196,-0.499503,0.008846,0.511229,0.998581,6.640000,0.993864,-0.492710,-0.492710,0.993837,-0.492354,0.199951,-0.000001,0.252424,0.322022
672,real,-0.900545,0.430889,-0.904208,0.423198,-1.402170,-0.072185,0.200000,0.267547,0.986756,-0.501342,0.011181,0.489086,0.998467,6.640000,0.993864,-0.496163,-0.496163,0.993837,-0.492354,0.199951,-0.000001,0.252424,0.322022
673,real,-0.903170,0.428664,-0.903693,0.424967,-1.402737,-0.071748,0.200000,0.267700,0.986508,-0.501661,0.009184,0.495765,0.999167,2.640000,0.993864,-0.496163,-0.496163,0.993837,-0.492449,0.199951,-0.000001,0.252424,0.322022
674,real,-0.918928,0.386943,-0.906037,0.419667,-1.410390,-0.090174,0.200000,0.261251,0.997388,-0.488398,0.008527,0.505260,0.998382,8.770000,0.993864,-0.496163,-0.496163,0.993837,-0.492449,0.199913,-0.000001,0.254110,0.323322
675,real,-0.918928,0.386943,-0.908945,0.412635,-1.414344,-0.100426,0.200000,0.257663,1.003823,-0.481206,0.017969,0.492404,0.997840,8.770000,0.997848,-0.490180,-0.490180,0.993837,-0.492449,0.199913,-0.000001,0.254110,0.323322
676,real,-0.928619,0.345627,-0.913400,0.399694,-1.421675,-0.124338,0.200000,0.249293,1.019930,-0.464970,0.033514,0.578884,0.995292,15.510000,1.006681,-0.480096,-0.480096,0.993948,-0.495617,0.199913,-0.000001,0.254110,0.323322
677,real,-0.928619,0.345627,-0.917487,0.386587,-1.425077,-0.137755,0.200000,0.244597,1.029656,-0.456200,0.033149,0.567398,0.993473,15.510000,1.015871,-0.470538,-0.470538,0.993948,-0.495617,0.199909,-0.000001,0.254257,0.323435
678,real,-0.944330,0.321292,-0.923337,0.371672,-1.434200,-0.156026,0.200000,0.238202,1.043718,-0.444664,0.038012,0.577093,0.995513,8.120000,1.027010,-0.460188,-0.460188,0.993948,-0.495617,0.199909,-0.000001,0.254257,0.323435
679,real,-0.944330,0.321292,-0.928783,0.358421,-1.438899,-0.166190,0.200000,0.234645,1.051956,-0.438457,0.033085,0.585080,0.996474,8.120000,1.036988,-0.451496,-0.451496,0.998973,-0.488597,0.199909,-0.000001,0.254257,0.323435
680,real,-0.950306,0.288453,-0.934257,0.342706,-1.444421,-0.186480,0.200000,0.227544,1.069311,-0.426524,0.040846,0.686284,0.995101,13.450000,1.049918,-0.441507,-0.441507,0.998973,-0.488597,0.199992,-0.000001,0.259032,0.327252
681,real,-0.949027,0.292321,-0.938574,0.329161,-1.446593,-0.195992,0.200000,0.224214,1.077871,-0.421146,0.034582,0.502330,0.994213,13.540000,1.061099,-0.433363,-0.433363,0.998973,-0.488597,0.199992,-0.000001,0.259032,0.327252
682,real,-0.949027,0.292321,-0.941775,0.318520,-1.447718,-0.201243,0.200000,0.222377,1.082713,-0.418238,0.026381,0.504719,0.993693,13.540000,1.069745,-0.427313,-0.427313,1.028314,-0.458769,0.199992,-0.000001,0.259032,0.327252
683,real,-0.942877,0.294035,-0.943175,0.310885,-1.445776,-0.203294,0.200000,0.221659,1.084627,-0.417114,0.018042,0.505759,0.991225,18.020000,1.075698,-0.423233,-0.423233,1.028314,-0.458769,0.200013,-0.000001,0.263108,0.330501
684,real,-0.942877,0.294035,-0.943654,0.305509,-1.444543,-0.204474,0.200000,0.221246,1.085734,-0.416470,0.012102,0.544229,0.989695,18.020000,1.079712,-0.423233,-0.423233,1.028314,-0.458769,0.200013,-0.000001,0.263108,0.330501
685,real,-0.939377,0.277365,-0.943305,0.299201,-1.442658,-0.212514,0.200000,0.218432,1.093390,-0.412144,0.017608,0.487691,0.985522,23.260000,1.085183,-0.418798,-0.418798,1.061680,-0.432702,0.200013,-0.000001,0.263108,0.330501
686,real,-0.939377,0.277365,-0.942609,0.293520,-1.441315,-0.217030,0.200000,0.216851,1.097778,-0.409760,0.015502,0.486210,0.982927,23.260000,1.090221,-0.415182,-0.415182,1.061680,-0.432702,0.200010,-0.000001,0.263314,0.330663
687,real,-0.959696,0.180296,-0.945559,0.273779,-1.451039,-0.262884,0.200000,0.200802,1.145920,-0.387473,0.062211,0.760782,0.980153,24.900000,1.112501,-0.404099,-0.404099,1.061680,-0.432702,0.200010,-0.000001,0.263314,0.330663
688,real,-0.959696,0.180296,-0.948996,0.252023,-1.455379,-0.288381,0.200000,0.191878,1.175553,-0.376664,0.068762,0.500028,0.978536,24.900000,1.137722,-0.393125,-0.393125,1.080632,-0.422369,0.200010,-0.000001,0.263314,0.330663
689,real,-0.965923,0.118943,-0.953295,0.223345,-1.461279,-0.329915,0.200000,0.177341,1.228221,-0.361625,0.095825,0.589062,0.976210,26.580000,1.173921,-0.380525,-0.380525,1.080632,-0.422369,0.200008,-0.000001,0.263310,0.330659
690,real,-0.965923,0.118943,-0.956944,0.196659,-1.463720,-0.352901,0.200000,0.169296,1.259680,-0.354729,0.089555,0.567839,0.974881,26.580000,1.208225,-0.370207,-0.370207,1.080632,-0.422369,0.200008,-0.000001,0.263310,0.330659
691,real,-0.968676,-0.043649,-0.961737,0.149350,-1.470638,-0.438509,0.200000,0.139333,1.390452,-0.338495,0.184966,0.567898,0.972584,28.300000,1.281116,-0.357522,-0.357522,1.114259,-0.402914,0.200008,-0.000001,0.263310,0.330659
692,real,-0.968676,-0.043649,-0.965039,0.101995,-1.471171,-0.485948,0.200000,0.122730,1.471073,-0.336158,0.191154,0.489038,0.971273,28.300000,1.357099,-0.348976,-0.348976,1.114259,-0.402914,0.200377,-0.000001,0.264326,0.331692
693,real,-0.929427,-0.099163,-0.961820,0.053291,-1.455844,-0.537159,0.200000,0.104806,1.563192,-0.339057,0.206332,0.586634,0.956566,41.640000,1.439536,-0.345009,-0.345009,1.114259,-0.402914,0.200377,-0.000001,0.264326,0.331692
694,real,-0.929427,-0.099163,-0.955919,0.011810,-1.444959,-0.565228,0.200000,0.094982,1.615393,-0.343015,0.175869,0.609514,0.947207,41.640000,1.509879,-0.345009,-0.345009,1.181295,-0.369023,0.200377,-0.000001,0.264326,0.331692
695,real,-0.860164,-0.230722,-0.940985,-0.041637,-1.413252,-0.640894,0.200000,0.070000,1.751445,-0.360403,0.242057,0.490729,0.924056,54.110000,1.606505,-0.351166,-0.351166,1.181295,-0.369023,0.200277,-0.000001,0.261890,0.329693
696,real,-0.821324,-0.298045,-0.918614,-0.101720,-1.377068,-0.713302,0.200000,0.070000,1.751445,-0.360403,0.145234,0.494567,0.902633,58.210000,1.664481,-0.354861,-0.354861,1.181295,-0.369023,0.200277,-0.000001,0.261890,0.329693
697,real,-0.821324,-0.298045,-0.895787,-0.154367,-1.353393,-0.752141,0.200000,0.070000,1.751445,-0.360403,0.087140,0.505614,0.889863,58.210000,1.699267,-0.354861,-0.354861,1.217032,-0.345086,0.200277,-0.000001,0.261890,0.329693
698,real,-0.831711,-0.307247,-0.877665,-0.197354,-1.344010,-0.777187,0.200000,0.070000,1.751445,-0.360403,0.052472,0.600394,0.888361,55.090000,1.720138,-0.354861,-0.354861,1.217032,-0.345086,0.200255,-0.000001,0.247395,0.318286
699,real,-0.831711,-0.307247,-0.863987,-0.230058,-1.338585,-0.790794,0.200000,0.070000,1.751445,-0.360403,0.031794,0.497348,0.887573,55.090000,1.732661,-0.354861,-0.354861,1.217032,-0.345086,0.200255,-0.000001,0.247395,0.318286
700,real,-0.851997,-0.302210,-0.857264,-0.253134,-1.344777,-0.795991,0.200000,0.070000,1.751445,-0.360403,0.019585,0.494016,0.895131,50.620000,1.740175,-0.354861,-0.354861,1.282665,-0.354565,0.200255,-0.000001,0.247395,0.318286
701,real,-0.851997,-0.302210,-0.854047,-0.269120,-1.348074,-0.798808,0.200000,0.070000,1.751445,-0.360403,0.012559,0.505121,0.899175,50.620000,1.744683,-0.354861,-0.354861,1.282665,-0.354565,0.200232,-0.000001,0.232040,0.306488
702,real,-0.860423,-0.291990,-0.853926,-0.278445,-1.353700,-0.795761,0.200000,0.070000,1.751445,-0.360403,0.008743,0.504114,0.903482,49.370000,1.744683,-0.354861,-0.354861,1.282665,-0.354565,0.200232,-0.000001,0.232040,0.306488
703,real,-0.860423,-0.291990,-0.854913,-0.283914,-1.356747,-0.794071,0.200000,0.070000,1.751445,-0.360403,0.008743,0.499641,0.905810,49.370000,1.744683,-0.354861,-0.354861,1.319028,-0.354607,0.200232,-0.000001,0.232040,0.306488
704,real,-0.862506,-0.296395,-0.856470,-0.287838,-1.359363,-0.795125,0.200000,0.070000,1.751445,-0.360403,0.008743,0.484814,0.908627,48.430000,1.744683,-0.354861,-0.354861,1.319028,-0.354607,0.200511,-0.000001,0.224815,0.301242
705,real,-0.853811,-0.291992,-0.856616,-0.289898,-1.356888,-0.793723,0.200000,0.070000,1.751445,-0.360403,0.008743,0.495960,0.905831,51.060000,1.744683,-0.354861,-0.354861,1.319028,-0.354607,0.200511,-0.000001,0.224815,0.301242
706,real,-0.853811,-0.291992,-0.856229,-0.290965,-1.355510,-0.792946,0.200000,0.070000,1.751445,-0.360403,0.008743,0.500128,0.904276,51.060000,1.744683,-0.354861,-0.354861,1.384108,-0.354599,0.200511,-0.000001,0.224815,0.301242
707,real,-0.886710,-0.262487,-0.861055,-0.286913,-1.370018,-0.779389,0.200000,0.070000,1.751445,-0.360403,0.008743,0.507064,0.913778,44.740000,1.744683,-0.354861,-0.354861,1.384108,-0.354599,0.200362,-0.000001,0.213058,0.292470
708,real,-0.886710,-0.262487,-0.866872,-0.281632,-1.377675,-0.771825,0.200000,0.070000,1.751445,-0.360403,0.008743,0.531275,0.918804,44.740000,1.744683,-0.354861,-0.354861,1.384108,-0.354599,0.200362,-0.000001,0.213058,0.292470
709,real,-0.885227,-0.277837,-0.871864,-0.279154,-1.381135,-0.774550,0.200000,0.070000,1.751445,-0.360403,0.008743,0.514468,0.922918,43.810000,1.744683,-0.354861,-0.354861,1.420746,-0.354638,0.200362,-0.000001,0.213058,0.292470
710,real,-0.894120,-0.250989,-0.877195,-0.273843,-1.387094,-0.763980,0.200000,0.070000,1.751445,-0.360403,0.008743,0.487338,0.925539,43.540000,1.744683,-0.354861,-0.354861,1.420746,-0.354638,0.199063,-0.000001,0.190082,0.275240
711,real,-0.882495,-0.256806,-0.879947,-0.269264,-1.385059,-0.760761,0.200000,0.070000,1.751445,-0.360403,0.008743,0.496044,0.922673,46.410000,1.744683,-0.354861,-0.354861,1.420746,-0.354638,0.199063,-0.000001,0.190082,0.275240
712,real,-0.882495,-0.256806,-0.881336,-0.265666,-1.383915,-0.758984,0.200000,0.070000,1.751445,-0.360403,0.008743,0.494415,0.921075,46.410000,1.744683,-0.354861,-0.354861,1.485170,-0.354657,0.199063,-0.000001,0.190082,0.275240
713,real,-0.863637,-0.285370,-0.879120,-0.267507,-1.375004,-0.770925,0.200000,0.070000,1.751445,-0.360403,0.008743,0.502807,0.915987,49.110000,1.744683,-0.354861,-0.354861,1.485170,-0.354657,0.195618,-0.000001,0.176159,0.263246
714,real,-0.867127,-0.262710,-0.876462,-0.267416,-1.371525,-0.767248,0.200000,0.070000,1.751445,-0.360403,0.008743,0.501658,0.911580,50.070000,1.744683,-0.354861,-0.354861,1.485170,-0.354657,0.195618,-0.000001,0.176159,0.263246
715,real,-0.867127,-0.262710,-0.874048,-0.266645,-1.369566,-0.765212,0.200000,0.070000,1.751445,-0.360403,0.008743,0.505935,0.909111,50.070000,1.744683,-0.354861,-0.354861,1.487040,-0.376526,0.195618,-0.000001,0.176159,0.263246
716,real,-0.856640,-0.266650,-0.870474,-0.266379,-1.363835,-0.765885,0.200000,0.070000,1.751445,-0.360403,0.008743,0.500834,0.903828,52.420000,1.744683,-0.354861,-0.354861,1.487040,-0.376526,0.200692,-0.000001,0.165592,0.260189
717,real,-0.856640,-0.266650,-0.867026,-0.266329,-1.360623,-0.766237,0.200000,0.070000,1.751445,-0.360403,0.008743,0.497846,0.900863,52.420000,1.744683,-0.354861,-0.354861,1.487040,-0.376526,0.200692,-0.000001,0.165592,0.260189
718,real,-0.914790,-0.176658,-0.874004,-0.252363,-1.386965,-0.726425,0.200000,0.070000,1.751445,-0.360403,0.008743,0.490804,0.915410,42.600000,1.744683,-0.354861,-0.354861,1.491064,-0.396027,0.200692,-0.000001,0.165592,0.260189
719,real,-0.911967,-0.169270,-0.882698,-0.234319,-1.398843,-0.700810,0.200000,0.070000,1.751445,-0.360403,0.008743,0.490285,0.921001,43.890000,1.744683,-0.354861,-0.354861,1.491064,-0.396027,0.202262,-0.000001,0.158250,0.256813
720,real,-0.932719,-0.125446,-0.894109,-0.210785,-1.415302,-0.667079,0.200000,0.070000,1.751445,-0.360403,0.008743,0.502778,0.930426,39.520000,1.744683,-0.354861,-0.354861,1.491064,-0.396027,0.202262,-0.000001,0.158250,0.256813
721,real,-0.932719,-0.125446,-0.904401,-0.188942,-1.423515,-0.648378,0.200000,0.070000,1.751445,-0.360403,0.008743,0.498874,0.935359,39.520000,1.744683,-0.354861,-0.354861,1.497453,-0.381050,0.202262,-0.000001,0.158250,0.256813
722,real,-0.909446,-0.151210,-0.908926,-0.175200,-1.417330,-0.649678,0.200000,0.070000,1.751445,-0.360403,0.008743,0.493650,0.929461,45.580000,1.744683,-0.354861,-0.354861,1.497453,-0.381050,0.204065,-0.000001,0.145569,0.250665
723,real,-0.917482,-0.130332,-0.911911,-0.163222,-1.417454,-0.640976,0.200000,0.070000,1.751445,-0.360403,0.008743,0.758498,0.928222,44.150000,1.744683,-0.354861,-0.354861,1.497453,-0.381050,0.204065,-0.000001,0.145569,0.250665
724,real,-0.917482,-0.130332,-0.913862,-0.153759,-1.417484,-0.636187,0.200000,0.070146,1.750641,-0.360272,0.008048,0.507537,0.927536,44.150000,1.744683,-0.354861,-0.354861,1.500393,-0.384970,0.204065,-0.000001,0.145569,0.250665
725,real,-0.925163,-0.118598,-0.916363,-0.144842,-1.421008,-0.628280,0.200000,0.072914,1.735428,-0.357848,0.009725,0.505480,0.929899,42.270000,1.740981,-0.354861,-0.354861,1.500393,-0.384970,0.204787,-0.000001,0.137655,0.246752
726,real,-0.964711,-0.083299,-0.925614,-0.132044,-1.442795,-0.608278,0.200000,0.079914,1.697058,-0.352270,0.043999,0.508489,0.948993,28.930000,1.723412,-0.354861,-0.354861,1.500393,-0.384970,0.204787,-0.000001,0.137655,0.246752
727,real,-0.964711,-0.083299,-0.935311,-0.119810,-1.453318,-0.597089,0.200000,0.083831,1.675688,-0.349499,0.048024,0.497174,0.958249,28.930000,1.704322,-0.354861,-0.354861,1.492788,-0.397010,0.204787,-0.000001,0.137655,0.246752
728,real,-0.936948,-0.112803,-0.939136,-0.114347,-1.446241,-0.604200,0.200000,0.081342,1.689261,-0.351231,0.015493,0.607905,0.951961,38.630000,1.698298,-0.354861,-0.354861,1.492788,-0.397010,0.205305,-0.000001,0.124736,0.240228
729,real,-0.936948,-0.112803,-0.940190,-0.112155,-1.442146,-0.608085,0.200000,0.079982,1.696687,-0.352220,0.003094,0.508575,0.948325,38.630000,1.698298,-0.354861,-0.354861,1.492788,-0.397010,0.205305,-0.000001,0.124736,0.240228
730,real,-0.936948,-0.112803,-0.940065,-0.111475,-1.439833,-0.610212,0.200000,0.079238,1.700758,-0.352774,0.003226,0.514773,0.946273,38.630000,1.698298,-0.354861,-0.354861,1.519326,-0.404101,0.205305,-0.000001,0.124736,0.240228
731,real,-0.964521,-0.081671,-0.944151,-0.106565,-1.451741,-0.597446,0.200000,0.083705,1.676370,-0.349584,0.022553,0.507169,0.956716,29.080000,1.689527,-0.354861,-0.354861,1.519326,-0.404101,0.205355,0.000337,0.117636,0.236662
732,real,-0.964521,-0.081671,-0.948906,-0.100895,-1.457737,-0.590366,0.200000,0.086184,1.662892,-0.347957,0.027515,0.515977,0.961991,29.080000,1.678873,-0.354861,-0.354861,1.519326,-0.404101,0.205355,0.000337,0.117636,0.236662
733,real,-0.964521,-0.081671,-0.953092,-0.095842,-1.460865,-0.586458,0.200000,0.087551,1.655470,-0.347103,0.024655,0.495806,0.964747,29.080000,1.669512,-0.354861,-0.354861,1.475195,-0.410232,0.205355,0.000337,0.117636,0.236662
734,real,-0.968290,-0.072891,-0.957017,-0.090423,-1.464308,-0.580359,0.200000,0.089686,1.643914,-0.345833,0.027144,0.574335,0.967650,27.650000,1.659273,-0.351250,-0.351250,1.475195,-0.410232,0.204456,-0.001175,0.107617,0.231049
735,real,-0.968290,-0.072891,-0.960207,-0.085725,-1.466131,-0.577000,0.200000,0.090862,1.637563,-0.345166,0.022546,0.570136,0.969194,27.650000,1.650589,-0.351250,-0.351250,1.475195,-0.410232,0.204456,-0.001175,0.107617,0.231049
736,real,-0.938448,-0.138411,-0.958326,-0.092390,-1.454832,-0.604766,0.200000,0.081144,1.690342,-0.351373,0.039753,0.506378,0.960562,36.900000,1.666490,-0.351250,-0.351250,1.495649,-0.419062,0.204456,-0.001175,0.107617,0.231049
737,real,-0.938448,-0.138411,-0.954642,-0.102040,-1.447802,-0.619962,0.200000,0.075825,1.719448,-0.355432,0.053123,0.496552,0.955363,36.900000,1.687673,-0.351250,-0.351250,1.495649,-0.419062,0.210578,-0.000941,0.110882,0.237987
738,real,-0.926848,-0.158762,-0.949113,-0.114452,-1.438845,-0.637502,0.200000,0.070000,1.751445,-0.360403,0.064426,0.506629,0.948861,39.780000,1.713182,-0.354911,-0.354911,1.495649,-0.419062,0.210578,-0.000941,0.110882,0.237987
739,real,-0.926848,-0.158762,-0.943679,-0.125878,-1.433587,-0.647098,0.200000,0.070000,1.751445,-0.360403,0.038655,0.494166,0.945104,39.780000,1.728487,-0.354911,-0.354911,1.483468,-0.375524,0.210578,-0.000941,0.110882,0.237987
740,real,-0.896448,-0.308672,-0.935519,-0.159057,-1.420366,-0.720676,0.200000,0.070000,1.751445,-0.360403,0.023606,0.503503,0.946452,37.080000,1.737670,-0.354911,-0.354911,1.483468,-0.375524,0.210320,-0.000705,0.111414,0.238008
741,real,-0.896448,-0.308672,-0.926807,-0.194620,-1.410626,-0.760666,0.200000,0.070000,1.751445,-0.360403,0.014829,0.504652,0.947199,37.080000,1.743180,-0.354911,-0.354911,1.483468,-0.375524,0.210320,-0.000705,0.111414,0.238008
742,real,-0.896953,-0.106241,-0.920543,-0.193697,-1.408910,-0.691981,0.200000,0.070000,1.751445,-0.360403,0.009923,0.490345,0.928964,50.830000,1.746486,-0.354911,-0.354911,1.509308,-0.390065,0.210320,-0.000705,0.111414,0.238008
743,real,-0.896953,-0.106241,-0.915049,-0.179621,-1.404845,-0.653480,0.200000,0.070000,1.751445,-0.360403,0.007400,0.501624,0.917769,50.830000,1.746486,-0.354911,-0.354911,1.509308,-0.390065,0.211629,-0.001879,0.111406,0.239161
744,real,-0.913891,-0.069598,-0.913228,-0.157263,-1.409846,-0.615742,0.200000,0.077302,1.711353,-0.354258,0.035140,0.499539,0.917179,47.150000,1.732433,-0.354911,-0.354911,1.509308,-0.390065,0.211629,-0.001879,0.111406,0.239161
745,real,-0.913891,-0.069598,-0.912780,-0.135458,-1.411948,-0.594962,0.200000,0.084575,1.671636,-0.349001,0.061083,0.506061,0.916878,47.150000,1.708114,-0.354911,-0.354911,1.500979,-0.374618,0.211629,-0.001879,0.111406,0.239161
746,real,-0.932764,-0.036730,-0.916011,-0.112118,-1.422012,-0.568773,0.200000,0.093741,1.622055,-0.343632,0.086795,0.577685,0.924573,42.030000,1.673690,-0.350400,-0.350400,1.500979,-0.374618,0.204758,0.000819,0.107410,0.231220
747,real,-0.932764,-0.036730,-0.919879,-0.091899,-1.427064,-0.554349,0.200000,0.098789,1.595044,-0.341284,0.079173,0.615237,0.928656,42.030000,1.642232,-0.346753,-0.346753,1.500979,-0.374618,0.204758,0.000819,0.107410,0.231220
748,real,-0.932764,-0.036730,-0.923314,-0.075981,-1.429694,-0.546418,0.200000,0.101565,1.580298,-0.340179,0.062282,0.589854,0.930852,42.030000,1.617458,-0.346753,-0.346753,1.554192,-0.385244,0.204758,0.000819,0.107410,0.231220
749,real,-0.937662,-0.009165,-0.926883,-0.059766,-1.433510,-0.529654,0.200000,0.107433,1.549416,-0.338281,0.068568,0.623803,0.933981,40.660000,1.590241,-0.343364,-0.343364,1.554192,-0.385244,0.212000,0.000931,0.108589,0.238192
750,real,-0.937662,-0.009165,-0.929881,-0.045999,-1.435449,-0.520432,0.200000,0.110661,1.532608,-0.337492,0.057932,0.597826,0.935672,40.660000,1.567188,-0.343364,-0.343364,1.554192,-0.385244,0.212000,0.000931,0.108589,0.238192
751,real,-0.950558,0.041419,-0.934478,-0.027304,-1.443016,-0.492586,0.200000,0.120407,1.482743,-0.336216,0.084747,0.488442,0.943045,35.850000,1.533410,-0.343364,-0.343364,1.540701,-0.361690,0.212000,0.000931,0.108589,0.238192
752,real,-0.957905,0.103808,-0.940419,0.000070,-1.451453,-0.449090,0.200000,0.135630,1.407982,-0.337556,0.125563,0.566567,0.952814,31.050000,1.483239,-0.343364,-0.343364,1.540701,-0.361690,0.206549,-0.000302,0.103595,0.231072
753,real,-0.957905,0.103808,-0.945483,0.026221,-1.454886,-0.425213,0.200000,0.143987,1.368822,-0.340012,0.114465,0.584703,0.957810,31.050000,1.437472,-0.343364,-0.343364,1.540701,-0.361690,0.206549,-0.000302,0.103595,0.231072
754,real,-0.957905,0.103808,-0.949305,0.047800,-1.456404,-0.412126,0.200000,0.148568,1.347982,-0.341872,0.089503,0.568428,0.960433,31.050000,1.401676,-0.343364,-0.343364,1.478084,-0.430881,0.206549,-0.000302,0.103595,0.231072
755,real,-0.956861,0.198853,-0.952593,0.079422,-1.458700,-0.361851,0.200000,0.166164,1.272366,-0.352327,0.129620,0.576062,0.968603,24.460000,1.349952,-0.346950,-0.346950,1.478084,-0.430881,0.205744,0.000699,0.110624,0.233598
756,real,-0.948961,0.279024,-0.954492,0.122473,-1.458019,-0.297575,0.200000,0.188661,1.186743,-0.373056,0.165284,0.585779,0.979171,16.910000,1.284668,-0.357392,-0.357392,1.478084,-0.430881,0.205744,0.000699,0.110624,0.233598
757,real,-0.948961,0.279024,-0.954686,0.162654,-1.455045,-0.262725,0.200000,0.200858,1.145741,-0.387544,0.142161,0.492233,0.984078,16.910000,1.229098,-0.369453,-0.369453,1.438390,-0.343691,0.205744,0.000699,0.110624,0.233598
758,real,-0.934805,0.350160,-0.952747,0.206936,-1.449148,-0.210826,0.200000,0.219023,1.091766,-0.413044,0.144083,0.591119,0.992221,6.810000,1.174165,-0.386889,-0.386889,1.438390,-0.343691,0.201312,-0.000221,0.104851,0.226980
759,real,-0.934805,0.350160,-0.949560,0.245468,-1.443639,-0.182972,0.200000,0.228772,1.066223,-0.428542,0.115700,0.574238,0.995471,6.810000,1.130988,-0.403551,-0.403551,1.438390,-0.343691,0.201312,-0.000221,0.104851,0.226980
760,real,-0.917343,0.369607,-0.943593,0.278908,-1.432513,-0.158989,0.200000,0.237166,1.046089,-0.442839,0.093550,0.568214,0.992909,17.010000,1.097029,-0.419266,-0.419266,1.377026,-0.358625,0.201312,-0.000221,0.104851,0.226980
761,real,-0.917343,0.369607,-0.937399,0.305185,-1.425895,-0.146015,0.200000,0.241706,1.035895,-0.450926,0.068845,0.576110,0.991255,17.010000,1.072575,-0.431930,-0.431930,1.377026,-0.358625,0.208235,-0.001000,0.109197,0.235129
762,real,-0.890311,0.442148,-0.928146,0.336331,-1.410962,-0.105825,0.200000,0.255773,1.007325,-0.477474,0.079573,0.502937,0.992585,12.500000,1.046475,-0.450147,-0.450147,1.377026,-0.358625,0.208235,-0.001000,0.109197,0.235129
763,real,-0.890311,0.442148,-0.918990,0.364195,-1.401985,-0.084059,0.200000,0.263391,0.993680,-0.492752,0.067842,0.508061,0.993269,12.500000,1.025357,-0.467189,-0.467189,1.336233,-0.405065,0.208235,-0.001000,0.109197,0.235129
764,real,-0.884379,0.441610,-0.910349,0.386394,-1.394304,-0.072379,0.200000,0.267479,0.986866,-0.501200,0.051364,0.486730,0.991281,17.390000,1.009961,-0.480794,-0.480794,1.336233,-0.405065,0.208035,-0.000999,0.104199,0.232671
765,real,-0.854740,0.293560,-0.902698,0.381455,-1.388488,-0.127717,0.200000,0.248111,1.022332,-0.462738,0.021888,0.574575,0.963331,50.690000,1.014909,-0.473571,-0.473571,1.336233,-0.405065,0.208035,-0.000999,0.104199,0.232671
766,real,-0.854740,0.293560,-0.893624,0.366233,-1.376773,-0.162036,0.200000,0.236099,1.048553,-0.440975,0.046845,0.565390,0.939654,50.690000,1.028367,-0.460533,-0.460533,1.275779,-0.450533,0.208035,-0.000999,0.104199,0.232671
767,real,-0.881950,0.471313,-0.893998,0.379949,-1.394692,-0.094579,0.200000,0.259709,1.000118,-0.485292,0.037563,0.488257,0.982263,0.600000,1.017068,-0.470436,-0.470436,1.275779,-0.450533,0.209933,-0.000527,0.105916,0.235138
768,real,-0.881950,0.471313,-0.893837,0.400178,-1.393538,-0.062253,0.200000,0.271023,0.981239,-0.508661,0.052390,0.488129,0.995004,0.600000,1.002736,-0.485726,-0.485726,1.275779,-0.450533,0.209933,-0.000527,0.105916,0.235138
769,real,-0.902529,0.429905,-0.895386,0.412188,-1.398264,-0.065509,0.200000,0.269884,0.983020,-0.506248,0.028458,0.496688,0.997828,2.860000,0.994850,-0.493935,-0.493935,1.234042,-0.473693,0.209933,-0.000527,0.105916,0.235138
770,real,-0.902529,0.429905,-0.897136,0.419299,-1.400386,-0.067493,0.200000,0.269189,0.984119,-0.504784,0.015259,0.488532,0.998877,2.860000,0.990558,-0.498275,-0.498275,1.234042,-0.473693,0.209868,0.000981,0.112226,0.237990
771,real,-0.948556,-0.005546,-0.917381,0.357622,-1.454979,-0.256922,0.200000,0.202889,1.139287,-0.390167,0.183869,0.490803,0.985430,36.910000,1.050050,-0.455032,-0.455032,1.234042,-0.473693,0.209868,0.000981,0.112226,0.237990
772,real,-0.948556,-0.005546,-0.933001,0.278018,-1.462008,-0.369818,0.200000,0.163376,1.283859,-0.350325,0.256184,0.573051,0.970777,36.910000,1.143573,-0.413149,-0.413149,1.174620,-0.484536,0.209868,0.000981,0.112226,0.237990
773,real,-0.540938,-0.331422,-0.906511,0.149067,-1.357315,-0.590413,0.200000,0.086167,1.662982,-0.347968,0.523483,0.482549,0.862070,101.250000,1.351337,-0.387076,-0.387076,1.174620,-0.484536,0.204333,0.001275,0.133429,0.244040
774,real,-0.540938,-0.331422,-0.843474,0.022471,-1.226405,-0.712636,0.200000,0.070000,1.751445,-0.360403,0.400996,0.496974,0.756888,101.250000,1.511380,-0.376407,-0.376407,1.174620,-0.484536,0.204333,0.001275,0.133429,0.244040
775,real,-0.221305,-0.177077,-0.727400,-0.057418,-1.011834,-0.705784,0.200000,0.070000,1.751445,-0.360403,0.240598,0.488008,0.551653,147.070000,1.607406,-0.370006,-0.370006,1.139733,-0.451897,0.204333,0.001275,0.133429,0.244040
776,real,-0.221305,-0.177077,-0.605276,-0.105423,-0.878473,-0.694575,0.200000,0.070000,1.751445,-0.360403,0.144359,0.488682,0.425560,147.070000,1.665022,-0.366165,-0.366165,1.139733,-0.451897,0.183186,0.003245,0.133309,0.226558
777,real,-0.148036,-0.144892,-0.489174,-0.129093,-0.773555,-0.673053,0.200000,0.070000,1.751445,-0.360403,0.086615,0.497621,0.323697,156.090000,1.699591,-0.366165,-0.366165,1.139733,-0.451897,0.183186,0.003245,0.133309,0.226558
778,real,-0.148036,-0.144892,-0.393633,-0.140078,-0.716199,-0.660477,0.200000,0.070000,1.751445,-0.360403,0.052173,0.521391,0.269249,156.090000,1.720333,-0.366165,-0.366165,1.269697,-0.385180,0.183186,0.003245,0.133309,0.226558
779,real,0.015366,0.024968,-0.295340,-0.118139,-0.612796,-0.577394,0.200000,0.090724,1.638307,-0.345243,0.084652,0.573452,0.136795,176.640000,1.687523,-0.357796,-0.357796,1.269697,-0.385180,0.213044,0.000002,0.162408,0.267889
780,real,0.015366,0.024968,-0.210974,-0.087497,-0.554293,-0.530590,0.200000,0.107105,1.551130,-0.338371,0.137769,0.579293,0.062318,176.640000,1.632965,-0.350026,-0.350026,1.269697,-0.385180,0.213044,0.000002,0.162408,0.267889
781,real,0.047349,0.057123,-0.139904,-0.053557,-0.507916,-0.490527,0.200000,0.121127,1.479113,-0.336188,0.154473,0.478873,0.012345,171.490000,1.571425,-0.344491,-0.344491,1.244787,-0.365234,0.213044,0.000002,0.162408,0.267889
782,real,0.047349,0.057123,-0.084918,-0.023914,-0.482803,-0.468861,0.200000,0.128710,1.441449,-0.336443,0.130225,0.488375,0.035572,171.490000,1.519434,-0.341272,-0.341272,1.244787,-0.365234,0.213324,0.000278,0.180306,0.279316
783,real,0.047349,0.057123,-0.044400,-0.000527,-0.469153,-0.457094,0.200000,0.132829,1.421421,-0.337004,0.098106,0.513263,0.052844,171.490000,1.480229,-0.341272,-0.341272,1.244787,-0.365234,0.213324,0.000278,0.180306,0.279316
784,real,0.031562,0.041748,-0.017949,0.014494,-0.468825,-0.457610,0.200000,0.132648,1.422293,-0.336974,0.058095,0.492076,0.052619,174.000000,1.457055,-0.341272,-0.341272,1.369315,-0.349562,0.213324,0.000278,0.180306,0.279316
785,real,0.031562,0.041748,-0.000694,0.024157,-0.468649,-0.457898,0.200000,0.132547,1.422779,-0.336957,0.034546,0.488234,0.052493,174.000000,1.443344,-0.341272,-0.341272,1.369315,-0.349562,0.223650,-0.000000,0.204415,0.302993
786,real,0.036304,0.049730,0.011304,0.031642,-0.466415,-0.454457,0.200000,0.133752,1.416976,-0.337171,0.026685,0.501177,0.056587,172.940000,1.432797,-0.341272,-0.341272,1.369315,-0.349562,0.223650,-0.000000,0.204415,0.302993
787,real,0.036304,0.049730,0.019531,0.037168,-0.465190,-0.452570,0.200000,0.134412,1.413806,-0.337299,0.019402,0.520789,0.058833,172.940000,1.425201,-0.341272,-0.341272,1.347032,-0.341038,0.223650,-0.000000,0.204415,0.302993
788,real,0.015954,0.012320,0.021996,0.035334,-0.473426,-0.468073,0.200000,0.128986,1.440097,-0.336472,0.015650,0.625636,0.041540,177.690000,1.431159,-0.341272,-0.341272,1.347032,-0.341038,0.221079,-0.000001,0.221874,0.313216
789,real,0.015954,0.012320,0.021939,0.031060,-0.478168,-0.476878,0.200000,0.125905,1.455269,-0.336231,0.024631,0.495061,0.031801,177.690000,1.440803,-0.341272,-0.341272,1.347032,-0.341038,0.221079,-0.000001,0.221874,0.313216
790,real,0.011825,0.009101,0.020324,0.026069,-0.482676,-0.483200,0.200000,0.123691,1.466267,-0.336161,0.025972,0.483710,0.024132,178.290000,1.450989,-0.341272,-0.341272,1.432830,-0.341028,0.221079,-0.000001,0.221874,0.313216
791,real,0.011825,0.009101,0.018406,0.021610,-0.485154,-0.486671,0.200000,0.122477,1.472340,-0.336160,0.021954,0.488446,0.019951,178.290000,1.459529,-0.341272,-0.341272,1.432830,-0.341028,0.211878,-0.000001,0.222737,0.307415
792,real,0.030662,0.022805,0.019658,0.020208,-0.478018,-0.482395,0.200000,0.123974,1.464861,-0.336166,0.007383,0.505254,0.028163,175.620000,1.459529,-0.341272,-0.341272,1.432830,-0.341028,0.211878,-0.000001,0.222737,0.307415
793,real,0.030662,0.022805,0.021841,0.020118,-0.474105,-0.480051,0.200000,0.124794,1.460778,-0.336185,0.005237,0.493318,0.032688,175.620000,1.459529,-0.341272,-0.341272,1.441419,-0.341058,0.211878,-0.000001,0.222737,0.307415
794,real,0.037237,0.033212,0.025055,0.022156,-0.468975,-0.474059,0.200000,0.126891,1.450394,-0.336290,0.010405,0.518062,0.040441,174.280000,1.455875,-0.341272,-0.341272,1.441419,-0.341058,0.208082,-0.000001,0.176154,0.272632
795,real,0.037237,0.033212,0.028127,0.024629,-0.466170,-0.470778,0.200000,0.128039,1.444741,-0.336380,0.012162,0.583302,0.044704,174.280000,1.451421,-0.341272,-0.341272,1.441419,-0.341058,0.208082,-0.000001,0.176154,0.272632
796,real,0.034381,0.030520,0.030210,0.026442,-0.465920,-0.470192,0.200000,0.128244,1.443733,-0.336398,0.009102,0.504434,0.045277,174.730000,1.451421,-0.341272,-0.341272,1.459386,-0.341064,0.208082,-0.000001,0.176154,0.272632
797,real,0.037128,0.033202,0.032045,0.028155,-0.464547,-0.468663,0.200000,0.128780,1.441109,-0.336450,0.011384,0.490391,0.047317,174.290000,1.447296,-0.341272,-0.341272,1.459386,-0.341064,0.201690,-0.000001,0.176225,0.267832
798,real,0.037128,0.033202,0.033502,0.029563,-0.463792,-0.467823,0.200000,0.129074,1.439670,-0.336481,0.009007,0.512354,0.048439,174.290000,1.447296,-0.341272,-0.341272,1.459386,-0.341064,0.201690,-0.000001,0.176225,0.267832
799,real,0.021466,0.015878,0.032138,0.027919,-0.470397,-0.475133,0.200000,0.126515,1.452250,-0.336266,0.007043,0.494373,0.038662,176.940000,1.447296,-0.341272,-0.341272,1.451382,-0.341037,0.201690,-0.000001,0.176225,0.267832
800,real,0.019022,0.014194,0.029585,0.025171,-0.475154,-0.479933,0.200000,0.124835,1.460574,-0.336187,0.014218,0.487453,0.031937,177.280000,1.452607,-0.341272,-0.341272,1.451382,-0.341037,0.202664,-0.000001,0.146237,0.249915
801,real,0.019022,0.014194,0.027009,0.022459,-0.477774,-0.482576,0.200000,0.123910,1.465177,-0.336164,0.013568,0.493655,0.028241,177.280000,1.457635,-0.341272,-0.341272,1.451382,-0.341037,0.202664,-0.000001,0.146237,0.249915
802,real,0.028593,0.020762,0.026339,0.021224,-0.474906,-0.481071,0.200000,0.124437,1.462555,-0.336175,0.007084,0.486853,0.031432,175.950000,1.457635,-0.341272,-0.341272,1.447827,-0.341036,0.202664,-0.000001,0.146237,0.249915
803,real,0.028593,0.020762,0.026455,0.020709,-0.473331,-0.480246,0.200000,0.124726,1.461117,-0.336183,0.006166,0.491501,0.033189,175.950000,1.457635,-0.341272,-0.341272,1.447827,-0.341036,0.199779,-0.000001,0.149099,0.249284
804,real,0.028593,0.020762,0.026833,0.020534,-0.472465,-0.479792,0.200000,0.124885,1.460328,-0.336188,0.005753,0.582121,0.034155,175.950000,1.457635,-0.341272,-0.341272,1.447827,-0.341036,0.199779,-0.000001,0.149099,0.249284
805,real,0.018258,0.013759,0.025618,0.019404,-0.476639,-0.482694,0.200000,0.123869,1.465383,-0.336164,0.009280,0.500116,0.029073,177.380000,1.457635,-0.341272,-0.341272,1.457729,-0.341064,0.199779,-0.000001,0.149099,0.249284
806,real,0.018258,0.013759,0.024024,0.018111,-0.478935,-0.484290,0.200000,0.123310,1.468171,-0.336158,0.011711,0.491094,0.026278,177.380000,1.461849,-0.341272,-0.341272,1.457729,-0.341064,0.201269,-0.000001,0.131590,0.240468
807,real,0.018258,0.013759,0.022546,0.016963,-0.480198,-0.485168,0.200000,0.123003,1.469707,-0.336157,0.009375,0.496634,0.024741,177.380000,1.461849,-0.341272,-0.341272,1.457729,-0.341064,0.201269,-0.000001,0.131590,0.240468
808,real,0.070674,0.054633,0.029607,0.022492,-0.457282,-0.467239,0.200000,0.129278,1.438670,-0.336503,0.023665,0.489261,0.053834,169.750000,1.452578,-0.341272,-0.341272,1.457922,-0.341037,0.201269,-0.000001,0.131590,0.240468
809,real,0.070674,0.054633,0.038603,0.029535,-0.444688,-0.457387,0.200000,0.132726,1.421915,-0.336987,0.030961,0.490720,0.069823,169.750000,1.440312,-0.341272,-0.341272,1.457922,-0.341037,0.201338,-0.000001,0.129803,0.239553
810,real,0.084004,0.061179,0.048977,0.037041,-0.431758,-0.449019,0.200000,0.135655,1.407862,-0.337561,0.032661,0.580344,0.085182,168.070000,1.427332,-0.341272,-0.341272,1.457922,-0.341037,0.201338,-0.000001,0.129803,0.239553
811,real,0.084004,0.061179,0.058204,0.043528,-0.424658,-0.444425,0.200000,0.137263,1.400219,-0.337940,0.027317,0.586828,0.093621,168.070000,1.416487,-0.341272,-0.341272,1.460989,-0.341066,0.201338,-0.000001,0.129803,0.239553
812,real,0.084004,0.061179,0.065568,0.048627,-0.420758,-0.441902,0.200000,0.138146,1.396043,-0.338168,0.020679,0.579468,0.098258,168.070000,1.408309,-0.341272,-0.341272,1.460989,-0.341066,0.201430,-0.000001,0.126041,0.237614
813,real,0.151610,0.091007,0.081825,0.057173,-0.387982,-0.426957,0.211045,0.143377,1.412549,-0.378416,0.037385,0.568268,0.133729,159.630000,1.408309,-0.356130,-0.356130,1.460989,-0.341066,0.201430,-0.000001,0.126041,0.237614
814,real,0.151610,0.091007,0.098661,0.065576,-0.370074,-0.418819,0.217313,0.146225,1.422749,-0.401387,0.047505,0.570341,0.153203,159.630000,1.414085,-0.374232,-0.374232,1.426937,-0.341470,0.201430,-0.000001,0.126041,0.237614
815,real,0.151610,0.091007,0.113030,0.072591,-0.360284,-0.414379,0.220739,0.147779,1.428414,-0.413993,0.042264,0.579693,0.163864,159.630000,1.419817,-0.390137,-0.390137,1.426937,-0.341470,0.201399,-0.000001,0.127649,0.238445
816,real,0.042712,0.030545,0.107153,0.068516,-0.403762,-0.439052,0.205522,0.139144,1.411585,-0.357774,0.033393,0.655810,0.113914,173.980000,1.416524,-0.377192,-0.377192,1.426937,-0.341470,0.201399,-0.000001,0.127649,0.238445
817,real,0.042712,0.030545,0.094906,0.061082,-0.427839,-0.452724,0.200000,0.134358,1.414063,-0.337288,0.039979,0.496915,0.086269,173.980000,1.416524,-0.361230,-0.361230,1.408654,-0.356475,0.201399,-0.000001,0.127649,0.238445
818,real,0.041000,0.038266,0.082090,0.054873,-0.441709,-0.456658,0.200000,0.132981,1.420684,-0.337031,0.024554,0.593908,0.072638,173.570000,1.416524,-0.351551,-0.351551,1.408654,-0.356475,0.201378,-0.000001,0.128483,0.238875
819,real,0.041000,0.038266,0.071047,0.050049,-0.449464,-0.458911,0.200000,0.132193,1.424493,-0.336898,0.016679,0.495408,0.065132,173.570000,1.416524,-0.345690,-0.345690,1.408654,-0.356475,0.201378,-0.000001,0.128483,0.238875
820,real,0.028312,0.026438,0.060367,0.044605,-0.459468,-0.465503,0.200000,0.129885,1.435702,-0.336573,0.021234,0.497880,0.053225,175.560000,1.424195,-0.342043,-0.342043,1.416609,-0.376057,0.201378,-0.000001,0.128483,0.238875
821,real,0.028312,0.026438,0.051499,0.039798,-0.464970,-0.469131,0.200000,0.128616,1.441911,-0.336434,0.018583,0.495247,0.046691,175.560000,1.431281,-0.342043,-0.342043,1.416609,-0.376057,0.201424,-0.000001,0.126415,0.237807
822,real,0.027063,0.021759,0.044484,0.035241,-0.468543,-0.473221,0.200000,0.127184,1.448947,-0.336311,0.018572,0.510364,0.041312,176.020000,1.438348,-0.342043,-0.342043,1.416609,-0.376057,0.201424,-0.000001,0.126415,0.237807
823,real,0.027063,0.021759,0.039234,0.031490,-0.470517,-0.475478,0.200000,0.126394,1.452846,-0.336258,0.015610,0.501297,0.038348,176.020000,1.444147,-0.342043,-0.342043,1.417230,-0.345401,0.201424,-0.000001,0.126415,0.237807
824,real,0.029041,0.028201,0.035758,0.029637,-0.470696,-0.473803,0.200000,0.126981,1.449952,-0.336296,0.008169,0.498686,0.039307,175.360000,1.444147,-0.342043,-0.342043,1.417230,-0.345401,0.201424,-0.000001,0.126405,0.237802
825,real,0.029041,0.028201,0.033460,0.028751,-0.470808,-0.472895,0.200000,0.127298,1.448385,-0.336319,0.007122,0.508295,0.039835,175.360000,1.444147,-0.342043,-0.342043,1.417230,-0.345401,0.201424,-0.000001,0.126405,0.237802
826,real,0.034182,0.033293,0.032753,0.029151,-0.468559,-0.470106,0.200000,0.128274,1.443586,-0.336401,0.005670,0.507361,0.043384,174.530000,1.444147,-0.342043,-0.342043,1.438585,-0.341833,0.201424,-0.000001,0.126405,0.237802
827,real,0.034182,0.033293,0.032726,0.029947,-0.467324,-0.468575,0.200000,0.128810,1.440959,-0.336453,0.006435,0.512156,0.045335,174.530000,1.444147,-0.342043,-0.342043,1.438585,-0.341833,0.201437,-0.000001,0.125558,0.237364
828,real,0.029489,0.027221,0.032207,0.029802,-0.468757,-0.470466,0.200000,0.128149,1.444204,-0.336390,0.005654,0.547952,0.042993,175.400000,1.444147,-0.342043,-0.342043,1.438585,-0.341833,0.201437,-0.000001,0.125558,0.237364
829,real,0.029489,0.027221,0.031593,0.029344,-0.469546,-0.471507,0.200000,0.127784,1.445994,-0.336358,0.005978,0.510996,0.041705,175.400000,1.444147,-0.342043,-0.342043,1.444242,-0.341830,0.201437,-0.000001,0.125558,0.237364
830,real,0.026960,0.024169,0.030645,0.028366,-0.471117,-0.473451,0.200000,0.127104,1.449345,-0.336305,0.007742,0.502002,0.039231,175.850000,1.444147,-0.342043,-0.342043,1.444242,-0.341830,0.201230,-0.000001,0.132474,0.240921
831,real,0.031990,0.030036,0.030518,0.028279,-0.469718,-0.471881,0.200000,0.127653,1.446639,-0.336347,0.006217,0.499813,0.041324,174.970000,1.444147,-0.342043,-0.342043,1.444242,-0.341830,0.201230,-0.000001,0.132474,0.240921
832,real,0.029968,0.029373,0.030387,0.028422,-0.469856,-0.471314,0.200000,0.127852,1.445663,-0.336364,0.005878,0.502296,0.041612,175.190000,1.444147,-0.342043,-0.342043,1.444249,-0.341830,0.201230,-0.000001,0.132474,0.240921
833,real,0.029968,0.029373,0.030275,0.028623,-0.469934,-0.471004,0.200000,0.127960,1.445129,-0.336373,0.005754,0.496319,0.041770,175.190000,1.444147,-0.342043,-0.342043,1.444249,-0.341830,0.205006,-0.000001,0.139428,0.247927
834,real,0.030962,0.028838,0.030343,0.028729,-0.469530,-0.471074,0.200000,0.127936,1.445250,-0.336371,0.005778,0.505672,0.042014,175.150000,1.444147,-0.342043,-0.342043,1.444249,-0.341830,0.205006,-0.000001,0.139428,0.247927
835,real,0.027721,0.023831,0.029958,0.027998,-0.470758,-0.473359,0.200000,0.127136,1.449186,-0.336307,0.007635,0.508705,0.039558,175.810000,1.444147,-0.342043,-0.342043,1.444249,-0.341830,0.205006,-0.000001,0.139428,0.247927
836,real,0.027721,0.023831,0.029469,0.027081,-0.471440,-0.474621,0.200000,0.126694,1.451365,-0.336277,0.009239,0.509034,0.038207,175.810000,1.444147,-0.342043,-0.342043,1.444249,-0.341830,0.210768,-0.000001,0.142254,0.254282
837,real,0.029207,0.030735,0.029262,0.027338,-0.471122,-0.472185,0.200000,0.127547,1.447163,-0.336339,0.006452,0.508148,0.040095,175.140000,1.444147,-0.342043,-0.342043,1.444249,-0.341830,0.210768,-0.000001,0.142254,0.254282
838,real,0.035580,0.034606,0.030184,0.028575,-0.468104,-0.469127,0.200000,0.128617,1.441904,-0.336434,0.006041,0.507498,0.044391,174.310000,1.444147,-0.342043,-0.342043,1.444249,-0.341830,0.210768,-0.000001,0.142254,0.254282
839,real,0.035580,0.034606,0.031364,0.029968,-0.466445,-0.467446,0.200000,0.129206,1.439024,-0.336495,0.007552,0.500781,0.046751,174.310000,1.444147,-0.342043,-0.342043,1.444249,-0.341830,0.202329,-0.000001,0.135603,0.243568
840,real,0.029446,0.029282,0.031484,0.030358,-0.468294,-0.468918,0.200000,0.128690,1.441546,-0.336441,0.006176,0.499206,0.044400,175.240000,1.444147,-0.342043,-0.342043,1.444249,-0.341830,0.202329,-0.000001,0.135603,0.243568
841,real,0.029446,0.029282,0.031206,0.030328,-0.469311,-0.469728,0.200000,0.128407,1.442936,-0.336414,0.005758,0.505298,0.043107,175.240000,1.444147,-0.342043,-0.342043,1.444249,-0.341830,0.202329,-0.000001,0.135603,0.243568
842,real,0.028639,0.028237,0.030702,0.029988,-0.470233,-0.470644,0.200000,0.128086,1.444509,-0.336384,0.005670,0.484601,0.041807,175.390000,1.444147,-0.342043,-0.342043,1.444249,-0.341830,0.201539,-0.000001,0.130468,0.240083
843,real,0.028287,0.028590,0.030142,0.029646,-0.470898,-0.470988,0.200000,0.127966,1.445102,-0.336373,0.005749,0.503697,0.041093,175.390000,1.444147,-0.342043,-0.342043,1.444249,-0.341830,0.201539,-0.000001,0.130468,0.240083
844,real,0.030629,0.030565,0.030018,0.029669,-0.470211,-0.470289,0.200000,0.128210,1.443900,-0.336395,0.005653,0.502393,0.042073,175.040000,1.444147,-0.342043,-0.342043,1.444249,-0.341830,0.201539,-0.000001,0.130468,0.240083
845,real,0.030906,0.030409,0.030114,0.029794,-0.469708,-0.469975,0.200000,0.128320,1.443360,-0.336405,0.005692,0.509950,0.042651,175.030000,1.444147,-0.342043,-0.342043,1.444249,-0.341830,0.201575,-0.000001,0.129280,0.239470
846,real,0.030906,0.030409,0.030273,0.029935,-0.469431,-0.469802,0.200000,0.128381,1.443064,-0.336411,0.005735,0.510657,0.042969,175.030000,1.444147,-0.342043,-0.342043,1.444249,-0.341830,0.201575,-0.000001,0.129280,0.239470
847,real,0.027863,0.028883,0.029951,0.029821,-0.470647,-0.470392,0.200000,0.128175,1.444076,-0.336392,0.005651,0.504901,0.041692,175.400000,1.444147,-0.342043,-0.342043,1.444249,-0.341830,0.201575,-0.000001,0.129280,0.239470
848,real,0.015694,0.013199,0.027599,0.027170,-0.476769,-0.477752,0.200000,0.125598,1.456786,-0.336216,0.013917,0.604677,0.032166,177.650000,1.449202,-0.342043,-0.342043,1.444249,-0.341830,0.201575,-0.000001,0.129275,0.239468
849,real,0.025377,0.026676,0.026412,0.026149,-0.475792,-0.475747,0.200000,0.126300,1.453312,-0.336253,0.007100,0.510662,0.034267,175.780000,1.449202,-0.342043,-0.342043,1.444249,-0.341830,0.201575,-0.000001,0.129275,0.239468
850,real,0.025377,0.026676,0.025826,0.025869,-0.475262,-0.474653,0.200000,0.126683,1.451419,-0.336276,0.006178,0.503078,0.035418,175.780000,1.449202,-0.342043,-0.342043,1.444391,-0.341830,0.201575,-0.000001,0.129275,0.239468
851,real,0.012456,0.010676,0.023516,0.023380,-0.480774,-0.481240,0.200000,0.124378,1.462849,-0.336174,0.014855,0.513698,0.026862,178.120000,1.454661,-0.342043,-0.342043,1.444391,-0.341830,0.201575,-0.000001,0.129275,0.239467
852,real,0.012456,0.010676,0.020949,0.020491,-0.483818,-0.484876,0.200000,0.123105,1.469196,-0.336157,0.015682,0.580756,0.022149,178.120000,1.460475,-0.342043,-0.342043,1.444391,-0.341830,0.201575,-0.000001,0.129275,0.239467
853,real,0.016671,0.017138,0.019361,0.018932,-0.483589,-0.483961,0.200000,0.123425,1.467596,-0.336159,0.009237,0.492319,0.022947,177.260000,1.460475,-0.342043,-0.342043,1.449616,-0.341832,0.201575,-0.000001,0.129275,0.239467
854,real,-0.216947,-0.138184,-0.018907,-0.006662,-0.589976,-0.554194,0.200000,0.098844,1.594754,-0.341261,0.134281,0.575305,0.105037,150.190000,1.514187,-0.342043,-0.342043,1.449616,-0.341832,0.201575,-0.000001,0.129275,0.239467
855,real,-0.216947,-0.138184,-0.064177,-0.036781,-0.648250,-0.592718,0.200000,0.085360,1.667365,-0.348486,0.153314,0.506764,0.174856,150.190000,1.575458,-0.342043,-0.342043,1.449616,-0.341832,0.201575,-0.000001,0.129275,0.239467
856,real,0.042670,0.033081,-0.063465,-0.036490,-0.562142,-0.535948,0.200000,0.105230,1.560963,-0.338924,0.014827,0.589321,0.071791,173.810000,1.569660,-0.342043,-0.342043,1.463061,-0.341836,0.201575,-0.000001,0.129275,0.239467
857,real,0.042670,0.033081,-0.046380,-0.025349,-0.514650,-0.504660,0.200000,0.116181,1.504193,-0.336566,0.065696,0.486058,0.015373,173.810000,1.543473,-0.342043,-0.342043,1.463061,-0.341836,0.201575,-0.000001,0.129275,0.239467
858,real,0.021258,0.021437,-0.029588,-0.013970,-0.498403,-0.492836,0.200000,0.120319,1.483185,-0.336220,0.060568,0.498786,0.007340,176.540000,1.519358,-0.342043,-0.342043,1.463061,-0.341836,0.201575,-0.000001,0.129275,0.239467
859,real,0.021258,0.021437,-0.015560,-0.004311,-0.489509,-0.486375,0.200000,0.122580,1.471820,-0.336159,0.047901,0.499817,0.017196,176.540000,1.500343,-0.342043,-0.342043,1.501367,-0.351103,0.201575,-0.000001,0.129275,0.239467
860,real,0.023584,0.033008,-0.004345,0.005068,-0.483516,-0.477512,0.200000,0.125682,1.456369,-0.336220,0.044357,0.493233,0.027883,175.350000,1.482753,-0.342043,-0.342043,1.501367,-0.351103,0.201575,-0.000001,0.129275,0.239467
861,real,0.015372,0.015479,0.002771,0.010059,-0.484014,-0.480674,0.200000,0.124576,1.461862,-0.336179,0.021699,0.500052,0.025081,177.500000,1.474397,-0.342043,-0.342043,1.501367,-0.351103,0.201575,-0.000001,0.129275,0.239467
862,real,0.017708,0.017335,0.007670,0.012989,-0.483233,-0.481568,0.200000,0.124263,1.463420,-0.336171,0.012449,0.498438,0.024917,177.160000,1.470006,-0.342043,-0.342043,1.466721,-0.370572,0.201575,-0.000001,0.129275,0.239467
863,real,0.017708,0.017335,0.011003,0.014722,-0.482808,-0.482061,0.200000,0.124090,1.464279,-0.336168,0.008205,0.488303,0.024847,177.160000,1.470006,-0.342043,-0.342043,1.466721,-0.370572,0.201575,-0.000001,0.129275,0.239467
864,real,0.014001,0.016272,0.012670,0.015589,-0.484235,-0.482801,0.200000,0.123831,1.465569,-0.336163,0.007366,0.499308,0.023332,177.540000,1.470006,-0.342043,-0.342043,1.466721,-0.370572,0.201575,-0.000001,0.129275,0.239467
865,real,0.014001,0.016272,0.013476,0.016007,-0.485026,-0.483215,0.200000,0.123686,1.466293,-0.336161,0.006956,0.513327,0.022493,177.540000,1.470006,-0.342043,-0.342043,1.457902,-0.354236,0.201575,-0.000001,0.129275,0.239467
866,real,0.007066,0.006368,0.012759,0.014644,-0.488571,-0.487889,0.200000,0.122051,1.474475,-0.336165,0.007384,0.487705,0.016652,178.910000,1.470006,-0.342043,-0.342043,1.457902,-0.354236,0.201575,-0.000001,0.129275,0.239467
867,real,0.007066,0.006368,0.011607,0.012853,-0.490533,-0.490472,0.200000,0.121146,1.479017,-0.336187,0.010747,0.493670,0.013432,178.910000,1.473610,-0.342043,-0.342043,1.457902,-0.354236,0.201575,-0.000001,0.129275,0.239467
868,real,0.004803,0.005067,0.010124,0.010987,-0.492631,-0.492479,0.200000,0.120444,1.482555,-0.336215,0.010676,0.493644,0.010529,179.200000,1.477188,-0.342043,-0.342043,1.470060,-0.341981,0.201575,-0.000001,0.129275,0.239467
869,real,0.004803,0.005067,0.008755,0.009387,-0.493786,-0.493584,0.200000,0.120057,1.484505,-0.336233,0.009343,0.485280,0.008932,179.200000,1.477188,-0.342043,-0.342043,1.470060,-0.341981,0.201604,-0.000001,0.128261,0.238945
870,real,-0.017213,-0.018069,0.004174,0.004489,-0.504333,-0.504607,0.200000,0.116199,1.504098,-0.336563,0.027462,0.512291,0.006325,177.140000,1.487952,-0.342043,-0.342043,1.470060,-0.341981,0.201604,-0.000001,0.128261,0.238945
871,real,-0.017213,-0.018069,-0.000833,-0.000816,-0.510131,-0.510667,0.200000,0.114078,1.514964,-0.336856,0.027505,0.587766,0.014712,177.140000,1.498757,-0.342043,-0.342043,1.465261,-0.350636,0.201604,-0.000001,0.128261,0.238945
872,real,-0.010010,-0.012443,-0.004071,-0.004547,-0.510086,-0.511477,0.200000,0.113795,1.516421,-0.336901,0.018398,0.581109,0.015279,178.170000,1.505823,-0.342043,-0.342043,1.465261,-0.350636,0.201650,-0.000001,0.125994,0.237776
873,real,-0.010010,-0.012443,-0.006165,-0.007126,-0.510054,-0.511915,0.200000,0.113641,1.517210,-0.336926,0.012484,0.583075,0.015591,178.170000,1.510378,-0.342043,-0.342043,1.465261,-0.350636,0.201650,-0.000001,0.125994,0.237776
874,real,-0.062815,-0.062161,-0.015859,-0.016739,-0.533862,-0.534592,0.200000,0.105704,1.558471,-0.338778,0.048204,0.569430,0.048407,169.860000,1.529615,-0.342043,-0.342043,1.478723,-0.347569,0.201650,-0.000001,0.125994,0.237776
875,real,-0.062815,-0.062161,-0.026734,-0.027343,-0.546929,-0.547035,0.200000,0.101349,1.581443,-0.340260,0.051858,0.620221,0.066442,169.860000,1.550346,-0.342043,-0.342043,1.478723,-0.347569,0.205057,-0.000607,0.111094,0.233217
876,real,-0.062815,-0.062161,-0.036309,-0.036622,-0.554092,-0.553856,0.200000,0.098962,1.594123,-0.341211,0.043785,0.623689,0.076331,169.860000,1.567857,-0.342043,-0.342043,1.478723,-0.347569,0.205057,-0.000607,0.111094,0.233217
877,real,-0.073300,-0.089205,-0.045586,-0.048253,-0.562813,-0.569853,0.200000,0.093363,1.624086,-0.343826,0.056257,0.577458,0.093941,166.740000,1.590348,-0.342043,-0.342043,1.490225,-0.355179,0.205057,-0.000607,0.111094,0.233217
878,real,-0.073300,-0.089205,-0.053277,-0.058873,-0.567560,-0.578597,0.200000,0.090303,1.640580,-0.345480,0.050349,0.990674,0.103643,166.740000,1.610441,-0.342043,-0.342043,1.490225,-0.355179,0.201292,-0.000435,0.115668,0.232158
879,real,-0.073300,-0.089205,-0.059183,-0.067452,-0.570152,-0.583383,0.200000,0.088628,1.649639,-0.346453,0.039445,0.815596,0.108968,166.740000,1.626120,-0.342043,-0.342043,1.490225,-0.355179,0.201292,-0.000435,0.115668,0.232158
880,real,-0.327368,-0.198495,-0.105065,-0.092266,-0.690273,-0.638349,0.200000,0.070000,1.751445,-0.360403,0.126663,0.494495,0.235254,134.980000,1.676250,-0.349387,-0.349387,1.482879,-0.400418,0.201292,-0.000435,0.115668,0.232158
881,real,-0.327368,-0.198495,-0.157372,-0.118392,-0.754514,-0.666913,0.200000,0.070000,1.751445,-0.360403,0.075998,0.497264,0.304364,134.980000,1.706328,-0.353794,-0.353794,1.482879,-0.400418,0.200050,0.000248,0.122893,0.234782
882,real,-0.403315,-0.192501,-0.215930,-0.139929,-0.824681,-0.679927,0.200000,0.070000,1.751445,-0.360403,0.045599,0.498783,0.371202,126.910000,1.724375,-0.353794,-0.353794,1.482879,-0.400418,0.200050,0.000248,0.122893,0.234782
883,real,-0.403315,-0.192501,-0.266787,-0.156075,-0.861234,-0.686059,0.200000,0.070000,1.751445,-0.360403,0.027865,0.500682,0.406335,126.910000,1.735203,-0.353794,-0.353794,1.500475,-0.386724,0.200050,0.000248,0.122893,0.234782
884,real,-0.459777,-0.180925,-0.315927,-0.165962,-0.907187,-0.684325,0.200000,0.070000,1.751445,-0.360403,0.017536,0.495498,0.446964,120.780000,1.741700,-0.353794,-0.353794,1.500475,-0.386724,0.201644,0.000027,0.124095,0.236769
885,real,-0.459777,-0.180925,-0.356340,-0.171912,-0.931393,-0.682961,0.200000,0.070000,1.751445,-0.360403,0.011775,0.507855,0.468588,120.780000,1.745598,-0.353794,-0.353794,1.500475,-0.386724,0.201644,0.000027,0.124095,0.236769
886,real,-0.504695,-0.204730,-0.394367,-0.179291,-0.964987,-0.692996,0.200000,0.070000,1.751445,-0.360403,0.008825,0.493378,0.503449,114.000000,1.745598,-0.353794,-0.353794,1.457941,-0.426380,0.201644,0.000027,0.124095,0.236769
887,real,-0.504695,-0.204730,-0.425407,-0.185963,-0.983054,-0.698353,0.200000,0.070000,1.751445,-0.360403,0.008825,0.485702,0.522193,114.000000,1.745598,-0.353794,-0.353794,1.457941,-0.426380,0.203103,0.000131,0.124373,0.238158
888,real,-0.504695,-0.204730,-0.449014,-0.191312,-0.992855,-0.701246,0.200000,0.070000,1.751445,-0.360403,0.008825,0.490752,0.532359,114.000000,1.745598,-0.353794,-0.353794,1.457941,-0.426380,0.203103,0.000131,0.124373,0.238158
889,real,-0.526813,-0.192004,-0.469773,-0.193356,-1.008324,-0.697151,0.200000,0.070000,1.751445,-0.360403,0.008825,0.493317,0.545217,111.790000,1.745598,-0.353794,-0.353794,1.473142,-0.405001,0.203103,0.000131,0.124373,0.238158
890,real,-0.563736,-0.164154,-0.492239,-0.189566,-1.033963,-0.682527,0.200000,0.070000,1.751445,-0.360403,0.008825,0.510086,0.564298,108.090000,1.745598,-0.353794,-0.353794,1.473142,-0.405001,0.201660,0.000176,0.120713,0.235029
891,real,-0.563736,-0.164154,-0.511611,-0.184229,-1.047588,-0.674318,0.200000,0.070000,1.751445,-0.360403,0.008825,0.496073,0.574664,108.090000,1.745598,-0.353794,-0.353794,1.473142,-0.405001,0.201660,0.000176,0.120713,0.235029
892,real,-0.615662,-0.112495,-0.535455,-0.171147,-1.079738,-0.646853,0.200000,0.070000,1.751445,-0.360403,0.008825,0.503414,0.598048,102.510000,1.745598,-0.353794,-0.353794,1.470050,-0.412696,0.201660,0.000176,0.120713,0.235029
893,real,-0.615662,-0.112495,-0.556785,-0.157259,-1.096397,-0.631465,0.200000,0.071799,1.741555,-0.358810,0.006443,0.490091,0.610715,102.510000,1.745598,-0.353794,-0.353794,1.470050,-0.412696,0.204661,0.000676,0.118108,0.236296
894,real,-0.632011,-0.078105,-0.576545,-0.139863,-1.113241,-0.607558,0.200000,0.080166,1.695680,-0.352084,0.049948,0.771824,0.622602,100.890000,1.725631,-0.353794,-0.353794,1.470050,-0.412696,0.204661,0.000676,0.118108,0.236296
895,real,-0.632011,-0.078105,-0.592434,-0.123923,-1.121943,-0.594321,0.200000,0.084799,1.670416,-0.348853,0.055435,0.504504,0.629055,100.890000,1.703545,-0.353794,-0.353794,1.481868,-0.402509,0.204661,0.000676,0.118108,0.236296
896,real,-0.616412,-0.009576,-0.602399,-0.100247,-1.120905,-0.556277,0.200000,0.098115,1.598640,-0.341572,0.105614,0.581890,0.623451,103.880000,1.661583,-0.348905,-0.348905,1.481868,-0.402509,0.198154,-0.000933,0.106769,0.225088
897,real,-0.616412,-0.009576,-0.608321,-0.077497,-1.119318,-0.535247,0.200000,0.105475,1.559675,-0.338848,0.102403,0.582386,0.620320,103.880000,1.620820,-0.344882,-0.344882,1.481868,-0.402509,0.198154,-0.000933,0.106769,0.225088
898,real,-0.616412,-0.009576,-0.611758,-0.058663,-1.118140,-0.523684,0.200000,0.109522,1.538520,-0.337750,0.082609,0.584682,0.618594,103.880000,1.587900,-0.344882,-0.344882,1.477350,-0.417569,0.198154,-0.000933,0.106769,0.225088
899,real,-0.604271,-0.007805,-0.611831,-0.043918,-1.111966,-0.516534,0.200000,0.112025,1.525545,-0.337214,0.062824,0.675953,0.612190,105.640000,1.562958,-0.344882,-0.344882,1.477350,-0.417569,0.198078,-0.001426,0.103302,0.223397
900,real,-0.604271,-0.007805,-0.610673,-0.032958,-1.108523,-0.512604,0.200000,0.113400,1.518451,-0.336966,0.045206,0.591346,0.608654,105.640000,1.545155,-0.344882,-0.344882,1.477350,-0.417569,0.198078,-0.001426,0.103302,0.223397
901,real,-0.633443,0.032144,-0.614012,-0.018782,-1.120213,-0.492455,0.200000,0.120452,1.482512,-0.336214,0.063240,0.499384,0.620258,101.270000,1.520098,-0.341415,-0.341415,1.462656,-0.376744,0.198078,-0.001426,0.103302,0.223397
902,real,-0.635341,0.053128,-0.618720,-0.002377,-1.127464,-0.471911,0.200000,0.127643,1.446690,-0.336346,0.073583,0.496280,0.628093,100.780000,1.490735,-0.341415,-0.341415,1.462656,-0.376744,0.200860,-0.001074,0.105384,0.226827
903,real,-0.635341,0.053128,-0.623069,0.012235,-1.131145,-0.460627,0.200000,0.131592,1.427401,-0.336805,0.063501,0.505784,0.632372,100.780000,1.465401,-0.341415,-0.341415,1.462656,-0.376744,0.200860,-0.001074,0.105384,0.226827
904,real,-0.636922,0.028477,-0.626815,0.020017,-1.133772,-0.465531,0.200000,0.129876,1.435749,-0.336572,0.030045,0.499771,0.634709,100.780000,1.453540,-0.341415,-0.341415,1.464139,-0.395119,0.200860,-0.001074,0.105384,0.226827
905,real,-0.636922,0.028477,-0.629749,0.024131,-1.135198,-0.468228,0.200000,0.128932,1.440363,-0.336466,0.014076,0.505509,0.635992,100.780000,1.448270,-0.341415,-0.341415,1.464139,-0.395119,0.205420,-0.000692,0.103480,0.230012
906,real,-0.654284,0.045465,-0.634692,0.028964,-1.143873,-0.462060,0.200000,0.131091,1.429835,-0.336731,0.019021,0.507242,0.644989,98.030000,1.440896,-0.341415,-0.341415,1.464139,-0.395119,0.205420,-0.000692,0.103480,0.230012
