frame,label,u,v,u_flt,v_flt,du,dv,tgt_x,tgt_z,ik_q2,ik_q3,ik_jump,ik_ms,reach,elbow,j2_cmd,j3_cmd,j3i_cmd,j2_act,j3_act,tcp_x,tcp_y,tcp_z,tcp_r
0,fwd,0.552222,0.300000,0.000000,0.000000,0.000000,0.000000,0.000000,0.000000,0.000000,0.000000,0.000000,0.000000,0.628450,102.128285,0.600000,-0.600000,-0.600000,0.599585,-0.598795,0.127219,0.000000,0.365555,0.387060
1,fwd,0.554444,0.300000,0.000000,0.000000,0.000000,0.000000,0.000000,0.000000,0.000000,0.000000,0.000000,0.000000,0.629330,101.840195,0.600000,-0.600000,-0.600000,0.599448,-0.598400,0.127219,0.000000,0.365555,0.387060
2,fwd,0.556667,0.300000,0.000000,0.000000,0.000000,0.000000,0.000000,0.000000,0.000000,0.000000,0.000000,0.000000,0.630694,101.551254,0.600000,-0.600000,-0.600000,0.599448,-0.598400,0.127221,0.000000,0.365570,0.387074
3,fwd,0.558889,0.300000,0.000000,0.000000,0.000000,0.000000,0.000000,0.000000,0.000000,0.000000,0.000000,0.000000,0.632326,101.261456,0.600000,-0.600000,-0.600000,0.599448,-0.598400,0.127221,0.000000,0.365570,0.387074
4,fwd,0.561111,0.300000,0.000000,0.000000,0.000000,0.000000,0.000000,0.000000,0.000000,0.000000,0.000000,0.000000,0.634105,100.970797,0.600000,-0.600000,-0.600000,0.599878,-0.599645,0.127221,0.000000,0.365570,0.387074
5,fwd,0.563333,0.300000,0.000000,0.000000,0.000000,0.000000,0.000000,0.000000,0.000000,0.000000,0.000000,0.000000,0.635966,100.679271,0.600000,-0.600000,-0.600000,0.599878,-0.599645,0.127219,0.000000,0.365555,0.387060
6,fwd,0.565556,0.300000,0.000000,0.000000,0.000000,0.000000,0.000000,0.000000,0.000000,0.000000,0.000000,0.000000,0.637873,100.386875,0.600000,-0.600000,-0.600000,0.599878,-0.599645,0.127219,0.000000,0.365555,0.387060
7,fwd,0.567778,0.300000,0.000000,0.000000,0.000000,0.000000,0.000000,0.000000,0.000000,0.000000,0.000000,0.000000,0.639805,100.093602,0.607761,-0.600000,-0.600000,0.599841,-0.599538,0.127219,0.000000,0.365555,0.387060
8,fwd,0.570000,0.300000,0.000000,0.000000,0.000000,0.000000,0.000000,0.000000,0.000000,0.000000,0.000000,0.000000,0.641753,99.799448,0.612418,-0.604783,-0.604783,0.599841,-0.599538,0.127217,0.000000,0.365543,0.387048
9,fwd,0.572222,0.300000,0.000000,0.000000,0.000000,0.000000,0.000000,0.000000,0.000000,0.000000,0.000000,0.000000,0.643709,99.504406,0.620365,-0.609279,-0.609279,0.599841,-0.599538,0.127217,0.000000,0.365543,0.387048
10,fwd,0.574444,0.300000,0.000000,0.000000,0.000000,0.000000,0.000000,0.000000,0.000000,0.000000,0.000000,0.000000,0.645671,99.208473,0.625134,-0.609279,-0.609279,0.600652,-0.599911,0.127217,0.000000,0.365543,0.387048
11,fwd,0.576667,0.300000,0.000000,0.000000,0.000000,0.000000,0.000000,0.000000,0.000000,0.000000,0.000000,0.000000,0.647637,98.911641,0.633128,-0.613795,-0.613795,0.600652,-0.599911,0.127216,0.000000,0.365533,0.387038
12,fwd,0.578889,0.300000,0.000000,0.000000,0.000000,0.000000,0.000000,0.000000,0.000000,0.000000,0.000000,0.000000,0.649606,98.613906,0.637924,-0.618069,-0.618069,0.600652,-0.599911,0.127216,0.000000,0.365533,0.387038
13,fwd,0.581111,0.300000,0.000000,0.000000,0.000000,0.000000,0.000000,0.000000,0.000000,0.000000,0.000000,0.000000,0.651577,98.315261,0.645923,-0.618069,-0.618069,0.620887,-0.609159,0.127216,0.000000,0.365533,0.387038
14,fwd,0.583333,0.300000,0.000000,0.000000,0.000000,0.000000,0.000000,0.000000,0.000000,0.000000,0.000000,0.000000,0.653550,98.015700,0.650722,-0.622422,-0.622422,0.620887,-0.609159,0.127215,0.000000,0.365525,0.387030
15,fwd,0.585556,0.300000,0.000000,0.000000,0.000000,0.000000,0.000000,0.000000,0.000000,0.000000,0.000000,0.000000,0.655525,97.715218,0.658713,-0.622422,-0.622422,0.620887,-0.609159,0.127215,0.000000,0.365525,0.387030
16,fwd,0.587778,0.300000,0.000000,0.000000,0.000000,0.000000,0.000000,0.000000,0.000000,0.000000,0.000000,0.000000,0.657502,97.413807,0.663508,-0.626970,-0.626970,0.638373,-0.617783,0.127215,0.000000,0.365525,0.387030
17,fwd,0.590000,0.300000,0.000000,0.000000,0.000000,0.000000,0.000000,0.000000,0.000000,0.000000,0.000000,0.000000,0.659480,97.111463,0.671490,-0.631347,-0.631347,0.638373,-0.617783,0.127212,0.000000,0.365509,0.387014
18,fwd,0.592222,0.300000,0.000000,0.000000,0.000000,0.000000,0.000000,0.000000,0.000000,0.000000,0.000000,0.000000,0.661459,96.808177,0.676279,-0.631347,-0.631347,0.638373,-0.617783,0.127212,0.000000,0.365509,0.387014
19,fwd,0.594444,0.300000,0.000000,0.000000,0.000000,0.000000,0.000000,0.000000,0.000000,0.000000,0.000000,0.000000,0.663441,96.503944,0.684252,-0.635826,-0.635826,0.659052,-0.622257,0.127212,0.000000,0.365509,0.387014
20,fwd,0.596667,0.300000,0.000000,0.000000,0.000000,0.000000,0.000000,0.000000,0.000000,0.000000,0.000000,0.000000,0.665424,96.198756,0.689037,-0.640111,-0.640111,0.659052,-0.622257,0.127252,0.000000,0.365767,0.387271
21,fwd,0.598889,0.300000,0.000000,0.000000,0.000000,0.000000,0.000000,0.000000,0.000000,0.000000,0.000000,0.000000,0.667408,95.892608,0.697003,-0.640111,-0.640111,0.659052,-0.622257,0.127252,0.000000,0.365767,0.387271
22,fwd,0.601111,0.300000,0.000000,0.000000,0.000000,0.000000,0.000000,0.000000,0.000000,0.000000,0.000000,0.000000,0.669394,95.585490,0.701783,-0.644511,-0.644511,0.676882,-0.631192,0.127252,0.000000,0.365767,0.387271
23,fwd,0.603333,0.300000,0.000000,0.000000,0.000000,0.000000,0.000000,0.000000,0.000000,0.000000,0.000000,0.000000,0.671381,95.277397,0.709744,-0.648735,-0.648735,0.676882,-0.631192,0.127251,0.000000,0.365766,0.387270
24,fwd,0.605556,0.300000,0.000000,0.000000,0.000000,0.000000,0.000000,0.000000,0.000000,0.000000,0.000000,0.000000,0.673370,94.968321,0.714521,-0.648735,-0.648735,0.676882,-0.631192,0.127251,0.000000,0.365766,0.387270
25,fwd,0.607778,0.300000,0.000000,0.000000,0.000000,0.000000,0.000000,0.000000,0.000000,0.000000,0.000000,0.000000,0.675360,94.658255,0.722477,-0.653096,-0.653096,0.697541,-0.639987,0.127251,0.000000,0.365766,0.387270
26,fwd,0.610000,0.300000,0.000000,0.000000,0.000000,0.000000,0.000000,0.000000,0.000000,0.000000,0.000000,0.000000,0.677352,94.347190,0.727251,-0.657302,-0.657302,0.697541,-0.639987,0.127715,0.000000,0.365817,0.387471
27,fwd,0.612222,0.300000,0.000000,0.000000,0.000000,0.000000,0.000000,0.000000,0.000000,0.000000,0.000000,0.000000,0.679345,94.035119,0.735205,-0.657302,-0.657302,0.697541,-0.639987,0.127715,0.000000,0.365817,0.387471
28,fwd,0.614444,0.300000,0.000000,0.000000,0.000000,0.000000,0.000000,0.000000,0.000000,0.000000,0.000000,0.000000,0.681340,93.722033,0.739977,-0.661662,-0.661662,0.714962,-0.648555,0.127715,0.000000,0.365817,0.387471
29,fwd,0.616667,0.300000,0.000000,0.000000,0.000000,0.000000,0.000000,0.000000,0.000000,0.000000,0.000000,0.000000,0.683335,93.407925,0.747929,-0.665876,-0.665876,0.714962,-0.648555,0.132067,0.000000,0.366330,0.389409
30,fwd,0.618889,0.300000,0.000000,0.000000,0.000000,0.000000,0.000000,0.000000,0.000000,0.000000,0.000000,0.000000,0.685333,93.092786,0.752701,-0.665876,-0.665876,0.714962,-0.648555,0.132067,0.000000,0.366330,0.389409
31,fwd,0.621111,0.300000,0.000000,0.000000,0.000000,0.000000,0.000000,0.000000,0.000000,0.000000,0.000000,0.000000,0.687332,92.776607,0.760652,-0.670256,-0.670256,0.735558,-0.657123,0.132067,0.000000,0.366330,0.389409
32,fwd,0.623333,0.300000,0.000000,0.000000,0.000000,0.000000,0.000000,0.000000,0.000000,0.000000,0.000000,0.000000,0.689332,92.459381,0.765423,-0.674496,-0.674496,0.735558,-0.657123,0.135950,-0.000000,0.366825,0.391207
33,fwd,0.625556,0.300000,0.000000,0.000000,0.000000,0.000000,0.000000,0.000000,0.000000,0.000000,0.000000,0.000000,0.691333,92.141097,0.773375,-0.674496,-0.674496,0.735558,-0.657123,0.135950,-0.000000,0.366825,0.391207
34,fwd,0.627778,0.300000,0.000000,0.000000,0.000000,0.000000,0.000000,0.000000,0.000000,0.000000,0.000000,0.000000,0.693336,91.821747,0.778146,-0.678908,-0.678908,0.753150,-0.665699,0.135950,-0.000000,0.366825,0.391207
35,fwd,0.630000,0.300000,0.000000,0.000000,0.000000,0.000000,0.000000,0.000000,0.000000,0.000000,0.000000,0.000000,0.695340,91.501321,0.786100,-0.683183,-0.683183,0.753150,-0.665699,0.140754,-0.000000,0.365566,0.391727
36,fwd,0.632222,0.300000,0.000000,0.000000,0.000000,0.000000,0.000000,0.000000,0.000000,0.000000,0.000000,0.000000,0.697346,91.179811,0.790872,-0.683183,-0.683183,0.753150,-0.665699,0.140754,-0.000000,0.365566,0.391727
37,fwd,0.634444,0.300000,0.000000,0.000000,0.000000,0.000000,0.000000,0.000000,0.000000,0.000000,0.000000,0.000000,0.699352,90.857205,0.798828,-0.687634,-0.687634,0.773736,-0.674321,0.140754,-0.000000,0.365566,0.391727
38,fwd,0.636667,0.300000,0.000000,0.000000,0.000000,0.000000,0.000000,0.000000,0.000000,0.000000,0.000000,0.000000,0.701360,90.533495,0.803602,-0.691947,-0.691947,0.773736,-0.674321,0.144892,-0.000000,0.366042,0.393676
39,fwd,0.638889,0.300000,0.000000,0.000000,0.000000,0.000000,0.000000,0.000000,0.000000,0.000000,0.000000,0.000000,0.703370,90.208670,0.811562,-0.691947,-0.691947,0.773736,-0.674321,0.144892,-0.000000,0.366042,0.393676
40,fwd,0.641111,0.300000,0.000000,0.000000,0.000000,0.000000,0.000000,0.000000,0.000000,0.000000,0.000000,0.000000,0.705380,89.882720,0.816338,-0.696441,-0.696441,0.791501,-0.683032,0.144892,-0.000000,0.366042,0.393676
41,fwd,0.643333,0.300000,0.000000,0.000000,0.000000,0.000000,0.000000,0.000000,0.000000,0.000000,0.000000,0.000000,0.707392,89.555635,0.824304,-0.700796,-0.700796,0.791501,-0.683032,0.149493,-0.000000,0.366025,0.395376
42,fwd,0.645556,0.300000,0.000000,0.000000,0.000000,0.000000,0.000000,0.000000,0.000000,0.000000,0.000000,0.000000,0.709405,89.227403,0.829083,-0.700796,-0.700796,0.791501,-0.683032,0.149493,-0.000000,0.366025,0.395376
43,fwd,0.647778,0.300000,0.000000,0.000000,0.000000,0.000000,0.000000,0.000000,0.000000,0.000000,0.000000,0.000000,0.711420,88.898014,0.837054,-0.705334,-0.705334,0.811797,-0.691756,0.149493,-0.000000,0.366025,0.395376
44,fwd,0.650000,0.300000,0.000000,0.000000,0.000000,0.000000,0.000000,0.000000,0.000000,0.000000,0.000000,0.000000,0.713436,88.567456,0.841837,-0.709733,-0.709733,0.811797,-0.691756,0.153646,-0.000000,0.366258,0.397180
45,fwd,0.652222,0.300000,0.000000,0.000000,0.000000,0.000000,0.000000,0.000000,0.000000,0.000000,0.000000,0.000000,0.715452,88.235719,0.849815,-0.709733,-0.709733,0.811797,-0.691756,0.153646,-0.000000,0.366258,0.397180
46,fwd,0.654444,0.300000,0.000000,0.000000,0.000000,0.000000,0.000000,0.000000,0.000000,0.000000,0.000000,0.000000,0.717470,87.902789,0.854603,-0.714318,-0.714318,0.829490,-0.700595,0.153646,-0.000000,0.366258,0.397180
47,fwd,0.656667,0.300000,0.000000,0.000000,0.000000,0.000000,0.000000,0.000000,0.000000,0.000000,0.000000,0.000000,0.719490,87.568656,0.862589,-0.718763,-0.718763,0.829490,-0.700595,0.158367,-0.000000,0.366008,0.398801
48,fwd,0.658889,0.300000,0.000000,0.000000,0.000000,0.000000,0.000000,0.000000,0.000000,0.000000,0.000000,0.000000,0.721510,87.233307,0.867382,-0.718763,-0.718763,0.829490,-0.700595,0.158367,-0.000000,0.366008,0.398801
49,fwd,0.661111,0.300000,0.000000,0.000000,0.000000,0.000000,0.000000,0.000000,0.000000,0.000000,0.000000,0.000000,0.723532,86.896730,0.875378,-0.723396,-0.723396,0.850034,-0.709535,0.158367,-0.000000,0.366008,0.398801
50,fwd,0.663333,0.300000,0.000000,0.000000,0.000000,0.000000,0.000000,0.000000,0.000000,0.000000,0.000000,0.000000,0.725555,86.558912,0.880176,-0.727888,-0.727888,0.850034,-0.709535,0.162416,-0.000000,0.366093,0.400503
51,fwd,0.665556,0.300000,0.000000,0.000000,0.000000,0.000000,0.000000,0.000000,0.000000,0.000000,0.000000,0.000000,0.727579,86.219839,0.888183,-0.727888,-0.727888,0.850034,-0.709535,0.162416,-0.000000,0.366093,0.400503
52,fwd,0.667778,0.300000,0.000000,0.000000,0.000000,0.000000,0.000000,0.000000,0.000000,0.000000,0.000000,0.000000,0.729604,85.879500,0.892988,-0.732570,-0.732570,0.867859,-0.718604,0.162416,-0.000000,0.366093,0.400503
53,fwd,0.670000,0.300000,0.000000,0.000000,0.000000,0.000000,0.000000,0.000000,0.000000,0.000000,0.000000,0.000000,0.731630,85.537879,0.901007,-0.737110,-0.737110,0.867859,-0.718604,0.167278,-0.000000,0.365674,0.402118
54,fwd,0.672222,0.300000,0.000000,0.000000,0.000000,0.000000,0.000000,0.000000,0.000000,0.000000,0.000000,0.000000,0.733658,85.194964,0.905818,-0.741401,-0.741401,0.867859,-0.718604,0.167278,-0.000000,0.365674,0.402118
55,fwd,0.674444,0.300000,0.000000,0.000000,0.000000,0.000000,0.000000,0.000000,0.000000,0.000000,0.000000,0.000000,0.735686,84.850740,0.913851,-0.741401,-0.741401,0.888597,-0.727865,0.167278,-0.000000,0.365674,0.402118
56,fwd,0.676667,0.300000,0.000000,0.000000,0.000000,0.000000,0.000000,0.000000,0.000000,0.000000,0.000000,0.000000,0.737716,84.505192,0.918670,-0.745881,-0.745881,0.888597,-0.727865,0.171552,-0.000000,0.365610,0.403857
57,fwd,0.678889,0.300000,0.000000,0.000000,0.000000,0.000000,0.000000,0.000000,0.000000,0.000000,0.000000,0.000000,0.739747,84.158306,0.926717,-0.750253,-0.750253,0.888597,-0.727865,0.171552,-0.000000,0.365610,0.403857
58,fwd,0.681111,0.300000,0.000000,0.000000,0.000000,0.000000,0.000000,0.000000,0.000000,0.000000,0.000000,0.000000,0.741779,83.810066,0.931545,-0.750253,-0.750253,0.906306,-0.741231,0.171552,-0.000000,0.365610,0.403857
59,fwd,0.683333,0.300000,0.000000,0.000000,0.000000,0.000000,0.000000,0.000000,0.000000,0.000000,0.000000,0.000000,0.743812,83.460458,0.939608,-0.754870,-0.754870,0.906306,-0.741231,0.176225,-0.000000,0.365097,0.405402
60,fwd,0.685556,0.300000,0.000000,0.000000,0.000000,0.000000,0.000000,0.000000,0.000000,0.000000,0.000000,0.000000,0.745846,83.109465,0.944446,-0.759386,-0.759386,0.906306,-0.741231,0.176225,-0.000000,0.365097,0.405402
61,fwd,0.687778,0.300000,0.000000,0.000000,0.000000,0.000000,0.000000,0.000000,0.000000,0.000000,0.000000,0.000000,0.747881,82.757071,0.952526,-0.763684,-0.763684,0.927045,-0.750064,0.176225,-0.000000,0.365097,0.405402
62,fwd,0.690000,0.300000,0.000000,0.000000,0.000000,0.000000,0.000000,0.000000,0.000000,0.000000,0.000000,0.000000,0.749917,82.403260,0.957373,-0.763684,-0.763684,0.927045,-0.750064,0.180624,-0.000000,0.364916,0.407172
63,fwd,0.692222,0.300000,0.000000,0.000000,0.000000,0.000000,0.000000,0.000000,0.000000,0.000000,0.000000,0.000000,0.751954,82.048014,0.965472,-0.768208,-0.768208,0.927045,-0.750064,0.180624,-0.000000,0.364916,0.407172
64,fwd,0.694444,0.300000,0.000000,0.000000,0.000000,0.000000,0.000000,0.000000,0.000000,0.000000,0.000000,0.000000,0.753993,81.691316,0.970331,-0.772645,-0.772645,0.944945,-0.759223,0.180624,-0.000000,0.364916,0.407172
65,fwd,0.696667,0.300000,0.000000,0.000000,0.000000,0.000000,0.000000,0.000000,0.000000,0.000000,0.000000,0.000000,0.756032,81.333149,0.978449,-0.776887,-0.776887,0.944945,-0.759223,0.185422,-0.000000,0.364266,0.408744
66,fwd,0.698889,0.300000,0.000000,0.000000,0.000000,0.000000,0.000000,0.000000,0.000000,0.000000,0.000000,0.000000,0.758072,80.973495,0.983320,-0.776887,-0.776887,0.944945,-0.759223,0.185422,-0.000000,0.364266,0.408744
67,fwd,0.701111,0.300000,0.000000,0.000000,0.000000,0.000000,0.000000,0.000000,0.000000,0.000000,0.000000,0.000000,0.760114,80.612334,0.991459,-0.781386,-0.781386,0.965883,-0.768044,0.185422,-0.000000,0.364266,0.408744
68,fwd,0.703333,0.300000,0.000000,0.000000,0.000000,0.000000,0.000000,0.000000,0.000000,0.000000,0.000000,0.000000,0.762156,80.249648,0.996343,-0.785822,-0.785822,0.965883,-0.768044,0.189725,-0.000000,0.364003,0.410480
69,fwd,0.705556,0.300000,0.000000,0.000000,0.000000,0.000000,0.000000,0.000000,0.000000,0.000000,0.000000,0.000000,0.764200,79.885418,1.004505,-0.790081,-0.790081,0.965883,-0.768044,0.189725,-0.000000,0.364003,0.410480
70,fwd,0.707778,0.300000,0.000000,0.000000,0.000000,0.000000,0.000000,0.000000,0.000000,0.000000,0.000000,0.000000,0.766244,79.519623,1.009403,-0.790081,-0.790081,0.983832,-0.776851,0.189725,-0.000000,0.364003,0.410480
71,fwd,0.710000,0.300000,0.000000,0.000000,0.000000,0.000000,0.000000,0.000000,0.000000,0.000000,0.000000,0.000000,0.768290,79.152243,1.017589,-0.794617,-0.794617,0.983832,-0.776851,0.194595,-0.000000,0.363334,0.412163
72,fwd,0.712222,0.300000,0.000000,0.000000,0.000000,0.000000,0.000000,0.000000,0.000000,0.000000,0.000000,0.000000,0.770336,78.783258,1.022501,-0.799100,-0.799100,0.983832,-0.776851,0.194595,-0.000000,0.363334,0.412163
73,fwd,0.714444,0.300000,0.000000,0.000000,0.000000,0.000000,0.000000,0.000000,0.000000,0.000000,0.000000,0.000000,0.772383,78.412645,1.030714,-0.803411,-0.803411,1.005134,-0.789984,0.194595,-0.000000,0.363334,0.412163
74,fwd,0.716667,0.300000,0.000000,0.000000,0.000000,0.000000,0.000000,0.000000,0.000000,0.000000,0.000000,0.000000,0.774432,78.040383,1.035641,-0.803411,-0.803411,1.005134,-0.789984,0.198960,-0.000000,0.364297,0.415088
75,fwd,0.718889,0.300000,0.000000,0.000000,0.000000,0.000000,0.000000,0.000000,0.000000,0.000000,0.000000,0.000000,0.776481,77.666450,1.043881,-0.808011,-0.808011,1.005134,-0.789984,0.198960,-0.000000,0.364297,0.415088
76,fwd,0.721111,0.300000,0.000000,0.000000,0.000000,0.000000,0.000000,0.000000,0.000000,0.000000,0.000000,0.000000,0.778531,77.290822,1.048825,-0.812563,-0.812563,1.023048,-0.798959,0.198960,-0.000000,0.364297,0.415088
77,fwd,0.723333,0.300000,0.000000,0.000000,0.000000,0.000000,0.000000,0.000000,0.000000,0.000000,0.000000,0.000000,0.780582,76.913476,1.057094,-0.816943,-0.816943,1.023048,-0.798959,0.204052,-0.000000,0.363170,0.416569
78,fwd,0.725556,0.300000,0.000000,0.000000,0.000000,0.000000,0.000000,0.000000,0.000000,0.000000,0.000000,0.000000,0.782635,76.534388,1.062056,-0.821130,-0.821130,1.023048,-0.798959,0.204052,-0.000000,0.363170,0.416569
79,fwd,0.727778,0.300000,0.000000,0.000000,0.000000,0.000000,0.000000,0.000000,0.000000,0.000000,0.000000,0.000000,0.784688,76.153532,1.070356,-0.821130,-0.821130,1.044318,-0.807979,0.204052,-0.000000,0.363170,0.416569
80,fwd,0.730000,0.300000,0.000000,0.000000,0.000000,0.000000,0.000000,0.000000,0.000000,0.000000,0.000000,0.000000,0.786742,75.770884,1.075336,-0.825637,-0.825637,1.044318,-0.807979,0.208603,-0.000000,0.362521,0.418254
81,fwd,0.732222,0.300000,0.000000,0.000000,0.000000,0.000000,0.000000,0.000000,0.000000,0.000000,0.000000,0.000000,0.788796,75.386417,1.083668,-0.830132,-0.830132,1.044318,-0.807979,0.208603,-0.000000,0.362521,0.418254
82,fwd,0.734444,0.300000,0.000000,0.000000,0.000000,0.000000,0.000000,0.000000,0.000000,0.000000,0.000000,0.000000,0.790852,75.000104,1.088668,-0.834489,-0.834489,1.062596,-0.820979,0.208603,-0.000000,0.362521,0.418254
83,fwd,0.736667,0.300000,0.000000,0.000000,0.000000,0.000000,0.000000,0.000000,0.000000,0.000000,0.000000,0.000000,0.792909,74.611919,1.097035,-0.838682,-0.838682,1.062596,-0.820979,0.213572,-0.000001,0.361200,0.419617
84,fwd,0.738889,0.300000,0.000000,0.000000,0.000000,0.000000,0.000000,0.000000,0.000000,0.000000,0.000000,0.000000,0.794967,74.221832,1.102056,-0.838682,-0.838682,1.062596,-0.820979,0.213572,-0.000001,0.361200,0.419617
85,fwd,0.741111,0.300000,0.000000,0.000000,0.000000,0.000000,0.000000,0.000000,0.000000,0.000000,0.000000,0.000000,0.797025,73.829815,1.110460,-0.843227,-0.843227,1.084258,-0.829997,0.213572,-0.000001,0.361200,0.419617
86,fwd,0.743333,0.300000,0.000000,0.000000,0.000000,0.000000,0.000000,0.000000,0.000000,0.000000,0.000000,0.000000,0.799084,73.435838,1.115502,-0.847781,-0.847781,1.084258,-0.829997,0.218168,-0.000001,0.360394,0.421284
87,fwd,0.745556,0.300000,0.000000,0.000000,0.000000,0.000000,0.000000,0.000000,0.000000,0.000000,0.000000,0.000000,0.801145,73.039870,1.123944,-0.852208,-0.852208,1.084258,-0.829997,0.218168,-0.000001,0.360394,0.421284
88,fwd,0.747778,0.300000,0.000000,0.000000,0.000000,0.000000,0.000000,0.000000,0.000000,0.000000,0.000000,0.000000,0.803206,72.641880,1.133491,-0.856478,-0.856478,1.102612,-0.838667,0.218168,-0.000001,0.360394,0.421284
89,fwd,0.750000,0.300000,0.000000,0.000000,0.000000,0.000000,0.000000,0.000000,0.000000,0.000000,0.000000,0.000000,0.805268,72.241836,1.139218,-0.860602,-0.860602,1.102612,-0.838667,0.223276,-0.000001,0.360160,0.423754
90,hold_fwd,0.750000,0.300000,0.000000,0.000000,0.000000,0.000000,0.000000,0.000000,0.000000,0.000000,0.000000,0.000000,0.806398,72.241836,1.142655,-0.860602,-0.860602,1.102612,-0.838667,0.223276,-0.000001,0.360160,0.423754
91,hold_fwd,0.750000,0.300000,0.000000,0.000000,0.000000,0.000000,0.000000,0.000000,0.000000,0.000000,0.000000,0.000000,0.807018,72.241836,1.149413,-0.860602,-0.860602,1.124412,-0.852047,0.223276,-0.000001,0.360160,0.423754
92,hold_fwd,0.750000,0.300000,0.000000,0.000000,0.000000,0.000000,0.000000,0.000000,0.000000,0.000000,0.000000,0.000000,0.807359,72.241836,1.153468,-0.860602,-0.860602,1.124412,-0.852047,0.227742,-0.000001,0.359139,0.425261
93,hold_fwd,0.750000,0.300000,0.000000,0.000000,0.000000,0.000000,0.000000,0.000000,0.000000,0.000000,0.000000,0.000000,0.807546,72.241836,1.153468,-0.864662,-0.864662,1.124412,-0.852047,0.227742,-0.000001,0.359139,0.425261
94,hold_fwd,0.750000,0.300000,0.000000,0.000000,0.000000,0.000000,0.000000,0.000000,0.000000,0.000000,0.000000,0.000000,0.807649,72.241836,1.153468,-0.864662,-0.864662,1.142909,-0.860328,0.227742,-0.000001,0.359139,0.425261
95,hold_fwd,0.750000,0.300000,0.000000,0.000000,0.000000,0.000000,0.000000,0.000000,0.000000,0.000000,0.000000,0.000000,0.807706,72.241836,1.153468,-0.864662,-0.864662,1.142909,-0.860328,0.232957,-0.000001,0.357443,0.426655
96,hold_fwd,0.750000,0.300000,0.000000,0.000000,0.000000,0.000000,0.000000,0.000000,0.000000,0.000000,0.000000,0.000000,0.807737,72.241836,1.153468,-0.864662,-0.864662,1.142909,-0.860328,0.232957,-0.000001,0.357443,0.426655
97,hold_fwd,0.750000,0.300000,0.000000,0.000000,0.000000,0.000000,0.000000,0.000000,0.000000,0.000000,0.000000,0.000000,0.807754,72.241836,1.153468,-0.864662,-0.864662,1.153431,-0.864281,0.232957,-0.000001,0.357443,0.426655
98,hold_fwd,0.750000,0.300000,0.000000,0.000000,0.000000,0.000000,0.000000,0.000000,0.000000,0.000000,0.000000,0.000000,0.807763,72.241836,1.153468,-0.864662,-0.864662,1.153431,-0.864281,0.237674,-0.000001,0.357450,0.429255
99,hold_fwd,0.750000,0.300000,0.000000,0.000000,0.000000,0.000000,0.000000,0.000000,0.000000,0.000000,0.000000,0.000000,0.807768,72.241836,1.153468,-0.864662,-0.864662,1.153431,-0.864281,0.237674,-0.000001,0.357450,0.429255
100,hold_fwd,0.750000,0.300000,0.000000,0.000000,0.000000,0.000000,0.000000,0.000000,0.000000,0.000000,0.000000,0.000000,0.807771,72.241836,1.153468,-0.864662,-0.864662,1.153443,-0.864286,0.237674,-0.000001,0.357450,0.429255
101,hold_fwd,0.750000,0.300000,0.000000,0.000000,0.000000,0.000000,0.000000,0.000000,0.000000,0.000000,0.000000,0.000000,0.807773,72.241836,1.153468,-0.864662,-0.864662,1.153443,-0.864286,0.243021,-0.000001,0.355350,0.430503
102,hold_fwd,0.750000,0.300000,0.000000,0.000000,0.000000,0.000000,0.000000,0.000000,0.000000,0.000000,0.000000,0.000000,0.807774,72.241836,1.153468,-0.864662,-0.864662,1.153443,-0.864286,0.243021,-0.000001,0.355350,0.430503
103,hold_fwd,0.750000,0.300000,0.000000,0.000000,0.000000,0.000000,0.000000,0.000000,0.000000,0.000000,0.000000,0.000000,0.807774,72.241836,1.153468,-0.864662,-0.864662,1.153443,-0.864286,0.243021,-0.000001,0.355350,0.430503
104,hold_fwd,0.750000,0.300000,0.000000,0.000000,0.000000,0.000000,0.000000,0.000000,0.000000,0.000000,0.000000,0.000000,0.807774,72.241836,1.153468,-0.864662,-0.864662,1.153443,-0.864286,0.247719,-0.000001,0.353829,0.431926
105,hold_fwd,0.750000,0.300000,0.000000,0.000000,0.000000,0.000000,0.000000,0.000000,0.000000,0.000000,0.000000,0.000000,0.807775,72.241836,1.153468,-0.864662,-0.864662,1.153443,-0.864286,0.247719,-0.000001,0.353829,0.431926
106,hold_fwd,0.750000,0.300000,0.000000,0.000000,0.000000,0.000000,0.000000,0.000000,0.000000,0.000000,0.000000,0.000000,0.807775,72.241836,1.153468,-0.864662,-0.864662,1.153440,-0.864237,0.247719,-0.000001,0.353829,0.431926
107,hold_fwd,0.750000,0.300000,0.000000,0.000000,0.000000,0.000000,0.000000,0.000000,0.000000,0.000000,0.000000,0.000000,0.807775,72.241836,1.153468,-0.864662,-0.864662,1.153440,-0.864237,0.253208,-0.000001,0.352847,0.434299
108,hold_fwd,0.750000,0.300000,0.000000,0.000000,0.000000,0.000000,0.000000,0.000000,0.000000,0.000000,0.000000,0.000000,0.807775,72.241836,1.153468,-0.864662,-0.864662,1.153440,-0.864237,0.253208,-0.000001,0.352847,0.434299
109,hold_fwd,0.750000,0.300000,0.000000,0.000000,0.000000,0.000000,0.000000,0.000000,0.000000,0.000000,0.000000,0.000000,0.807775,72.241836,1.153468,-0.864662,-0.864662,1.153443,-0.864287,0.253208,-0.000001,0.352847,0.434299
110,hold_fwd,0.750000,0.300000,0.000000,0.000000,0.000000,0.000000,0.000000,0.000000,0.000000,0.000000,0.000000,0.000000,0.807775,72.241836,1.153468,-0.864662,-0.864662,1.153443,-0.864287,0.257702,-0.000001,0.350944,0.435399
111,hold_fwd,0.750000,0.300000,0.000000,0.000000,0.000000,0.000000,0.000000,0.000000,0.000000,0.000000,0.000000,0.000000,0.807775,72.241836,1.153468,-0.864662,-0.864662,1.153443,-0.864287,0.257702,-0.000001,0.350944,0.435399
112,hold_fwd,0.750000,0.300000,0.000000,0.000000,0.000000,0.000000,0.000000,0.000000,0.000000,0.000000,0.000000,0.000000,0.807775,72.241836,1.153468,-0.864662,-0.864662,1.153443,-0.864286,0.257702,-0.000001,0.350944,0.435399
113,hold_fwd,0.750000,0.300000,0.000000,0.000000,0.000000,0.000000,0.000000,0.000000,0.000000,0.000000,0.000000,0.000000,0.807775,72.241836,1.153468,-0.864662,-0.864662,1.153443,-0.864286,0.260024,-0.000001,0.349703,0.435781
114,hold_fwd,0.750000,0.300000,0.000000,0.000000,0.000000,0.000000,0.000000,0.000000,0.000000,0.000000,0.000000,0.000000,0.807775,72.241836,1.153468,-0.864662,-0.864662,1.153443,-0.864286,0.260024,-0.000001,0.349703,0.435781
115,hold_fwd,0.750000,0.300000,0.000000,0.000000,0.000000,0.000000,0.000000,0.000000,0.000000,0.000000,0.000000,0.000000,0.807775,72.241836,1.153468,-0.864662,-0.864662,1.153443,-0.864286,0.260024,-0.000001,0.349703,0.435781
116,hold_fwd,0.750000,0.300000,0.000000,0.000000,0.000000,0.000000,0.000000,0.000000,0.000000,0.000000,0.000000,0.000000,0.807775,72.241836,1.153468,-0.864662,-0.864662,1.153443,-0.864286,0.260027,-0.000001,0.349702,0.435781
117,hold_fwd,0.750000,0.300000,0.000000,0.000000,0.000000,0.000000,0.000000,0.000000,0.000000,0.000000,0.000000,0.000000,0.807775,72.241836,1.153468,-0.864662,-0.864662,1.153443,-0.864286,0.260027,-0.000001,0.349702,0.435781
118,hold_fwd,0.750000,0.300000,0.000000,0.000000,0.000000,0.000000,0.000000,0.000000,0.000000,0.000000,0.000000,0.000000,0.807775,72.241836,1.153468,-0.864662,-0.864662,1.153443,-0.864286,0.260027,-0.000001,0.349702,0.435781
119,hold_fwd,0.750000,0.300000,0.000000,0.000000,0.000000,0.000000,0.000000,0.000000,0.000000,0.000000,0.000000,0.000000,0.807775,72.241836,1.153468,-0.864662,-0.864662,1.153443,-0.864286,0.260027,-0.000001,0.349702,0.435781
120,back_to_base,0.746667,0.300000,0.000000,0.000000,0.000000,0.000000,0.000000,0.000000,0.000000,0.000000,0.000000,0.000000,0.806385,72.841130,1.153468,-0.864662,-0.864662,1.153443,-0.864286,0.260027,-0.000001,0.349702,0.435781
121,back_to_base,0.743333,0.300000,0.000000,0.000000,0.000000,0.000000,0.000000,0.000000,0.000000,0.000000,0.000000,0.000000,0.804233,73.435838,1.153468,-0.864662,-0.864662,1.153443,-0.864286,0.260027,-0.000001,0.349702,0.435781
122,back_to_base,0.740000,0.300000,0.000000,0.000000,0.000000,0.000000,0.000000,0.000000,0.000000,0.000000,0.000000,0.000000,0.801662,74.026067,1.153468,-0.864662,-0.864662,1.153443,-0.864286,0.260025,-0.000001,0.349696,0.435775
123,back_to_base,0.736667,0.300000,0.000000,0.000000,0.000000,0.000000,0.000000,0.000000,0.000000,0.000000,0.000000,0.000000,0.798859,74.611919,1.153468,-0.864662,-0.864662,1.153443,-0.864286,0.260025,-0.000001,0.349696,0.435775
124,back_to_base,0.733333,0.300000,0.000000,0.000000,0.000000,0.000000,0.000000,0.000000,0.000000,0.000000,0.000000,0.000000,0.795930,75.193493,1.153468,-0.864662,-0.864662,1.153443,-0.864286,0.260025,-0.000001,0.349696,0.435775
125,back_to_base,0.730000,0.300000,0.000000,0.000000,0.000000,0.000000,0.000000,0.000000,0.000000,0.000000,0.000000,0.000000,0.792931,75.770884,1.153468,-0.864662,-0.864662,1.153443,-0.864286,0.260027,-0.000001,0.349702,0.435781
126,back_to_base,0.726667,0.300000,0.000000,0.000000,0.000000,0.000000,0.000000,0.000000,0.000000,0.000000,0.000000,0.000000,0.789895,76.344182,1.153468,-0.861327,-0.861327,1.153443,-0.864286,0.260027,-0.000001,0.349702,0.435781
127,back_to_base,0.723333,0.300000,0.000000,0.000000,0.000000,0.000000,0.000000,0.000000,0.000000,0.000000,0.000000,0.000000,0.786839,76.913476,1.146414,-0.857296,-0.857296,1.153443,-0.864192,0.260027,-0.000001,0.349702,0.435781
128,back_to_base,0.720000,0.300000,0.000000,0.000000,0.000000,0.000000,0.000000,0.000000,0.000000,0.000000,0.000000,0.000000,0.783773,77.478849,1.142182,-0.852824,-0.852824,1.153443,-0.864192,0.260027,-0.000001,0.349702,0.435781
129,back_to_base,0.716667,0.300000,0.000000,0.000000,0.000000,0.000000,0.000000,0.000000,0.000000,0.000000,0.000000,0.000000,0.780703,78.040383,1.133852,-0.848077,-0.848077,1.153443,-0.864192,0.260027,-0.000001,0.349702,0.435781
130,back_to_base,0.713333,0.300000,0.000000,0.000000,0.000000,0.000000,0.000000,0.000000,0.000000,0.000000,0.000000,0.000000,0.777630,78.598156,1.123690,-0.843161,-0.843161,1.152894,-0.860584,0.260027,-0.000001,0.349702,0.435781
131,back_to_base,0.710000,0.300000,0.000000,0.000000,0.000000,0.000000,0.000000,0.000000,0.000000,0.000000,0.000000,0.000000,0.774558,79.152243,1.112840,-0.838146,-0.838146,1.152894,-0.860584,0.260027,-0.000001,0.349702,0.435781
132,back_to_base,0.706667,0.300000,0.000000,0.000000,0.000000,0.000000,0.000000,0.000000,0.000000,0.000000,0.000000,0.000000,0.771487,79.702717,1.101846,-0.833077,-0.833077,1.152894,-0.860584,0.260027,-0.000001,0.349702,0.435781
133,back_to_base,0.703333,0.300000,0.000000,0.000000,0.000000,0.000000,0.000000,0.000000,0.000000,0.000000,0.000000,0.000000,0.768418,80.249648,1.095250,-0.827985,-0.827985,1.132951,-0.847294,0.260027,-0.000001,0.349702,0.435781
134,back_to_base,0.700000,0.300000,0.000000,0.000000,0.000000,0.000000,0.000000,0.000000,0.000000,0.000000,0.000000,0.000000,0.765350,80.793104,1.085603,-0.822889,-0.822889,1.132951,-0.847294,0.260027,-0.000001,0.349702,0.435781
135,back_to_base,0.696667,0.300000,0.000000,0.000000,0.000000,0.000000,0.000000,0.000000,0.000000,0.000000,0.000000,0.000000,0.762285,81.333149,1.074733,-0.817801,-0.817801,1.132951,-0.847294,0.260027,-0.000001,0.349702,0.435781
136,back_to_base,0.693333,0.300000,0.000000,0.000000,0.000000,0.000000,0.000000,0.000000,0.000000,0.000000,0.000000,0.000000,0.759221,81.869848,1.063529,-0.812730,-0.812730,1.100874,-0.832106,0.260027,-0.000001,0.349702,0.435781
137,back_to_base,0.690000,0.300000,0.000000,0.000000,0.000000,0.000000,0.000000,0.000000,0.000000,0.000000,0.000000,0.000000,0.756160,82.403260,1.056806,-0.807681,-0.807681,1.100874,-0.832106,0.260027,-0.000001,0.349702,0.435781
138,back_to_base,0.686667,0.300000,0.000000,0.000000,0.000000,0.000000,0.000000,0.000000,0.000000,0.000000,0.000000,0.000000,0.753101,82.933444,1.046981,-0.802657,-0.802657,1.100874,-0.832106,0.260027,-0.000001,0.349702,0.435781
139,back_to_base,0.683333,0.300000,0.000000,0.000000,0.000000,0.000000,0.000000,0.000000,0.000000,0.000000,0.000000,0.000000,0.750045,83.460458,1.035950,-0.797660,-0.797660,1.073616,-0.816786,0.260027,-0.000001,0.349702,0.435781
140,back_to_base,0.680000,0.300000,0.000000,0.000000,0.000000,0.000000,0.000000,0.000000,0.000000,0.000000,0.000000,0.000000,0.746990,83.984356,1.024627,-0.792690,-0.792690,1.073616,-0.816786,0.260027,-0.000001,0.349702,0.435781
141,back_to_base,0.676667,0.300000,0.000000,0.000000,0.000000,0.000000,0.000000,0.000000,0.000000,0.000000,0.000000,0.000000,0.743939,84.505192,1.017834,-0.787750,-0.787750,1.073616,-0.816786,0.260027,-0.000001,0.349702,0.435781
142,back_to_base,0.673333,0.300000,0.000000,0.000000,0.000000,0.000000,0.000000,0.000000,0.000000,0.000000,0.000000,0.000000,0.740889,85.023016,1.007973,-0.782838,-0.782838,1.046119,-0.801852,0.260027,-0.000001,0.349702,0.435781
143,back_to_base,0.670000,0.300000,0.000000,0.000000,0.000000,0.000000,0.000000,0.000000,0.000000,0.000000,0.000000,0.000000,0.737842,85.537879,0.996938,-0.777955,-0.777955,1.046119,-0.801852,0.260010,-0.000001,0.349584,0.435677
144,back_to_base,0.666667,0.300000,0.000000,0.000000,0.000000,0.000000,0.000000,0.000000,0.000000,0.000000,0.000000,0.000000,0.734798,86.049829,0.985632,-0.773101,-0.773101,1.046119,-0.801852,0.260010,-0.000001,0.349584,0.435677
145,back_to_base,0.663333,0.300000,0.000000,0.000000,0.000000,0.000000,0.000000,0.000000,0.000000,0.000000,0.000000,0.000000,0.731756,86.558912,0.978849,-0.768274,-0.768274,1.016913,-0.786965,0.260010,-0.000001,0.349584,0.435677
146,back_to_base,0.660000,0.300000,0.000000,0.000000,0.000000,0.000000,0.000000,0.000000,0.000000,0.000000,0.000000,0.000000,0.728717,87.065173,0.969026,-0.763476,-0.763476,1.016913,-0.786965,0.259341,-0.000001,0.348634,0.434516
147,back_to_base,0.656667,0.300000,0.000000,0.000000,0.000000,0.000000,0.000000,0.000000,0.000000,0.000000,0.000000,0.000000,0.725680,87.568656,0.958042,-0.758705,-0.758705,1.016913,-0.786965,0.259341,-0.000001,0.348634,0.434516
148,back_to_base,0.653333,0.300000,0.000000,0.000000,0.000000,0.000000,0.000000,0.000000,0.000000,0.000000,0.000000,0.000000,0.722646,88.069404,0.946795,-0.753962,-0.753962,0.984614,-0.772149,0.259341,-0.000001,0.348634,0.434516
149,back_to_base,0.650000,0.300000,0.000000,0.000000,0.000000,0.000000,0.000000,0.000000,0.000000,0.000000,0.000000,0.000000,0.719615,88.567456,0.940046,-0.749245,-0.749245,0.984614,-0.772149,0.253992,-0.000001,0.349441,0.431997
150,back_to_base,0.646667,0.300000,0.000000,0.000000,0.000000,0.000000,0.000000,0.000000,0.000000,0.000000,0.000000,0.000000,0.716586,89.062854,0.930276,-0.744554,-0.744554,0.984614,-0.772149,0.253992,-0.000001,0.349441,0.431997
151,back_to_base,0.643333,0.300000,0.000000,0.000000,0.000000,0.000000,0.000000,0.000000,0.000000,0.000000,0.000000,0.000000,0.713560,89.555635,0.919352,-0.739889,-0.739889,0.957200,-0.757913,0.253992,-0.000001,0.349441,0.431997
152,back_to_base,0.640000,0.300000,0.000000,0.000000,0.000000,0.000000,0.000000,0.000000,0.000000,0.000000,0.000000,0.000000,0.710537,90.045837,0.908163,-0.735250,-0.735250,0.957200,-0.757913,0.246061,-0.000001,0.352224,0.429660
153,back_to_base,0.636667,0.300000,0.000000,0.000000,0.000000,0.000000,0.000000,0.000000,0.000000,0.000000,0.000000,0.000000,0.707516,90.533495,0.901450,-0.730636,-0.730636,0.957200,-0.757913,0.246061,-0.000001,0.352224,0.429660
154,back_to_base,0.633333,0.300000,0.000000,0.000000,0.000000,0.000000,0.000000,0.000000,0.000000,0.000000,0.000000,0.000000,0.704499,91.018645,0.891728,-0.726047,-0.726047,0.929175,-0.743614,0.246061,-0.000001,0.352224,0.429660
155,back_to_base,0.630000,0.300000,0.000000,0.000000,0.000000,0.000000,0.000000,0.000000,0.000000,0.000000,0.000000,0.000000,0.701484,91.501321,0.880853,-0.721482,-0.721482,0.929175,-0.743614,0.239204,-0.000001,0.353639,0.426942
156,back_to_base,0.626667,0.300000,0.000000,0.000000,0.000000,0.000000,0.000000,0.000000,0.000000,0.000000,0.000000,0.000000,0.698472,91.981556,0.869713,-0.716941,-0.716941,0.929175,-0.743614,0.239204,-0.000001,0.353639,0.426942
157,back_to_base,0.623333,0.300000,0.000000,0.000000,0.000000,0.000000,0.000000,0.000000,0.000000,0.000000,0.000000,0.000000,0.695463,92.459381,0.863029,-0.712424,-0.712424,0.900485,-0.729853,0.239204,-0.000001,0.353639,0.426942
158,back_to_base,0.620000,0.300000,0.000000,0.000000,0.000000,0.000000,0.000000,0.000000,0.000000,0.000000,0.000000,0.000000,0.692457,92.934827,0.853343,-0.707930,-0.707930,0.900485,-0.729853,0.232227,-0.000001,0.355072,0.424270
159,back_to_base,0.616667,0.300000,0.000000,0.000000,0.000000,0.000000,0.000000,0.000000,0.000000,0.000000,0.000000,0.000000,0.689454,93.407925,0.842506,-0.703460,-0.703460,0.900485,-0.729853,0.232227,-0.000001,0.355072,0.424270
160,back_to_base,0.613333,0.300000,0.000000,0.000000,0.000000,0.000000,0.000000,0.000000,0.000000,0.000000,0.000000,0.000000,0.686454,93.878703,0.831401,-0.699012,-0.699012,0.868904,-0.716176,0.232227,-0.000001,0.355072,0.424270
161,back_to_base,0.610000,0.300000,0.000000,0.000000,0.000000,0.000000,0.000000,0.000000,0.000000,0.000000,0.000000,0.000000,0.683458,94.347190,0.824738,-0.694587,-0.694587,0.868904,-0.716176,0.225084,-0.000001,0.356703,0.421782
162,back_to_base,0.606667,0.300000,0.000000,0.000000,0.000000,0.000000,0.000000,0.000000,0.000000,0.000000,0.000000,0.000000,0.680464,94.813412,0.815077,-0.690184,-0.690184,0.868904,-0.716176,0.225084,-0.000001,0.356703,0.421782
163,back_to_base,0.603333,0.300000,0.000000,0.000000,0.000000,0.000000,0.000000,0.000000,0.000000,0.000000,0.000000,0.000000,0.677474,95.277397,0.804264,-0.685802,-0.685802,0.841680,-0.702699,0.225084,-0.000001,0.356703,0.421782
164,back_to_base,0.600000,0.300000,0.000000,0.000000,0.000000,0.000000,0.000000,0.000000,0.000000,0.000000,0.000000,0.000000,0.674486,95.739170,0.793180,-0.681443,-0.681443,0.841680,-0.702699,0.217178,-0.000001,0.358733,0.419351
165,back_to_base,0.596667,0.300000,0.000000,0.000000,0.000000,0.000000,0.000000,0.000000,0.000000,0.000000,0.000000,0.000000,0.671502,96.198756,0.786530,-0.677105,-0.677105,0.841680,-0.702699,0.217178,-0.000001,0.358733,0.419351
166,back_to_base,0.593333,0.300000,0.000000,0.000000,0.000000,0.000000,0.000000,0.000000,0.000000,0.000000,0.000000,0.000000,0.668522,96.656179,0.776881,-0.672787,-0.672787,0.813958,-0.689265,0.217178,-0.000001,0.358733,0.419351
167,back_to_base,0.590000,0.300000,0.000000,0.000000,0.000000,0.000000,0.000000,0.000000,0.000000,0.000000,0.000000,0.000000,0.665544,97.111463,0.766079,-0.668491,-0.668491,0.813958,-0.689265,0.210494,-0.000001,0.359717,0.416778
168,back_to_base,0.586667,0.300000,0.000000,0.000000,0.000000,0.000000,0.000000,0.000000,0.000000,0.000000,0.000000,0.000000,0.662571,97.564629,0.755003,-0.664215,-0.664215,0.813958,-0.689265,0.210494,-0.000001,0.359717,0.416778
169,back_to_base,0.583333,0.300000,0.000000,0.000000,0.000000,0.000000,0.000000,0.000000,0.000000,0.000000,0.000000,0.000000,0.659600,98.015700,0.748357,-0.659960,-0.659960,0.785926,-0.676456,0.210494,-0.000001,0.359717,0.416778
170,back_to_base,0.580000,0.300000,0.000000,0.000000,0.000000,0.000000,0.000000,0.000000,0.000000,0.000000,0.000000,0.000000,0.656633,98.464697,0.738709,-0.655725,-0.655725,0.785926,-0.676456,0.203572,-0.000000,0.360669,0.414154
171,back_to_base,0.576667,0.300000,0.000000,0.000000,0.000000,0.000000,0.000000,0.000000,0.000000,0.000000,0.000000,0.000000,0.653670,98.911641,0.727905,-0.651509,-0.651509,0.785926,-0.676456,0.203572,-0.000000,0.360669,0.414154
172,back_to_base,0.573333,0.300000,0.000000,0.000000,0.000000,0.000000,0.000000,0.000000,0.000000,0.000000,0.000000,0.000000,0.650710,99.356551,0.716823,-0.647314,-0.647314,0.754173,-0.663466,0.203572,-0.000000,0.360669,0.414154
173,back_to_base,0.570000,0.300000,0.000000,0.000000,0.000000,0.000000,0.000000,0.000000,0.000000,0.000000,0.000000,0.000000,0.647754,99.799448,0.710174,-0.643138,-0.643138,0.754173,-0.663466,0.196622,-0.000000,0.361730,0.411715
174,back_to_base,0.566667,0.300000,0.000000,0.000000,0.000000,0.000000,0.000000,0.000000,0.000000,0.000000,0.000000,0.000000,0.644801,100.240348,0.700516,-0.638981,-0.638981,0.754173,-0.663466,0.196622,-0.000000,0.361730,0.411715
175,back_to_base,0.563333,0.300000,0.000000,0.000000,0.000000,0.000000,0.000000,0.000000,0.000000,0.000000,0.000000,0.000000,0.641852,100.679271,0.689697,-0.634843,-0.634843,0.726719,-0.650569,0.196622,-0.000000,0.361730,0.411715
176,back_to_base,0.560000,0.300000,0.000000,0.000000,0.000000,0.000000,0.000000,0.000000,0.000000,0.000000,0.000000,0.000000,0.638907,101.116234,0.678597,-0.630724,-0.630724,0.726719,-0.650569,0.189098,-0.000000,0.363077,0.409368
177,back_to_base,0.556667,0.300000,0.000000,0.000000,0.000000,0.000000,0.000000,0.000000,0.000000,0.000000,0.000000,0.000000,0.635966,101.551254,0.671937,-0.626624,-0.626624,0.726719,-0.650569,0.189098,-0.000000,0.363077,0.409368
178,back_to_base,0.553333,0.300000,0.000000,0.000000,0.000000,0.000000,0.000000,0.000000,0.000000,0.000000,0.000000,0.000000,0.633029,101.984346,0.662258,-0.622543,-0.622543,0.699278,-0.638047,0.189098,-0.000000,0.363077,0.409368
179,back_to_base,0.550000,0.300000,0.000000,0.000000,0.000000,0.000000,0.000000,0.000000,0.000000,0.000000,0.000000,0.000000,0.630095,102.415527,0.651411,-0.618479,-0.618479,0.699278,-0.638047,0.182580,-0.000000,0.363529,0.406803
180,settle1,0.550000,0.300000,0.000000,0.000000,0.000000,0.000000,0.000000,0.000000,0.000000,0.000000,0.000000,0.000000,0.628478,102.415527,0.644903,-0.618479,-0.618479,0.699278,-0.638047,0.182580,-0.000000,0.363529,0.406803
181,settle1,0.550000,0.300000,0.000000,0.000000,0.000000,0.000000,0.000000,0.000000,0.000000,0.000000,0.000000,0.000000,0.627588,102.415527,0.640998,-0.618479,-0.618479,0.671054,-0.625988,0.182580,-0.000000,0.363529,0.406803
182,settle1,0.550000,0.300000,0.000000,0.000000,0.000000,0.000000,0.000000,0.000000,0.000000,0.000000,0.000000,0.000000,0.627098,102.415527,0.634009,-0.614421,-0.614421,0.671054,-0.625988,0.175923,-0.000000,0.363933,0.404223
183,settle1,0.550000,0.300000,0.000000,0.000000,0.000000,0.000000,0.000000,0.000000,0.000000,0.000000,0.000000,0.000000,0.626828,102.415527,0.629815,-0.614421,-0.614421,0.671054,-0.625988,0.175923,-0.000000,0.363933,0.404223
184,settle1,0.550000,0.300000,0.000000,0.000000,0.000000,0.000000,0.000000,0.000000,0.000000,0.000000,0.000000,0.000000,0.626680,102.415527,0.629815,-0.614421,-0.614421,0.644380,-0.617965,0.175923,-0.000000,0.363933,0.404223
185,settle1,0.550000,0.300000,0.000000,0.000000,0.000000,0.000000,0.000000,0.000000,0.000000,0.000000,0.000000,0.000000,0.626598,102.415527,0.629815,-0.614421,-0.614421,0.644380,-0.617965,0.168541,-0.000000,0.364513,0.401592
186,settle1,0.550000,0.300000,0.000000,0.000000,0.000000,0.000000,0.000000,0.000000,0.000000,0.000000,0.000000,0.000000,0.626553,102.415527,0.629815,-0.614421,-0.614421,0.644380,-0.617965,0.168541,-0.000000,0.364513,0.401592
187,settle1,0.550000,0.300000,0.000000,0.000000,0.000000,0.000000,0.000000,0.000000,0.000000,0.000000,0.000000,0.000000,0.626528,102.415527,0.629815,-0.614421,-0.614421,0.629697,-0.614016,0.168541,-0.000000,0.364513,0.401592
188,settle1,0.550000,0.300000,0.000000,0.000000,0.000000,0.000000,0.000000,0.000000,0.000000,0.000000,0.000000,0.000000,0.626515,102.415527,0.629815,-0.614421,-0.614421,0.629697,-0.614016,0.161243,-0.000000,0.365172,0.399186
189,settle1,0.550000,0.300000,0.000000,0.000000,0.000000,0.000000,0.000000,0.000000,0.000000,0.000000,0.000000,0.000000,0.626507,102.415527,0.629815,-0.614421,-0.614421,0.629697,-0.614016,0.161243,-0.000000,0.365172,0.399186
190,settle1,0.550000,0.300000,0.000000,0.000000,0.000000,0.000000,0.000000,0.000000,0.000000,0.000000,0.000000,0.000000,0.626503,102.415527,0.629815,-0.614421,-0.614421,0.629678,-0.614007,0.161243,-0.000000,0.365172,0.399186
191,settle1,0.550000,0.300000,0.000000,0.000000,0.000000,0.000000,0.000000,0.000000,0.000000,0.000000,0.000000,0.000000,0.626501,102.415527,0.629815,-0.614421,-0.614421,0.629678,-0.614007,0.154967,-0.000000,0.365140,0.396663
192,settle1,0.550000,0.300000,0.000000,0.000000,0.000000,0.000000,0.000000,0.000000,0.000000,0.000000,0.000000,0.000000,0.626500,102.415527,0.629815,-0.614421,-0.614421,0.629678,-0.614007,0.154967,-0.000000,0.365140,0.396663
193,settle1,0.550000,0.300000,0.000000,0.000000,0.000000,0.000000,0.000000,0.000000,0.000000,0.000000,0.000000,0.000000,0.626499,102.415527,0.629815,-0.614421,-0.614421,0.629664,-0.613963,0.154967,-0.000000,0.365140,0.396663
194,settle1,0.550000,0.300000,0.000000,0.000000,0.000000,0.000000,0.000000,0.000000,0.000000,0.000000,0.000000,0.000000,0.626499,102.415527,0.629815,-0.614421,-0.614421,0.629664,-0.613963,0.148636,-0.000000,0.365074,0.394172
195,settle1,0.550000,0.300000,0.000000,0.000000,0.000000,0.000000,0.000000,0.000000,0.000000,0.000000,0.000000,0.000000,0.626498,102.415527,0.629815,-0.614421,-0.614421,0.629664,-0.613963,0.148636,-0.000000,0.365074,0.394172
196,settle1,0.550000,0.300000,0.000000,0.000000,0.000000,0.000000,0.000000,0.000000,0.000000,0.000000,0.000000,0.000000,0.626498,102.415527,0.629815,-0.614421,-0.614421,0.629680,-0.614011,0.148636,-0.000000,0.365074,0.394172
197,settle1,0.550000,0.300000,0.000000,0.000000,0.000000,0.000000,0.000000,0.000000,0.000000,0.000000,0.000000,0.000000,0.626498,102.415527,0.629815,-0.614421,-0.614421,0.629680,-0.614011,0.142337,-0.000000,0.365257,0.392011
198,settle1,0.550000,0.300000,0.000000,0.000000,0.000000,0.000000,0.000000,0.000000,0.000000,0.000000,0.000000,0.000000,0.626498,102.415527,0.629815,-0.614421,-0.614421,0.629680,-0.614011,0.142337,-0.000000,0.365257,0.392011
199,settle1,0.550000,0.300000,0.000000,0.000000,0.000000,0.000000,0.000000,0.000000,0.000000,0.000000,0.000000,0.000000,0.626498,102.415527,0.629815,-0.614421,-0.614421,0.629680,-0.614011,0.142337,-0.000000,0.365257,0.392011
200,settle1,0.550000,0.300000,0.000000,0.000000,0.000000,0.000000,0.000000,0.000000,0.000000,0.000000,0.000000,0.000000,0.626498,102.415527,0.629815,-0.614421,-0.614421,0.629680,-0.614011,0.136630,-0.000000,0.366204,0.390862
201,settle1,0.550000,0.300000,0.000000,0.000000,0.000000,0.000000,0.000000,0.000000,0.000000,0.000000,0.000000,0.000000,0.626498,102.415527,0.629815,-0.614421,-0.614421,0.629680,-0.614011,0.136630,-0.000000,0.366204,0.390862
202,settle1,0.550000,0.300000,0.000000,0.000000,0.000000,0.000000,0.000000,0.000000,0.000000,0.000000,0.000000,0.000000,0.626498,102.415527,0.629815,-0.614421,-0.614421,0.629664,-0.613963,0.136630,-0.000000,0.366204,0.390862
203,settle1,0.550000,0.300000,0.000000,0.000000,0.000000,0.000000,0.000000,0.000000,0.000000,0.000000,0.000000,0.000000,0.626498,102.415527,0.629815,-0.614421,-0.614421,0.629664,-0.613963,0.133802,0.000000,0.366740,0.390386
204,settle1,0.550000,0.300000,0.000000,0.000000,0.000000,0.000000,0.000000,0.000000,0.000000,0.000000,0.000000,0.000000,0.626498,102.415527,0.629815,-0.614421,-0.614421,0.629664,-0.613963,0.133802,0.000000,0.366740,0.390386
205,settle1,0.550000,0.300000,0.000000,0.000000,0.000000,0.000000,0.000000,0.000000,0.000000,0.000000,0.000000,0.000000,0.626498,102.415527,0.629815,-0.614421,-0.614421,0.629680,-0.614011,0.133802,0.000000,0.366740,0.390386
206,settle1,0.550000,0.300000,0.000000,0.000000,0.000000,0.000000,0.000000,0.000000,0.000000,0.000000,0.000000,0.000000,0.626498,102.415527,0.629815,-0.614421,-0.614421,0.629680,-0.614011,0.133798,-0.000000,0.366738,0.390383
207,settle1,0.550000,0.300000,0.000000,0.000000,0.000000,0.000000,0.000000,0.000000,0.000000,0.000000,0.000000,0.000000,0.626498,102.415527,0.629815,-0.614421,-0.614421,0.629680,-0.614011,0.133798,-0.000000,0.366738,0.390383
208,settle1,0.550000,0.300000,0.000000,0.000000,0.000000,0.000000,0.000000,0.000000,0.000000,0.000000,0.000000,0.000000,0.626498,102.415527,0.629815,-0.614421,-0.614421,0.629680,-0.614011,0.133798,-0.000000,0.366738,0.390383
209,settle1,0.550000,0.300000,0.000000,0.000000,0.000000,0.000000,0.000000,0.000000,0.000000,0.000000,0.000000,0.000000,0.626498,102.415527,0.629815,-0.614421,-0.614421,0.629680,-0.614011,0.133798,-0.000000,0.366739,0.390384
210,settle1,0.550000,0.300000,0.000000,0.000000,0.000000,0.000000,0.000000,0.000000,0.000000,0.000000,0.000000,0.000000,0.626498,102.415527,0.629815,-0.614421,-0.614421,0.629680,-0.614011,0.133798,-0.000000,0.366739,0.390384
211,settle1,0.550000,0.300000,0.000000,0.000000,0.000000,0.000000,0.000000,0.000000,0.000000,0.000000,0.000000,0.000000,0.626498,102.415527,0.629815,-0.614421,-0.614421,0.629680,-0.614011,0.133798,-0.000000,0.366739,0.390384
212,settle1,0.550000,0.300000,0.000000,0.000000,0.000000,0.000000,0.000000,0.000000,0.000000,0.000000,0.000000,0.000000,0.626498,102.415527,0.629815,-0.614421,-0.614421,0.629680,-0.614011,0.133798,0.000000,0.366739,0.390384
213,settle1,0.550000,0.300000,0.000000,0.000000,0.000000,0.000000,0.000000,0.000000,0.000000,0.000000,0.000000,0.000000,0.626498,102.415527,0.629815,-0.614421,-0.614421,0.629680,-0.614011,0.133798,0.000000,0.366739,0.390384
214,settle1,0.550000,0.300000,0.000000,0.000000,0.000000,0.000000,0.000000,0.000000,0.000000,0.000000,0.000000,0.000000,0.626498,102.415527,0.629815,-0.614421,-0.614421,0.629680,-0.614011,0.133798,0.000000,0.366739,0.390384
215,settle1,0.550000,0.300000,0.000000,0.000000,0.000000,0.000000,0.000000,0.000000,0.000000,0.000000,0.000000,0.000000,0.626498,102.415527,0.629815,-0.614421,-0.614421,0.629680,-0.614011,0.133798,-0.000000,0.366739,0.390384
216,settle1,0.550000,0.300000,0.000000,0.000000,0.000000,0.000000,0.000000,0.000000,0.000000,0.000000,0.000000,0.000000,0.626498,102.415527,0.629815,-0.614421,-0.614421,0.629680,-0.614011,0.133798,-0.000000,0.366739,0.390384
217,settle1,0.550000,0.300000,0.000000,0.000000,0.000000,0.000000,0.000000,0.000000,0.000000,0.000000,0.000000,0.000000,0.626498,102.415527,0.629815,-0.614421,-0.614421,0.629680,-0.614011,0.133798,-0.000000,0.366739,0.390384
218,settle1,0.550000,0.300000,0.000000,0.000000,0.000000,0.000000,0.000000,0.000000,0.000000,0.000000,0.000000,0.000000,0.626498,102.415527,0.629815,-0.614421,-0.614421,0.629680,-0.614011,0.133798,0.000000,0.366739,0.390384
219,settle1,0.550000,0.300000,0.000000,0.000000,0.000000,0.000000,0.000000,0.000000,0.000000,0.000000,0.000000,0.000000,0.626498,102.415527,0.629815,-0.614421,-0.614421,0.629680,-0.614011,0.133798,0.000000,0.366739,0.390384
220,settle1,0.550000,0.300000,0.000000,0.000000,0.000000,0.000000,0.000000,0.000000,0.000000,0.000000,0.000000,0.000000,0.626498,102.415527,0.629815,-0.614421,-0.614421,0.629664,-0.613963,0.133798,0.000000,0.366739,0.390384
221,settle1,0.550000,0.300000,0.000000,0.000000,0.000000,0.000000,0.000000,0.000000,0.000000,0.000000,0.000000,0.000000,0.626498,102.415527,0.629815,-0.614421,-0.614421,0.629664,-0.613963,0.133798,-0.000000,0.366739,0.390384
222,settle1,0.550000,0.300000,0.000000,0.000000,0.000000,0.000000,0.000000,0.000000,0.000000,0.000000,0.000000,0.000000,0.626498,102.415527,0.629815,-0.614421,-0.614421,0.629664,-0.613963,0.133798,-0.000000,0.366739,0.390384
223,settle1,0.550000,0.300000,0.000000,0.000000,0.000000,0.000000,0.000000,0.000000,0.000000,0.000000,0.000000,0.000000,0.626498,102.415527,0.629815,-0.614421,-0.614421,0.629680,-0.614011,0.133798,-0.000000,0.366739,0.390384
224,settle1,0.550000,0.300000,0.000000,0.000000,0.000000,0.000000,0.000000,0.000000,0.000000,0.000000,0.000000,0.000000,0.626498,102.415527,0.629815,-0.614421,-0.614421,0.629680,-0.614011,0.133798,0.000000,0.366739,0.390384
225,settle1,0.550000,0.300000,0.000000,0.000000,0.000000,0.000000,0.000000,0.000000,0.000000,0.000000,0.000000,0.000000,0.626498,102.415527,0.629815,-0.614421,-0.614421,0.629680,-0.614011,0.133798,0.000000,0.366739,0.390384
226,settle1,0.550000,0.300000,0.000000,0.000000,0.000000,0.000000,0.000000,0.000000,0.000000,0.000000,0.000000,0.000000,0.626498,102.415527,0.629815,-0.614421,-0.614421,0.629680,-0.614011,0.133798,0.000000,0.366739,0.390384
227,settle1,0.550000,0.300000,0.000000,0.000000,0.000000,0.000000,0.000000,0.000000,0.000000,0.000000,0.000000,0.000000,0.626498,102.415527,0.629815,-0.614421,-0.614421,0.629680,-0.614011,0.133798,-0.000000,0.366739,0.390384
228,settle1,0.550000,0.300000,0.000000,0.000000,0.000000,0.000000,0.000000,0.000000,0.000000,0.000000,0.000000,0.000000,0.626498,102.415527,0.629815,-0.614421,-0.614421,0.629680,-0.614011,0.133798,-0.000000,0.366739,0.390384
229,settle1,0.550000,0.300000,0.000000,0.000000,0.000000,0.000000,0.000000,0.000000,0.000000,0.000000,0.000000,0.000000,0.626498,102.415527,0.629815,-0.614421,-0.614421,0.629662,-0.613959,0.133798,-0.000000,0.366739,0.390384
230,settle1,0.550000,0.300000,0.000000,0.000000,0.000000,0.000000,0.000000,0.000000,0.000000,0.000000,0.000000,0.000000,0.626498,102.415527,0.629815,-0.614421,-0.614421,0.629662,-0.613959,0.133798,0.000000,0.366739,0.390384
231,settle1,0.550000,0.300000,0.000000,0.000000,0.000000,0.000000,0.000000,0.000000,0.000000,0.000000,0.000000,0.000000,0.626498,102.415527,0.629815,-0.614421,-0.614421,0.629662,-0.613959,0.133798,0.000000,0.366739,0.390384
232,settle1,0.550000,0.300000,0.000000,0.000000,0.000000,0.000000,0.000000,0.000000,0.000000,0.000000,0.000000,0.000000,0.626498,102.415527,0.629815,-0.614421,-0.614421,0.629664,-0.613963,0.133798,0.000000,0.366739,0.390384
233,settle1,0.550000,0.300000,0.000000,0.000000,0.000000,0.000000,0.000000,0.000000,0.000000,0.000000,0.000000,0.000000,0.626498,102.415527,0.629815,-0.614421,-0.614421,0.629664,-0.613963,0.133798,-0.000000,0.366739,0.390384
234,settle1,0.550000,0.300000,0.000000,0.000000,0.000000,0.000000,0.000000,0.000000,0.000000,0.000000,0.000000,0.000000,0.626498,102.415527,0.629815,-0.614421,-0.614421,0.629664,-0.613963,0.133798,-0.000000,0.366739,0.390384
235,settle1,0.550000,0.300000,0.000000,0.000000,0.000000,0.000000,0.000000,0.000000,0.000000,0.000000,0.000000,0.000000,0.626498,102.415527,0.629815,-0.614421,-0.614421,0.629680,-0.614011,0.133798,-0.000000,0.366739,0.390384
236,settle1,0.550000,0.300000,0.000000,0.000000,0.000000,0.000000,0.000000,0.000000,0.000000,0.000000,0.000000,0.000000,0.626498,102.415527,0.629815,-0.614421,-0.614421,0.629680,-0.614011,0.133798,0.000000,0.366739,0.390384
237,settle1,0.550000,0.300000,0.000000,0.000000,0.000000,0.000000,0.000000,0.000000,0.000000,0.000000,0.000000,0.000000,0.626498,102.415527,0.629815,-0.614421,-0.614421,0.629680,-0.614011,0.133798,0.000000,0.366739,0.390384
238,settle1,0.550000,0.300000,0.000000,0.000000,0.000000,0.000000,0.000000,0.000000,0.000000,0.000000,0.000000,0.000000,0.626498,102.415527,0.629815,-0.614421,-0.614421,0.629664,-0.613963,0.133798,0.000000,0.366739,0.390384
239,settle1,0.550000,0.300000,0.000000,0.000000,0.000000,0.000000,0.000000,0.000000,0.000000,0.000000,0.000000,0.000000,0.626498,102.415527,0.629815,-0.614421,-0.614421,0.629664,-0.613963,0.133798,-0.000000,0.366739,0.390384
240,back,0.547778,0.300000,0.000000,0.000000,0.000000,0.000000,0.000000,0.000000,0.000000,0.000000,0.000000,0.000000,0.625621,102.701927,0.629815,-0.614421,-0.614421,0.629664,-0.613963,0.133798,-0.000000,0.366739,0.390384
241,back,0.545556,0.300000,0.000000,0.000000,0.000000,0.000000,0.000000,0.000000,0.000000,0.000000,0.000000,0.000000,0.624263,102.987488,0.629815,-0.610395,-0.610395,0.629664,-0.613963,0.133798,-0.000000,0.366739,0.390384
242,back,0.543333,0.300000,0.000000,0.000000,0.000000,0.000000,0.000000,0.000000,0.000000,0.000000,0.000000,0.000000,0.622640,103.272215,0.622223,-0.610395,-0.610395,0.629664,-0.613963,0.133798,0.000000,0.366739,0.390384
243,back,0.541111,0.300000,0.000000,0.000000,0.000000,0.000000,0.000000,0.000000,0.000000,0.000000,0.000000,0.000000,0.620873,103.556112,0.617667,-0.606304,-0.606304,0.629664,-0.613963,0.133798,0.000000,0.366739,0.390384
244,back,0.538889,0.300000,0.000000,0.000000,0.000000,0.000000,0.000000,0.000000,0.000000,0.000000,0.000000,0.000000,0.619027,103.839183,0.609960,-0.606304,-0.606304,0.629340,-0.613786,0.133798,0.000000,0.366739,0.390384
245,back,0.536667,0.300000,0.000000,0.000000,0.000000,0.000000,0.000000,0.000000,0.000000,0.000000,0.000000,0.000000,0.617139,104.121432,0.605336,-0.602056,-0.602056,0.629340,-0.613786,0.133798,-0.000000,0.366738,0.390382
246,back,0.534444,0.300000,0.000000,0.000000,0.000000,0.000000,0.000000,0.000000,0.000000,0.000000,0.000000,0.000000,0.615228,104.402862,0.597562,-0.602056,-0.602056,0.629340,-0.613786,0.133798,-0.000000,0.366738,0.390382
247,back,0.532222,0.300000,0.000000,0.000000,0.000000,0.000000,0.000000,0.000000,0.000000,0.000000,0.000000,0.000000,0.613305,104.683478,0.592898,-0.597621,-0.597621,0.616768,-0.605710,0.133798,-0.000000,0.366738,0.390382
248,back,0.530000,0.300000,0.000000,0.000000,0.000000,0.000000,0.000000,0.000000,0.000000,0.000000,0.000000,0.000000,0.611377,104.963283,0.585053,-0.593374,-0.593374,0.616768,-0.605710,0.133798,-0.000000,0.366739,0.390383
249,back,0.527778,0.300000,0.000000,0.000000,0.000000,0.000000,0.000000,0.000000,0.000000,0.000000,0.000000,0.000000,0.609447,105.242281,0.580347,-0.593374,-0.593374,0.616768,-0.605710,0.133798,-0.000000,0.366739,0.390383
250,back,0.525556,0.300000,0.000000,0.000000,0.000000,0.000000,0.000000,0.000000,0.000000,0.000000,0.000000,0.000000,0.607516,105.520475,0.572434,-0.589072,-0.589072,0.596742,-0.601258,0.133798,-0.000000,0.366739,0.390383
251,back,0.523333,0.300000,0.000000,0.000000,0.000000,0.000000,0.000000,0.000000,0.000000,0.000000,0.000000,0.000000,0.605586,105.797868,0.567687,-0.589072,-0.589072,0.596742,-0.601258,0.133798,0.000000,0.366739,0.390383
252,back,0.521111,0.300000,0.000000,0.000000,0.000000,0.000000,0.000000,0.000000,0.000000,0.000000,0.000000,0.000000,0.603658,106.074464,0.559717,-0.584634,-0.584634,0.596742,-0.601258,0.133798,0.000000,0.366739,0.390383
253,back,0.518889,0.300000,0.000000,0.000000,0.000000,0.000000,0.000000,0.000000,0.000000,0.000000,0.000000,0.000000,0.601731,106.350266,0.554935,-0.580407,-0.580407,0.579624,-0.592721,0.133798,0.000000,0.366739,0.390383
254,back,0.516667,0.300000,0.000000,0.000000,0.000000,0.000000,0.000000,0.000000,0.000000,0.000000,0.000000,0.000000,0.599806,106.625276,0.546917,-0.580407,-0.580407,0.579624,-0.592721,0.133798,-0.000000,0.366739,0.390383
255,back,0.514444,0.300000,0.000000,0.000000,0.000000,0.000000,0.000000,0.000000,0.000000,0.000000,0.000000,0.000000,0.597883,106.899499,0.542107,-0.576141,-0.576141,0.579624,-0.592721,0.133798,-0.000000,0.366739,0.390383
256,back,0.512222,0.300000,0.000000,0.000000,0.000000,0.000000,0.000000,0.000000,0.000000,0.000000,0.000000,0.000000,0.595962,107.172936,0.534050,-0.576141,-0.576141,0.559167,-0.584023,0.133798,-0.000000,0.366739,0.390383
257,back,0.510000,0.300000,0.000000,0.000000,0.000000,0.000000,0.000000,0.000000,0.000000,0.000000,0.000000,0.000000,0.594043,107.445591,0.529216,-0.571749,-0.571749,0.559167,-0.584023,0.133798,0.000000,0.366739,0.390383
258,back,0.507778,0.300000,0.000000,0.000000,0.000000,0.000000,0.000000,0.000000,0.000000,0.000000,0.000000,0.000000,0.592126,107.717466,0.521127,-0.571749,-0.571749,0.559167,-0.584023,0.133798,0.000000,0.366739,0.390383
259,back,0.505556,0.300000,0.000000,0.000000,0.000000,0.000000,0.000000,0.000000,0.000000,0.000000,0.000000,0.000000,0.590211,107.988564,0.516273,-0.567219,-0.567219,0.541122,-0.575520,0.133798,0.000000,0.366739,0.390383
260,back,0.503333,0.300000,0.000000,0.000000,0.000000,0.000000,0.000000,0.000000,0.000000,0.000000,0.000000,0.000000,0.588298,108.258887,0.508155,-0.562918,-0.562918,0.541122,-0.575520,0.133241,-0.000000,0.366495,0.389964
261,back,0.501111,0.300000,0.000000,0.000000,0.000000,0.000000,0.000000,0.000000,0.000000,0.000000,0.000000,0.000000,0.586388,108.528438,0.503285,-0.562918,-0.562918,0.541122,-0.575520,0.133241,-0.000000,0.366495,0.389964
262,back,0.498889,0.300000,0.000000,0.000000,0.000000,0.000000,0.000000,0.000000,0.000000,0.000000,0.000000,0.000000,0.584479,108.797219,0.495140,-0.558611,-0.558611,0.520471,-0.571095,0.133241,-0.000000,0.366495,0.389964
263,back,0.496667,0.300000,0.000000,0.000000,0.000000,0.000000,0.000000,0.000000,0.000000,0.000000,0.000000,0.000000,0.582573,109.065233,0.490254,-0.558611,-0.558611,0.520471,-0.571095,0.130103,0.000000,0.365885,0.388328
264,back,0.494444,0.300000,0.000000,0.000000,0.000000,0.000000,0.000000,0.000000,0.000000,0.000000,0.000000,0.000000,0.580670,109.332481,0.482085,-0.554210,-0.554210,0.520471,-0.571095,0.130103,0.000000,0.365885,0.388328
265,back,0.492222,0.300000,0.000000,0.000000,0.000000,0.000000,0.000000,0.000000,0.000000,0.000000,0.000000,0.000000,0.578768,109.598966,0.477183,-0.554210,-0.554210,0.502341,-0.562152,0.130103,0.000000,0.365885,0.388328
266,back,0.490000,0.300000,0.000000,0.000000,0.000000,0.000000,0.000000,0.000000,0.000000,0.000000,0.000000,0.000000,0.576869,109.864689,0.468989,-0.549699,-0.549699,0.502341,-0.562152,0.125649,0.000000,0.366561,0.387498
267,back,0.487778,0.300000,0.000000,0.000000,0.000000,0.000000,0.000000,0.000000,0.000000,0.000000,0.000000,0.000000,0.574972,110.129654,0.464073,-0.545433,-0.545433,0.502341,-0.562152,0.125649,0.000000,0.366561,0.387498
268,back,0.485556,0.300000,0.000000,0.000000,0.000000,0.000000,0.000000,0.000000,0.000000,0.000000,0.000000,0.000000,0.573077,110.393860,0.455855,-0.545433,-0.545433,0.481440,-0.553569,0.125649,0.000000,0.366561,0.387498
269,back,0.483333,0.300000,0.000000,0.000000,0.000000,0.000000,0.000000,0.000000,0.000000,0.000000,0.000000,0.000000,0.571185,110.657311,0.450925,-0.541175,-0.541175,0.481440,-0.553569,0.121853,0.000000,0.365867,0.385626
270,back,0.481111,0.300000,0.000000,0.000000,0.000000,0.000000,0.000000,0.000000,0.000000,0.000000,0.000000,0.000000,0.569295,110.920007,0.442682,-0.541175,-0.541175,0.481440,-0.553569,0.121853,0.000000,0.365867,0.385626
271,back,0.478889,0.300000,0.000000,0.000000,0.000000,0.000000,0.000000,0.000000,0.000000,0.000000,0.000000,0.000000,0.567408,111.181951,0.437736,-0.536836,-0.536836,0.463327,-0.544918,0.121853,0.000000,0.365867,0.385626
272,back,0.476667,0.300000,0.000000,0.000000,0.000000,0.000000,0.000000,0.000000,0.000000,0.000000,0.000000,0.000000,0.565523,111.443144,0.429468,-0.536836,-0.536836,0.463327,-0.544918,0.117433,0.000000,0.365308,0.383719
273,back,0.474444,0.300000,0.000000,0.000000,0.000000,0.000000,0.000000,0.000000,0.000000,0.000000,0.000000,0.000000,0.563640,111.703588,0.424507,-0.532396,-0.532396,0.463327,-0.544918,0.117433,0.000000,0.365308,0.383719
274,back,0.472222,0.300000,0.000000,0.000000,0.000000,0.000000,0.000000,0.000000,0.000000,0.000000,0.000000,0.000000,0.561760,111.963283,0.416213,-0.532396,-0.532396,0.442025,-0.540529,0.117433,0.000000,0.365308,0.383719
275,back,0.470000,0.300000,0.000000,0.000000,0.000000,0.000000,0.000000,0.000000,0.000000,0.000000,0.000000,0.000000,0.559883,112.222231,0.411236,-0.527866,-0.527866,0.442025,-0.540529,0.113427,0.000000,0.364908,0.382131
276,back,0.467778,0.300000,0.000000,0.000000,0.000000,0.000000,0.000000,0.000000,0.000000,0.000000,0.000000,0.000000,0.558008,112.480433,0.402915,-0.527866,-0.527866,0.442025,-0.540529,0.113427,0.000000,0.364908,0.382131
277,back,0.465556,0.300000,0.000000,0.000000,0.000000,0.000000,0.000000,0.000000,0.000000,0.000000,0.000000,0.000000,0.556135,112.737891,0.397923,-0.523266,-0.523266,0.423748,-0.531876,0.113427,0.000000,0.364908,0.382131
278,back,0.463333,0.300000,0.000000,0.000000,0.000000,0.000000,0.000000,0.000000,0.000000,0.000000,0.000000,0.000000,0.554265,112.994605,0.389574,-0.518951,-0.518951,0.423748,-0.531876,0.108987,0.000000,0.365347,0.381257
279,back,0.461111,0.300000,0.000000,0.000000,0.000000,0.000000,0.000000,0.000000,0.000000,0.000000,0.000000,0.000000,0.552398,113.250576,0.384564,-0.518951,-0.518951,0.423748,-0.531876,0.108987,0.000000,0.365347,0.381257
280,back,0.458889,0.300000,0.000000,0.000000,0.000000,0.000000,0.000000,0.000000,0.000000,0.000000,0.000000,0.000000,0.550534,113.505805,0.376187,-0.514687,-0.514687,0.402246,-0.527220,0.108987,0.000000,0.365347,0.381257
281,back,0.456667,0.300000,0.000000,0.000000,0.000000,0.000000,0.000000,0.000000,0.000000,0.000000,0.000000,0.000000,0.548672,113.760293,0.371160,-0.514687,-0.514687,0.402246,-0.527220,0.105015,0.000000,0.364370,0.379201
282,back,0.454444,0.300000,0.000000,0.000000,0.000000,0.000000,0.000000,0.000000,0.000000,0.000000,0.000000,0.000000,0.546812,114.014040,0.362753,-0.510381,-0.510381,0.402246,-0.527220,0.105015,0.000000,0.364370,0.379201
283,back,0.452222,0.300000,0.000000,0.000000,0.000000,0.000000,0.000000,0.000000,0.000000,0.000000,0.000000,0.000000,0.544956,114.267048,0.357708,-0.510381,-0.510381,0.383791,-0.518321,0.105015,0.000000,0.364370,0.379201
284,back,0.450000,0.300000,0.000000,0.000000,0.000000,0.000000,0.000000,0.000000,0.000000,0.000000,0.000000,0.000000,0.543102,114.519316,0.349270,-0.506006,-0.506006,0.383791,-0.518321,0.100732,0.000000,0.363553,0.377251
285,back,0.447778,0.300000,0.000000,0.000000,0.000000,0.000000,0.000000,0.000000,0.000000,0.000000,0.000000,0.000000,0.541251,114.770846,0.344207,-0.506006,-0.506006,0.383791,-0.518321,0.100732,0.000000,0.363553,0.377251
286,back,0.445556,0.300000,0.000000,0.000000,0.000000,0.000000,0.000000,0.000000,0.000000,0.000000,0.000000,0.000000,0.539403,115.021637,0.335737,-0.501565,-0.501565,0.361831,-0.509771,0.100732,0.000000,0.363553,0.377251
287,back,0.443333,0.300000,0.000000,0.000000,0.000000,0.000000,0.000000,0.000000,0.000000,0.000000,0.000000,0.000000,0.537557,115.271691,0.326164,-0.501565,-0.501565,0.361831,-0.509771,0.096810,0.000000,0.362852,0.375544
288,back,0.441111,0.300000,0.000000,0.000000,0.000000,0.000000,0.000000,0.000000,0.000000,0.000000,0.000000,0.000000,0.535715,115.521006,0.320420,-0.497073,-0.497073,0.361831,-0.509771,0.096810,0.000000,0.362852,0.375544
289,back,0.438889,0.300000,0.000000,0.000000,0.000000,0.000000,0.000000,0.000000,0.000000,0.000000,0.000000,0.000000,0.533875,115.769583,0.312128,-0.497073,-0.497073,0.343070,-0.505212,0.096810,0.000000,0.362852,0.375544
290,back,0.436667,0.300000,0.000000,0.000000,0.000000,0.000000,0.000000,0.000000,0.000000,0.000000,0.000000,0.000000,0.532039,116.017423,0.307153,-0.492546,-0.492546,0.343070,-0.505212,0.092306,0.000000,0.363022,0.374573
291,back,0.434444,0.300000,0.000000,0.000000,0.000000,0.000000,0.000000,0.000000,0.000000,0.000000,0.000000,0.000000,0.530205,116.264526,0.299083,-0.492546,-0.492546,0.343070,-0.505212,0.092306,0.000000,0.363022,0.374573
292,back,0.432222,0.300000,0.000000,0.000000,0.000000,0.000000,0.000000,0.000000,0.000000,0.000000,0.000000,0.000000,0.528374,116.510890,0.294241,-0.487998,-0.487998,0.319655,-0.496562,0.092306,0.000000,0.363022,0.374573
293,back,0.430000,0.300000,0.000000,0.000000,0.000000,0.000000,0.000000,0.000000,0.000000,0.000000,0.000000,0.000000,0.526546,116.756516,0.286087,-0.487998,-0.487998,0.319655,-0.496562,0.088426,0.000000,0.362174,0.372812
294,back,0.427778,0.300000,0.000000,0.000000,0.000000,0.000000,0.000000,0.000000,0.000000,0.000000,0.000000,0.000000,0.524722,117.001405,0.281195,-0.483444,-0.483444,0.319655,-0.496562,0.088426,0.000000,0.362174,0.372812
295,back,0.425556,0.300000,0.000000,0.000000,0.000000,0.000000,0.000000,0.000000,0.000000,0.000000,0.000000,0.000000,0.522900,117.245555,0.272896,-0.483444,-0.483444,0.298408,-0.491903,0.088426,0.000000,0.362174,0.372812
296,back,0.423333,0.300000,0.000000,0.000000,0.000000,0.000000,0.000000,0.000000,0.000000,0.000000,0.000000,0.000000,0.521081,117.488966,0.267916,-0.478892,-0.478892,0.298408,-0.491903,0.083960,0.000000,0.362121,0.371727
297,back,0.421111,0.300000,0.000000,0.000000,0.000000,0.000000,0.000000,0.000000,0.000000,0.000000,0.000000,0.000000,0.519266,117.731637,0.259481,-0.478892,-0.478892,0.298408,-0.491903,0.083960,0.000000,0.362121,0.371727
298,back,0.418889,0.300000,0.000000,0.000000,0.000000,0.000000,0.000000,0.000000,0.000000,0.000000,0.000000,0.000000,0.517454,117.973569,0.249894,-0.474349,-0.474349,0.280127,-0.482836,0.083960,0.000000,0.362121,0.371727
299,back,0.416667,0.300000,0.000000,0.000000,0.000000,0.000000,0.000000,0.000000,0.000000,0.000000,0.000000,0.000000,0.515645,118.214760,0.244143,-0.474349,-0.474349,0.280127,-0.482836,0.080228,0.000000,0.360795,0.369607
300,back,0.414444,0.300000,0.000000,0.000000,0.000000,0.000000,0.000000,0.000000,0.000000,0.000000,0.000000,0.000000,0.513839,118.455209,0.235775,-0.469821,-0.469821,0.280127,-0.482836,0.080228,0.000000,0.360795,0.369607
301,back,0.412222,0.300000,0.000000,0.000000,0.000000,0.000000,0.000000,0.000000,0.000000,0.000000,0.000000,0.000000,0.512037,118.694917,0.230754,-0.469821,-0.469821,0.258334,-0.478102,0.080228,0.000000,0.360795,0.369607
302,back,0.410000,0.300000,0.000000,0.000000,0.000000,0.000000,0.000000,0.000000,0.000000,0.000000,0.000000,0.000000,0.510237,118.933882,0.222562,-0.465312,-0.465312,0.258334,-0.478102,0.075990,0.000000,0.359961,0.367895
303,back,0.407778,0.300000,0.000000,0.000000,0.000000,0.000000,0.000000,0.000000,0.000000,0.000000,0.000000,0.000000,0.508442,119.172102,0.217646,-0.465312,-0.465312,0.258334,-0.478102,0.075990,0.000000,0.359961,0.367895
304,back,0.405556,0.300000,0.000000,0.000000,0.000000,0.000000,0.000000,0.000000,0.000000,0.000000,0.000000,0.000000,0.506649,119.409578,0.209334,-0.460825,-0.460825,0.235085,-0.469319,0.075990,0.000000,0.359961,0.367895
305,back,0.403333,0.300000,0.000000,0.000000,0.000000,0.000000,0.000000,0.000000,0.000000,0.000000,0.000000,0.000000,0.504860,119.646307,0.199861,-0.460825,-0.460825,0.235085,-0.469319,0.071867,0.000000,0.359639,0.366749
306,back,0.401111,0.300000,0.000000,0.000000,0.000000,0.000000,0.000000,0.000000,0.000000,0.000000,0.000000,0.000000,0.503075,119.882290,0.194177,-0.456361,-0.456361,0.235085,-0.469319,0.071867,0.000000,0.359639,0.366749
307,back,0.398889,0.300000,0.000000,0.000000,0.000000,0.000000,0.000000,0.000000,0.000000,0.000000,0.000000,0.000000,0.501292,120.117523,0.185840,-0.456361,-0.456361,0.216496,-0.464532,0.071867,0.000000,0.359639,0.366749
308,back,0.396667,0.300000,0.000000,0.000000,0.000000,0.000000,0.000000,0.000000,0.000000,0.000000,0.000000,0.000000,0.499514,120.352007,0.180838,-0.451922,-0.451922,0.216496,-0.464532,0.067245,0.000000,0.358699,0.364948
309,back,0.394444,0.300000,0.000000,0.000000,0.000000,0.000000,0.000000,0.000000,0.000000,0.000000,0.000000,0.000000,0.497739,120.585739,0.172614,-0.451922,-0.451922,0.216496,-0.464532,0.067245,0.000000,0.358699,0.364948
310,back,0.392222,0.300000,0.000000,0.000000,0.000000,0.000000,0.000000,0.000000,0.000000,0.000000,0.000000,0.000000,0.495968,120.818718,0.167680,-0.447508,-0.447508,0.193105,-0.455769,0.067245,0.000000,0.358699,0.364948
311,back,0.390000,0.300000,0.000000,0.000000,0.000000,0.000000,0.000000,0.000000,0.000000,0.000000,0.000000,0.000000,0.494200,121.050943,0.159293,-0.447508,-0.447508,0.193105,-0.455769,0.063057,0.000000,0.358216,0.363723
312,back,0.387778,0.300000,0.000000,0.000000,0.000000,0.000000,0.000000,0.000000,0.000000,0.000000,0.000000,0.000000,0.492436,121.282412,0.149714,-0.443120,-0.443120,0.193105,-0.455769,0.063057,0.000000,0.358216,0.363723
313,back,0.385556,0.300000,0.000000,0.000000,0.000000,0.000000,0.000000,0.000000,0.000000,0.000000,0.000000,0.000000,0.490675,121.513122,0.143966,-0.443120,-0.443120,0.171778,-0.451301,0.063057,0.000000,0.358216,0.363723
314,back,0.383333,0.300000,0.000000,0.000000,0.000000,0.000000,0.000000,0.000000,0.000000,0.000000,0.000000,0.000000,0.488919,121.743073,0.135515,-0.438760,-0.438760,0.171778,-0.451301,0.059588,0.000000,0.356799,0.361740
315,back,0.381111,0.300000,0.000000,0.000000,0.000000,0.000000,0.000000,0.000000,0.000000,0.000000,0.000000,0.000000,0.487166,121.972262,0.130443,-0.438760,-0.438760,0.171778,-0.451301,0.059588,0.000000,0.356799,0.361740
316,back,0.378889,0.300000,0.000000,0.000000,0.000000,0.000000,0.000000,0.000000,0.000000,0.000000,0.000000,0.000000,0.485417,122.200687,0.122089,-0.434426,-0.434426,0.148978,-0.442633,0.059588,0.000000,0.356799,0.361740
317,back,0.376667,0.300000,0.000000,0.000000,0.000000,0.000000,0.000000,0.000000,0.000000,0.000000,0.000000,0.000000,0.483672,122.428346,0.112589,-0.434426,-0.434426,0.148978,-0.442633,0.055859,0.000000,0.356571,0.360920
318,back,0.374444,0.300000,0.000000,0.000000,0.000000,0.000000,0.000000,0.000000,0.000000,0.000000,0.000000,0.000000,0.481931,122.655237,0.106889,-0.430120,-0.430120,0.148978,-0.442633,0.055859,0.000000,0.356571,0.360920
319,back,0.372222,0.300000,0.000000,0.000000,0.000000,0.000000,0.000000,0.000000,0.000000,0.000000,0.000000,0.000000,0.480194,122.881358,0.098476,-0.430120,-0.430120,0.135569,-0.439122,0.055859,0.000000,0.356571,0.360920
320,back,0.370000,0.300000,0.000000,0.000000,0.000000,0.000000,0.000000,0.000000,0.000000,0.000000,0.000000,0.000000,0.478461,123.106706,0.093428,-0.425842,-0.425842,0.135569,-0.439122,0.054483,0.000000,0.356052,0.360196
321,back,0.367778,0.300000,0.000000,0.000000,0.000000,0.000000,0.000000,0.000000,0.000000,0.000000,0.000000,0.000000,0.476732,123.331278,0.085064,-0.425842,-0.425842,0.135569,-0.439122,0.054483,0.000000,0.356052,0.360196
322,back,0.365556,0.300000,0.000000,0.000000,0.000000,0.000000,0.000000,0.000000,0.000000,0.000000,0.000000,0.000000,0.475007,123.555073,0.075528,-0.421592,-0.421592,0.106084,-0.429642,0.054483,0.000000,0.356052,0.360196
323,back,0.363333,0.300000,0.000000,0.000000,0.000000,0.000000,0.000000,0.000000,0.000000,0.000000,0.000000,0.000000,0.473286,123.778088,0.069806,-0.421592,-0.421592,0.106084,-0.429642,0.050403,0.000000,0.354856,0.358418
324,back,0.361111,0.300000,0.000000,0.000000,0.000000,0.000000,0.000000,0.000000,0.000000,0.000000,0.000000,0.000000,0.471570,124.000320,0.061329,-0.417369,-0.417369,0.106084,-0.429642,0.050403,0.000000,0.354856,0.358418
325,back,0.358889,0.300000,0.000000,0.000000,0.000000,0.000000,0.000000,0.000000,0.000000,0.000000,0.000000,0.000000,0.469857,124.221766,0.056243,-0.417369,-0.417369,0.083956,-0.425111,0.050403,0.000000,0.354856,0.358418
326,back,0.356667,0.300000,0.000000,0.000000,0.000000,0.000000,0.000000,0.000000,0.000000,0.000000,0.000000,0.000000,0.468149,124.442423,0.047791,-0.413175,-0.413175,0.083956,-0.425111,0.046557,0.000001,0.353875,0.356924
327,back,0.354444,0.300000,0.000000,0.000000,0.000000,0.000000,0.000000,0.000000,0.000000,0.000000,0.000000,0.000000,0.466445,124.662288,0.038145,-0.413175,-0.413175,0.083956,-0.425111,0.046557,0.000001,0.353875,0.356924
328,back,0.352222,0.300000,0.000000,0.000000,0.000000,0.000000,0.000000,0.000000,0.000000,0.000000,0.000000,0.000000,0.464746,124.881359,0.032358,-0.409010,-0.409010,0.060172,-0.416807,0.046557,0.000001,0.353875,0.356924
329,back,0.350000,0.300000,0.000000,0.000000,0.000000,0.000000,0.000000,0.000000,0.000000,0.000000,0.000000,0.000000,0.463051,125.099632,0.023771,-0.409010,-0.409010,0.060172,-0.416807,0.042311,0.000001,0.352617,0.355147
330,hold_back,0.350000,0.300000,0.000000,0.000000,0.000000,0.000000,0.000000,0.000000,0.000000,0.000000,0.000000,0.000000,0.462118,125.099632,0.018619,-0.409010,-0.409010,0.060172,-0.416807,0.042311,0.000001,0.352617,0.355147
331,hold_back,0.350000,0.300000,0.000000,0.000000,0.000000,0.000000,0.000000,0.000000,0.000000,0.000000,0.000000,0.000000,0.461605,125.099632,0.018619,-0.404913,-0.404913,0.037104,-0.412610,0.042311,0.000001,0.352617,0.355147
332,hold_back,0.350000,0.300000,0.000000,0.000000,0.000000,0.000000,0.000000,0.000000,0.000000,0.000000,0.000000,0.000000,0.461322,125.099632,0.018619,-0.404913,-0.404913,0.037104,-0.412610,0.038119,0.000001,0.351603,0.353664
333,hold_back,0.350000,0.300000,0.000000,0.000000,0.000000,0.000000,0.000000,0.000000,0.000000,0.000000,0.000000,0.000000,0.461167,125.099632,0.011171,-0.404913,-0.404913,0.037104,-0.412610,0.038119,0.000001,0.351603,0.353664
334,hold_back,0.350000,0.300000,0.000000,0.000000,0.000000,0.000000,0.000000,0.000000,0.000000,0.000000,0.000000,0.000000,0.461082,125.099632,0.006703,-0.404913,-0.404913,0.018076,-0.408454,0.038119,0.000001,0.351603,0.353664
335,hold_back,0.350000,0.300000,0.000000,0.000000,0.000000,0.000000,0.000000,0.000000,0.000000,0.000000,0.000000,0.000000,0.461035,125.099632,0.006703,-0.404913,-0.404913,0.018076,-0.408454,0.034257,0.000001,0.350184,0.351856
336,hold_back,0.350000,0.300000,0.000000,0.000000,0.000000,0.000000,0.000000,0.000000,0.000000,0.000000,0.000000,0.000000,0.461009,125.099632,0.006703,-0.404913,-0.404913,0.018076,-0.408454,0.034257,0.000001,0.350184,0.351856
337,hold_back,0.350000,0.300000,0.000000,0.000000,0.000000,0.000000,0.000000,0.000000,0.000000,0.000000,0.000000,0.000000,0.460995,125.099632,0.006703,-0.404913,-0.404913,0.010813,-0.404564,0.034257,0.000001,0.350184,0.351856
338,hold_back,0.350000,0.300000,0.000000,0.000000,0.000000,0.000000,0.000000,0.000000,0.000000,0.000000,0.000000,0.000000,0.460987,125.099632,0.006703,-0.404913,-0.404913,0.010813,-0.404564,0.028611,0.000001,0.348182,0.349355
339,hold_back,0.350000,0.300000,0.000000,0.000000,0.000000,0.000000,0.000000,0.000000,0.000000,0.000000,0.000000,0.000000,0.460982,125.099632,0.006703,-0.404913,-0.404913,0.010813,-0.404564,0.028611,0.000001,0.348182,0.349355
340,hold_back,0.350000,0.300000,0.000000,0.000000,0.000000,0.000000,0.000000,0.000000,0.000000,0.000000,0.000000,0.000000,0.460980,125.099632,0.006703,-0.404913,-0.404913,0.006478,-0.404556,0.028611,0.000001,0.348182,0.349355
341,hold_back,0.350000,0.300000,0.000000,0.000000,0.000000,0.000000,0.000000,0.000000,0.000000,0.000000,0.000000,0.000000,0.460979,125.099632,0.006703,-0.404913,-0.404913,0.006478,-0.404556,0.024262,0.000001,0.347278,0.348125
342,hold_back,0.350000,0.300000,0.000000,0.000000,0.000000,0.000000,0.000000,0.000000,0.000000,0.000000,0.000000,0.000000,0.460978,125.099632,0.006703,-0.404913,-0.404913,0.006478,-0.404556,0.024262,0.000001,0.347278,0.348125
343,hold_back,0.350000,0.300000,0.000000,0.000000,0.000000,0.000000,0.000000,0.000000,0.000000,0.000000,0.000000,0.000000,0.460978,125.099632,0.006703,-0.404913,-0.404913,0.006429,-0.404515,0.024262,0.000001,0.347278,0.348125
344,hold_back,0.350000,0.300000,0.000000,0.000000,0.000000,0.000000,0.000000,0.000000,0.000000,0.000000,0.000000,0.000000,0.460977,125.099632,0.006703,-0.404913,-0.404913,0.006429,-0.404515,0.020237,0.000001,0.345373,0.345966
345,hold_back,0.350000,0.300000,0.000000,0.000000,0.000000,0.000000,0.000000,0.000000,0.000000,0.000000,0.000000,0.000000,0.460977,125.099632,0.006703,-0.404913,-0.404913,0.006429,-0.404515,0.020237,0.000001,0.345373,0.345966
346,hold_back,0.350000,0.300000,0.000000,0.000000,0.000000,0.000000,0.000000,0.000000,0.000000,0.000000,0.000000,0.000000,0.460977,125.099632,0.006703,-0.404913,-0.404913,0.006493,-0.404607,0.020237,0.000001,0.345373,0.345966
347,hold_back,0.350000,0.300000,0.000000,0.000000,0.000000,0.000000,0.000000,0.000000,0.000000,0.000000,0.000000,0.000000,0.460977,125.099632,0.006703,-0.404913,-0.404913,0.006493,-0.404607,0.015860,0.000001,0.344410,0.344775
348,hold_back,0.350000,0.300000,0.000000,0.000000,0.000000,0.000000,0.000000,0.000000,0.000000,0.000000,0.000000,0.000000,0.460977,125.099632,0.006703,-0.404913,-0.404913,0.006493,-0.404607,0.015860,0.000001,0.344410,0.344775
349,hold_back,0.350000,0.300000,0.000000,0.000000,0.000000,0.000000,0.000000,0.000000,0.000000,0.000000,0.000000,0.000000,0.460977,125.099632,0.006703,-0.404913,-0.404913,0.006458,-0.404556,0.015860,0.000001,0.344410,0.344775
350,hold_back,0.350000,0.300000,0.000000,0.000000,0.000000,0.000000,0.000000,0.000000,0.000000,0.000000,0.000000,0.000000,0.460977,125.099632,0.006703,-0.404913,-0.404913,0.006458,-0.404556,0.012256,0.000001,0.343473,0.343692
351,hold_back,0.350000,0.300000,0.000000,0.000000,0.000000,0.000000,0.000000,0.000000,0.000000,0.000000,0.000000,0.000000,0.460977,125.099632,0.006703,-0.404913,-0.404913,0.006458,-0.404556,0.012256,0.000001,0.343473,0.343692
352,hold_back,0.350000,0.300000,0.000000,0.000000,0.000000,0.000000,0.000000,0.000000,0.000000,0.000000,0.000000,0.000000,0.460977,125.099632,0.006703,-0.404913,-0.404913,0.006429,-0.404515,0.012256,0.000001,0.343473,0.343692
353,hold_back,0.350000,0.300000,0.000000,0.000000,0.000000,0.000000,0.000000,0.000000,0.000000,0.000000,0.000000,0.000000,0.460977,125.099632,0.006703,-0.404913,-0.404913,0.006429,-0.404515,0.011034,0.000001,0.342391,0.342569
354,hold_back,0.350000,0.300000,0.000000,0.000000,0.000000,0.000000,0.000000,0.000000,0.000000,0.000000,0.000000,0.000000,0.460977,125.099632,0.006703,-0.404913,-0.404913,0.006429,-0.404515,0.011034,0.000001,0.342391,0.342569
355,hold_back,0.350000,0.300000,0.000000,0.000000,0.000000,0.000000,0.000000,0.000000,0.000000,0.000000,0.000000,0.000000,0.460977,125.099632,0.006703,-0.404913,-0.404913,0.006432,-0.404519,0.011034,0.000001,0.342391,0.342569
356,hold_back,0.350000,0.300000,0.000000,0.000000,0.000000,0.000000,0.000000,0.000000,0.000000,0.000000,0.000000,0.000000,0.460977,125.099632,0.006703,-0.404913,-0.404913,0.006432,-0.404519,0.010065,0.000001,0.342269,0.342417
357,hold_back,0.350000,0.300000,0.000000,0.000000,0.000000,0.000000,0.000000,0.000000,0.000000,0.000000,0.000000,0.000000,0.460977,125.099632,0.006703,-0.404913,-0.404913,0.006432,-0.404519,0.010065,0.000001,0.342269,0.342417
358,hold_back,0.350000,0.300000,0.000000,0.000000,0.000000,0.000000,0.000000,0.000000,0.000000,0.000000,0.000000,0.000000,0.460977,125.099632,0.006703,-0.404913,-0.404913,0.006432,-0.404519,0.010065,0.000001,0.342269,0.342417
359,hold_back,0.350000,0.300000,0.000000,0.000000,0.000000,0.000000,0.000000,0.000000,0.000000,0.000000,0.000000,0.000000,0.460977,125.099632,0.006703,-0.404913,-0.404913,0.006432,-0.404519,0.009922,0.000001,0.342287,0.342430
360,back_to_base2,0.353333,0.300000,0.000000,0.000000,0.000000,0.000000,0.000000,0.000000,0.000000,0.000000,0.000000,0.000000,0.462119,124.771923,0.006703,-0.404913,-0.404913,0.006432,-0.404519,0.009922,0.000001,0.342287,0.342430
361,back_to_base2,0.356667,0.300000,0.000000,0.000000,0.000000,0.000000,0.000000,0.000000,0.000000,0.000000,0.000000,0.000000,0.463893,124.442423,0.006703,-0.404913,-0.404913,0.006433,-0.404520,0.009922,0.000001,0.342287,0.342430
362,back_to_base2,0.360000,0.300000,0.000000,0.000000,0.000000,0.000000,0.000000,0.000000,0.000000,0.000000,0.000000,0.000000,0.466020,124.111141,0.006703,-0.404913,-0.404913,0.006433,-0.404520,0.009921,0.000001,0.342292,0.342436
363,back_to_base2,0.363333,0.300000,0.000000,0.000000,0.000000,0.000000,0.000000,0.000000,0.000000,0.000000,0.000000,0.000000,0.468344,123.778088,0.006703,-0.404913,-0.404913,0.006433,-0.404520,0.009921,0.000001,0.342292,0.342436
364,back_to_base2,0.366667,0.300000,0.000000,0.000000,0.000000,0.000000,0.000000,0.000000,0.000000,0.000000,0.000000,0.000000,0.470782,123.443273,0.006703,-0.404913,-0.404913,0.006460,-0.404560,0.009921,0.000001,0.342292,0.342436
365,back_to_base2,0.370000,0.300000,0.000000,0.000000,0.000000,0.000000,0.000000,0.000000,0.000000,0.000000,0.000000,0.000000,0.473285,123.106706,0.006703,-0.404913,-0.404913,0.006460,-0.404560,0.009922,0.000001,0.342281,0.342425
366,back_to_base2,0.373333,0.300000,0.000000,0.000000,0.000000,0.000000,0.000000,0.000000,0.000000,0.000000,0.000000,0.000000,0.475830,122.768394,0.013056,-0.404913,-0.404913,0.006460,-0.404560,0.009922,0.000001,0.342281,0.342425
367,back_to_base2,0.376667,0.300000,0.000000,0.000000,0.000000,0.000000,0.000000,0.000000,0.000000,0.000000,0.000000,0.000000,0.478401,122.428346,0.021391,-0.404913,-0.404913,0.006682,-0.404515,0.009922,0.000001,0.342281,0.342425
368,back_to_base2,0.380000,0.300000,0.000000,0.000000,0.000000,0.000000,0.000000,0.000000,0.000000,0.000000,0.000000,0.000000,0.480990,122.086570,0.030888,-0.404913,-0.404913,0.006682,-0.404515,0.009922,0.000001,0.342281,0.342425
369,back_to_base2,0.383333,0.300000,0.000000,0.000000,0.000000,0.000000,0.000000,0.000000,0.000000,0.000000,0.000000,0.000000,0.483593,121.743073,0.036586,-0.404913,-0.404913,0.006682,-0.404515,0.009922,0.000001,0.342281,0.342425
370,back_to_base2,0.386667,0.300000,0.000000,0.000000,0.000000,0.000000,0.000000,0.000000,0.000000,0.000000,0.000000,0.000000,0.486209,121.397862,0.046029,-0.404913,-0.404913,0.013474,-0.404560,0.009922,0.000001,0.342281,0.342425
371,back_to_base2,0.390000,0.300000,0.000000,0.000000,0.000000,0.000000,0.000000,0.000000,0.000000,0.000000,0.000000,0.000000,0.488834,121.050943,0.057153,-0.409442,-0.409442,0.013474,-0.404560,0.009922,0.000001,0.342287,0.342430
372,back_to_base2,0.393333,0.300000,0.000000,0.000000,0.000000,0.000000,0.000000,0.000000,0.000000,0.000000,0.000000,0.000000,0.491469,120.702323,0.068912,-0.409442,-0.409442,0.013474,-0.404560,0.009922,0.000001,0.342287,0.342430
373,back_to_base2,0.396667,0.300000,0.000000,0.000000,0.000000,0.000000,0.000000,0.000000,0.000000,0.000000,0.000000,0.000000,0.494113,120.352007,0.080804,-0.414157,-0.414157,0.037578,-0.404693,0.009922,0.000001,0.342287,0.342430
374,back_to_base2,0.400000,0.300000,0.000000,0.000000,0.000000,0.000000,0.000000,0.000000,0.000000,0.000000,0.000000,0.000000,0.496765,120.000000,0.092606,-0.418737,-0.418737,0.037578,-0.404693,0.009921,0.000001,0.342292,0.342436
375,back_to_base2,0.403333,0.300000,0.000000,0.000000,0.000000,0.000000,0.000000,0.000000,0.000000,0.000000,0.000000,0.000000,0.499425,119.646307,0.104240,-0.423078,-0.423078,0.037578,-0.404693,0.009921,0.000001,0.342292,0.342436
376,back_to_base2,0.406667,0.300000,0.000000,0.000000,0.000000,0.000000,0.000000,0.000000,0.000000,0.000000,0.000000,0.000000,0.502094,119.290933,0.111221,-0.423078,-0.423078,0.070019,-0.409573,0.009921,0.000001,0.342292,0.342436
377,back_to_base2,0.410000,0.300000,0.000000,0.000000,0.000000,0.000000,0.000000,0.000000,0.000000,0.000000,0.000000,0.000000,0.504771,118.933882,0.121388,-0.427632,-0.427632,0.070019,-0.409573,0.009921,0.000001,0.342292,0.342436
378,back_to_base2,0.413333,0.300000,0.000000,0.000000,0.000000,0.000000,0.000000,0.000000,0.000000,0.000000,0.000000,0.000000,0.507455,118.575156,0.132876,-0.432094,-0.432094,0.070019,-0.409573,0.009921,0.000001,0.342292,0.342436
379,back_to_base2,0.416667,0.300000,0.000000,0.000000,0.000000,0.000000,0.000000,0.000000,0.000000,0.000000,0.000000,0.000000,0.510147,118.214760,0.144766,-0.436357,-0.436357,0.105082,-0.423008,0.009921,0.000001,0.342292,0.342436
380,back_to_base2,0.420000,0.300000,0.000000,0.000000,0.000000,0.000000,0.000000,0.000000,0.000000,0.000000,0.000000,0.000000,0.512847,117.852695,0.156638,-0.436357,-0.436357,0.105082,-0.423008,0.009922,0.000001,0.342287,0.342431
381,back_to_base2,0.423333,0.300000,0.000000,0.000000,0.000000,0.000000,0.000000,0.000000,0.000000,0.000000,0.000000,0.000000,0.515554,117.488966,0.168325,-0.440879,-0.440879,0.105082,-0.423008,0.009922,0.000001,0.342287,0.342431
382,back_to_base2,0.426667,0.300000,0.000000,0.000000,0.000000,0.000000,0.000000,0.000000,0.000000,0.000000,0.000000,0.000000,0.518269,117.123572,0.175337,-0.445339,-0.445339,0.133610,-0.431956,0.009922,0.000001,0.342287,0.342431
383,back_to_base2,0.430000,0.300000,0.000000,0.000000,0.000000,0.000000,0.000000,0.000000,0.000000,0.000000,0.000000,0.000000,0.520990,116.756516,0.185464,-0.449621,-0.449621,0.133610,-0.431956,0.009922,0.000001,0.342287,0.342431
384,back_to_base2,0.433333,0.300000,0.000000,0.000000,0.000000,0.000000,0.000000,0.000000,0.000000,0.000000,0.000000,0.000000,0.523719,116.387800,0.196856,-0.449621,-0.449621,0.133610,-0.431956,0.009922,0.000001,0.342287,0.342431
385,back_to_base2,0.436667,0.300000,0.000000,0.000000,0.000000,0.000000,0.000000,0.000000,0.000000,0.000000,0.000000,0.000000,0.526454,116.017423,0.208611,-0.454185,-0.454185,0.168863,-0.440736,0.009922,0.000001,0.342287,0.342431
386,back_to_base2,0.440000,0.300000,0.000000,0.000000,0.000000,0.000000,0.000000,0.000000,0.000000,0.000000,0.000000,0.000000,0.529197,115.645387,0.220320,-0.458698,-0.458698,0.168863,-0.440736,0.011195,0.000001,0.342231,0.342414
387,back_to_base2,0.443333,0.300000,0.000000,0.000000,0.000000,0.000000,0.000000,0.000000,0.000000,0.000000,0.000000,0.000000,0.531946,115.271691,0.227345,-0.463039,-0.463039,0.168863,-0.440736,0.011195,0.000001,0.342231,0.342414
388,back_to_base2,0.446667,0.300000,0.000000,0.000000,0.000000,0.000000,0.000000,0.000000,0.000000,0.000000,0.000000,0.000000,0.534702,114.896334,0.237490,-0.463039,-0.463039,0.197795,-0.449718,0.011195,0.000001,0.342231,0.342414
389,back_to_base2,0.450000,0.300000,0.000000,0.000000,0.000000,0.000000,0.000000,0.000000,0.000000,0.000000,0.000000,0.000000,0.537464,114.519316,0.248875,-0.467673,-0.467673,0.197795,-0.449718,0.015934,0.000001,0.341932,0.342303
390,back_to_base2,0.453333,0.300000,0.000000,0.000000,0.000000,0.000000,0.000000,0.000000,0.000000,0.000000,0.000000,0.000000,0.540233,114.140637,0.260591,-0.472259,-0.472259,0.197795,-0.449718,0.015934,0.000001,0.341932,0.342303
391,back_to_base2,0.456667,0.300000,0.000000,0.000000,0.000000,0.000000,0.000000,0.000000,0.000000,0.000000,0.000000,0.000000,0.543009,113.760293,0.272230,-0.476673,-0.476673,0.228030,-0.462896,0.015934,0.000001,0.341932,0.342303
392,back_to_base2,0.460000,0.300000,0.000000,0.000000,0.000000,0.000000,0.000000,0.000000,0.000000,0.000000,0.000000,0.000000,0.545790,113.378283,0.279213,-0.480893,-0.480893,0.228030,-0.462896,0.022144,0.000001,0.342548,0.343263
393,back_to_base2,0.463333,0.300000,0.000000,0.000000,0.000000,0.000000,0.000000,0.000000,0.000000,0.000000,0.000000,0.000000,0.548578,112.994605,0.289258,-0.480893,-0.480893,0.228030,-0.462896,0.022144,0.000001,0.342548,0.343263
394,back_to_base2,0.466667,0.300000,0.000000,0.000000,0.000000,0.000000,0.000000,0.000000,0.000000,0.000000,0.000000,0.000000,0.551371,112.609255,0.300514,-0.485435,-0.485435,0.261349,-0.472122,0.022144,0.000001,0.342548,0.343263
395,back_to_base2,0.470000,0.300000,0.000000,0.000000,0.000000,0.000000,0.000000,0.000000,0.000000,0.000000,0.000000,0.000000,0.554171,112.222231,0.312085,-0.489964,-0.489964,0.261349,-0.472122,0.027865,0.000001,0.345519,0.346641
396,back_to_base2,0.473333,0.300000,0.000000,0.000000,0.000000,0.000000,0.000000,0.000000,0.000000,0.000000,0.000000,0.000000,0.556976,111.833529,0.323573,-0.494354,-0.494354,0.261349,-0.472122,0.027865,0.000001,0.345519,0.346641
397,back_to_base2,0.476667,0.300000,0.000000,0.000000,0.000000,0.000000,0.000000,0.000000,0.000000,0.000000,0.000000,0.000000,0.559788,111.443144,0.330466,-0.498577,-0.498577,0.290399,-0.480992,0.027865,0.000001,0.345519,0.346641
398,back_to_base2,0.480000,0.300000,0.000000,0.000000,0.000000,0.000000,0.000000,0.000000,0.000000,0.000000,0.000000,0.000000,0.562605,111.051073,0.340376,-0.498577,-0.498577,0.290399,-0.480992,0.033066,0.000001,0.347577,0.349146
399,back_to_base2,0.483333,0.300000,0.000000,0.000000,0.000000,0.000000,0.000000,0.000000,0.000000,0.000000,0.000000,0.000000,0.565428,110.657311,0.351478,-0.503154,-0.503154,0.290399,-0.480992,0.033066,0.000001,0.347577,0.349146
400,back_to_base2,0.486667,0.300000,0.000000,0.000000,0.000000,0.000000,0.000000,0.000000,0.000000,0.000000,0.000000,0.000000,0.568256,110.261851,0.362891,-0.507736,-0.507736,0.324161,-0.494207,0.033066,0.000001,0.347577,0.349146
401,back_to_base2,0.490000,0.300000,0.000000,0.000000,0.000000,0.000000,0.000000,0.000000,0.000000,0.000000,0.000000,0.000000,0.571089,109.864689,0.374225,-0.512190,-0.512190,0.324161,-0.494207,0.039641,0.000001,0.349039,0.351283
402,back_to_base2,0.493333,0.300000,0.000000,0.000000,0.000000,0.000000,0.000000,0.000000,0.000000,0.000000,0.000000,0.000000,0.573928,109.465819,0.381025,-0.516483,-0.516483,0.324161,-0.494207,0.039641,0.000001,0.349039,0.351283
403,back_to_base2,0.496667,0.300000,0.000000,0.000000,0.000000,0.000000,0.000000,0.000000,0.000000,0.000000,0.000000,0.000000,0.576773,109.065233,0.390804,-0.520626,-0.520626,0.352084,-0.503119,0.039641,0.000001,0.349039,0.351283
404,back_to_base2,0.500000,0.300000,0.000000,0.000000,0.000000,0.000000,0.000000,0.000000,0.000000,0.000000,0.000000,0.000000,0.579622,108.662925,0.401764,-0.520626,-0.520626,0.352084,-0.503119,0.045037,0.000001,0.350545,0.353427
405,back_to_base2,0.503333,0.300000,0.000000,0.000000,0.000000,0.000000,0.000000,0.000000,0.000000,0.000000,0.000000,0.000000,0.582477,108.258887,0.413033,-0.525169,-0.525169,0.352084,-0.503119,0.045037,0.000001,0.350545,0.353427
406,back_to_base2,0.506667,0.300000,0.000000,0.000000,0.000000,0.000000,0.000000,0.000000,0.000000,0.000000,0.000000,0.000000,0.585337,107.853112,0.419794,-0.529752,-0.529752,0.381703,-0.516310,0.045037,0.000001,0.350545,0.353427
407,back_to_base2,0.510000,0.300000,0.000000,0.000000,0.000000,0.000000,0.000000,0.000000,0.000000,0.000000,0.000000,0.000000,0.588201,107.445591,0.429661,-0.534234,-0.534234,0.381703,-0.516310,0.050255,0.000000,0.353212,0.356769
408,back_to_base2,0.513333,0.300000,0.000000,0.000000,0.000000,0.000000,0.000000,0.000000,0.000000,0.000000,0.000000,0.000000,0.591071,107.036316,0.440733,-0.538575,-0.538575,0.381703,-0.516310,0.050255,0.000000,0.353212,0.356769
409,back_to_base2,0.516667,0.300000,0.000000,0.000000,0.000000,0.000000,0.000000,0.000000,0.000000,0.000000,0.000000,0.000000,0.593945,106.625276,0.452098,-0.542781,-0.542781,0.413594,-0.525132,0.050255,0.000000,0.353212,0.356769
410,back_to_base2,0.520000,0.300000,0.000000,0.000000,0.000000,0.000000,0.000000,0.000000,0.000000,0.000000,0.000000,0.000000,0.596825,106.212464,0.458917,-0.546877,-0.546877,0.413594,-0.525132,0.056670,0.000000,0.354497,0.358999
411,back_to_base2,0.523333,0.300000,0.000000,0.000000,0.000000,0.000000,0.000000,0.000000,0.000000,0.000000,0.000000,0.000000,0.599709,105.797868,0.468815,-0.550890,-0.550890,0.413594,-0.525132,0.056670,0.000000,0.354497,0.358999
412,back_to_base2,0.526667,0.300000,0.000000,0.000000,0.000000,0.000000,0.000000,0.000000,0.000000,0.000000,0.000000,0.000000,0.602597,105.381478,0.479893,-0.550890,-0.550890,0.441315,-0.538500,0.056670,0.000000,0.354497,0.358999
413,back_to_base2,0.530000,0.300000,0.000000,0.000000,0.000000,0.000000,0.000000,0.000000,0.000000,0.000000,0.000000,0.000000,0.605490,104.963283,0.491244,-0.555380,-0.555380,0.441315,-0.538500,0.062475,0.000000,0.355578,0.361025
414,back_to_base2,0.533333,0.300000,0.000000,0.000000,0.000000,0.000000,0.000000,0.000000,0.000000,0.000000,0.000000,0.000000,0.608388,104.543272,0.498054,-0.559969,-0.559969,0.441315,-0.538500,0.062475,0.000000,0.355578,0.361025
415,back_to_base2,0.536667,0.300000,0.000000,0.000000,0.000000,0.000000,0.000000,0.000000,0.000000,0.000000,0.000000,0.000000,0.611290,104.121432,0.507917,-0.564496,-0.564496,0.469433,-0.550724,0.062475,0.000000,0.355578,0.361025
416,back_to_base2,0.540000,0.300000,0.000000,0.000000,0.000000,0.000000,0.000000,0.000000,0.000000,0.000000,0.000000,0.000000,0.614197,103.697750,0.518946,-0.568910,-0.568910,0.469433,-0.550724,0.068819,0.000000,0.357559,0.364121
417,back_to_base2,0.543333,0.300000,0.000000,0.000000,0.000000,0.000000,0.000000,0.000000,0.000000,0.000000,0.000000,0.000000,0.617108,103.272215,0.530241,-0.573208,-0.573208,0.469433,-0.550724,0.068819,0.000000,0.357559,0.364121
418,back_to_base2,0.546667,0.300000,0.000000,0.000000,0.000000,0.000000,0.000000,0.000000,0.000000,0.000000,0.000000,0.000000,0.620023,102.844812,0.537017,-0.577409,-0.577409,0.498760,-0.559923,0.068819,0.000000,0.357559,0.364121
419,back_to_base2,0.550000,0.300000,0.000000,0.000000,0.000000,0.000000,0.000000,0.000000,0.000000,0.000000,0.000000,0.000000,0.622942,102.415527,0.546827,-0.581536,-0.581536,0.498760,-0.559923,0.074429,0.000000,0.358495,0.366140
420,settle2,0.550000,0.300000,0.000000,0.000000,0.000000,0.000000,0.000000,0.000000,0.000000,0.000000,0.000000,0.000000,0.624544,102.415527,0.552713,-0.581536,-0.581536,0.498760,-0.559923,0.074429,0.000000,0.358495,0.366140
421,settle2,0.550000,0.300000,0.000000,0.000000,0.000000,0.000000,0.000000,0.000000,0.000000,0.000000,0.000000,0.000000,0.625424,102.415527,0.561130,-0.581536,-0.581536,0.530677,-0.573018,0.074429,0.000000,0.358495,0.366140
422,settle2,0.550000,0.300000,0.000000,0.000000,0.000000,0.000000,0.000000,0.000000,0.000000,0.000000,0.000000,0.000000,0.625907,102.415527,0.566180,-0.585619,-0.585619,0.530677,-0.573018,0.080089,0.000000,0.360436,0.369227
423,settle2,0.550000,0.300000,0.000000,0.000000,0.000000,0.000000,0.000000,0.000000,0.000000,0.000000,0.000000,0.000000,0.626173,102.415527,0.566180,-0.585619,-0.585619,0.530677,-0.573018,0.080089,0.000000,0.360436,0.369227
424,settle2,0.550000,0.300000,0.000000,0.000000,0.000000,0.000000,0.000000,0.000000,0.000000,0.000000,0.000000,0.000000,0.626320,102.415527,0.566180,-0.585619,-0.585619,0.552913,-0.581232,0.080089,0.000000,0.360436,0.369227
425,settle2,0.550000,0.300000,0.000000,0.000000,0.000000,0.000000,0.000000,0.000000,0.000000,0.000000,0.000000,0.000000,0.626400,102.415527,0.566180,-0.585619,-0.585619,0.552913,-0.581232,0.086776,0.000000,0.360807,0.371096
426,settle2,0.550000,0.300000,0.000000,0.000000,0.000000,0.000000,0.000000,0.000000,0.000000,0.000000,0.000000,0.000000,0.626444,102.415527,0.566180,-0.585619,-0.585619,0.552913,-0.581232,0.086776,0.000000,0.360807,0.371096
427,settle2,0.550000,0.300000,0.000000,0.000000,0.000000,0.000000,0.000000,0.000000,0.000000,0.000000,0.000000,0.000000,0.626468,102.415527,0.566180,-0.585619,-0.585619,0.566016,-0.585205,0.086776,0.000000,0.360807,0.371096
428,settle2,0.550000,0.300000,0.000000,0.000000,0.000000,0.000000,0.000000,0.000000,0.000000,0.000000,0.000000,0.000000,0.626482,102.415527,0.566180,-0.585619,-0.585619,0.566016,-0.585205,0.092367,0.000000,0.362563,0.374143
429,settle2,0.550000,0.300000,0.000000,0.000000,0.000000,0.000000,0.000000,0.000000,0.000000,0.000000,0.000000,0.000000,0.626489,102.415527,0.566180,-0.585619,-0.585619,0.566016,-0.585205,0.092367,0.000000,0.362563,0.374143
430,settle2,0.550000,0.300000,0.000000,0.000000,0.000000,0.000000,0.000000,0.000000,0.000000,0.000000,0.000000,0.000000,0.626493,102.415527,0.566180,-0.585619,-0.585619,0.566032,-0.585210,0.092367,0.000000,0.362563,0.374143
431,settle2,0.550000,0.300000,0.000000,0.000000,0.000000,0.000000,0.000000,0.000000,0.000000,0.000000,0.000000,0.000000,0.626495,102.415527,0.566180,-0.585619,-0.585619,0.566032,-0.585210,0.098084,0.000000,0.364023,0.377006
432,settle2,0.550000,0.300000,0.000000,0.000000,0.000000,0.000000,0.000000,0.000000,0.000000,0.000000,0.000000,0.000000,0.626497,102.415527,0.566180,-0.585619,-0.585619,0.566032,-0.585210,0.098084,0.000000,0.364023,0.377006
433,settle2,0.550000,0.300000,0.000000,0.000000,0.000000,0.000000,0.000000,0.000000,0.000000,0.000000,0.000000,0.000000,0.626497,102.415527,0.566180,-0.585619,-0.585619,0.566032,-0.585210,0.098084,0.000000,0.364023,0.377006
434,settle2,0.550000,0.300000,0.000000,0.000000,0.000000,0.000000,0.000000,0.000000,0.000000,0.000000,0.000000,0.000000,0.626498,102.415527,0.566180,-0.585619,-0.585619,0.566032,-0.585210,0.104387,0.000000,0.364219,0.378883
435,settle2,0.550000,0.300000,0.000000,0.000000,0.000000,0.000000,0.000000,0.000000,0.000000,0.000000,0.000000,0.000000,0.626498,102.415527,0.566180,-0.585619,-0.585619,0.566032,-0.585210,0.104387,0.000000,0.364219,0.378883
436,settle2,0.550000,0.300000,0.000000,0.000000,0.000000,0.000000,0.000000,0.000000,0.000000,0.000000,0.000000,0.000000,0.626498,102.415527,0.566180,-0.585619,-0.585619,0.566032,-0.585210,0.104387,0.000000,0.364219,0.378883
437,settle2,0.550000,0.300000,0.000000,0.000000,0.000000,0.000000,0.000000,0.000000,0.000000,0.000000,0.000000,0.000000,0.626498,102.415527,0.566180,-0.585619,-0.585619,0.566032,-0.585210,0.111058,0.000000,0.365053,0.381572
438,settle2,0.550000,0.300000,0.000000,0.000000,0.000000,0.000000,0.000000,0.000000,0.000000,0.000000,0.000000,0.000000,0.626498,102.415527,0.566180,-0.585619,-0.585619,0.566032,-0.585210,0.111058,0.000000,0.365053,0.381572
439,settle2,0.550000,0.300000,0.000000,0.000000,0.000000,0.000000,0.000000,0.000000,0.000000,0.000000,0.000000,0.000000,0.626498,102.415527,0.566180,-0.585619,-0.585619,0.566013,-0.585157,0.111058,0.000000,0.365053,0.381572
440,settle2,0.550000,0.300000,0.000000,0.000000,0.000000,0.000000,0.000000,0.000000,0.000000,0.000000,0.000000,0.000000,0.626498,102.415527,0.566180,-0.585619,-0.585619,0.566013,-0.585157,0.116317,0.000000,0.365377,0.383445
441,settle2,0.550000,0.300000,0.000000,0.000000,0.000000,0.000000,0.000000,0.000000,0.000000,0.000000,0.000000,0.000000,0.626498,102.415527,0.566180,-0.585619,-0.585619,0.566013,-0.585157,0.116317,0.000000,0.365377,0.383445
442,settle2,0.550000,0.300000,0.000000,0.000000,0.000000,0.000000,0.000000,0.000000,0.000000,0.000000,0.000000,0.000000,0.626498,102.415527,0.566180,-0.585619,-0.585619,0.566015,-0.585162,0.116317,0.000000,0.365377,0.383445
443,settle2,0.550000,0.300000,0.000000,0.000000,0.000000,0.000000,0.000000,0.000000,0.000000,0.000000,0.000000,0.000000,0.626498,102.415527,0.566180,-0.585619,-0.585619,0.566015,-0.585162,0.119536,0.000000,0.365204,0.384269
444,settle2,0.550000,0.300000,0.000000,0.000000,0.000000,0.000000,0.000000,0.000000,0.000000,0.000000,0.000000,0.000000,0.626498,102.415527,0.566180,-0.585619,-0.585619,0.566015,-0.585162,0.119536,0.000000,0.365204,0.384269
445,settle2,0.550000,0.300000,0.000000,0.000000,0.000000,0.000000,0.000000,0.000000,0.000000,0.000000,0.000000,0.000000,0.626498,102.415527,0.566180,-0.585619,-0.585619,0.566015,-0.585162,0.119536,0.000000,0.365204,0.384269
446,settle2,0.550000,0.300000,0.000000,0.000000,0.000000,0.000000,0.000000,0.000000,0.000000,0.000000,0.000000,0.000000,0.626498,102.415527,0.566180,-0.585619,-0.585619,0.566015,-0.585162,0.119851,0.000000,0.365180,0.384344
447,settle2,0.550000,0.300000,0.000000,0.000000,0.000000,0.000000,0.000000,0.000000,0.000000,0.000000,0.000000,0.000000,0.626498,102.415527,0.566180,-0.585619,-0.585619,0.566015,-0.585162,0.119851,0.000000,0.365180,0.384344
448,settle2,0.550000,0.300000,0.000000,0.000000,0.000000,0.000000,0.000000,0.000000,0.000000,0.000000,0.000000,0.000000,0.626498,102.415527,0.566180,-0.585619,-0.585619,0.566015,-0.585162,0.119851,0.000000,0.365180,0.384344
449,settle2,0.550000,0.300000,0.000000,0.000000,0.000000,0.000000,0.000000,0.000000,0.000000,0.000000,0.000000,0.000000,0.626498,102.415527,0.566180,-0.585619,-0.585619,0.566015,-0.585162,0.119850,0.000000,0.365174,0.384338
450,settle2,0.550000,0.300000,0.000000,0.000000,0.000000,0.000000,0.000000,0.000000,0.000000,0.000000,0.000000,0.000000,0.626498,102.415527,0.566180,-0.585619,-0.585619,0.566015,-0.585162,0.119850,0.000000,0.365174,0.384338
451,settle2,0.550000,0.300000,0.000000,0.000000,0.000000,0.000000,0.000000,0.000000,0.000000,0.000000,0.000000,0.000000,0.626498,102.415527,0.566180,-0.585619,-0.585619,0.566015,-0.585162,0.119850,0.000000,0.365174,0.384338
452,settle2,0.550000,0.300000,0.000000,0.000000,0.000000,0.000000,0.000000,0.000000,0.000000,0.000000,0.000000,0.000000,0.626498,102.415527,0.566180,-0.585619,-0.585619,0.566015,-0.585162,0.119850,0.000000,0.365174,0.384338
453,settle2,0.550000,0.300000,0.000000,0.000000,0.000000,0.000000,0.000000,0.000000,0.000000,0.000000,0.000000,0.000000,0.626498,102.415527,0.566180,-0.585619,-0.585619,0.566015,-0.585162,0.119850,0.000000,0.365174,0.384338
454,settle2,0.550000,0.300000,0.000000,0.000000,0.000000,0.000000,0.000000,0.000000,0.000000,0.000000,0.000000,0.000000,0.626498,102.415527,0.566180,-0.585619,-0.585619,0.566015,-0.585162,0.119850,0.000000,0.365174,0.384338
455,settle2,0.550000,0.300000,0.000000,0.000000,0.000000,0.000000,0.000000,0.000000,0.000000,0.000000,0.000000,0.000000,0.626498,102.415527,0.566180,-0.585619,-0.585619,0.566015,-0.585162,0.119850,0.000000,0.365174,0.384338
456,settle2,0.550000,0.300000,0.000000,0.000000,0.000000,0.000000,0.000000,0.000000,0.000000,0.000000,0.000000,0.000000,0.626498,102.415527,0.566180,-0.585619,-0.585619,0.566015,-0.585162,0.119850,0.000000,0.365174,0.384338
457,settle2,0.550000,0.300000,0.000000,0.000000,0.000000,0.000000,0.000000,0.000000,0.000000,0.000000,0.000000,0.000000,0.626498,102.415527,0.566180,-0.585619,-0.585619,0.566015,-0.585162,0.119850,0.000000,0.365174,0.384338
458,settle2,0.550000,0.300000,0.000000,0.000000,0.000000,0.000000,0.000000,0.000000,0.000000,0.000000,0.000000,0.000000,0.626498,102.415527,0.566180,-0.585619,-0.585619,0.566015,-0.585162,0.119851,0.000000,0.365179,0.384344
459,settle2,0.550000,0.300000,0.000000,0.000000,0.000000,0.000000,0.000000,0.000000,0.000000,0.000000,0.000000,0.000000,0.626498,102.415527,0.566180,-0.585619,-0.585619,0.566015,-0.585162,0.119851,0.000000,0.365179,0.384344
460,settle2,0.550000,0.300000,0.000000,0.000000,0.000000,0.000000,0.000000,0.000000,0.000000,0.000000,0.000000,0.000000,0.626498,102.415527,0.566180,-0.585619,-0.585619,0.566032,-0.585210,0.119851,0.000000,0.365179,0.384344
461,settle2,0.550000,0.300000,0.000000,0.000000,0.000000,0.000000,0.000000,0.000000,0.000000,0.000000,0.000000,0.000000,0.626498,102.415527,0.566180,-0.585619,-0.585619,0.566032,-0.585210,0.119851,0.000000,0.365180,0.384344
462,settle2,0.550000,0.300000,0.000000,0.000000,0.000000,0.000000,0.000000,0.000000,0.000000,0.000000,0.000000,0.000000,0.626498,102.415527,0.566180,-0.585619,-0.585619,0.566032,-0.585210,0.119851,0.000000,0.365180,0.384344
463,settle2,0.550000,0.300000,0.000000,0.000000,0.000000,0.000000,0.000000,0.000000,0.000000,0.000000,0.000000,0.000000,0.626498,102.415527,0.566180,-0.585619,-0.585619,0.566032,-0.585210,0.119851,0.000000,0.365180,0.384344
464,settle2,0.550000,0.300000,0.000000,0.000000,0.000000,0.000000,0.000000,0.000000,0.000000,0.000000,0.000000,0.000000,0.626498,102.415527,0.566180,-0.585619,-0.585619,0.566032,-0.585210,0.119851,0.000000,0.365180,0.384344
465,settle2,0.550000,0.300000,0.000000,0.000000,0.000000,0.000000,0.000000,0.000000,0.000000,0.000000,0.000000,0.000000,0.626498,102.415527,0.566180,-0.585619,-0.585619,0.566032,-0.585210,0.119851,0.000000,0.365180,0.384344
466,settle2,0.550000,0.300000,0.000000,0.000000,0.000000,0.000000,0.000000,0.000000,0.000000,0.000000,0.000000,0.000000,0.626498,102.415527,0.566180,-0.585619,-0.585619,0.566032,-0.585210,0.119851,0.000000,0.365180,0.384344
467,settle2,0.550000,0.300000,0.000000,0.000000,0.000000,0.000000,0.000000,0.000000,0.000000,0.000000,0.000000,0.000000,0.626498,102.415527,0.566180,-0.585619,-0.585619,0.566032,-0.585210,0.119848,0.000000,0.365155,0.384319
468,settle2,0.550000,0.300000,0.000000,0.000000,0.000000,0.000000,0.000000,0.000000,0.000000,0.000000,0.000000,0.000000,0.626498,102.415527,0.566180,-0.585619,-0.585619,0.566032,-0.585210,0.119848,0.000000,0.365155,0.384319
469,settle2,0.550000,0.300000,0.000000,0.000000,0.000000,0.000000,0.000000,0.000000,0.000000,0.000000,0.000000,0.000000,0.626498,102.415527,0.566180,-0.585619,-0.585619,0.565875,-0.584776,0.119848,0.000000,0.365155,0.384319
470,settle2,0.550000,0.300000,0.000000,0.000000,0.000000,0.000000,0.000000,0.000000,0.000000,0.000000,0.000000,0.000000,0.626498,102.415527,0.566180,-0.585619,-0.585619,0.565875,-0.584776,0.119848,0.000000,0.365155,0.384319
471,settle2,0.550000,0.300000,0.000000,0.000000,0.000000,0.000000,0.000000,0.000000,0.000000,0.000000,0.000000,0.000000,0.626498,102.415527,0.566180,-0.585619,-0.585619,0.565875,-0.584776,0.119848,0.000000,0.365155,0.384319
472,settle2,0.550000,0.300000,0.000000,0.000000,0.000000,0.000000,0.000000,0.000000,0.000000,0.000000,0.000000,0.000000,0.626498,102.415527,0.566180,-0.585619,-0.585619,0.566015,-0.585161,0.119848,0.000000,0.365155,0.384319
473,settle2,0.550000,0.300000,0.000000,0.000000,0.000000,0.000000,0.000000,0.000000,0.000000,0.000000,0.000000,0.000000,0.626498,102.415527,0.566180,-0.585619,-0.585619,0.566015,-0.585161,0.119849,0.000000,0.365161,0.384326
474,settle2,0.550000,0.300000,0.000000,0.000000,0.000000,0.000000,0.000000,0.000000,0.000000,0.000000,0.000000,0.000000,0.626498,102.415527,0.566180,-0.585619,-0.585619,0.566015,-0.585161,0.119849,0.000000,0.365161,0.384326
475,settle2,0.550000,0.300000,0.000000,0.000000,0.000000,0.000000,0.000000,0.000000,0.000000,0.000000,0.000000,0.000000,0.626498,102.415527,0.566180,-0.585619,-0.585619,0.566015,-0.585162,0.119849,0.000000,0.365161,0.384326
476,settle2,0.550000,0.300000,0.000000,0.000000,0.000000,0.000000,0.000000,0.000000,0.000000,0.000000,0.000000,0.000000,0.626498,102.415527,0.566180,-0.585619,-0.585619,0.566015,-0.585162,0.119849,0.000000,0.365161,0.384326
477,settle2,0.550000,0.300000,0.000000,0.000000,0.000000,0.000000,0.000000,0.000000,0.000000,0.000000,0.000000,0.000000,0.626498,102.415527,0.566180,-0.585619,-0.585619,0.566015,-0.585162,0.119849,0.000000,0.365161,0.384326
478,settle2,0.550000,0.300000,0.000000,0.000000,0.000000,0.000000,0.000000,0.000000,0.000000,0.000000,0.000000,0.000000,0.626498,102.415527,0.566180,-0.585619,-0.585619,0.566032,-0.585210,0.119849,0.000000,0.365161,0.384326
479,settle2,0.550000,0.300000,0.000000,0.000000,0.000000,0.000000,0.000000,0.000000,0.000000,0.000000,0.000000,0.000000,0.626498,102.415527,0.566180,-0.585619,-0.585619,0.566032,-0.585210,0.119849,0.000000,0.365161,0.384326
480,up,0.550000,0.303333,0.000000,0.000000,0.000000,0.000000,0.000000,0.000000,0.000000,0.000000,0.000000,0.000000,0.627220,102.179659,0.566180,-0.585619,-0.585619,0.566032,-0.585210,0.119849,0.000000,0.365161,0.384326
481,up,0.550000,0.306667,0.000000,0.000000,0.000000,0.000000,0.000000,0.000000,0.000000,0.000000,0.000000,0.000000,0.628345,101.941397,0.566180,-0.585619,-0.585619,0.566032,-0.585210,0.119849,0.000000,0.365161,0.384326
482,up,0.550000,0.310000,0.000000,0.000000,0.000000,0.000000,0.000000,0.000000,0.000000,0.000000,0.000000,0.000000,0.629697,101.700743,0.566180,-0.589833,-0.589833,0.566032,-0.585210,0.119849,0.000000,0.365161,0.384326
483,up,0.550000,0.313333,0.000000,0.000000,0.000000,0.000000,0.000000,0.000000,0.000000,0.000000,0.000000,0.000000,0.631181,101.457701,0.566180,-0.589833,-0.589833,0.566032,-0.585210,0.119849,0.000000,0.365161,0.384326
484,up,0.550000,0.316667,0.000000,0.000000,0.000000,0.000000,0.000000,0.000000,0.000000,0.000000,0.000000,0.000000,0.632743,101.212271,0.566180,-0.594090,-0.594090,0.566032,-0.585328,0.119849,0.000000,0.365161,0.384326
485,up,0.550000,0.320000,0.000000,0.000000,0.000000,0.000000,0.000000,0.000000,0.000000,0.000000,0.000000,0.000000,0.634353,100.964456,0.566180,-0.594090,-0.594090,0.566032,-0.585328,0.119829,0.000000,0.365028,0.384194
486,up,0.550000,0.323333,0.000000,0.000000,0.000000,0.000000,0.000000,0.000000,0.000000,0.000000,0.000000,0.000000,0.635996,100.714257,0.566180,-0.598392,-0.598392,0.566032,-0.585328,0.119829,0.000000,0.365028,0.384194
487,up,0.550000,0.326667,0.000000,0.000000,0.000000,0.000000,0.000000,0.000000,0.000000,0.000000,0.000000,0.000000,0.637663,100.461674,0.566180,-0.598392,-0.598392,0.566032,-0.589659,0.119829,0.000000,0.365028,0.384194
488,up,0.550000,0.330000,0.000000,0.000000,0.000000,0.000000,0.000000,0.000000,0.000000,0.000000,0.000000,0.000000,0.639349,100.206710,0.566180,-0.602753,-0.602753,0.566032,-0.589659,0.119841,0.000000,0.365111,0.384276
489,up,0.550000,0.333333,0.000000,0.000000,0.000000,0.000000,0.000000,0.000000,0.000000,0.000000,0.000000,0.000000,0.641051,99.949364,0.566180,-0.602753,-0.602753,0.566032,-0.589659,0.119841,0.000000,0.365111,0.384276
490,up,0.550000,0.336667,0.000000,0.000000,0.000000,0.000000,0.000000,0.000000,0.000000,0.000000,0.000000,0.000000,0.642767,99.689638,0.566180,-0.607186,-0.607186,0.566031,-0.598094,0.119841,0.000000,0.365111,0.384276
491,up,0.550000,0.340000,0.000000,0.000000,0.000000,0.000000,0.000000,0.000000,0.000000,0.000000,0.000000,0.000000,0.644497,99.427531,0.566180,-0.607186,-0.607186,0.566031,-0.598094,0.119843,0.000000,0.365123,0.384288
492,up,0.550000,0.343333,0.000000,0.000000,0.000000,0.000000,0.000000,0.000000,0.000000,0.000000,0.000000,0.000000,0.646240,99.163044,0.566180,-0.611699,-0.611699,0.566031,-0.598094,0.119843,0.000000,0.365123,0.384288
493,up,0.550000,0.346667,0.000000,0.000000,0.000000,0.000000,0.000000,0.000000,0.000000,0.000000,0.000000,0.000000,0.647996,98.896176,0.566180,-0.611699,-0.611699,0.566029,-0.602569,0.119843,0.000000,0.365123,0.384288
494,up,0.550000,0.350000,0.000000,0.000000,0.000000,0.000000,0.000000,0.000000,0.000000,0.000000,0.000000,0.000000,0.649764,98.626927,0.566180,-0.616297,-0.616297,0.566029,-0.602569,0.119843,0.000000,0.365123,0.384288
495,up,0.550000,0.353333,0.000000,0.000000,0.000000,0.000000,0.000000,0.000000,0.000000,0.000000,0.000000,0.000000,0.651545,98.355295,0.566180,-0.620632,-0.620632,0.566029,-0.602569,0.119843,0.000000,0.365123,0.384288
496,up,0.550000,0.356667,0.000000,0.000000,0.000000,0.000000,0.000000,0.000000,0.000000,0.000000,0.000000,0.000000,0.653337,98.081281,0.566180,-0.620632,-0.620632,0.566012,-0.611585,0.119843,0.000000,0.365123,0.384288
497,up,0.550000,0.360000,0.000000,0.000000,0.000000,0.000000,0.000000,0.000000,0.000000,0.000000,0.000000,0.000000,0.655142,97.804883,0.566180,-0.624960,-0.624960,0.566012,-0.611585,0.119843,0.000000,0.365123,0.384288
498,up,0.550000,0.363333,0.000000,0.000000,0.000000,0.000000,0.000000,0.000000,0.000000,0.000000,0.000000,0.000000,0.656959,97.526098,0.566180,-0.624960,-0.624960,0.566012,-0.611585,0.119843,0.000000,0.365123,0.384288
499,up,0.550000,0.366667,0.000000,0.000000,0.000000,0.000000,0.000000,0.000000,0.000000,0.000000,0.000000,0.000000,0.658788,97.244926,0.566180,-0.629397,-0.629397,0.566011,-0.620334,0.119843,0.000000,0.365123,0.384288
500,up,0.550000,0.370000,0.000000,0.000000,0.000000,0.000000,0.000000,0.000000,0.000000,0.000000,0.000000,0.000000,0.660629,96.961363,0.566180,-0.633617,-0.633617,0.566011,-0.620334,0.119836,0.000000,0.365163,0.384323
501,up,0.550000,0.373333,0.000000,0.000000,0.000000,0.000000,0.000000,0.000000,0.000000,0.000000,0.000000,0.000000,0.662481,96.675408,0.566180,-0.633617,-0.633617,0.566011,-0.620334,0.119836,0.000000,0.365163,0.384323
502,up,0.550000,0.376667,0.000000,0.000000,0.000000,0.000000,0.000000,0.000000,0.000000,0.000000,0.000000,0.000000,0.664345,96.387057,0.559835,-0.637896,-0.637896,0.566049,-0.624761,0.119836,0.000000,0.365163,0.384323
503,up,0.550000,0.380000,0.000000,0.000000,0.000000,0.000000,0.000000,0.000000,0.000000,0.000000,0.000000,0.000000,0.666220,96.096308,0.556028,-0.637896,-0.637896,0.566049,-0.624761,0.119581,0.000000,0.366624,0.385633
504,up,0.550000,0.383333,0.000000,0.000000,0.000000,0.000000,0.000000,0.000000,0.000000,0.000000,0.000000,0.000000,0.668106,95.803157,0.556028,-0.642347,-0.642347,0.566049,-0.624761,0.119581,0.000000,0.366624,0.385633
505,up,0.550000,0.386667,0.000000,0.000000,0.000000,0.000000,0.000000,0.000000,0.000000,0.000000,0.000000,0.000000,0.670004,95.507600,0.556028,-0.646619,-0.646619,0.565742,-0.633405,0.119581,0.000000,0.366624,0.385633
506,up,0.550000,0.390000,0.000000,0.000000,0.000000,0.000000,0.000000,0.000000,0.000000,0.000000,0.000000,0.000000,0.671913,95.209632,0.556028,-0.646619,-0.646619,0.565742,-0.633405,0.119066,0.000000,0.369466,0.388178
507,up,0.550000,0.393333,0.000000,0.000000,0.000000,0.000000,0.000000,0.000000,0.000000,0.000000,0.000000,0.000000,0.673833,94.909250,0.549106,-0.650990,-0.650990,0.565742,-0.633405,0.119066,0.000000,0.369466,0.388178
508,up,0.550000,0.396667,0.000000,0.000000,0.000000,0.000000,0.000000,0.000000,0.000000,0.000000,0.000000,0.000000,0.675765,94.606449,0.544953,-0.655174,-0.655174,0.555690,-0.642166,0.119066,0.000000,0.369466,0.388178
509,up,0.550000,0.400000,0.000000,0.000000,0.000000,0.000000,0.000000,0.000000,0.000000,0.000000,0.000000,0.000000,0.677707,94.301222,0.544953,-0.655174,-0.655174,0.555690,-0.642166,0.118775,0.000000,0.370997,0.389546
510,up,0.550000,0.403333,0.000000,0.000000,0.000000,0.000000,0.000000,0.000000,0.000000,0.000000,0.000000,0.000000,0.679659,93.993566,0.544953,-0.659484,-0.659484,0.555690,-0.642166,0.118775,0.000000,0.370997,0.389546
511,up,0.550000,0.406667,0.000000,0.000000,0.000000,0.000000,0.000000,0.000000,0.000000,0.000000,0.000000,0.000000,0.681623,93.683472,0.544953,-0.663637,-0.663637,0.548840,-0.650804,0.118775,0.000000,0.370997,0.389546
512,up,0.550000,0.410000,0.000000,0.000000,0.000000,0.000000,0.000000,0.000000,0.000000,0.000000,0.000000,0.000000,0.683597,93.370936,0.544953,-0.663637,-0.663637,0.548840,-0.650804,0.118179,0.000000,0.374038,0.392264
513,up,0.550000,0.413333,0.000000,0.000000,0.000000,0.000000,0.000000,0.000000,0.000000,0.000000,0.000000,0.000000,0.685582,93.055950,0.537780,-0.667950,-0.667950,0.548840,-0.650804,0.118179,0.000000,0.374038,0.392264
514,up,0.550000,0.416667,0.000000,0.000000,0.000000,0.000000,0.000000,0.000000,0.000000,0.000000,0.000000,0.000000,0.687577,92.738508,0.533475,-0.672128,-0.672128,0.544597,-0.659297,0.118179,0.000000,0.374038,0.392264
515,up,0.550000,0.420000,0.000000,0.000000,0.000000,0.000000,0.000000,0.000000,0.000000,0.000000,0.000000,0.000000,0.689582,92.418600,0.533475,-0.672128,-0.672128,0.544597,-0.659297,0.117590,0.000000,0.376943,0.394859
516,up,0.550000,0.423333,0.000000,0.000000,0.000000,0.000000,0.000000,0.000000,0.000000,0.000000,0.000000,0.000000,0.691598,92.096220,0.533475,-0.676492,-0.676492,0.544597,-0.659297,0.117590,0.000000,0.376943,0.394859
517,up,0.550000,0.426667,0.000000,0.000000,0.000000,0.000000,0.000000,0.000000,0.000000,0.000000,0.000000,0.000000,0.693624,91.771358,0.533475,-0.680732,-0.680732,0.537505,-0.667765,0.117590,0.000000,0.376943,0.394859
518,up,0.550000,0.430000,0.000000,0.000000,0.000000,0.000000,0.000000,0.000000,0.000000,0.000000,0.000000,0.000000,0.695660,91.444007,0.533475,-0.680732,-0.680732,0.537505,-0.667765,0.117271,0.000000,0.378455,0.396208
519,up,0.550000,0.433333,0.000000,0.000000,0.000000,0.000000,0.000000,0.000000,0.000000,0.000000,0.000000,0.000000,0.697706,91.114155,0.533475,-0.685172,-0.685172,0.537505,-0.667765,0.117271,0.000000,0.378455,0.396208
520,up,0.550000,0.436667,0.000000,0.000000,0.000000,0.000000,0.000000,0.000000,0.000000,0.000000,0.000000,0.000000,0.699762,90.781793,0.526332,-0.689494,-0.689494,0.533316,-0.676310,0.117271,0.000000,0.378455,0.396208
521,up,0.550000,0.440000,0.000000,0.000000,0.000000,0.000000,0.000000,0.000000,0.000000,0.000000,0.000000,0.000000,0.701827,90.446912,0.522046,-0.689494,-0.689494,0.533316,-0.676310,0.116492,0.000000,0.381431,0.398823
522,up,0.550000,0.443333,0.000000,0.000000,0.000000,0.000000,0.000000,0.000000,0.000000,0.000000,0.000000,0.000000,0.703903,90.109499,0.522046,-0.694026,-0.694026,0.533316,-0.676310,0.116492,0.000000,0.381431,0.398823
523,up,0.550000,0.446667,0.000000,0.000000,0.000000,0.000000,0.000000,0.000000,0.000000,0.000000,0.000000,0.000000,0.705988,89.769543,0.522046,-0.698440,-0.698440,0.532990,-0.684995,0.116492,0.000000,0.381431,0.398823
524,up,0.550000,0.450000,0.000000,0.000000,0.000000,0.000000,0.000000,0.000000,0.000000,0.000000,0.000000,0.000000,0.708082,89.427033,0.522046,-0.698440,-0.698440,0.532990,-0.684995,0.113216,0.000000,0.385496,0.401778
525,up,0.550000,0.453333,0.000000,0.000000,0.000000,0.000000,0.000000,0.000000,0.000000,0.000000,0.000000,0.000000,0.710186,89.081955,0.522046,-0.703071,-0.703071,0.532990,-0.684995,0.113216,0.000000,0.385496,0.401778
526,up,0.550000,0.456667,0.000000,0.000000,0.000000,0.000000,0.000000,0.000000,0.000000,0.000000,0.000000,0.000000,0.712300,88.734297,0.522046,-0.707584,-0.707584,0.521871,-0.693911,0.113216,0.000000,0.385496,0.401778
527,up,0.550000,0.460000,0.000000,0.000000,0.000000,0.000000,0.000000,0.000000,0.000000,0.000000,0.000000,0.000000,0.714422,88.384045,0.522046,-0.711867,-0.711867,0.521871,-0.693911,0.110704,0.000000,0.389123,0.404564
528,up,0.550000,0.463333,0.000000,0.000000,0.000000,0.000000,0.000000,0.000000,0.000000,0.000000,0.000000,0.000000,0.716554,88.031184,0.522046,-0.711867,-0.711867,0.521871,-0.693911,0.110704,0.000000,0.389123,0.404564
529,up,0.550000,0.466667,0.000000,0.000000,0.000000,0.000000,0.000000,0.000000,0.000000,0.000000,0.000000,0.000000,0.718695,87.675700,0.522046,-0.716368,-0.716368,0.521876,-0.702891,0.110704,0.000000,0.389123,0.404564
530,up,0.550000,0.470000,0.000000,0.000000,0.000000,0.000000,0.000000,0.000000,0.000000,0.000000,0.000000,0.000000,0.720845,87.317578,0.522046,-0.720783,-0.720783,0.521876,-0.702891,0.108800,0.000000,0.392408,0.407212
531,up,0.550000,0.473333,0.000000,0.000000,0.000000,0.000000,0.000000,0.000000,0.000000,0.000000,0.000000,0.000000,0.723005,86.956800,0.522046,-0.725008,-0.725008,0.521876,-0.702891,0.108800,0.000000,0.392408,0.407212
532,up,0.550000,0.476667,0.000000,0.000000,0.000000,0.000000,0.000000,0.000000,0.000000,0.000000,0.000000,0.000000,0.725173,86.593351,0.514980,-0.725008,-0.725008,0.521875,-0.711809,0.108800,0.000000,0.392408,0.407212
533,up,0.550000,0.480000,0.000000,0.000000,0.000000,0.000000,0.000000,0.000000,0.000000,0.000000,0.000000,0.000000,0.727349,86.227212,0.510740,-0.729502,-0.729502,0.521875,-0.711809,0.106111,0.000000,0.395954,0.409926
534,up,0.550000,0.483333,0.000000,0.000000,0.000000,0.000000,0.000000,0.000000,0.000000,0.000000,0.000000,0.000000,0.729535,85.858366,0.510740,-0.733944,-0.733944,0.521875,-0.711809,0.106111,0.000000,0.395954,0.409926
535,up,0.550000,0.486667,0.000000,0.000000,0.000000,0.000000,0.000000,0.000000,0.000000,0.000000,0.000000,0.000000,0.731729,85.486793,0.510740,-0.738220,-0.738220,0.521403,-0.724834,0.106111,0.000000,0.395954,0.409926
536,up,0.550000,0.490000,0.000000,0.000000,0.000000,0.000000,0.000000,0.000000,0.000000,0.000000,0.000000,0.000000,0.733932,85.112474,0.510740,-0.738220,-0.738220,0.521403,-0.724834,0.104159,0.000000,0.399190,0.412555
537,up,0.550000,0.493333,0.000000,0.000000,0.000000,0.000000,0.000000,0.000000,0.000000,0.000000,0.000000,0.000000,0.736143,84.735389,0.510740,-0.742795,-0.742795,0.521403,-0.724834,0.104159,0.000000,0.399190,0.412555
538,up,0.550000,0.496667,0.000000,0.000000,0.000000,0.000000,0.000000,0.000000,0.000000,0.000000,0.000000,0.000000,0.738363,84.355516,0.510740,-0.747332,-0.747332,0.510566,-0.733776,0.104159,0.000000,0.399190,0.412555
539,up,0.550000,0.500000,0.000000,0.000000,0.000000,0.000000,0.000000,0.000000,0.000000,0.000000,0.000000,0.000000,0.740591,83.972833,0.510740,-0.751710,-0.751710,0.510566,-0.733776,0.103112,0.000000,0.402097,0.415107
540,up,0.550000,0.503333,0.000000,0.000000,0.000000,0.000000,0.000000,0.000000,0.000000,0.000000,0.000000,0.000000,0.742828,83.587318,0.510740,-0.755907,-0.755907,0.510566,-0.733776,0.103112,0.000000,0.402097,0.415107
541,up,0.550000,0.506667,0.000000,0.000000,0.000000,0.000000,0.000000,0.000000,0.000000,0.000000,0.000000,0.000000,0.745072,83.198947,0.510740,-0.755907,-0.755907,0.510544,-0.742840,0.103112,0.000000,0.402097,0.415107
542,up,0.550000,0.510000,0.000000,0.000000,0.000000,0.000000,0.000000,0.000000,0.000000,0.000000,0.000000,0.000000,0.747325,82.807694,0.510740,-0.760444,-0.760444,0.510544,-0.742840,0.099137,0.000000,0.406077,0.418003
543,up,0.550000,0.513333,0.000000,0.000000,0.000000,0.000000,0.000000,0.000000,0.000000,0.000000,0.000000,0.000000,0.749586,82.413536,0.510740,-0.764983,-0.764983,0.510544,-0.742840,0.099137,0.000000,0.406077,0.418003
544,up,0.550000,0.516667,0.000000,0.000000,0.000000,0.000000,0.000000,0.000000,0.000000,0.000000,0.000000,0.000000,0.751855,82.016444,0.510740,-0.769396,-0.769396,0.510587,-0.755710,0.099137,0.000000,0.406077,0.418003
545,up,0.550000,0.520000,0.000000,0.000000,0.000000,0.000000,0.000000,0.000000,0.000000,0.000000,0.000000,0.000000,0.754131,81.616392,0.510740,-0.773655,-0.773655,0.510587,-0.755710,0.098151,0.000000,0.408978,0.420591
546,up,0.550000,0.523333,0.000000,0.000000,0.000000,0.000000,0.000000,0.000000,0.000000,0.000000,0.000000,0.000000,0.756416,81.213351,0.510740,-0.777773,-0.777773,0.510587,-0.755710,0.098151,0.000000,0.408978,0.420591
547,up,0.550000,0.526667,0.000000,0.000000,0.000000,0.000000,0.000000,0.000000,0.000000,0.000000,0.000000,0.000000,0.758708,80.807292,0.510740,-0.777773,-0.777773,0.510540,-0.764978,0.098151,0.000000,0.408978,0.420591
548,up,0.550000,0.530000,0.000000,0.000000,0.000000,0.000000,0.000000,0.000000,0.000000,0.000000,0.000000,0.000000,0.761008,80.398184,0.510740,-0.782304,-0.782304,0.510540,-0.764978,0.097114,0.000000,0.411924,0.423217
549,up,0.550000,0.533333,0.000000,0.000000,0.000000,0.000000,0.000000,0.000000,0.000000,0.000000,0.000000,0.000000,0.763316,79.985995,0.510740,-0.786889,-0.786889,0.510540,-0.764978,0.097114,0.000000,0.411924,0.423217
550,up,0.550000,0.536667,0.000000,0.000000,0.000000,0.000000,0.000000,0.000000,0.000000,0.000000,0.000000,0.000000,0.765631,79.570693,0.510740,-0.791386,-0.791386,0.510540,-0.777652,0.097114,0.000000,0.411924,0.423217
551,up,0.550000,0.540000,0.000000,0.000000,0.000000,0.000000,0.000000,0.000000,0.000000,0.000000,0.000000,0.000000,0.767954,79.152243,0.510740,-0.795754,-0.795754,0.510540,-0.777652,0.095367,0.000000,0.416175,0.426962
552,up,0.550000,0.543333,0.000000,0.000000,0.000000,0.000000,0.000000,0.000000,0.000000,0.000000,0.000000,0.000000,0.770284,78.730610,0.510740,-0.800001,-0.800001,0.510540,-0.777652,0.095367,0.000000,0.416175,0.426962
553,up,0.550000,0.546667,0.000000,0.000000,0.000000,0.000000,0.000000,0.000000,0.000000,0.000000,0.000000,0.000000,0.772621,78.305758,0.510740,-0.804149,-0.804149,0.510560,-0.786826,0.095367,0.000000,0.416175,0.426962
554,up,0.550000,0.550000,0.000000,0.000000,0.000000,0.000000,0.000000,0.000000,0.000000,0.000000,0.000000,0.000000,0.774966,77.877648,0.510740,-0.808227,-0.808227,0.510560,-0.786826,0.091193,0.000000,0.419971,0.429758
555,up,0.550000,0.553333,0.000000,0.000000,0.000000,0.000000,0.000000,0.000000,0.000000,0.000000,0.000000,0.000000,0.777318,77.446241,0.510740,-0.812259,-0.812259,0.510560,-0.786826,0.091193,0.000000,0.419971,0.429758
556,up,0.550000,0.556667,0.000000,0.000000,0.000000,0.000000,0.000000,0.000000,0.000000,0.000000,0.000000,0.000000,0.779677,77.011496,0.510740,-0.816264,-0.816264,0.510559,-0.799908,0.091193,0.000000,0.419971,0.429758
557,up,0.550000,0.560000,0.000000,0.000000,0.000000,0.000000,0.000000,0.000000,0.000000,0.000000,0.000000,0.000000,0.782044,76.573370,0.510740,-0.820260,-0.820260,0.510559,-0.799908,0.090051,0.000000,0.422837,0.432320
558,up,0.550000,0.563333,0.000000,0.000000,0.000000,0.000000,0.000000,0.000000,0.000000,0.000000,0.000000,0.000000,0.784417,76.131821,0.510740,-0.824258,-0.824258,0.510559,-0.799908,0.090051,0.000000,0.422837,0.432320
559,up,0.550000,0.566667,0.000000,0.000000,0.000000,0.000000,0.000000,0.000000,0.000000,0.000000,0.000000,0.000000,0.786797,75.686802,0.510740,-0.828267,-0.828267,0.510558,-0.812159,0.090051,0.000000,0.422837,0.432320
560,up,0.550000,0.570000,0.000000,0.000000,0.000000,0.000000,0.000000,0.000000,0.000000,0.000000,0.000000,0.000000,0.789184,75.238265,0.510740,-0.832293,-0.832293,0.510558,-0.812159,0.088363,0.000001,0.426942,0.435991
561,up,0.550000,0.573333,0.000000,0.000000,0.000000,0.000000,0.000000,0.000000,0.000000,0.000000,0.000000,0.000000,0.791578,74.786163,0.510740,-0.836340,-0.836340,0.510558,-0.812159,0.088363,0.000001,0.426942,0.435991
562,up,0.550000,0.576667,0.000000,0.000000,0.000000,0.000000,0.000000,0.000000,0.000000,0.000000,0.000000,0.000000,0.793979,74.330444,0.510740,-0.840413,-0.840413,0.510556,-0.824161,0.088363,0.000001,0.426942,0.435991
563,up,0.550000,0.580000,0.000000,0.000000,0.000000,0.000000,0.000000,0.000000,0.000000,0.000000,0.000000,0.000000,0.796387,73.871054,0.510740,-0.844513,-0.844513,0.510556,-0.824161,0.087111,0.000001,0.429880,0.438618
564,up,0.550000,0.583333,0.000000,0.000000,0.000000,0.000000,0.000000,0.000000,0.000000,0.000000,0.000000,0.000000,0.798801,73.407940,0.510740,-0.848643,-0.848643,0.510556,-0.824161,0.087111,0.000001,0.429880,0.438618
565,up,0.550000,0.586667,0.000000,0.000000,0.000000,0.000000,0.000000,0.000000,0.000000,0.000000,0.000000,0.000000,0.801222,72.941045,0.510740,-0.852804,-0.852804,0.510555,-0.836248,0.087111,0.000001,0.429880,0.438618
566,up,0.550000,0.590000,0.000000,0.000000,0.000000,0.000000,0.000000,0.000000,0.000000,0.000000,0.000000,0.000000,0.803649,72.470308,0.510740,-0.856996,-0.856996,0.510555,-0.836248,0.085380,0.000001,0.433841,0.442163
567,up,0.550000,0.593333,0.000000,0.000000,0.000000,0.000000,0.000000,0.000000,0.000000,0.000000,0.000000,0.000000,0.806083,71.995669,0.510740,-0.861221,-0.861221,0.510555,-0.836248,0.085380,0.000001,0.433841,0.442163
568,up,0.550000,0.596667,0.000000,0.000000,0.000000,0.000000,0.000000,0.000000,0.000000,0.000000,0.000000,0.000000,0.808523,71.517063,0.510740,-0.865480,-0.865480,0.510552,-0.848511,0.085380,0.000001,0.433841,0.442163
569,up,0.550000,0.600000,0.000000,0.000000,0.000000,0.000000,0.000000,0.000000,0.000000,0.000000,0.000000,0.000000,0.810970,71.034425,0.510740,-0.869774,-0.869774,0.510552,-0.848511,0.084067,0.000001,0.436755,0.444772
570,hold_up,0.550000,0.600000,0.000000,0.000000,0.000000,0.000000,0.000000,0.000000,0.000000,0.000000,0.000000,0.000000,0.812310,71.034425,0.510740,-0.869774,-0.869774,0.510552,-0.848511,0.084067,0.000001,0.436755,0.444772
571,hold_up,0.550000,0.600000,0.000000,0.000000,0.000000,0.000000,0.000000,0.000000,0.000000,0.000000,0.000000,0.000000,0.813045,71.034425,0.510740,-0.874006,-0.874006,0.510531,-0.861074,0.084067,0.000001,0.436755,0.444772
572,hold_up,0.550000,0.600000,0.000000,0.000000,0.000000,0.000000,0.000000,0.000000,0.000000,0.000000,0.000000,0.000000,0.813448,71.034425,0.510740,-0.874006,-0.874006,0.510531,-0.861074,0.082209,0.000001,0.440771,0.448372
573,hold_up,0.550000,0.600000,0.000000,0.000000,0.000000,0.000000,0.000000,0.000000,0.000000,0.000000,0.000000,0.000000,0.813670,71.034425,0.510740,-0.874006,-0.874006,0.510531,-0.861074,0.082209,0.000001,0.440771,0.448372
574,hold_up,0.550000,0.600000,0.000000,0.000000,0.000000,0.000000,0.000000,0.000000,0.000000,0.000000,0.000000,0.000000,0.813792,71.034425,0.510740,-0.874006,-0.874006,0.510552,-0.869470,0.082209,0.000001,0.440771,0.448372
575,hold_up,0.550000,0.600000,0.000000,0.000000,0.000000,0.000000,0.000000,0.000000,0.000000,0.000000,0.000000,0.000000,0.813859,71.034425,0.510740,-0.874006,-0.874006,0.510552,-0.869470,0.080396,0.000001,0.444554,0.451765
576,hold_up,0.550000,0.600000,0.000000,0.000000,0.000000,0.000000,0.000000,0.000000,0.000000,0.000000,0.000000,0.000000,0.813896,71.034425,0.510740,-0.874006,-0.874006,0.510552,-0.869470,0.080396,0.000001,0.444554,0.451765
577,hold_up,0.550000,0.600000,0.000000,0.000000,0.000000,0.000000,0.000000,0.000000,0.000000,0.000000,0.000000,0.000000,0.813916,71.034425,0.510740,-0.874006,-0.874006,0.510551,-0.873576,0.080396,0.000001,0.444554,0.451765
578,hold_up,0.550000,0.600000,0.000000,0.000000,0.000000,0.000000,0.000000,0.000000,0.000000,0.000000,0.000000,0.000000,0.813927,71.034425,0.510740,-0.874006,-0.874006,0.510551,-0.873576,0.078550,0.000001,0.448279,0.455109
579,hold_up,0.550000,0.600000,0.000000,0.000000,0.000000,0.000000,0.000000,0.000000,0.000000,0.000000,0.000000,0.000000,0.813934,71.034425,0.510740,-0.874006,-0.874006,0.510551,-0.873576,0.078550,0.000001,0.448279,0.455109
580,hold_up,0.550000,0.600000,0.000000,0.000000,0.000000,0.000000,0.000000,0.000000,0.000000,0.000000,0.000000,0.000000,0.813937,71.034425,0.510740,-0.874006,-0.874006,0.510551,-0.873581,0.078550,0.000001,0.448279,0.455109
581,hold_up,0.550000,0.600000,0.000000,0.000000,0.000000,0.000000,0.000000,0.000000,0.000000,0.000000,0.000000,0.000000,0.813939,71.034425,0.510740,-0.874006,-0.874006,0.510551,-0.873581,0.076696,0.000001,0.451928,0.458390
582,hold_up,0.550000,0.600000,0.000000,0.000000,0.000000,0.000000,0.000000,0.000000,0.000000,0.000000,0.000000,0.000000,0.813940,71.034425,0.510740,-0.874006,-0.874006,0.510551,-0.873581,0.076696,0.000001,0.451928,0.458390
583,hold_up,0.550000,0.600000,0.000000,0.000000,0.000000,0.000000,0.000000,0.000000,0.000000,0.000000,0.000000,0.000000,0.813940,71.034425,0.510740,-0.874006,-0.874006,0.510576,-0.873637,0.076696,0.000001,0.451928,0.458390
584,hold_up,0.550000,0.600000,0.000000,0.000000,0.000000,0.000000,0.000000,0.000000,0.000000,0.000000,0.000000,0.000000,0.813941,71.034425,0.510740,-0.874006,-0.874006,0.510576,-0.873637,0.074684,0.000001,0.455740,0.461819
585,hold_up,0.550000,0.600000,0.000000,0.000000,0.000000,0.000000,0.000000,0.000000,0.000000,0.000000,0.000000,0.000000,0.813941,71.034425,0.510740,-0.874006,-0.874006,0.510576,-0.873637,0.074684,0.000001,0.455740,0.461819
586,hold_up,0.550000,0.600000,0.000000,0.000000,0.000000,0.000000,0.000000,0.000000,0.000000,0.000000,0.000000,0.000000,0.813941,71.034425,0.510740,-0.874006,-0.874006,0.510549,-0.873577,0.074684,0.000001,0.455740,0.461819
587,hold_up,0.550000,0.600000,0.000000,0.000000,0.000000,0.000000,0.000000,0.000000,0.000000,0.000000,0.000000,0.000000,0.813941,71.034425,0.510740,-0.874006,-0.874006,0.510549,-0.873577,0.072695,0.000001,0.459428,0.465143
588,hold_up,0.550000,0.600000,0.000000,0.000000,0.000000,0.000000,0.000000,0.000000,0.000000,0.000000,0.000000,0.000000,0.813941,71.034425,0.510740,-0.874006,-0.874006,0.510549,-0.873577,0.072695,0.000001,0.459428,0.465143
589,hold_up,0.550000,0.600000,0.000000,0.000000,0.000000,0.000000,0.000000,0.000000,0.000000,0.000000,0.000000,0.000000,0.813941,71.034425,0.510740,-0.874006,-0.874006,0.510551,-0.873581,0.072695,0.000001,0.459428,0.465143
590,hold_up,0.550000,0.600000,0.000000,0.000000,0.000000,0.000000,0.000000,0.000000,0.000000,0.000000,0.000000,0.000000,0.813941,71.034425,0.510740,-0.874006,-0.874006,0.510551,-0.873581,0.071320,0.000001,0.461918,0.467391
591,hold_up,0.550000,0.600000,0.000000,0.000000,0.000000,0.000000,0.000000,0.000000,0.000000,0.000000,0.000000,0.000000,0.813941,71.034425,0.510740,-0.874006,-0.874006,0.510551,-0.873581,0.071320,0.000001,0.461918,0.467391
592,hold_up,0.550000,0.600000,0.000000,0.000000,0.000000,0.000000,0.000000,0.000000,0.000000,0.000000,0.000000,0.000000,0.813941,71.034425,0.510740,-0.874006,-0.874006,0.510551,-0.873581,0.071320,0.000001,0.461918,0.467391
593,hold_up,0.550000,0.600000,0.000000,0.000000,0.000000,0.000000,0.000000,0.000000,0.000000,0.000000,0.000000,0.000000,0.813941,71.034425,0.510740,-0.874006,-0.874006,0.510551,-0.873581,0.070639,0.000001,0.463129,0.468485
594,hold_up,0.550000,0.600000,0.000000,0.000000,0.000000,0.000000,0.000000,0.000000,0.000000,0.000000,0.000000,0.000000,0.813941,71.034425,0.510740,-0.874006,-0.874006,0.510551,-0.873581,0.070639,0.000001,0.463129,0.468485
595,hold_up,0.550000,0.600000,0.000000,0.000000,0.000000,0.000000,0.000000,0.000000,0.000000,0.000000,0.000000,0.000000,0.813941,71.034425,0.510740,-0.874006,-0.874006,0.510529,-0.873532,0.070639,0.000001,0.463129,0.468485
596,hold_up,0.550000,0.600000,0.000000,0.000000,0.000000,0.000000,0.000000,0.000000,0.000000,0.000000,0.000000,0.000000,0.813941,71.034425,0.510740,-0.874006,-0.874006,0.510529,-0.873532,0.070638,0.000001,0.463120,0.468476
597,hold_up,0.550000,0.600000,0.000000,0.000000,0.000000,0.000000,0.000000,0.000000,0.000000,0.000000,0.000000,0.000000,0.813941,71.034425,0.510740,-0.874006,-0.874006,0.510529,-0.873532,0.070638,0.000001,0.463120,0.468476
598,hold_up,0.550000,0.600000,0.000000,0.000000,0.000000,0.000000,0.000000,0.000000,0.000000,0.000000,0.000000,0.000000,0.813941,71.034425,0.510740,-0.874006,-0.874006,0.510552,-0.873583,0.070638,0.000001,0.463120,0.468476
599,hold_up,0.550000,0.600000,0.000000,0.000000,0.000000,0.000000,0.000000,0.000000,0.000000,0.000000,0.000000,0.000000,0.813941,71.034425,0.510740,-0.874006,-0.874006,0.510552,-0.873583,0.070638,0.000001,0.463130,0.468486
600,back_to_base3,0.550000,0.595000,0.000000,0.000000,0.000000,0.000000,0.000000,0.000000,0.000000,0.000000,0.000000,0.000000,0.812290,71.756866,0.510740,-0.874006,-0.874006,0.510552,-0.873583,0.070638,0.000001,0.463130,0.468486
601,back_to_base3,0.550000,0.590000,0.000000,0.000000,0.000000,0.000000,0.000000,0.000000,0.000000,0.000000,0.000000,0.000000,0.809738,72.470308,0.510740,-0.874006,-0.874006,0.510549,-0.873577,0.070638,0.000001,0.463130,0.468486
602,back_to_base3,0.550000,0.585000,0.000000,0.000000,0.000000,0.000000,0.000000,0.000000,0.000000,0.000000,0.000000,0.000000,0.806695,73.174969,0.510740,-0.874006,-0.874006,0.510549,-0.873577,0.070638,0.000001,0.463110,0.468466
603,back_to_base3,0.550000,0.580000,0.000000,0.000000,0.000000,0.000000,0.000000,0.000000,0.000000,0.000000,0.000000,0.000000,0.803388,73.871054,0.510740,-0.874006,-0.874006,0.510549,-0.873577,0.070638,0.000001,0.463110,0.468466
604,back_to_base3,0.550000,0.575000,0.000000,0.000000,0.000000,0.000000,0.000000,0.000000,0.000000,0.000000,0.000000,0.000000,0.799941,74.558759,0.510740,-0.874006,-0.874006,0.510551,-0.873581,0.070638,0.000001,0.463110,0.468466
605,back_to_base3,0.550000,0.570000,0.000000,0.000000,0.000000,0.000000,0.000000,0.000000,0.000000,0.000000,0.000000,0.000000,0.796422,75.238265,0.510740,-0.874006,-0.874006,0.510551,-0.873581,0.070638,0.000001,0.463120,0.468476
606,back_to_base3,0.550000,0.565000,0.000000,0.000000,0.000000,0.000000,0.000000,0.000000,0.000000,0.000000,0.000000,0.000000,0.792872,75.909748,0.510740,-0.869679,-0.869679,0.510551,-0.873581,0.070638,0.000001,0.463120,0.468476
607,back_to_base3,0.550000,0.560000,0.000000,0.000000,0.000000,0.000000,0.000000,0.000000,0.000000,0.000000,0.000000,0.000000,0.789310,76.573370,0.510740,-0.864686,-0.864686,0.510551,-0.873460,0.070638,0.000001,0.463120,0.468476
608,back_to_base3,0.550000,0.555000,0.000000,0.000000,0.000000,0.000000,0.000000,0.000000,0.000000,0.000000,0.000000,0.000000,0.785749,77.229288,0.510740,-0.859276,-0.859276,0.510551,-0.873460,0.070638,0.000001,0.463120,0.468476
609,back_to_base3,0.550000,0.550000,0.000000,0.000000,0.000000,0.000000,0.000000,0.000000,0.000000,0.000000,0.000000,0.000000,0.782195,77.877648,0.510740,-0.853614,-0.853614,0.510551,-0.873460,0.070638,0.000001,0.463120,0.468476
610,back_to_base3,0.550000,0.545000,0.000000,0.000000,0.000000,0.000000,0.000000,0.000000,0.000000,0.000000,0.000000,0.000000,0.778653,78.518589,0.510740,-0.847807,-0.847807,0.510528,-0.868581,0.070638,0.000001,0.463120,0.468476
611,back_to_base3,0.550000,0.540000,0.000000,0.000000,0.000000,0.000000,0.000000,0.000000,0.000000,0.000000,0.000000,0.000000,0.775124,79.152243,0.510740,-0.841926,-0.841926,0.510528,-0.868581,0.070638,0.000001,0.463120,0.468476
612,back_to_base3,0.550000,0.535000,0.000000,0.000000,0.000000,0.000000,0.000000,0.000000,0.000000,0.000000,0.000000,0.000000,0.771610,79.778735,0.510740,-0.836019,-0.836019,0.510528,-0.868581,0.070638,0.000001,0.463120,0.468476
613,back_to_base3,0.550000,0.530000,0.000000,0.000000,0.000000,0.000000,0.000000,0.000000,0.000000,0.000000,0.000000,0.000000,0.768112,80.398184,0.510740,-0.830118,-0.830118,0.510553,-0.852716,0.070638,0.000001,0.463120,0.468476
614,back_to_base3,0.550000,0.525000,0.000000,0.000000,0.000000,0.000000,0.000000,0.000000,0.000000,0.000000,0.000000,0.000000,0.764631,81.010701,0.510740,-0.824241,-0.824241,0.510553,-0.852716,0.070638,0.000001,0.463130,0.468486
615,back_to_base3,0.550000,0.520000,0.000000,0.000000,0.000000,0.000000,0.000000,0.000000,0.000000,0.000000,0.000000,0.000000,0.761166,81.616392,0.510740,-0.818404,-0.818404,0.510553,-0.852716,0.070638,0.000001,0.463130,0.468486
616,back_to_base3,0.550000,0.515000,0.000000,0.000000,0.000000,0.000000,0.000000,0.000000,0.000000,0.000000,0.000000,0.000000,0.757718,82.215358,0.510740,-0.812615,-0.812615,0.510531,-0.834922,0.070638,0.000001,0.463130,0.468486
617,back_to_base3,0.550000,0.510000,0.000000,0.000000,0.000000,0.000000,0.000000,0.000000,0.000000,0.000000,0.000000,0.000000,0.754287,82.807694,0.510740,-0.806878,-0.806878,0.510531,-0.834922,0.070638,0.000001,0.463110,0.468466
618,back_to_base3,0.550000,0.505000,0.000000,0.000000,0.000000,0.000000,0.000000,0.000000,0.000000,0.000000,0.000000,0.000000,0.750874,83.393491,0.510740,-0.801198,-0.801198,0.510531,-0.834922,0.070638,0.000001,0.463110,0.468466
619,back_to_base3,0.550000,0.500000,0.000000,0.000000,0.000000,0.000000,0.000000,0.000000,0.000000,0.000000,0.000000,0.000000,0.747479,83.972833,0.510740,-0.795576,-0.795576,0.510520,-0.817690,0.070638,0.000001,0.463110,0.468466
620,back_to_base3,0.550000,0.495000,0.000000,0.000000,0.000000,0.000000,0.000000,0.000000,0.000000,0.000000,0.000000,0.000000,0.744102,84.545802,0.510740,-0.790013,-0.790013,0.510520,-0.817690,0.070638,0.000001,0.463120,0.468476
621,back_to_base3,0.550000,0.490000,0.000000,0.000000,0.000000,0.000000,0.000000,0.000000,0.000000,0.000000,0.000000,0.000000,0.740744,85.112474,0.510740,-0.784509,-0.784509,0.510520,-0.817690,0.070638,0.000001,0.463120,0.468476
622,back_to_base3,0.550000,0.485000,0.000000,0.000000,0.000000,0.000000,0.000000,0.000000,0.000000,0.000000,0.000000,0.000000,0.737404,85.672921,0.510740,-0.779065,-0.779065,0.510559,-0.800312,0.070638,0.000001,0.463120,0.468476
623,back_to_base3,0.550000,0.480000,0.000000,0.000000,0.000000,0.000000,0.000000,0.000000,0.000000,0.000000,0.000000,0.000000,0.734083,86.227212,0.510740,-0.773680,-0.773680,0.510559,-0.800312,0.070677,0.000001,0.463051,0.468414
624,back_to_base3,0.550000,0.475000,0.000000,0.000000,0.000000,0.000000,0.000000,0.000000,0.000000,0.000000,0.000000,0.000000,0.730781,86.775410,0.510740,-0.768354,-0.768354,0.510559,-0.800312,0.070677,0.000001,0.463051,0.468414
625,back_to_base3,0.550000,0.470000,0.000000,0.000000,0.000000,0.000000,0.000000,0.000000,0.000000,0.000000,0.000000,0.000000,0.727498,87.317578,0.510740,-0.763086,-0.763086,0.510560,-0.783656,0.070677,0.000001,0.463051,0.468414
626,back_to_base3,0.550000,0.465000,0.000000,0.000000,0.000000,0.000000,0.000000,0.000000,0.000000,0.000000,0.000000,0.000000,0.724235,87.853771,0.510740,-0.757876,-0.757876,0.510560,-0.783656,0.071545,0.000001,0.461495,0.467007
627,back_to_base3,0.550000,0.460000,0.000000,0.000000,0.000000,0.000000,0.000000,0.000000,0.000000,0.000000,0.000000,0.000000,0.720992,88.384045,0.510740,-0.752723,-0.752723,0.510560,-0.783656,0.071545,0.000001,0.461495,0.467007
628,back_to_base3,0.550000,0.455000,0.000000,0.000000,0.000000,0.000000,0.000000,0.000000,0.000000,0.000000,0.000000,0.000000,0.717770,88.908449,0.510740,-0.747627,-0.747627,0.510562,-0.767516,0.071545,0.000001,0.461495,0.467007
629,back_to_base3,0.550000,0.450000,0.000000,0.000000,0.000000,0.000000,0.000000,0.000000,0.000000,0.000000,0.000000,0.000000,0.714567,89.427033,0.510740,-0.742587,-0.742587,0.510562,-0.767516,0.074252,0.000001,0.456540,0.462539
630,back_to_base3,0.550000,0.445000,0.000000,0.000000,0.000000,0.000000,0.000000,0.000000,0.000000,0.000000,0.000000,0.000000,0.711386,89.939839,0.510740,-0.737602,-0.737602,0.510562,-0.767516,0.074252,0.000001,0.456540,0.462539
631,back_to_base3,0.550000,0.440000,0.000000,0.000000,0.000000,0.000000,0.000000,0.000000,0.000000,0.000000,0.000000,0.000000,0.708225,90.446912,0.510740,-0.732673,-0.732673,0.510564,-0.751900,0.074252,0.000001,0.456540,0.462539
632,back_to_base3,0.550000,0.435000,0.000000,0.000000,0.000000,0.000000,0.000000,0.000000,0.000000,0.000000,0.000000,0.000000,0.705086,90.948288,0.510740,-0.727798,-0.727798,0.510564,-0.751900,0.077096,0.000001,0.451116,0.457657
633,back_to_base3,0.550000,0.430000,0.000000,0.000000,0.000000,0.000000,0.000000,0.000000,0.000000,0.000000,0.000000,0.000000,0.701969,91.444007,0.510740,-0.722977,-0.722977,0.510564,-0.751900,0.077096,0.000001,0.451116,0.457657
634,back_to_base3,0.550000,0.425000,0.000000,0.000000,0.000000,0.000000,0.000000,0.000000,0.000000,0.000000,0.000000,0.000000,0.698873,91.934100,0.510740,-0.718210,-0.718210,0.510565,-0.736793,0.077096,0.000001,0.451116,0.457657
635,back_to_base3,0.550000,0.420000,0.000000,0.000000,0.000000,0.000000,0.000000,0.000000,0.000000,0.000000,0.000000,0.000000,0.695799,92.418600,0.510740,-0.713497,-0.713497,0.510565,-0.736793,0.079975,0.000001,0.445357,0.452481
636,back_to_base3,0.550000,0.415000,0.000000,0.000000,0.000000,0.000000,0.000000,0.000000,0.000000,0.000000,0.000000,0.000000,0.692748,92.897537,0.510740,-0.708836,-0.708836,0.510565,-0.736793,0.079975,0.000001,0.445357,0.452481
637,back_to_base3,0.550000,0.410000,0.000000,0.000000,0.000000,0.000000,0.000000,0.000000,0.000000,0.000000,0.000000,0.000000,0.689720,93.370936,0.510740,-0.704228,-0.704228,0.510566,-0.722182,0.079975,0.000001,0.445357,0.452481
638,back_to_base3,0.550000,0.405000,0.000000,0.000000,0.000000,0.000000,0.000000,0.000000,0.000000,0.000000,0.000000,0.000000,0.686715,93.838824,0.510740,-0.699672,-0.699672,0.510566,-0.722182,0.082455,0.000001,0.440202,0.447858
639,back_to_base3,0.550000,0.400000,0.000000,0.000000,0.000000,0.000000,0.000000,0.000000,0.000000,0.000000,0.000000,0.000000,0.683733,94.301222,0.510740,-0.695168,-0.695168,0.510566,-0.722182,0.082455,0.000001,0.440202,0.447858
640,back_to_base3,0.550000,0.395000,0.000000,0.000000,0.000000,0.000000,0.000000,0.000000,0.000000,0.000000,0.000000,0.000000,0.680775,94.758152,0.510740,-0.690716,-0.690716,0.510548,-0.707845,0.082455,0.000001,0.440202,0.447858
641,back_to_base3,0.550000,0.390000,0.000000,0.000000,0.000000,0.000000,0.000000,0.000000,0.000000,0.000000,0.000000,0.000000,0.677841,95.209632,0.510740,-0.686315,-0.686315,0.510548,-0.707845,0.084879,0.000001,0.434921,0.443127
642,back_to_base3,0.550000,0.385000,0.000000,0.000000,0.000000,0.000000,0.000000,0.000000,0.000000,0.000000,0.000000,0.000000,0.674931,95.655679,0.510740,-0.681965,-0.681965,0.510548,-0.707845,0.084879,0.000001,0.434921,0.443127
643,back_to_base3,0.550000,0.380000,0.000000,0.000000,0.000000,0.000000,0.000000,0.000000,0.000000,0.000000,0.000000,0.000000,0.672046,96.096308,0.510740,-0.677666,-0.677666,0.510570,-0.694385,0.084879,0.000001,0.434921,0.443127
644,back_to_base3,0.550000,0.375000,0.000000,0.000000,0.000000,0.000000,0.000000,0.000000,0.000000,0.000000,0.000000,0.000000,0.669185,96.531532,0.510740,-0.673418,-0.673418,0.510570,-0.694385,0.087093,0.000001,0.429884,0.438618
645,back_to_base3,0.550000,0.370000,0.000000,0.000000,0.000000,0.000000,0.000000,0.000000,0.000000,0.000000,0.000000,0.000000,0.666350,96.961363,0.510740,-0.669220,-0.669220,0.510570,-0.694385,0.087093,0.000001,0.429884,0.438618
646,back_to_base3,0.550000,0.365000,0.000000,0.000000,0.000000,0.000000,0.000000,0.000000,0.000000,0.000000,0.000000,0.000000,0.663541,97.385810,0.510740,-0.665072,-0.665072,0.510570,-0.681209,0.087093,0.000001,0.429884,0.438618
647,back_to_base3,0.550000,0.360000,0.000000,0.000000,0.000000,0.000000,0.000000,0.000000,0.000000,0.000000,0.000000,0.000000,0.660757,97.804883,0.510740,-0.660975,-0.660975,0.510570,-0.681209,0.089157,0.000000,0.424977,0.434229
648,back_to_base3,0.550000,0.355000,0.000000,0.000000,0.000000,0.000000,0.000000,0.000000,0.000000,0.000000,0.000000,0.000000,0.658000,98.218586,0.510740,-0.656928,-0.656928,0.510570,-0.681209,0.089157,0.000000,0.424977,0.434229
649,back_to_base3,0.550000,0.350000,0.000000,0.000000,0.000000,0.000000,0.000000,0.000000,0.000000,0.000000,0.000000,0.000000,0.655269,98.626927,0.510740,-0.652931,-0.652931,0.510572,-0.668477,0.089157,0.000000,0.424977,0.434229
650,back_to_base3,0.550000,0.345000,0.000000,0.000000,0.000000,0.000000,0.000000,0.000000,0.000000,0.000000,0.000000,0.000000,0.652565,99.029907,0.510740,-0.652931,-0.652931,0.510572,-0.668477,0.091040,0.000000,0.420309,0.430056
651,back_to_base3,0.550000,0.340000,0.000000,0.000000,0.000000,0.000000,0.000000,0.000000,0.000000,0.000000,0.000000,0.000000,0.649888,99.427531,0.517843,-0.648461,-0.648461,0.510572,-0.668477,0.091040,0.000000,0.420309,0.430056
652,back_to_base3,0.550000,0.335000,0.000000,0.000000,0.000000,0.000000,0.000000,0.000000,0.000000,0.000000,0.000000,0.000000,0.647239,99.819799,0.522104,-0.643918,-0.643918,0.510772,-0.656292,0.091040,0.000000,0.420309,0.430056
653,back_to_base3,0.550000,0.330000,0.000000,0.000000,0.000000,0.000000,0.000000,0.000000,0.000000,0.000000,0.000000,0.000000,0.644618,100.206710,0.529184,-0.639473,-0.639473,0.510772,-0.656292,0.092836,0.000000,0.415659,0.425900
654,back_to_base3,0.550000,0.325000,0.000000,0.000000,0.000000,0.000000,0.000000,0.000000,0.000000,0.000000,0.000000,0.000000,0.642025,100.588263,0.533431,-0.635187,-0.635187,0.510772,-0.656292,0.092836,0.000000,0.415659,0.425900
655,back_to_base3,0.550000,0.320000,0.000000,0.000000,0.000000,0.000000,0.000000,0.000000,0.000000,0.000000,0.000000,0.000000,0.639461,100.964456,0.533431,-0.635187,-0.635187,0.518080,-0.647711,0.092836,0.000000,0.415659,0.425900
656,back_to_base3,0.550000,0.315000,0.000000,0.000000,0.000000,0.000000,0.000000,0.000000,0.000000,0.000000,0.000000,0.000000,0.636925,101.335285,0.541076,-0.630581,-0.630581,0.518080,-0.647711,0.094507,0.000000,0.411139,0.421861
657,back_to_base3,0.550000,0.310000,0.000000,0.000000,0.000000,0.000000,0.000000,0.000000,0.000000,0.000000,0.000000,0.000000,0.634419,101.700743,0.545662,-0.626015,-0.626015,0.518080,-0.647711,0.094507,0.000000,0.411139,0.421861
658,back_to_base3,0.550000,0.305000,0.000000,0.000000,0.000000,0.000000,0.000000,0.000000,0.000000,0.000000,0.000000,0.000000,0.631943,102.060827,0.553271,-0.621629,-0.621629,0.533721,-0.634378,0.094507,0.000000,0.411139,0.421861
659,back_to_base3,0.550000,0.300000,0.000000,0.000000,0.000000,0.000000,0.000000,0.000000,0.000000,0.000000,0.000000,0.000000,0.629496,102.415527,0.557836,-0.621629,-0.621629,0.533721,-0.634378,0.096063,0.000000,0.406745,0.417935
660,settle3,0.550000,0.300000,0.000000,0.000000,0.000000,0.000000,0.000000,0.000000,0.000000,0.000000,0.000000,0.000000,0.628148,102.415527,0.557836,-0.617204,-0.617204,0.533721,-0.634378,0.096063,0.000000,0.406745,0.417935
661,settle3,0.550000,0.300000,0.000000,0.000000,0.000000,0.000000,0.000000,0.000000,0.000000,0.000000,0.000000,0.000000,0.627406,102.415527,0.565222,-0.617204,-0.617204,0.545957,-0.625215,0.096063,0.000000,0.406745,0.417935
662,settle3,0.550000,0.300000,0.000000,0.000000,0.000000,0.000000,0.000000,0.000000,0.000000,0.000000,0.000000,0.000000,0.626998,102.415527,0.569654,-0.617204,-0.617204,0.545957,-0.625215,0.097477,0.000000,0.402581,0.414214
663,settle3,0.550000,0.300000,0.000000,0.000000,0.000000,0.000000,0.000000,0.000000,0.000000,0.000000,0.000000,0.000000,0.626773,102.415527,0.569654,-0.617204,-0.617204,0.545957,-0.625215,0.097477,0.000000,0.402581,0.414214
664,settle3,0.550000,0.300000,0.000000,0.000000,0.000000,0.000000,0.000000,0.000000,0.000000,0.000000,0.000000,0.000000,0.626649,102.415527,0.569654,-0.617204,-0.617204,0.558121,-0.616755,0.097477,0.000000,0.402581,0.414214
665,settle3,0.550000,0.300000,0.000000,0.000000,0.000000,0.000000,0.000000,0.000000,0.000000,0.000000,0.000000,0.000000,0.626581,102.415527,0.569654,-0.617204,-0.617204,0.558121,-0.616755,0.098821,0.000000,0.398449,0.410520
666,settle3,0.550000,0.300000,0.000000,0.000000,0.000000,0.000000,0.000000,0.000000,0.000000,0.000000,0.000000,0.000000,0.626544,102.415527,0.569654,-0.617204,-0.617204,0.558121,-0.616755,0.098821,0.000000,0.398449,0.410520
667,settle3,0.550000,0.300000,0.000000,0.000000,0.000000,0.000000,0.000000,0.000000,0.000000,0.000000,0.000000,0.000000,0.626523,102.415527,0.569654,-0.617204,-0.617204,0.569504,-0.616794,0.098821,0.000000,0.398449,0.410520
668,settle3,0.550000,0.300000,0.000000,0.000000,0.000000,0.000000,0.000000,0.000000,0.000000,0.000000,0.000000,0.000000,0.626512,102.415527,0.569654,-0.617204,-0.617204,0.569504,-0.616794,0.100264,0.000000,0.394497,0.407039
669,settle3,0.550000,0.300000,0.000000,0.000000,0.000000,0.000000,0.000000,0.000000,0.000000,0.000000,0.000000,0.000000,0.626506,102.415527,0.569654,-0.617204,-0.617204,0.569504,-0.616794,0.100264,0.000000,0.394497,0.407039
670,settle3,0.550000,0.300000,0.000000,0.000000,0.000000,0.000000,0.000000,0.000000,0.000000,0.000000,0.000000,0.000000,0.626502,102.415527,0.569654,-0.617204,-0.617204,0.569502,-0.616788,0.100264,0.000000,0.394497,0.407039
671,settle3,0.550000,0.300000,0.000000,0.000000,0.000000,0.000000,0.000000,0.000000,0.000000,0.000000,0.000000,0.000000,0.626501,102.415527,0.569654,-0.617204,-0.617204,0.569502,-0.616788,0.103445,0.000000,0.390567,0.404034
672,settle3,0.550000,0.300000,0.000000,0.000000,0.000000,0.000000,0.000000,0.000000,0.000000,0.000000,0.000000,0.000000,0.626499,102.415527,0.569654,-0.617204,-0.617204,0.569502,-0.616788,0.103445,0.000000,0.390567,0.404034
673,settle3,0.550000,0.300000,0.000000,0.000000,0.000000,0.000000,0.000000,0.000000,0.000000,0.000000,0.000000,0.000000,0.626499,102.415527,0.569654,-0.617204,-0.617204,0.569504,-0.616793,0.103445,0.000000,0.390567,0.404034
674,settle3,0.550000,0.300000,0.000000,0.000000,0.000000,0.000000,0.000000,0.000000,0.000000,0.000000,0.000000,0.000000,0.626499,102.415527,0.569654,-0.617204,-0.617204,0.569504,-0.616793,0.108580,0.000000,0.384767,0.399794
675,settle3,0.550000,0.300000,0.000000,0.000000,0.000000,0.000000,0.000000,0.000000,0.000000,0.000000,0.000000,0.000000,0.626498,102.415527,0.569654,-0.617204,-0.617204,0.569504,-0.616793,0.108580,0.000000,0.384767,0.399794
676,settle3,0.550000,0.300000,0.000000,0.000000,0.000000,0.000000,0.000000,0.000000,0.000000,0.000000,0.000000,0.000000,0.626498,102.415527,0.569654,-0.617204,-0.617204,0.569504,-0.616793,0.108580,0.000000,0.384767,0.399794
677,settle3,0.550000,0.300000,0.000000,0.000000,0.000000,0.000000,0.000000,0.000000,0.000000,0.000000,0.000000,0.000000,0.626498,102.415527,0.569654,-0.617204,-0.617204,0.569504,-0.616793,0.112494,0.000000,0.380380,0.396666
678,settle3,0.550000,0.300000,0.000000,0.000000,0.000000,0.000000,0.000000,0.000000,0.000000,0.000000,0.000000,0.000000,0.626498,102.415527,0.569654,-0.617204,-0.617204,0.569504,-0.616793,0.112494,0.000000,0.380380,0.396666
679,settle3,0.550000,0.300000,0.000000,0.000000,0.000000,0.000000,0.000000,0.000000,0.000000,0.000000,0.000000,0.000000,0.626498,102.415527,0.569654,-0.617204,-0.617204,0.569504,-0.616793,0.112494,0.000000,0.380380,0.396666
680,settle3,0.550000,0.300000,0.000000,0.000000,0.000000,0.000000,0.000000,0.000000,0.000000,0.000000,0.000000,0.000000,0.626498,102.415527,0.569654,-0.617204,-0.617204,0.569504,-0.616793,0.116151,0.000000,0.376476,0.393986
681,settle3,0.550000,0.300000,0.000000,0.000000,0.000000,0.000000,0.000000,0.000000,0.000000,0.000000,0.000000,0.000000,0.626498,102.415527,0.569654,-0.617204,-0.617204,0.569504,-0.616793,0.116151,0.000000,0.376476,0.393986
682,settle3,0.550000,0.300000,0.000000,0.000000,0.000000,0.000000,0.000000,0.000000,0.000000,0.000000,0.000000,0.000000,0.626498,102.415527,0.569654,-0.617204,-0.617204,0.569486,-0.616745,0.116151,0.000000,0.376476,0.393986
683,settle3,0.550000,0.300000,0.000000,0.000000,0.000000,0.000000,0.000000,0.000000,0.000000,0.000000,0.000000,0.000000,0.626498,102.415527,0.569654,-0.617204,-0.617204,0.569486,-0.616745,0.118711,0.000000,0.375290,0.393617
684,settle3,0.550000,0.300000,0.000000,0.000000,0.000000,0.000000,0.000000,0.000000,0.000000,0.000000,0.000000,0.000000,0.626498,102.415527,0.569654,-0.617204,-0.617204,0.569486,-0.616745,0.118711,0.000000,0.375290,0.393617
685,settle3,0.550000,0.300000,0.000000,0.000000,0.000000,0.000000,0.000000,0.000000,0.000000,0.000000,0.000000,0.000000,0.626498,102.415527,0.569654,-0.617204,-0.617204,0.569486,-0.616745,0.118711,0.000000,0.375290,0.393617
686,settle3,0.550000,0.300000,0.000000,0.000000,0.000000,0.000000,0.000000,0.000000,0.000000,0.000000,0.000000,0.000000,0.626498,102.415527,0.569654,-0.617204,-0.617204,0.569486,-0.616745,0.118710,0.000000,0.375284,0.393612
687,settle3,0.550000,0.300000,0.000000,0.000000,0.000000,0.000000,0.000000,0.000000,0.000000,0.000000,0.000000,0.000000,0.626498,102.415527,0.569654,-0.617204,-0.617204,0.569486,-0.616745,0.118710,0.000000,0.375284,0.393612
688,settle3,0.550000,0.300000,0.000000,0.000000,0.000000,0.000000,0.000000,0.000000,0.000000,0.000000,0.000000,0.000000,0.626498,102.415527,0.569654,-0.617204,-0.617204,0.569504,-0.616794,0.118710,0.000000,0.375284,0.393612
689,settle3,0.550000,0.300000,0.000000,0.000000,0.000000,0.000000,0.000000,0.000000,0.000000,0.000000,0.000000,0.000000,0.626498,102.415527,0.569654,-0.617204,-0.617204,0.569504,-0.616794,0.118710,0.000000,0.375285,0.393613
690,settle3,0.550000,0.300000,0.000000,0.000000,0.000000,0.000000,0.000000,0.000000,0.000000,0.000000,0.000000,0.000000,0.626498,102.415527,0.569654,-0.617204,-0.617204,0.569504,-0.616794,0.118710,0.000000,0.375285,0.393613
691,settle3,0.550000,0.300000,0.000000,0.000000,0.000000,0.000000,0.000000,0.000000,0.000000,0.000000,0.000000,0.000000,0.626498,102.415527,0.569654,-0.617204,-0.617204,0.569484,-0.616740,0.118710,0.000000,0.375285,0.393613
692,settle3,0.550000,0.300000,0.000000,0.000000,0.000000,0.000000,0.000000,0.000000,0.000000,0.000000,0.000000,0.000000,0.626498,102.415527,0.569654,-0.617204,-0.617204,0.569484,-0.616740,0.118710,0.000000,0.375285,0.393613
693,settle3,0.550000,0.300000,0.000000,0.000000,0.000000,0.000000,0.000000,0.000000,0.000000,0.000000,0.000000,0.000000,0.626498,102.415527,0.569654,-0.617204,-0.617204,0.569484,-0.616740,0.118710,0.000000,0.375285,0.393613
694,settle3,0.550000,0.300000,0.000000,0.000000,0.000000,0.000000,0.000000,0.000000,0.000000,0.000000,0.000000,0.000000,0.626498,102.415527,0.569654,-0.617204,-0.617204,0.569486,-0.616745,0.118710,0.000000,0.375285,0.393613
695,settle3,0.550000,0.300000,0.000000,0.000000,0.000000,0.000000,0.000000,0.000000,0.000000,0.000000,0.000000,0.000000,0.626498,102.415527,0.569654,-0.617204,-0.617204,0.569486,-0.616745,0.118710,0.000000,0.375285,0.393613
696,settle3,0.550000,0.300000,0.000000,0.000000,0.000000,0.000000,0.000000,0.000000,0.000000,0.000000,0.000000,0.000000,0.626498,102.415527,0.569654,-0.617204,-0.617204,0.569486,-0.616745,0.118710,0.000000,0.375285,0.393613
697,settle3,0.550000,0.300000,0.000000,0.000000,0.000000,0.000000,0.000000,0.000000,0.000000,0.000000,0.000000,0.000000,0.626498,102.415527,0.569654,-0.617204,-0.617204,0.569504,-0.616793,0.118710,0.000000,0.375285,0.393613
698,settle3,0.550000,0.300000,0.000000,0.000000,0.000000,0.000000,0.000000,0.000000,0.000000,0.000000,0.000000,0.000000,0.626498,102.415527,0.569654,-0.617204,-0.617204,0.569504,-0.616793,0.118710,0.000000,0.375285,0.393613
699,settle3,0.550000,0.300000,0.000000,0.000000,0.000000,0.000000,0.000000,0.000000,0.000000,0.000000,0.000000,0.000000,0.626498,102.415527,0.569654,-0.617204,-0.617204,0.569504,-0.616793,0.118710,0.000000,0.375285,0.393613
700,settle3,0.550000,0.300000,0.000000,0.000000,0.000000,0.000000,0.000000,0.000000,0.000000,0.000000,0.000000,0.000000,0.626498,102.415527,0.569654,-0.617204,-0.617204,0.569523,-0.616846,0.118710,0.000000,0.375285,0.393613
701,settle3,0.550000,0.300000,0.000000,0.000000,0.000000,0.000000,0.000000,0.000000,0.000000,0.000000,0.000000,0.000000,0.626498,102.415527,0.569654,-0.617204,-0.617204,0.569523,-0.616846,0.118710,0.000000,0.375282,0.393609
702,settle3,0.550000,0.300000,0.000000,0.000000,0.000000,0.000000,0.000000,0.000000,0.000000,0.000000,0.000000,0.000000,0.626498,102.415527,0.569654,-0.617204,-0.617204,0.569523,-0.616846,0.118710,0.000000,0.375282,0.393609
703,settle3,0.550000,0.300000,0.000000,0.000000,0.000000,0.000000,0.000000,0.000000,0.000000,0.000000,0.000000,0.000000,0.626498,102.415527,0.569654,-0.617204,-0.617204,0.569485,-0.616740,0.118710,0.000000,0.375282,0.393609
704,settle3,0.550000,0.300000,0.000000,0.000000,0.000000,0.000000,0.000000,0.000000,0.000000,0.000000,0.000000,0.000000,0.626498,102.415527,0.569654,-0.617204,-0.617204,0.569485,-0.616740,0.118710,0.000000,0.375285,0.393613
705,settle3,0.550000,0.300000,0.000000,0.000000,0.000000,0.000000,0.000000,0.000000,0.000000,0.000000,0.000000,0.000000,0.626498,102.415527,0.569654,-0.617204,-0.617204,0.569485,-0.616740,0.118710,0.000000,0.375285,0.393613
706,settle3,0.550000,0.300000,0.000000,0.000000,0.000000,0.000000,0.000000,0.000000,0.000000,0.000000,0.000000,0.000000,0.626498,102.415527,0.569654,-0.617204,-0.617204,0.569504,-0.616794,0.118710,0.000000,0.375285,0.393613
707,settle3,0.550000,0.300000,0.000000,0.000000,0.000000,0.000000,0.000000,0.000000,0.000000,0.000000,0.000000,0.000000,0.626498,102.415527,0.569654,-0.617204,-0.617204,0.569504,-0.616794,0.118710,0.000000,0.375281,0.393608
708,settle3,0.550000,0.300000,0.000000,0.000000,0.000000,0.000000,0.000000,0.000000,0.000000,0.000000,0.000000,0.000000,0.626498,102.415527,0.569654,-0.617204,-0.617204,0.569504,-0.616794,0.118710,0.000000,0.375281,0.393608
709,settle3,0.550000,0.300000,0.000000,0.000000,0.000000,0.000000,0.000000,0.000000,0.000000,0.000000,0.000000,0.000000,0.626498,102.415527,0.569654,-0.617204,-0.617204,0.569485,-0.616740,0.118710,0.000000,0.375281,0.393608
710,settle3,0.550000,0.300000,0.000000,0.000000,0.000000,0.000000,0.000000,0.000000,0.000000,0.000000,0.000000,0.000000,0.626498,102.415527,0.569654,-0.617204,-0.617204,0.569485,-0.616740,0.118710,0.000000,0.375285,0.393613
711,settle3,0.550000,0.300000,0.000000,0.000000,0.000000,0.000000,0.000000,0.000000,0.000000,0.000000,0.000000,0.000000,0.626498,102.415527,0.569654,-0.617204,-0.617204,0.569485,-0.616740,0.118710,0.000000,0.375285,0.393613
712,settle3,0.550000,0.300000,0.000000,0.000000,0.000000,0.000000,0.000000,0.000000,0.000000,0.000000,0.000000,0.000000,0.626498,102.415527,0.569654,-0.617204,-0.617204,0.569504,-0.616794,0.118710,0.000000,0.375285,0.393613
713,settle3,0.550000,0.300000,0.000000,0.000000,0.000000,0.000000,0.000000,0.000000,0.000000,0.000000,0.000000,0.000000,0.626498,102.415527,0.569654,-0.617204,-0.617204,0.569504,-0.616794,0.118710,0.000000,0.375285,0.393613
714,settle3,0.550000,0.300000,0.000000,0.000000,0.000000,0.000000,0.000000,0.000000,0.000000,0.000000,0.000000,0.000000,0.626498,102.415527,0.569654,-0.617204,-0.617204,0.569504,-0.616794,0.118710,0.000000,0.375285,0.393613
715,settle3,0.550000,0.300000,0.000000,0.000000,0.000000,0.000000,0.000000,0.000000,0.000000,0.000000,0.000000,0.000000,0.626498,102.415527,0.569654,-0.617204,-0.617204,0.569502,-0.616788,0.118710,0.000000,0.375285,0.393613
716,settle3,0.550000,0.300000,0.000000,0.000000,0.000000,0.000000,0.000000,0.000000,0.000000,0.000000,0.000000,0.000000,0.626498,102.415527,0.569654,-0.617204,-0.617204,0.569502,-0.616788,0.118710,0.000000,0.375282,0.393609
717,settle3,0.550000,0.300000,0.000000,0.000000,0.000000,0.000000,0.000000,0.000000,0.000000,0.000000,0.000000,0.000000,0.626498,102.415527,0.569654,-0.617204,-0.617204,0.569502,-0.616788,0.118710,0.000000,0.375282,0.393609
718,settle3,0.550000,0.300000,0.000000,0.000000,0.000000,0.000000,0.000000,0.000000,0.000000,0.000000,0.000000,0.000000,0.626498,102.415527,0.569654,-0.617204,-0.617204,0.569504,-0.616793,0.118710,0.000000,0.375282,0.393609
719,settle3,0.550000,0.300000,0.000000,0.000000,0.000000,0.000000,0.000000,0.000000,0.000000,0.000000,0.000000,0.000000,0.626498,102.415527,0.569654,-0.617204,-0.617204,0.569504,-0.616793,0.118709,0.000000,0.375278,0.393606
720,down,0.550000,0.297222,0.000000,0.000000,0.000000,0.000000,0.000000,0.000000,0.000000,0.000000,0.000000,0.000000,0.625902,102.610254,0.569654,-0.612956,-0.612956,0.569504,-0.616793,0.118709,0.000000,0.375278,0.393606
721,down,0.550000,0.294444,0.000000,0.000000,0.000000,0.000000,0.000000,0.000000,0.000000,0.000000,0.000000,0.000000,0.624982,102.803316,0.569654,-0.612956,-0.612956,0.569486,-0.616576,0.118709,0.000000,0.375278,0.393606
722,down,0.550000,0.291667,0.000000,0.000000,0.000000,0.000000,0.000000,0.000000,0.000000,0.000000,0.000000,0.000000,0.623889,102.994711,0.569654,-0.612956,-0.612956,0.569486,-0.616576,0.118710,0.000000,0.375285,0.393613
723,down,0.550000,0.288889,0.000000,0.000000,0.000000,0.000000,0.000000,0.000000,0.000000,0.000000,0.000000,0.000000,0.622704,103.184437,0.577016,-0.608766,-0.608766,0.569486,-0.616576,0.118710,0.000000,0.375285,0.393613
724,down,0.550000,0.286111,0.000000,0.000000,0.000000,0.000000,0.000000,0.000000,0.000000,0.000000,0.000000,0.000000,0.621473,103.372493,0.581433,-0.608766,-0.608766,0.569711,-0.612430,0.118710,0.000000,0.375285,0.393613
725,down,0.550000,0.283333,0.000000,0.000000,0.000000,0.000000,0.000000,0.000000,0.000000,0.000000,0.000000,0.000000,0.620222,103.558877,0.581433,-0.608766,-0.608766,0.569711,-0.612430,0.118710,0.000000,0.375281,0.393608
726,down,0.550000,0.280556,0.000000,0.000000,0.000000,0.000000,0.000000,0.000000,0.000000,0.000000,0.000000,0.000000,0.618963,103.743586,0.588585,-0.604478,-0.604478,0.569711,-0.612430,0.118710,0.000000,0.375281,0.393608
727,down,0.550000,0.277778,0.000000,0.000000,0.000000,0.000000,0.000000,0.000000,0.000000,0.000000,0.000000,0.000000,0.617706,103.926620,0.592876,-0.604478,-0.604478,0.577183,-0.608240,0.118710,0.000000,0.375281,0.393608
728,down,0.550000,0.275000,0.000000,0.000000,0.000000,0.000000,0.000000,0.000000,0.000000,0.000000,0.000000,0.000000,0.616452,104.107975,0.592876,-0.600280,-0.600280,0.577183,-0.608240,0.118710,0.000000,0.375282,0.393610
729,down,0.550000,0.272222,0.000000,0.000000,0.000000,0.000000,0.000000,0.000000,0.000000,0.000000,0.000000,0.000000,0.615206,104.287649,0.592876,-0.600280,-0.600280,0.577183,-0.608240,0.118710,0.000000,0.375282,0.393610
730,down,0.550000,0.269444,0.000000,0.000000,0.000000,0.000000,0.000000,0.000000,0.000000,0.000000,0.000000,0.000000,0.613969,104.465641,0.600447,-0.600280,-0.600280,0.588475,-0.603884,0.118710,0.000000,0.375282,0.393610
731,down,0.550000,0.266667,0.000000,0.000000,0.000000,0.000000,0.000000,0.000000,0.000000,0.000000,0.000000,0.000000,0.612741,104.641948,0.604989,-0.596008,-0.596008,0.588475,-0.603884,0.118710,0.000000,0.375281,0.393608
732,down,0.550000,0.263889,0.000000,0.000000,0.000000,0.000000,0.000000,0.000000,0.000000,0.000000,0.000000,0.000000,0.611522,104.816567,0.604989,-0.596008,-0.596008,0.588475,-0.603884,0.118710,0.000000,0.375281,0.393608
733,down,0.550000,0.261111,0.000000,0.000000,0.000000,0.000000,0.000000,0.000000,0.000000,0.000000,0.000000,0.000000,0.610313,104.989497,0.612588,-0.591850,-0.591850,0.593073,-0.599752,0.118710,0.000000,0.375281,0.393608
734,down,0.550000,0.258333,0.000000,0.000000,0.000000,0.000000,0.000000,0.000000,0.000000,0.000000,0.000000,0.000000,0.609115,105.160734,0.617147,-0.591850,-0.591850,0.593073,-0.599752,0.118710,0.000000,0.375279,0.393607
735,down,0.550000,0.255556,0.000000,0.000000,0.000000,0.000000,0.000000,0.000000,0.000000,0.000000,0.000000,0.000000,0.607926,105.330277,0.617147,-0.591850,-0.591850,0.593073,-0.599752,0.118710,0.000000,0.375279,0.393607
736,down,0.550000,0.252778,0.000000,0.000000,0.000000,0.000000,0.000000,0.000000,0.000000,0.000000,0.000000,0.000000,0.606748,105.498122,0.624737,-0.587654,-0.587654,0.605176,-0.595487,0.118710,0.000000,0.375279,0.393607
737,down,0.550000,0.250000,0.000000,0.000000,0.000000,0.000000,0.000000,0.000000,0.000000,0.000000,0.000000,0.000000,0.605581,105.664267,0.629291,-0.587654,-0.587654,0.605176,-0.595487,0.118764,0.000000,0.375006,0.393363
738,down,0.550000,0.247222,0.000000,0.000000,0.000000,0.000000,0.000000,0.000000,0.000000,0.000000,0.000000,0.000000,0.604424,105.828709,0.629291,-0.587654,-0.587654,0.605176,-0.595487,0.118764,0.000000,0.375006,0.393363
739,down,0.550000,0.244444,0.000000,0.000000,0.000000,0.000000,0.000000,0.000000,0.000000,0.000000,0.000000,0.000000,0.603277,105.991445,0.636924,-0.583385,-0.583385,0.617337,-0.591329,0.118764,0.000000,0.375006,0.393363
740,down,0.550000,0.241667,0.000000,0.000000,0.000000,0.000000,0.000000,0.000000,0.000000,0.000000,0.000000,0.000000,0.602142,106.152473,0.641505,-0.583385,-0.583385,0.617337,-0.591329,0.119302,0.000000,0.373527,0.392117
741,down,0.550000,0.238889,0.000000,0.000000,0.000000,0.000000,0.000000,0.000000,0.000000,0.000000,0.000000,0.000000,0.601016,106.311789,0.641505,-0.579266,-0.579266,0.617337,-0.591329,0.119302,0.000000,0.373527,0.392117
742,down,0.550000,0.236111,0.000000,0.000000,0.000000,0.000000,0.000000,0.000000,0.000000,0.000000,0.000000,0.000000,0.599902,106.469392,0.649244,-0.579266,-0.579266,0.629486,-0.587016,0.119302,0.000000,0.373527,0.392117
743,down,0.550000,0.233333,0.000000,0.000000,0.000000,0.000000,0.000000,0.000000,0.000000,0.000000,0.000000,0.000000,0.598799,106.625276,0.653888,-0.579266,-0.579266,0.629486,-0.587016,0.121555,0.000000,0.371154,0.390552
744,down,0.550000,0.230556,0.000000,0.000000,0.000000,0.000000,0.000000,0.000000,0.000000,0.000000,0.000000,0.000000,0.597706,106.779441,0.661154,-0.575169,-0.575169,0.629486,-0.587016,0.121555,0.000000,0.371154,0.390552
745,down,0.550000,0.227778,0.000000,0.000000,0.000000,0.000000,0.000000,0.000000,0.000000,0.000000,0.000000,0.000000,0.596624,106.931882,0.665514,-0.575169,-0.575169,0.641912,-0.578754,0.121555,0.000000,0.371154,0.390552
746,down,0.550000,0.225000,0.000000,0.000000,0.000000,0.000000,0.000000,0.000000,0.000000,0.000000,0.000000,0.000000,0.595553,107.082597,0.665514,-0.575169,-0.575169,0.641912,-0.578754,0.124470,0.000000,0.368292,0.388757
747,down,0.550000,0.222222,0.000000,0.000000,0.000000,0.000000,0.000000,0.000000,0.000000,0.000000,0.000000,0.000000,0.594494,107.231582,0.672946,-0.571063,-0.571063,0.641912,-0.578754,0.124470,0.000000,0.368292,0.388757
748,down,0.550000,0.219444,0.000000,0.000000,0.000000,0.000000,0.000000,0.000000,0.000000,0.000000,0.000000,0.000000,0.593445,107.378835,0.677405,-0.571063,-0.571063,0.661395,-0.574567,0.124470,0.000000,0.368292,0.388757
749,down,0.550000,0.216667,0.000000,0.000000,0.000000,0.000000,0.000000,0.000000,0.000000,0.000000,0.000000,0.000000,0.592407,107.524351,0.677405,-0.571063,-0.571063,0.661395,-0.574567,0.126033,0.000000,0.366245,0.387324
750,down,0.550000,0.213889,0.000000,0.000000,0.000000,0.000000,0.000000,0.000000,0.000000,0.000000,0.000000,0.000000,0.591381,107.668129,0.685173,-0.566955,-0.566955,0.661395,-0.574567,0.126033,0.000000,0.366245,0.387324
751,down,0.550000,0.211111,0.000000,0.000000,0.000000,0.000000,0.000000,0.000000,0.000000,0.000000,0.000000,0.000000,0.590366,107.810164,0.689834,-0.566955,-0.566955,0.673169,-0.570544,0.126033,0.000000,0.366245,0.387324
752,down,0.550000,0.208333,0.000000,0.000000,0.000000,0.000000,0.000000,0.000000,0.000000,0.000000,0.000000,0.000000,0.589363,107.950453,0.697281,-0.566955,-0.566955,0.673169,-0.570544,0.129249,0.000000,0.363187,0.385500
753,down,0.550000,0.205556,0.000000,0.000000,0.000000,0.000000,0.000000,0.000000,0.000000,0.000000,0.000000,0.000000,0.588371,108.088993,0.701749,-0.562869,-0.562869,0.673169,-0.570544,0.129249,0.000000,0.363187,0.385500
754,down,0.550000,0.202778,0.000000,0.000000,0.000000,0.000000,0.000000,0.000000,0.000000,0.000000,0.000000,0.000000,0.587390,108.225781,0.701749,-0.562869,-0.562869,0.685688,-0.566346,0.129249,0.000000,0.363187,0.385500
755,down,0.550000,0.200000,0.000000,0.000000,0.000000,0.000000,0.000000,0.000000,0.000000,0.000000,0.000000,0.000000,0.586421,108.360814,0.709511,-0.562869,-0.562869,0.685688,-0.566346,0.132337,-0.000000,0.360183,0.383725
756,down,0.550000,0.197222,0.000000,0.000000,0.000000,0.000000,0.000000,0.000000,0.000000,0.000000,0.000000,0.000000,0.585463,108.494087,0.714169,-0.558832,-0.558832,0.685688,-0.566346,0.132337,-0.000000,0.360183,0.383725
757,down,0.550000,0.194444,0.000000,0.000000,0.000000,0.000000,0.000000,0.000000,0.000000,0.000000,0.000000,0.000000,0.584517,108.625598,0.721671,-0.558832,-0.558832,0.701985,-0.562355,0.132337,-0.000000,0.360183,0.383725
758,down,0.550000,0.191667,0.000000,0.000000,0.000000,0.000000,0.000000,0.000000,0.000000,0.000000,0.000000,0.000000,0.583583,108.755344,0.726172,-0.558832,-0.558832,0.701985,-0.562355,0.135396,-0.000000,0.356855,0.381678
759,down,0.550000,0.188889,0.000000,0.000000,0.000000,0.000000,0.000000,0.000000,0.000000,0.000000,0.000000,0.000000,0.582660,108.883320,0.733363,-0.558832,-0.558832,0.701985,-0.562355,0.135396,-0.000000,0.356855,0.381678
760,down,0.550000,0.186111,0.000000,0.000000,0.000000,0.000000,0.000000,0.000000,0.000000,0.000000,0.000000,0.000000,0.581749,109.009523,0.737677,-0.554703,-0.554703,0.714753,-0.558398,0.135396,-0.000000,0.356855,0.381678
761,down,0.550000,0.183333,0.000000,0.000000,0.000000,0.000000,0.000000,0.000000,0.000000,0.000000,0.000000,0.000000,0.580850,109.133951,0.737677,-0.554703,-0.554703,0.714753,-0.558398,0.138801,-0.000000,0.352407,0.378757
762,down,0.550000,0.180556,0.000000,0.000000,0.000000,0.000000,0.000000,0.000000,0.000000,0.000000,0.000000,0.000000,0.579963,109.256599,0.745377,-0.554703,-0.554703,0.714753,-0.558398,0.138801,-0.000000,0.352407,0.378757
763,down,0.550000,0.177778,0.000000,0.000000,0.000000,0.000000,0.000000,0.000000,0.000000,0.000000,0.000000,0.000000,0.579088,109.377465,0.749997,-0.550631,-0.550631,0.733703,-0.558222,0.138801,-0.000000,0.352407,0.378757
764,down,0.550000,0.175000,0.000000,0.000000,0.000000,0.000000,0.000000,0.000000,0.000000,0.000000,0.000000,0.000000,0.578225,109.496544,0.757584,-0.550631,-0.550631,0.733703,-0.558222,0.143086,-0.000000,0.348383,0.376622
765,down,0.550000,0.172222,0.000000,0.000000,0.000000,0.000000,0.000000,0.000000,0.000000,0.000000,0.000000,0.000000,0.577374,109.613834,0.762136,-0.550631,-0.550631,0.733703,-0.558222,0.143086,-0.000000,0.348383,0.376622
766,down,0.550000,0.169444,0.000000,0.000000,0.000000,0.000000,0.000000,0.000000,0.000000,0.000000,0.000000,0.000000,0.576536,109.729330,0.769515,-0.550631,-0.550631,0.745918,-0.554100,0.143086,-0.000000,0.348383,0.376622
767,down,0.550000,0.166667,0.000000,0.000000,0.000000,0.000000,0.000000,0.000000,0.000000,0.000000,0.000000,0.000000,0.575709,109.843030,0.773943,-0.546539,-0.546539,0.745918,-0.554100,0.145771,-0.000000,0.345327,0.374833
768,down,0.550000,0.163889,0.000000,0.000000,0.000000,0.000000,0.000000,0.000000,0.000000,0.000000,0.000000,0.000000,0.574895,109.954930,0.781163,-0.546539,-0.546539,0.745918,-0.554100,0.145771,-0.000000,0.345327,0.374833
769,down,0.550000,0.161111,0.000000,0.000000,0.000000,0.000000,0.000000,0.000000,0.000000,0.000000,0.000000,0.000000,0.574093,110.065027,0.785495,-0.546539,-0.546539,0.762326,-0.550101,0.145771,-0.000000,0.345327,0.374833
770,down,0.550000,0.158333,0.000000,0.000000,0.000000,0.000000,0.000000,0.000000,0.000000,0.000000,0.000000,0.000000,0.573303,110.173318,0.792628,-0.546539,-0.546539,0.762326,-0.550101,0.148703,-0.000000,0.342003,0.372932
771,down,0.550000,0.155556,0.000000,0.000000,0.000000,0.000000,0.000000,0.000000,0.000000,0.000000,0.000000,0.000000,0.572525,110.279798,0.796908,-0.542436,-0.542436,0.762326,-0.550101,0.148703,-0.000000,0.342003,0.372932
772,down,0.550000,0.152778,0.000000,0.000000,0.000000,0.000000,0.000000,0.000000,0.000000,0.000000,0.000000,0.000000,0.571760,110.384465,0.804014,-0.542436,-0.542436,0.781666,-0.545940,0.148703,-0.000000,0.342003,0.372932
773,down,0.550000,0.150000,0.000000,0.000000,0.000000,0.000000,0.000000,0.000000,0.000000,0.000000,0.000000,0.000000,0.571008,110.487315,0.808278,-0.542436,-0.542436,0.781666,-0.545940,0.152097,-0.000000,0.338310,0.370928
774,down,0.550000,0.147222,0.000000,0.000000,0.000000,0.000000,0.000000,0.000000,0.000000,0.000000,0.000000,0.000000,0.570268,110.588345,0.815402,-0.542436,-0.542436,0.781666,-0.545940,0.152097,-0.000000,0.338310,0.370928
775,down,0.550000,0.144444,0.000000,0.000000,0.000000,0.000000,0.000000,0.000000,0.000000,0.000000,0.000000,0.000000,0.569541,110.687552,0.819677,-0.538365,-0.538365,0.797341,-0.542045,0.152097,-0.000000,0.338310,0.370928
776,down,0.550000,0.141667,0.000000,0.000000,0.000000,0.000000,0.000000,0.000000,0.000000,0.000000,0.000000,0.000000,0.568826,110.784932,0.826849,-0.538365,-0.538365,0.797341,-0.542045,0.155081,-0.000000,0.335017,0.369170
777,down,0.550000,0.138889,0.000000,0.000000,0.000000,0.000000,0.000000,0.000000,0.000000,0.000000,0.000000,0.000000,0.568124,110.880483,0.831152,-0.538365,-0.538365,0.797341,-0.542045,0.155081,-0.000000,0.335017,0.369170
778,down,0.550000,0.136111,0.000000,0.000000,0.000000,0.000000,0.000000,0.000000,0.000000,0.000000,0.000000,0.000000,0.567435,110.974200,0.838392,-0.538365,-0.538365,0.815854,-0.541834,0.155081,-0.000000,0.335017,0.369170
779,down,0.550000,0.133333,0.000000,0.000000,0.000000,0.000000,0.000000,0.000000,0.000000,0.000000,0.000000,0.000000,0.566758,111.066081,0.842736,-0.538365,-0.538365,0.815854,-0.541834,0.158835,-0.000000,0.331941,0.367985
780,down,0.550000,0.130556,0.000000,0.000000,0.000000,0.000000,0.000000,0.000000,0.000000,0.000000,0.000000,0.000000,0.566094,111.156123,0.850058,-0.534256,-0.534256,0.815854,-0.541834,0.158835,-0.000000,0.331941,0.367985
781,down,0.550000,0.127778,0.000000,0.000000,0.000000,0.000000,0.000000,0.000000,0.000000,0.000000,0.000000,0.000000,0.565444,111.244322,0.854450,-0.534256,-0.534256,0.831801,-0.537773,0.158835,-0.000000,0.331941,0.367985
782,down,0.550000,0.125000,0.000000,0.000000,0.000000,0.000000,0.000000,0.000000,0.000000,0.000000,0.000000,0.000000,0.564806,111.330676,0.861860,-0.534256,-0.534256,0.831801,-0.537773,0.161466,-0.000000,0.328462,0.366003
783,down,0.550000,0.122222,0.000000,0.000000,0.000000,0.000000,0.000000,0.000000,0.000000,0.000000,0.000000,0.000000,0.564181,111.415181,0.866307,-0.534256,-0.534256,0.831801,-0.537773,0.161466,-0.000000,0.328462,0.366003
784,down,0.550000,0.119444,0.000000,0.000000,0.000000,0.000000,0.000000,0.000000,0.000000,0.000000,0.000000,0.000000,0.563569,111.497834,0.873811,-0.534256,-0.534256,0.850443,-0.533872,0.161466,-0.000000,0.328462,0.366003
785,down,0.550000,0.116667,0.000000,0.000000,0.000000,0.000000,0.000000,0.000000,0.000000,0.000000,0.000000,0.000000,0.562970,111.578632,0.878313,-0.530147,-0.530147,0.850443,-0.533872,0.165213,-0.000000,0.323862,0.363568
786,down,0.550000,0.113889,0.000000,0.000000,0.000000,0.000000,0.000000,0.000000,0.000000,0.000000,0.000000,0.000000,0.562384,111.657573,0.885914,-0.530147,-0.530147,0.850443,-0.533872,0.165213,-0.000000,0.323862,0.363568
787,down,0.550000,0.111111,0.000000,0.000000,0.000000,0.000000,0.000000,0.000000,0.000000,0.000000,0.000000,0.000000,0.561811,111.734653,0.890474,-0.530147,-0.530147,0.866715,-0.533753,0.165213,-0.000000,0.323862,0.363568
788,down,0.550000,0.108333,0.000000,0.000000,0.000000,0.000000,0.000000,0.000000,0.000000,0.000000,0.000000,0.000000,0.561252,111.809870,0.898173,-0.530147,-0.530147,0.866715,-0.533753,0.168672,-0.000000,0.319486,0.361278
789,down,0.550000,0.105556,0.000000,0.000000,0.000000,0.000000,0.000000,0.000000,0.000000,0.000000,0.000000,0.000000,0.560706,111.883221,0.902792,-0.530147,-0.530147,0.866715,-0.533753,0.168672,-0.000000,0.319486,0.361278
790,down,0.550000,0.102778,0.000000,0.000000,0.000000,0.000000,0.000000,0.000000,0.000000,0.000000,0.000000,0.000000,0.560172,111.954703,0.910590,-0.526113,-0.526113,0.886495,-0.529727,0.168672,-0.000000,0.319486,0.361278
791,down,0.550000,0.100000,0.000000,0.000000,0.000000,0.000000,0.000000,0.000000,0.000000,0.000000,0.000000,0.000000,0.559653,112.024313,0.915268,-0.526113,-0.526113,0.886495,-0.529727,0.171782,-0.000000,0.315653,0.359369
792,down,0.550000,0.097222,0.000000,0.000000,0.000000,0.000000,0.000000,0.000000,0.000000,0.000000,0.000000,0.000000,0.559146,112.092049,0.923164,-0.526113,-0.526113,0.886495,-0.529727,0.171782,-0.000000,0.315653,0.359369
793,down,0.550000,0.094444,0.000000,0.000000,0.000000,0.000000,0.000000,0.000000,0.000000,0.000000,0.000000,0.000000,0.558653,112.157908,0.927901,-0.526113,-0.526113,0.903288,-0.529657,0.171782,-0.000000,0.315653,0.359369
794,down,0.550000,0.091667,0.000000,0.000000,0.000000,0.000000,0.000000,0.000000,0.000000,0.000000,0.000000,0.000000,0.558173,112.221887,0.935895,-0.526113,-0.526113,0.903288,-0.529657,0.175196,-0.000000,0.312099,0.357910
795,down,0.550000,0.088889,0.000000,0.000000,0.000000,0.000000,0.000000,0.000000,0.000000,0.000000,0.000000,0.000000,0.557707,112.283985,0.940691,-0.526113,-0.526113,0.903288,-0.529657,0.175196,-0.000000,0.312099,0.357910
796,down,0.550000,0.086111,0.000000,0.000000,0.000000,0.000000,0.000000,0.000000,0.000000,0.000000,0.000000,0.000000,0.557254,112.344198,0.948781,-0.526113,-0.526113,0.923582,-0.525744,0.175196,-0.000000,0.312099,0.357910
797,down,0.550000,0.083333,0.000000,0.000000,0.000000,0.000000,0.000000,0.000000,0.000000,0.000000,0.000000,0.000000,0.556815,112.402524,0.953635,-0.522073,-0.522073,0.923582,-0.525744,0.178132,-0.000000,0.307761,0.355595
798,down,0.550000,0.080556,0.000000,0.000000,0.000000,0.000000,0.000000,0.000000,0.000000,0.000000,0.000000,0.000000,0.556389,112.458962,0.961821,-0.522073,-0.522073,0.923582,-0.525744,0.178132,-0.000000,0.307761,0.355595
799,down,0.550000,0.077778,0.000000,0.000000,0.000000,0.000000,0.000000,0.000000,0.000000,0.000000,0.000000,0.000000,0.555976,112.513508,0.966732,-0.522073,-0.522073,0.941218,-0.525629,0.178132,-0.000000,0.307761,0.355595
800,down,0.550000,0.075000,0.000000,0.000000,0.000000,0.000000,0.000000,0.000000,0.000000,0.000000,0.000000,0.000000,0.555578,112.566161,0.975013,-0.522073,-0.522073,0.941218,-0.525629,0.181209,-0.000000,0.303603,0.353569
801,down,0.550000,0.072222,0.000000,0.000000,0.000000,0.000000,0.000000,0.000000,0.000000,0.000000,0.000000,0.000000,0.555192,112.616918,0.979981,-0.522073,-0.522073,0.941218,-0.525629,0.181209,-0.000000,0.303603,0.353569
802,down,0.550000,0.069444,0.000000,0.000000,0.000000,0.000000,0.000000,0.000000,0.000000,0.000000,0.000000,0.000000,0.554821,112.665777,0.988355,-0.522073,-0.522073,0.962404,-0.521677,0.181209,-0.000000,0.303603,0.353569
803,down,0.550000,0.066667,0.000000,0.000000,0.000000,0.000000,0.000000,0.000000,0.000000,0.000000,0.000000,0.000000,0.554463,112.712737,0.993379,-0.522073,-0.522073,0.962404,-0.521677,0.184289,-0.000001,0.299971,0.352058
804,down,0.550000,0.063889,0.000000,0.000000,0.000000,0.000000,0.000000,0.000000,0.000000,0.000000,0.000000,0.000000,0.554119,112.757795,1.001844,-0.522073,-0.522073,0.962404,-0.521677,0.184289,-0.000001,0.299971,0.352058
805,down,0.550000,0.061111,0.000000,0.000000,0.000000,0.000000,0.000000,0.000000,0.000000,0.000000,0.000000,0.000000,0.553789,112.800950,1.011446,-0.518058,-0.518058,0.980560,-0.521710,0.184289,-0.000001,0.299971,0.352058
806,down,0.550000,0.058333,0.000000,0.000000,0.000000,0.000000,0.000000,0.000000,0.000000,0.000000,0.000000,0.000000,0.553472,112.842199,1.017208,-0.518058,-0.518058,0.980560,-0.521710,0.187387,-0.000001,0.295501,0.349907
807,down,0.550000,0.055556,0.000000,0.000000,0.000000,0.000000,0.000000,0.000000,0.000000,0.000000,0.000000,0.000000,0.553169,112.881542,1.025579,-0.518058,-0.518058,0.980560,-0.521710,0.187387,-0.000001,0.295501,0.349907
808,down,0.550000,0.052778,0.000000,0.000000,0.000000,0.000000,0.000000,0.000000,0.000000,0.000000,0.000000,0.000000,0.552880,112.918976,1.030602,-0.518058,-0.518058,1.002456,-0.521601,0.187387,-0.000001,0.295501,0.349907
809,down,0.550000,0.050000,0.000000,0.000000,0.000000,0.000000,0.000000,0.000000,0.000000,0.000000,0.000000,0.000000,0.552605,112.954499,1.038803,-0.518058,-0.518058,1.002456,-0.521601,0.190270,-0.000001,0.291860,0.348403
810,hold_down,0.550000,0.050000,0.000000,0.000000,0.000000,0.000000,0.000000,0.000000,0.000000,0.000000,0.000000,0.000000,0.552453,112.954499,1.043724,-0.518058,-0.518058,1.002456,-0.521601,0.190270,-0.000001,0.291860,0.348403
811,hold_down,0.550000,0.050000,0.000000,0.000000,0.000000,0.000000,0.000000,0.000000,0.000000,0.000000,0.000000,0.000000,0.552370,112.954499,1.043724,-0.518058,-0.518058,1.026039,-0.517707,0.190270,-0.000001,0.291860,0.348403
812,hold_down,0.550000,0.050000,0.000000,0.000000,0.000000,0.000000,0.000000,0.000000,0.000000,0.000000,0.000000,0.000000,0.552324,112.954499,1.043724,-0.518058,-0.518058,1.026039,-0.517707,0.193297,-0.000001,0.287119,0.346123
813,hold_down,0.550000,0.050000,0.000000,0.000000,0.000000,0.000000,0.000000,0.000000,0.000000,0.000000,0.000000,0.000000,0.552299,112.954499,1.051157,-0.518058,-0.518058,1.026039,-0.517707,0.193297,-0.000001,0.287119,0.346123
814,hold_down,0.550000,0.050000,0.000000,0.000000,0.000000,0.000000,0.000000,0.000000,0.000000,0.000000,0.000000,0.000000,0.552285,112.954499,1.055617,-0.518058,-0.518058,1.043896,-0.517706,0.193297,-0.000001,0.287119,0.346123
815,hold_down,0.550000,0.050000,0.000000,0.000000,0.000000,0.000000,0.000000,0.000000,0.000000,0.000000,0.000000,0.000000,0.552277,112.954499,1.055617,-0.518058,-0.518058,1.043896,-0.517706,0.196202,-0.000001,0.283158,0.344490
816,hold_down,0.550000,0.050000,0.000000,0.000000,0.000000,0.000000,0.000000,0.000000,0.000000,0.000000,0.000000,0.000000,0.552273,112.954499,1.055617,-0.518058,-0.518058,1.043896,-0.517706,0.196202,-0.000001,0.283158,0.344490
817,hold_down,0.550000,0.050000,0.000000,0.000000,0.000000,0.000000,0.000000,0.000000,0.000000,0.000000,0.000000,0.000000,0.552271,112.954499,1.055617,-0.518058,-0.518058,1.051260,-0.517708,0.196202,-0.000001,0.283158,0.344490
818,hold_down,0.550000,0.050000,0.000000,0.000000,0.000000,0.000000,0.000000,0.000000,0.000000,0.000000,0.000000,0.000000,0.552270,112.954499,1.055617,-0.518058,-0.518058,1.051260,-0.517708,0.199198,-0.000001,0.278083,0.342067
819,hold_down,0.550000,0.050000,0.000000,0.000000,0.000000,0.000000,0.000000,0.000000,0.000000,0.000000,0.000000,0.000000,0.552269,112.954499,1.055617,-0.518058,-0.518058,1.051260,-0.517708,0.199198,-0.000001,0.278083,0.342067
820,hold_down,0.550000,0.050000,0.000000,0.000000,0.000000,0.000000,0.000000,0.000000,0.000000,0.000000,0.000000,0.000000,0.552269,112.954499,1.055617,-0.518058,-0.518058,1.055600,-0.517709,0.199198,-0.000001,0.278083,0.342067
821,hold_down,0.550000,0.050000,0.000000,0.000000,0.000000,0.000000,0.000000,0.000000,0.000000,0.000000,0.000000,0.000000,0.552268,112.954499,1.055617,-0.518058,-0.518058,1.055600,-0.517709,0.202158,-0.000001,0.274202,0.340668
822,hold_down,0.550000,0.050000,0.000000,0.000000,0.000000,0.000000,0.000000,0.000000,0.000000,0.000000,0.000000,0.000000,0.552268,112.954499,1.055617,-0.518058,-0.518058,1.055600,-0.517709,0.202158,-0.000001,0.274202,0.340668
823,hold_down,0.550000,0.050000,0.000000,0.000000,0.000000,0.000000,0.000000,0.000000,0.000000,0.000000,0.000000,0.000000,0.552268,112.954499,1.055617,-0.518058,-0.518058,1.055604,-0.517664,0.202158,-0.000001,0.274202,0.340668
824,hold_down,0.550000,0.050000,0.000000,0.000000,0.000000,0.000000,0.000000,0.000000,0.000000,0.000000,0.000000,0.000000,0.552268,112.954499,1.055617,-0.518058,-0.518058,1.055604,-0.517664,0.205279,-0.000001,0.269421,0.338714
825,hold_down,0.550000,0.050000,0.000000,0.000000,0.000000,0.000000,0.000000,0.000000,0.000000,0.000000,0.000000,0.000000,0.552268,112.954499,1.055617,-0.518058,-0.518058,1.055604,-0.517664,0.205279,-0.000001,0.269421,0.338714
826,hold_down,0.550000,0.050000,0.000000,0.000000,0.000000,0.000000,0.000000,0.000000,0.000000,0.000000,0.000000,0.000000,0.552268,112.954499,1.055617,-0.518058,-0.518058,1.055604,-0.517668,0.205279,-0.000001,0.269421,0.338714
827,hold_down,0.550000,0.050000,0.000000,0.000000,0.000000,0.000000,0.000000,0.000000,0.000000,0.000000,0.000000,0.000000,0.552268,112.954499,1.055617,-0.518058,-0.518058,1.055604,-0.517668,0.208202,-0.000001,0.263779,0.336047
828,hold_down,0.550000,0.050000,0.000000,0.000000,0.000000,0.000000,0.000000,0.000000,0.000000,0.000000,0.000000,0.000000,0.552268,112.954499,1.055617,-0.518058,-0.518058,1.055604,-0.517668,0.208202,-0.000001,0.263779,0.336047
829,hold_down,0.550000,0.050000,0.000000,0.000000,0.000000,0.000000,0.000000,0.000000,0.000000,0.000000,0.000000,0.000000,0.552268,112.954499,1.055617,-0.518058,-0.518058,1.055604,-0.517668,0.208202,-0.000001,0.263779,0.336047
830,hold_down,0.550000,0.050000,0.000000,0.000000,0.000000,0.000000,0.000000,0.000000,0.000000,0.000000,0.000000,0.000000,0.552268,112.954499,1.055617,-0.518058,-0.518058,1.055604,-0.517668,0.210290,-0.000001,0.260643,0.334897
831,hold_down,0.550000,0.050000,0.000000,0.000000,0.000000,0.000000,0.000000,0.000000,0.000000,0.000000,0.000000,0.000000,0.552268,112.954499,1.055617,-0.518058,-0.518058,1.055604,-0.517668,0.210290,-0.000001,0.260643,0.334897
832,hold_down,0.550000,0.050000,0.000000,0.000000,0.000000,0.000000,0.000000,0.000000,0.000000,0.000000,0.000000,0.000000,0.552268,112.954499,1.055617,-0.518058,-0.518058,1.055604,-0.517668,0.210290,-0.000001,0.260643,0.334897
833,hold_down,0.550000,0.050000,0.000000,0.000000,0.000000,0.000000,0.000000,0.000000,0.000000,0.000000,0.000000,0.000000,0.552268,112.954499,1.055617,-0.518058,-0.518058,1.055604,-0.517668,0.211190,-0.000001,0.259259,0.334390
834,hold_down,0.550000,0.050000,0.000000,0.000000,0.000000,0.000000,0.000000,0.000000,0.000000,0.000000,0.000000,0.000000,0.552268,112.954499,1.055617,-0.518058,-0.518058,1.055604,-0.517668,0.211190,-0.000001,0.259259,0.334390
835,hold_down,0.550000,0.050000,0.000000,0.000000,0.000000,0.000000,0.000000,0.000000,0.000000,0.000000,0.000000,0.000000,0.552268,112.954499,1.055617,-0.518058,-0.518058,1.055606,-0.517710,0.211190,-0.000001,0.259259,0.334390
836,hold_down,0.550000,0.050000,0.000000,0.000000,0.000000,0.000000,0.000000,0.000000,0.000000,0.000000,0.000000,0.000000,0.552268,112.954499,1.055617,-0.518058,-0.518058,1.055606,-0.517710,0.211618,-0.000001,0.258595,0.334145
837,hold_down,0.550000,0.050000,0.000000,0.000000,0.000000,0.000000,0.000000,0.000000,0.000000,0.000000,0.000000,0.000000,0.552268,112.954499,1.055617,-0.518058,-0.518058,1.055606,-0.517710,0.211618,-0.000001,0.258595,0.334145
838,hold_down,0.550000,0.050000,0.000000,0.000000,0.000000,0.000000,0.000000,0.000000,0.000000,0.000000,0.000000,0.000000,0.552268,112.954499,1.055617,-0.518058,-0.518058,1.055605,-0.517705,0.211618,-0.000001,0.258595,0.334145
839,hold_down,0.550000,0.050000,0.000000,0.000000,0.000000,0.000000,0.000000,0.000000,0.000000,0.000000,0.000000,0.000000,0.552268,112.954499,1.055617,-0.518058,-0.518058,1.055605,-0.517705,0.211618,-0.000001,0.258595,0.334146
840,back_to_base4,0.550000,0.054167,0.000000,0.000000,0.000000,0.000000,0.000000,0.000000,0.000000,0.000000,0.000000,0.000000,0.552445,112.900497,1.055617,-0.518058,-0.518058,1.055605,-0.517705,0.211618,-0.000001,0.258595,0.334146
841,back_to_base4,0.550000,0.058333,0.000000,0.000000,0.000000,0.000000,0.000000,0.000000,0.000000,0.000000,0.000000,0.000000,0.552733,112.842199,1.055617,-0.518058,-0.518058,1.055605,-0.517709,0.211618,-0.000001,0.258595,0.334146
842,back_to_base4,0.550000,0.062500,0.000000,0.000000,0.000000,0.000000,0.000000,0.000000,0.000000,0.000000,0.000000,0.000000,0.553096,112.779610,1.055617,-0.518058,-0.518058,1.055605,-0.517709,0.211619,-0.000001,0.258595,0.334147
843,back_to_base4,0.550000,0.066667,0.000000,0.000000,0.000000,0.000000,0.000000,0.000000,0.000000,0.000000,0.000000,0.000000,0.553514,112.712737,1.055617,-0.518058,-0.518058,1.055605,-0.517709,0.211619,-0.000001,0.258595,0.334147
844,back_to_base4,0.550000,0.070833,0.000000,0.000000,0.000000,0.000000,0.000000,0.000000,0.000000,0.000000,0.000000,0.000000,0.553977,112.641585,1.055617,-0.518058,-0.518058,1.055605,-0.517709,0.211619,-0.000001,0.258595,0.334147
845,back_to_base4,0.550000,0.075000,0.000000,0.000000,0.000000,0.000000,0.000000,0.000000,0.000000,0.000000,0.000000,0.000000,0.554478,112.566161,1.055617,-0.518058,-0.518058,1.055605,-0.517709,0.211619,-0.000001,0.258595,0.334147
846,back_to_base4,0.550000,0.079167,0.000000,0.000000,0.000000,0.000000,0.000000,0.000000,0.000000,0.000000,0.000000,0.000000,0.555014,112.486471,1.055617,-0.518058,-0.518058,1.055605,-0.517709,0.211619,-0.000001,0.258595,0.334147
847,back_to_base4,0.550000,0.083333,0.000000,0.000000,0.000000,0.000000,0.000000,0.000000,0.000000,0.000000,0.000000,0.000000,0.555583,112.402524,1.047721,-0.518058,-0.518058,1.055605,-0.517709,0.211619,-0.000001,0.258595,0.334147
848,back_to_base4,0.550000,0.087500,0.000000,0.000000,0.000000,0.000000,0.000000,0.000000,0.000000,0.000000,0.000000,0.000000,0.556183,112.314327,1.038288,-0.518058,-0.518058,1.055605,-0.517709,0.211619,-0.000001,0.258595,0.334147
849,back_to_base4,0.550000,0.091667,0.000000,0.000000,0.000000,0.000000,0.000000,0.000000,0.000000,0.000000,0.000000,0.000000,0.556815,112.221887,1.032628,-0.518058,-0.518058,1.055605,-0.517709,0.211619,-0.000001,0.258595,0.334147
850,back_to_base4,0.550000,0.095833,0.000000,0.000000,0.000000,0.000000,0.000000,0.000000,0.000000,0.000000,0.000000,0.000000,0.557478,112.125213,1.023358,-0.518058,-0.518058,1.054962,-0.517709,0.211619,-0.000001,0.258595,0.334147
851,back_to_base4,0.550000,0.100000,0.000000,0.000000,0.000000,0.000000,0.000000,0.000000,0.000000,0.000000,0.000000,0.000000,0.558171,112.024313,1.012582,-0.518058,-0.518058,1.054962,-0.517709,0.211618,-0.000001,0.258594,0.334145
852,back_to_base4,0.550000,0.104167,0.000000,0.000000,0.000000,0.000000,0.000000,0.000000,0.000000,0.000000,0.000000,0.000000,0.558894,111.919196,1.001343,-0.518058,-0.518058,1.054962,-0.517709,0.211618,-0.000001,0.258594,0.334145
853,back_to_base4,0.550000,0.108333,0.000000,0.000000,0.000000,0.000000,0.000000,0.000000,0.000000,0.000000,0.000000,0.000000,0.559648,111.809870,0.994600,-0.518058,-0.518058,1.031760,-0.517704,0.211618,-0.000001,0.258594,0.334145
854,back_to_base4,0.550000,0.112500,0.000000,0.000000,0.000000,0.000000,0.000000,0.000000,0.000000,0.000000,0.000000,0.000000,0.560431,111.696346,0.984719,-0.518058,-0.518058,1.031760,-0.517704,0.211618,-0.000001,0.258593,0.334144
855,back_to_base4,0.550000,0.116667,0.000000,0.000000,0.000000,0.000000,0.000000,0.000000,0.000000,0.000000,0.000000,0.000000,0.561244,111.578632,0.973649,-0.518058,-0.518058,1.031760,-0.517704,0.211618,-0.000001,0.258593,0.334144
856,back_to_base4,0.550000,0.120833,0.000000,0.000000,0.000000,0.000000,0.000000,0.000000,0.000000,0.000000,0.000000,0.000000,0.562087,111.456739,0.962329,-0.518058,-0.518058,1.000577,-0.517698,0.211618,-0.000001,0.258593,0.334144
857,back_to_base4,0.550000,0.125000,0.000000,0.000000,0.000000,0.000000,0.000000,0.000000,0.000000,0.000000,0.000000,0.000000,0.562960,111.330676,0.955537,-0.518058,-0.518058,1.000577,-0.517698,0.211619,-0.000001,0.258595,0.334147
858,back_to_base4,0.550000,0.129167,0.000000,0.000000,0.000000,0.000000,0.000000,0.000000,0.000000,0.000000,0.000000,0.000000,0.563862,111.200453,0.945787,-0.518058,-0.518058,1.000577,-0.517698,0.211619,-0.000001,0.258595,0.334147
859,back_to_base4,0.550000,0.133333,0.000000,0.000000,0.000000,0.000000,0.000000,0.000000,0.000000,0.000000,0.000000,0.000000,0.564794,111.066081,0.934951,-0.518058,-0.518058,0.972959,-0.517689,0.211619,-0.000001,0.258595,0.334147
860,back_to_base4,0.550000,0.137500,0.000000,0.000000,0.000000,0.000000,0.000000,0.000000,0.000000,0.000000,0.000000,0.000000,0.565754,110.927571,0.923923,-0.518058,-0.518058,0.972959,-0.517689,0.211619,-0.000001,0.258595,0.334147
861,back_to_base4,0.550000,0.141667,0.000000,0.000000,0.000000,0.000000,0.000000,0.000000,0.000000,0.000000,0.000000,0.000000,0.566744,110.784932,0.917306,-0.518058,-0.518058,0.972959,-0.517689,0.211619,-0.000001,0.258595,0.334147
862,back_to_base4,0.550000,0.145833,0.000000,0.000000,0.000000,0.000000,0.000000,0.000000,0.000000,0.000000,0.000000,0.000000,0.567762,110.638177,0.907863,-0.518058,-0.518058,0.944979,-0.517688,0.211619,-0.000001,0.258595,0.334147
863,back_to_base4,0.550000,0.150000,0.000000,0.000000,0.000000,0.000000,0.000000,0.000000,0.000000,0.000000,0.000000,0.000000,0.568809,110.487315,0.897394,-0.518058,-0.518058,0.944979,-0.517688,0.211618,-0.000001,0.258594,0.334145
864,back_to_base4,0.550000,0.154167,0.000000,0.000000,0.000000,0.000000,0.000000,0.000000,0.000000,0.000000,0.000000,0.000000,0.569885,110.332358,0.891113,-0.518058,-0.518058,0.944979,-0.517688,0.211618,-0.000001,0.258594,0.334145
865,back_to_base4,0.550000,0.158333,0.000000,0.000000,0.000000,0.000000,0.000000,0.000000,0.000000,0.000000,0.000000,0.000000,0.570989,110.173318,0.881770,-0.518058,-0.518058,0.916819,-0.517733,0.211618,-0.000001,0.258594,0.334145
866,back_to_base4,0.550000,0.162500,0.000000,0.000000,0.000000,0.000000,0.000000,0.000000,0.000000,0.000000,0.000000,0.000000,0.572121,110.010205,0.871337,-0.518058,-0.518058,0.916819,-0.517733,0.210604,-0.000001,0.260165,0.334724
867,back_to_base4,0.550000,0.166667,0.000000,0.000000,0.000000,0.000000,0.000000,0.000000,0.000000,0.000000,0.000000,0.000000,0.573282,109.843030,0.865076,-0.518058,-0.518058,0.916819,-0.517733,0.210604,-0.000001,0.260165,0.334724
868,back_to_base4,0.550000,0.170833,0.000000,0.000000,0.000000,0.000000,0.000000,0.000000,0.000000,0.000000,0.000000,0.000000,0.574470,109.671806,0.855812,-0.518058,-0.518058,0.890356,-0.517680,0.210604,-0.000001,0.260165,0.334724
869,back_to_base4,0.550000,0.175000,0.000000,0.000000,0.000000,0.000000,0.000000,0.000000,0.000000,0.000000,0.000000,0.000000,0.575686,109.496544,0.845508,-0.518058,-0.518058,0.890356,-0.517680,0.207138,-0.000001,0.265339,0.336617
870,back_to_base4,0.550000,0.179167,0.000000,0.000000,0.000000,0.000000,0.000000,0.000000,0.000000,0.000000,0.000000,0.000000,0.576929,109.317255,0.839326,-0.518058,-0.518058,0.890356,-0.517680,0.207138,-0.000001,0.265339,0.336617
871,back_to_base4,0.550000,0.183333,0.000000,0.000000,0.000000,0.000000,0.000000,0.000000,0.000000,0.000000,0.000000,0.000000,0.578200,109.133951,0.830246,-0.522287,-0.522287,0.864010,-0.517632,0.207138,-0.000001,0.265339,0.336617
872,back_to_base4,0.550000,0.187500,0.000000,0.000000,0.000000,0.000000,0.000000,0.000000,0.000000,0.000000,0.000000,0.000000,0.579498,108.946643,0.820183,-0.522287,-0.522287,0.864010,-0.517632,0.202740,-0.000001,0.271531,0.338870
873,back_to_base4,0.550000,0.191667,0.000000,0.000000,0.000000,0.000000,0.000000,0.000000,0.000000,0.000000,0.000000,0.000000,0.580823,108.755344,0.814146,-0.522287,-0.522287,0.864010,-0.517632,0.202740,-0.000001,0.271531,0.338870
874,back_to_base4,0.550000,0.195833,0.000000,0.000000,0.000000,0.000000,0.000000,0.000000,0.000000,0.000000,0.000000,0.000000,0.582175,108.560063,0.805322,-0.526575,-0.526575,0.838275,-0.517796,0.202740,-0.000001,0.271531,0.338870
875,back_to_base4,0.550000,0.200000,0.000000,0.000000,0.000000,0.000000,0.000000,0.000000,0.000000,0.000000,0.000000,0.000000,0.583553,108.360814,0.800027,-0.526575,-0.526575,0.838275,-0.517796,0.198428,-0.000001,0.277241,0.340934
876,back_to_base4,0.550000,0.204167,0.000000,0.000000,0.000000,0.000000,0.000000,0.000000,0.000000,0.000000,0.000000,0.000000,0.584958,108.157607,0.791323,-0.530793,-0.530793,0.838275,-0.517796,0.198428,-0.000001,0.277241,0.340934
877,back_to_base4,0.550000,0.208333,0.000000,0.000000,0.000000,0.000000,0.000000,0.000000,0.000000,0.000000,0.000000,0.000000,0.586389,107.950453,0.781456,-0.530793,-0.530793,0.813428,-0.522139,0.198428,-0.000001,0.277241,0.340934
878,back_to_base4,0.550000,0.212500,0.000000,0.000000,0.000000,0.000000,0.000000,0.000000,0.000000,0.000000,0.000000,0.000000,0.587846,107.739364,0.775536,-0.534922,-0.534922,0.813428,-0.522139,0.194009,-0.000001,0.282760,0.342919
879,back_to_base4,0.550000,0.216667,0.000000,0.000000,0.000000,0.000000,0.000000,0.000000,0.000000,0.000000,0.000000,0.000000,0.589329,107.524351,0.766906,-0.534922,-0.534922,0.813428,-0.522139,0.194009,-0.000001,0.282760,0.342919
880,back_to_base4,0.550000,0.220833,0.000000,0.000000,0.000000,0.000000,0.000000,0.000000,0.000000,0.000000,0.000000,0.000000,0.590837,107.305425,0.761727,-0.538986,-0.538986,0.790580,-0.530508,0.194009,-0.000001,0.282760,0.342919
881,back_to_base4,0.550000,0.225000,0.000000,0.000000,0.000000,0.000000,0.000000,0.000000,0.000000,0.000000,0.000000,0.000000,0.592371,107.082597,0.753317,-0.538986,-0.538986,0.790580,-0.530508,0.189501,-0.000001,0.288080,0.344819
882,back_to_base4,0.550000,0.229167,0.000000,0.000000,0.000000,0.000000,0.000000,0.000000,0.000000,0.000000,0.000000,0.000000,0.593931,106.855877,0.748271,-0.543024,-0.543024,0.790580,-0.530508,0.189501,-0.000001,0.288080,0.344819
883,back_to_base4,0.550000,0.233333,0.000000,0.000000,0.000000,0.000000,0.000000,0.000000,0.000000,0.000000,0.000000,0.000000,0.595515,106.625276,0.739853,-0.543024,-0.543024,0.766320,-0.534749,0.189501,-0.000001,0.288080,0.344819
884,back_to_base4,0.550000,0.237500,0.000000,0.000000,0.000000,0.000000,0.000000,0.000000,0.000000,0.000000,0.000000,0.000000,0.597125,106.390805,0.734803,-0.547075,-0.547075,0.766320,-0.534749,0.185118,-0.000001,0.292977,0.346560
885,back_to_base4,0.550000,0.241667,0.000000,0.000000,0.000000,0.000000,0.000000,0.000000,0.000000,0.000000,0.000000,0.000000,0.598758,106.152473,0.726383,-0.547075,-0.547075,0.766320,-0.534749,0.185118,-0.000001,0.292977,0.346560
886,back_to_base4,0.550000,0.245833,0.000000,0.000000,0.000000,0.000000,0.000000,0.000000,0.000000,0.000000,0.000000,0.000000,0.600417,105.910290,0.721332,-0.551174,-0.551174,0.747375,-0.542701,0.185118,-0.000001,0.292977,0.346560
887,back_to_base4,0.550000,0.250000,0.000000,0.000000,0.000000,0.000000,0.000000,0.000000,0.000000,0.000000,0.000000,0.000000,0.602100,105.664267,0.712972,-0.551174,-0.551174,0.747375,-0.542701,0.180644,-0.000000,0.297721,0.348238
888,back_to_base4,0.550000,0.254167,0.000000,0.000000,0.000000,0.000000,0.000000,0.000000,0.000000,0.000000,0.000000,0.000000,0.603806,105.414412,0.707956,-0.555345,-0.555345,0.747375,-0.542701,0.180644,-0.000000,0.297721,0.348238
889,back_to_base4,0.550000,0.258333,0.000000,0.000000,0.000000,0.000000,0.000000,0.000000,0.000000,0.000000,0.000000,0.000000,0.605537,105.160734,0.699716,-0.555345,-0.555345,0.725763,-0.546909,0.180644,-0.000000,0.297721,0.348238
890,back_to_base4,0.550000,0.262500,0.000000,0.000000,0.000000,0.000000,0.000000,0.000000,0.000000,0.000000,0.000000,0.000000,0.607291,104.903244,0.694772,-0.559610,-0.559610,0.725763,-0.546909,0.176069,-0.000000,0.302913,0.350367
891,back_to_base4,0.550000,0.266667,0.000000,0.000000,0.000000,0.000000,0.000000,0.000000,0.000000,0.000000,0.000000,0.000000,0.609069,104.641948,0.686699,-0.559610,-0.559610,0.725763,-0.546909,0.176069,-0.000000,0.302913,0.350367
892,back_to_base4,0.550000,0.270833,0.000000,0.000000,0.000000,0.000000,0.000000,0.000000,0.000000,0.000000,0.000000,0.000000,0.610870,104.376856,0.681854,-0.563982,-0.563982,0.707272,-0.555054,0.176069,-0.000000,0.302913,0.350367
893,back_to_base4,0.550000,0.275000,0.000000,0.000000,0.000000,0.000000,0.000000,0.000000,0.000000,0.000000,0.000000,0.000000,0.612694,104.107975,0.673980,-0.563982,-0.563982,0.707272,-0.555054,0.172000,-0.000000,0.308900,0.353558
894,back_to_base4,0.550000,0.279167,0.000000,0.000000,0.000000,0.000000,0.000000,0.000000,0.000000,0.000000,0.000000,0.000000,0.614541,103.835313,0.669255,-0.568472,-0.568472,0.707272,-0.555054,0.172000,-0.000000,0.308900,0.353558
895,back_to_base4,0.550000,0.283333,0.000000,0.000000,0.000000,0.000000,0.000000,0.000000,0.000000,0.000000,0.000000,0.000000,0.616410,103.558877,0.661603,-0.572730,-0.572730,0.686119,-0.559450,0.172000,-0.000000,0.308900,0.353558
896,back_to_base4,0.550000,0.287500,0.000000,0.000000,0.000000,0.000000,0.000000,0.000000,0.000000,0.000000,0.000000,0.000000,0.618302,103.278674,0.657011,-0.572730,-0.572730,0.686119,-0.559450,0.167995,-0.000000,0.315116,0.357100
897,back_to_base4,0.550000,0.291667,0.000000,0.000000,0.000000,0.000000,0.000000,0.000000,0.000000,0.000000,0.000000,0.000000,0.620217,102.994711,0.649596,-0.577019,-0.577019,0.686119,-0.559450,0.167995,-0.000000,0.315116,0.357100
898,back_to_base4,0.550000,0.295833,0.000000,0.000000,0.000000,0.000000,0.000000,0.000000,0.000000,0.000000,0.000000,0.000000,0.622153,102.706994,0.645147,-0.577019,-0.577019,0.668604,-0.568296,0.167995,-0.000000,0.315116,0.357100
899,back_to_base4,0.550000,0.300000,0.000000,0.000000,0.000000,0.000000,0.000000,0.000000,0.000000,0.000000,0.000000,0.000000,0.624111,102.415527,0.637980,-0.581456,-0.581456,0.668604,-0.568296,0.163628,-0.000000,0.320857,0.360171
900,settle4,0.550000,0.300000,0.000000,0.000000,0.000000,0.000000,0.000000,0.000000,0.000000,0.000000,0.000000,0.000000,0.625186,102.415527,0.633679,-0.581456,-0.581456,0.668604,-0.568296,0.163628,-0.000000,0.320857,0.360171
901,settle4,0.550000,0.300000,0.000000,0.000000,0.000000,0.000000,0.000000,0.000000,0.000000,0.000000,0.000000,0.000000,0.625777,102.415527,0.633679,-0.581456,-0.581456,0.648845,-0.576732,0.163628,-0.000000,0.320857,0.360171
902,settle4,0.550000,0.300000,0.000000,0.000000,0.000000,0.000000,0.000000,0.000000,0.000000,0.000000,0.000000,0.000000,0.626101,102.415527,0.633679,-0.585708,-0.585708,0.648845,-0.576732,0.159697,-0.000000,0.326490,0.363454
903,settle4,0.550000,0.300000,0.000000,0.000000,0.000000,0.000000,0.000000,0.000000,0.000000,0.000000,0.000000,0.000000,0.626280,102.415527,0.633679,-0.585708,-0.585708,0.648845,-0.576732,0.159697,-0.000000,0.326490,0.363454
904,settle4,0.550000,0.300000,0.000000,0.000000,0.000000,0.000000,0.000000,0.000000,0.000000,0.000000,0.000000,0.000000,0.626378,102.415527,0.633679,-0.585708,-0.585708,0.633551,-0.581165,0.159697,-0.000000,0.326490,0.363454
905,settle4,0.550000,0.300000,0.000000,0.000000,0.000000,0.000000,0.000000,0.000000,0.000000,0.000000,0.000000,0.000000,0.626432,102.415527,0.633679,-0.585708,-0.585708,0.633551,-0.581165,0.155592,-0.000000,0.331496,0.366194
906,settle4,0.550000,0.300000,0.000000,0.000000,0.000000,0.000000,0.000000,0.000000,0.000000,0.000000,0.000000,0.000000,0.626462,102.415527,0.633679,-0.585708,-0.585708,0.633551,-0.581165,0.155592,-0.000000,0.331496,0.366194
907,settle4,0.550000,0.300000,0.000000,0.000000,0.000000,0.000000,0.000000,0.000000,0.000000,0.000000,0.000000,0.000000,0.626478,102.415527,0.633679,-0.585708,-0.585708,0.633548,-0.585295,0.155592,-0.000000,0.331496,0.366194
908,settle4,0.550000,0.300000,0.000000,0.000000,0.000000,0.000000,0.000000,0.000000,0.000000,0.000000,0.000000,0.000000,0.626487,102.415527,0.633679,-0.585708,-0.585708,0.633548,-0.585295,0.151652,-0.000000,0.336716,0.369292
909,settle4,0.550000,0.300000,0.000000,0.000000,0.000000,0.000000,0.000000,0.000000,0.000000,0.000000,0.000000,0.000000,0.626492,102.415527,0.633679,-0.585708,-0.585708,0.633548,-0.585295,0.151652,-0.000000,0.336716,0.369292
910,settle4,0.550000,0.300000,0.000000,0.000000,0.000000,0.000000,0.000000,0.000000,0.000000,0.000000,0.000000,0.000000,0.626495,102.415527,0.633679,-0.585708,-0.585708,0.633531,-0.585248,0.151652,-0.000000,0.336716,0.369292
911,settle4,0.550000,0.300000,0.000000,0.000000,0.000000,0.000000,0.000000,0.000000,0.000000,0.000000,0.000000,0.000000,0.626496,102.415527,0.633679,-0.585708,-0.585708,0.633531,-0.585248,0.147153,-0.000000,0.341810,0.372140
912,settle4,0.550000,0.300000,0.000000,0.000000,0.000000,0.000000,0.000000,0.000000,0.000000,0.000000,0.000000,0.000000,0.626497,102.415527,0.633679,-0.585708,-0.585708,0.633531,-0.585248,0.147153,-0.000000,0.341810,0.372140
913,settle4,0.550000,0.300000,0.000000,0.000000,0.000000,0.000000,0.000000,0.000000,0.000000,0.000000,0.000000,0.000000,0.626498,102.415527,0.633679,-0.585708,-0.585708,0.633548,-0.585300,0.147153,-0.000000,0.341810,0.372140
914,settle4,0.550000,0.300000,0.000000,0.000000,0.000000,0.000000,0.000000,0.000000,0.000000,0.000000,0.000000,0.000000,0.626498,102.415527,0.633679,-0.585708,-0.585708,0.633548,-0.585300,0.143117,-0.000000,0.347278,0.375612
915,settle4,0.550000,0.300000,0.000000,0.000000,0.000000,0.000000,0.000000,0.000000,0.000000,0.000000,0.000000,0.000000,0.626498,102.415527,0.633679,-0.585708,-0.585708,0.633548,-0.585300,0.143117,-0.000000,0.347278,0.375612
916,settle4,0.550000,0.300000,0.000000,0.000000,0.000000,0.000000,0.000000,0.000000,0.000000,0.000000,0.000000,0.000000,0.626498,102.415527,0.633679,-0.585708,-0.585708,0.633548,-0.585300,0.143117,-0.000000,0.347278,0.375612
917,settle4,0.550000,0.300000,0.000000,0.000000,0.000000,0.000000,0.000000,0.000000,0.000000,0.000000,0.000000,0.000000,0.626498,102.415527,0.633679,-0.585708,-0.585708,0.633548,-0.585300,0.141768,-0.000000,0.349003,0.376697
918,settle4,0.550000,0.300000,0.000000,0.000000,0.000000,0.000000,0.000000,0.000000,0.000000,0.000000,0.000000,0.000000,0.626498,102.415527,0.633679,-0.585708,-0.585708,0.633548,-0.585300,0.141768,-0.000000,0.349003,0.376697
919,settle4,0.550000,0.300000,0.000000,0.000000,0.000000,0.000000,0.000000,0.000000,0.000000,0.000000,0.000000,0.000000,0.626498,102.415527,0.633679,-0.585708,-0.585708,0.633431,-0.584937,0.141768,-0.000000,0.349003,0.376697
920,settle4,0.550000,0.300000,0.000000,0.000000,0.000000,0.000000,0.000000,0.000000,0.000000,0.000000,0.000000,0.000000,0.626498,102.415527,0.633679,-0.585708,-0.585708,0.633431,-0.584937,0.138405,-0.000000,0.352722,0.378905
921,settle4,0.550000,0.300000,0.000000,0.000000,0.000000,0.000000,0.000000,0.000000,0.000000,0.000000,0.000000,0.000000,0.626498,102.415527,0.633679,-0.585708,-0.585708,0.633431,-0.584937,0.138405,-0.000000,0.352722,0.378905
922,settle4,0.550000,0.300000,0.000000,0.000000,0.000000,0.000000,0.000000,0.000000,0.000000,0.000000,0.000000,0.000000,0.626498,102.415527,0.633679,-0.585708,-0.585708,0.633548,-0.585299,0.138405,-0.000000,0.352722,0.378905
923,settle4,0.550000,0.300000,0.000000,0.000000,0.000000,0.000000,0.000000,0.000000,0.000000,0.000000,0.000000,0.000000,0.626498,102.415527,0.633679,-0.585708,-0.585708,0.633548,-0.585299,0.135990,-0.000000,0.355519,0.380640
924,settle4,0.550000,0.300000,0.000000,0.000000,0.000000,0.000000,0.000000,0.000000,0.000000,0.000000,0.000000,0.000000,0.626498,102.415527,0.633679,-0.585708,-0.585708,0.633548,-0.585299,0.135990,-0.000000,0.355519,0.380640
925,settle4,0.550000,0.300000,0.000000,0.000000,0.000000,0.000000,0.000000,0.000000,0.000000,0.000000,0.000000,0.000000,0.626498,102.415527,0.633679,-0.585708,-0.585708,0.633548,-0.585300,0.135990,-0.000000,0.355519,0.380640
926,settle4,0.550000,0.300000,0.000000,0.000000,0.000000,0.000000,0.000000,0.000000,0.000000,0.000000,0.000000,0.000000,0.626498,102.415527,0.633679,-0.585708,-0.585708,0.633548,-0.585300,0.135892,-0.000000,0.356462,0.381486
927,settle4,0.550000,0.300000,0.000000,0.000000,0.000000,0.000000,0.000000,0.000000,0.000000,0.000000,0.000000,0.000000,0.626498,102.415527,0.633679,-0.585708,-0.585708,0.633548,-0.585300,0.135892,-0.000000,0.356462,0.381486
928,settle4,0.550000,0.300000,0.000000,0.000000,0.000000,0.000000,0.000000,0.000000,0.000000,0.000000,0.000000,0.000000,0.626498,102.415527,0.633679,-0.585708,-0.585708,0.633565,-0.585353,0.135892,-0.000000,0.356462,0.381486
929,settle4,0.550000,0.300000,0.000000,0.000000,0.000000,0.000000,0.000000,0.000000,0.000000,0.000000,0.000000,0.000000,0.626498,102.415527,0.633679,-0.585708,-0.585708,0.633565,-0.585353,0.135892,-0.000000,0.356462,0.381487
930,settle4,0.550000,0.300000,0.000000,0.000000,0.000000,0.000000,0.000000,0.000000,0.000000,0.000000,0.000000,0.000000,0.626498,102.415527,0.633679,-0.585708,-0.585708,0.633565,-0.585353,0.135892,-0.000000,0.356462,0.381487
931,settle4,0.550000,0.300000,0.000000,0.000000,0.000000,0.000000,0.000000,0.000000,0.000000,0.000000,0.000000,0.000000,0.626498,102.415527,0.633679,-0.585708,-0.585708,0.633531,-0.585248,0.135892,-0.000000,0.356462,0.381487
932,settle4,0.550000,0.300000,0.000000,0.000000,0.000000,0.000000,0.000000,0.000000,0.000000,0.000000,0.000000,0.000000,0.626498,102.415527,0.633679,-0.585708,-0.585708,0.633531,-0.585248,0.135892,-0.000000,0.356467,0.381491
933,settle4,0.550000,0.300000,0.000000,0.000000,0.000000,0.000000,0.000000,0.000000,0.000000,0.000000,0.000000,0.000000,0.626498,102.415527,0.633679,-0.585708,-0.585708,0.633531,-0.585248,0.135892,-0.000000,0.356467,0.381491
934,settle4,0.550000,0.300000,0.000000,0.000000,0.000000,0.000000,0.000000,0.000000,0.000000,0.000000,0.000000,0.000000,0.626498,102.415527,0.633679,-0.585708,-0.585708,0.633548,-0.585302,0.135892,-0.000000,0.356467,0.381491
935,settle4,0.550000,0.300000,0.000000,0.000000,0.000000,0.000000,0.000000,0.000000,0.000000,0.000000,0.000000,0.000000,0.626498,102.415527,0.633679,-0.585708,-0.585708,0.633548,-0.585302,0.135892,-0.000000,0.356463,0.381487
936,settle4,0.550000,0.300000,0.000000,0.000000,0.000000,0.000000,0.000000,0.000000,0.000000,0.000000,0.000000,0.000000,0.626498,102.415527,0.633679,-0.585708,-0.585708,0.633548,-0.585302,0.135892,-0.000000,0.356463,0.381487
937,settle4,0.550000,0.300000,0.000000,0.000000,0.000000,0.000000,0.000000,0.000000,0.000000,0.000000,0.000000,0.000000,0.626498,102.415527,0.633679,-0.585708,-0.585708,0.633546,-0.585295,0.135892,-0.000000,0.356463,0.381487
938,settle4,0.550000,0.300000,0.000000,0.000000,0.000000,0.000000,0.000000,0.000000,0.000000,0.000000,0.000000,0.000000,0.626498,102.415527,0.633679,-0.585708,-0.585708,0.633546,-0.585295,0.135908,-0.000000,0.356558,0.381581
939,settle4,0.550000,0.300000,0.000000,0.000000,0.000000,0.000000,0.000000,0.000000,0.000000,0.000000,0.000000,0.000000,0.626498,102.415527,0.633679,-0.585708,-0.585708,0.633546,-0.585295,0.135908,-0.000000,0.356558,0.381581
940,settle4,0.550000,0.300000,0.000000,0.000000,0.000000,0.000000,0.000000,0.000000,0.000000,0.000000,0.000000,0.000000,0.626498,102.415527,0.633679,-0.585708,-0.585708,0.633533,-0.585252,0.135908,-0.000000,0.356558,0.381581
941,settle4,0.550000,0.300000,0.000000,0.000000,0.000000,0.000000,0.000000,0.000000,0.000000,0.000000,0.000000,0.000000,0.626498,102.415527,0.633679,-0.585708,-0.585708,0.633533,-0.585252,0.135911,-0.000000,0.356574,0.381598
942,settle4,0.550000,0.300000,0.000000,0.000000,0.000000,0.000000,0.000000,0.000000,0.000000,0.000000,0.000000,0.000000,0.626498,102.415527,0.633679,-0.585708,-0.585708,0.633533,-0.585252,0.135911,-0.000000,0.356574,0.381598
943,settle4,0.550000,0.300000,0.000000,0.000000,0.000000,0.000000,0.000000,0.000000,0.000000,0.000000,0.000000,0.000000,0.626498,102.415527,0.633679,-0.585708,-0.585708,0.633532,-0.585252,0.135911,-0.000000,0.356574,0.381598
944,settle4,0.550000,0.300000,0.000000,0.000000,0.000000,0.000000,0.000000,0.000000,0.000000,0.000000,0.000000,0.000000,0.626498,102.415527,0.633679,-0.585708,-0.585708,0.633532,-0.585252,0.135910,-0.000000,0.356569,0.381593
945,settle4,0.550000,0.300000,0.000000,0.000000,0.000000,0.000000,0.000000,0.000000,0.000000,0.000000,0.000000,0.000000,0.626498,102.415527,0.633679,-0.585708,-0.585708,0.633532,-0.585252,0.135910,-0.000000,0.356569,0.381593
946,settle4,0.550000,0.300000,0.000000,0.000000,0.000000,0.000000,0.000000,0.000000,0.000000,0.000000,0.000000,0.000000,0.626498,102.415527,0.633679,-0.585708,-0.585708,0.633533,-0.585252,0.135910,-0.000000,0.356569,0.381593
947,settle4,0.550000,0.300000,0.000000,0.000000,0.000000,0.000000,0.000000,0.000000,0.000000,0.000000,0.000000,0.000000,0.626498,102.415527,0.633679,-0.585708,-0.585708,0.633533,-0.585252,0.135910,-0.000000,0.356569,0.381593
948,settle4,0.550000,0.300000,0.000000,0.000000,0.000000,0.000000,0.000000,0.000000,0.000000,0.000000,0.000000,0.000000,0.626498,102.415527,0.633679,-0.585708,-0.585708,0.633533,-0.585252,0.135910,-0.000000,0.356569,0.381593
949,settle4,0.550000,0.300000,0.000000,0.000000,0.000000,0.000000,0.000000,0.000000,0.000000,0.000000,0.000000,0.000000,0.626498,102.415527,0.633679,-0.585708,-0.585708,0.633548,-0.585300,0.135910,-0.000000,0.356569,0.381593
950,settle4,0.550000,0.300000,0.000000,0.000000,0.000000,0.000000,0.000000,0.000000,0.000000,0.000000,0.000000,0.000000,0.626498,102.415527,0.633679,-0.585708,-0.585708,0.633548,-0.585300,0.135911,-0.000000,0.356574,0.381598
951,settle4,0.550000,0.300000,0.000000,0.000000,0.000000,0.000000,0.000000,0.000000,0.000000,0.000000,0.000000,0.000000,0.626498,102.415527,0.633679,-0.585708,-0.585708,0.633548,-0.585300,0.135911,-0.000000,0.356574,0.381598
952,settle4,0.550000,0.300000,0.000000,0.000000,0.000000,0.000000,0.000000,0.000000,0.000000,0.000000,0.000000,0.000000,0.626498,102.415527,0.633679,-0.585708,-0.585708,0.633548,-0.585300,0.135911,-0.000000,0.356574,0.381598
953,settle4,0.550000,0.300000,0.000000,0.000000,0.000000,0.000000,0.000000,0.000000,0.000000,0.000000,0.000000,0.000000,0.626498,102.415527,0.633679,-0.585708,-0.585708,0.633548,-0.585300,0.135910,-0.000000,0.356569,0.381593
954,settle4,0.550000,0.300000,0.000000,0.000000,0.000000,0.000000,0.000000,0.000000,0.000000,0.000000,0.000000,0.000000,0.626498,102.415527,0.633679,-0.585708,-0.585708,0.633548,-0.585300,0.135910,-0.000000,0.356569,0.381593
955,settle4,0.550000,0.300000,0.000000,0.000000,0.000000,0.000000,0.000000,0.000000,0.000000,0.000000,0.000000,0.000000,0.626498,102.415527,0.633679,-0.585708,-0.585708,0.633548,-0.585300,0.135910,-0.000000,0.356569,0.381593
956,settle4,0.550000,0.300000,0.000000,0.000000,0.000000,0.000000,0.000000,0.000000,0.000000,0.000000,0.000000,0.000000,0.626498,102.415527,0.633679,-0.585708,-0.585708,0.633548,-0.585300,0.135910,-0.000000,0.356569,0.381592
957,settle4,0.550000,0.300000,0.000000,0.000000,0.000000,0.000000,0.000000,0.000000,0.000000,0.000000,0.000000,0.000000,0.626498,102.415527,0.633679,-0.585708,-0.585708,0.633548,-0.585300,0.135910,-0.000000,0.356569,0.381592
958,settle4,0.550000,0.300000,0.000000,0.000000,0.000000,0.000000,0.000000,0.000000,0.000000,0.000000,0.000000,0.000000,0.626498,102.415527,0.633679,-0.585708,-0.585708,0.633546,-0.585295,0.135910,-0.000000,0.356569,0.381592
959,settle4,0.550000,0.300000,0.000000,0.000000,0.000000,0.000000,0.000000,0.000000,0.000000,0.000000,0.000000,0.000000,0.626498,102.415527,0.633679,-0.585708,-0.585708,0.633546,-0.585295,0.135910,-0.000000,0.356569,0.381593
