frame,label,u,v,u_flt,v_flt,du,dv,tgt_x,tgt_z,ik_q2,ik_q3,ik_jump,ik_ms,reach,elbow,j2_cmd,j3_cmd,j3i_cmd,j2_act,j3_act,tcp_x,tcp_y,tcp_z,tcp_r
0,real,-0.274788,-0.639432,0.000000,0.000000,0.000000,0.000000,0.000000,0.000000,0.000000,0.000000,0.000000,0.000000,0.695975,91.790000,1.240000,-0.593391,-0.593391,0.599566,-0.598742,0.127216,0.000000,0.365537,0.387042
1,real,-0.274788,-0.639432,0.000000,0.000000,0.000000,0.000000,0.000000,0.000000,0.000000,0.000000,0.000000,0.000000,0.695975,91.790000,1.624000,-0.589425,-0.589425,0.605787,-0.599281,0.127216,0.000000,0.365537,0.387042
2,real,-0.256872,-0.660717,0.000000,0.000000,0.000000,0.000000,0.000000,0.000000,0.000000,0.000000,0.000000,0.000000,0.701817,89.710000,1.854400,-0.589425,-0.589425,0.605787,-0.599281,0.127230,0.000000,0.365627,0.387132
3,real,-0.256872,-0.660717,0.000000,0.000000,0.000000,0.000000,0.000000,0.000000,0.000000,0.000000,0.000000,0.000000,0.705011,89.710000,1.992640,-0.589425,-0.589425,0.605787,-0.599281,0.127230,0.000000,0.365627,0.387132
4,real,-0.256872,-0.660717,0.000000,0.000000,0.000000,0.000000,0.000000,0.000000,0.000000,0.000000,0.000000,0.000000,0.706762,89.710000,2.075584,-0.589425,-0.589425,0.747541,-0.592792,0.127230,0.000000,0.365627,0.387132
5,real,-0.289589,-0.609736,0.000000,0.000000,0.000000,0.000000,0.000000,0.000000,0.000000,0.000000,0.000000,0.000000,0.692639,95.090000,2.125350,-0.589425,-0.589425,0.747541,-0.592792,0.127232,0.000000,0.365641,0.387145
6,real,-0.277182,-0.640989,0.000000,0.000000,0.000000,0.000000,0.000000,0.000000,0.000000,0.000000,0.000000,0.000000,0.695217,91.410000,2.155210,-0.589425,-0.589425,0.747541,-0.592792,0.127232,0.000000,0.365641,0.387145
7,real,-0.286472,-0.618422,0.000000,0.000000,0.000000,0.000000,0.000000,0.000000,0.000000,0.000000,0.000000,0.000000,0.689094,94.070000,2.173126,-0.589425,-0.589425,0.711325,-0.588978,0.127232,0.000000,0.365641,0.387145
8,real,-0.286472,-0.618422,0.000000,0.000000,0.000000,0.000000,0.000000,0.000000,0.000000,0.000000,0.000000,0.000000,0.685707,94.070000,2.183876,-0.584684,-0.584684,0.711325,-0.588978,0.127263,0.000000,0.365844,0.387347
9,real,-0.277588,-0.632664,0.000000,0.000000,0.000000,0.000000,0.000000,0.000000,0.000000,0.000000,0.000000,0.000000,0.688041,92.600000,2.190325,-0.584684,-0.584684,0.711325,-0.588978,0.127263,0.000000,0.365844,0.387347
10,real,-0.277588,-0.632664,0.000000,0.000000,0.000000,0.000000,0.000000,0.000000,0.000000,0.000000,0.000000,0.000000,0.689321,92.600000,2.194195,-0.584684,-0.584684,0.845855,-0.588799,0.127263,0.000000,0.365844,0.387347
11,real,-0.268550,-0.668376,0.000000,0.000000,0.000000,0.000000,0.000000,0.000000,0.000000,0.000000,0.000000,0.000000,0.703433,87.840000,2.194195,-0.584684,-0.584684,0.845855,-0.588799,0.127271,0.000000,0.365895,0.387397
12,real,-0.225632,-0.742176,0.000000,0.000000,0.000000,0.000000,0.000000,0.000000,0.000000,0.000000,0.000000,0.000000,0.737025,78.260000,2.194195,-0.592925,-0.592925,0.845855,-0.588799,0.127271,0.000000,0.365895,0.387397
13,real,-0.225632,-0.742176,0.000000,0.000000,0.000000,0.000000,0.000000,0.000000,0.000000,0.000000,0.000000,0.000000,0.754821,78.260000,2.194195,-0.607498,-0.607498,0.816532,-0.584576,0.127271,0.000000,0.365895,0.387397
14,real,-0.375139,-0.474497,0.000000,0.000000,0.000000,0.000000,0.000000,0.000000,0.000000,0.000000,0.000000,0.000000,0.691066,105.560000,2.194195,-0.607498,-0.607498,0.816532,-0.584576,0.127271,0.000000,0.365895,0.387397
15,real,-0.375139,-0.474497,0.000000,0.000000,0.000000,0.000000,0.000000,0.000000,0.000000,0.000000,0.000000,0.000000,0.652252,105.560000,2.194195,-0.596155,-0.596155,0.816532,-0.584576,0.127271,0.000000,0.365895,0.387397
16,real,-0.337782,-0.450620,0.000000,0.000000,0.000000,0.000000,0.000000,0.000000,0.000000,0.000000,0.000000,0.000000,0.612500,111.450000,2.194195,-0.573542,-0.573542,0.944507,-0.592620,0.127271,0.000000,0.365895,0.387397
17,real,-0.337782,-0.450620,0.000000,0.000000,0.000000,0.000000,0.000000,0.000000,0.000000,0.000000,0.000000,0.000000,0.590329,111.450000,2.194195,-0.545564,-0.545564,0.944507,-0.592620,0.127271,0.000000,0.365895,0.387397
18,real,-0.337782,-0.450620,0.000000,0.000000,0.000000,0.000000,0.000000,0.000000,0.000000,0.000000,0.000000,0.000000,0.578103,111.450000,2.194195,-0.517181,-0.517181,0.944507,-0.592620,0.127271,0.000000,0.365895,0.387397
19,real,-0.307194,-0.418040,0.000000,0.000000,0.000000,0.000000,0.000000,0.000000,0.000000,0.000000,0.000000,0.000000,0.551684,117.500000,2.194195,-0.487875,-0.487875,0.921686,-0.592584,0.127271,0.000000,0.365895,0.387397
20,real,-0.307194,-0.418040,0.000000,0.000000,0.000000,0.000000,0.000000,0.000000,0.000000,0.000000,0.000000,0.000000,0.536950,117.500000,2.194195,-0.459719,-0.459719,0.921686,-0.592584,0.158603,-0.000000,0.344653,0.379395
21,real,-0.281949,-0.380754,0.000000,0.000000,0.000000,0.000000,0.000000,0.000000,0.000000,0.000000,0.000000,0.000000,0.508833,123.440000,2.194195,-0.431070,-0.431070,0.921686,-0.592584,0.158603,-0.000000,0.344653,0.379395
22,real,-0.263751,-0.337161,0.000000,0.000000,0.000000,0.000000,0.000000,0.000000,0.000000,0.000000,0.000000,0.000000,0.472942,129.310000,2.194195,-0.400133,-0.400133,1.043680,-0.516232,0.158603,-0.000000,0.344653,0.379395
23,real,-0.263751,-0.337161,0.000000,0.000000,0.000000,0.000000,0.000000,0.000000,0.000000,0.000000,0.000000,0.000000,0.452864,129.310000,2.194195,-0.369277,-0.369277,1.043680,-0.516232,0.153355,-0.000000,0.346899,0.379284
24,real,-0.187674,-0.218383,0.000000,0.000000,0.000000,0.000000,0.000000,0.000000,0.000000,0.000000,0.000000,0.000000,0.380084,146.530000,2.194195,-0.330901,-0.330901,1.043680,-0.516232,0.153355,-0.000000,0.346899,0.379284
25,real,-0.187674,-0.218383,0.000000,0.000000,0.000000,0.000000,0.000000,0.000000,0.000000,0.000000,0.000000,0.000000,0.338889,146.530000,2.194195,-0.288364,-0.288364,1.025073,-0.490159,0.153355,-0.000000,0.346899,0.379284
26,real,-0.187674,-0.218383,0.000000,0.000000,0.000000,0.000000,0.000000,0.000000,0.000000,0.000000,0.000000,0.000000,0.316016,146.530000,2.194195,-0.246555,-0.246555,1.025073,-0.490159,0.179552,-0.000000,0.326341,0.372475
27,real,-0.094032,-0.085203,0.000000,0.000000,0.000000,0.000000,0.000000,0.000000,0.000000,0.000000,0.000000,0.000000,0.231969,165.420000,2.194195,-0.197901,-0.197901,1.025073,-0.490159,0.179552,-0.000000,0.326341,0.372475
28,real,-0.094032,-0.085203,0.000000,0.000000,0.000000,0.000000,0.000000,0.000000,0.000000,0.000000,0.000000,0.000000,0.184636,165.420000,2.181138,-0.146141,-0.146141,1.142944,-0.415369,0.179552,-0.000000,0.326341,0.372475
29,real,-0.094032,-0.085203,0.000000,0.000000,0.000000,0.000000,0.000000,0.000000,0.000000,0.000000,0.000000,0.000000,0.158560,165.420000,2.162573,-0.096500,-0.096500,1.142944,-0.415369,0.175793,-0.000000,0.328056,0.372188
30,real,0.061973,0.034416,0.000000,0.000000,0.000000,0.000000,0.000000,0.000000,0.000000,0.000000,0.000000,0.000000,0.057757,171.870000,2.146487,-0.057900,-0.057900,1.142944,-0.415369,0.175793,-0.000000,0.328056,0.372188
31,real,0.061973,0.034416,0.000000,0.000000,0.000000,0.000000,0.000000,0.000000,0.000000,0.000000,0.000000,0.000000,0.013610,171.870000,2.136836,-0.034740,-0.034740,1.128389,-0.387802,0.175793,-0.000000,0.328056,0.372188
32,real,0.061973,0.034416,0.000000,0.000000,0.000000,0.000000,0.000000,0.000000,0.000000,0.000000,0.000000,0.000000,0.034857,171.870000,2.131045,-0.020844,-0.020844,1.128389,-0.387802,0.198448,-0.000001,0.308945,0.367190
33,real,0.203379,0.065650,0.000000,0.000000,0.000000,0.000000,0.000000,0.000000,0.000000,0.000000,0.000000,0.000000,0.116995,155.320000,2.127570,-0.012506,-0.012506,1.128389,-0.387802,0.198448,-0.000001,0.308945,0.367190
34,real,0.203379,0.065650,0.000000,0.000000,0.000000,0.000000,0.000000,0.000000,0.000000,0.000000,0.000000,0.000000,0.161417,155.320000,2.132023,-0.007504,-0.007504,1.241973,-0.314224,0.198448,-0.000001,0.308945,0.367190
35,real,0.252633,0.083991,0.000000,0.000000,0.000000,0.000000,0.000000,0.000000,0.000000,0.000000,0.000000,0.000000,0.209283,149.120000,2.132023,-0.007504,-0.007504,1.241973,-0.314224,0.197007,-0.000001,0.312013,0.369004
36,real,0.252633,0.083991,0.000000,0.000000,0.000000,0.000000,0.000000,0.000000,0.000000,0.000000,0.000000,0.000000,0.235159,149.120000,2.132023,-0.007504,-0.007504,1.241973,-0.314224,0.197007,-0.000001,0.312013,0.369004
37,real,0.279713,0.093862,0.000000,0.000000,0.000000,0.000000,0.000000,0.000000,0.000000,0.000000,0.000000,0.000000,0.262315,145.680000,2.127472,-0.007504,-0.007504,1.231544,-0.285594,0.197007,-0.000001,0.312013,0.369004
38,real,0.279713,0.093862,0.000000,0.000000,0.000000,0.000000,0.000000,0.000000,0.000000,0.000000,0.000000,0.000000,0.277111,145.680000,2.117565,-0.011919,-0.011919,1.231544,-0.285594,0.208976,-0.000001,0.267205,0.339219
39,real,0.314235,0.087027,0.000000,0.000000,0.000000,0.000000,0.000000,0.000000,0.000000,0.000000,0.000000,0.000000,0.299284,141.940000,2.111620,-0.024727,-0.024727,1.231544,-0.285594,0.208976,-0.000001,0.267205,0.339219
40,real,0.314235,0.087027,0.000000,0.000000,0.000000,0.000000,0.000000,0.000000,0.000000,0.000000,0.000000,0.000000,0.311389,141.940000,2.108054,-0.040885,-0.040885,1.341551,-0.212886,0.208976,-0.000001,0.267205,0.339219
41,real,0.330118,0.078098,0.000000,0.000000,0.000000,0.000000,0.000000,0.000000,0.000000,0.000000,0.000000,0.000000,0.323975,140.340000,2.108054,-0.058043,-0.058043,1.341551,-0.212886,0.204580,-0.000001,0.258059,0.329313
42,real,0.330118,0.078098,0.000000,0.000000,0.000000,0.000000,0.000000,0.000000,0.000000,0.000000,0.000000,0.000000,0.330862,140.340000,2.108054,-0.074258,-0.074258,1.341551,-0.212886,0.204580,-0.000001,0.258059,0.329313
43,real,0.334689,0.078008,0.000000,0.000000,0.000000,0.000000,0.000000,0.000000,0.000000,0.000000,0.000000,0.000000,0.336634,139.800000,2.108054,-0.088735,-0.088735,1.321737,-0.193520,0.204580,-0.000001,0.258059,0.329313
44,real,0.326649,0.069551,0.000000,0.000000,0.000000,0.000000,0.000000,0.000000,0.000000,0.000000,0.000000,0.000000,0.335439,140.980000,2.108054,-0.100313,-0.100313,1.321737,-0.193520,0.205677,-0.000001,0.215282,0.297741
45,real,0.326649,0.069551,0.000000,0.000000,0.000000,0.000000,0.000000,0.000000,0.000000,0.000000,0.000000,0.000000,0.334779,140.980000,2.111687,-0.109032,-0.109032,1.321737,-0.193520,0.205677,-0.000001,0.215282,0.297741
46,real,0.328848,0.074109,0.000000,0.000000,0.000000,0.000000,0.000000,0.000000,0.000000,0.000000,0.000000,0.000000,0.335822,140.600000,2.111687,-0.114264,-0.114264,1.318356,-0.184715,0.205677,-0.000001,0.215282,0.297741
47,real,0.328848,0.074109,0.000000,0.000000,0.000000,0.000000,0.000000,0.000000,0.000000,0.000000,0.000000,0.000000,0.336395,140.600000,2.111687,-0.114264,-0.114264,1.318356,-0.184715,0.199628,-0.000001,0.206174,0.286983
48,real,0.335066,0.051931,0.000000,0.000000,0.000000,0.000000,0.000000,0.000000,0.000000,0.000000,0.000000,0.000000,0.337598,140.360000,2.123028,-0.118997,-0.118997,1.318356,-0.184715,0.199628,-0.000001,0.206174,0.286983
49,real,0.378837,0.053546,0.000000,0.000000,0.000000,0.000000,0.000000,0.000000,0.000000,0.000000,0.000000,0.000000,0.357960,135.010000,2.135979,-0.126090,-0.126090,1.338240,-0.150691,0.199628,-0.000001,0.206174,0.286983
50,real,0.378837,0.053546,0.000000,0.000000,0.000000,0.000000,0.000000,0.000000,0.000000,0.000000,0.000000,0.000000,0.369091,135.010000,2.143749,-0.134880,-0.134880,1.338240,-0.150691,0.191485,-0.000001,0.167852,0.254638
51,real,0.393945,0.048405,0.000000,0.000000,0.000000,0.000000,0.000000,0.000000,0.000000,0.000000,0.000000,0.000000,0.381660,133.230000,2.148411,-0.145110,-0.145110,1.338240,-0.150691,0.191485,-0.000001,0.167852,0.254638
52,real,0.393945,0.048405,0.000000,0.000000,0.000000,0.000000,0.000000,0.000000,0.000000,0.000000,0.000000,0.000000,0.388539,133.230000,2.155789,-0.155573,-0.155573,1.313360,-0.180725,0.191485,-0.000001,0.167852,0.254638
53,real,0.399733,0.045791,0.000000,0.000000,0.000000,0.000000,0.000000,0.000000,0.000000,0.000000,0.000000,0.000000,0.394767,132.550000,2.160215,-0.165665,-0.165665,1.313360,-0.180725,0.183490,-0.000001,0.159299,0.242991
54,real,0.429650,0.041938,0.000000,0.000000,0.000000,0.000000,0.000000,0.000000,0.000000,0.000000,0.000000,0.000000,0.411471,128.850000,2.160215,-0.176901,-0.176901,1.313360,-0.180725,0.183490,-0.000001,0.159299,0.242991
55,real,0.429650,0.041938,0.000000,0.000000,0.000000,0.000000,0.000000,0.000000,0.000000,0.000000,0.000000,0.000000,0.420600,128.850000,2.160215,-0.188499,-0.188499,1.333390,-0.243856,0.183490,-0.000001,0.159299,0.242991
56,real,0.472732,0.036831,0.000000,0.000000,0.000000,0.000000,0.000000,0.000000,0.000000,0.000000,0.000000,0.000000,0.444908,123.390000,2.160215,-0.202607,-0.202607,1.333390,-0.243856,0.167392,-0.000001,0.126480,0.209803
57,real,0.503199,0.029719,0.000000,0.000000,0.000000,0.000000,0.000000,0.000000,0.000000,0.000000,0.000000,0.000000,0.471812,119.460000,2.160215,-0.220206,-0.220206,1.333390,-0.243856,0.167392,-0.000001,0.126480,0.209803
58,real,0.503199,0.029719,0.000000,0.000000,0.000000,0.000000,0.000000,0.000000,0.000000,0.000000,0.000000,0.000000,0.486425,119.460000,2.152740,-0.239173,-0.239173,1.327720,-0.258143,0.167392,-0.000001,0.126480,0.209803
59,real,0.534103,0.016318,0.000000,0.000000,0.000000,0.000000,0.000000,0.000000,0.000000,0.000000,0.000000,0.000000,0.508202,115.400000,2.143325,-0.259738,-0.259738,1.327720,-0.258143,0.158011,0.000218,0.119929,0.198369
60,real,0.534103,0.016318,0.000000,0.000000,0.000000,0.000000,0.000000,0.000000,0.000000,0.000000,0.000000,0.000000,0.520041,115.400000,2.137676,-0.280094,-0.280094,1.327720,-0.258143,0.158011,0.000218,0.119929,0.198369
61,real,0.555515,0.007854,0.000000,0.000000,0.000000,0.000000,0.000000,0.000000,0.000000,0.000000,0.000000,0.000000,0.536157,112.500000,2.128828,-0.300329,-0.300329,1.360305,-0.297900,0.158011,0.000218,0.119929,0.198369
62,real,0.606112,-0.013649,0.000000,0.000000,0.000000,0.000000,0.000000,0.000000,0.000000,0.000000,0.000000,0.000000,0.568238,105.360000,2.116756,-0.323385,-0.323385,1.360305,-0.297900,0.138858,-0.001959,0.098015,0.169966
63,real,0.606112,-0.013649,0.000000,0.000000,0.000000,0.000000,0.000000,0.000000,0.000000,0.000000,0.000000,0.000000,0.585534,105.360000,2.103349,-0.347456,-0.347456,1.360305,-0.297900,0.138858,-0.001959,0.098015,0.169966
64,real,0.631163,-0.028937,0.000000,0.000000,0.000000,0.000000,0.000000,0.000000,0.000000,0.000000,0.000000,0.000000,0.606644,101.630000,2.089437,-0.372451,-0.372451,1.383001,-0.333340,0.138858,-0.001959,0.098015,0.169966
65,real,0.642693,-0.035201,0.000000,0.000000,0.000000,0.000000,0.000000,0.000000,0.000000,0.000000,0.000000,0.000000,0.623492,99.870000,2.075628,-0.397472,-0.397472,1.383001,-0.333340,0.146275,-0.001400,0.105983,0.180634
66,real,0.642693,-0.035201,0.000000,0.000000,0.000000,0.000000,0.000000,0.000000,0.000000,0.000000,0.000000,0.000000,0.632628,99.870000,2.067343,-0.420736,-0.420736,1.383001,-0.333340,0.146275,-0.001400,0.105983,0.180634
67,real,0.703876,-0.050516,0.000000,0.000000,0.000000,0.000000,0.000000,0.000000,0.000000,0.000000,0.000000,0.000000,0.666319,90.230000,2.050952,-0.446623,-0.446623,1.433502,-0.392796,0.146275,-0.001400,0.105983,0.180634
68,real,0.703876,-0.050516,0.000000,0.000000,0.000000,0.000000,0.000000,0.000000,0.000000,0.000000,0.000000,0.000000,0.684301,90.230000,2.029859,-0.473528,-0.473528,1.433502,-0.392796,0.137472,-0.000930,0.101907,0.171124
69,real,0.762015,-0.036602,0.000000,0.000000,0.000000,0.000000,0.000000,0.000000,0.000000,0.000000,0.000000,0.000000,0.720853,80.560000,1.997379,-0.504680,-0.504680,1.433502,-0.392796,0.137472,-0.000930,0.101907,0.171124
70,real,0.821732,-0.082889,0.000000,0.000000,0.000000,0.000000,0.000000,0.000000,0.000000,0.000000,0.000000,0.000000,0.770836,68.640000,1.953147,-0.544276,-0.544276,1.484406,-0.422601,0.137472,-0.000930,0.101907,0.171124
71,real,0.821732,-0.082889,0.000000,0.000000,0.000000,0.000000,0.000000,0.000000,0.000000,0.000000,0.000000,0.000000,0.796518,68.640000,1.903997,-0.587823,-0.587823,1.484406,-0.422601,0.153152,-0.002936,0.107076,0.186871
72,real,0.841397,-0.103758,0.000000,0.000000,0.000000,0.000000,0.000000,0.000000,0.000000,0.000000,0.000000,0.000000,0.820465,64.060000,1.854514,-0.632875,-0.632875,1.484406,-0.422601,0.153152,-0.002936,0.107076,0.186871
73,real,0.841397,-0.103758,0.000000,0.000000,0.000000,0.000000,0.000000,0.000000,0.000000,0.000000,0.000000,0.000000,0.833032,64.060000,1.808927,-0.675505,-0.675505,1.529519,-0.500287,0.153152,-0.002936,0.107076,0.186871
74,real,0.885459,-0.087132,0.000000,0.000000,0.000000,0.000000,0.000000,0.000000,0.000000,0.000000,0.000000,0.000000,0.859916,54.320000,1.759090,-0.718703,-0.718703,1.529519,-0.500287,0.157096,-0.000749,0.112735,0.193360
75,real,0.903576,-0.122971,0.000000,0.000000,0.000000,0.000000,0.000000,0.000000,0.000000,0.000000,0.000000,0.000000,0.884740,48.460000,1.706533,-0.763614,-0.763614,1.529519,-0.500287,0.157096,-0.000749,0.112735,0.193360
76,real,0.903576,-0.122971,0.000000,0.000000,0.000000,0.000000,0.000000,0.000000,0.000000,0.000000,0.000000,0.000000,0.897414,48.460000,1.655860,-0.807040,-0.807040,1.585716,-0.524564,0.157096,-0.000749,0.112735,0.193360
77,real,0.893015,-0.165269,0.000000,0.000000,0.000000,0.000000,0.000000,0.000000,0.000000,0.000000,0.000000,0.000000,0.902339,49.490000,1.616075,-0.845436,-0.845436,1.585716,-0.524564,0.161946,0.002599,0.114046,0.198073
78,real,0.893015,-0.165269,0.000000,0.000000,0.000000,0.000000,0.000000,0.000000,0.000000,0.000000,0.000000,0.000000,0.904993,49.490000,1.592203,-0.877362,-0.877362,1.585716,-0.524564,0.161946,0.002599,0.114046,0.198073
79,real,0.900065,-0.158625,0.000000,0.000000,0.000000,0.000000,0.000000,0.000000,0.000000,0.000000,0.000000,0.000000,0.909072,47.890000,1.572213,-0.903700,-0.903700,1.628555,-0.600674,0.161946,0.002599,0.114046,0.198073
80,real,0.912058,-0.156229,0.000000,0.000000,0.000000,0.000000,0.000000,0.000000,0.000000,0.000000,0.000000,0.000000,0.916586,44.560000,1.552589,-0.926884,-0.926884,1.628555,-0.600674,0.174782,0.003352,0.122742,0.213576
81,real,0.912058,-0.156229,0.000000,0.000000,0.000000,0.000000,0.000000,0.000000,0.000000,0.000000,0.000000,0.000000,0.920585,44.560000,1.533687,-0.947079,-0.947079,1.628555,-0.600674,0.174782,0.003352,0.122742,0.213576
82,real,0.918626,-0.179977,0.000000,0.000000,0.000000,0.000000,0.000000,0.000000,0.000000,0.000000,0.000000,0.000000,0.927764,41.190000,1.515983,-0.966061,-0.966061,1.590185,-0.627255,0.174782,0.003352,0.122742,0.213576
83,real,0.927639,-0.192105,0.000000,0.000000,0.000000,0.000000,0.000000,0.000000,0.000000,0.000000,0.000000,0.000000,0.936937,37.360000,1.498089,-0.985669,-0.985669,1.590185,-0.627255,0.190242,0.001921,0.127024,0.228751
84,real,0.927639,-0.192105,0.000000,0.000000,0.000000,0.000000,0.000000,0.000000,0.000000,0.000000,0.000000,0.000000,0.941725,37.360000,1.480902,-1.004843,-1.004843,1.590185,-0.627255,0.190242,0.001921,0.127024,0.228751
85,real,0.935921,-0.180484,0.000000,0.000000,0.000000,0.000000,0.000000,0.000000,0.000000,0.000000,0.000000,0.000000,0.947024,35.210000,1.462324,-1.023548,-1.023548,1.532643,-0.701265,0.190242,0.001921,0.127024,0.228751
86,real,0.937616,-0.180811,0.000000,0.000000,0.000000,0.000000,0.000000,0.000000,0.000000,0.000000,0.000000,0.000000,0.950641,34.550000,1.443008,-1.041145,-1.041145,1.532643,-0.701265,0.209481,0.006001,0.133361,0.248329
87,real,0.937616,-0.180811,0.000000,0.000000,0.000000,0.000000,0.000000,0.000000,0.000000,0.000000,0.000000,0.000000,0.952577,34.550000,1.424573,-1.056776,-1.056776,1.532643,-0.701265,0.209481,0.006001,0.133361,0.248329
88,real,0.938086,-0.178356,0.000000,0.000000,0.000000,0.000000,0.000000,0.000000,0.000000,0.000000,0.000000,0.000000,0.953625,34.550000,1.407965,-1.069961,-1.069961,1.488366,-0.729604,0.209481,0.006001,0.133361,0.248329
89,real,0.938086,-0.178356,0.000000,0.000000,0.000000,0.000000,0.000000,0.000000,0.000000,0.000000,0.000000,0.000000,0.954197,34.550000,1.398000,-1.080626,-1.080626,1.488366,-0.729604,0.228816,0.000874,0.133272,0.264799
90,real,0.940001,-0.183910,0.000000,0.000000,0.000000,0.000000,0.000000,0.000000,0.000000,0.000000,0.000000,0.000000,0.955846,33.400000,1.387028,-1.089638,-1.089638,1.488366,-0.729604,0.228816,0.000874,0.133272,0.264799
91,real,0.942290,-0.173878,0.000000,0.000000,0.000000,0.000000,0.000000,0.000000,0.000000,0.000000,0.000000,0.000000,0.956912,33.250000,1.375607,-1.097283,-1.097283,1.430927,-0.802069,0.228816,0.000874,0.133272,0.264799
92,real,0.942290,-0.173878,0.000000,0.000000,0.000000,0.000000,0.000000,0.000000,0.000000,0.000000,0.000000,0.000000,0.957493,33.250000,1.368755,-1.103621,-1.103621,1.430927,-0.802069,0.249099,0.000466,0.134593,0.283135
93,real,0.943799,-0.171007,0.000000,0.000000,0.000000,0.000000,0.000000,0.000000,0.000000,0.000000,0.000000,0.000000,0.958250,32.860000,1.359504,-1.107423,-1.107423,1.430927,-0.802069,0.249099,0.000466,0.134593,0.283135
94,real,0.944419,-0.166697,0.000000,0.000000,0.000000,0.000000,0.000000,0.000000,0.000000,0.000000,0.000000,0.000000,0.958596,32.920000,1.353954,-1.111413,-1.111413,1.387244,-0.832175,0.249099,0.000466,0.134593,0.283135
95,real,0.944361,-0.176988,0.000000,0.000000,0.000000,0.000000,0.000000,0.000000,0.000000,0.000000,0.000000,0.000000,0.959597,32.190000,1.346134,-1.115440,-1.115440,1.387244,-0.832175,0.268842,0.000051,0.136898,0.301691
96,real,0.951384,-0.164333,0.000000,0.000000,0.000000,0.000000,0.000000,0.000000,0.000000,0.000000,0.000000,0.000000,0.962297,30.200000,1.335400,-1.120363,-1.120363,1.387244,-0.832175,0.268842,0.000051,0.136898,0.301691
97,real,0.951384,-0.164333,0.000000,0.000000,0.000000,0.000000,0.000000,0.000000,0.000000,0.000000,0.000000,0.000000,0.963743,30.200000,1.323316,-1.125742,-1.125742,1.358858,-0.902490,0.268842,0.000051,0.136898,0.301691
98,real,0.953078,-0.171142,0.000000,0.000000,0.000000,0.000000,0.000000,0.000000,0.000000,0.000000,0.000000,0.000000,0.965841,28.920000,1.311016,-1.131726,-1.131726,1.358858,-0.902490,0.278230,0.000006,0.152684,0.317371
99,real,0.949540,-0.162393,0.000000,0.000000,0.000000,0.000000,0.000000,0.000000,0.000000,0.000000,0.000000,0.000000,0.964721,31.130000,1.303636,-1.135317,-1.135317,1.358858,-0.902490,0.278230,0.000006,0.152684,0.317371
100,real,0.949540,-0.162393,0.000000,0.000000,0.000000,0.000000,0.000000,0.000000,0.000000,0.000000,0.000000,0.000000,0.964097,31.130000,1.299208,-1.135317,-1.135317,1.334556,-0.934050,0.278230,0.000006,0.152684,0.317371
101,real,0.950045,-0.144190,0.000000,0.000000,0.000000,0.000000,0.000000,0.000000,0.000000,0.000000,0.000000,0.000000,0.962685,32.140000,1.299208,-1.135317,-1.135317,1.334556,-0.934050,0.292704,-0.000001,0.186951,0.347313
102,real,0.950267,-0.140916,0.000000,0.000000,0.000000,0.000000,0.000000,0.000000,0.000000,0.000000,0.000000,0.000000,0.961779,32.250000,1.299208,-1.135317,-1.135317,1.334556,-0.934050,0.292704,-0.000001,0.186951,0.347313
103,real,0.950267,-0.140916,0.000000,0.000000,0.000000,0.000000,0.000000,0.000000,0.000000,0.000000,0.000000,0.000000,0.961277,32.250000,1.291761,-1.135317,-1.135317,1.303547,-1.002724,0.292704,-0.000001,0.186951,0.347313
104,real,0.951769,-0.132154,0.000000,0.000000,0.000000,0.000000,0.000000,0.000000,0.000000,0.000000,0.000000,0.000000,0.961107,32.150000,1.287292,-1.135317,-1.135317,1.303547,-1.002724,0.295918,-0.000002,0.208687,0.362102
105,real,0.951769,-0.132154,0.000000,0.000000,0.000000,0.000000,0.000000,0.000000,0.000000,0.000000,0.000000,0.000000,0.961014,32.150000,1.279653,-1.135317,-1.135317,1.303547,-1.002724,0.295918,-0.000002,0.208687,0.362102
106,real,0.946178,-0.129274,0.000000,0.000000,0.000000,0.000000,0.000000,0.000000,0.000000,0.000000,0.000000,0.000000,0.958346,34.520000,1.275070,-1.135317,-1.135317,1.298657,-1.035517,0.295918,-0.000002,0.208687,0.362102
107,real,0.946178,-0.129274,0.000000,0.000000,0.000000,0.000000,0.000000,0.000000,0.000000,0.000000,0.000000,0.000000,0.956842,34.520000,1.275070,-1.135317,-1.135317,1.298657,-1.035517,0.302679,-0.000002,0.246430,0.390311
108,real,0.946178,-0.129274,0.000000,0.000000,0.000000,0.000000,0.000000,0.000000,0.000000,0.000000,0.000000,0.000000,0.956004,34.520000,1.275070,-1.131038,-1.131038,1.298657,-1.035517,0.302679,-0.000002,0.246430,0.390311
109,real,0.955024,-0.133455,0.000000,0.000000,0.000000,0.000000,0.000000,0.000000,0.000000,0.000000,0.000000,0.000000,0.959844,30.710000,1.275070,-1.131038,-1.131038,1.279524,-1.103087,0.302679,-0.000002,0.246430,0.390311
110,real,0.955024,-0.133455,0.000000,0.000000,0.000000,0.000000,0.000000,0.000000,0.000000,0.000000,0.000000,0.000000,0.961883,30.710000,1.267591,-1.131038,-1.131038,1.279524,-1.103087,0.301362,-0.000001,0.270092,0.404683
111,real,0.951140,-0.111228,0.000000,0.000000,0.000000,0.000000,0.000000,0.000000,0.000000,0.000000,0.000000,0.000000,0.959992,33.480000,1.263103,-1.131038,-1.131038,1.279524,-1.103087,0.301362,-0.000001,0.270092,0.404683
112,real,0.951140,-0.111228,0.000000,0.000000,0.000000,0.000000,0.000000,0.000000,0.000000,0.000000,0.000000,0.000000,0.958934,33.480000,1.263103,-1.131038,-1.131038,1.274711,-1.130618,0.301362,-0.000001,0.270092,0.404683
113,real,0.949054,-0.094728,0.000000,0.000000,0.000000,0.000000,0.000000,0.000000,0.000000,0.000000,0.000000,0.000000,0.956647,34.980000,1.255783,-1.131038,-1.131038,1.274711,-1.130618,0.304827,-0.000001,0.301142,0.428493
114,real,0.949054,-0.094728,0.000000,0.000000,0.000000,0.000000,0.000000,0.000000,0.000000,0.000000,0.000000,0.000000,0.955363,34.980000,1.251390,-1.131038,-1.131038,1.274711,-1.130618,0.304827,-0.000001,0.301142,0.428493
115,real,0.935265,-0.057121,0.000000,0.000000,0.000000,0.000000,0.000000,0.000000,0.000000,0.000000,0.000000,0.000000,0.947483,40.890000,1.251390,-1.122894,-1.122894,1.262756,-1.130648,0.304827,-0.000001,0.301142,0.428493
116,real,0.935265,-0.057121,0.000000,0.000000,0.000000,0.000000,0.000000,0.000000,0.000000,0.000000,0.000000,0.000000,0.942880,40.890000,1.251390,-1.112525,-1.112525,1.262756,-1.130648,0.303559,-0.000001,0.319468,0.440691
117,real,0.967715,0.040475,0.000000,0.000000,0.000000,0.000000,0.000000,0.000000,0.000000,0.000000,0.000000,0.000000,0.955351,28.810000,1.227425,-1.108618,-1.108618,1.262756,-1.130648,0.303559,-0.000001,0.319468,0.440691
118,real,0.967715,0.040475,0.000000,0.000000,0.000000,0.000000,0.000000,0.000000,0.000000,0.000000,0.000000,0.000000,0.961595,28.810000,1.188293,-1.108618,-1.108618,1.250696,-1.130018,0.303559,-0.000001,0.319468,0.440691
119,real,0.911930,0.118115,0.000000,0.000000,0.000000,0.000000,0.000000,0.000000,0.000000,0.000000,0.000000,0.000000,0.944526,46.280000,1.149062,-1.108618,-1.108618,1.250696,-1.130018,0.301661,-0.000001,0.350851,0.462705
120,real,0.906481,0.234432,0.000000,0.000000,0.000000,0.000000,0.000000,0.000000,0.000000,0.000000,0.000000,0.000000,0.940844,41.120000,1.099159,-1.100642,-1.100642,1.250696,-1.130018,0.301661,-0.000001,0.350851,0.462705
121,real,0.906481,0.234432,0.000000,0.000000,0.000000,0.000000,0.000000,0.000000,0.000000,0.000000,0.000000,0.000000,0.938790,41.120000,1.043193,-1.091665,-1.091665,1.225263,-1.108026,0.301661,-0.000001,0.350851,0.462705
122,real,0.835754,0.259828,0.000000,0.000000,0.000000,0.000000,0.000000,0.000000,0.000000,0.000000,0.000000,0.000000,0.912737,57.860000,0.997268,-1.073315,-1.073315,1.225263,-1.108026,0.301643,-0.000001,0.364894,0.473430
123,real,0.835754,0.259828,0.000000,0.000000,0.000000,0.000000,0.000000,0.000000,0.000000,0.000000,0.000000,0.000000,0.896537,57.860000,0.964210,-1.048221,-1.048221,1.225263,-1.108026,0.301643,-0.000001,0.364894,0.473430
124,real,0.871918,0.332082,0.000000,0.000000,0.000000,0.000000,0.000000,0.000000,0.000000,0.000000,0.000000,0.000000,0.913891,42.180000,0.922968,-1.030072,-1.030072,1.149897,-1.098134,0.301643,-0.000001,0.364894,0.473430
125,real,0.871918,0.332082,0.000000,0.000000,0.000000,0.000000,0.000000,0.000000,0.000000,0.000000,0.000000,0.000000,0.922805,42.180000,0.874481,-1.019183,-1.019183,1.149897,-1.098134,0.298830,-0.000001,0.392111,0.493001
126,real,0.853491,0.367042,0.000000,0.000000,0.000000,0.000000,0.000000,0.000000,0.000000,0.000000,0.000000,0.000000,0.925664,43.420000,0.821531,-1.015106,-1.015106,1.149897,-1.098134,0.298830,-0.000001,0.392111,0.493001
127,real,0.853491,0.367042,0.000000,0.000000,0.000000,0.000000,0.000000,0.000000,0.000000,0.000000,0.000000,0.000000,0.927210,43.420000,0.769632,-1.015106,-1.015106,1.122287,-1.046511,0.298830,-0.000001,0.392111,0.493001
128,real,0.852275,0.374744,0.000000,0.000000,0.000000,0.000000,0.000000,0.000000,0.000000,0.000000,0.000000,0.000000,0.928941,42.810000,0.721586,-1.015106,-1.015106,1.122287,-1.046511,0.297219,-0.000001,0.405654,0.502886
129,real,0.846357,0.385618,0.000000,0.000000,0.000000,0.000000,0.000000,0.000000,0.000000,0.000000,0.000000,0.000000,0.929449,43.110000,0.678646,-1.018560,-1.018560,1.122287,-1.046511,0.297219,-0.000001,0.405654,0.502886
130,real,0.846357,0.385618,0.000000,0.000000,0.000000,0.000000,0.000000,0.000000,0.000000,0.000000,0.000000,0.000000,0.929727,43.110000,0.641999,-1.018560,-1.018560,1.049143,-1.014827,0.297219,-0.000001,0.405654,0.502886
131,real,0.847835,0.426138,0.000000,0.000000,0.000000,0.000000,0.000000,0.000000,0.000000,0.000000,0.000000,0.000000,0.938724,36.790000,0.602999,-1.025508,-1.025508,1.049143,-1.014827,0.294086,-0.000001,0.409898,0.504483
132,real,0.847835,0.426138,0.000000,0.000000,0.000000,0.000000,0.000000,0.000000,0.000000,0.000000,0.000000,0.000000,0.943419,36.790000,0.563075,-1.034904,-1.034904,1.049143,-1.014827,0.294086,-0.000001,0.409898,0.504483
133,real,0.849741,0.399586,0.000000,0.000000,0.000000,0.000000,0.000000,0.000000,0.000000,0.000000,0.000000,0.000000,0.941451,40.230000,0.530795,-1.043066,-1.043066,1.020181,-1.018595,0.294086,-0.000001,0.409898,0.504483
134,real,0.822751,0.425927,0.000000,0.000000,0.000000,0.000000,0.000000,0.000000,0.000000,0.000000,0.000000,0.000000,0.934910,44.220000,0.511428,-1.047963,-1.047963,1.020181,-1.018595,0.290696,-0.000001,0.413333,0.505320
135,real,0.822751,0.425927,0.000000,0.000000,0.000000,0.000000,0.000000,0.000000,0.000000,0.000000,0.000000,0.000000,0.931169,44.220000,0.499807,-1.047963,-1.047963,1.020181,-1.018595,0.290696,-0.000001,0.413333,0.505320
136,real,0.834271,0.412413,0.000000,0.000000,0.000000,0.000000,0.000000,0.000000,0.000000,0.000000,0.000000,0.000000,0.930932,42.930000,0.492835,-1.047963,-1.047963,0.947975,-1.034925,0.290696,-0.000001,0.413333,0.505320
137,real,0.828332,0.425613,0.000000,0.000000,0.000000,0.000000,0.000000,0.000000,0.000000,0.000000,0.000000,0.000000,0.931088,42.730000,0.488651,-1.047963,-1.047963,0.947975,-1.034925,0.284254,-0.000001,0.413053,0.501411
138,real,0.828332,0.425613,0.000000,0.000000,0.000000,0.000000,0.000000,0.000000,0.000000,0.000000,0.000000,0.000000,0.931174,42.730000,0.481584,-1.047963,-1.047963,0.947975,-1.034925,0.284254,-0.000001,0.413053,0.501411
139,real,0.794789,0.458964,0.000000,0.000000,0.000000,0.000000,0.000000,0.000000,0.000000,0.000000,0.000000,0.000000,0.925292,46.790000,0.472737,-1.042900,-1.042900,0.918045,-1.047532,0.284254,-0.000001,0.413053,0.501411
140,real,0.805554,0.454740,0.000000,0.000000,0.000000,0.000000,0.000000,0.000000,0.000000,0.000000,0.000000,0.000000,0.925180,44.650000,0.462674,-1.037578,-1.037578,0.918045,-1.047532,0.263186,-0.000001,0.429338,0.503585
141,real,0.805554,0.454740,0.000000,0.000000,0.000000,0.000000,0.000000,0.000000,0.000000,0.000000,0.000000,0.000000,0.925118,44.650000,0.456636,-1.037578,-1.037578,0.918045,-1.047532,0.263186,-0.000001,0.429338,0.503585
142,real,0.795955,0.482048,0.000000,0.000000,0.000000,0.000000,0.000000,0.000000,0.000000,0.000000,0.000000,0.000000,0.927585,42.960000,0.444051,-1.037578,-1.037578,0.846711,-1.047061,0.263186,-0.000001,0.429338,0.503585
143,real,0.797949,0.493208,0.000000,0.000000,0.000000,0.000000,0.000000,0.000000,0.000000,0.000000,0.000000,0.000000,0.932402,40.540000,0.425073,-1.037578,-1.037578,0.846711,-1.047061,0.255210,-0.000001,0.420765,0.492113
144,real,0.797949,0.493208,0.000000,0.000000,0.000000,0.000000,0.000000,0.000000,0.000000,0.000000,0.000000,0.000000,0.934983,40.540000,0.403175,-1.037578,-1.037578,0.846711,-1.047061,0.255210,-0.000001,0.420765,0.492113
145,real,0.787091,0.511631,0.000000,0.000000,0.000000,0.000000,0.000000,0.000000,0.000000,0.000000,0.000000,0.000000,0.936699,40.310000,0.379123,-1.037578,-1.037578,0.815086,-1.037099,0.255210,-0.000001,0.420765,0.492113
146,real,0.773768,0.514772,0.000000,0.000000,0.000000,0.000000,0.000000,0.000000,0.000000,0.000000,0.000000,0.000000,0.933444,43.330000,0.356868,-1.037578,-1.037578,0.815086,-1.037099,0.234937,-0.000001,0.426353,0.486798
147,real,0.773768,0.514772,0.000000,0.000000,0.000000,0.000000,0.000000,0.000000,0.000000,0.000000,0.000000,0.000000,0.931619,43.330000,0.338028,-1.037578,-1.037578,0.815086,-1.037099,0.234937,-0.000001,0.426353,0.486798
148,real,0.761608,0.544153,0.000000,0.000000,0.000000,0.000000,0.000000,0.000000,0.000000,0.000000,0.000000,0.000000,0.933621,41.210000,0.317947,-1.037578,-1.037578,0.745355,-1.037085,0.234937,-0.000001,0.426353,0.486798
149,real,0.749330,0.557212,0.000000,0.000000,0.000000,0.000000,0.000000,0.000000,0.000000,0.000000,0.000000,0.000000,0.933702,41.930000,0.296099,-1.037578,-1.037578,0.745355,-1.037085,0.225185,-0.000000,0.433758,0.488727
150,real,0.749330,0.557212,0.000000,0.000000,0.000000,0.000000,0.000000,0.000000,0.000000,0.000000,0.000000,0.000000,0.933746,41.930000,0.274370,-1.037578,-1.037578,0.745355,-1.037085,0.225185,-0.000000,0.433758,0.488727
151,real,0.721030,0.599887,0.000000,0.000000,0.000000,0.000000,0.000000,0.000000,0.000000,0.000000,0.000000,0.000000,0.935654,40.580000,0.248107,-1.037578,-1.037578,0.712177,-1.037085,0.225185,-0.000000,0.433758,0.488727
152,real,0.721030,0.599887,0.000000,0.000000,0.000000,0.000000,0.000000,0.000000,0.000000,0.000000,0.000000,0.000000,0.936693,40.580000,0.219557,-1.037578,-1.037578,0.712177,-1.037085,0.202000,-0.000000,0.453682,0.496620
153,real,0.704934,0.619409,0.000000,0.000000,0.000000,0.000000,0.000000,0.000000,0.000000,0.000000,0.000000,0.000000,0.937466,40.430000,0.189083,-1.041020,-1.041020,0.712177,-1.037085,0.202000,-0.000000,0.453682,0.496620
154,real,0.652571,0.651092,0.000000,0.000000,0.000000,0.000000,0.000000,0.000000,0.000000,0.000000,0.000000,0.000000,0.930638,45.610000,0.157612,-1.041020,-1.041020,0.644247,-1.037234,0.202000,-0.000000,0.453682,0.496620
155,real,0.652571,0.651092,0.000000,0.000000,0.000000,0.000000,0.000000,0.000000,0.000000,0.000000,0.000000,0.000000,0.926730,45.610000,0.127677,-1.041020,-1.041020,0.644247,-1.037234,0.189849,-0.000000,0.464523,0.501821
156,real,0.631093,0.685828,0.000000,0.000000,0.000000,0.000000,0.000000,0.000000,0.000000,0.000000,0.000000,0.000000,0.929125,42.500000,0.094446,-1.041020,-1.041020,0.644247,-1.037234,0.189849,-0.000000,0.464523,0.501821
157,real,0.631093,0.685828,0.000000,0.000000,0.000000,0.000000,0.000000,0.000000,0.000000,0.000000,0.000000,0.000000,0.930430,42.500000,0.060133,-1.041020,-1.041020,0.610208,-1.040577,0.189849,-0.000000,0.464523,0.501821
158,real,0.592364,0.692222,0.000000,0.000000,0.000000,0.000000,0.000000,0.000000,0.000000,0.000000,0.000000,0.000000,0.922000,48.690000,0.036080,-1.035279,-1.035279,0.610208,-1.040577,0.166361,0.000000,0.476854,0.505041
159,real,0.558301,0.713694,0.000000,0.000000,0.000000,0.000000,0.000000,0.000000,0.000000,0.000000,0.000000,0.000000,0.915021,50.050000,0.021648,-1.026916,-1.026916,0.610208,-1.040577,0.166361,0.000000,0.476854,0.505041
160,real,0.542383,0.702268,0.000000,0.000000,0.000000,0.000000,0.000000,0.000000,0.000000,0.000000,0.000000,0.000000,0.903004,54.920000,0.012989,-1.014429,-1.014429,0.543152,-1.040190,0.166361,0.000000,0.476854,0.505041
161,real,0.542383,0.702268,0.000000,0.000000,0.000000,0.000000,0.000000,0.000000,0.000000,0.000000,0.000000,0.000000,0.896079,54.920000,0.007793,-0.999729,-0.999729,0.543152,-1.040190,0.155283,0.000000,0.479386,0.503909
162,real,0.531977,0.711237,0.000000,0.000000,0.000000,0.000000,0.000000,0.000000,0.000000,0.000000,0.000000,0.000000,0.892551,54.710000,0.007793,-0.985056,-0.985056,0.543152,-1.040190,0.155283,0.000000,0.479386,0.503909
163,real,0.461689,0.725125,0.000000,0.000000,0.000000,0.000000,0.000000,0.000000,0.000000,0.000000,0.000000,0.000000,0.878236,61.450000,0.007793,-0.967883,-0.967883,0.508007,-1.025328,0.155283,0.000000,0.479386,0.503909
164,real,0.461689,0.725125,0.000000,0.000000,0.000000,0.000000,0.000000,0.000000,0.000000,0.000000,0.000000,0.000000,0.869995,61.450000,0.007793,-0.949623,-0.949623,0.508007,-1.025328,0.131216,0.000000,0.488652,0.505963
165,real,0.424314,0.742545,0.000000,0.000000,0.000000,0.000000,0.000000,0.000000,0.000000,0.000000,0.000000,0.000000,0.863422,62.430000,0.007793,-0.931544,-0.931544,0.508007,-1.025328,0.131216,0.000000,0.488652,0.505963
166,real,0.417447,0.735737,0.000000,0.000000,0.000000,0.000000,0.000000,0.000000,0.000000,0.000000,0.000000,0.000000,0.855649,64.460000,0.007793,-0.913814,-0.913814,0.442146,-0.983183,0.131216,0.000000,0.488652,0.505963
167,real,0.417447,0.735737,0.000000,0.000000,0.000000,0.000000,0.000000,0.000000,0.000000,0.000000,0.000000,0.000000,0.851298,64.460000,0.007793,-0.897468,-0.897468,0.442146,-0.983183,0.118301,0.000001,0.493026,0.507021
168,real,0.409428,0.718970,0.000000,0.000000,0.000000,0.000000,0.000000,0.000000,0.000000,0.000000,0.000000,0.000000,0.840728,68.340000,0.007793,-0.881014,-0.881014,0.442146,-0.983183,0.118301,0.000001,0.493026,0.507021
169,real,0.433588,0.718059,0.000000,0.000000,0.000000,0.000000,0.000000,0.000000,0.000000,0.000000,0.000000,0.000000,0.839869,65.970000,0.007793,-0.866590,-0.866590,0.405965,-0.930010,0.118301,0.000001,0.493026,0.507021
170,real,0.433588,0.718059,0.000000,0.000000,0.000000,0.000000,0.000000,0.000000,0.000000,0.000000,0.000000,0.000000,0.839394,65.970000,0.007793,-0.854850,-0.854850,0.405965,-0.930010,0.094538,0.000001,0.499792,0.508655
171,real,0.447046,0.706884,0.000000,0.000000,0.000000,0.000000,0.000000,0.000000,0.000000,0.000000,0.000000,0.000000,0.838042,66.480000,0.007793,-0.845435,-0.845435,0.405965,-0.930010,0.094538,0.000001,0.499792,0.508655
172,real,0.447046,0.706884,0.000000,0.000000,0.000000,0.000000,0.000000,0.000000,0.000000,0.000000,0.000000,0.000000,0.837296,66.480000,0.007793,-0.838043,-0.838043,0.340733,-0.881417,0.094538,0.000001,0.499792,0.508655
173,real,0.412928,0.729699,0.000000,0.000000,0.000000,0.000000,0.000000,0.000000,0.000000,0.000000,0.000000,0.000000,0.837808,66.050000,0.007793,-0.833608,-0.833608,0.340733,-0.881417,0.079474,0.000001,0.503987,0.510214
174,real,0.418791,0.713954,0.000000,0.000000,0.000000,0.000000,0.000000,0.000000,0.000000,0.000000,0.000000,0.000000,0.833301,68.270000,0.007793,-0.828739,-0.828739,0.340733,-0.881417,0.079474,0.000001,0.503987,0.510214
175,real,0.418791,0.713954,0.000000,0.000000,0.000000,0.000000,0.000000,0.000000,0.000000,0.000000,0.000000,0.000000,0.830798,68.270000,0.007793,-0.823713,-0.823713,0.304004,-0.844567,0.079474,0.000001,0.503987,0.510214
176,real,0.408574,0.722152,0.000000,0.000000,0.000000,0.000000,0.000000,0.000000,0.000000,0.000000,0.000000,0.000000,0.830314,67.860000,0.007793,-0.823713,-0.823713,0.304004,-0.844567,0.054687,0.000001,0.508455,0.511387
177,real,0.408574,0.722152,0.000000,0.000000,0.000000,0.000000,0.000000,0.000000,0.000000,0.000000,0.000000,0.000000,0.830047,67.860000,0.007793,-0.819132,-0.819132,0.304004,-0.844567,0.054687,0.000001,0.508455,0.511387
178,real,0.430416,0.740122,0.000000,0.000000,0.000000,0.000000,0.000000,0.000000,0.000000,0.000000,0.000000,0.000000,0.842052,62.220000,0.007793,-0.819132,-0.819132,0.239510,-0.828097,0.054687,0.000001,0.508455,0.511387
179,real,0.437695,0.722293,0.000000,0.000000,0.000000,0.000000,0.000000,0.000000,0.000000,0.000000,0.000000,0.000000,0.843184,64.750000,0.007793,-0.819132,-0.819132,0.239510,-0.828097,0.042489,0.000001,0.506957,0.508734
180,real,0.437695,0.722293,0.000000,0.000000,0.000000,0.000000,0.000000,0.000000,0.000000,0.000000,0.000000,0.000000,0.843805,64.750000,0.007793,-0.819132,-0.819132,0.239510,-0.828097,0.042489,0.000001,0.506957,0.508734
181,real,0.406520,0.720280,0.000000,0.000000,0.000000,0.000000,0.000000,0.000000,0.000000,0.000000,0.000000,0.000000,0.836374,68.400000,0.007793,-0.819132,-0.819132,0.201267,-0.818712,0.042489,0.000001,0.506957,0.508734
182,real,0.417947,0.729187,0.000000,0.000000,0.000000,0.000000,0.000000,0.000000,0.000000,0.000000,0.000000,0.000000,0.838224,65.620000,0.007793,-0.819132,-0.819132,0.201267,-0.818712,0.026897,0.000001,0.498880,0.499605
183,real,0.417947,0.729187,0.000000,0.000000,0.000000,0.000000,0.000000,0.000000,0.000000,0.000000,0.000000,0.000000,0.839238,65.620000,0.007793,-0.819132,-0.819132,0.201267,-0.818712,0.026897,0.000001,0.498880,0.499605
184,real,0.433315,0.751584,0.000000,0.000000,0.000000,0.000000,0.000000,0.000000,0.000000,0.000000,0.000000,0.000000,0.852290,59.650000,0.007793,-0.824047,-0.824047,0.137719,-0.818715,0.026897,0.000001,0.498880,0.499605
185,real,0.433315,0.751584,0.000000,0.000000,0.000000,0.000000,0.000000,0.000000,0.000000,0.000000,0.000000,0.000000,0.859253,59.650000,0.007793,-0.831384,-0.831384,0.137719,-0.818715,0.023607,0.000001,0.485785,0.486358
186,real,0.433315,0.751584,0.000000,0.000000,0.000000,0.000000,0.000000,0.000000,0.000000,0.000000,0.000000,0.000000,0.863016,59.650000,0.007793,-0.839736,-0.839736,0.137719,-0.818715,0.023607,0.000001,0.485785,0.486358
187,real,0.435367,0.748636,0.000000,0.000000,0.000000,0.000000,0.000000,0.000000,0.000000,0.000000,0.000000,0.000000,0.864374,60.000000,0.007793,-0.847713,-0.847713,0.099317,-0.819345,0.023607,0.000001,0.485785,0.486358
188,real,0.435367,0.748636,0.000000,0.000000,0.000000,0.000000,0.000000,0.000000,0.000000,0.000000,0.000000,0.000000,0.865118,60.000000,0.007793,-0.854646,-0.854646,0.099317,-0.819345,0.011848,0.000001,0.473906,0.474055
189,real,0.467468,0.775237,0.000000,0.000000,0.000000,0.000000,0.000000,0.000000,0.000000,0.000000,0.000000,0.000000,0.884009,50.280000,0.007793,-0.865974,-0.865974,0.099317,-0.819345,0.011848,0.000001,0.473906,0.474055
190,real,0.467468,0.775237,0.000000,0.000000,0.000000,0.000000,0.000000,0.000000,0.000000,0.000000,0.000000,0.000000,0.893834,50.280000,0.007793,-0.880611,-0.880611,0.036970,-0.840023,0.011848,0.000001,0.473906,0.474055
191,real,0.451432,0.792408,0.000000,0.000000,0.000000,0.000000,0.000000,0.000000,0.000000,0.000000,0.000000,0.000000,0.902201,48.440000,0.007793,-0.897310,-0.897310,0.036970,-0.840023,0.006701,0.000001,0.463843,0.463891
192,real,0.451432,0.792408,0.000000,0.000000,0.000000,0.000000,0.000000,0.000000,0.000000,0.000000,0.000000,0.000000,0.906663,48.440000,0.007793,-0.914026,-0.914026,0.036970,-0.840023,0.006701,0.000001,0.463843,0.463891
193,real,0.458126,0.815371,0.000000,0.000000,0.000000,0.000000,0.000000,0.000000,0.000000,0.000000,0.000000,0.000000,0.920153,41.460000,0.007793,-0.933322,-0.933322,0.007562,-0.866948,0.006701,0.000001,0.463843,0.463891
194,real,0.458126,0.815371,0.000000,0.000000,0.000000,0.000000,0.000000,0.000000,0.000000,0.000000,0.000000,0.000000,0.927142,41.460000,0.007793,-0.953628,-0.953628,0.007562,-0.866948,-0.010102,0.000001,0.459013,0.459124
195,real,0.464587,0.829240,0.000000,0.000000,0.000000,0.000000,0.000000,0.000000,0.000000,0.000000,0.000000,0.000000,0.938204,36.200000,0.007793,-0.976033,-0.976033,0.007562,-0.866948,-0.010102,0.000001,0.459013,0.459124
196,real,0.464587,0.829240,0.000000,0.000000,0.000000,0.000000,0.000000,0.000000,0.000000,0.000000,0.000000,0.000000,0.943912,36.200000,0.007793,-0.998625,-0.998625,0.007494,-0.915699,-0.010102,0.000001,0.459013,0.459124
197,real,0.459681,0.818138,0.000000,0.000000,0.000000,0.000000,0.000000,0.000000,0.000000,0.000000,0.000000,0.000000,0.941476,40.420000,0.007793,-1.017035,-1.017035,0.007494,-0.915699,-0.020942,0.000001,0.455803,0.456284
198,real,0.459681,0.818138,0.000000,0.000000,0.000000,0.000000,0.000000,0.000000,0.000000,0.000000,0.000000,0.000000,0.940115,40.420000,0.007793,-1.030635,-1.030635,0.007494,-0.915699,-0.020942,0.000001,0.455803,0.456284
199,real,0.411204,0.842906,0.000000,0.000000,0.000000,0.000000,0.000000,0.000000,0.000000,0.000000,0.000000,0.000000,0.939105,40.610000,0.007793,-1.038795,-1.038795,0.007523,-0.968005,-0.020942,0.000001,0.455803,0.456284
200,real,0.411204,0.842906,0.000000,0.000000,0.000000,0.000000,0.000000,0.000000,0.000000,0.000000,0.000000,0.000000,0.938545,40.610000,0.007793,-1.043691,-1.043691,0.007523,-0.968005,-0.041178,0.000001,0.453646,0.455511
201,real,0.331112,0.853436,0.000000,0.000000,0.000000,0.000000,0.000000,0.000000,0.000000,0.000000,0.000000,0.000000,0.928577,47.470000,0.007793,-1.043691,-1.043691,0.007523,-0.968005,-0.041178,0.000001,0.453646,0.455511
202,real,0.283442,0.876245,0.000000,0.000000,0.000000,0.000000,0.000000,0.000000,0.000000,0.000000,0.000000,0.000000,0.925170,45.870000,0.007793,-1.040087,-1.040087,0.007486,-1.016204,-0.041178,0.000001,0.453646,0.455511
203,real,0.283442,0.876245,0.000000,0.000000,0.000000,0.000000,0.000000,0.000000,0.000000,0.000000,0.000000,0.000000,0.923273,45.870000,0.007793,-1.034987,-1.034987,0.007486,-1.016204,-0.054647,0.000002,0.451689,0.454982
204,real,0.277498,0.887669,0.000000,0.000000,0.000000,0.000000,0.000000,0.000000,0.000000,0.000000,0.000000,0.000000,0.926351,43.120000,0.007793,-1.034987,-1.034987,0.007486,-1.016204,-0.054647,0.000002,0.451689,0.454982
205,real,0.277498,0.887669,0.000000,0.000000,0.000000,0.000000,0.000000,0.000000,0.000000,0.000000,0.000000,0.000000,0.928020,43.120000,0.007793,-1.034987,-1.034987,0.007521,-1.043113,-0.054647,0.000002,0.451689,0.454982
206,real,0.268915,0.905519,0.000000,0.000000,0.000000,0.000000,0.000000,0.000000,0.000000,0.000000,0.000000,0.000000,0.935746,38.320000,0.007793,-1.034987,-1.034987,0.007521,-1.043113,-0.079116,0.000002,0.451518,0.458397
207,real,0.494709,0.599064,0.000000,0.000000,0.000000,0.000000,0.000000,0.000000,0.000000,0.000000,0.000000,0.000000,0.875777,78.040000,0.007793,-1.015818,-1.015818,0.007521,-1.043113,-0.079116,0.000002,0.451518,0.458397
208,real,0.494709,0.599064,0.000000,0.000000,0.000000,0.000000,0.000000,0.000000,0.000000,0.000000,0.000000,0.000000,0.832915,78.040000,0.007793,-0.979512,-0.979512,0.007520,-1.034124,-0.079116,0.000002,0.451518,0.458397
209,real,0.494709,0.599064,0.000000,0.000000,0.000000,0.000000,0.000000,0.000000,0.000000,0.000000,0.000000,0.000000,0.807792,78.040000,0.007793,-0.934959,-0.934959,0.007520,-1.034124,-0.097935,0.000002,0.453472,0.463926
210,real,0.490062,0.602162,0.000000,0.000000,0.000000,0.000000,0.000000,0.000000,0.000000,0.000000,0.000000,0.000000,0.793629,78.140000,0.007793,-0.889904,-0.889904,0.007520,-1.034124,-0.097935,0.000002,0.453472,0.463926
211,real,0.485589,0.628392,0.000000,0.000000,0.000000,0.000000,0.000000,0.000000,0.000000,0.000000,0.000000,0.000000,0.793852,74.850000,0.018067,-0.851098,-0.851098,0.007521,-1.013215,-0.097935,0.000002,0.453472,0.463926
212,real,0.485589,0.628392,0.000000,0.000000,0.000000,0.000000,0.000000,0.000000,0.000000,0.000000,0.000000,0.000000,0.793983,74.850000,0.048065,-0.820268,-0.820268,0.007521,-1.013215,-0.112413,0.000002,0.461241,0.474742
213,real,0.491987,0.610925,0.000000,0.000000,0.000000,0.000000,0.000000,0.000000,0.000000,0.000000,0.000000,0.000000,0.789676,76.670000,0.085004,-0.795856,-0.795856,0.007521,-1.013215,-0.112413,0.000002,0.461241,0.474742
214,real,0.491987,0.610925,0.000000,0.000000,0.000000,0.000000,0.000000,0.000000,0.000000,0.000000,0.000000,0.000000,0.787302,76.670000,0.121356,-0.776814,-0.776814,0.009686,-0.933251,-0.112413,0.000002,0.461241,0.474742
215,real,0.399021,0.768968,0.000000,0.000000,0.000000,0.000000,0.000000,0.000000,0.000000,0.000000,0.000000,0.000000,0.824924,59.930000,0.121356,-0.772002,-0.772002,0.009686,-0.933251,-0.128257,0.000002,0.469734,0.486929
216,real,0.399021,0.768968,0.000000,0.000000,0.000000,0.000000,0.000000,0.000000,0.000000,0.000000,0.000000,0.000000,0.844366,59.930000,0.087150,-0.778644,-0.778644,0.009686,-0.933251,-0.128257,0.000002,0.469734,0.486929
217,real,0.374592,0.801307,0.000000,0.000000,0.000000,0.000000,0.000000,0.000000,0.000000,0.000000,0.000000,0.000000,0.863265,55.610000,0.052290,-0.794207,-0.794207,0.084710,-0.909716,-0.128257,0.000002,0.469734,0.486929
218,real,0.374592,0.801307,0.000000,0.000000,0.000000,0.000000,0.000000,0.000000,0.000000,0.000000,0.000000,0.000000,0.873109,55.610000,0.031374,-0.814014,-0.814014,0.084710,-0.909716,-0.143459,0.000002,0.476916,0.498026
219,real,0.468586,0.665741,0.000000,0.000000,0.000000,0.000000,0.000000,0.000000,0.000000,0.000000,0.000000,0.000000,0.847739,71.000000,0.018824,-0.825899,-0.825899,0.084710,-0.909716,-0.143459,0.000002,0.476916,0.498026
220,real,0.468586,0.665741,0.000000,0.000000,0.000000,0.000000,0.000000,0.000000,0.000000,0.000000,0.000000,0.000000,0.832872,71.000000,0.011295,-0.825899,-0.825899,0.084978,-0.832747,-0.143459,0.000002,0.476916,0.498026
221,real,0.468586,0.665741,0.000000,0.000000,0.000000,0.000000,0.000000,0.000000,0.000000,0.000000,0.000000,0.000000,0.824494,71.000000,0.006777,-0.825899,-0.825899,0.084978,-0.832747,-0.153122,0.000002,0.481023,0.504806
222,real,0.454899,0.698880,0.000000,0.000000,0.000000,0.000000,0.000000,0.000000,0.000000,0.000000,0.000000,0.000000,0.828761,67.000000,0.006777,-0.820793,-0.820793,0.084978,-0.832747,-0.153122,0.000002,0.481023,0.504806
223,real,0.454899,0.698880,0.000000,0.000000,0.000000,0.000000,0.000000,0.000000,0.000000,0.000000,0.000000,0.000000,0.831079,67.000000,0.006777,-0.820793,-0.820793,0.018355,-0.825340,-0.153122,0.000002,0.481023,0.504806
224,real,0.444425,0.714415,0.000000,0.000000,0.000000,0.000000,0.000000,0.000000,0.000000,0.000000,0.000000,0.000000,0.835751,65.430000,0.006777,-0.820793,-0.820793,0.018355,-0.825340,-0.151416,0.000002,0.480319,0.503620
225,real,0.441383,0.709249,0.000000,0.000000,0.000000,0.000000,0.000000,0.000000,0.000000,0.000000,0.000000,0.000000,0.835583,66.690000,0.006777,-0.820793,-0.820793,0.018355,-0.825340,-0.151416,0.000002,0.480319,0.503620
226,real,0.441383,0.709249,0.000000,0.000000,0.000000,0.000000,0.000000,0.000000,0.000000,0.000000,0.000000,0.000000,0.835490,66.690000,0.006777,-0.820793,-0.820793,0.006527,-0.820457,-0.151416,0.000002,0.480319,0.503620
227,real,0.441383,0.709249,0.000000,0.000000,0.000000,0.000000,0.000000,0.000000,0.000000,0.000000,0.000000,0.000000,0.835439,66.690000,0.006777,-0.820793,-0.820793,0.006527,-0.820457,-0.145834,0.000002,0.477952,0.499705
228,real,0.334262,0.844035,0.000000,0.000000,0.000000,0.000000,0.000000,0.000000,0.000000,0.000000,0.000000,0.000000,0.870382,49.590000,0.006777,-0.827968,-0.827968,0.006527,-0.820457,-0.145834,0.000002,0.477952,0.499705
229,real,0.344827,0.831254,0.000000,0.000000,0.000000,0.000000,0.000000,0.000000,0.000000,0.000000,0.000000,0.000000,0.884240,51.700000,0.006777,-0.843215,-0.843215,0.006451,-0.820754,-0.145834,0.000002,0.477952,0.499705
230,real,0.344827,0.831254,0.000000,0.000000,0.000000,0.000000,0.000000,0.000000,0.000000,0.000000,0.000000,0.000000,0.891483,51.700000,0.006777,-0.861815,-0.861815,0.006451,-0.820754,-0.122491,0.000002,0.466766,0.482570
231,real,0.439999,0.717592,0.000000,0.000000,0.000000,0.000000,0.000000,0.000000,0.000000,0.000000,0.000000,0.000000,0.870103,65.350000,0.006777,-0.872975,-0.872975,0.006451,-0.820754,-0.122491,0.000002,0.466766,0.482570
232,real,0.439999,0.717592,0.000000,0.000000,0.000000,0.000000,0.000000,0.000000,0.000000,0.000000,0.000000,0.000000,0.857582,65.350000,0.006777,-0.872975,-0.872975,0.006513,-0.828887,-0.122491,0.000002,0.466766,0.482570
233,real,0.460990,0.645807,0.000000,0.000000,0.000000,0.000000,0.000000,0.000000,0.000000,0.000000,0.000000,0.000000,0.829959,74.980000,0.006777,-0.864991,-0.864991,0.006513,-0.828887,-0.090599,0.000002,0.469415,0.478078
234,real,0.460990,0.645807,0.000000,0.000000,0.000000,0.000000,0.000000,0.000000,0.000000,0.000000,0.000000,0.000000,0.813838,74.980000,0.006777,-0.849236,-0.849236,0.006513,-0.828887,-0.090599,0.000002,0.469415,0.478078
235,real,0.453435,0.666583,0.000000,0.000000,0.000000,0.000000,0.000000,0.000000,0.000000,0.000000,0.000000,0.000000,0.810399,72.550000,0.006777,-0.831783,-0.831783,0.006510,-0.871917,-0.090599,0.000002,0.469415,0.478078
236,real,0.452092,0.672023,0.000000,0.000000,0.000000,0.000000,0.000000,0.000000,0.000000,0.000000,0.000000,0.000000,0.810191,71.820000,0.006777,-0.816068,-0.816068,0.006510,-0.871917,-0.066675,0.000002,0.455432,0.460287
237,real,0.452092,0.672023,0.000000,0.000000,0.000000,0.000000,0.000000,0.000000,0.000000,0.000000,0.000000,0.000000,0.810078,71.820000,0.010607,-0.803211,-0.803211,0.006510,-0.871917,-0.066675,0.000002,0.455432,0.460287
238,real,0.447563,0.664665,0.000000,0.000000,0.000000,0.000000,0.000000,0.000000,0.000000,0.000000,0.000000,0.000000,0.806151,73.490000,0.020767,-0.792284,-0.792284,0.006618,-0.847633,-0.066675,0.000002,0.455432,0.460287
239,real,0.447563,0.664665,0.000000,0.000000,0.000000,0.000000,0.000000,0.000000,0.000000,0.000000,0.000000,0.000000,0.803977,73.490000,0.032781,-0.783098,-0.783098,0.006618,-0.847633,-0.082640,0.000002,0.447826,0.455387
240,real,0.283762,0.837617,0.000000,0.000000,0.000000,0.000000,0.000000,0.000000,0.000000,0.000000,0.000000,0.000000,0.842496,55.650000,0.019669,-0.783098,-0.783098,0.006618,-0.847633,-0.082640,0.000002,0.447826,0.455387
241,real,0.283762,0.837617,0.000000,0.000000,0.000000,0.000000,0.000000,0.000000,0.000000,0.000000,0.000000,0.000000,0.862383,55.650000,0.011801,-0.797016,-0.797016,0.010653,-0.802231,-0.082640,0.000002,0.447826,0.455387
242,real,0.261462,0.847263,0.000000,0.000000,0.000000,0.000000,0.000000,0.000000,0.000000,0.000000,0.000000,0.000000,0.873760,55.080000,0.007081,-0.815973,-0.815973,0.010653,-0.802231,-0.086926,0.000002,0.445259,0.453665
243,real,0.409354,0.422495,0.000000,0.000000,0.000000,0.000000,0.000000,0.000000,0.000000,0.000000,0.000000,0.000000,0.763346,107.930000,0.007081,-0.805275,-0.805275,0.010653,-0.802231,-0.086926,0.000002,0.445259,0.453665
244,real,0.409354,0.422495,0.000000,0.000000,0.000000,0.000000,0.000000,0.000000,0.000000,0.000000,0.000000,0.000000,0.685568,107.930000,0.030774,-0.767702,-0.767702,0.018866,-0.783616,-0.086926,0.000002,0.445259,0.453665
245,real,0.206905,0.860168,0.000000,0.000000,0.000000,0.000000,0.000000,0.000000,0.000000,0.000000,0.000000,0.000000,0.790576,55.570000,0.022393,-0.748152,-0.748152,0.018866,-0.783616,-0.087190,0.000002,0.445043,0.453504
246,real,0.206905,0.860168,0.000000,0.000000,0.000000,0.000000,0.000000,0.000000,0.000000,0.000000,0.000000,0.000000,0.839034,55.570000,0.013436,-0.748152,-0.748152,0.018866,-0.783616,-0.087190,0.000002,0.445043,0.453504
247,real,0.168729,0.883670,0.000000,0.000000,0.000000,0.000000,0.000000,0.000000,0.000000,0.000000,0.000000,0.000000,0.869317,51.780000,0.008061,-0.769131,-0.769131,0.007053,-0.802597,-0.087190,0.000002,0.445043,0.453504
248,real,0.168729,0.883670,0.000000,0.000000,0.000000,0.000000,0.000000,0.000000,0.000000,0.000000,0.000000,0.000000,0.883878,51.780000,0.004837,-0.798016,-0.798016,0.007053,-0.802597,-0.089042,0.000002,0.446321,0.455116
249,real,0.060753,0.882084,0.000000,0.000000,0.000000,0.000000,0.000000,0.000000,0.000000,0.000000,0.000000,0.000000,0.884312,55.700000,0.004837,-0.826035,-0.826035,0.007053,-0.802597,-0.089042,0.000002,0.446321,0.455116
250,real,0.060753,0.882084,0.000000,0.000000,0.000000,0.000000,0.000000,0.000000,0.000000,0.000000,0.000000,0.000000,0.884339,55.700000,0.004837,-0.849752,-0.849752,0.012796,-0.750926,-0.089042,0.000002,0.446321,0.455116
251,real,0.010437,0.892525,0.000000,0.000000,0.000000,0.000000,0.000000,0.000000,0.000000,0.000000,0.000000,0.000000,0.888158,53.600000,0.004837,-0.869670,-0.869670,0.012796,-0.750926,-0.100518,0.000002,0.453814,0.464813
252,real,-0.070068,0.894286,0.000000,0.000000,0.000000,0.000000,0.000000,0.000000,0.000000,0.000000,0.000000,0.000000,0.892254,52.460000,0.004837,-0.886636,-0.886636,0.012796,-0.750926,-0.100518,0.000002,0.453814,0.464813
253,real,-0.070068,0.894286,0.000000,0.000000,0.000000,0.000000,0.000000,0.000000,0.000000,0.000000,0.000000,0.000000,0.894443,52.460000,0.004837,-0.900789,-0.900789,0.004582,-0.826302,-0.100518,0.000002,0.453814,0.464813
254,real,-0.113690,0.891189,0.000000,0.000000,0.000000,0.000000,0.000000,0.000000,0.000000,0.000000,0.000000,0.000000,0.896257,52.100000,0.004837,-0.912461,-0.912461,0.004582,-0.826302,-0.096119,0.000002,0.451015,0.461144
255,real,-0.113690,0.891189,0.000000,0.000000,0.000000,0.000000,0.000000,0.000000,0.000000,0.000000,0.000000,0.000000,0.897236,52.100000,0.004837,-0.921855,-0.921855,0.004582,-0.826302,-0.096119,0.000002,0.451015,0.461144
256,real,-0.140059,0.881807,0.000000,0.000000,0.000000,0.000000,0.000000,0.000000,0.000000,0.000000,0.000000,0.000000,0.895280,53.530000,0.004837,-0.927492,-0.927492,0.004540,-0.853383,-0.096119,0.000002,0.451015,0.461144
257,real,-0.214432,0.885004,0.000000,0.000000,0.000000,0.000000,0.000000,0.000000,0.000000,0.000000,0.000000,0.000000,0.902328,48.820000,0.004837,-0.934157,-0.934157,0.004540,-0.853383,-0.082787,0.000002,0.442982,0.450652
258,real,-0.214432,0.885004,0.000000,0.000000,0.000000,0.000000,0.000000,0.000000,0.000000,0.000000,0.000000,0.000000,0.906111,48.820000,0.004837,-0.941600,-0.941600,0.004540,-0.853383,-0.082787,0.000002,0.442982,0.450652
259,real,-0.279372,0.897235,0.000000,0.000000,0.000000,0.000000,0.000000,0.000000,0.000000,0.000000,0.000000,0.000000,0.922138,39.990000,0.004837,-0.954165,-0.954165,0.004537,-0.922181,-0.082787,0.000002,0.442982,0.450652
260,real,-0.279372,0.897235,0.000000,0.000000,0.000000,0.000000,0.000000,0.000000,0.000000,0.000000,0.000000,0.000000,0.930345,39.990000,0.004837,-0.970199,-0.970199,0.004537,-0.922181,-0.073530,0.000002,0.438831,0.444948
261,real,-0.285190,0.891202,0.000000,0.000000,0.000000,0.000000,0.000000,0.000000,0.000000,0.000000,0.000000,0.000000,0.932800,41.310000,0.004837,-0.986345,-0.986345,0.004537,-0.922181,-0.073530,0.000002,0.438831,0.444948
262,real,-0.285190,0.891202,0.000000,0.000000,0.000000,0.000000,0.000000,0.000000,0.000000,0.000000,0.000000,0.000000,0.934126,41.310000,0.004837,-1.000817,-1.000817,0.004567,-0.942492,-0.073530,0.000002,0.438831,0.444948
263,real,-0.285190,0.891202,0.000000,0.000000,0.000000,0.000000,0.000000,0.000000,0.000000,0.000000,0.000000,0.000000,0.934847,41.310000,0.004837,-1.012909,-1.012909,0.004567,-0.942492,-0.081690,0.000002,0.441656,0.449147
264,real,0.017874,0.806247,0.000000,0.000000,0.000000,0.000000,0.000000,0.000000,0.000000,0.000000,0.000000,0.000000,0.885221,72.500000,0.004837,-1.004462,-1.004462,0.004567,-0.942492,-0.081690,0.000002,0.441656,0.449147
265,real,0.017874,0.806247,0.000000,0.000000,0.000000,0.000000,0.000000,0.000000,0.000000,0.000000,0.000000,0.000000,0.851189,72.500000,0.004837,-0.978977,-0.978977,0.004566,-0.986464,-0.081690,0.000002,0.441656,0.449147
266,real,0.015346,0.795590,0.000000,0.000000,0.000000,0.000000,0.000000,0.000000,0.000000,0.000000,0.000000,0.000000,0.826712,74.550000,0.004837,-0.943671,-0.943671,0.004566,-0.986464,-0.067006,0.000002,0.431830,0.436998
267,real,0.015346,0.795590,0.000000,0.000000,0.000000,0.000000,0.000000,0.000000,0.000000,0.000000,0.000000,0.000000,0.812863,74.550000,0.004837,-0.905869,-0.905869,0.004566,-0.986464,-0.067006,0.000002,0.431830,0.436998
268,real,-0.036311,0.733246,0.000000,0.000000,0.000000,0.000000,0.000000,0.000000,0.000000,0.000000,0.000000,0.000000,0.778834,85.530000,0.004837,-0.864047,-0.864047,0.004565,-1.001345,-0.067006,0.000002,0.431830,0.436998
269,real,-0.036311,0.733246,0.000000,0.000000,0.000000,0.000000,0.000000,0.000000,0.000000,0.000000,0.000000,0.000000,0.759103,85.530000,0.004837,-0.821933,-0.821933,0.004565,-1.001345,-0.086724,0.000002,0.444395,0.452779
270,real,0.015339,0.658182,0.000000,0.000000,0.000000,0.000000,0.000000,0.000000,0.000000,0.000000,0.000000,0.000000,0.715479,97.650000,0.004837,-0.776015,-0.776015,0.004565,-1.001345,-0.086724,0.000002,0.444395,0.452779
271,real,0.015339,0.658182,0.000000,0.000000,0.000000,0.000000,0.000000,0.000000,0.000000,0.000000,0.000000,0.000000,0.690215,97.650000,0.004837,-0.729761,-0.729761,0.004569,-0.905517,-0.086724,0.000002,0.444395,0.452779
272,real,0.129810,0.196979,0.000000,0.000000,0.000000,0.000000,0.000000,0.000000,0.000000,0.000000,0.000000,0.000000,0.508838,152.710000,0.004837,-0.655484,-0.655484,0.004569,-0.905517,-0.095663,0.000002,0.450127,0.460180
273,real,0.129810,0.196979,0.000000,0.000000,0.000000,0.000000,0.000000,0.000000,0.000000,0.000000,0.000000,0.000000,0.381059,152.710000,0.004837,-0.558341,-0.558341,0.004569,-0.905517,-0.095663,0.000002,0.450127,0.460180
274,real,-0.055680,0.497574,0.000000,0.000000,0.000000,0.000000,0.000000,0.000000,0.000000,0.000000,0.000000,0.000000,0.445681,119.910000,0.019119,-0.476631,-0.476631,0.004538,-0.897197,-0.095663,0.000002,0.450127,0.460180
275,real,-0.055680,0.497574,0.000000,0.000000,0.000000,0.000000,0.000000,0.000000,0.000000,0.000000,0.000000,0.000000,0.474523,119.910000,0.011471,-0.418387,-0.418387,0.004538,-0.897197,-0.115042,0.000002,0.461823,0.475936
276,real,-0.055680,0.497574,0.000000,0.000000,0.000000,0.000000,0.000000,0.000000,0.000000,0.000000,0.000000,0.000000,0.487545,119.910000,0.006883,-0.380057,-0.380057,0.004538,-0.897197,-0.115042,0.000002,0.461823,0.475936
277,real,-0.576180,-0.267393,0.000000,0.000000,0.000000,0.000000,0.000000,0.000000,0.000000,0.000000,0.000000,0.000000,0.452415,101.130000,0.161585,-0.281319,-0.281319,0.004624,-0.805007,-0.115042,0.000002,0.461823,0.475936
278,real,-0.576180,-0.267393,0.000000,0.000000,0.000000,0.000000,0.000000,0.000000,0.000000,0.000000,0.000000,0.000000,0.541271,101.130000,0.586321,-0.245646,-0.245646,0.004624,-0.805007,-0.122583,0.000002,0.465918,0.481774
279,real,-0.132302,-0.219796,0.000000,0.000000,0.000000,0.000000,0.000000,0.000000,0.000000,0.000000,0.000000,0.000000,0.365639,150.270000,1.013823,-0.214039,-0.214039,0.004624,-0.805007,-0.122583,0.000002,0.465918,0.481774
280,real,-0.132302,-0.219796,0.000000,0.000000,0.000000,0.000000,0.000000,0.000000,0.000000,0.000000,0.000000,0.000000,0.298949,150.270000,1.327832,-0.181907,-0.181907,0.009357,-0.794265,-0.122583,0.000002,0.465918,0.481774
281,real,-0.012311,-0.039843,0.000000,0.000000,0.000000,0.000000,0.000000,0.000000,0.000000,0.000000,0.000000,0.000000,0.177744,175.220000,1.479444,-0.135397,-0.135397,0.009357,-0.794265,-0.135491,0.000002,0.472375,0.491423
282,real,-0.012311,-0.039843,0.000000,0.000000,0.000000,0.000000,0.000000,0.000000,0.000000,0.000000,0.000000,0.000000,0.112380,175.220000,1.516628,-0.081238,-0.081238,0.009357,-0.794265,-0.135491,0.000002,0.472375,0.491423
283,real,0.015892,0.044530,0.000000,0.000000,0.000000,0.000000,0.000000,0.000000,0.000000,0.000000,0.000000,0.000000,0.041788,174.580000,1.485482,-0.048743,-0.048743,0.104540,-0.704160,-0.135491,0.000002,0.472375,0.491423
284,real,0.015892,0.044530,0.000000,0.000000,0.000000,0.000000,0.000000,0.000000,0.000000,0.000000,0.000000,0.000000,0.013760,174.580000,1.422880,-0.029246,-0.029246,0.104540,-0.704160,-0.141985,0.000002,0.475372,0.496123
285,real,-0.014053,-0.058782,0.000000,0.000000,0.000000,0.000000,0.000000,0.000000,0.000000,0.000000,0.000000,0.000000,0.025932,173.070000,1.352012,-0.017547,-0.017547,0.104540,-0.704160,-0.141985,0.000002,0.475372,0.496123
286,real,-0.014053,-0.058782,0.000000,0.000000,0.000000,0.000000,0.000000,0.000000,0.000000,0.000000,0.000000,0.000000,0.041221,173.070000,1.285313,-0.010528,-0.010528,0.111824,-0.691334,-0.141985,0.000002,0.475372,0.496123
287,real,0.001373,0.007556,0.000000,0.000000,0.000000,0.000000,0.000000,0.000000,0.000000,0.000000,0.000000,0.000000,0.019208,179.120000,1.216157,-0.006317,-0.006317,0.111824,-0.691334,-0.115533,0.000002,0.462097,0.476321
288,real,0.001373,0.007556,0.000000,0.000000,0.000000,0.000000,0.000000,0.000000,0.000000,0.000000,0.000000,0.000000,0.007158,179.120000,1.148455,-0.006317,-0.006317,0.111824,-0.691334,-0.115533,0.000002,0.462097,0.476321
289,real,-0.019598,-0.058828,0.000000,0.000000,0.000000,0.000000,0.000000,0.000000,0.000000,0.000000,0.000000,0.000000,0.031921,172.890000,1.107833,-0.006317,-0.006317,0.204202,-0.603728,-0.115533,0.000002,0.462097,0.476321
290,real,-0.019598,-0.058828,0.000000,0.000000,0.000000,0.000000,0.000000,0.000000,0.000000,0.000000,0.000000,0.000000,0.045513,172.890000,1.092095,-0.006317,-0.006317,0.204202,-0.603728,-0.111282,0.000002,0.459689,0.472967
291,real,-0.019598,-0.058828,0.000000,0.000000,0.000000,0.000000,0.000000,0.000000,0.000000,0.000000,0.000000,0.000000,0.052955,172.890000,1.092095,-0.006317,-0.006317,0.204202,-0.603728,-0.111282,0.000002,0.459689,0.472967
292,real,-0.018106,-0.057389,0.000000,0.000000,0.000000,0.000000,0.000000,0.000000,0.000000,0.000000,0.000000,0.000000,0.056206,173.100000,1.100982,-0.006317,-0.006317,0.214390,-0.588301,-0.111282,0.000002,0.459689,0.472967
293,real,-0.018106,-0.057389,0.000000,0.000000,0.000000,0.000000,0.000000,0.000000,0.000000,0.000000,0.000000,0.000000,0.057994,173.100000,1.111913,-0.006317,-0.006317,0.214390,-0.588301,-0.086347,0.000002,0.443855,0.452176
294,real,-0.013379,-0.046891,0.000000,0.000000,0.000000,0.000000,0.000000,0.000000,0.000000,0.000000,0.000000,0.000000,0.053837,174.410000,1.118472,-0.006317,-0.006317,0.214390,-0.588301,-0.086347,0.000002,0.443855,0.452176
295,real,-0.085012,-0.157885,0.000000,0.000000,0.000000,0.000000,0.000000,0.000000,0.000000,0.000000,0.000000,0.000000,0.110669,159.340000,1.154117,-0.006317,-0.006317,0.304314,-0.502741,-0.086347,0.000002,0.443855,0.452176
296,real,-0.085012,-0.157885,0.000000,0.000000,0.000000,0.000000,0.000000,0.000000,0.000000,0.000000,0.000000,0.000000,0.141935,159.340000,1.213633,-0.006317,-0.006317,0.304314,-0.502741,-0.080878,0.000002,0.440533,0.447895
297,real,-0.114058,-0.189039,0.000000,0.000000,0.000000,0.000000,0.000000,0.000000,0.000000,0.000000,0.000000,0.000000,0.177828,154.490000,1.292571,-0.006317,-0.006317,0.304314,-0.502741,-0.080878,0.000002,0.440533,0.447895
298,real,-0.114058,-0.189039,0.000000,0.000000,0.000000,0.000000,0.000000,0.000000,0.000000,0.000000,0.000000,0.000000,0.197328,154.490000,1.378151,-0.006317,-0.006317,0.316674,-0.485555,-0.080878,0.000002,0.440533,0.447895
299,real,-0.060944,-0.141544,0.000000,0.000000,0.000000,0.000000,0.000000,0.000000,0.000000,0.000000,0.000000,0.000000,0.177807,162.270000,1.439990,-0.006317,-0.006317,0.316674,-0.485555,-0.032941,0.000001,0.427118,0.428386
300,real,-0.060944,-0.141544,0.000000,0.000000,0.000000,0.000000,0.000000,0.000000,0.000000,0.000000,0.000000,0.000000,0.167089,162.270000,1.477094,-0.006317,-0.006317,0.316674,-0.485555,-0.032941,0.000001,0.427118,0.428386
301,real,-0.060944,-0.141544,0.000000,0.000000,0.000000,0.000000,0.000000,0.000000,0.000000,0.000000,0.000000,0.000000,0.161225,162.270000,1.494014,-0.006317,-0.006317,0.404192,-0.402012,-0.032941,0.000001,0.427118,0.428386
302,real,-0.071884,-0.162215,0.000000,0.000000,0.000000,0.000000,0.000000,0.000000,0.000000,0.000000,0.000000,0.000000,0.168525,159.560000,1.504167,-0.006317,-0.006317,0.404192,-0.402012,-0.023084,0.000001,0.422348,0.422978
303,real,-0.071884,-0.162215,0.000000,0.000000,0.000000,0.000000,0.000000,0.000000,0.000000,0.000000,0.000000,0.000000,0.172534,159.560000,1.510258,-0.006317,-0.006317,0.404192,-0.402012,-0.023084,0.000001,0.422348,0.422978
304,real,-0.168361,-0.256647,0.000000,0.000000,0.000000,0.000000,0.000000,0.000000,0.000000,0.000000,0.000000,0.000000,0.233625,144.250000,1.540869,-0.006317,-0.006317,0.419952,-0.381810,-0.023084,0.000001,0.422348,0.422978
305,real,-0.168361,-0.256647,0.000000,0.000000,0.000000,0.000000,0.000000,0.000000,0.000000,0.000000,0.000000,0.000000,0.267035,144.250000,1.592757,-0.006317,-0.006317,0.419952,-0.381810,0.018605,0.000001,0.400346,0.400778
306,real,-0.239726,-0.301593,0.000000,0.000000,0.000000,0.000000,0.000000,0.000000,0.000000,0.000000,0.000000,0.000000,0.321182,134.680000,1.671324,-0.019911,-0.019911,0.419952,-0.381810,0.018605,0.000001,0.400346,0.400778
307,real,-0.239726,-0.301593,0.000000,0.000000,0.000000,0.000000,0.000000,0.000000,0.000000,0.000000,0.000000,0.000000,0.350449,134.680000,1.763478,-0.043204,-0.043204,0.504403,-0.301026,0.018605,0.000001,0.400346,0.400778
308,real,-0.983190,0.162149,0.000000,0.000000,0.000000,0.000000,0.000000,0.000000,0.000000,0.000000,0.000000,0.000000,0.779969,9.630000,1.938087,-0.133564,-0.133564,0.504403,-0.301026,0.027011,0.000001,0.393774,0.394700
309,real,-0.983190,0.162149,0.000000,0.000000,0.000000,0.000000,0.000000,0.000000,0.000000,0.000000,0.000000,0.000000,0.957982,9.630000,2.042852,-0.306377,-0.306377,0.504403,-0.301026,0.027011,0.000001,0.393774,0.394700
310,real,-0.976640,0.207413,0.000000,0.000000,0.000000,0.000000,0.000000,0.000000,0.000000,0.000000,0.000000,0.000000,0.988156,6.440000,2.105711,-0.533666,-0.533666,0.523298,-0.282215,0.027011,0.000001,0.393774,0.394700
311,real,-0.983497,0.141549,0.000000,0.000000,0.000000,0.000000,0.000000,0.000000,0.000000,0.000000,0.000000,0.000000,0.991167,12.940000,2.143427,-0.747216,-0.747216,0.523298,-0.282215,0.060339,0.000000,0.365540,0.370487
312,real,-0.983497,0.141549,0.000000,0.000000,0.000000,0.000000,0.000000,0.000000,0.000000,0.000000,0.000000,0.000000,0.992404,12.940000,2.166056,-0.915936,-0.915936,0.523298,-0.282215,0.060339,0.000000,0.365540,0.370487
313,real,-0.985794,0.084686,0.000000,0.000000,0.000000,0.000000,0.000000,0.000000,0.000000,0.000000,0.000000,0.000000,0.991024,16.680000,2.179634,-1.029562,-1.029562,0.604904,-0.308929,0.060339,0.000000,0.365540,0.370487
314,real,-0.985794,0.084686,0.000000,0.000000,0.000000,0.000000,0.000000,0.000000,0.000000,0.000000,0.000000,0.000000,0.990291,16.680000,2.187780,-1.097737,-1.097737,0.604904,-0.308929,0.067457,0.000000,0.356994,0.363311
315,real,-0.984776,0.119171,0.000000,0.000000,0.000000,0.000000,0.000000,0.000000,0.000000,0.000000,0.000000,0.000000,0.991075,14.540000,2.192668,-1.138642,-1.138642,0.604904,-0.308929,0.067457,0.000000,0.356994,0.363311
316,real,-0.984776,0.119171,0.000000,0.000000,0.000000,0.000000,0.000000,0.000000,0.000000,0.000000,0.000000,0.000000,0.991483,14.540000,2.192668,-1.163185,-1.163185,0.625326,-0.382369,0.067457,0.000000,0.356994,0.363311
317,real,-0.987367,0.125171,0.000000,0.000000,0.000000,0.000000,0.000000,0.000000,0.000000,0.000000,0.000000,0.000000,0.993328,11.150000,2.192668,-1.177911,-1.177911,0.625326,-0.382369,0.091823,0.000000,0.324485,0.337227
318,real,-0.988884,0.122734,0.000000,0.000000,0.000000,0.000000,0.000000,0.000000,0.000000,0.000000,0.000000,0.000000,0.994867,9.630000,2.192668,-1.186747,-1.186747,0.625326,-0.382369,0.091823,0.000000,0.324485,0.337227
319,real,-0.988884,0.122734,0.000000,0.000000,0.000000,0.000000,0.000000,0.000000,0.000000,0.000000,0.000000,0.000000,0.995626,9.630000,1.315601,-1.192048,-1.192048,0.705332,-0.410618,0.091823,0.000000,0.324485,0.337227
320,real,-0.992104,0.099812,0.000000,0.000000,0.000000,0.000000,0.000000,0.000000,0.000000,0.000000,0.000000,0.000000,0.996333,8.710000,0.789361,-1.192048,-1.192048,0.705332,-0.410618,0.097095,0.000000,0.314209,0.328869
321,real,-0.992104,0.099812,0.000000,0.000000,0.000000,0.000000,0.000000,0.000000,0.000000,0.000000,0.000000,0.000000,0.996695,8.710000,0.473616,-1.192048,-1.192048,0.705332,-0.410618,0.097095,0.000000,0.314209,0.328869
322,real,-0.984387,0.038505,0.000000,0.000000,0.000000,0.000000,0.000000,0.000000,0.000000,0.000000,0.000000,0.000000,0.992518,19.780000,1.164170,-1.192048,-1.192048,0.721829,-0.482665,0.097095,0.000000,0.314209,0.328869
323,real,-0.759222,-0.618545,0.000000,0.000000,0.000000,0.000000,0.000000,0.000000,0.000000,0.000000,0.000000,0.000000,0.987426,23.360000,1.578502,-1.192048,-1.192048,0.721829,-0.482665,0.112082,-0.000000,0.279811,0.301424
324,real,-0.759222,-0.618545,0.000000,0.000000,0.000000,0.000000,0.000000,0.000000,0.000000,0.000000,0.000000,0.000000,0.983553,23.360000,1.827101,-1.192048,-1.192048,0.721829,-0.482665,0.112082,-0.000000,0.279811,0.301424
325,real,-0.993322,0.047713,0.000000,0.000000,0.000000,0.000000,0.000000,0.000000,0.000000,0.000000,0.000000,0.000000,0.989588,12.060000,1.976261,-1.192048,-1.192048,0.611477,-0.512128,0.112082,-0.000000,0.279811,0.301424
326,real,-0.993322,0.047713,0.000000,0.000000,0.000000,0.000000,0.000000,0.000000,0.000000,0.000000,0.000000,0.000000,0.992199,12.060000,2.065756,-1.192048,-1.192048,0.611477,-0.512128,0.115089,-0.000000,0.267889,0.291564
327,real,-0.993322,0.047713,0.000000,0.000000,0.000000,0.000000,0.000000,0.000000,0.000000,0.000000,0.000000,0.000000,0.993343,12.060000,2.119454,-1.192048,-1.192048,0.611477,-0.512128,0.115089,-0.000000,0.267889,0.291564
328,real,-0.991045,0.094030,0.000000,0.000000,0.000000,0.000000,0.000000,0.000000,0.000000,0.000000,0.000000,0.000000,0.994401,10.880000,2.151672,-1.192048,-1.192048,0.818480,-0.583085,0.115089,-0.000000,0.267889,0.291564
329,real,-0.994129,0.036801,0.000000,0.000000,0.000000,0.000000,0.000000,0.000000,0.000000,0.000000,0.000000,0.000000,0.994590,11.680000,2.171003,-1.192048,-1.192048,0.818480,-0.583085,0.126684,-0.000000,0.265402,0.294087
330,real,-0.994129,0.036801,0.000000,0.000000,0.000000,0.000000,0.000000,0.000000,0.000000,0.000000,0.000000,0.000000,0.994690,11.680000,2.182602,-1.192048,-1.192048,0.818480,-0.583085,0.126684,-0.000000,0.265402,0.294087
331,real,-0.993478,0.050936,0.000000,0.000000,0.000000,0.000000,0.000000,0.000000,0.000000,0.000000,0.000000,0.000000,0.994733,11.710000,2.189561,-1.192048,-1.192048,0.717714,-0.613626,0.126684,-0.000000,0.265402,0.294087
332,real,-0.990311,0.043671,0.000000,0.000000,0.000000,0.000000,0.000000,0.000000,0.000000,0.000000,0.000000,0.000000,0.993281,15.150000,2.193737,-1.192048,-1.192048,0.717714,-0.613626,0.133469,-0.000000,0.284997,0.314702
333,real,-0.990311,0.043671,0.000000,0.000000,0.000000,0.000000,0.000000,0.000000,0.000000,0.000000,0.000000,0.000000,0.992409,15.150000,2.193737,-1.192048,-1.192048,0.717714,-0.613626,0.133469,-0.000000,0.284997,0.314702
334,real,-0.989085,0.048893,0.000000,0.000000,0.000000,0.000000,0.000000,0.000000,0.000000,0.000000,0.000000,0.000000,0.991488,15.980000,2.193737,-1.192048,-1.192048,0.915402,-0.683513,0.133469,-0.000000,0.284997,0.314702
335,real,-0.984578,0.005843,0.000000,0.000000,0.000000,0.000000,0.000000,0.000000,0.000000,0.000000,0.000000,0.000000,0.988635,20.140000,2.193737,-1.192048,-1.192048,0.915402,-0.683513,0.146971,-0.000000,0.286320,0.321838
336,real,-0.984578,0.005843,0.000000,0.000000,0.000000,0.000000,0.000000,0.000000,0.000000,0.000000,0.000000,0.000000,0.986891,20.140000,2.193737,-1.192048,-1.192048,0.915402,-0.683513,0.146971,-0.000000,0.286320,0.321838
337,real,-0.979211,-0.038302,0.000000,0.000000,0.000000,0.000000,0.000000,0.000000,0.000000,0.000000,0.000000,0.000000,0.983950,22.980000,2.193737,-1.192048,-1.192048,0.823337,-0.715208,0.146971,-0.000000,0.286320,0.321838
338,real,-0.979211,-0.038302,0.000000,0.000000,0.000000,0.000000,0.000000,0.000000,0.000000,0.000000,0.000000,0.000000,0.982207,22.980000,2.193737,-1.192048,-1.192048,0.823337,-0.715208,0.154533,-0.000000,0.305097,0.342001
339,real,-0.965971,-0.054175,0.000000,0.000000,0.000000,0.000000,0.000000,0.000000,0.000000,0.000000,0.000000,0.000000,0.976119,29.300000,2.193737,-1.192048,-1.192048,0.823337,-0.715208,0.154533,-0.000000,0.305097,0.342001
340,real,-0.965971,-0.054175,0.000000,0.000000,0.000000,0.000000,0.000000,0.000000,0.000000,0.000000,0.000000,0.000000,0.972394,29.300000,2.193737,-1.192048,-1.192048,1.012537,-0.783920,0.154533,-0.000000,0.305097,0.342001
341,real,-0.976037,-0.025558,0.000000,0.000000,0.000000,0.000000,0.000000,0.000000,0.000000,0.000000,0.000000,0.000000,0.974223,24.960000,2.193737,-1.192048,-1.192048,1.012537,-0.783920,0.134844,-0.000000,0.331519,0.357894
342,real,-0.962274,-0.051104,0.000000,0.000000,0.000000,0.000000,0.000000,0.000000,0.000000,0.000000,0.000000,0.000000,0.969676,31.000000,2.193737,-1.192048,-1.192048,1.012537,-0.783920,0.134844,-0.000000,0.331519,0.357894
343,real,-0.962274,-0.051104,0.000000,0.000000,0.000000,0.000000,0.000000,0.000000,0.000000,0.000000,0.000000,0.000000,0.967022,31.000000,2.193737,-1.187820,-1.187820,0.928574,-0.816603,0.134844,-0.000000,0.331519,0.357894
344,real,-0.982007,-0.061008,0.000000,0.000000,0.000000,0.000000,0.000000,0.000000,0.000000,0.000000,0.000000,0.000000,0.975350,20.590000,2.193737,-1.187820,-1.187820,0.928574,-0.816603,0.171421,-0.000000,0.327617,0.369754
345,real,-0.982007,-0.061008,0.000000,0.000000,0.000000,0.000000,0.000000,0.000000,0.000000,0.000000,0.000000,0.000000,0.979422,20.590000,2.193737,-1.191362,-1.191362,0.928574,-0.816603,0.171421,-0.000000,0.327617,0.369754
346,real,-0.982007,-0.061008,0.000000,0.000000,0.000000,0.000000,0.000000,0.000000,0.000000,0.000000,0.000000,0.000000,0.981506,20.590000,2.193737,-1.194817,-1.194817,1.109918,-0.884358,0.171421,-0.000000,0.327617,0.369754
347,real,-0.990569,0.000951,0.000000,0.000000,0.000000,0.000000,0.000000,0.000000,0.000000,0.000000,0.000000,0.000000,0.985956,15.750000,2.193737,-1.194817,-1.194817,1.109918,-0.884358,0.156508,-0.000000,0.350985,0.384299
348,real,-0.990569,0.000951,0.000000,0.000000,0.000000,0.000000,0.000000,0.000000,0.000000,0.000000,0.000000,0.000000,0.988147,15.750000,2.193737,-1.194817,-1.194817,1.109918,-0.884358,0.156508,-0.000000,0.350985,0.384299
349,real,-0.990569,0.000951,0.000000,0.000000,0.000000,0.000000,0.000000,0.000000,0.000000,0.000000,0.000000,0.000000,0.989272,15.750000,2.193737,-1.194817,-1.194817,1.033704,-0.918079,0.156508,-0.000000,0.350985,0.384299
350,real,-0.975742,-0.041749,0.000000,0.000000,0.000000,0.000000,0.000000,0.000000,0.000000,0.000000,0.000000,0.000000,0.984180,24.820000,2.193737,-1.194817,-1.194817,1.033704,-0.918079,0.194637,-0.000001,0.344066,0.395303
351,real,-0.975742,-0.041749,0.000000,0.000000,0.000000,0.000000,0.000000,0.000000,0.000000,0.000000,0.000000,0.000000,0.980962,24.820000,2.193737,-1.194817,-1.194817,1.033704,-0.918079,0.194637,-0.000001,0.344066,0.395303
352,real,-0.988096,0.029412,0.000000,0.000000,0.000000,0.000000,0.000000,0.000000,0.000000,0.000000,0.000000,0.000000,0.984606,17.370000,2.193737,-1.194817,-1.194817,1.207395,-0.984688,0.194637,-0.000001,0.344066,0.395303
353,real,-0.988096,0.029412,0.000000,0.000000,0.000000,0.000000,0.000000,0.000000,0.000000,0.000000,0.000000,0.000000,0.986447,17.370000,2.193737,-1.194817,-1.194817,1.207395,-0.984688,0.179751,-0.000000,0.368583,0.410078
354,real,-0.988096,0.029412,0.000000,0.000000,0.000000,0.000000,0.000000,0.000000,0.000000,0.000000,0.000000,0.000000,0.987408,17.370000,2.193737,-1.194817,-1.194817,1.207395,-0.984688,0.179751,-0.000000,0.368583,0.410078
355,real,-0.972673,-0.001613,0.000000,0.000000,0.000000,0.000000,0.000000,0.000000,0.000000,0.000000,0.000000,0.000000,0.981467,26.850000,2.193737,-1.194817,-1.194817,1.138762,-1.019663,0.179751,-0.000000,0.368583,0.410078
356,real,-0.972673,-0.001613,0.000000,0.000000,0.000000,0.000000,0.000000,0.000000,0.000000,0.000000,0.000000,0.000000,0.977716,26.850000,2.193737,-1.194817,-1.194817,1.138762,-1.019663,0.219289,-0.000001,0.358147,0.419949
357,real,-0.981670,0.023820,0.000000,0.000000,0.000000,0.000000,0.000000,0.000000,0.000000,0.000000,0.000000,0.000000,0.979681,21.800000,2.193737,-1.194817,-1.194817,1.138762,-1.019663,0.219289,-0.000001,0.358147,0.419949
358,real,-0.981670,0.023820,0.000000,0.000000,0.000000,0.000000,0.000000,0.000000,0.000000,0.000000,0.000000,0.000000,0.980723,21.800000,2.193737,-1.194817,-1.194817,1.303875,-1.085361,0.219289,-0.000001,0.358147,0.419949
359,real,-0.904507,-0.365628,0.000000,0.000000,0.000000,0.000000,0.000000,0.000000,0.000000,0.000000,0.000000,0.000000,0.999952,25.360000,2.193737,-1.194817,-1.194817,1.303875,-1.085361,0.205599,-0.000000,0.382555,0.434303
360,real,-0.904507,-0.365628,0.000000,0.000000,0.000000,0.000000,0.000000,0.000000,0.000000,0.000000,0.000000,0.000000,0.995117,25.360000,2.193737,-1.194817,-1.194817,1.303875,-1.085361,0.205599,-0.000000,0.382555,0.434303
361,real,-0.892481,-0.371961,0.000000,0.000000,0.000000,0.000000,0.000000,0.000000,0.000000,0.000000,0.000000,0.000000,0.985070,29.570000,2.193737,-1.194817,-1.194817,1.243256,-1.121020,0.205599,-0.000000,0.382555,0.434303
362,real,-0.892481,-0.371961,0.000000,0.000000,0.000000,0.000000,0.000000,0.000000,0.000000,0.000000,0.000000,0.000000,0.977566,29.570000,2.193737,-1.194817,-1.194817,1.243256,-1.121020,0.246116,-0.000001,0.369264,0.443767
363,real,-0.892481,-0.371961,0.000000,0.000000,0.000000,0.000000,0.000000,0.000000,0.000000,0.000000,0.000000,0.000000,0.972944,29.570000,2.193737,-1.194817,-1.194817,1.243256,-1.121020,0.246116,-0.000001,0.369264,0.443767
364,real,-0.907518,-0.359129,0.000000,0.000000,0.000000,0.000000,0.000000,0.000000,0.000000,0.000000,0.000000,0.000000,0.974343,25.160000,2.193737,-1.194817,-1.194817,1.402053,-1.185251,0.246116,-0.000001,0.369264,0.443767
365,real,-0.907518,-0.359129,0.000000,0.000000,0.000000,0.000000,0.000000,0.000000,0.000000,0.000000,0.000000,0.000000,0.975094,25.160000,2.193737,-1.194817,-1.194817,1.402053,-1.185251,0.231959,-0.000001,0.395035,0.458102
366,real,-0.903425,-0.364732,0.000000,0.000000,0.000000,0.000000,0.000000,0.000000,0.000000,0.000000,0.000000,0.000000,0.974724,26.050000,2.193737,-1.194817,-1.194817,1.402053,-1.185251,0.231959,-0.000001,0.395035,0.458102
367,real,-0.903425,-0.364732,0.000000,0.000000,0.000000,0.000000,0.000000,0.000000,0.000000,0.000000,0.000000,0.000000,0.974520,26.050000,2.193737,-1.194817,-1.194817,1.347861,-1.194427,0.231959,-0.000001,0.395035,0.458102
368,real,-0.887172,-0.325186,0.000000,0.000000,0.000000,0.000000,0.000000,0.000000,0.000000,0.000000,0.000000,0.000000,0.962555,38.220000,2.193737,-1.188313,-1.188313,1.347861,-1.194427,0.272921,-0.000001,0.378134,0.466338
369,real,-0.887172,-0.325186,0.000000,0.000000,0.000000,0.000000,0.000000,0.000000,0.000000,0.000000,0.000000,0.000000,0.955009,38.220000,2.193737,-1.175119,-1.175119,1.347861,-1.194427,0.272921,-0.000001,0.378134,0.466338
370,real,-0.933445,-0.350208,0.000000,0.000000,0.000000,0.000000,0.000000,0.000000,0.000000,0.000000,0.000000,0.000000,0.979956,8.910000,2.193737,-1.175119,-1.175119,1.500412,-1.193930,0.272921,-0.000001,0.378134,0.466338
371,real,-0.933445,-0.350208,0.000000,0.000000,0.000000,0.000000,0.000000,0.000000,0.000000,0.000000,0.000000,0.000000,0.989493,8.910000,2.193737,-1.185071,-1.185071,1.500412,-1.193930,0.259982,-0.000001,0.404095,0.480503
372,real,-0.943877,-0.329432,0.000000,0.000000,0.000000,0.000000,0.000000,0.000000,0.000000,0.000000,0.000000,0.000000,0.995917,2.740000,2.193737,-1.191043,-1.191043,1.500412,-1.193930,0.259982,-0.000001,0.404095,0.480503
373,real,-0.943877,-0.329432,0.000000,0.000000,0.000000,0.000000,0.000000,0.000000,0.000000,0.000000,0.000000,0.000000,0.998177,2.740000,2.193737,-1.194626,-1.194626,1.452209,-1.175239,0.259982,-0.000001,0.404095,0.480503
374,real,-0.941850,-0.335285,0.000000,0.000000,0.000000,0.000000,0.000000,0.000000,0.000000,0.000000,0.000000,0.000000,0.999734,2.570000,2.193737,-1.194626,-1.194626,1.452209,-1.175239,0.300484,-0.000001,0.384306,0.487834
375,real,-0.941850,-0.335285,0.000000,0.000000,0.000000,0.000000,0.000000,0.000000,0.000000,0.000000,0.000000,0.000000,0.999997,2.570000,2.193737,-1.194626,-1.194626,1.452209,-1.175239,0.300484,-0.000001,0.384306,0.487834
376,real,-0.937132,-0.340903,0.000000,0.000000,0.000000,0.000000,0.000000,0.000000,0.000000,0.000000,0.000000,0.000000,0.999386,8.560000,2.193737,-1.194626,-1.194626,1.598717,-1.190821,0.300484,-0.000001,0.384306,0.487834
377,real,-0.937132,-0.340903,0.000000,0.000000,0.000000,0.000000,0.000000,0.000000,0.000000,0.000000,0.000000,0.000000,0.998601,8.560000,2.193737,-1.194626,-1.194626,1.598717,-1.190821,0.288409,-0.000001,0.410810,0.501941
378,real,-0.937132,-0.340903,0.000000,0.000000,0.000000,0.000000,0.000000,0.000000,0.000000,0.000000,0.000000,0.000000,0.998034,8.560000,2.193737,-1.194626,-1.194626,1.598717,-1.190821,0.288409,-0.000001,0.410810,0.501941
379,real,-0.942658,-0.316507,0.000000,0.000000,0.000000,0.000000,0.000000,0.000000,0.000000,0.000000,0.000000,0.000000,0.996619,12.160000,2.193737,-1.194626,-1.194626,1.556615,-1.194302,0.288409,-0.000001,0.410810,0.501941
380,real,-0.942658,-0.316507,0.000000,0.000000,0.000000,0.000000,0.000000,0.000000,0.000000,0.000000,0.000000,0.000000,0.995679,12.160000,2.193737,-1.194626,-1.194626,1.556615,-1.194302,0.327273,-0.000001,0.388778,0.508189
381,real,-0.932269,-0.361042,0.000000,0.000000,0.000000,0.000000,0.000000,0.000000,0.000000,0.000000,0.000000,0.000000,0.998114,2.620000,2.193737,-1.194626,-1.194626,1.556615,-1.194302,0.327273,-0.000001,0.388778,0.508189
382,real,-0.932269,-0.361042,0.000000,0.000000,0.000000,0.000000,0.000000,0.000000,0.000000,0.000000,0.000000,0.000000,0.999029,2.620000,2.193737,-1.194626,-1.194626,1.696387,-1.194320,0.327273,-0.000001,0.388778,0.508189
383,real,-0.938229,-0.341209,0.000000,0.000000,0.000000,0.000000,0.000000,0.000000,0.000000,0.000000,0.000000,0.000000,0.998744,6.590000,2.193737,-1.194626,-1.194626,1.696387,-1.194320,0.318178,-0.000001,0.405369,0.515326
384,real,-0.938229,-0.341209,0.000000,0.000000,0.000000,0.000000,0.000000,0.000000,0.000000,0.000000,0.000000,0.000000,0.998572,6.590000,2.193737,-1.194626,-1.194626,1.696387,-1.194320,0.318178,-0.000001,0.405369,0.515326
385,real,-0.944528,-0.302709,0.000000,0.000000,0.000000,0.000000,0.000000,0.000000,0.000000,0.000000,0.000000,0.000000,0.996227,14.640000,2.193737,-1.194626,-1.194626,1.660469,-1.194342,0.318178,-0.000001,0.405369,0.515326
386,real,-0.944528,-0.302709,0.000000,0.000000,0.000000,0.000000,0.000000,0.000000,0.000000,0.000000,0.000000,0.000000,0.994462,14.640000,2.193737,-1.194626,-1.194626,1.660469,-1.194342,0.352805,-0.000002,0.361087,0.504832
387,real,-0.938141,-0.341363,0.000000,0.000000,0.000000,0.000000,0.000000,0.000000,0.000000,0.000000,0.000000,0.000000,0.996473,6.650000,2.193737,-1.194626,-1.194626,1.660469,-1.194342,0.352805,-0.000002,0.361087,0.504832
388,real,-0.938141,-0.341363,0.000000,0.000000,0.000000,0.000000,0.000000,0.000000,0.000000,0.000000,0.000000,0.000000,0.997386,6.650000,2.193737,-1.194626,-1.194626,1.794987,-1.194389,0.352805,-0.000002,0.361087,0.504832
389,real,-0.935704,-0.341493,0.000000,0.000000,0.000000,0.000000,0.000000,0.000000,0.000000,0.000000,0.000000,0.000000,0.996828,10.160000,2.193737,-1.194626,-1.194626,1.794987,-1.194389,0.345347,-0.000002,0.364956,0.502452
390,real,-0.935704,-0.341493,0.000000,0.000000,0.000000,0.000000,0.000000,0.000000,0.000000,0.000000,0.000000,0.000000,0.996498,10.160000,2.193737,-1.194626,-1.194626,1.794987,-1.194389,0.345347,-0.000002,0.364956,0.502452
391,real,-0.944961,0.181543,0.000000,0.000000,0.000000,0.000000,0.000000,0.000000,0.000000,0.000000,0.000000,0.000000,0.997089,31.590000,2.193737,-1.194626,-1.194626,1.764454,-1.194377,0.345347,-0.000002,0.364956,0.502452
392,real,-0.944961,0.181543,0.000000,0.000000,0.000000,0.000000,0.000000,0.000000,0.000000,0.000000,0.000000,0.000000,0.985227,31.590000,2.193737,-1.194626,-1.194626,1.764454,-1.194377,0.373448,-0.000002,0.324273,0.494588
393,real,-0.944961,0.181543,0.000000,0.000000,0.000000,0.000000,0.000000,0.000000,0.000000,0.000000,0.000000,0.000000,0.975577,31.590000,2.193737,-1.194626,-1.194626,1.764454,-1.194377,0.373448,-0.000002,0.324273,0.494588
394,real,-0.953705,0.209773,0.000000,0.000000,0.000000,0.000000,0.000000,0.000000,0.000000,0.000000,0.000000,0.000000,0.975841,24.890000,2.193737,-1.194626,-1.194626,1.893785,-1.194409,0.373448,-0.000002,0.324273,0.494588
395,real,-0.952523,0.183858,0.000000,0.000000,0.000000,0.000000,0.000000,0.000000,0.000000,0.000000,0.000000,0.000000,0.973281,28.090000,2.193737,-1.194626,-1.194626,1.893785,-1.194409,0.369804,-0.000002,0.333439,0.497932
396,real,-0.952523,0.183858,0.000000,0.000000,0.000000,0.000000,0.000000,0.000000,0.000000,0.000000,0.000000,0.000000,0.971858,28.090000,2.193737,-1.194626,-1.194626,1.893785,-1.194409,0.369804,-0.000002,0.333439,0.497932
397,real,-0.861160,0.092488,0.000000,0.000000,0.000000,0.000000,0.000000,0.000000,0.000000,0.000000,0.000000,0.000000,0.933583,59.980000,2.193737,-1.177016,-1.177016,1.869569,-1.194397,0.369804,-0.000002,0.333439,0.497932
398,real,-0.861160,0.092488,0.000000,0.000000,0.000000,0.000000,0.000000,0.000000,0.000000,0.000000,0.000000,0.000000,0.905744,59.980000,2.193737,-1.140719,-1.140719,1.869569,-1.194397,0.392747,-0.000002,0.286936,0.486398
399,real,-0.811826,0.123719,0.000000,0.000000,0.000000,0.000000,0.000000,0.000000,0.000000,0.000000,0.000000,0.000000,0.870582,69.590000,2.193737,-1.090699,-1.090699,1.869569,-1.194397,0.392747,-0.000002,0.286936,0.486398
400,real,-0.811826,0.123719,0.000000,0.000000,0.000000,0.000000,0.000000,0.000000,0.000000,0.000000,0.000000,0.000000,0.849151,69.590000,2.193737,-1.035988,-1.035988,1.992838,-1.190464,0.392747,-0.000002,0.286936,0.486398
401,real,-0.924935,0.192892,0.000000,0.000000,0.000000,0.000000,0.000000,0.000000,0.000000,0.000000,0.000000,0.000000,0.897865,38.240000,2.193737,-1.003162,-1.003162,1.992838,-1.190464,0.389442,-0.000002,0.294658,0.488352
402,real,-0.940590,0.176961,0.000000,0.000000,0.000000,0.000000,0.000000,0.000000,0.000000,0.000000,0.000000,0.000000,0.927680,33.690000,2.193737,-0.993768,-0.993768,1.992838,-1.190464,0.389442,-0.000002,0.294658,0.488352
403,real,-0.940590,0.176961,0.000000,0.000000,0.000000,0.000000,0.000000,0.000000,0.000000,0.000000,0.000000,0.000000,0.941898,33.690000,2.193737,-1.000733,-1.000733,1.974856,-1.094011,0.389442,-0.000002,0.294658,0.488352
404,real,-0.924439,0.187155,0.000000,0.000000,0.000000,0.000000,0.000000,0.000000,0.000000,0.000000,0.000000,0.000000,0.942487,38.810000,2.193737,-1.013281,-1.013281,1.974856,-1.094011,0.406989,-0.000002,0.247455,0.476313
405,real,-0.924439,0.187155,0.000000,0.000000,0.000000,0.000000,0.000000,0.000000,0.000000,0.000000,0.000000,0.000000,0.942807,38.810000,2.193737,-1.026343,-1.026343,1.974856,-1.094011,0.406989,-0.000002,0.247455,0.476313
406,real,-0.939397,0.197705,0.000000,0.000000,0.000000,0.000000,0.000000,0.000000,0.000000,0.000000,0.000000,0.000000,0.950910,32.530000,2.193737,-1.041505,-1.041505,2.027970,-1.071206,0.406989,-0.000002,0.247455,0.476313
407,real,-0.919875,0.177723,0.000000,0.000000,0.000000,0.000000,0.000000,0.000000,0.000000,0.000000,0.000000,0.000000,0.944806,40.930000,2.193737,-1.052493,-1.052493,2.027970,-1.071206,0.405073,-0.000002,0.253576,0.477896
408,real,-0.919875,0.177723,0.000000,0.000000,0.000000,0.000000,0.000000,0.000000,0.000000,0.000000,0.000000,0.000000,0.941303,40.930000,2.193737,-1.059085,-1.059085,2.027970,-1.071206,0.405073,-0.000002,0.253576,0.477896
409,real,-0.949650,0.192432,0.000000,0.000000,0.000000,0.000000,0.000000,0.000000,0.000000,0.000000,0.000000,0.000000,0.954804,28.630000,2.193737,-1.069017,-1.069017,1.949183,-1.026084,0.405073,-0.000002,0.253576,0.477896
410,real,-0.944154,0.187890,0.000000,0.000000,0.000000,0.000000,0.000000,0.000000,0.000000,0.000000,0.000000,0.000000,0.958437,31.410000,2.193737,-1.080703,-1.080703,1.949183,-1.026084,0.417744,-0.000003,0.204400,0.465069
411,real,-0.944154,0.187890,0.000000,0.000000,0.000000,0.000000,0.000000,0.000000,0.000000,0.000000,0.000000,0.000000,0.960369,31.410000,2.193737,-1.092448,-1.092448,1.949183,-1.026084,0.417744,-0.000003,0.204400,0.465069
412,real,-0.947921,0.201400,0.000000,0.000000,0.000000,0.000000,0.000000,0.000000,0.000000,0.000000,0.000000,0.000000,0.964422,28.570000,2.193737,-1.104780,-1.104780,1.981000,-1.077353,0.417744,-0.000003,0.204400,0.465069
413,real,-0.945043,0.209944,0.000000,0.000000,0.000000,0.000000,0.000000,0.000000,0.000000,0.000000,0.000000,0.000000,0.966093,29.030000,2.193737,-1.116561,-1.116561,1.981000,-1.077353,0.416291,-0.000003,0.211550,0.466960
414,real,-0.945043,0.209944,0.000000,0.000000,0.000000,0.000000,0.000000,0.000000,0.000000,0.000000,0.000000,0.000000,0.966996,29.030000,2.193737,-1.126996,-1.126996,1.981000,-1.077353,0.416291,-0.000003,0.211550,0.466960
415,real,-0.944036,0.224118,0.000000,0.000000,0.000000,0.000000,0.000000,0.000000,0.000000,0.000000,0.000000,0.000000,0.968492,28.010000,2.193737,-1.136324,-1.136324,2.047806,-1.091605,0.416291,-0.000003,0.211550,0.466960
416,real,-0.943331,0.221343,0.000000,0.000000,0.000000,0.000000,0.000000,0.000000,0.000000,0.000000,0.000000,0.000000,0.968699,28.630000,2.193737,-1.144037,-1.144037,2.047806,-1.091605,0.423432,-0.000003,0.165892,0.454769
417,real,-0.943331,0.221343,0.000000,0.000000,0.000000,0.000000,0.000000,0.000000,0.000000,0.000000,0.000000,0.000000,0.968813,28.630000,2.193737,-1.148664,-1.148664,2.047806,-1.091605,0.423432,-0.000003,0.165892,0.454769
418,real,-0.944975,0.140806,0.000000,0.000000,0.000000,0.000000,0.000000,0.000000,0.000000,0.000000,0.000000,0.000000,0.963071,34.350000,2.193737,-1.148664,-1.148664,2.056319,-1.121805,0.423432,-0.000003,0.165892,0.454769
419,real,-0.943417,0.240299,0.000000,0.000000,0.000000,0.000000,0.000000,0.000000,0.000000,0.000000,0.000000,0.000000,0.968000,26.420000,2.193737,-1.148664,-1.148664,2.056319,-1.121805,0.405102,-0.000003,0.143608,0.429803
420,real,-0.945253,0.234627,0.000000,0.000000,0.000000,0.000000,0.000000,0.000000,0.000000,0.000000,0.000000,0.000000,0.970749,26.220000,2.193737,-1.153901,-1.153901,2.056319,-1.121805,0.405102,-0.000003,0.143608,0.429803
421,real,-0.951080,0.252974,0.000000,0.000000,0.000000,0.000000,0.000000,0.000000,0.000000,0.000000,0.000000,0.000000,0.977281,20.430000,2.193737,-1.163079,-1.163079,2.024671,-1.129997,0.405102,-0.000003,0.143608,0.429803
422,real,-0.951080,0.252974,0.000000,0.000000,0.000000,0.000000,0.000000,0.000000,0.000000,0.000000,0.000000,0.000000,0.980525,20.430000,1.316242,-1.174864,-1.174864,2.024671,-1.129997,0.401456,0.000787,0.103259,0.414523
423,real,-0.955816,0.238755,0.000000,0.000000,0.000000,0.000000,0.000000,0.000000,0.000000,0.000000,0.000000,0.000000,0.982701,19.750000,0.789745,-1.184918,-1.184918,2.024671,-1.129997,0.401456,0.000787,0.103259,0.414523
424,real,-0.955816,0.238755,0.000000,0.000000,0.000000,0.000000,0.000000,0.000000,0.000000,0.000000,0.000000,0.000000,0.983842,19.750000,0.473847,-1.190951,-1.190951,2.034878,-1.116333,0.401456,0.000787,0.103259,0.414523
425,real,-0.955816,0.238755,0.000000,0.000000,0.000000,0.000000,0.000000,0.000000,0.000000,0.000000,0.000000,0.000000,0.984453,19.750000,0.284308,-1.194571,-1.194571,2.034878,-1.116333,0.378845,-0.002212,0.095540,0.390706
426,real,-0.951105,0.266627,0.000000,0.000000,0.000000,0.000000,0.000000,0.000000,0.000000,0.000000,0.000000,0.000000,0.985995,17.940000,0.170585,-1.194571,-1.194571,2.034878,-1.116333,0.378845,-0.002212,0.095540,0.390706
427,real,-0.951105,0.266627,0.000000,0.000000,0.000000,0.000000,0.000000,0.000000,0.000000,0.000000,0.000000,0.000000,0.986809,17.940000,0.102351,-1.194571,-1.194571,1.925210,-1.185011,0.378845,-0.002212,0.095540,0.390706
428,real,-0.951105,0.266627,0.000000,0.000000,0.000000,0.000000,0.000000,0.000000,0.000000,0.000000,0.000000,0.000000,0.987246,17.940000,0.061411,-1.194571,-1.194571,1.925210,-1.185011,0.395109,-0.000149,0.101698,0.407987
429,real,-0.944919,0.280346,0.000000,0.000000,0.000000,0.000000,0.000000,0.000000,0.000000,0.000000,0.000000,0.000000,0.986531,19.450000,0.036846,-1.194571,-1.194571,1.925210,-1.185011,0.395109,-0.000149,0.101698,0.407987
430,real,-0.944919,0.280346,0.000000,0.000000,0.000000,0.000000,0.000000,0.000000,0.000000,0.000000,0.000000,0.000000,0.986129,19.450000,0.022108,-1.194571,-1.194571,1.930593,-1.194275,0.395109,-0.000149,0.101698,0.407987
431,real,-0.948522,0.260999,0.000000,0.000000,0.000000,0.000000,0.000000,0.000000,0.000000,0.000000,0.000000,0.000000,0.985092,20.670000,0.013265,-1.194571,-1.194571,1.930593,-1.194275,0.402852,-0.000389,0.129784,0.423242
432,real,-0.948522,0.260999,0.000000,0.000000,0.000000,0.000000,0.000000,0.000000,0.000000,0.000000,0.000000,0.000000,0.984507,20.670000,0.007959,-1.194571,-1.194571,1.930593,-1.194275,0.402852,-0.000389,0.129784,0.423242
433,real,-0.948522,0.260999,0.000000,0.000000,0.000000,0.000000,0.000000,0.000000,0.000000,0.000000,0.000000,0.000000,0.984180,20.670000,0.007959,-1.194571,-1.194571,1.825687,-1.194324,0.402852,-0.000389,0.129784,0.423242
434,real,-0.942566,0.265742,0.000000,0.000000,0.000000,0.000000,0.000000,0.000000,0.000000,0.000000,0.000000,0.000000,0.982069,23.350000,0.007959,-1.194571,-1.194571,1.825687,-1.194324,0.411436,0.000624,0.107807,0.425326
435,real,-0.942566,0.265742,0.000000,0.000000,0.000000,0.000000,0.000000,0.000000,0.000000,0.000000,0.000000,0.000000,0.980852,23.350000,0.007959,-1.194571,-1.194571,1.825687,-1.194324,0.411436,0.000624,0.107807,0.425326
436,real,-0.935173,0.294769,0.000000,0.000000,0.000000,0.000000,0.000000,0.000000,0.000000,0.000000,0.000000,0.000000,0.980707,22.650000,0.007959,-1.194571,-1.194571,1.827675,-1.194352,0.411436,0.000624,0.107807,0.425326
437,real,-0.935173,0.294769,0.000000,0.000000,0.000000,0.000000,0.000000,0.000000,0.000000,0.000000,0.000000,0.000000,0.980627,22.650000,0.007959,-1.194571,-1.194571,1.827675,-1.194352,0.412781,-0.001092,0.087247,0.421901
438,real,-0.927340,0.329299,0.000000,0.000000,0.000000,0.000000,0.000000,0.000000,0.000000,0.000000,0.000000,0.000000,0.982218,20.480000,0.007959,-1.194571,-1.194571,1.827675,-1.194352,0.412781,-0.001092,0.087247,0.421901
439,real,-0.927340,0.329299,0.000000,0.000000,0.000000,0.000000,0.000000,0.000000,0.000000,0.000000,0.000000,0.000000,0.983065,20.480000,0.007959,-1.194571,-1.194571,1.725901,-1.194311,0.412781,-0.001092,0.087247,0.421901
440,real,-0.927340,0.329299,0.000000,0.000000,0.000000,0.000000,0.000000,0.000000,0.000000,0.000000,0.000000,0.000000,0.983522,20.480000,0.007959,-1.194571,-1.194571,1.725901,-1.194311,0.417744,-0.001556,0.100364,0.429631
441,real,-0.923524,0.355618,0.000000,0.000000,0.000000,0.000000,0.000000,0.000000,0.000000,0.000000,0.000000,0.000000,0.986442,16.520000,0.007959,-1.194571,-1.194571,1.725901,-1.194311,0.417744,-0.001556,0.100364,0.429631
442,real,-0.923524,0.355618,0.000000,0.000000,0.000000,0.000000,0.000000,0.000000,0.000000,0.000000,0.000000,0.000000,0.987928,16.520000,0.007959,-1.194571,-1.194571,1.723734,-1.194278,0.417744,-0.001556,0.100364,0.429631
443,real,-0.923105,0.367721,0.000000,0.000000,0.000000,0.000000,0.000000,0.000000,0.000000,0.000000,0.000000,0.000000,0.990728,12.920000,0.007959,-1.194571,-1.194571,1.723734,-1.194278,0.421507,-0.000369,0.190003,0.462351
444,real,-0.923105,0.367721,0.000000,0.000000,0.000000,0.000000,0.000000,0.000000,0.000000,0.000000,0.000000,0.000000,0.992112,12.920000,0.007959,-1.194571,-1.194571,1.723734,-1.194278,0.421507,-0.000369,0.190003,0.462351
445,real,-0.910550,0.399135,0.000000,0.000000,0.000000,0.000000,0.000000,0.000000,0.000000,0.000000,0.000000,0.000000,0.993086,12.360000,0.007959,-1.194571,-1.194571,1.625927,-1.194242,0.421507,-0.000369,0.190003,0.462351
446,real,-0.910550,0.399135,0.000000,0.000000,0.000000,0.000000,0.000000,0.000000,0.000000,0.000000,0.000000,0.000000,0.993594,12.360000,0.007959,-1.194571,-1.194571,1.625927,-1.194242,0.428136,-0.000003,0.193323,0.469760
447,real,-0.900951,0.418494,0.000000,0.000000,0.000000,0.000000,0.000000,0.000000,0.000000,0.000000,0.000000,0.000000,0.993509,13.170000,0.007959,-1.194571,-1.194571,1.625927,-1.194242,0.428136,-0.000003,0.193323,0.469760
448,real,-0.900951,0.418494,0.000000,0.000000,0.000000,0.000000,0.000000,0.000000,0.000000,0.000000,0.000000,0.000000,0.993461,13.170000,0.007959,-1.194571,-1.194571,1.621165,-1.194275,0.428136,-0.000003,0.193323,0.469760
449,real,-0.875588,0.473923,0.000000,0.000000,0.000000,0.000000,0.000000,0.000000,0.000000,0.000000,0.000000,0.000000,0.994486,10.730000,0.007959,-1.194571,-1.194571,1.621165,-1.194275,0.413021,-0.000002,0.227183,0.471379
450,real,-0.875588,0.473923,0.000000,0.000000,0.000000,0.000000,0.000000,0.000000,0.000000,0.000000,0.000000,0.000000,0.995012,10.730000,0.007959,-1.194571,-1.194571,1.621165,-1.194275,0.413021,-0.000002,0.227183,0.471379
451,real,-0.884953,0.444505,0.000000,0.000000,0.000000,0.000000,0.000000,0.000000,0.000000,0.000000,0.000000,0.000000,0.993089,15.960000,0.007959,-1.194571,-1.194571,1.525816,-1.194242,0.413021,-0.000002,0.227183,0.471379
452,real,-0.884953,0.444505,0.000000,0.000000,0.000000,0.000000,0.000000,0.000000,0.000000,0.000000,0.000000,0.000000,0.991898,15.960000,0.007959,-1.194571,-1.194571,1.525816,-1.194242,0.412808,-0.000002,0.226529,0.470878
453,real,-0.883008,0.432390,0.000000,0.000000,0.000000,0.000000,0.000000,0.000000,0.000000,0.000000,0.000000,0.000000,0.988366,21.040000,0.007959,-1.194571,-1.194571,1.525816,-1.194242,0.412808,-0.000002,0.226529,0.470878
454,real,-0.883008,0.432390,0.000000,0.000000,0.000000,0.000000,0.000000,0.000000,0.000000,0.000000,0.000000,0.000000,0.986153,21.040000,0.007959,-1.194571,-1.194571,1.518513,-1.194237,0.412808,-0.000002,0.226529,0.470878
455,real,-0.878919,0.447155,0.000000,0.000000,0.000000,0.000000,0.000000,0.000000,0.000000,0.000000,0.000000,0.000000,0.986141,19.110000,0.007959,-1.194571,-1.194571,1.518513,-1.194237,0.400784,-0.000002,0.266175,0.481120
456,real,-0.878919,0.447155,0.000000,0.000000,0.000000,0.000000,0.000000,0.000000,0.000000,0.000000,0.000000,0.000000,0.986135,19.110000,0.007959,-1.194571,-1.194571,1.518513,-1.194237,0.400784,-0.000002,0.266175,0.481120
457,real,-0.878919,0.447155,0.000000,0.000000,0.000000,0.000000,0.000000,0.000000,0.000000,0.000000,0.000000,0.000000,0.986131,19.110000,0.007959,-1.194571,-1.194571,1.425849,-1.194213,0.400784,-0.000002,0.266175,0.481120
458,real,-0.877890,0.446536,0.000000,0.000000,0.000000,0.000000,0.000000,0.000000,0.000000,0.000000,0.000000,0.000000,0.985596,19.920000,0.007959,-1.194571,-1.194571,1.425849,-1.194213,0.400021,-0.000002,0.268287,0.481658
459,real,-0.877890,0.446536,0.000000,0.000000,0.000000,0.000000,0.000000,0.000000,0.000000,0.000000,0.000000,0.000000,0.985298,19.920000,0.007959,-1.194571,-1.194571,1.425849,-1.194213,0.400021,-0.000002,0.268287,0.481658
460,real,-0.875065,0.454463,0.000000,0.000000,0.000000,0.000000,0.000000,0.000000,0.000000,0.000000,0.000000,0.000000,0.985634,19.170000,0.007959,-1.194571,-1.194571,1.415909,-1.194206,0.400021,-0.000002,0.268287,0.481658
461,real,-0.875065,0.454463,0.000000,0.000000,0.000000,0.000000,0.000000,0.000000,0.000000,0.000000,0.000000,0.000000,0.985817,19.170000,0.007959,-1.194571,-1.194571,1.415909,-1.194206,0.384218,-0.000002,0.306038,0.491205
462,real,-0.879167,0.454258,0.000000,0.000000,0.000000,0.000000,0.000000,0.000000,0.000000,0.000000,0.000000,0.000000,0.987586,16.550000,0.007959,-1.194571,-1.194571,1.415909,-1.194206,0.384218,-0.000002,0.306038,0.491205
463,real,-0.879167,0.454258,0.000000,0.000000,0.000000,0.000000,0.000000,0.000000,0.000000,0.000000,0.000000,0.000000,0.988509,16.550000,0.007959,-1.194571,-1.194571,1.325559,-1.194187,0.384218,-0.000002,0.306038,0.491205
464,real,-0.875449,0.457382,0.000000,0.000000,0.000000,0.000000,0.000000,0.000000,0.000000,0.000000,0.000000,0.000000,0.988161,17.970000,0.007959,-1.194571,-1.194571,1.325559,-1.194187,0.382856,-0.000002,0.308861,0.491908
465,real,-0.875449,0.457382,0.000000,0.000000,0.000000,0.000000,0.000000,0.000000,0.000000,0.000000,0.000000,0.000000,0.987968,17.970000,0.007959,-1.194571,-1.194571,1.325559,-1.194187,0.382856,-0.000002,0.308861,0.491908
466,real,-0.875254,0.463130,0.000000,0.000000,0.000000,0.000000,0.000000,0.000000,0.000000,0.000000,0.000000,0.000000,0.989016,16.030000,0.007959,-1.194571,-1.194571,1.312322,-1.194139,0.382856,-0.000002,0.308861,0.491908
467,real,-0.876545,0.459514,0.000000,0.000000,0.000000,0.000000,0.000000,0.000000,0.000000,0.000000,0.000000,0.000000,0.989321,16.470000,0.007959,-1.194571,-1.194571,1.312322,-1.194139,0.364644,-0.000002,0.342443,0.500232
468,real,-0.876545,0.459514,0.000000,0.000000,0.000000,0.000000,0.000000,0.000000,0.000000,0.000000,0.000000,0.000000,0.989487,16.470000,0.007959,-1.194571,-1.194571,1.312322,-1.194139,0.364644,-0.000002,0.342443,0.500232
469,real,-0.882815,0.440444,0.000000,0.000000,0.000000,0.000000,0.000000,0.000000,0.000000,0.000000,0.000000,0.000000,0.988225,18.790000,0.007959,-1.194571,-1.194571,1.225176,-1.194165,0.364644,-0.000002,0.342443,0.500232
470,real,-0.882815,0.440444,0.000000,0.000000,0.000000,0.000000,0.000000,0.000000,0.000000,0.000000,0.000000,0.000000,0.987501,18.790000,0.007959,-1.194571,-1.194571,1.225176,-1.194165,0.361835,-0.000002,0.347040,0.501360
471,real,-0.887460,0.446831,0.000000,0.000000,0.000000,0.000000,0.000000,0.000000,0.000000,0.000000,0.000000,0.000000,0.990495,12.970000,0.007959,-1.194571,-1.194571,1.225176,-1.194165,0.361835,-0.000002,0.347040,0.501360
472,real,-0.887460,0.446831,0.000000,0.000000,0.000000,0.000000,0.000000,0.000000,0.000000,0.000000,0.000000,0.000000,0.991969,12.970000,0.007959,-1.194571,-1.194571,1.207726,-1.194060,0.361835,-0.000002,0.347040,0.501360
473,real,-0.860956,0.491579,0.000000,0.000000,0.000000,0.000000,0.000000,0.000000,0.000000,0.000000,0.000000,0.000000,0.991720,15.030000,0.007959,-1.194571,-1.194571,1.207726,-1.194060,0.340474,-0.000001,0.378339,0.508982
474,real,-0.860956,0.491579,0.000000,0.000000,0.000000,0.000000,0.000000,0.000000,0.000000,0.000000,0.000000,0.000000,0.991581,15.030000,0.007959,-1.194571,-1.194571,1.207726,-1.194060,0.340474,-0.000001,0.378339,0.508982
475,real,-0.860956,0.491579,0.000000,0.000000,0.000000,0.000000,0.000000,0.000000,0.000000,0.000000,0.000000,0.000000,0.991505,15.030000,0.007959,-1.194571,-1.194571,1.124693,-1.194148,0.340474,-0.000001,0.378339,0.508982
476,real,-0.923407,0.187702,0.000000,0.000000,0.000000,0.000000,0.000000,0.000000,0.000000,0.000000,0.000000,0.000000,0.974783,39.120000,0.007959,-1.194571,-1.194571,1.124693,-1.194148,0.336968,-0.000001,0.382950,0.510097
477,real,-0.923407,0.187702,0.000000,0.000000,0.000000,0.000000,0.000000,0.000000,0.000000,0.000000,0.000000,0.000000,0.961455,39.120000,0.007959,-1.194571,-1.194571,1.124693,-1.194148,0.336968,-0.000001,0.382950,0.510097
478,real,-0.944198,0.311350,0.000000,0.000000,0.000000,0.000000,0.000000,0.000000,0.000000,0.000000,0.000000,0.000000,0.979874,12.340000,0.007959,-1.194571,-1.194571,1.105283,-1.194144,0.336968,-0.000001,0.382950,0.510097
479,real,-0.944198,0.311350,0.000000,0.000000,0.000000,0.000000,0.000000,0.000000,0.000000,0.000000,0.000000,0.000000,0.987435,12.340000,0.007959,-1.194571,-1.194571,1.105283,-1.194144,0.312766,-0.000001,0.411615,0.516962
480,real,-0.957705,0.264695,0.000000,0.000000,0.000000,0.000000,0.000000,0.000000,0.000000,0.000000,0.000000,0.000000,0.990473,12.960000,0.007959,-1.194571,-1.194571,1.105283,-1.194144,0.312766,-0.000001,0.411615,0.516962
481,real,-0.957705,0.264695,0.000000,0.000000,0.000000,0.000000,0.000000,0.000000,0.000000,0.000000,0.000000,0.000000,0.991964,12.960000,0.007959,-1.194571,-1.194571,1.023821,-1.194081,0.312766,-0.000001,0.411615,0.516962
482,real,-0.959042,0.189200,0.000000,0.000000,0.000000,0.000000,0.000000,0.000000,0.000000,0.000000,0.000000,0.000000,0.986348,24.340000,0.007959,-1.194571,-1.194571,1.023821,-1.194081,0.308626,-0.000001,0.416037,0.518012
483,real,-0.959042,0.189200,0.000000,0.000000,0.000000,0.000000,0.000000,0.000000,0.000000,0.000000,0.000000,0.000000,0.982635,24.340000,0.007959,-1.194571,-1.194571,1.023821,-1.194081,0.308626,-0.000001,0.416037,0.518012
484,real,-0.962199,0.158515,0.000000,0.000000,0.000000,0.000000,0.000000,0.000000,0.000000,0.000000,0.000000,0.000000,0.979428,25.590000,0.007959,-1.194571,-1.194571,1.002853,-1.194130,0.308626,-0.000001,0.416037,0.518012
485,real,-0.962199,0.158515,0.000000,0.000000,0.000000,0.000000,0.000000,0.000000,0.000000,0.000000,0.000000,0.000000,0.977556,25.590000,0.007959,-1.194571,-1.194571,1.002853,-1.194130,0.282267,-0.000001,0.441505,0.524024
486,real,-0.976884,0.151230,0.000000,0.000000,0.000000,0.000000,0.000000,0.000000,0.000000,0.000000,0.000000,0.000000,0.982939,17.380000,0.007959,-1.194571,-1.194571,1.002853,-1.194130,0.282267,-0.000001,0.441505,0.524024
487,real,-0.976884,0.151230,0.000000,0.000000,0.000000,0.000000,0.000000,0.000000,0.000000,0.000000,0.000000,0.000000,0.985587,17.380000,0.007959,-1.194571,-1.194571,0.923373,-1.194123,0.282267,-0.000001,0.441505,0.524024
488,real,-0.972672,0.099487,0.000000,0.000000,0.000000,0.000000,0.000000,0.000000,0.000000,0.000000,0.000000,0.000000,0.982266,24.220000,0.884775,-1.194571,-1.194571,0.923373,-1.194123,0.276713,-0.000001,0.446341,0.525157
489,real,-0.972672,0.099487,0.000000,0.000000,0.000000,0.000000,0.000000,0.000000,0.000000,0.000000,0.000000,0.000000,0.980293,24.220000,1.410865,-1.194571,-1.194571,0.923373,-1.194123,0.276713,-0.000001,0.446341,0.525157
490,real,-0.968083,0.048025,0.000000,0.000000,0.000000,0.000000,0.000000,0.000000,0.000000,0.000000,0.000000,0.000000,0.975629,28.480000,1.726519,-1.194571,-1.194571,0.907639,-1.194064,0.276713,-0.000001,0.446341,0.525157
491,real,-0.975295,0.065463,0.000000,0.000000,0.000000,0.000000,0.000000,0.000000,0.000000,0.000000,0.000000,0.000000,0.976475,24.360000,1.915911,-1.194571,-1.194571,0.907639,-1.194064,0.248155,-0.000000,0.468750,0.530384
492,real,-0.975295,0.065463,0.000000,0.000000,0.000000,0.000000,0.000000,0.000000,0.000000,0.000000,0.000000,0.000000,0.976934,24.360000,2.029547,-1.194571,-1.194571,0.907639,-1.194064,0.248155,-0.000000,0.468750,0.530384
493,real,-0.966309,0.055209,0.000000,0.000000,0.000000,0.000000,0.000000,0.000000,0.000000,0.000000,0.000000,0.000000,0.973043,29.120000,2.097728,-1.194571,-1.194571,1.022522,-1.194081,0.248155,-0.000000,0.468750,0.530384
494,real,-0.966309,0.055209,0.000000,0.000000,0.000000,0.000000,0.000000,0.000000,0.000000,0.000000,0.000000,0.000000,0.970776,29.120000,2.138637,-1.194571,-1.194571,1.022522,-1.194081,0.241507,-0.000000,0.473417,0.531460
495,real,-0.960773,0.045729,0.000000,0.000000,0.000000,0.000000,0.000000,0.000000,0.000000,0.000000,0.000000,0.000000,0.966907,31.750000,2.163182,-1.188989,-1.188989,1.022522,-1.194081,0.241507,-0.000000,0.473417,0.531460
496,real,-0.960773,0.045729,0.000000,0.000000,0.000000,0.000000,0.000000,0.000000,0.000000,0.000000,0.000000,0.000000,0.964679,31.750000,2.177909,-1.181183,-1.181183,1.010743,-1.193976,0.241507,-0.000000,0.473417,0.531460
497,real,-0.962068,0.046885,0.000000,0.000000,0.000000,0.000000,0.000000,0.000000,0.000000,0.000000,0.000000,0.000000,0.964021,31.180000,2.186746,-1.173234,-1.173234,1.010743,-1.193976,0.212891,-0.000000,0.491504,0.535629
498,real,-0.962068,0.046885,0.000000,0.000000,0.000000,0.000000,0.000000,0.000000,0.000000,0.000000,0.000000,0.000000,0.963657,31.180000,2.192047,-1.166141,-1.166141,1.010743,-1.193976,0.212891,-0.000000,0.491504,0.535629
499,real,-0.963155,0.013953,0.000000,0.000000,0.000000,0.000000,0.000000,0.000000,0.000000,0.000000,0.000000,0.000000,0.963477,31.160000,2.192047,-1.160275,-1.160275,1.121658,-1.187946,0.212891,-0.000000,0.491504,0.535629
500,real,-0.963155,0.013953,0.000000,0.000000,0.000000,0.000000,0.000000,0.000000,0.000000,0.000000,0.000000,0.000000,0.963378,31.160000,2.192047,-1.156756,-1.156756,1.121658,-1.187946,0.204436,-0.000000,0.496260,0.536720
501,real,-0.955884,-0.008425,0.000000,0.000000,0.000000,0.000000,0.000000,0.000000,0.000000,0.000000,0.000000,0.000000,0.960106,34.150000,2.192047,-1.151774,-1.151774,1.121658,-1.187946,0.204436,-0.000000,0.496260,0.536720
502,real,-0.955884,-0.008425,0.000000,0.000000,0.000000,0.000000,0.000000,0.000000,0.000000,0.000000,0.000000,0.000000,0.958247,34.150000,2.192047,-1.145946,-1.145946,1.114944,-1.165124,0.204436,-0.000000,0.496260,0.536720
503,real,-0.959955,-0.054090,0.000000,0.000000,0.000000,0.000000,0.000000,0.000000,0.000000,0.000000,0.000000,0.000000,0.959716,31.910000,2.192047,-1.142449,-1.142449,1.114944,-1.165124,0.174759,0.000000,0.511041,0.540096
504,real,-0.959955,-0.054090,0.000000,0.000000,0.000000,0.000000,0.000000,0.000000,0.000000,0.000000,0.000000,0.000000,0.960514,31.910000,2.192047,-1.142449,-1.142449,1.114944,-1.165124,0.174759,0.000000,0.511041,0.540096
505,real,-0.959955,-0.054090,0.000000,0.000000,0.000000,0.000000,0.000000,0.000000,0.000000,0.000000,0.000000,0.000000,0.960949,31.910000,2.192047,-1.142449,-1.142449,1.221327,-1.150972,0.174759,0.000000,0.511041,0.540096
506,real,-0.976108,-0.136141,0.000000,0.000000,0.000000,0.000000,0.000000,0.000000,0.000000,0.000000,0.000000,0.000000,0.973485,19.500000,2.192047,-1.147273,-1.147273,1.221327,-1.150972,0.165281,0.000000,0.515172,0.541036
507,real,-0.976108,-0.136141,0.000000,0.000000,0.000000,0.000000,0.000000,0.000000,0.000000,0.000000,0.000000,0.000000,0.979377,19.500000,2.192047,-1.158719,-1.158719,1.221327,-1.150972,0.165281,0.000000,0.515172,0.541036
508,real,-0.976108,-0.136141,0.000000,0.000000,0.000000,0.000000,0.000000,0.000000,0.000000,0.000000,0.000000,0.000000,0.982298,19.500000,2.192047,-1.173375,-1.173375,1.219117,-1.142658,0.165281,0.000000,0.515172,0.541036
509,real,-0.970548,-0.165812,0.000000,0.000000,0.000000,0.000000,0.000000,0.000000,0.000000,0.000000,0.000000,0.000000,0.983362,20.130000,2.192047,-1.184025,-1.184025,1.219117,-1.142658,0.209035,-0.000000,0.493707,0.536137
510,real,-0.970548,-0.165812,0.000000,0.000000,0.000000,0.000000,0.000000,0.000000,0.000000,0.000000,0.000000,0.000000,0.983931,20.130000,2.192047,-1.190415,-1.190415,1.219117,-1.142658,0.209035,-0.000000,0.493707,0.536137
511,real,-0.970548,-0.165812,0.000000,0.000000,0.000000,0.000000,0.000000,0.000000,0.000000,0.000000,0.000000,0.000000,0.984239,20.130000,2.192047,-1.194249,-1.194249,1.321045,-1.159536,0.209035,-0.000000,0.493707,0.536137
512,real,-0.965316,-0.191926,0.000000,0.000000,0.000000,0.000000,0.000000,0.000000,0.000000,0.000000,0.000000,0.000000,0.984227,20.390000,2.192047,-1.194249,-1.194249,1.321045,-1.159536,0.205182,-0.000000,0.495854,0.536629
513,real,-0.965316,-0.191926,0.000000,0.000000,0.000000,0.000000,0.000000,0.000000,0.000000,0.000000,0.000000,0.000000,0.984220,20.390000,2.192047,-1.194249,-1.194249,1.321045,-1.159536,0.205182,-0.000000,0.495854,0.536629
514,real,-0.965316,-0.191926,0.000000,0.000000,0.000000,0.000000,0.000000,0.000000,0.000000,0.000000,0.000000,0.000000,0.984216,20.390000,2.192047,-1.194249,-1.194249,1.323226,-1.190101,0.205182,-0.000000,0.495854,0.536629
515,real,-0.987238,-0.144726,0.000000,0.000000,0.000000,0.000000,0.000000,0.000000,0.000000,0.000000,0.000000,0.000000,0.991847,7.620000,2.192047,-1.194249,-1.194249,1.323226,-1.190101,0.244658,-0.000000,0.469746,0.529640
516,real,-0.987238,-0.144726,0.000000,0.000000,0.000000,0.000000,0.000000,0.000000,0.000000,0.000000,0.000000,0.000000,0.994987,7.620000,2.192047,-1.194249,-1.194249,1.323226,-1.190101,0.244658,-0.000000,0.469746,0.529640
517,real,-0.948632,-0.248603,0.000000,0.000000,0.000000,0.000000,0.000000,0.000000,0.000000,0.000000,0.000000,0.000000,0.989683,22.570000,2.192047,-1.194249,-1.194249,1.421037,-1.193843,0.244658,-0.000000,0.469746,0.529640
518,real,-0.948632,-0.248603,0.000000,0.000000,0.000000,0.000000,0.000000,0.000000,0.000000,0.000000,0.000000,0.000000,0.985957,22.570000,2.192047,-1.194249,-1.194249,1.421037,-1.193843,0.244428,-0.000000,0.463634,0.524120
519,real,-0.960113,-0.219631,0.000000,0.000000,0.000000,0.000000,0.000000,0.000000,0.000000,0.000000,0.000000,0.000000,0.985492,19.930000,2.192047,-1.194249,-1.194249,1.421037,-1.193843,0.244428,-0.000000,0.463634,0.524120
520,real,-0.960113,-0.219631,0.000000,0.000000,0.000000,0.000000,0.000000,0.000000,0.000000,0.000000,0.000000,0.000000,0.985233,19.930000,2.192047,-1.194249,-1.194249,1.427011,-1.193848,0.244428,-0.000000,0.463634,0.524120
521,real,-0.960113,-0.219631,0.000000,0.000000,0.000000,0.000000,0.000000,0.000000,0.000000,0.000000,0.000000,0.000000,0.985090,19.930000,2.192047,-1.194249,-1.194249,1.427011,-1.193848,0.279662,-0.000001,0.430764,0.513583
522,real,-0.951639,-0.243985,0.000000,0.000000,0.000000,0.000000,0.000000,0.000000,0.000000,0.000000,0.000000,0.000000,0.983914,21.520000,2.192047,-1.194249,-1.194249,1.427011,-1.193848,0.279662,-0.000001,0.430764,0.513583
523,real,-0.951639,-0.243985,0.000000,0.000000,0.000000,0.000000,0.000000,0.000000,0.000000,0.000000,0.000000,0.000000,0.983248,21.520000,2.192047,-1.194249,-1.194249,1.521287,-1.193880,0.279662,-0.000001,0.430764,0.513583
524,real,-0.949104,-0.245013,0.000000,0.000000,0.000000,0.000000,0.000000,0.000000,0.000000,0.000000,0.000000,0.000000,0.981916,22.830000,2.192047,-1.194249,-1.194249,1.521287,-1.193880,0.279270,-0.000001,0.428115,0.511150
525,real,-0.949104,-0.245013,0.000000,0.000000,0.000000,0.000000,0.000000,0.000000,0.000000,0.000000,0.000000,0.000000,0.981162,22.830000,2.192047,-1.194249,-1.194249,1.521287,-1.193880,0.279270,-0.000001,0.428115,0.511150
526,real,-0.949104,-0.245013,0.000000,0.000000,0.000000,0.000000,0.000000,0.000000,0.000000,0.000000,0.000000,0.000000,0.980740,22.830000,2.192047,-1.194249,-1.194249,1.530747,-1.193883,0.279270,-0.000001,0.428115,0.511150
527,real,-0.951550,-0.254878,0.000000,0.000000,0.000000,0.000000,0.000000,0.000000,0.000000,0.000000,0.000000,0.000000,0.982768,19.810000,2.192047,-1.194249,-1.194249,1.530747,-1.193883,0.308925,-0.000001,0.403364,0.508072
528,real,-0.951550,-0.254878,0.000000,0.000000,0.000000,0.000000,0.000000,0.000000,0.000000,0.000000,0.000000,0.000000,0.983836,19.810000,2.192047,-1.194249,-1.194249,1.530747,-1.193883,0.308925,-0.000001,0.403364,0.508072
529,real,-0.945775,-0.270214,0.000000,0.000000,0.000000,0.000000,0.000000,0.000000,0.000000,0.000000,0.000000,0.000000,0.983738,20.770000,2.192047,-1.194249,-1.194249,1.621480,-1.193952,0.308925,-0.000001,0.403364,0.508072
530,real,-0.945775,-0.270214,0.000000,0.000000,0.000000,0.000000,0.000000,0.000000,0.000000,0.000000,0.000000,0.000000,0.983684,20.770000,2.192047,-1.194249,-1.194249,1.621480,-1.193952,0.309494,-0.000001,0.413316,0.516349
531,real,-0.915193,-0.290756,0.000000,0.000000,0.000000,0.000000,0.000000,0.000000,0.000000,0.000000,0.000000,0.000000,0.974401,32.410000,2.192047,-1.194249,-1.194249,1.621480,-1.193952,0.309494,-0.000001,0.413316,0.516349
532,real,-0.915193,-0.290756,0.000000,0.000000,0.000000,0.000000,0.000000,0.000000,0.000000,0.000000,0.000000,0.000000,0.968412,32.410000,2.192047,-1.194249,-1.194249,1.633383,-1.193955,0.309494,-0.000001,0.413316,0.516349
533,real,-0.915193,-0.290756,0.000000,0.000000,0.000000,0.000000,0.000000,0.000000,0.000000,0.000000,0.000000,0.000000,0.964858,32.410000,2.192047,-1.189072,-1.189072,1.633383,-1.193955,0.336473,-0.000001,0.383416,0.510120
534,real,-0.916687,-0.272493,0.000000,0.000000,0.000000,0.000000,0.000000,0.000000,0.000000,0.000000,0.000000,0.000000,0.961132,33.990000,2.192047,-1.179460,-1.179460,1.633383,-1.193955,0.336473,-0.000001,0.383416,0.510120
535,real,-0.916687,-0.272493,0.000000,0.000000,0.000000,0.000000,0.000000,0.000000,0.000000,0.000000,0.000000,0.000000,0.959004,33.990000,2.192047,-1.168338,-1.168338,1.721633,-1.193573,0.336473,-0.000001,0.383416,0.510120
536,real,-0.947426,-0.235430,0.000000,0.000000,0.000000,0.000000,0.000000,0.000000,0.000000,0.000000,0.000000,0.000000,0.967330,25.030000,2.192047,-1.161664,-1.161664,1.721633,-1.193573,0.338037,-0.000001,0.381442,0.509674
537,real,-0.947426,-0.235430,0.000000,0.000000,0.000000,0.000000,0.000000,0.000000,0.000000,0.000000,0.000000,0.000000,0.971515,25.030000,2.192047,-1.161664,-1.161664,1.721633,-1.193573,0.338037,-0.000001,0.381442,0.509674
538,real,-0.956033,-0.235621,0.000000,0.000000,0.000000,0.000000,0.000000,0.000000,0.000000,0.000000,0.000000,0.000000,0.977917,20.110000,2.192047,-1.167935,-1.167935,1.737087,-1.178532,0.338037,-0.000001,0.381442,0.509674
539,real,-0.956033,-0.235621,0.000000,0.000000,0.000000,0.000000,0.000000,0.000000,0.000000,0.000000,0.000000,0.000000,0.981094,20.110000,2.192047,-1.178342,-1.178342,1.737087,-1.178532,0.360850,-0.000002,0.348498,0.501661
540,real,-0.933737,-0.043136,0.000000,0.000000,0.000000,0.000000,0.000000,0.000000,0.000000,0.000000,0.000000,0.000000,0.963639,41.630000,2.192047,-1.178342,-1.178342,1.737087,-1.178532,0.360850,-0.000002,0.348498,0.501661
541,real,-0.933737,-0.043136,0.000000,0.000000,0.000000,0.000000,0.000000,0.000000,0.000000,0.000000,0.000000,0.000000,0.951518,41.630000,2.192047,-1.166936,-1.166936,1.822161,-1.161914,0.360850,-0.000002,0.348498,0.501661
542,real,-0.902292,-0.092367,0.000000,0.000000,0.000000,0.000000,0.000000,0.000000,0.000000,0.000000,0.000000,0.000000,0.933122,49.810000,2.192047,-1.144940,-1.144940,1.822161,-1.161914,0.362976,-0.000002,0.345060,0.500818
543,real,-0.902292,-0.092367,0.000000,0.000000,0.000000,0.000000,0.000000,0.000000,0.000000,0.000000,0.000000,0.000000,0.921842,49.810000,2.192047,-1.117389,-1.117389,1.822161,-1.161914,0.362976,-0.000002,0.345060,0.500818
544,real,-0.964307,0.023904,0.000000,0.000000,0.000000,0.000000,0.000000,0.000000,0.000000,0.000000,0.000000,0.000000,0.943100,30.580000,2.192047,-1.100858,-1.100858,1.840561,-1.175603,0.362976,-0.000002,0.345060,0.500818
545,real,-0.964307,0.023904,0.000000,0.000000,0.000000,0.000000,0.000000,0.000000,0.000000,0.000000,0.000000,0.000000,0.953438,30.580000,2.192047,-1.095255,-1.095255,1.840561,-1.175603,0.381614,-0.000002,0.311240,0.492442
546,real,-0.964307,0.023904,0.000000,0.000000,0.000000,0.000000,0.000000,0.000000,0.000000,0.000000,0.000000,0.000000,0.958668,30.580000,2.192047,-1.095255,-1.095255,1.840561,-1.175603,0.381614,-0.000002,0.311240,0.492442
547,real,-0.973425,0.110219,0.000000,0.000000,0.000000,0.000000,0.000000,0.000000,0.000000,0.000000,0.000000,0.000000,0.969029,23.160000,2.192047,-1.106652,-1.106652,1.922909,-1.116669,0.381614,-0.000002,0.311240,0.492442
548,real,-0.973425,0.110219,0.000000,0.000000,0.000000,0.000000,0.000000,0.000000,0.000000,0.000000,0.000000,0.000000,0.974099,23.160000,2.192047,-1.122719,-1.122719,1.922909,-1.116669,0.384032,-0.000002,0.306262,0.491200
549,real,-0.970229,0.150893,0.000000,0.000000,0.000000,0.000000,0.000000,0.000000,0.000000,0.000000,0.000000,0.000000,0.977791,21.840000,2.192047,-1.140868,-1.140868,1.922909,-1.116669,0.384032,-0.000002,0.306262,0.491200
550,real,-0.970229,0.150893,0.000000,0.000000,0.000000,0.000000,0.000000,0.000000,0.000000,0.000000,0.000000,0.000000,0.979695,21.840000,2.192047,-1.158658,-1.158658,1.943808,-1.096916,0.384032,-0.000002,0.306262,0.491200
551,real,-0.963272,0.214522,0.000000,0.000000,0.000000,0.000000,0.000000,0.000000,0.000000,0.000000,0.000000,0.000000,0.983122,18.590000,2.192047,-1.175195,-1.175195,1.943808,-1.096916,0.398690,-0.000002,0.271703,0.482469
552,real,-0.963272,0.214522,0.000000,0.000000,0.000000,0.000000,0.000000,0.000000,0.000000,0.000000,0.000000,0.000000,0.984872,18.590000,2.192047,-1.185117,-1.185117,1.943808,-1.096916,0.398690,-0.000002,0.271703,0.482469
553,real,-0.959554,0.225857,0.000000,0.000000,0.000000,0.000000,0.000000,0.000000,0.000000,0.000000,0.000000,0.000000,0.985285,19.350000,2.192047,-1.191070,-1.191070,2.023738,-1.141976,0.398690,-0.000002,0.271703,0.482469
554,real,-0.955408,0.254929,0.000000,0.000000,0.000000,0.000000,0.000000,0.000000,0.000000,0.000000,0.000000,0.000000,0.986944,17.140000,1.315228,-1.194642,-1.194642,2.023738,-1.141976,0.398902,-0.000002,0.261504,0.476977
555,real,-0.955408,0.254929,0.000000,0.000000,0.000000,0.000000,0.000000,0.000000,0.000000,0.000000,0.000000,0.000000,0.987814,17.140000,0.789137,-1.194642,-1.194642,2.023738,-1.141976,0.398902,-0.000002,0.261504,0.476977
556,real,-0.959086,0.259500,0.000000,0.000000,0.000000,0.000000,0.000000,0.000000,0.000000,0.000000,0.000000,0.000000,0.990631,13.000000,0.473482,-1.194642,-1.194642,2.040514,-1.185203,0.398902,-0.000002,0.261504,0.476977
557,real,-0.959086,0.259500,0.000000,0.000000,0.000000,0.000000,0.000000,0.000000,0.000000,0.000000,0.000000,0.000000,0.992023,13.000000,0.284089,-1.194642,-1.194642,2.040514,-1.185203,0.406417,-0.000002,0.221311,0.462767
558,real,-0.954640,0.250979,0.000000,0.000000,0.000000,0.000000,0.000000,0.000000,0.000000,0.000000,0.000000,0.000000,0.989944,18.440000,0.170454,-1.194642,-1.194642,2.040514,-1.185203,0.406417,-0.000002,0.221311,0.462767
559,real,-0.956847,0.211252,0.000000,0.000000,0.000000,0.000000,0.000000,0.000000,0.000000,0.000000,0.000000,0.000000,0.985843,23.020000,0.102272,-1.194642,-1.194642,1.924905,-1.194416,0.406417,-0.000002,0.221311,0.462767
560,real,-0.956847,0.211252,0.000000,0.000000,0.000000,0.000000,0.000000,0.000000,0.000000,0.000000,0.000000,0.000000,0.983290,23.020000,0.061363,-1.194642,-1.194642,1.924905,-1.194416,0.410680,-0.000002,0.218864,0.465360
561,real,-0.958851,0.217846,0.000000,0.000000,0.000000,0.000000,0.000000,0.000000,0.000000,0.000000,0.000000,0.000000,0.983288,20.980000,0.036818,-1.194642,-1.194642,1.924905,-1.194416,0.410680,-0.000002,0.218864,0.465360
562,real,-0.950875,0.187071,0.000000,0.000000,0.000000,0.000000,0.000000,0.000000,0.000000,0.000000,0.000000,0.000000,0.977432,28.560000,0.022091,-1.194642,-1.194642,1.937372,-1.194467,0.410680,-0.000002,0.218864,0.465360
563,real,-0.950875,0.187071,0.000000,0.000000,0.000000,0.000000,0.000000,0.000000,0.000000,0.000000,0.000000,0.000000,0.973841,28.560000,0.013254,-1.194642,-1.194642,1.937372,-1.194467,0.405582,-0.000003,0.167972,0.438989
564,real,-0.699353,-0.220975,0.000000,0.000000,0.000000,0.000000,0.000000,0.000000,0.000000,0.000000,0.000000,0.000000,0.896529,85.650000,0.887953,-1.165965,-1.165965,1.937372,-1.194467,0.405582,-0.000003,0.167972,0.438989
565,real,-0.699353,-0.220975,0.000000,0.000000,0.000000,0.000000,0.000000,0.000000,0.000000,0.000000,0.000000,0.000000,0.826511,85.650000,1.412772,-1.102753,-1.102753,1.834830,-1.194573,0.405582,-0.000003,0.167972,0.438989
566,real,-0.495575,-0.190780,0.000000,0.000000,0.000000,0.000000,0.000000,0.000000,0.000000,0.000000,0.000000,0.000000,0.702711,115.850000,1.727663,-1.005254,-1.005254,1.834830,-1.194573,0.401391,-0.000003,0.153717,0.429818
567,real,-0.495575,-0.190780,0.000000,0.000000,0.000000,0.000000,0.000000,0.000000,0.000000,0.000000,0.000000,0.000000,0.625652,115.850000,1.916598,-0.890963,-0.890963,1.834830,-1.194573,0.401391,-0.000003,0.153717,0.429818
568,real,-0.503896,-0.257080,0.000000,0.000000,0.000000,0.000000,0.000000,0.000000,0.000000,0.000000,0.000000,0.000000,0.597393,111.100000,2.029959,-0.781017,-0.781017,1.837371,-1.170844,0.401391,-0.000003,0.153717,0.429818
569,real,-0.503896,-0.257080,0.000000,0.000000,0.000000,0.000000,0.000000,0.000000,0.000000,0.000000,0.000000,0.000000,0.582635,111.100000,2.097975,-0.686636,-0.686636,1.837371,-1.170844,0.412785,-0.000003,0.132149,0.433422
570,real,-0.503896,-0.257080,0.000000,0.000000,0.000000,0.000000,0.000000,0.000000,0.000000,0.000000,0.000000,0.000000,0.574845,111.100000,2.138785,-0.611055,-0.611055,1.837371,-1.170844,0.412785,-0.000003,0.132149,0.433422
571,real,-0.406309,-0.252954,0.000000,0.000000,0.000000,0.000000,0.000000,0.000000,0.000000,0.000000,0.000000,0.000000,0.532060,122.810000,2.163271,-0.546043,-0.546043,1.916583,-1.094575,0.412785,-0.000003,0.132149,0.433422
572,real,-0.406309,-0.252954,0.000000,0.000000,0.000000,0.000000,0.000000,0.000000,0.000000,0.000000,0.000000,0.000000,0.508063,122.810000,2.177963,-0.490361,-0.490361,1.916583,-1.094575,0.422884,-0.000003,0.134133,0.443647
573,real,-0.464502,-0.413929,0.000000,0.000000,0.000000,0.000000,0.000000,0.000000,0.000000,0.000000,0.000000,0.000000,0.560635,103.050000,2.186778,-0.456952,-0.456952,1.916583,-1.094575,0.422884,-0.000003,0.134133,0.443647
574,real,-0.464502,-0.413929,0.000000,0.000000,0.000000,0.000000,0.000000,0.000000,0.000000,0.000000,0.000000,0.000000,0.589006,103.050000,2.192067,-0.441005,-0.441005,1.939194,-1.069183,0.422884,-0.000003,0.134133,0.443647
575,real,-0.428685,-0.300280,0.000000,0.000000,0.000000,0.000000,0.000000,0.000000,0.000000,0.000000,0.000000,0.000000,0.559735,116.880000,2.192067,-0.428667,-0.428667,1.939194,-1.069183,0.420921,-0.000003,0.185433,0.459957
576,real,-0.428685,-0.300280,0.000000,0.000000,0.000000,0.000000,0.000000,0.000000,0.000000,0.000000,0.000000,0.000000,0.543433,116.880000,2.192067,-0.416566,-0.416566,1.939194,-1.069183,0.420921,-0.000003,0.185433,0.459957
577,real,-0.416778,-0.285000,0.000000,0.000000,0.000000,0.000000,0.000000,0.000000,0.000000,0.000000,0.000000,0.000000,0.526183,119.350000,2.192067,-0.403235,-0.403235,1.937153,-0.965887,0.420921,-0.000003,0.185433,0.459957
578,real,-0.416778,-0.285000,0.000000,0.000000,0.000000,0.000000,0.000000,0.000000,0.000000,0.000000,0.000000,0.000000,0.516630,119.350000,2.192067,-0.389646,-0.389646,1.937153,-0.965887,0.421684,-0.000003,0.180693,0.458767
579,real,-0.429409,-0.352971,0.000000,0.000000,0.000000,0.000000,0.000000,0.000000,0.000000,0.000000,0.000000,0.000000,0.534453,112.460000,2.192067,-0.381493,-0.381493,1.937153,-0.965887,0.421684,-0.000003,0.180693,0.458767
580,real,-0.429409,-0.352971,0.000000,0.000000,0.000000,0.000000,0.000000,0.000000,0.000000,0.000000,0.000000,0.000000,0.544153,112.460000,2.192067,-0.376601,-0.376601,1.995890,-0.935102,0.421684,-0.000003,0.180693,0.458767
581,real,-0.357641,-0.195721,0.000000,0.000000,0.000000,0.000000,0.000000,0.000000,0.000000,0.000000,0.000000,0.000000,0.484193,131.880000,2.192067,-0.364476,-0.364476,1.995890,-0.935102,0.412485,-0.000002,0.227893,0.471252
582,real,-0.357641,-0.195721,0.000000,0.000000,0.000000,0.000000,0.000000,0.000000,0.000000,0.000000,0.000000,0.000000,0.449920,131.880000,2.192067,-0.345485,-0.345485,1.995890,-0.935102,0.412485,-0.000002,0.227893,0.471252
583,real,-0.357641,-0.195721,0.000000,0.000000,0.000000,0.000000,0.000000,0.000000,0.000000,0.000000,0.000000,0.000000,0.430910,131.880000,2.192067,-0.323337,-0.323337,1.963141,-0.834099,0.412485,-0.000002,0.227893,0.471252
584,real,-0.374246,-0.182290,0.000000,0.000000,0.000000,0.000000,0.000000,0.000000,0.000000,0.000000,0.000000,0.000000,0.424265,130.800000,2.192067,-0.301977,-0.301977,1.963141,-0.834099,0.408840,-0.000002,0.209138,0.459226
585,real,-0.374246,-0.182290,0.000000,0.000000,0.000000,0.000000,0.000000,0.000000,0.000000,0.000000,0.000000,0.000000,0.420648,130.800000,2.192067,-0.283336,-0.283336,1.963141,-0.834099,0.408840,-0.000002,0.209138,0.459226
586,real,-0.393670,-0.140838,0.000000,0.000000,0.000000,0.000000,0.000000,0.000000,0.000000,0.000000,0.000000,0.000000,0.419463,130.570000,2.192067,-0.268180,-0.268180,1.796159,-0.906272,0.408840,-0.000002,0.209138,0.459226
587,real,-0.393670,-0.140838,0.000000,0.000000,0.000000,0.000000,0.000000,0.000000,0.000000,0.000000,0.000000,0.000000,0.418837,130.570000,2.192067,-0.256410,-0.256410,1.796159,-0.906272,0.399569,-0.000002,0.160175,0.430479
588,real,-0.427671,-0.137022,0.000000,0.000000,0.000000,0.000000,0.000000,0.000000,0.000000,0.000000,0.000000,0.000000,0.432517,126.630000,2.192067,-0.249347,-0.249347,1.796159,-0.906272,0.399569,-0.000002,0.160175,0.430479
589,real,-0.427671,-0.137022,0.000000,0.000000,0.000000,0.000000,0.000000,0.000000,0.000000,0.000000,0.000000,0.000000,0.440002,126.630000,2.192067,-0.249347,-0.249347,1.851422,-0.813429,0.399569,-0.000002,0.160175,0.430479
590,real,-0.432865,-0.160079,0.000000,0.000000,0.000000,0.000000,0.000000,0.000000,0.000000,0.000000,0.000000,0.000000,0.449722,125.030000,2.192067,-0.249347,-0.249347,1.851422,-0.813429,0.391541,-0.000003,0.134776,0.414088
591,real,-0.432865,-0.160079,0.000000,0.000000,0.000000,0.000000,0.000000,0.000000,0.000000,0.000000,0.000000,0.000000,0.455042,125.030000,2.192067,-0.249347,-0.249347,1.851422,-0.813429,0.391541,-0.000003,0.134776,0.414088
592,real,-0.432209,-0.158722,0.000000,0.000000,0.000000,0.000000,0.000000,0.000000,0.000000,0.000000,0.000000,0.000000,0.457470,125.170000,2.192067,-0.254380,-0.254380,1.855408,-0.809452,0.391541,-0.000003,0.134776,0.414088
593,real,-0.432209,-0.158722,0.000000,0.000000,0.000000,0.000000,0.000000,0.000000,0.000000,0.000000,0.000000,0.000000,0.458804,125.170000,2.192067,-0.259008,-0.259008,1.855408,-0.809452,0.379424,-0.005281,0.144388,0.405968
594,real,-0.430054,-0.177255,0.000000,0.000000,0.000000,0.000000,0.000000,0.000000,0.000000,0.000000,0.000000,0.000000,0.461663,124.560000,2.192067,-0.259008,-0.259008,1.855408,-0.809452,0.379424,-0.005281,0.144388,0.405968
595,real,-0.430054,-0.177255,0.000000,0.000000,0.000000,0.000000,0.000000,0.000000,0.000000,0.000000,0.000000,0.000000,0.463234,124.560000,2.192067,-0.263570,-0.263570,1.865621,-0.725213,0.379424,-0.005281,0.144388,0.405968
596,real,-0.489920,-0.205440,0.000000,0.000000,0.000000,0.000000,0.000000,0.000000,0.000000,0.000000,0.000000,0.000000,0.494222,115.820000,2.192067,-0.272694,-0.272694,1.865621,-0.725213,0.377193,-0.010680,0.119037,0.395530
597,real,-0.489920,-0.205440,0.000000,0.000000,0.000000,0.000000,0.000000,0.000000,0.000000,0.000000,0.000000,0.000000,0.511012,115.820000,2.192067,-0.285199,-0.285199,1.865621,-0.725213,0.377193,-0.010680,0.119037,0.395530
598,real,-0.564584,-0.189455,0.000000,0.000000,0.000000,0.000000,0.000000,0.000000,0.000000,0.000000,0.000000,0.000000,0.549752,106.900000,2.192067,-0.304041,-0.304041,1.748030,-0.734883,0.377193,-0.010680,0.119037,0.395530
599,real,-0.564584,-0.189455,0.000000,0.000000,0.000000,0.000000,0.000000,0.000000,0.000000,0.000000,0.000000,0.000000,0.570606,106.900000,2.192067,-0.326460,-0.326460,1.748030,-0.734883,0.355320,-0.018822,0.115444,0.373604
600,real,-0.713323,-0.132335,0.000000,0.000000,0.000000,0.000000,0.000000,0.000000,0.000000,0.000000,0.000000,0.000000,0.643731,86.980000,2.192067,-0.360766,-0.360766,1.748030,-0.734883,0.355320,-0.018822,0.115444,0.373604
601,real,-0.713323,-0.132335,0.000000,0.000000,0.000000,0.000000,0.000000,0.000000,0.000000,0.000000,0.000000,0.000000,0.681920,86.980000,2.192067,-0.402563,-0.402563,1.795223,-0.650211,0.355320,-0.018822,0.115444,0.373604
602,real,-0.714293,-0.088084,0.000000,0.000000,0.000000,0.000000,0.000000,0.000000,0.000000,0.000000,0.000000,0.000000,0.699374,87.940000,2.192067,-0.445056,-0.445056,1.795223,-0.650211,0.328190,-0.049431,0.194636,0.381565
603,real,-0.714293,-0.088084,0.000000,0.000000,0.000000,0.000000,0.000000,0.000000,0.000000,0.000000,0.000000,0.000000,0.708680,87.940000,2.192067,-0.483785,-0.483785,1.795223,-0.650211,0.328190,-0.049431,0.194636,0.381565
604,real,-0.766263,-0.109601,0.000000,0.000000,0.000000,0.000000,0.000000,0.000000,0.000000,0.000000,0.000000,0.000000,0.739042,78.560000,2.192067,-0.522134,-0.522134,1.712185,-0.665090,0.328190,-0.049431,0.194636,0.381565
605,real,-0.766263,-0.109601,0.000000,0.000000,0.000000,0.000000,0.000000,0.000000,0.000000,0.000000,0.000000,0.000000,0.755100,78.560000,2.192067,-0.558528,-0.558528,1.712185,-0.665090,0.309550,-0.081055,0.204719,0.371121
606,real,-0.810520,-0.105412,0.000000,0.000000,0.000000,0.000000,0.000000,0.000000,0.000000,0.000000,0.000000,0.000000,0.784137,70.360000,2.192067,-0.595800,-0.595800,1.712185,-0.665090,0.309550,-0.081055,0.204719,0.371121
607,real,-0.810520,-0.105412,0.000000,0.000000,0.000000,0.000000,0.000000,0.000000,0.000000,0.000000,0.000000,0.000000,0.799408,70.360000,2.192067,-0.631894,-0.631894,1.690155,-0.552800,0.309550,-0.081055,0.204719,0.371121
608,real,-0.891757,-0.001323,0.000000,0.000000,0.000000,0.000000,0.000000,0.000000,0.000000,0.000000,0.000000,0.000000,0.844199,53.810000,2.192067,-0.674151,-0.674151,1.690155,-0.552800,0.325271,-0.015051,0.116637,0.345551
609,real,-0.891757,-0.001323,0.000000,0.000000,0.000000,0.000000,0.000000,0.000000,0.000000,0.000000,0.000000,0.000000,0.866728,53.810000,2.192067,-0.719399,-0.719399,1.690155,-0.552800,0.325271,-0.015051,0.116637,0.345551
610,real,-0.923405,-0.008623,0.000000,0.000000,0.000000,0.000000,0.000000,0.000000,0.000000,0.000000,0.000000,0.000000,0.894170,45.130000,2.192067,-0.768100,-0.768100,1.691231,-0.620739,0.325271,-0.015051,0.116637,0.345551
611,real,-0.923405,-0.008623,0.000000,0.000000,0.000000,0.000000,0.000000,0.000000,0.000000,0.000000,0.000000,0.000000,0.907945,45.130000,2.192067,-0.816055,-0.816055,1.691231,-0.620739,0.308699,-0.001998,0.102798,0.325365
612,real,-0.964485,0.127662,0.000000,0.000000,0.000000,0.000000,0.000000,0.000000,0.000000,0.000000,0.000000,0.000000,0.941864,26.740000,2.192067,-0.870329,-0.870329,1.691231,-0.620739,0.308699,-0.001998,0.102798,0.325365
613,real,-0.964485,0.127662,0.000000,0.000000,0.000000,0.000000,0.000000,0.000000,0.000000,0.000000,0.000000,0.000000,0.957370,26.740000,2.192067,-0.926903,-0.926903,1.710902,-0.653858,0.308699,-0.001998,0.102798,0.325365
614,real,-0.970755,0.148460,0.000000,0.000000,0.000000,0.000000,0.000000,0.000000,0.000000,0.000000,0.000000,0.000000,0.969825,21.750000,2.192067,-0.983398,-0.983398,1.710902,-0.653858,0.308046,-0.024328,0.166383,0.350108
615,real,-0.968100,0.143820,0.000000,0.000000,0.000000,0.000000,0.000000,0.000000,0.000000,0.000000,0.000000,0.000000,0.974042,23.680000,2.192067,-1.034544,-1.034544,1.710902,-0.653858,0.308046,-0.024328,0.166383,0.350108
616,real,-0.968100,0.143820,0.000000,0.000000,0.000000,0.000000,0.000000,0.000000,0.000000,0.000000,0.000000,0.000000,0.976213,23.680000,2.192067,-1.077788,-1.077788,1.781170,-0.715772,0.308046,-0.024328,0.166383,0.350108
617,real,-0.970986,0.085036,0.000000,0.000000,0.000000,0.000000,0.000000,0.000000,0.000000,0.000000,0.000000,0.000000,0.975533,25.830000,2.192067,-1.111337,-1.111337,1.781170,-0.715772,0.283232,-0.007218,0.119043,0.307232
618,real,-0.970986,0.085036,0.000000,0.000000,0.000000,0.000000,0.000000,0.000000,0.000000,0.000000,0.000000,0.000000,0.975159,25.830000,2.192067,-1.136106,-1.136106,1.781170,-0.715772,0.283232,-0.007218,0.119043,0.307232
619,real,-0.979163,0.107668,0.000000,0.000000,0.000000,0.000000,0.000000,0.000000,0.000000,0.000000,0.000000,0.000000,0.979926,19.830000,2.192067,-1.157333,-1.157333,1.812778,-0.755628,0.283232,-0.007218,0.119043,0.307232
620,real,-0.979163,0.107668,0.000000,0.000000,0.000000,0.000000,0.000000,0.000000,0.000000,0.000000,0.000000,0.000000,0.982332,19.830000,2.192067,-1.174400,-1.174400,1.812778,-0.755628,0.291535,0.000043,0.141438,0.324033
621,real,-0.971770,0.169426,0.000000,0.000000,0.000000,0.000000,0.000000,0.000000,0.000000,0.000000,0.000000,0.000000,0.984243,18.900000,2.192067,-1.184640,-1.184640,1.812778,-0.755628,0.291535,0.000043,0.141438,0.324033
622,real,-0.971770,0.169426,0.000000,0.000000,0.000000,0.000000,0.000000,0.000000,0.000000,0.000000,0.000000,0.000000,0.985248,18.900000,2.192067,-1.190784,-1.190784,1.841349,-0.790262,0.291535,0.000043,0.141438,0.324033
623,real,-0.967077,0.183430,0.000000,0.000000,0.000000,0.000000,0.000000,0.000000,0.000000,0.000000,0.000000,0.000000,0.984834,20.320000,2.192067,-1.194470,-1.194470,1.841349,-0.790262,0.263735,-0.016005,0.142637,0.299836
624,real,-0.963838,0.198374,0.000000,0.000000,0.000000,0.000000,0.000000,0.000000,0.000000,0.000000,0.000000,0.000000,0.984480,20.500000,2.192067,-1.194470,-1.194470,1.841349,-0.790262,0.263735,-0.016005,0.142637,0.299836
625,real,-0.963838,0.198374,0.000000,0.000000,0.000000,0.000000,0.000000,0.000000,0.000000,0.000000,0.000000,0.000000,0.984283,20.500000,2.192067,-1.194470,-1.194470,1.878822,-0.855451,0.263735,-0.016005,0.142637,0.299836
626,real,-0.962580,0.241962,0.000000,0.000000,0.000000,0.000000,0.000000,0.000000,0.000000,0.000000,0.000000,0.000000,0.988365,14.020000,1.315240,-1.194470,-1.194470,1.878822,-0.855451,0.288374,-0.010025,0.156474,0.328091
627,real,-0.962580,0.241962,0.000000,0.000000,0.000000,0.000000,0.000000,0.000000,0.000000,0.000000,0.000000,0.000000,0.990351,14.020000,0.789144,-1.194470,-1.194470,1.878822,-0.855451,0.288374,-0.010025,0.156474,0.328091
628,real,-0.952544,0.286049,0.000000,0.000000,0.000000,0.000000,0.000000,0.000000,0.000000,0.000000,0.000000,0.000000,0.992398,11.950000,0.473486,-1.194470,-1.194470,1.905143,-0.911886,0.288374,-0.010025,0.156474,0.328091
629,real,-0.952544,0.286049,0.000000,0.000000,0.000000,0.000000,0.000000,0.000000,0.000000,0.000000,0.000000,0.000000,0.993421,11.950000,0.284092,-1.194470,-1.194470,1.905143,-0.911886,0.292598,0.002733,0.146038,0.327018
630,real,-0.941464,0.305537,0.000000,0.000000,0.000000,0.000000,0.000000,0.000000,0.000000,0.000000,0.000000,0.000000,0.991890,16.380000,0.170455,-1.194470,-1.194470,1.905143,-0.911886,0.292598,0.002733,0.146038,0.327018
631,real,-0.941283,0.317326,0.000000,0.000000,0.000000,0.000000,0.000000,0.000000,0.000000,0.000000,0.000000,0.000000,0.992557,13.240000,0.102273,-1.194470,-1.194470,1.779673,-0.956983,0.292598,0.002733,0.146038,0.327018
632,real,-0.941283,0.317326,0.000000,0.000000,0.000000,0.000000,0.000000,0.000000,0.000000,0.000000,0.000000,0.000000,0.992911,13.240000,0.061364,-1.194470,-1.194470,1.779673,-0.956983,0.307727,-0.001260,0.120688,0.330547
633,real,-0.936268,0.342903,0.000000,0.000000,0.000000,0.000000,0.000000,0.000000,0.000000,0.000000,0.000000,0.000000,0.995016,8.750000,0.036818,-1.194470,-1.194470,1.779673,-0.956983,0.307727,-0.001260,0.120688,0.330547
634,real,-0.936268,0.342903,0.000000,0.000000,0.000000,0.000000,0.000000,0.000000,0.000000,0.000000,0.000000,0.000000,0.996016,8.750000,0.022091,-1.194470,-1.194470,1.801813,-1.012842,0.307727,-0.001260,0.120688,0.330547
635,real,-0.928750,0.359213,0.000000,0.000000,0.000000,0.000000,0.000000,0.000000,0.000000,0.000000,0.000000,0.000000,0.995918,10.510000,0.013255,-1.194470,-1.194470,1.801813,-1.012842,0.321421,-0.000247,0.116221,0.341787
636,real,-0.931349,0.354810,0.000000,0.000000,0.000000,0.000000,0.000000,0.000000,0.000000,0.000000,0.000000,0.000000,0.996254,9.390000,0.007953,-1.194470,-1.194470,1.801813,-1.012842,0.321421,-0.000247,0.116221,0.341787
637,real,-0.926289,0.363009,0.000000,0.000000,0.000000,0.000000,0.000000,0.000000,0.000000,0.000000,0.000000,0.000000,0.995662,11.600000,0.007953,-1.194470,-1.194470,1.680776,-1.058957,0.321421,-0.000247,0.116221,0.341787
638,real,-0.926289,0.363009,0.000000,0.000000,0.000000,0.000000,0.000000,0.000000,0.000000,0.000000,0.000000,0.000000,0.995319,11.600000,0.007953,-1.194470,-1.194470,1.680776,-1.058957,0.328257,-0.015205,0.125410,0.351397
639,real,-0.922180,0.370060,0.000000,0.000000,0.000000,0.000000,0.000000,0.000000,0.000000,0.000000,0.000000,0.000000,0.994603,12.910000,0.007953,-1.194470,-1.194470,1.680776,-1.058957,0.328257,-0.015205,0.125410,0.351397
640,real,-0.922180,0.370060,0.000000,0.000000,0.000000,0.000000,0.000000,0.000000,0.000000,0.000000,0.000000,0.000000,0.994188,12.910000,0.007953,-1.194470,-1.194470,1.698531,-1.113804,0.328257,-0.015205,0.125410,0.351397
641,real,-0.922338,0.369189,0.000000,0.000000,0.000000,0.000000,0.000000,0.000000,0.000000,0.000000,0.000000,0.000000,0.993876,13.090000,0.007953,-1.194470,-1.194470,1.698531,-1.113804,0.339882,0.009601,0.121724,0.361021
642,real,-0.922845,0.370888,0.000000,0.000000,0.000000,0.000000,0.000000,0.000000,0.000000,0.000000,0.000000,0.000000,0.994201,11.930000,0.007953,-1.194470,-1.194470,1.698531,-1.113804,0.339882,0.009601,0.121724,0.361021
643,real,-0.922845,0.370888,0.000000,0.000000,0.000000,0.000000,0.000000,0.000000,0.000000,0.000000,0.000000,0.000000,0.994375,11.930000,0.007953,-1.194470,-1.194470,1.581569,-1.159536,0.339882,0.009601,0.121724,0.361021
644,real,-0.917934,0.376472,0.000000,0.000000,0.000000,0.000000,0.000000,0.000000,0.000000,0.000000,0.000000,0.000000,0.993414,14.380000,0.007953,-1.194470,-1.194470,1.581569,-1.159536,0.351617,0.013103,0.143051,0.379603
645,real,-0.916181,0.383904,0.000000,0.000000,0.000000,0.000000,0.000000,0.000000,0.000000,0.000000,0.000000,0.000000,0.993391,13.210000,0.007953,-1.194470,-1.194470,1.581569,-1.159536,0.351617,0.013103,0.143051,0.379603
646,real,-0.912020,0.387881,0.000000,0.000000,0.000000,0.000000,0.000000,0.000000,0.000000,0.000000,0.000000,0.000000,0.992392,15.320000,0.007953,-1.194470,-1.194470,1.593840,-1.194114,0.351617,0.013103,0.143051,0.379603
647,real,-0.912020,0.387881,0.000000,0.000000,0.000000,0.000000,0.000000,0.000000,0.000000,0.000000,0.000000,0.000000,0.991813,15.320000,0.007953,-1.194470,-1.194470,1.593840,-1.194114,0.368030,0.000102,0.179624,0.409525
648,real,-0.911537,0.393985,0.000000,0.000000,0.000000,0.000000,0.000000,0.000000,0.000000,0.000000,0.000000,0.000000,0.992376,13.530000,0.007953,-1.194470,-1.194470,1.593840,-1.194114,0.368030,0.000102,0.179624,0.409525
649,real,-0.911537,0.393985,0.000000,0.000000,0.000000,0.000000,0.000000,0.000000,0.000000,0.000000,0.000000,0.000000,0.992678,13.530000,0.007953,-1.194470,-1.194470,1.482334,-1.194131,0.368030,0.000102,0.179624,0.409525
650,real,-0.909978,0.393405,0.000000,0.000000,0.000000,0.000000,0.000000,0.000000,0.000000,0.000000,0.000000,0.000000,0.992105,15.060000,0.007953,-1.194470,-1.194470,1.482334,-1.194131,0.377435,0.000059,0.201200,0.427713
651,real,-0.909978,0.393405,0.000000,0.000000,0.000000,0.000000,0.000000,0.000000,0.000000,0.000000,0.000000,0.000000,0.991781,15.060000,0.007953,-1.194470,-1.194470,1.482334,-1.194131,0.377435,0.000059,0.201200,0.427713
652,real,-0.909978,0.393405,0.000000,0.000000,0.000000,0.000000,0.000000,0.000000,0.000000,0.000000,0.000000,0.000000,0.991600,15.060000,0.007953,-1.194470,-1.194470,1.490746,-1.194147,0.377435,0.000059,0.201200,0.427713
653,real,-0.911898,0.400770,0.000000,0.000000,0.000000,0.000000,0.000000,0.000000,0.000000,0.000000,0.000000,0.000000,0.993824,10.150000,0.007953,-1.194470,-1.194470,1.490746,-1.194147,0.377503,0.000067,0.246414,0.450809
654,real,-0.911898,0.400770,0.000000,0.000000,0.000000,0.000000,0.000000,0.000000,0.000000,0.000000,0.000000,0.000000,0.994902,10.150000,0.007953,-1.194470,-1.194470,1.490746,-1.194147,0.377503,0.000067,0.246414,0.450809
655,real,-0.910873,0.400035,0.000000,0.000000,0.000000,0.000000,0.000000,0.000000,0.000000,0.000000,0.000000,0.000000,0.994877,11.640000,0.007953,-1.194470,-1.194470,1.382637,-1.194089,0.377503,0.000067,0.246414,0.450809
656,real,-0.910873,0.400035,0.000000,0.000000,0.000000,0.000000,0.000000,0.000000,0.000000,0.000000,0.000000,0.000000,0.994863,11.640000,0.007953,-1.194470,-1.194470,1.382637,-1.194089,0.382233,0.000052,0.270584,0.468314
657,real,-0.911948,0.400032,0.000000,0.000000,0.000000,0.000000,0.000000,0.000000,0.000000,0.000000,0.000000,0.000000,0.995310,10.470000,0.007953,-1.194470,-1.194470,1.382637,-1.194089,0.382233,0.000052,0.270584,0.468314
658,real,-0.911948,0.400032,0.000000,0.000000,0.000000,0.000000,0.000000,0.000000,0.000000,0.000000,0.000000,0.000000,0.995547,10.470000,0.007953,-1.194470,-1.194470,1.386372,-1.194070,0.382233,0.000052,0.270584,0.468314
659,real,-0.906639,0.418830,0.000000,0.000000,0.000000,0.000000,0.000000,0.000000,0.000000,0.000000,0.000000,0.000000,0.997202,5.830000,0.007953,-1.194470,-1.194470,1.386372,-1.194070,0.373570,0.000060,0.314891,0.488580
660,real,-0.902439,0.423790,0.000000,0.000000,0.000000,0.000000,0.000000,0.000000,0.000000,0.000000,0.000000,0.000000,0.997109,8.890000,0.007953,-1.194470,-1.194470,1.386372,-1.194070,0.373570,0.000060,0.314891,0.488580
661,real,-0.902439,0.423790,0.000000,0.000000,0.000000,0.000000,0.000000,0.000000,0.000000,0.000000,0.000000,0.000000,0.997057,8.890000,0.007953,-1.194470,-1.194470,1.282912,-1.194052,0.373570,0.000060,0.314891,0.488580
662,real,-0.900905,0.429613,0.000000,0.000000,0.000000,0.000000,0.000000,0.000000,0.000000,0.000000,0.000000,0.000000,0.997553,7.070000,0.007953,-1.194470,-1.194470,1.282912,-1.194052,0.370996,0.000045,0.331356,0.497428
663,real,-0.900905,0.429613,0.000000,0.000000,0.000000,0.000000,0.000000,0.000000,0.000000,0.000000,0.000000,0.000000,0.997806,7.070000,0.007953,-1.194470,-1.194470,1.282912,-1.194052,0.370996,0.000045,0.331356,0.497428
664,real,-0.905168,0.421510,0.000000,0.000000,0.000000,0.000000,0.000000,0.000000,0.000000,0.000000,0.000000,0.000000,0.998134,6.280000,0.007953,-1.194470,-1.194470,1.282202,-1.194036,0.370996,0.000045,0.331356,0.497428
665,real,-0.905168,0.421510,0.000000,0.000000,0.000000,0.000000,0.000000,0.000000,0.000000,0.000000,0.000000,0.000000,0.998303,6.280000,0.007953,-1.194470,-1.194470,1.282202,-1.194036,0.353572,0.000054,0.359718,0.504391
666,real,-0.906218,0.417964,0.000000,0.000000,0.000000,0.000000,0.000000,0.000000,0.000000,0.000000,0.000000,0.000000,0.998153,7.320000,0.007953,-1.194470,-1.194470,1.282202,-1.194036,0.353572,0.000054,0.359718,0.504391
667,real,-0.906218,0.417964,0.000000,0.000000,0.000000,0.000000,0.000000,0.000000,0.000000,0.000000,0.000000,0.000000,0.998067,7.320000,0.007953,-1.194470,-1.194470,1.182926,-1.194021,0.353572,0.000054,0.359718,0.504391
668,real,-0.912072,0.397906,0.000000,0.000000,0.000000,0.000000,0.000000,0.000000,0.000000,0.000000,0.000000,0.000000,0.996896,11.360000,0.007953,-1.194470,-1.194470,1.182926,-1.194021,0.346807,0.000038,0.369513,0.506769
669,real,-0.904328,0.425255,0.000000,0.000000,0.000000,0.000000,0.000000,0.000000,0.000000,0.000000,0.000000,0.000000,0.998208,4.210000,0.007953,-1.194470,-1.194470,1.182926,-1.194021,0.346807,0.000038,0.369513,0.506769
670,real,-0.904328,0.425255,0.000000,0.000000,0.000000,0.000000,0.000000,0.000000,0.000000,0.000000,0.000000,0.000000,0.998777,4.210000,0.007953,-1.194470,-1.194470,1.178286,-1.194009,0.346807,0.000038,0.369513,0.506769
671,real,-0.900545,0.430889,0.000000,0.000000,0.000000,0.000000,0.000000,0.000000,0.000000,0.000000,0.000000,0.000000,0.998581,6.640000,0.007953,-1.194470,-1.194470,1.178286,-1.194009,0.327969,0.000046,0.394059,0.512685
672,real,-0.900545,0.430889,0.000000,0.000000,0.000000,0.000000,0.000000,0.000000,0.000000,0.000000,0.000000,0.000000,0.998467,6.640000,0.007953,-1.194470,-1.194470,1.178286,-1.194009,0.327969,0.000046,0.394059,0.512685
673,real,-0.903170,0.428664,0.000000,0.000000,0.000000,0.000000,0.000000,0.000000,0.000000,0.000000,0.000000,0.000000,0.999167,2.640000,0.007953,-1.194470,-1.194470,1.082742,-1.194046,0.327969,0.000046,0.394059,0.512685
674,real,-0.918928,0.386943,0.000000,0.000000,0.000000,0.000000,0.000000,0.000000,0.000000,0.000000,0.000000,0.000000,0.998382,8.770000,0.007953,-1.194470,-1.194470,1.082742,-1.194046,0.320740,0.000029,0.402566,0.514717
675,real,-0.918928,0.386943,0.000000,0.000000,0.000000,0.000000,0.000000,0.000000,0.000000,0.000000,0.000000,0.000000,0.997840,8.770000,0.007953,-1.194470,-1.194470,1.082742,-1.194046,0.320740,0.000029,0.402566,0.514717
676,real,-0.928619,0.345627,0.000000,0.000000,0.000000,0.000000,0.000000,0.000000,0.000000,0.000000,0.000000,0.000000,0.995292,15.510000,0.007953,-1.194470,-1.194470,1.075448,-1.194039,0.320740,0.000029,0.402566,0.514717
677,real,-0.928619,0.345627,0.000000,0.000000,0.000000,0.000000,0.000000,0.000000,0.000000,0.000000,0.000000,0.000000,0.993473,15.510000,0.007953,-1.194470,-1.194470,1.075448,-1.194039,0.298936,0.000037,0.425759,0.520224
678,real,-0.944330,0.321292,0.000000,0.000000,0.000000,0.000000,0.000000,0.000000,0.000000,0.000000,0.000000,0.000000,0.995513,8.120000,0.007953,-1.194470,-1.194470,1.075448,-1.194039,0.298936,0.000037,0.425759,0.520224
679,real,-0.944330,0.321292,0.000000,0.000000,0.000000,0.000000,0.000000,0.000000,0.000000,0.000000,0.000000,0.000000,0.996474,8.120000,0.007953,-1.194470,-1.194470,0.982920,-1.194025,0.298936,0.000037,0.425759,0.520224
680,real,-0.950306,0.288453,0.000000,0.000000,0.000000,0.000000,0.000000,0.000000,0.000000,0.000000,0.000000,0.000000,0.995101,13.450000,0.007953,-1.194470,-1.194470,0.982920,-1.194025,0.289388,0.000021,0.434892,0.522376
681,real,-0.949027,0.292321,0.000000,0.000000,0.000000,0.000000,0.000000,0.000000,0.000000,0.000000,0.000000,0.000000,0.994213,13.540000,0.007953,-1.194470,-1.194470,0.982920,-1.194025,0.289388,0.000021,0.434892,0.522376
682,real,-0.949027,0.292321,0.000000,0.000000,0.000000,0.000000,0.000000,0.000000,0.000000,0.000000,0.000000,0.000000,0.993693,13.540000,0.007953,-1.194470,-1.194470,0.971502,-1.193975,0.289388,0.000021,0.434892,0.522376
683,real,-0.942877,0.294035,0.000000,0.000000,0.000000,0.000000,0.000000,0.000000,0.000000,0.000000,0.000000,0.000000,0.991225,18.020000,0.007953,-1.194470,-1.194470,0.971502,-1.193975,0.266819,0.000027,0.454396,0.526942
684,real,-0.942877,0.294035,0.000000,0.000000,0.000000,0.000000,0.000000,0.000000,0.000000,0.000000,0.000000,0.000000,0.989695,18.020000,0.007953,-1.194470,-1.194470,0.971502,-1.193975,0.266819,0.000027,0.454396,0.526942
685,real,-0.939377,0.277365,0.000000,0.000000,0.000000,0.000000,0.000000,0.000000,0.000000,0.000000,0.000000,0.000000,0.985522,23.260000,0.007953,-1.194470,-1.194470,0.882602,-1.193970,0.266819,0.000027,0.454396,0.526942
686,real,-0.939377,0.277365,0.000000,0.000000,0.000000,0.000000,0.000000,0.000000,0.000000,0.000000,0.000000,0.000000,0.982927,23.260000,0.007953,-1.194470,-1.194470,0.882602,-1.193970,0.256802,0.000012,0.462213,0.528761
687,real,-0.959696,0.180296,0.000000,0.000000,0.000000,0.000000,0.000000,0.000000,0.000000,0.000000,0.000000,0.000000,0.980153,24.900000,0.007953,-1.194470,-1.194470,0.882602,-1.193970,0.256802,0.000012,0.462213,0.528761
688,real,-0.959696,0.180296,0.000000,0.000000,0.000000,0.000000,0.000000,0.000000,0.000000,0.000000,0.000000,0.000000,0.978536,24.900000,0.007953,-1.194470,-1.194470,0.867714,-1.193962,0.256802,0.000012,0.462213,0.528761
689,real,-0.965923,0.118943,0.000000,0.000000,0.000000,0.000000,0.000000,0.000000,0.000000,0.000000,0.000000,0.000000,0.976210,26.580000,0.007953,-1.194470,-1.194470,0.867714,-1.193962,0.231949,0.000017,0.479660,0.532799
690,real,-0.965923,0.118943,0.000000,0.000000,0.000000,0.000000,0.000000,0.000000,0.000000,0.000000,0.000000,0.000000,0.974881,26.580000,0.884772,-1.194470,-1.194470,0.867714,-1.193962,0.231949,0.000017,0.479660,0.532799
691,real,-0.968676,-0.043649,0.000000,0.000000,0.000000,0.000000,0.000000,0.000000,0.000000,0.000000,0.000000,0.000000,0.972584,28.300000,1.410863,-1.194470,-1.194470,0.786596,-1.193964,0.231949,0.000017,0.479660,0.532799
692,real,-0.968676,-0.043649,0.000000,0.000000,0.000000,0.000000,0.000000,0.000000,0.000000,0.000000,0.000000,0.000000,0.971273,28.300000,1.726518,-1.194470,-1.194470,0.786596,-1.193964,0.220587,0.000004,0.486795,0.534442
693,real,-0.929427,-0.099163,0.000000,0.000000,0.000000,0.000000,0.000000,0.000000,0.000000,0.000000,0.000000,0.000000,0.956566,41.640000,1.915911,-1.183424,-1.183424,0.786596,-1.193964,0.220587,0.000004,0.486795,0.534442
694,real,-0.929427,-0.099163,0.000000,0.000000,0.000000,0.000000,0.000000,0.000000,0.000000,0.000000,0.000000,0.000000,0.947207,41.640000,2.029546,-1.165396,-1.165396,0.884555,-1.193529,0.220587,0.000004,0.486795,0.534442
695,real,-0.860164,-0.230722,0.000000,0.000000,0.000000,0.000000,0.000000,0.000000,0.000000,0.000000,0.000000,0.000000,0.924056,54.110000,2.097728,-1.137407,-1.137407,0.884555,-1.193529,0.194839,0.000009,0.501206,0.537745
696,real,-0.821324,-0.298045,0.000000,0.000000,0.000000,0.000000,0.000000,0.000000,0.000000,0.000000,0.000000,0.000000,0.902633,58.210000,2.138637,-1.101594,-1.101594,0.884555,-1.193529,0.194839,0.000009,0.501206,0.537745
697,real,-0.821324,-0.298045,0.000000,0.000000,0.000000,0.000000,0.000000,0.000000,0.000000,0.000000,0.000000,0.000000,0.889863,58.210000,2.163182,-1.063434,-1.063434,0.889990,-1.179683,0.194839,0.000009,0.501206,0.537745
698,real,-0.831711,-0.307247,0.000000,0.000000,0.000000,0.000000,0.000000,0.000000,0.000000,0.000000,0.000000,0.000000,0.888361,55.090000,2.177909,-1.029238,-1.029238,0.889990,-1.179683,0.181421,0.000001,0.507822,0.539256
699,real,-0.831711,-0.307247,0.000000,0.000000,0.000000,0.000000,0.000000,0.000000,0.000000,0.000000,0.000000,0.000000,0.887573,55.090000,2.186746,-1.001164,-1.001164,0.889990,-1.179683,0.181421,0.000001,0.507822,0.539256
700,real,-0.851997,-0.302210,0.000000,0.000000,0.000000,0.000000,0.000000,0.000000,0.000000,0.000000,0.000000,0.000000,0.895131,50.620000,2.192047,-0.981918,-0.981918,0.984571,-1.100332,0.181421,0.000001,0.507822,0.539256
701,real,-0.851997,-0.302210,0.000000,0.000000,0.000000,0.000000,0.000000,0.000000,0.000000,0.000000,0.000000,0.000000,0.899175,50.620000,2.192047,-0.970371,-0.970371,0.984571,-1.100332,0.155715,0.000002,0.518916,0.541776
702,real,-0.860423,-0.291990,0.000000,0.000000,0.000000,0.000000,0.000000,0.000000,0.000000,0.000000,0.000000,0.000000,0.903482,49.370000,2.192047,-0.963443,-0.963443,0.984571,-1.100332,0.155715,0.000002,0.518916,0.541776
703,real,-0.860423,-0.291990,0.000000,0.000000,0.000000,0.000000,0.000000,0.000000,0.000000,0.000000,0.000000,0.000000,0.905810,49.370000,2.192047,-0.963443,-0.963443,0.993661,-1.076045,0.155715,0.000002,0.518916,0.541776
704,real,-0.862506,-0.296395,0.000000,0.000000,0.000000,0.000000,0.000000,0.000000,0.000000,0.000000,0.000000,0.000000,0.908627,48.430000,2.192047,-0.963443,-0.963443,0.993661,-1.076045,0.139930,0.000000,0.524769,0.543105
705,real,-0.853811,-0.291992,0.000000,0.000000,0.000000,0.000000,0.000000,0.000000,0.000000,0.000000,0.000000,0.000000,0.905831,51.060000,2.192047,-0.963443,-0.963443,0.993661,-1.076045,0.139930,0.000000,0.524769,0.543105
706,real,-0.853811,-0.291992,0.000000,0.000000,0.000000,0.000000,0.000000,0.000000,0.000000,0.000000,0.000000,0.000000,0.904276,51.060000,2.192047,-0.963443,-0.963443,1.084923,-0.998834,0.139930,0.000000,0.524769,0.543105
707,real,-0.886710,-0.262487,0.000000,0.000000,0.000000,0.000000,0.000000,0.000000,0.000000,0.000000,0.000000,0.000000,0.913778,44.740000,2.192047,-0.967121,-0.967121,1.084923,-0.998834,0.130066,0.000001,0.528066,0.543848
708,real,-0.886710,-0.262487,0.000000,0.000000,0.000000,0.000000,0.000000,0.000000,0.000000,0.000000,0.000000,0.000000,0.918804,44.740000,2.192047,-0.973383,-0.973383,1.084923,-0.998834,0.130066,0.000001,0.528066,0.543848
709,real,-0.885227,-0.277837,0.000000,0.000000,0.000000,0.000000,0.000000,0.000000,0.000000,0.000000,0.000000,0.000000,0.922918,43.810000,2.192047,-0.981339,-0.981339,1.095773,-0.975956,0.130066,0.000001,0.528066,0.543848
710,real,-0.894120,-0.250989,0.000000,0.000000,0.000000,0.000000,0.000000,0.000000,0.000000,0.000000,0.000000,0.000000,0.925539,43.540000,2.192047,-0.989856,-0.989856,1.095773,-0.975956,0.158409,0.000000,0.516967,0.540693
711,real,-0.882495,-0.256806,0.000000,0.000000,0.000000,0.000000,0.000000,0.000000,0.000000,0.000000,0.000000,0.000000,0.922673,46.410000,2.192047,-0.994967,-0.994967,1.095773,-0.975956,0.158409,0.000000,0.516967,0.540693
712,real,-0.882495,-0.256806,0.000000,0.000000,0.000000,0.000000,0.000000,0.000000,0.000000,0.000000,0.000000,0.000000,0.921075,46.410000,2.192047,-0.994967,-0.994967,1.185097,-0.973606,0.158409,0.000000,0.516967,0.540693
713,real,-0.863637,-0.285370,0.000000,0.000000,0.000000,0.000000,0.000000,0.000000,0.000000,0.000000,0.000000,0.000000,0.915987,49.110000,2.192047,-0.994967,-0.994967,1.185097,-0.973606,0.175874,0.000000,0.500874,0.530854
714,real,-0.867127,-0.262710,0.000000,0.000000,0.000000,0.000000,0.000000,0.000000,0.000000,0.000000,0.000000,0.000000,0.911580,50.070000,2.192047,-0.994967,-0.994967,1.185097,-0.973606,0.175874,0.000000,0.500874,0.530854
715,real,-0.867127,-0.262710,0.000000,0.000000,0.000000,0.000000,0.000000,0.000000,0.000000,0.000000,0.000000,0.000000,0.909111,50.070000,2.192047,-0.994967,-0.994967,1.196053,-0.994790,0.175874,0.000000,0.500874,0.530854
716,real,-0.856640,-0.266650,0.000000,0.000000,0.000000,0.000000,0.000000,0.000000,0.000000,0.000000,0.000000,0.000000,0.903828,52.420000,2.192047,-0.988909,-0.988909,1.196053,-0.994790,0.207353,-0.000000,0.467536,0.511454
717,real,-0.856640,-0.266650,0.000000,0.000000,0.000000,0.000000,0.000000,0.000000,0.000000,0.000000,0.000000,0.000000,0.900863,52.420000,2.192047,-0.981908,-0.981908,1.196053,-0.994790,0.207353,-0.000000,0.467536,0.511454
718,real,-0.914790,-0.176658,0.000000,0.000000,0.000000,0.000000,0.000000,0.000000,0.000000,0.000000,0.000000,0.000000,0.915410,42.600000,2.192047,-0.981908,-0.981908,1.282901,-0.994202,0.207353,-0.000000,0.467536,0.511454
719,real,-0.911967,-0.169270,0.000000,0.000000,0.000000,0.000000,0.000000,0.000000,0.000000,0.000000,0.000000,0.000000,0.921001,43.890000,2.192047,-0.981908,-0.981908,1.282901,-0.994202,0.220902,-0.000000,0.447920,0.499430
720,real,-0.932719,-0.125446,0.000000,0.000000,0.000000,0.000000,0.000000,0.000000,0.000000,0.000000,0.000000,0.000000,0.930426,39.520000,2.192047,-0.990991,-0.990991,1.282901,-0.994202,0.220902,-0.000000,0.447920,0.499430
721,real,-0.932719,-0.125446,0.000000,0.000000,0.000000,0.000000,0.000000,0.000000,0.000000,0.000000,0.000000,0.000000,0.935359,39.520000,2.192047,-1.002569,-1.002569,1.299263,-0.981985,0.220902,-0.000000,0.447920,0.499430
722,real,-0.909446,-0.151210,0.000000,0.000000,0.000000,0.000000,0.000000,0.000000,0.000000,0.000000,0.000000,0.000000,0.929461,45.580000,2.192047,-1.011080,-1.011080,1.299263,-0.981985,0.244754,-0.000001,0.410392,0.477835
723,real,-0.917482,-0.130332,0.000000,0.000000,0.000000,0.000000,0.000000,0.000000,0.000000,0.000000,0.000000,0.000000,0.928222,44.150000,2.192047,-1.016186,-1.016186,1.299263,-0.981985,0.244754,-0.000001,0.410392,0.477835
724,real,-0.917482,-0.130332,0.000000,0.000000,0.000000,0.000000,0.000000,0.000000,0.000000,0.000000,0.000000,0.000000,0.927536,44.150000,2.192047,-1.016186,-1.016186,1.383400,-0.991358,0.244754,-0.000001,0.410392,0.477835
725,real,-0.925163,-0.118598,0.000000,0.000000,0.000000,0.000000,0.000000,0.000000,0.000000,0.000000,0.000000,0.000000,0.929899,42.270000,2.192047,-1.016186,-1.016186,1.383400,-0.991358,0.252887,-0.000001,0.397379,0.471023
726,real,-0.964711,-0.083299,0.000000,0.000000,0.000000,0.000000,0.000000,0.000000,0.000000,0.000000,0.000000,0.000000,0.948993,28.930000,2.192047,-1.028719,-1.028719,1.383400,-0.991358,0.252887,-0.000001,0.397379,0.471023
727,real,-0.964711,-0.083299,0.000000,0.000000,0.000000,0.000000,0.000000,0.000000,0.000000,0.000000,0.000000,0.000000,0.958249,28.930000,2.192047,-1.046962,-1.046962,1.402616,-1.016189,0.252887,-0.000001,0.397379,0.471023
728,real,-0.936948,-0.112803,0.000000,0.000000,0.000000,0.000000,0.000000,0.000000,0.000000,0.000000,0.000000,0.000000,0.951961,38.630000,2.192047,-1.061732,-1.061732,1.402616,-1.016189,0.272153,-0.000001,0.379555,0.467043
729,real,-0.936948,-0.112803,0.000000,0.000000,0.000000,0.000000,0.000000,0.000000,0.000000,0.000000,0.000000,0.000000,0.948325,38.630000,2.192047,-1.070594,-1.070594,1.402616,-1.016189,0.272153,-0.000001,0.379555,0.467043
730,real,-0.936948,-0.112803,0.000000,0.000000,0.000000,0.000000,0.000000,0.000000,0.000000,0.000000,0.000000,0.000000,0.946273,38.630000,2.192047,-1.075911,-1.075911,1.483990,-1.029577,0.272153,-0.000001,0.379555,0.467043
731,real,-0.964521,-0.081671,0.000000,0.000000,0.000000,0.000000,0.000000,0.000000,0.000000,0.000000,0.000000,0.000000,0.956716,29.080000,2.192047,-1.083944,-1.083944,1.483990,-1.029577,0.280674,-0.000001,0.376089,0.469277
732,real,-0.964521,-0.081671,0.000000,0.000000,0.000000,0.000000,0.000000,0.000000,0.000000,0.000000,0.000000,0.000000,0.961991,29.080000,2.192047,-1.094680,-1.094680,1.483990,-1.029577,0.280674,-0.000001,0.376089,0.469277
733,real,-0.964521,-0.081671,0.000000,0.000000,0.000000,0.000000,0.000000,0.000000,0.000000,0.000000,0.000000,0.000000,0.964747,29.080000,2.192047,-1.106488,-1.106488,1.505978,-1.071007,0.280674,-0.000001,0.376089,0.469277
734,real,-0.968290,-0.072891,0.000000,0.000000,0.000000,0.000000,0.000000,0.000000,0.000000,0.000000,0.000000,0.000000,0.967650,27.650000,2.192047,-1.118729,-1.118729,1.505978,-1.071007,0.296870,-0.000001,0.355057,0.462814
735,real,-0.968290,-0.072891,0.000000,0.000000,0.000000,0.000000,0.000000,0.000000,0.000000,0.000000,0.000000,0.000000,0.969194,27.650000,2.192047,-1.130341,-1.130341,1.505978,-1.071007,0.296870,-0.000001,0.355057,0.462814
736,real,-0.938448,-0.138411,0.000000,0.000000,0.000000,0.000000,0.000000,0.000000,0.000000,0.000000,0.000000,0.000000,0.960562,36.900000,2.192047,-1.135199,-1.135199,1.584611,-1.095741,0.296870,-0.000001,0.355057,0.462814
737,real,-0.938448,-0.138411,0.000000,0.000000,0.000000,0.000000,0.000000,0.000000,0.000000,0.000000,0.000000,0.000000,0.955363,36.900000,2.192047,-1.135199,-1.135199,1.584611,-1.095741,0.307135,-0.000001,0.339426,0.457757
738,real,-0.926848,-0.158762,0.000000,0.000000,0.000000,0.000000,0.000000,0.000000,0.000000,0.000000,0.000000,0.000000,0.948861,39.780000,2.192047,-1.128270,-1.128270,1.584611,-1.095741,0.307135,-0.000001,0.339426,0.457757
739,real,-0.926848,-0.158762,0.000000,0.000000,0.000000,0.000000,0.000000,0.000000,0.000000,0.000000,0.000000,0.000000,0.945104,39.780000,2.192047,-1.118618,-1.118618,1.608349,-1.129992,0.307135,-0.000001,0.339426,0.457757
740,real,-0.896448,-0.308672,0.000000,0.000000,0.000000,0.000000,0.000000,0.000000,0.000000,0.000000,0.000000,0.000000,0.946452,37.080000,2.192047,-1.109871,-1.109871,1.608349,-1.129992,0.319954,-0.000001,0.327151,0.457600
741,real,-0.896448,-0.308672,0.000000,0.000000,0.000000,0.000000,0.000000,0.000000,0.000000,0.000000,0.000000,0.000000,0.947199,37.080000,2.192047,-1.103046,-1.103046,1.608349,-1.129992,0.319954,-0.000001,0.327151,0.457600
742,real,-0.896953,-0.106241,0.000000,0.000000,0.000000,0.000000,0.000000,0.000000,0.000000,0.000000,0.000000,0.000000,0.928964,50.830000,2.192047,-1.090111,-1.090111,1.685269,-1.127302,0.319954,-0.000001,0.327151,0.457600
743,real,-0.896953,-0.106241,0.000000,0.000000,0.000000,0.000000,0.000000,0.000000,0.000000,0.000000,0.000000,0.000000,0.917769,50.830000,2.192047,-1.072275,-1.072275,1.685269,-1.127302,0.330482,-0.000001,0.319408,0.459608
744,real,-0.913891,-0.069598,0.000000,0.000000,0.000000,0.000000,0.000000,0.000000,0.000000,0.000000,0.000000,0.000000,0.917179,47.150000,2.192047,-1.054800,-1.054800,1.685269,-1.127302,0.330482,-0.000001,0.319408,0.459608
745,real,-0.913891,-0.069598,0.000000,0.000000,0.000000,0.000000,0.000000,0.000000,0.000000,0.000000,0.000000,0.000000,0.916878,47.150000,2.192047,-1.039806,-1.039806,1.711408,-1.100958,0.330482,-0.000001,0.319408,0.459608
746,real,-0.932764,-0.036730,0.000000,0.000000,0.000000,0.000000,0.000000,0.000000,0.000000,0.000000,0.000000,0.000000,0.924573,42.030000,2.192047,-1.030809,-1.030809,1.711408,-1.100958,0.343568,-0.000002,0.307900,0.461348
747,real,-0.932764,-0.036730,0.000000,0.000000,0.000000,0.000000,0.000000,0.000000,0.000000,0.000000,0.000000,0.000000,0.928656,42.030000,2.192047,-1.027021,-1.027021,1.711408,-1.100958,0.343568,-0.000002,0.307900,0.461348
748,real,-0.932764,-0.036730,0.000000,0.000000,0.000000,0.000000,0.000000,0.000000,0.000000,0.000000,0.000000,0.000000,0.930852,42.030000,2.192047,-1.027021,-1.027021,1.786027,-1.053864,0.343568,-0.000002,0.307900,0.461348
749,real,-0.937662,-0.009165,0.000000,0.000000,0.000000,0.000000,0.000000,0.000000,0.000000,0.000000,0.000000,0.000000,0.933981,40.660000,2.192047,-1.027021,-1.027021,1.786027,-1.053864,0.355443,-0.000002,0.303789,0.467577
750,real,-0.937662,-0.009165,0.000000,0.000000,0.000000,0.000000,0.000000,0.000000,0.000000,0.000000,0.000000,0.000000,0.935672,40.660000,2.192047,-1.031566,-1.031566,1.786027,-1.053864,0.355443,-0.000002,0.303789,0.467577
751,real,-0.950558,0.041419,0.000000,0.000000,0.000000,0.000000,0.000000,0.000000,0.000000,0.000000,0.000000,0.000000,0.943045,35.850000,2.192047,-1.039008,-1.039008,1.813597,-1.026980,0.355443,-0.000002,0.303789,0.467577
752,real,-0.957905,0.103808,0.000000,0.000000,0.000000,0.000000,0.000000,0.000000,0.000000,0.000000,0.000000,0.000000,0.952814,31.050000,2.192047,-1.051085,-1.051085,1.813597,-1.026980,0.368529,-0.000002,0.292604,0.470564
753,real,-0.957905,0.103808,0.000000,0.000000,0.000000,0.000000,0.000000,0.000000,0.000000,0.000000,0.000000,0.000000,0.957810,31.050000,2.192047,-1.065787,-1.065787,1.813597,-1.026980,0.368529,-0.000002,0.292604,0.470564
754,real,-0.957905,0.103808,0.000000,0.000000,0.000000,0.000000,0.000000,0.000000,0.000000,0.000000,0.000000,0.000000,0.960433,31.050000,2.192047,-1.080830,-1.080830,1.887263,-1.032730,0.368529,-0.000002,0.292604,0.470564
755,real,-0.956861,0.198853,0.000000,0.000000,0.000000,0.000000,0.000000,0.000000,0.000000,0.000000,0.000000,0.000000,0.968603,24.460000,2.192047,-1.098490,-1.098490,1.887263,-1.032730,0.377982,-0.000002,0.283024,0.472200
756,real,-0.948961,0.279024,0.000000,0.000000,0.000000,0.000000,0.000000,0.000000,0.000000,0.000000,0.000000,0.000000,0.979171,16.910000,2.192047,-1.121632,-1.121632,1.887263,-1.032730,0.377982,-0.000002,0.283024,0.472200
757,real,-0.948961,0.279024,0.000000,0.000000,0.000000,0.000000,0.000000,0.000000,0.000000,0.000000,0.000000,0.000000,0.984078,16.910000,2.192047,-1.147506,-1.147506,1.916619,-1.067784,0.377982,-0.000002,0.283024,0.472200
758,real,-0.934805,0.350160,0.000000,0.000000,0.000000,0.000000,0.000000,0.000000,0.000000,0.000000,0.000000,0.000000,0.992221,6.810000,1.315228,-1.168504,-1.168504,1.916619,-1.067784,0.385060,-0.000002,0.257594,0.463278
759,real,-0.934805,0.350160,0.000000,0.000000,0.000000,0.000000,0.000000,0.000000,0.000000,0.000000,0.000000,0.000000,0.995471,6.810000,0.789137,-1.181102,-1.181102,1.916619,-1.067784,0.385060,-0.000002,0.257594,0.463278
760,real,-0.917343,0.369607,0.000000,0.000000,0.000000,0.000000,0.000000,0.000000,0.000000,0.000000,0.000000,0.000000,0.992909,17.010000,0.473482,-1.188661,-1.188661,1.980655,-1.123242,0.385060,-0.000002,0.257594,0.463278
761,real,-0.917343,0.369607,0.000000,0.000000,0.000000,0.000000,0.000000,0.000000,0.000000,0.000000,0.000000,0.000000,0.991255,17.010000,0.284089,-1.193197,-1.193197,1.980655,-1.123242,0.385204,-0.000002,0.227651,0.447445
762,real,-0.890311,0.442148,0.000000,0.000000,0.000000,0.000000,0.000000,0.000000,0.000000,0.000000,0.000000,0.000000,0.992585,12.500000,0.170454,-1.193197,-1.193197,1.980655,-1.123242,0.385204,-0.000002,0.227651,0.447445
763,real,-0.890311,0.442148,0.000000,0.000000,0.000000,0.000000,0.000000,0.000000,0.000000,0.000000,0.000000,0.000000,0.993269,12.500000,0.102272,-1.193197,-1.193197,1.819316,-1.168528,0.385204,-0.000002,0.227651,0.447445
764,real,-0.884379,0.441610,0.000000,0.000000,0.000000,0.000000,0.000000,0.000000,0.000000,0.000000,0.000000,0.000000,0.991281,17.390000,0.061363,-1.193197,-1.193197,1.819316,-1.168528,0.382941,-0.000002,0.195261,0.429849
765,real,-0.854740,0.293560,0.000000,0.000000,0.000000,0.000000,0.000000,0.000000,0.000000,0.000000,0.000000,0.000000,0.963331,50.690000,0.036818,-1.193197,-1.193197,1.819316,-1.168528,0.382941,-0.000002,0.195261,0.429849
766,real,-0.854740,0.293560,0.000000,0.000000,0.000000,0.000000,0.000000,0.000000,0.000000,0.000000,0.000000,0.000000,0.939654,50.690000,0.022091,-1.187466,-1.187466,1.876288,-1.192968,0.382941,-0.000002,0.195261,0.429849
767,real,-0.881950,0.471313,0.000000,0.000000,0.000000,0.000000,0.000000,0.000000,0.000000,0.000000,0.000000,0.000000,0.982263,0.600000,0.013254,-1.191453,-1.191453,1.876288,-1.192968,0.383108,-0.000002,0.173304,0.420483
768,real,-0.881950,0.471313,0.000000,0.000000,0.000000,0.000000,0.000000,0.000000,0.000000,0.000000,0.000000,0.000000,0.995004,0.600000,0.007953,-1.194872,-1.194872,1.876288,-1.192968,0.383108,-0.000002,0.173304,0.420483
769,real,-0.902529,0.429905,0.000000,0.000000,0.000000,0.000000,0.000000,0.000000,0.000000,0.000000,0.000000,0.000000,0.997828,2.860000,0.007953,-1.194872,-1.194872,1.721745,-1.192971,0.383108,-0.000002,0.173304,0.420483
770,real,-0.902529,0.429905,0.000000,0.000000,0.000000,0.000000,0.000000,0.000000,0.000000,0.000000,0.000000,0.000000,0.998877,2.860000,0.007953,-1.194872,-1.194872,1.721745,-1.192971,0.389193,-0.000002,0.157173,0.419731
771,real,-0.948556,-0.005546,0.000000,0.000000,0.000000,0.000000,0.000000,0.000000,0.000000,0.000000,0.000000,0.000000,0.985430,36.910000,0.007953,-1.194872,-1.194872,1.721745,-1.192971,0.389193,-0.000002,0.157173,0.419731
772,real,-0.948556,-0.005546,0.000000,0.000000,0.000000,0.000000,0.000000,0.000000,0.000000,0.000000,0.000000,0.000000,0.970777,36.910000,0.007953,-1.194872,-1.194872,1.770260,-1.194601,0.389193,-0.000002,0.157173,0.419731
773,real,-0.540938,-0.331422,0.000000,0.000000,0.000000,0.000000,0.000000,0.000000,0.000000,0.000000,0.000000,0.000000,0.862070,101.250000,0.884772,-1.163810,-1.163810,1.770260,-1.194601,0.400331,-0.000003,0.149694,0.427402
774,real,-0.540938,-0.331422,0.000000,0.000000,0.000000,0.000000,0.000000,0.000000,0.000000,0.000000,0.000000,0.000000,0.756888,101.250000,1.410863,-1.081420,-1.081420,1.770260,-1.194601,0.400331,-0.000003,0.149694,0.427402
775,real,-0.221305,-0.177077,0.000000,0.000000,0.000000,0.000000,0.000000,0.000000,0.000000,0.000000,0.000000,0.000000,0.551653,147.070000,1.726518,-0.947023,-0.947023,1.623708,-1.190568,0.400331,-0.000003,0.149694,0.427402
776,real,-0.221305,-0.177077,0.000000,0.000000,0.000000,0.000000,0.000000,0.000000,0.000000,0.000000,0.000000,0.000000,0.425560,147.070000,1.915911,-0.784790,-0.784790,1.623708,-1.190568,0.409819,-0.000003,0.177331,0.446540
777,real,-0.148036,-0.144892,0.000000,0.000000,0.000000,0.000000,0.000000,0.000000,0.000000,0.000000,0.000000,0.000000,0.323697,156.090000,2.029546,-0.618112,-0.618112,1.623708,-1.190568,0.409819,-0.000003,0.177331,0.446540
778,real,-0.148036,-0.144892,0.000000,0.000000,0.000000,0.000000,0.000000,0.000000,0.000000,0.000000,0.000000,0.000000,0.269249,156.090000,2.097728,-0.467690,-0.467690,1.672735,-1.094572,0.409819,-0.000003,0.177331,0.446540
779,real,0.015366,0.024968,0.000000,0.000000,0.000000,0.000000,0.000000,0.000000,0.000000,0.000000,0.000000,0.000000,0.136795,176.640000,2.138637,-0.325312,-0.325312,1.672735,-1.094572,0.411364,-0.000002,0.216247,0.464740
780,real,0.015366,0.024968,0.000000,0.000000,0.000000,0.000000,0.000000,0.000000,0.000000,0.000000,0.000000,0.000000,0.062318,176.640000,2.138637,-0.196188,-0.196188,1.672735,-1.094572,0.411364,-0.000002,0.216247,0.464740
781,real,0.047349,0.057123,0.000000,0.000000,0.000000,0.000000,0.000000,0.000000,0.000000,0.000000,0.000000,0.000000,0.012345,171.490000,2.057966,-0.117713,-0.117713,1.724671,-1.088628,0.411364,-0.000002,0.216247,0.464740
782,real,0.047349,0.057123,0.000000,0.000000,0.000000,0.000000,0.000000,0.000000,0.000000,0.000000,0.000000,0.000000,0.035572,171.490000,1.956168,-0.070628,-0.070628,1.724671,-1.088628,0.410899,-0.000002,0.232509,0.472121
783,real,0.047349,0.057123,0.000000,0.000000,0.000000,0.000000,0.000000,0.000000,0.000000,0.000000,0.000000,0.000000,0.052844,171.490000,1.859846,-0.042377,-0.042377,1.724671,-1.088628,0.410899,-0.000002,0.232509,0.472121
784,real,0.031562,0.041748,0.000000,0.000000,0.000000,0.000000,0.000000,0.000000,0.000000,0.000000,0.000000,0.000000,0.052619,174.000000,1.776505,-0.025426,-0.025426,1.775062,-0.993662,0.410899,-0.000002,0.232509,0.472121
785,real,0.031562,0.041748,0.000000,0.000000,0.000000,0.000000,0.000000,0.000000,0.000000,0.000000,0.000000,0.000000,0.052493,174.000000,1.708436,-0.015256,-0.015256,1.775062,-0.993662,0.402082,-0.000002,0.261856,0.479831
786,real,0.036304,0.049730,0.000000,0.000000,0.000000,0.000000,0.000000,0.000000,0.000000,0.000000,0.000000,0.000000,0.056587,172.940000,1.652495,-0.009153,-0.009153,1.775062,-0.993662,0.402082,-0.000002,0.261856,0.479831
787,real,0.036304,0.049730,0.000000,0.000000,0.000000,0.000000,0.000000,0.000000,0.000000,0.000000,0.000000,0.000000,0.058833,172.940000,1.607283,-0.005492,-0.005492,1.819581,-0.986761,0.402082,-0.000002,0.261856,0.479831
788,real,0.015954,0.012320,0.000000,0.000000,0.000000,0.000000,0.000000,0.000000,0.000000,0.000000,0.000000,0.000000,0.041540,177.690000,1.602945,-0.005492,-0.005492,1.819581,-0.986761,0.398547,-0.000002,0.272354,0.482718
789,real,0.015954,0.012320,0.000000,0.000000,0.000000,0.000000,0.000000,0.000000,0.000000,0.000000,0.000000,0.000000,0.031801,177.690000,1.631848,-0.005492,-0.005492,1.819581,-0.986761,0.398547,-0.000002,0.272354,0.482718
790,real,0.011825,0.009101,0.000000,0.000000,0.000000,0.000000,0.000000,0.000000,0.000000,0.000000,0.000000,0.000000,0.024132,178.290000,1.679445,-0.005492,-0.005492,1.676991,-0.893565,0.398547,-0.000002,0.272354,0.482718
791,real,0.011825,0.009101,0.000000,0.000000,0.000000,0.000000,0.000000,0.000000,0.000000,0.000000,0.000000,0.000000,0.019951,178.290000,1.732991,-0.005492,-0.005492,1.676991,-0.893565,0.381835,-0.000002,0.290163,0.479575
792,real,0.030662,0.022805,0.000000,0.000000,0.000000,0.000000,0.000000,0.000000,0.000000,0.000000,0.000000,0.000000,0.028163,175.620000,1.783597,-0.005492,-0.005492,1.676991,-0.893565,0.381835,-0.000002,0.290163,0.479575
793,real,0.030662,0.022805,0.000000,0.000000,0.000000,0.000000,0.000000,0.000000,0.000000,0.000000,0.000000,0.000000,0.032688,175.620000,1.827187,-0.005492,-0.005492,1.721077,-0.883772,0.381835,-0.000002,0.290163,0.479575
794,real,0.037237,0.033212,0.000000,0.000000,0.000000,0.000000,0.000000,0.000000,0.000000,0.000000,0.000000,0.000000,0.040441,174.280000,1.853341,-0.005492,-0.005492,1.721077,-0.883772,0.380856,-0.000002,0.251441,0.456370
795,real,0.037237,0.033212,0.000000,0.000000,0.000000,0.000000,0.000000,0.000000,0.000000,0.000000,0.000000,0.000000,0.044704,174.280000,1.863630,-0.005492,-0.005492,1.721077,-0.883772,0.380856,-0.000002,0.251441,0.456370
796,real,0.034381,0.030520,0.000000,0.000000,0.000000,0.000000,0.000000,0.000000,0.000000,0.000000,0.000000,0.000000,0.045277,174.730000,1.863630,-0.005492,-0.005492,1.777901,-0.793752,0.380856,-0.000002,0.251441,0.456370
797,real,0.037128,0.033202,0.000000,0.000000,0.000000,0.000000,0.000000,0.000000,0.000000,0.000000,0.000000,0.000000,0.047317,174.290000,1.858644,-0.005492,-0.005492,1.777901,-0.793752,0.381119,-0.000002,0.221769,0.440946
798,real,0.037128,0.033202,0.000000,0.000000,0.000000,0.000000,0.000000,0.000000,0.000000,0.000000,0.000000,0.000000,0.048439,174.290000,1.851021,-0.005492,-0.005492,1.777901,-0.793752,0.381119,-0.000002,0.221769,0.440946
799,real,0.021466,0.015878,0.000000,0.000000,0.000000,0.000000,0.000000,0.000000,0.000000,0.000000,0.000000,0.000000,0.038662,176.940000,1.851021,-0.005492,-0.005492,1.822115,-0.781020,0.381119,-0.000002,0.221769,0.440946
800,real,0.019022,0.014194,0.000000,0.000000,0.000000,0.000000,0.000000,0.000000,0.000000,0.000000,0.000000,0.000000,0.031937,177.280000,1.864668,-0.005492,-0.005492,1.822115,-0.781020,0.372519,-0.000002,0.183425,0.415229
801,real,0.019022,0.014194,0.000000,0.000000,0.000000,0.000000,0.000000,0.000000,0.000000,0.000000,0.000000,0.000000,0.028241,177.280000,1.882908,-0.005492,-0.005492,1.822115,-0.781020,0.372519,-0.000002,0.183425,0.415229
802,real,0.028593,0.020762,0.000000,0.000000,0.000000,0.000000,0.000000,0.000000,0.000000,0.000000,0.000000,0.000000,0.031432,175.950000,1.902245,-0.005492,-0.005492,1.741841,-0.715665,0.372519,-0.000002,0.183425,0.415229
803,real,0.028593,0.020762,0.000000,0.000000,0.000000,0.000000,0.000000,0.000000,0.000000,0.000000,0.000000,0.000000,0.033189,175.950000,1.920322,-0.005492,-0.005492,1.741841,-0.715665,0.363693,-0.000002,0.180809,0.406158
804,real,0.028593,0.020762,0.000000,0.000000,0.000000,0.000000,0.000000,0.000000,0.000000,0.000000,0.000000,0.000000,0.034155,175.950000,1.935938,-0.005492,-0.005492,1.741841,-0.715665,0.363693,-0.000002,0.180809,0.406158
805,real,0.018258,0.013759,0.000000,0.000000,0.000000,0.000000,0.000000,0.000000,0.000000,0.000000,0.000000,0.000000,0.029073,177.380000,1.945308,-0.005492,-0.005492,1.807820,-0.714641,0.363693,-0.000002,0.180809,0.406158
806,real,0.018258,0.013759,0.000000,0.000000,0.000000,0.000000,0.000000,0.000000,0.000000,0.000000,0.000000,0.000000,0.026278,177.380000,1.950930,-0.005492,-0.005492,1.807820,-0.714641,0.345204,-0.000002,0.190776,0.394413
807,real,0.018258,0.013759,0.000000,0.000000,0.000000,0.000000,0.000000,0.000000,0.000000,0.000000,0.000000,0.000000,0.024741,177.380000,1.954303,-0.005492,-0.005492,1.807820,-0.714641,0.345204,-0.000002,0.190776,0.394413
808,real,0.070674,0.054633,0.000000,0.000000,0.000000,0.000000,0.000000,0.000000,0.000000,0.000000,0.000000,0.000000,0.053834,169.750000,1.954303,-0.005492,-0.005492,1.700234,-0.651277,0.345204,-0.000002,0.190776,0.394413
809,real,0.070674,0.054633,0.000000,0.000000,0.000000,0.000000,0.000000,0.000000,0.000000,0.000000,0.000000,0.000000,0.069823,169.750000,1.944063,-0.005492,-0.005492,1.700234,-0.651277,0.338519,-0.000002,0.162774,0.375620
810,real,0.084004,0.061179,0.000000,0.000000,0.000000,0.000000,0.000000,0.000000,0.000000,0.000000,0.000000,0.000000,0.085182,168.070000,1.932163,-0.005492,-0.005492,1.700234,-0.651277,0.338519,-0.000002,0.162774,0.375620
811,real,0.084004,0.061179,0.000000,0.000000,0.000000,0.000000,0.000000,0.000000,0.000000,0.000000,0.000000,0.000000,0.093621,168.070000,1.925023,-0.005492,-0.005492,1.696346,-0.688444,0.338519,-0.000002,0.162774,0.375620
812,real,0.084004,0.061179,0.000000,0.000000,0.000000,0.000000,0.000000,0.000000,0.000000,0.000000,0.000000,0.000000,0.098258,168.070000,1.916178,-0.005492,-0.005492,1.696346,-0.688444,0.325336,-0.000002,0.131035,0.350733
813,real,0.151610,0.091007,0.000000,0.000000,0.000000,0.000000,0.000000,0.000000,0.000000,0.000000,0.000000,0.000000,0.133729,159.630000,1.910871,-0.005492,-0.005492,1.696346,-0.688444,0.325336,-0.000002,0.131035,0.350733
814,real,0.151610,0.091007,0.000000,0.000000,0.000000,0.000000,0.000000,0.000000,0.000000,0.000000,0.000000,0.000000,0.153203,159.630000,1.910871,-0.005492,-0.005492,1.642915,-0.607156,0.325336,-0.000002,0.131035,0.350733
815,real,0.151610,0.091007,0.000000,0.000000,0.000000,0.000000,0.000000,0.000000,0.000000,0.000000,0.000000,0.000000,0.163864,159.630000,1.910871,-0.005492,-0.005492,1.642915,-0.607156,0.312664,0.000312,0.111268,0.331872
816,real,0.042712,0.030545,0.000000,0.000000,0.000000,0.000000,0.000000,0.000000,0.000000,0.000000,0.000000,0.000000,0.113914,173.980000,1.910871,-0.005492,-0.005492,1.642915,-0.607156,0.312664,0.000312,0.111268,0.331872
817,real,0.042712,0.030545,0.000000,0.000000,0.000000,0.000000,0.000000,0.000000,0.000000,0.000000,0.000000,0.000000,0.086269,173.980000,1.914189,-0.005492,-0.005492,1.674913,-0.657958,0.312664,0.000312,0.111268,0.331872
818,real,0.041000,0.038266,0.000000,0.000000,0.000000,0.000000,0.000000,0.000000,0.000000,0.000000,0.000000,0.000000,0.072638,173.570000,1.908913,-0.005492,-0.005492,1.674913,-0.657958,0.317373,-0.005529,0.153999,0.352762
819,real,0.041000,0.038266,0.000000,0.000000,0.000000,0.000000,0.000000,0.000000,0.000000,0.000000,0.000000,0.000000,0.065132,173.570000,1.894695,-0.005492,-0.005492,1.674913,-0.657958,0.317373,-0.005529,0.153999,0.352762
820,real,0.028312,0.026438,0.000000,0.000000,0.000000,0.000000,0.000000,0.000000,0.000000,0.000000,0.000000,0.000000,0.053225,175.560000,1.877152,-0.005492,-0.005492,1.618336,-0.552636,0.317373,-0.005529,0.153999,0.352762
821,real,0.028312,0.026438,0.000000,0.000000,0.000000,0.000000,0.000000,0.000000,0.000000,0.000000,0.000000,0.000000,0.046691,175.560000,1.859763,-0.005492,-0.005492,1.618336,-0.552636,0.283381,-0.004844,0.108486,0.303437
822,real,0.027063,0.021759,0.000000,0.000000,0.000000,0.000000,0.000000,0.000000,0.000000,0.000000,0.000000,0.000000,0.041312,176.020000,1.849329,-0.005492,-0.005492,1.618336,-0.552636,0.283381,-0.004844,0.108486,0.303437
823,real,0.027063,0.021759,0.000000,0.000000,0.000000,0.000000,0.000000,0.000000,0.000000,0.000000,0.000000,0.000000,0.038348,176.020000,1.849329,-0.005492,-0.005492,1.631724,-0.639971,0.283381,-0.004844,0.108486,0.303437
824,real,0.029041,0.028201,0.000000,0.000000,0.000000,0.000000,0.000000,0.000000,0.000000,0.000000,0.000000,0.000000,0.039307,175.360000,1.849329,-0.005492,-0.005492,1.631724,-0.639971,0.294232,-0.020711,0.143339,0.327290
825,real,0.029041,0.028201,0.000000,0.000000,0.000000,0.000000,0.000000,0.000000,0.000000,0.000000,0.000000,0.000000,0.039835,175.360000,1.841950,-0.005492,-0.005492,1.631724,-0.639971,0.294232,-0.020711,0.143339,0.327290
826,real,0.034182,0.033293,0.000000,0.000000,0.000000,0.000000,0.000000,0.000000,0.000000,0.000000,0.000000,0.000000,0.043384,174.530000,1.829585,-0.005492,-0.005492,1.594995,-0.505733,0.294232,-0.020711,0.143339,0.327290
827,real,0.034182,0.033293,0.000000,0.000000,0.000000,0.000000,0.000000,0.000000,0.000000,0.000000,0.000000,0.000000,0.045335,174.530000,1.815305,-0.005492,-0.005492,1.594995,-0.505733,0.291208,-0.012889,0.175807,0.340162
828,real,0.029489,0.027221,0.000000,0.000000,0.000000,0.000000,0.000000,0.000000,0.000000,0.000000,0.000000,0.000000,0.042993,175.400000,1.806737,-0.005492,-0.005492,1.594995,-0.505733,0.291208,-0.012889,0.175807,0.340162
829,real,0.029489,0.027221,0.000000,0.000000,0.000000,0.000000,0.000000,0.000000,0.000000,0.000000,0.000000,0.000000,0.041705,175.400000,1.801597,-0.005492,-0.005492,1.589699,-0.652068,0.291208,-0.012889,0.175807,0.340162
830,real,0.026960,0.024169,0.000000,0.000000,0.000000,0.000000,0.000000,0.000000,0.000000,0.000000,0.000000,0.000000,0.039231,175.850000,1.801597,-0.005492,-0.005492,1.589699,-0.652068,0.272955,-0.000751,0.153044,0.312932
831,real,0.031990,0.030036,0.000000,0.000000,0.000000,0.000000,0.000000,0.000000,0.000000,0.000000,0.000000,0.000000,0.041324,174.970000,1.801597,-0.005492,-0.005492,1.589699,-0.652068,0.272955,-0.000751,0.153044,0.312932
832,real,0.029968,0.029373,0.000000,0.000000,0.000000,0.000000,0.000000,0.000000,0.000000,0.000000,0.000000,0.000000,0.041612,175.190000,1.801597,-0.005492,-0.005492,1.601742,-0.394834,0.272955,-0.000751,0.153044,0.312932
833,real,0.029968,0.029373,0.000000,0.000000,0.000000,0.000000,0.000000,0.000000,0.000000,0.000000,0.000000,0.000000,0.041770,175.190000,1.801597,-0.005492,-0.005492,1.601742,-0.394834,0.255370,0.004152,0.146892,0.294603
834,real,0.030962,0.028838,0.000000,0.000000,0.000000,0.000000,0.000000,0.000000,0.000000,0.000000,0.000000,0.000000,0.042014,175.150000,1.801597,-0.005492,-0.005492,1.601742,-0.394834,0.255370,0.004152,0.146892,0.294603
835,real,0.027721,0.023831,0.000000,0.000000,0.000000,0.000000,0.000000,0.000000,0.000000,0.000000,0.000000,0.000000,0.039558,175.810000,1.801597,-0.005492,-0.005492,1.586823,-0.671268,0.255370,0.004152,0.146892,0.294603
836,real,0.027721,0.023831,0.000000,0.000000,0.000000,0.000000,0.000000,0.000000,0.000000,0.000000,0.000000,0.000000,0.038207,175.810000,1.801597,-0.005492,-0.005492,1.586823,-0.671268,0.271284,-0.008750,0.158770,0.314329
837,real,0.029207,0.030735,0.000000,0.000000,0.000000,0.000000,0.000000,0.000000,0.000000,0.000000,0.000000,0.000000,0.040095,175.140000,1.801597,-0.005492,-0.005492,1.586823,-0.671268,0.271284,-0.008750,0.158770,0.314329
838,real,0.035580,0.034606,0.000000,0.000000,0.000000,0.000000,0.000000,0.000000,0.000000,0.000000,0.000000,0.000000,0.044391,174.310000,1.794144,-0.005492,-0.005492,1.563163,-0.454888,0.271284,-0.008750,0.158770,0.314329
839,real,0.035580,0.034606,0.000000,0.000000,0.000000,0.000000,0.000000,0.000000,0.000000,0.000000,0.000000,0.000000,0.046751,174.310000,1.789672,-0.005492,-0.005492,1.563163,-0.454888,0.245427,-0.010635,0.156288,0.290965
840,real,0.029446,0.029282,0.000000,0.000000,0.000000,0.000000,0.000000,0.000000,0.000000,0.000000,0.000000,0.000000,0.044400,175.240000,1.782054,-0.005492,-0.005492,1.563163,-0.454888,0.245427,-0.010635,0.156288,0.290965
841,real,0.029446,0.029282,0.000000,0.000000,0.000000,0.000000,0.000000,0.000000,0.000000,0.000000,0.000000,0.000000,0.043107,175.240000,1.777484,-0.005492,-0.005492,1.623833,-0.701782,0.245427,-0.010635,0.156288,0.290965
842,real,0.028639,0.028237,0.000000,0.000000,0.000000,0.000000,0.000000,0.000000,0.000000,0.000000,0.000000,0.000000,0.041807,175.390000,1.777484,-0.005492,-0.005492,1.623833,-0.701782,0.252881,-0.016723,0.147088,0.292547
843,real,0.028287,0.028590,0.000000,0.000000,0.000000,0.000000,0.000000,0.000000,0.000000,0.000000,0.000000,0.000000,0.041093,175.390000,1.777484,-0.005492,-0.005492,1.623833,-0.701782,0.252881,-0.016723,0.147088,0.292547
844,real,0.030629,0.030565,0.000000,0.000000,0.000000,0.000000,0.000000,0.000000,0.000000,0.000000,0.000000,0.000000,0.042073,175.040000,1.770120,-0.005492,-0.005492,1.516449,-0.548798,0.252881,-0.016723,0.147088,0.292547
845,real,0.030906,0.030409,0.000000,0.000000,0.000000,0.000000,0.000000,0.000000,0.000000,0.000000,0.000000,0.000000,0.042651,175.030000,1.765702,-0.005492,-0.005492,1.516449,-0.548798,0.232107,-0.004491,0.150072,0.276397
846,real,0.030906,0.030409,0.000000,0.000000,0.000000,0.000000,0.000000,0.000000,0.000000,0.000000,0.000000,0.000000,0.042969,175.030000,1.765702,-0.005492,-0.005492,1.516449,-0.548798,0.232107,-0.004491,0.150072,0.276397
847,real,0.027863,0.028883,0.000000,0.000000,0.000000,0.000000,0.000000,0.000000,0.000000,0.000000,0.000000,0.000000,0.041692,175.400000,1.765702,-0.005492,-0.005492,1.661956,-0.758382,0.232107,-0.004491,0.150072,0.276397
848,real,0.015694,0.013199,0.000000,0.000000,0.000000,0.000000,0.000000,0.000000,0.000000,0.000000,0.000000,0.000000,0.032166,177.650000,1.769630,-0.005492,-0.005492,1.661956,-0.758382,0.236946,-0.005376,0.127368,0.269009
849,real,0.025377,0.026676,0.000000,0.000000,0.000000,0.000000,0.000000,0.000000,0.000000,0.000000,0.000000,0.000000,0.034267,175.780000,1.769630,-0.005492,-0.005492,1.661956,-0.758382,0.236946,-0.005376,0.127368,0.269009
850,real,0.025377,0.026676,0.000000,0.000000,0.000000,0.000000,0.000000,0.000000,0.000000,0.000000,0.000000,0.000000,0.035418,175.780000,1.769630,-0.005492,-0.005492,1.567101,-0.614988,0.236946,-0.005376,0.127368,0.269009
851,real,0.012456,0.010676,0.000000,0.000000,0.000000,0.000000,0.000000,0.000000,0.000000,0.000000,0.000000,0.000000,0.026862,178.120000,1.769630,-0.005492,-0.005492,1.567101,-0.614988,0.220922,-0.002521,0.143819,0.263610
852,real,0.012456,0.010676,0.000000,0.000000,0.000000,0.000000,0.000000,0.000000,0.000000,0.000000,0.000000,0.000000,0.022149,178.120000,1.782182,-0.005492,-0.005492,1.567101,-0.614988,0.220922,-0.002521,0.143819,0.263610
853,real,0.016671,0.017138,0.000000,0.000000,0.000000,0.000000,0.000000,0.000000,0.000000,0.000000,0.000000,0.000000,0.022947,177.260000,1.789713,-0.005492,-0.005492,1.711335,-0.807007,0.220922,-0.002521,0.143819,0.263610
854,real,-0.216947,-0.138184,0.000000,0.000000,0.000000,0.000000,0.000000,0.000000,0.000000,0.000000,0.000000,0.000000,0.105037,150.190000,1.839926,-0.005492,-0.005492,1.711335,-0.807007,0.193100,0.051370,0.171345,0.258160
855,real,-0.216947,-0.138184,0.000000,0.000000,0.000000,0.000000,0.000000,0.000000,0.000000,0.000000,0.000000,0.000000,0.174856,150.190000,1.925682,-0.005492,-0.005492,1.711335,-0.807007,0.193100,0.051370,0.171345,0.258160
856,real,0.042670,0.033081,0.000000,0.000000,0.000000,0.000000,0.000000,0.000000,0.000000,0.000000,0.000000,0.000000,0.071791,173.810000,1.987625,-0.005492,-0.005492,1.625659,-0.659390,0.193100,0.051370,0.171345,0.258160
857,real,0.042670,0.033081,0.000000,0.000000,0.000000,0.000000,0.000000,0.000000,0.000000,0.000000,0.000000,0.000000,0.015373,173.810000,2.017547,-0.005492,-0.005492,1.625659,-0.659390,0.217999,0.010435,0.150349,0.264818
858,real,0.021258,0.021437,0.000000,0.000000,0.000000,0.000000,0.000000,0.000000,0.000000,0.000000,0.000000,0.000000,0.007340,176.540000,2.012882,-0.005492,-0.005492,1.625659,-0.659390,0.217999,0.010435,0.150349,0.264818
859,real,0.021258,0.021437,0.000000,0.000000,0.000000,0.000000,0.000000,0.000000,0.000000,0.000000,0.000000,0.000000,0.017196,176.540000,1.985628,-0.005492,-0.005492,1.754352,-0.876914,0.217999,0.010435,0.150349,0.264818
860,real,0.023584,0.033008,0.000000,0.000000,0.000000,0.000000,0.000000,0.000000,0.000000,0.000000,0.000000,0.000000,0.027883,175.350000,1.931500,-0.005492,-0.005492,1.754352,-0.876914,0.197193,-0.011147,0.190999,0.274528
861,real,0.015372,0.015479,0.000000,0.000000,0.000000,0.000000,0.000000,0.000000,0.000000,0.000000,0.000000,0.000000,0.025081,177.500000,1.879909,-0.005492,-0.005492,1.754352,-0.876914,0.197193,-0.011147,0.190999,0.274528
862,real,0.017708,0.017335,0.000000,0.000000,0.000000,0.000000,0.000000,0.000000,0.000000,0.000000,0.000000,0.000000,0.024917,177.160000,1.840630,-0.005492,-0.005492,1.680982,-0.746902,0.197193,-0.011147,0.190999,0.274528
863,real,0.017708,0.017335,0.000000,0.000000,0.000000,0.000000,0.000000,0.000000,0.000000,0.000000,0.000000,0.000000,0.024847,177.160000,1.817062,-0.005492,-0.005492,1.680982,-0.746902,0.225260,0.004673,0.166102,0.279879
864,real,0.014001,0.016272,0.000000,0.000000,0.000000,0.000000,0.000000,0.000000,0.000000,0.000000,0.000000,0.000000,0.023332,177.540000,1.793030,-0.005492,-0.005492,1.680982,-0.746902,0.225260,0.004673,0.166102,0.279879
865,real,0.014001,0.016272,0.000000,0.000000,0.000000,0.000000,0.000000,0.000000,0.000000,0.000000,0.000000,0.000000,0.022493,177.540000,1.768504,-0.005492,-0.005492,1.836058,-0.823653,0.225260,0.004673,0.166102,0.279879
866,real,0.007066,0.006368,0.000000,0.000000,0.000000,0.000000,0.000000,0.000000,0.000000,0.000000,0.000000,0.000000,0.016652,178.910000,1.758580,-0.005492,-0.005492,1.836058,-0.823653,0.220337,0.005666,0.159589,0.272061
867,real,0.007066,0.006368,0.000000,0.000000,0.000000,0.000000,0.000000,0.000000,0.000000,0.000000,0.000000,0.000000,0.013432,178.910000,1.761980,-0.005492,-0.005492,1.836058,-0.823653,0.220337,0.005666,0.159589,0.272061
868,real,0.004803,0.005067,0.000000,0.000000,0.000000,0.000000,0.000000,0.000000,0.000000,0.000000,0.000000,0.000000,0.010529,179.200000,1.761980,-0.005492,-0.005492,1.765500,-0.828439,0.220337,0.005666,0.159589,0.272061
869,real,0.004803,0.005067,0.000000,0.000000,0.000000,0.000000,0.000000,0.000000,0.000000,0.000000,0.000000,0.000000,0.008932,179.200000,1.761980,-0.005492,-0.005492,1.765500,-0.828439,0.211743,-0.000537,0.152272,0.260810
870,real,-0.017213,-0.018069,0.000000,0.000000,0.000000,0.000000,0.000000,0.000000,0.000000,0.000000,0.000000,0.000000,0.006325,177.140000,1.761980,-0.005492,-0.005492,1.765500,-0.828439,0.211743,-0.000537,0.152272,0.260810
871,real,-0.017213,-0.018069,0.000000,0.000000,0.000000,0.000000,0.000000,0.000000,0.000000,0.000000,0.000000,0.000000,0.014712,177.140000,1.761980,-0.005492,-0.005492,1.728819,-0.830630,0.211743,-0.000537,0.152272,0.260810
872,real,-0.010010,-0.012443,0.000000,0.000000,0.000000,0.000000,0.000000,0.000000,0.000000,0.000000,0.000000,0.000000,0.015279,178.170000,1.761980,-0.005492,-0.005492,1.728819,-0.830630,0.226288,-0.001359,0.154988,0.274277
873,real,-0.010010,-0.012443,0.000000,0.000000,0.000000,0.000000,0.000000,0.000000,0.000000,0.000000,0.000000,0.000000,0.015591,178.170000,1.751291,-0.005492,-0.005492,1.728819,-0.830630,0.226288,-0.001359,0.154988,0.274277
874,real,-0.062815,-0.062161,0.000000,0.000000,0.000000,0.000000,0.000000,0.000000,0.000000,0.000000,0.000000,0.000000,0.048407,169.860000,1.755208,-0.005492,-0.005492,1.748556,-0.776476,0.226288,-0.001359,0.154988,0.274277
875,real,-0.062815,-0.062161,0.000000,0.000000,0.000000,0.000000,0.000000,0.000000,0.000000,0.000000,0.000000,0.000000,0.066442,169.860000,1.772743,-0.005492,-0.005492,1.748556,-0.776476,0.225206,0.007767,0.149460,0.270289
876,real,-0.062815,-0.062161,0.000000,0.000000,0.000000,0.000000,0.000000,0.000000,0.000000,0.000000,0.000000,0.000000,0.076331,169.860000,1.797787,-0.005492,-0.005492,1.748556,-0.776476,0.225206,0.007767,0.149460,0.270289
877,real,-0.073300,-0.089205,0.000000,0.000000,0.000000,0.000000,0.000000,0.000000,0.000000,0.000000,0.000000,0.000000,0.093941,166.740000,1.817519,-0.005492,-0.005492,1.707624,-0.860254,0.225206,0.007767,0.149460,0.270289
878,real,-0.073300,-0.089205,0.000000,0.000000,0.000000,0.000000,0.000000,0.000000,0.000000,0.000000,0.000000,0.000000,0.103643,166.740000,1.829359,-0.005492,-0.005492,1.707624,-0.860254,0.236466,-0.000280,0.158082,0.284440
879,real,-0.073300,-0.089205,0.000000,0.000000,0.000000,0.000000,0.000000,0.000000,0.000000,0.000000,0.000000,0.000000,0.108968,166.740000,1.836463,-0.005492,-0.005492,1.707624,-0.860254,0.236466,-0.000280,0.158082,0.284440
880,real,-0.327368,-0.198495,0.000000,0.000000,0.000000,0.000000,0.000000,0.000000,0.000000,0.000000,0.000000,0.000000,0.235254,134.980000,1.897882,-0.005492,-0.005492,1.743122,-0.861714,0.236466,-0.000280,0.158082,0.284440
881,real,-0.327368,-0.198495,0.000000,0.000000,0.000000,0.000000,0.000000,0.000000,0.000000,0.000000,0.000000,0.000000,0.304364,134.980000,2.005155,-0.005492,-0.005492,1.743122,-0.861714,0.250443,0.005493,0.162148,0.298351
882,real,-0.403315,-0.192501,0.000000,0.000000,0.000000,0.000000,0.000000,0.000000,0.000000,0.000000,0.000000,0.000000,0.371202,126.910000,2.083093,-0.022506,-0.022506,1.743122,-0.861714,0.250443,0.005493,0.162148,0.298351
883,real,-0.403315,-0.192501,0.000000,0.000000,0.000000,0.000000,0.000000,0.000000,0.000000,0.000000,0.000000,0.000000,0.406335,126.910000,2.129856,-0.055969,-0.055969,1.761828,-0.892768,0.250443,0.005493,0.162148,0.298351
884,real,-0.459777,-0.180925,0.000000,0.000000,0.000000,0.000000,0.000000,0.000000,0.000000,0.000000,0.000000,0.000000,0.446964,120.780000,2.157914,-0.097829,-0.097829,1.761828,-0.892768,0.252427,-0.006982,0.152716,0.295028
885,real,-0.459777,-0.180925,0.000000,0.000000,0.000000,0.000000,0.000000,0.000000,0.000000,0.000000,0.000000,0.000000,0.468588,120.780000,2.174748,-0.140658,-0.140658,1.761828,-0.892768,0.252427,-0.006982,0.152716,0.295028
886,real,-0.504695,-0.204730,0.000000,0.000000,0.000000,0.000000,0.000000,0.000000,0.000000,0.000000,0.000000,0.000000,0.503449,114.000000,2.184849,-0.183735,-0.183735,1.805365,-0.921970,0.252427,-0.006982,0.152716,0.295028
887,real,-0.504695,-0.204730,0.000000,0.000000,0.000000,0.000000,0.000000,0.000000,0.000000,0.000000,0.000000,0.000000,0.522193,114.000000,2.190909,-0.224056,-0.224056,1.805365,-0.921970,0.227384,-0.000012,0.122109,0.258098
888,real,-0.504695,-0.204730,0.000000,0.000000,0.000000,0.000000,0.000000,0.000000,0.000000,0.000000,0.000000,0.000000,0.532359,114.000000,2.194546,-0.259365,-0.259365,1.805365,-0.921970,0.227384,-0.000012,0.122109,0.258098
889,real,-0.526813,-0.192004,0.000000,0.000000,0.000000,0.000000,0.000000,0.000000,0.000000,0.000000,0.000000,0.000000,0.545217,111.790000,2.194546,-0.289995,-0.289995,1.792629,-0.995796,0.227384,-0.000012,0.122109,0.258098
890,real,-0.563736,-0.164154,0.000000,0.000000,0.000000,0.000000,0.000000,0.000000,0.000000,0.000000,0.000000,0.000000,0.564298,108.090000,2.194546,-0.317888,-0.317888,1.792629,-0.995796,0.223872,0.000862,0.126170,0.256978
891,real,-0.563736,-0.164154,0.000000,0.000000,0.000000,0.000000,0.000000,0.000000,0.000000,0.000000,0.000000,0.000000,0.574664,108.090000,2.194546,-0.342657,-0.342657,1.792629,-0.995796,0.223872,0.000862,0.126170,0.256978
892,real,-0.615662,-0.112495,0.000000,0.000000,0.000000,0.000000,0.000000,0.000000,0.000000,0.000000,0.000000,0.000000,0.598048,102.510000,2.194546,-0.367010,-0.367010,1.884490,-0.975206,0.223872,0.000862,0.126170,0.256978
893,real,-0.615662,-0.112495,0.000000,0.000000,0.000000,0.000000,0.000000,0.000000,0.000000,0.000000,0.000000,0.000000,0.610715,102.510000,2.194546,-0.390139,-0.390139,1.884490,-0.975206,0.239646,0.000470,0.123823,0.269745
894,real,-0.632011,-0.078105,0.000000,0.000000,0.000000,0.000000,0.000000,0.000000,0.000000,0.000000,0.000000,0.000000,0.622602,100.890000,2.194546,-0.411783,-0.411783,1.884490,-0.975206,0.239646,0.000470,0.123823,0.269745
895,real,-0.632011,-0.078105,0.000000,0.000000,0.000000,0.000000,0.000000,0.000000,0.000000,0.000000,0.000000,0.000000,0.629055,100.890000,2.194546,-0.431034,-0.431034,1.855380,-1.034120,0.239646,0.000470,0.123823,0.269745
896,real,-0.616412,-0.009576,0.000000,0.000000,0.000000,0.000000,0.000000,0.000000,0.000000,0.000000,0.000000,0.000000,0.623451,103.880000,2.194546,-0.445583,-0.445583,1.855380,-1.034120,0.224917,-0.000575,0.114361,0.252322
897,real,-0.616412,-0.009576,0.000000,0.000000,0.000000,0.000000,0.000000,0.000000,0.000000,0.000000,0.000000,0.000000,0.620320,103.880000,2.194546,-0.454312,-0.454312,1.855380,-1.034120,0.224917,-0.000575,0.114361,0.252322
898,real,-0.616412,-0.009576,0.000000,0.000000,0.000000,0.000000,0.000000,0.000000,0.000000,0.000000,0.000000,0.000000,0.618594,103.880000,2.194546,-0.459549,-0.459549,1.970718,-0.994220,0.224917,-0.000575,0.114361,0.252322
899,real,-0.604271,-0.007805,0.000000,0.000000,0.000000,0.000000,0.000000,0.000000,0.000000,0.000000,0.000000,0.000000,0.612190,105.640000,2.194546,-0.459549,-0.459549,1.970718,-0.994220,0.253357,0.000252,0.117031,0.279081
900,real,-0.604271,-0.007805,0.000000,0.000000,0.000000,0.000000,0.000000,0.000000,0.000000,0.000000,0.000000,0.000000,0.608654,105.640000,2.194546,-0.459549,-0.459549,1.970718,-0.994220,0.253357,0.000252,0.117031,0.279081
901,real,-0.633443,0.032144,0.000000,0.000000,0.000000,0.000000,0.000000,0.000000,0.000000,0.000000,0.000000,0.000000,0.620258,101.270000,2.194546,-0.459549,-0.459549,1.950499,-1.027852,0.253357,0.000252,0.117031,0.279081
902,real,-0.635341,0.053128,0.000000,0.000000,0.000000,0.000000,0.000000,0.000000,0.000000,0.000000,0.000000,0.000000,0.628093,100.780000,2.194546,-0.465518,-0.465518,1.950499,-1.027852,0.230731,-0.000574,0.115452,0.258004
903,real,-0.635341,0.053128,0.000000,0.000000,0.000000,0.000000,0.000000,0.000000,0.000000,0.000000,0.000000,0.000000,0.632372,100.780000,2.194546,-0.471752,-0.471752,1.950499,-1.027852,0.230731,-0.000574,0.115452,0.258004
904,real,-0.636922,0.028477,0.000000,0.000000,0.000000,0.000000,0.000000,0.000000,0.000000,0.000000,0.000000,0.000000,0.634709,100.780000,2.194546,-0.477662,-0.477662,2.053304,-1.086164,0.230731,-0.000574,0.115452,0.258004
905,real,-0.636922,0.028477,0.000000,0.000000,0.000000,0.000000,0.000000,0.000000,0.000000,0.000000,0.000000,0.000000,0.635992,100.780000,2.194546,-0.482863,-0.482863,2.053304,-1.086164,0.256450,0.000476,0.113407,0.280406
906,real,-0.654284,0.045465,0.000000,0.000000,0.000000,0.000000,0.000000,0.000000,0.000000,0.000000,0.000000,0.000000,0.644989,98.030000,2.194546,-0.488795,-0.488795,2.053304,-1.086164,0.256450,0.000476,0.113407,0.280406
