frame,label,u,v,u_flt,v_flt,du,dv,tgt_x,tgt_z,ik_q2,ik_q3,ik_jump,ik_ms,reach,elbow,j2_cmd,j3_cmd,j3i_cmd,j2_act,j3_act,tcp_x,tcp_y,tcp_z,tcp_r
0,fwd,0.552222,0.300000,0.552222,0.300000,0.002222,0.000000,0.339839,0.285812,1.504000,-0.990000,0.000000,0.451653,0.628450,102.128285,1.504000,-0.990000,-0.990000,1.504161,-0.989129,0.339795,-0.000002,0.285561,0.443853
1,fwd,0.554444,0.300000,0.552572,0.300000,0.003223,0.000000,0.339839,0.285812,1.504000,-0.990000,0.000000,0.374164,0.629330,101.840195,1.504000,-0.990000,-0.990000,1.504220,-0.988811,0.339795,-0.000002,0.285561,0.443853
2,fwd,0.556667,0.300000,0.553343,0.300000,0.004774,0.000001,0.339839,0.285812,1.504000,-0.990000,0.000000,0.357249,0.630694,101.551254,1.504000,-0.990000,-0.990000,1.504220,-0.988811,0.339779,-0.000002,0.285468,0.443781
3,fwd,0.558889,0.300000,0.554493,0.300001,0.006628,0.000002,0.339839,0.285812,1.504000,-0.990000,0.000000,0.353745,0.632326,101.261456,1.504000,-0.990000,-0.990000,1.504220,-0.988811,0.339779,-0.000002,0.285468,0.443781
4,fwd,0.561111,0.300000,0.555947,0.300001,0.008648,0.000002,0.339839,0.285812,1.504000,-0.990000,0.000000,0.353186,0.634105,100.970797,1.504000,-0.990000,-0.990000,1.504062,-0.989662,0.339779,-0.000002,0.285468,0.443781
5,fwd,0.563333,0.300000,0.557631,0.300002,0.010759,0.000003,0.339839,0.285812,1.504000,-0.990000,0.000000,0.345372,0.635966,100.679271,1.504000,-0.990000,-0.990000,1.504062,-0.989662,0.339778,-0.000002,0.285464,0.443778
6,fwd,0.565556,0.300000,0.559483,0.300002,0.012921,0.000003,0.339839,0.285812,1.504000,-0.990000,0.000000,0.360085,0.637873,100.386875,1.504000,-0.990000,-0.990000,1.504062,-0.989662,0.339778,-0.000002,0.285464,0.443778
7,fwd,0.567778,0.300000,0.561452,0.300003,0.015109,0.000003,0.339839,0.285812,1.504000,-0.990000,0.000000,0.357763,0.639805,100.093602,1.504000,-0.990000,-0.990000,1.504062,-0.989661,0.339778,-0.000002,0.285464,0.443778
8,fwd,0.570000,0.300000,0.563503,0.300003,0.017313,0.000003,0.339839,0.285812,1.504000,-0.990000,0.000000,0.352975,0.641753,99.799448,1.504000,-0.990000,-0.990000,1.504062,-0.989661,0.339777,-0.000002,0.285461,0.443776
9,fwd,0.572222,0.300000,0.565611,0.300003,0.019526,0.000004,0.339839,0.285812,1.504000,-0.990000,0.000000,0.342621,0.643709,99.504406,1.504000,-0.990000,-0.990000,1.504062,-0.989661,0.339777,-0.000002,0.285461,0.443776
10,fwd,0.574444,0.300000,0.567757,0.300003,0.021742,0.000004,0.340448,0.285812,1.505369,-0.991407,0.001963,0.335433,0.645671,99.208473,1.504000,-0.990000,-0.990000,1.504049,-0.989736,0.339777,-0.000002,0.285461,0.443776
11,fwd,0.576667,0.300000,0.569929,0.300003,0.023961,0.000004,0.341225,0.285812,1.507111,-0.993201,0.004464,0.322465,0.647637,98.911641,1.504000,-0.990000,-0.990000,1.504049,-0.989736,0.339777,-0.000002,0.285460,0.443775
12,fwd,0.578889,0.300000,0.572117,0.300004,0.026182,0.000004,0.342002,0.285812,1.511406,-0.997886,0.010819,0.573881,0.649606,98.613906,1.504000,-0.990000,-0.990000,1.504049,-0.989736,0.339777,-0.000002,0.285460,0.443775
13,fwd,0.581111,0.300000,0.574317,0.300004,0.028403,0.000004,0.342780,0.285812,1.514064,-1.000727,0.014709,0.639688,0.651577,98.315261,1.508025,-0.994291,-0.994291,1.504063,-0.989658,0.339777,-0.000002,0.285460,0.443775
14,fwd,0.583333,0.300000,0.576525,0.300004,0.030625,0.000004,0.343558,0.285812,1.516720,-1.003573,0.012718,0.582118,0.653550,98.015700,1.511503,-0.998004,-0.998004,1.504063,-0.989658,0.339777,-0.000002,0.285460,0.443774
15,fwd,0.585556,0.300000,0.578738,0.300004,0.032847,0.000004,0.344335,0.285812,1.519374,-1.006424,0.011526,0.575776,0.655525,97.715218,1.511503,-1.001372,-1.001372,1.504063,-0.989658,0.339777,-0.000002,0.285460,0.443774
16,fwd,0.587778,0.300000,0.580954,0.300004,0.035069,0.000004,0.345113,0.285812,1.522026,-1.009278,0.013162,0.605501,0.657502,97.413807,1.515712,-1.001372,-1.001372,1.504361,-0.990113,0.339777,-0.000002,0.285460,0.443774
17,fwd,0.590000,0.300000,0.583172,0.300004,0.037291,0.000004,0.345891,0.285812,1.524677,-1.012137,0.014009,0.621478,0.659480,97.111463,1.519298,-1.005678,-1.005678,1.504361,-0.990113,0.339779,-0.000002,0.285472,0.443784
18,fwd,0.592222,0.300000,0.585392,0.300004,0.039514,0.000004,0.346668,0.285812,1.527325,-1.015000,0.012302,0.594465,0.661459,96.808177,1.522509,-1.009407,-1.009407,1.504361,-0.990113,0.339779,-0.000002,0.285472,0.443784
19,fwd,0.594444,0.300000,0.587612,0.300004,0.041736,0.000004,0.347446,0.285812,1.529972,-1.017868,0.011282,0.966758,0.663441,96.503944,1.522509,-1.012791,-1.012791,1.511859,-1.001281,0.339779,-0.000002,0.285472,0.443784
20,fwd,0.596667,0.300000,0.589833,0.300004,0.043958,0.000004,0.348224,0.285812,1.532617,-1.020739,0.012859,0.875436,0.665424,96.198756,1.526552,-1.012791,-1.012791,1.511859,-1.001281,0.339815,-0.000002,0.285677,0.443943
21,fwd,0.598889,0.300000,0.592055,0.300004,0.046180,0.000004,0.349002,0.285812,1.535261,-1.023615,0.013892,0.857640,0.667408,95.892608,1.530036,-1.017121,-1.017121,1.511859,-1.001281,0.339815,-0.000002,0.285677,0.443943
22,fwd,0.601111,0.300000,0.594276,0.300004,0.048403,0.000004,0.349780,0.285812,1.537902,-1.026495,0.012237,0.865670,0.669394,95.585490,1.530036,-1.020870,-1.020870,1.522873,-1.009379,0.339815,-0.000002,0.285677,0.443943
23,fwd,0.603333,0.300000,0.596498,0.300004,0.050625,0.000004,0.350557,0.285812,1.540542,-1.029379,0.013519,0.589871,0.671381,95.277397,1.534238,-1.024274,-1.024274,1.522873,-1.009379,0.339814,-0.000002,0.285672,0.443940
24,fwd,0.605556,0.300000,0.598721,0.300004,0.052847,0.000004,0.351335,0.285812,1.543180,-1.032267,0.011994,0.592248,0.673370,94.968321,1.537815,-1.024274,-1.024274,1.522873,-1.009379,0.339814,-0.000002,0.285672,0.443940
25,fwd,0.607778,0.300000,0.600943,0.300004,0.055069,0.000004,0.352113,0.285812,1.545816,-1.035160,0.013510,0.593686,0.675360,94.658255,1.541015,-1.028628,-1.028628,1.530402,-1.017062,0.339814,-0.000002,0.285672,0.443940
26,fwd,0.610000,0.300000,0.603165,0.300004,0.057292,0.000004,0.352891,0.285812,1.548450,-1.038057,0.012008,0.579029,0.677352,94.347190,1.541015,-1.032400,-1.032400,1.530402,-1.017062,0.339814,-0.000002,0.285672,0.443940
27,fwd,0.612222,0.300000,0.605387,0.300004,0.059514,0.000004,0.353669,0.285812,1.551083,-1.040958,0.013214,0.576788,0.679345,94.035119,1.545042,-1.035823,-1.035823,1.530402,-1.017062,0.339814,-0.000002,0.285672,0.443940
28,fwd,0.614444,0.300000,0.607609,0.300004,0.061736,0.000004,0.354446,0.285812,1.553715,-1.043863,0.011826,0.578699,0.681340,93.722033,1.548511,-1.039039,-1.039039,1.538068,-1.024291,0.339814,-0.000002,0.285672,0.443940
29,fwd,0.616667,0.300000,0.609831,0.300004,0.063959,0.000004,0.355224,0.285812,1.556344,-1.046773,0.011008,0.581632,0.683335,93.407925,1.548511,-1.039039,-1.039039,1.538068,-1.024291,0.339814,-0.000002,0.285668,0.443937
30,fwd,0.618889,0.300000,0.612054,0.300004,0.066181,0.000004,0.356002,0.285812,1.558972,-1.049687,0.014927,0.587585,0.685333,93.092786,1.552696,-1.043298,-1.043298,1.538068,-1.024291,0.339814,-0.000002,0.285668,0.443937
31,fwd,0.621111,0.300000,0.614276,0.300004,0.068403,0.000004,0.356780,0.285812,1.561599,-1.052606,0.012880,0.587858,0.687332,92.776607,1.556257,-1.047021,-1.047021,1.545309,-1.035721,0.339814,-0.000002,0.285668,0.443937
32,fwd,0.623333,0.300000,0.616498,0.300004,0.070625,0.000004,0.357558,0.285812,1.564224,-1.055529,0.011655,0.575192,0.689332,92.459381,1.556257,-1.050424,-1.050424,1.545309,-1.035721,0.340192,-0.000002,0.285831,0.444331
33,fwd,0.625556,0.300000,0.618721,0.300004,0.072848,0.000004,0.358335,0.285812,1.566848,-1.058456,0.013292,0.583065,0.691333,92.141097,1.560493,-1.053637,-1.053637,1.545309,-1.035721,0.340192,-0.000002,0.285831,0.444331
34,fwd,0.627778,0.300000,0.620943,0.300004,0.075070,0.000004,0.359113,0.285812,1.569470,-1.061388,0.011859,0.577670,0.693336,91.821747,1.564084,-1.053637,-1.053637,1.552967,-1.043283,0.340192,-0.000002,0.285831,0.444331
35,fwd,0.630000,0.300000,0.623165,0.300004,0.077292,0.000004,0.359891,0.285812,1.572090,-1.064324,0.013353,0.599817,0.695340,91.501321,1.567286,-1.057912,-1.057912,1.552967,-1.043283,0.342815,-0.000002,0.286581,0.446823
36,fwd,0.632222,0.300000,0.625387,0.300004,0.079514,0.000004,0.360669,0.285812,1.574710,-1.067264,0.011940,0.576222,0.697346,91.179811,1.567286,-1.061653,-1.061653,1.552967,-1.043283,0.342815,-0.000002,0.286581,0.446823
37,fwd,0.634444,0.300000,0.627610,0.300004,0.081737,0.000004,0.361447,0.285812,1.577327,-1.070209,0.013192,0.570503,0.699352,90.857205,1.571303,-1.065075,-1.065075,1.560798,-1.053576,0.342815,-0.000002,0.286581,0.446823
38,fwd,0.636667,0.300000,0.629832,0.300004,0.083959,0.000004,0.362224,0.285812,1.579944,-1.073158,0.011832,0.566676,0.701360,90.533495,1.574759,-1.068308,-1.068308,1.560798,-1.053576,0.345452,-0.000002,0.285535,0.448182
39,fwd,0.638889,0.300000,0.632054,0.300004,0.086181,0.000004,0.363002,0.285812,1.582559,-1.076112,0.011033,0.583115,0.703370,90.208670,1.574759,-1.068308,-1.068308,1.560798,-1.053576,0.345452,-0.000002,0.285535,0.448182
40,fwd,0.641111,0.300000,0.634276,0.300004,0.088404,0.000004,0.363780,0.285812,1.585173,-1.079070,0.014976,0.588132,0.705380,89.882720,1.578925,-1.072613,-1.072613,1.567646,-1.061579,0.345452,-0.000002,0.285535,0.448182
41,fwd,0.643333,0.300000,0.636499,0.300004,0.090626,0.000004,0.364558,0.285812,1.587786,-1.082033,0.012933,0.583502,0.707392,89.555635,1.582469,-1.076381,-1.076381,1.567646,-1.061579,0.347606,-0.000002,0.285364,0.449736
42,fwd,0.645556,0.300000,0.638721,0.300004,0.092848,0.000004,0.365336,0.285812,1.590397,-1.085000,0.011710,0.403255,0.709405,89.227403,1.582469,-1.079829,-1.079829,1.567646,-1.061579,0.347606,-0.000002,0.285364,0.449736
43,fwd,0.647778,0.300000,0.640943,0.300004,0.095070,0.000004,0.366113,0.285812,1.593007,-1.087972,0.013317,0.418888,0.711420,88.898014,1.586684,-1.083086,-1.083086,1.575129,-1.068432,0.347606,-0.000002,0.285364,0.449736
44,fwd,0.650000,0.300000,0.643166,0.300004,0.097293,0.000004,0.366891,0.285812,1.595616,-1.090948,0.011899,0.410463,0.713436,88.567456,1.590257,-1.083086,-1.083086,1.575129,-1.068432,0.349792,-0.000002,0.285140,0.451286
45,fwd,0.652222,0.300000,0.645388,0.300004,0.099515,0.000004,0.367669,0.285812,1.598224,-1.093929,0.013455,0.414263,0.715452,88.235719,1.590257,-1.087423,-1.087423,1.575129,-1.068432,0.349792,-0.000002,0.285140,0.451286
46,fwd,0.654444,0.300000,0.647610,0.300004,0.101737,0.000004,0.368447,0.285812,1.600831,-1.096915,0.014209,0.410462,0.717470,87.902789,1.594486,-1.091220,-1.091220,1.582842,-1.079791,0.349792,-0.000002,0.285140,0.451286
47,fwd,0.656667,0.300000,0.649832,0.300004,0.103960,0.000004,0.369225,0.285812,1.603436,-1.099905,0.012471,0.414789,0.719490,87.568656,1.598066,-1.094694,-1.094694,1.582842,-1.079791,0.352309,-0.000002,0.286122,0.453858
48,fwd,0.658889,0.300000,0.652055,0.300004,0.106182,0.000004,0.370002,0.285812,1.606041,-1.102900,0.011443,0.407486,0.721510,87.233307,1.598066,-1.097977,-1.097977,1.582842,-1.079791,0.352309,-0.000002,0.286122,0.453858
49,fwd,0.661111,0.300000,0.654277,0.300004,0.108404,0.000004,0.370780,0.285812,1.608644,-1.105900,0.013216,0.500456,0.723532,86.896730,1.602297,-1.097977,-1.097977,1.590640,-1.087519,0.352309,-0.000002,0.286122,0.453858
50,fwd,0.663333,0.300000,0.656499,0.300004,0.110626,0.000004,0.371558,0.285812,1.611247,-1.108904,0.014124,0.726898,0.725555,86.558912,1.605877,-1.102348,-1.102348,1.590640,-1.087519,0.354501,-0.000002,0.285924,0.455437
51,fwd,0.665556,0.300000,0.658722,0.300004,0.112849,0.000004,0.372336,0.285812,1.613848,-1.111913,0.012451,0.494943,0.727579,86.219839,1.605877,-1.106174,-1.106174,1.590640,-1.087519,0.354501,-0.000002,0.285924,0.455437
52,fwd,0.667778,0.300000,0.660944,0.300004,0.115071,0.000004,0.373114,0.285812,1.616449,-1.114927,0.013725,0.486510,0.729604,85.879500,1.610106,-1.109675,-1.109675,1.598416,-1.097928,0.354501,-0.000002,0.285924,0.455437
53,fwd,0.670000,0.300000,0.663166,0.300004,0.117293,0.000004,0.373891,0.285812,1.619048,-1.117945,0.012181,0.480793,0.731630,85.537879,1.613683,-1.112983,-1.112983,1.598416,-1.097928,0.356992,-0.000002,0.286415,0.457686
54,fwd,0.672222,0.300000,0.665388,0.300004,0.119516,0.000004,0.374669,0.285812,1.621647,-1.120968,0.011278,0.490000,0.733658,85.194964,1.613683,-1.112983,-1.112983,1.598416,-1.097928,0.356992,-0.000002,0.286415,0.457686
55,fwd,0.674444,0.300000,0.667611,0.300004,0.121738,0.000004,0.375447,0.285812,1.624245,-1.123996,0.015259,0.492899,0.735686,84.850740,1.617908,-1.117388,-1.117388,1.606227,-1.106082,0.356992,-0.000002,0.286415,0.457686
56,fwd,0.676667,0.300000,0.669833,0.300004,0.123960,0.000004,0.376225,0.285812,1.626842,-1.127029,0.013144,0.481184,0.737716,84.505192,1.621481,-1.121245,-1.121245,1.606227,-1.106082,0.359058,-0.000002,0.286460,0.459328
57,fwd,0.678889,0.300000,0.672055,0.300004,0.126182,0.000004,0.377003,0.285812,1.629438,-1.130067,0.011880,0.486989,0.739747,84.158306,1.621481,-1.124774,-1.124774,1.606227,-1.106082,0.359058,-0.000002,0.286460,0.459328
58,fwd,0.681111,0.300000,0.674278,0.300004,0.128405,0.000004,0.377780,0.285812,1.632033,-1.133109,0.013447,0.487363,0.741779,83.810066,1.625702,-1.128108,-1.128108,1.614068,-1.113132,0.359058,-0.000002,0.286460,0.459328
59,fwd,0.683333,0.300000,0.676500,0.300004,0.130627,0.000004,0.378558,0.285812,1.634628,-1.136157,0.012019,0.492116,0.743812,83.460458,1.629272,-1.131327,-1.131327,1.614068,-1.113132,0.361161,-0.000002,0.286121,0.460763
60,fwd,0.685556,0.300000,0.678722,0.300004,0.132849,0.000004,0.379336,0.285812,1.637222,-1.139209,0.011194,0.478116,0.745846,83.109465,1.629272,-1.131327,-1.131327,1.614068,-1.113132,0.361161,-0.000002,0.286121,0.460763
61,fwd,0.687778,0.300000,0.680945,0.300004,0.135072,0.000004,0.380114,0.285812,1.639815,-1.142266,0.015192,0.726685,0.747881,82.757071,1.633489,-1.135703,-1.135703,1.621759,-1.124658,0.361161,-0.000002,0.286121,0.460763
62,fwd,0.690000,0.300000,0.683167,0.300004,0.137294,0.000004,0.380892,0.285812,1.642407,-1.145328,0.013121,0.493547,0.749917,82.403260,1.637056,-1.139553,-1.139553,1.621759,-1.124658,0.363721,-0.000002,0.286839,0.463217
63,fwd,0.692222,0.300000,0.685389,0.300004,0.139516,0.000004,0.381669,0.285812,1.644999,-1.148395,0.011885,0.489897,0.751954,82.048014,1.637056,-1.143090,-1.143090,1.621759,-1.124658,0.363721,-0.000002,0.286839,0.463217
64,fwd,0.694444,0.300000,0.687611,0.300004,0.141739,0.000004,0.382447,0.285812,1.647590,-1.151467,0.013458,0.497209,0.753993,81.691316,1.641270,-1.146441,-1.146441,1.629650,-1.131470,0.363721,-0.000002,0.286839,0.463217
65,fwd,0.696667,0.300000,0.689834,0.300004,0.143961,0.000004,0.383225,0.285812,1.650180,-1.154544,0.012044,0.528036,0.756032,81.333149,1.644834,-1.149682,-1.149682,1.629650,-1.131470,0.365894,-0.000002,0.286571,0.464759
66,fwd,0.698889,0.300000,0.692056,0.300004,0.146183,0.000004,0.384003,0.285812,1.652770,-1.157626,0.011229,0.482494,0.758072,80.973495,1.644834,-1.149682,-1.149682,1.629650,-1.131470,0.365894,-0.000002,0.286571,0.464759
67,fwd,0.701111,0.300000,0.694278,0.300004,0.148406,0.000005,0.384781,0.285812,1.655359,-1.160713,0.015247,0.485685,0.760114,80.612334,1.649044,-1.154094,-1.154094,1.637434,-1.143022,0.365894,-0.000002,0.286571,0.464759
68,fwd,0.703333,0.300000,0.696501,0.300004,0.150628,0.000005,0.385558,0.285812,1.657948,-1.163805,0.013175,0.476517,0.762156,80.249648,1.652606,-1.157978,-1.157978,1.637434,-1.143022,0.368417,-0.000002,0.286991,0.467006
69,fwd,0.705556,0.300000,0.698723,0.300005,0.152850,0.000005,0.386336,0.285812,1.660537,-1.166902,0.011938,0.488025,0.764200,79.885418,1.652606,-1.161548,-1.161548,1.637434,-1.143022,0.368417,-0.000002,0.286991,0.467006
70,fwd,0.707778,0.300000,0.700945,0.300005,0.155073,0.000005,0.387114,0.285812,1.663124,-1.170004,0.013496,0.473443,0.766244,79.519623,1.656813,-1.164930,-1.164930,1.645188,-1.149806,0.368417,-0.000002,0.286991,0.467006
71,fwd,0.710000,0.300000,0.703168,0.300005,0.157295,0.000005,0.387892,0.285812,1.665712,-1.173112,0.012088,0.491103,0.768290,79.152243,1.660373,-1.168203,-1.168203,1.645188,-1.149806,0.370681,-0.000002,0.286662,0.468593
72,fwd,0.712222,0.300000,0.705390,0.300005,0.159517,0.000005,0.388670,0.285812,1.668299,-1.176224,0.011277,0.500177,0.770336,78.783258,1.660373,-1.171411,-1.171411,1.645188,-1.149806,0.370681,-0.000002,0.286662,0.468593
73,fwd,0.714444,0.300000,0.707612,0.300005,0.161740,0.000005,0.389448,0.285812,1.670885,-1.179342,0.013169,0.482672,0.772383,78.412645,1.664578,-1.171411,-1.171411,1.652994,-1.161627,0.370681,-0.000002,0.286662,0.468593
74,fwd,0.716667,0.300000,0.709835,0.300005,0.163962,0.000005,0.390225,0.285812,1.673472,-1.182465,0.014187,0.474192,0.774432,78.040383,1.668135,-1.175833,-1.175833,1.652994,-1.161627,0.372862,-0.000002,0.286221,0.470052
75,fwd,0.718889,0.300000,0.712057,0.300005,0.166184,0.000005,0.391003,0.285812,1.676058,-1.185593,0.012571,0.514080,0.776481,77.666450,1.668135,-1.179737,-1.179737,1.652994,-1.161627,0.372862,-0.000002,0.286221,0.470052
76,fwd,0.721111,0.300000,0.714279,0.300005,0.168407,0.000005,0.391781,0.285812,1.678643,-1.188727,0.013829,0.493538,0.778531,77.290822,1.672338,-1.183333,-1.183333,1.660752,-1.171419,0.372862,-0.000002,0.286221,0.470052
77,fwd,0.723333,0.300000,0.716502,0.300005,0.170629,0.000005,0.392559,0.285812,1.681229,-1.191866,0.012322,0.504409,0.780582,76.913476,1.675894,-1.186746,-1.186746,1.660752,-1.171419,0.375362,-0.000002,0.286838,0.472412
78,fwd,0.725556,0.300000,0.718724,0.300005,0.172851,0.000005,0.393337,0.285812,1.683814,-1.195010,0.011446,0.483666,0.782635,76.534388,1.675894,-1.190051,-1.190051,1.660752,-1.171419,0.375362,-0.000002,0.286838,0.472412
79,fwd,0.727778,0.300000,0.720946,0.300005,0.175074,0.000005,0.394114,0.285812,1.686399,-1.198159,0.013269,0.577029,0.784688,76.153532,1.680096,-1.193295,-1.193295,1.668416,-1.179738,0.375362,-0.000002,0.286838,0.472412
80,fwd,0.730000,0.300000,0.723169,0.300005,0.177296,0.000005,0.394892,0.285812,1.688983,-1.201314,0.011971,0.480904,0.786742,75.770884,1.683651,-1.196502,-1.196502,1.668416,-1.179738,0.377487,-0.000002,0.286262,0.473754
81,fwd,0.732222,0.300000,0.725391,0.300005,0.179518,0.000005,0.395670,0.285812,1.691568,-1.204474,0.011235,0.486439,0.788796,75.386417,1.683651,-1.196502,-1.196502,1.668416,-1.179738,0.377487,-0.000002,0.286262,0.473754
82,fwd,0.734444,0.300000,0.727613,0.300005,0.181741,0.000005,0.396448,0.285812,1.694152,-1.207640,0.015308,0.481000,0.790852,75.000104,1.687852,-1.200957,-1.200957,1.676364,-1.190008,0.377487,-0.000002,0.286262,0.473754
83,fwd,0.736667,0.300000,0.729836,0.300005,0.183963,0.000005,0.397226,0.285812,1.696737,-1.210811,0.013268,0.475842,0.792909,74.611919,1.691406,-1.204899,-1.204899,1.676364,-1.190008,0.380035,-0.000002,0.286861,0.476147
84,fwd,0.738889,0.300000,0.732058,0.300005,0.186185,0.000005,0.398004,0.285812,1.699321,-1.213988,0.012052,0.479513,0.794967,74.221832,1.691406,-1.208534,-1.208534,1.676364,-1.190008,0.380035,-0.000002,0.286861,0.476147
85,fwd,0.741111,0.300000,0.734280,0.300005,0.188408,0.000005,0.398781,0.285812,1.701905,-1.217170,0.013595,0.484934,0.797025,73.829815,1.695605,-1.211988,-1.211988,1.683942,-1.196565,0.380035,-0.000002,0.286861,0.476147
86,fwd,0.743333,0.300000,0.736503,0.300005,0.190630,0.000005,0.399559,0.285812,1.704490,-1.220357,0.012205,0.476961,0.799084,73.435838,1.699159,-1.215336,-1.215336,1.683942,-1.196565,0.382210,-0.000002,0.286289,0.477542
87,fwd,0.745556,0.300000,0.738725,0.300005,0.192852,0.000005,0.400337,0.285812,1.707074,-1.223550,0.011407,0.492234,0.801145,73.039870,1.699159,-1.218622,-1.218622,1.683942,-1.196565,0.382210,-0.000002,0.286289,0.477542
88,fwd,0.747778,0.300000,0.740947,0.300005,0.195075,0.000005,0.401115,0.285812,1.709658,-1.226749,0.013277,0.486106,0.803206,72.641880,1.703359,-1.221873,-1.221873,1.691763,-1.208571,0.382210,-0.000002,0.286289,0.477542
89,fwd,0.750000,0.300000,0.743170,0.300005,0.197297,0.000005,0.401893,0.285812,1.712242,-1.229954,0.012009,0.478072,0.805268,72.241836,1.706912,-1.225105,-1.225105,1.691763,-1.208571,0.384760,-0.000002,0.287026,0.480025
90,hold_fwd,0.750000,0.300000,0.745041,0.300005,0.198515,0.000004,0.402319,0.285812,1.713659,-1.231713,0.009443,0.479648,0.806398,72.241836,1.706912,-1.225105,-1.225105,1.691763,-1.208571,0.384760,-0.000002,0.287026,0.480025
91,hold_fwd,0.750000,0.300000,0.746491,0.300004,0.199184,0.000002,0.402553,0.285812,1.714437,-1.232679,0.010676,0.476333,0.807018,72.241836,1.706912,-1.225105,-1.225105,1.699451,-1.218531,0.384760,-0.000002,0.287026,0.480025
92,hold_fwd,0.750000,0.300000,0.747562,0.300003,0.199551,0.000001,0.402682,0.285812,1.714864,-1.233210,0.011354,0.478149,0.807359,72.241836,1.706912,-1.228347,-1.228347,1.699451,-1.218531,0.387130,-0.000002,0.287141,0.481996
93,hold_fwd,0.750000,0.300000,0.748329,0.300002,0.199753,0.000001,0.402752,0.285812,1.715099,-1.233502,0.009674,0.482512,0.807546,72.241836,1.710187,-1.228347,-1.228347,1.699451,-1.218531,0.387130,-0.000002,0.287141,0.481996
94,hold_fwd,0.750000,0.300000,0.748866,0.300002,0.199864,0.000000,0.402791,0.285812,1.715228,-1.233662,0.007326,0.482669,0.807649,72.241836,1.710187,-1.228347,-1.228347,1.707046,-1.224892,0.387130,-0.000002,0.287141,0.481996
95,hold_fwd,0.750000,0.300000,0.749237,0.300001,0.199925,0.000000,0.402813,0.285812,1.715299,-1.233751,0.007439,0.492532,0.807706,72.241836,1.710187,-1.228347,-1.228347,1.707046,-1.224892,0.389382,-0.000002,0.286912,0.483670
96,hold_fwd,0.750000,0.300000,0.749490,0.300001,0.199959,0.000000,0.402824,0.285812,1.715338,-1.233799,0.007501,0.489198,0.807737,72.241836,1.710187,-1.228347,-1.228347,1.707046,-1.224892,0.389382,-0.000002,0.286912,0.483670
97,hold_fwd,0.750000,0.300000,0.749660,0.300001,0.199977,0.000000,0.402831,0.285812,1.715360,-1.233826,0.007535,0.479741,0.807754,72.241836,1.710187,-1.228347,-1.228347,1.710260,-1.228072,0.389382,-0.000002,0.286912,0.483670
98,hold_fwd,0.750000,0.300000,0.749775,0.300000,0.199988,0.000000,0.402834,0.285812,1.715371,-1.233841,0.007554,0.473765,0.807763,72.241836,1.710187,-1.228347,-1.228347,1.710260,-1.228072,0.391841,-0.000002,0.286982,0.485694
99,hold_fwd,0.750000,0.300000,0.749851,0.300000,0.199993,0.000000,0.402836,0.285812,1.715378,-1.233849,0.007564,0.498867,0.807768,72.241836,1.710187,-1.228347,-1.228347,1.710260,-1.228072,0.391841,-0.000002,0.286982,0.485694
100,hold_fwd,0.750000,0.300000,0.749902,0.300000,0.199996,0.000000,0.402837,0.285812,1.715381,-1.233853,0.007570,0.487582,0.807771,72.241836,1.710187,-1.228347,-1.228347,1.710273,-1.228044,0.391841,-0.000002,0.286982,0.485694
101,hold_fwd,0.750000,0.300000,0.749936,0.300000,0.199998,0.000000,0.402838,0.285812,1.715383,-1.233856,0.007573,0.474483,0.807773,72.241836,1.710187,-1.228347,-1.228347,1.710273,-1.228044,0.393847,-0.000002,0.286336,0.486933
102,hold_fwd,0.750000,0.300000,0.749958,0.300000,0.199999,0.000000,0.402838,0.285812,1.715385,-1.233857,0.007575,0.478087,0.807774,72.241836,1.710187,-1.228347,-1.228347,1.710273,-1.228044,0.393847,-0.000002,0.286336,0.486933
103,hold_fwd,0.750000,0.300000,0.749972,0.300000,0.199999,0.000000,0.402838,0.285812,1.715385,-1.233858,0.007576,0.480122,0.807774,72.241836,1.710187,-1.228347,-1.228347,1.710272,-1.228045,0.393847,-0.000002,0.286336,0.486933
104,hold_fwd,0.750000,0.300000,0.749982,0.300000,0.200000,0.000000,0.402839,0.285812,1.715385,-1.233858,0.007576,0.473313,0.807774,72.241836,1.710187,-1.228347,-1.228347,1.710272,-1.228045,0.396535,-0.000002,0.287072,0.489541
105,hold_fwd,0.750000,0.300000,0.749988,0.300000,0.200000,0.000000,0.402839,0.285812,1.715386,-1.233858,0.007576,0.476327,0.807775,72.241836,1.710187,-1.228347,-1.228347,1.710272,-1.228045,0.396535,-0.000002,0.287072,0.489541
106,hold_fwd,0.750000,0.300000,0.749992,0.300000,0.200000,0.000000,0.402839,0.285812,1.715386,-1.233859,0.007577,0.486094,0.807775,72.241836,1.710187,-1.228347,-1.228347,1.710263,-1.228077,0.396535,-0.000002,0.287072,0.489541
107,hold_fwd,0.750000,0.300000,0.749995,0.300000,0.200000,0.000000,0.402839,0.285812,1.715386,-1.233859,0.007577,0.478111,0.807775,72.241836,1.710187,-1.228347,-1.228347,1.710263,-1.228077,0.398772,-0.000002,0.287088,0.491364
108,hold_fwd,0.750000,0.300000,0.749997,0.300000,0.200000,0.000000,0.402839,0.285812,1.715386,-1.233859,0.007577,0.480243,0.807775,72.241836,1.710187,-1.228347,-1.228347,1.710263,-1.228077,0.398772,-0.000002,0.287088,0.491364
109,hold_fwd,0.750000,0.300000,0.749998,0.300000,0.200000,0.000000,0.402839,0.285812,1.715386,-1.233859,0.007577,0.593640,0.807775,72.241836,1.710187,-1.228347,-1.228347,1.710274,-1.228041,0.398772,-0.000002,0.287088,0.491364
110,hold_fwd,0.750000,0.300000,0.749999,0.300000,0.200000,0.000000,0.402839,0.285812,1.715386,-1.233859,0.007577,0.510430,0.807775,72.241836,1.710187,-1.228347,-1.228347,1.710274,-1.228041,0.400615,-0.000002,0.286191,0.492339
111,hold_fwd,0.750000,0.300000,0.749999,0.300000,0.200000,0.000000,0.402839,0.285812,1.715386,-1.233859,0.007577,0.485984,0.807775,72.241836,1.710187,-1.228347,-1.228347,1.710274,-1.228041,0.400615,-0.000002,0.286191,0.492339
112,hold_fwd,0.750000,0.300000,0.749999,0.300000,0.200000,0.000000,0.402839,0.285812,1.715386,-1.233859,0.007577,0.727544,0.807775,72.241836,1.710187,-1.228347,-1.228347,1.710272,-1.228045,0.400615,-0.000002,0.286191,0.492339
113,hold_fwd,0.750000,0.300000,0.750000,0.300000,0.200000,0.000000,0.402839,0.285812,1.715386,-1.233859,0.007577,0.509372,0.807775,72.241836,1.710187,-1.228347,-1.228347,1.710272,-1.228045,0.401367,-0.000002,0.285969,0.492822
114,hold_fwd,0.750000,0.300000,0.750000,0.300000,0.200000,0.000000,0.402839,0.285812,1.715386,-1.233859,0.007577,0.484359,0.807775,72.241836,1.710187,-1.228347,-1.228347,1.710272,-1.228045,0.401367,-0.000002,0.285969,0.492822
115,hold_fwd,0.750000,0.300000,0.750000,0.300000,0.200000,0.000000,0.402839,0.285812,1.715386,-1.233859,0.007577,0.475225,0.807775,72.241836,1.710187,-1.228347,-1.228347,1.710273,-1.228041,0.401367,-0.000002,0.285969,0.492822
116,hold_fwd,0.750000,0.300000,0.750000,0.300000,0.200000,0.000000,0.402839,0.285812,1.715386,-1.233859,0.007577,0.474303,0.807775,72.241836,1.710187,-1.228347,-1.228347,1.710273,-1.228041,0.401368,-0.000002,0.285966,0.492821
117,hold_fwd,0.750000,0.300000,0.750000,0.300000,0.200000,0.000000,0.402839,0.285812,1.715386,-1.233859,0.007577,0.485567,0.807775,72.241836,1.710187,-1.228347,-1.228347,1.710273,-1.228041,0.401368,-0.000002,0.285966,0.492821
118,hold_fwd,0.750000,0.300000,0.750000,0.300000,0.200000,0.000000,0.402839,0.285812,1.715386,-1.233859,0.007577,0.476277,0.807775,72.241836,1.710187,-1.228347,-1.228347,1.710268,-1.228061,0.401368,-0.000002,0.285966,0.492821
119,hold_fwd,0.750000,0.300000,0.750000,0.300000,0.200000,0.000000,0.402839,0.285812,1.715386,-1.233859,0.007577,0.509192,0.807775,72.241836,1.710187,-1.228347,-1.228347,1.710268,-1.228061,0.401368,-0.000002,0.285969,0.492823
120,back_to_base,0.746667,0.300000,0.749476,0.300000,0.198503,0.000001,0.402315,0.285812,1.713645,-1.231695,0.004813,0.493561,0.806385,72.841130,1.710187,-1.228347,-1.228347,1.710268,-1.228061,0.401368,-0.000002,0.285969,0.492823
121,back_to_base,0.743333,0.300000,0.748323,0.300001,0.196183,0.000003,0.401503,0.285812,1.710947,-1.228347,0.000760,0.488189,0.804233,73.435838,1.710187,-1.228347,-1.228347,1.710264,-1.228076,0.401368,-0.000002,0.285969,0.492823
122,back_to_base,0.740000,0.300000,0.746604,0.300003,0.193410,0.000005,0.400532,0.285812,1.707722,-1.224352,0.004694,0.475357,0.801662,74.026067,1.710187,-1.228347,-1.228347,1.710264,-1.228076,0.401368,-0.000002,0.285972,0.492825
123,back_to_base,0.736667,0.300000,0.744428,0.300004,0.190386,0.000007,0.399474,0.285812,1.704206,-1.220007,0.010263,0.494869,0.798859,74.611919,1.710187,-1.225011,-1.225011,1.710264,-1.228076,0.401368,-0.000002,0.285972,0.492825
124,back_to_base,0.733333,0.300000,0.741906,0.300006,0.187224,0.000009,0.398367,0.285812,1.700529,-1.215474,0.013573,0.504329,0.795930,75.193493,1.706324,-1.221196,-1.221196,1.710264,-1.227983,0.401368,-0.000002,0.285972,0.492825
125,back_to_base,0.730000,0.300000,0.739134,0.300007,0.183985,0.000010,0.397233,0.285812,1.696763,-1.210843,0.014093,0.475280,0.792931,75.770884,1.702499,-1.217055,-1.217055,1.710264,-1.227983,0.401368,-0.000002,0.285968,0.492822
126,back_to_base,0.726667,0.300000,0.736183,0.300008,0.180704,0.000010,0.396085,0.285812,1.692947,-1.206162,0.014488,0.494965,0.789895,76.344182,1.698678,-1.212698,-1.212698,1.710264,-1.227983,0.401368,-0.000002,0.285968,0.492822
127,back_to_base,0.723333,0.300000,0.733109,0.300009,0.177399,0.000011,0.394928,0.285812,1.689103,-1.201461,0.014763,0.477412,0.786839,76.913476,1.694848,-1.208203,-1.208203,1.709942,-1.224400,0.401368,-0.000002,0.285968,0.492822
128,back_to_base,0.720000,0.300000,0.729949,0.300010,0.174081,0.000011,0.393767,0.285812,1.685245,-1.196753,0.014945,0.486314,0.783773,77.478849,1.691007,-1.203623,-1.203623,1.709942,-1.224400,0.401368,-0.000002,0.285976,0.492828
129,back_to_base,0.716667,0.300000,0.726732,0.300010,0.170757,0.000011,0.392604,0.285812,1.681377,-1.192046,0.015058,0.488896,0.780703,78.040383,1.687155,-1.198992,-1.198992,1.709942,-1.224400,0.401368,-0.000002,0.285976,0.492828
130,back_to_base,0.713333,0.300000,0.723475,0.300010,0.167428,0.000011,0.391438,0.285812,1.677505,-1.187346,0.015125,0.489270,0.777630,78.598156,1.683295,-1.194334,-1.194334,1.698358,-1.211901,0.401368,-0.000002,0.285976,0.492828
131,back_to_base,0.710000,0.300000,0.720193,0.300011,0.164097,0.000011,0.390273,0.285812,1.673629,-1.182655,0.015160,0.474851,0.774558,79.152243,1.679428,-1.189662,-1.189662,1.698358,-1.211901,0.401368,-0.000002,0.285971,0.492824
132,back_to_base,0.706667,0.300000,0.716893,0.300011,0.160765,0.000011,0.389106,0.285812,1.669751,-1.177974,0.015175,0.497560,0.771487,79.702717,1.675557,-1.184987,-1.184987,1.698358,-1.211901,0.401368,-0.000002,0.285971,0.492824
133,back_to_base,0.703333,0.300000,0.713582,0.300011,0.157432,0.000011,0.387940,0.285812,1.665871,-1.173303,0.015177,0.482400,0.768418,80.249648,1.671683,-1.180313,-1.180313,1.686791,-1.198144,0.401368,-0.000002,0.285971,0.492824
134,back_to_base,0.700000,0.300000,0.710262,0.300011,0.154098,0.000011,0.386773,0.285812,1.661990,-1.168644,0.015170,0.483377,0.765350,80.793104,1.667806,-1.175646,-1.175646,1.686791,-1.198144,0.401367,-0.000002,0.285961,0.492818
135,back_to_base,0.696667,0.300000,0.706938,0.300011,0.150765,0.000011,0.385606,0.285812,1.658108,-1.163996,0.015158,0.492978,0.762285,81.333149,1.663927,-1.170986,-1.170986,1.686791,-1.198144,0.401367,-0.000002,0.285961,0.492818
136,back_to_base,0.693333,0.300000,0.703611,0.300011,0.147431,0.000010,0.384440,0.285812,1.652629,-1.157394,0.017674,0.331331,0.759221,81.869848,1.659408,-1.165549,-1.165549,1.675319,-1.184334,0.401367,-0.000002,0.285961,0.492818
137,back_to_base,0.690000,0.300000,0.700281,0.300010,0.144098,0.000010,0.383273,0.285812,1.650340,-1.154734,0.014114,0.481695,0.756160,82.403260,1.655780,-1.161223,-1.161223,1.675319,-1.184334,0.401368,-0.000002,0.285965,0.492820
138,back_to_base,0.686667,0.300000,0.696950,0.300010,0.140764,0.000010,0.382106,0.285812,1.644979,-1.148311,0.016834,0.343021,0.753101,82.933444,1.651460,-1.156058,-1.156058,1.675319,-1.184334,0.401368,-0.000002,0.285965,0.492820
139,back_to_base,0.683333,0.300000,0.693618,0.300010,0.137431,0.000010,0.380939,0.285812,1.641070,-1.143683,0.016158,0.434580,0.750045,83.460458,1.647304,-1.151108,-1.151108,1.663565,-1.170141,0.401368,-0.000002,0.285965,0.492820
140,back_to_base,0.680000,0.300000,0.690286,0.300010,0.134097,0.000010,0.379773,0.285812,1.637215,-1.139136,0.015657,0.339722,0.746990,83.984356,1.643268,-1.146319,-1.146319,1.663565,-1.170141,0.401287,-0.000002,0.285732,0.492619
141,back_to_base,0.676667,0.300000,0.686953,0.300010,0.130763,0.000010,0.378606,0.285812,1.633398,-1.134650,0.015284,0.328925,0.743939,84.505192,1.639320,-1.141651,-1.141651,1.663565,-1.170141,0.401287,-0.000002,0.285732,0.492619
142,back_to_base,0.673333,0.300000,0.683620,0.300010,0.127430,0.000010,0.377439,0.285812,1.629609,-1.130212,0.015006,0.318110,0.740889,85.023016,1.635436,-1.137075,-1.137075,1.651072,-1.155189,0.401287,-0.000002,0.285732,0.492619
143,back_to_base,0.670000,0.300000,0.680287,0.300010,0.124096,0.000010,0.376272,0.285812,1.625840,-1.125811,0.014797,0.330500,0.737842,85.537879,1.631598,-1.132570,-1.132570,1.651072,-1.155189,0.400293,-0.000002,0.285022,0.491398
144,back_to_base,0.666667,0.300000,0.676953,0.300010,0.120762,0.000010,0.375106,0.285812,1.622085,-1.121441,0.014641,0.346564,0.734798,86.049829,1.627793,-1.128118,-1.128118,1.651072,-1.155189,0.400293,-0.000002,0.285022,0.491398
145,back_to_base,0.663333,0.300000,0.673620,0.300010,0.117429,0.000010,0.373939,0.285812,1.618339,-1.117094,0.014522,0.364856,0.731756,86.558912,1.624011,-1.123709,-1.123709,1.638955,-1.140814,0.400293,-0.000002,0.285022,0.491398
146,back_to_base,0.660000,0.300000,0.670286,0.300010,0.114095,0.000010,0.372772,0.285812,1.614600,-1.112768,0.014432,0.344589,0.728717,87.065173,1.620247,-1.119332,-1.119332,1.638955,-1.140814,0.396836,-0.000002,0.285534,0.488885
147,back_to_base,0.656667,0.300000,0.666953,0.300010,0.110762,0.000010,0.371605,0.285812,1.610864,-1.108459,0.014362,0.334425,0.725680,87.568656,1.616494,-1.114983,-1.114983,1.638955,-1.140814,0.396836,-0.000002,0.285534,0.488885
148,back_to_base,0.653333,0.300000,0.663619,0.300010,0.107428,0.000009,0.370439,0.285812,1.607131,-1.104165,0.014307,0.317573,0.722646,88.069404,1.612749,-1.110656,-1.110656,1.627434,-1.127294,0.396836,-0.000002,0.285534,0.488885
149,back_to_base,0.650000,0.300000,0.660285,0.300010,0.104095,0.000009,0.369272,0.285812,1.603399,-1.099885,0.014263,0.326729,0.719615,88.567456,1.609009,-1.106347,-1.106347,1.627434,-1.127294,0.393390,-0.000002,0.285642,0.486155
150,back_to_base,0.646667,0.300000,0.656952,0.300009,0.100761,0.000009,0.368105,0.285812,1.599666,-1.095616,0.014228,0.333145,0.716586,89.062854,1.605272,-1.102055,-1.102055,1.627434,-1.127294,0.393390,-0.000002,0.285642,0.486155
151,back_to_base,0.643333,0.300000,0.653618,0.300009,0.097427,0.000009,0.366938,0.285812,1.595933,-1.091359,0.014199,0.322397,0.713560,89.555635,1.601536,-1.097776,-1.097776,1.616137,-1.114165,0.393390,-0.000002,0.285642,0.486155
152,back_to_base,0.640000,0.300000,0.650285,0.300009,0.094094,0.000009,0.365772,0.285812,1.592198,-1.087112,0.014175,0.353605,0.710537,90.045837,1.597801,-1.093510,-1.093510,1.616137,-1.114165,0.389998,-0.000002,0.285665,0.483428
153,back_to_base,0.636667,0.300000,0.646951,0.300009,0.090760,0.000009,0.364605,0.285812,1.588462,-1.082875,0.014154,0.333259,0.707516,90.533495,1.594065,-1.089256,-1.089256,1.616137,-1.114165,0.389998,-0.000002,0.285665,0.483428
154,back_to_base,0.633333,0.300000,0.643618,0.300009,0.087427,0.000009,0.363438,0.285812,1.584723,-1.078648,0.014136,0.318758,0.704499,91.018645,1.590329,-1.085013,-1.085013,1.605038,-1.101424,0.389998,-0.000002,0.285665,0.483428
155,back_to_base,0.630000,0.300000,0.640284,0.300009,0.084093,0.000009,0.362271,0.285812,1.580982,-1.074430,0.014119,0.339365,0.701484,91.501321,1.586590,-1.080779,-1.080779,1.605038,-1.101424,0.386350,-0.000002,0.285668,0.480492
156,back_to_base,0.626667,0.300000,0.636951,0.300009,0.080760,0.000009,0.361105,0.285812,1.577239,-1.070221,0.014104,0.334368,0.698472,91.981556,1.582850,-1.076556,-1.076556,1.605038,-1.101424,0.386350,-0.000002,0.285668,0.480492
157,back_to_base,0.623333,0.300000,0.633617,0.300009,0.077426,0.000009,0.359938,0.285812,1.573492,-1.066021,0.014091,0.323259,0.695463,92.459381,1.579107,-1.072342,-1.072342,1.593706,-1.088442,0.386350,-0.000002,0.285668,0.480492
158,back_to_base,0.620000,0.300000,0.630283,0.300009,0.074093,0.000009,0.358771,0.285812,1.569743,-1.061830,0.014078,0.331612,0.692457,92.934827,1.575361,-1.068137,-1.068137,1.593706,-1.088442,0.382619,-0.000002,0.285660,0.477493
159,back_to_base,0.616667,0.300000,0.626950,0.300009,0.070759,0.000009,0.357604,0.285812,1.565991,-1.057648,0.014066,0.335992,0.689454,93.407925,1.571613,-1.063941,-1.063941,1.593706,-1.088442,0.382619,-0.000002,0.285660,0.477493
160,back_to_base,0.613333,0.300000,0.623616,0.300009,0.067426,0.000009,0.356438,0.285812,1.560444,-1.051322,0.016853,0.581019,0.686454,93.878703,1.567145,-1.058893,-1.058893,1.582475,-1.075730,0.382619,-0.000002,0.285660,0.477493
161,back_to_base,0.610000,0.300000,0.620283,0.300009,0.064092,0.000009,0.355271,0.285812,1.556502,-1.046948,0.015999,0.590479,0.683458,94.347190,1.562888,-1.054115,-1.054115,1.582475,-1.075730,0.378928,-0.000002,0.285657,0.474538
162,back_to_base,0.606667,0.300000,0.616949,0.300009,0.060759,0.000009,0.354104,0.285812,1.552557,-1.042585,0.015482,0.588488,0.680464,94.813412,1.558756,-1.049503,-1.049503,1.582475,-1.075730,0.378928,-0.000002,0.285657,0.474538
163,back_to_base,0.603333,0.300000,0.613616,0.300009,0.057425,0.000009,0.352937,0.285812,1.548608,-1.038231,0.015167,0.567004,0.677474,95.277397,1.554697,-1.044994,-1.044994,1.571329,-1.063258,0.378928,-0.000002,0.285657,0.474538
164,back_to_base,0.600000,0.300000,0.610282,0.300009,0.054092,0.000009,0.351771,0.285812,1.544656,-1.033887,0.014973,0.563996,0.674486,95.739170,1.550680,-1.040551,-1.040551,1.571329,-1.063258,0.375587,-0.000002,0.285660,0.471876
165,back_to_base,0.596667,0.300000,0.606949,0.300009,0.050758,0.000009,0.350604,0.285812,1.540700,-1.029552,0.014853,0.571875,0.671502,96.198756,1.546688,-1.036151,-1.036151,1.571329,-1.063258,0.375587,-0.000002,0.285660,0.471876
166,back_to_base,0.593333,0.300000,0.603615,0.300009,0.047425,0.000009,0.349437,0.285812,1.536740,-1.025227,0.014776,0.565860,0.668522,96.656179,1.542709,-1.031782,-1.031782,1.558495,-1.048851,0.375587,-0.000002,0.285660,0.471876
167,back_to_base,0.590000,0.300000,0.600282,0.300009,0.044091,0.000009,0.348271,0.285812,1.532776,-1.020911,0.014725,0.566159,0.665544,97.111463,1.538736,-1.027433,-1.027433,1.558495,-1.048851,0.372214,-0.000002,0.285670,0.469202
168,back_to_base,0.586667,0.300000,0.596948,0.300009,0.040758,0.000009,0.347104,0.285812,1.528807,-1.016605,0.014691,0.584303,0.662571,97.564629,1.534764,-1.023102,-1.023102,1.558495,-1.048851,0.372214,-0.000002,0.285670,0.469202
169,back_to_base,0.583333,0.300000,0.593615,0.300009,0.037424,0.000009,0.345937,0.285812,1.524835,-1.012308,0.014666,0.690130,0.659600,98.015700,1.530793,-1.018784,-1.018784,1.546337,-1.035358,0.372214,-0.000002,0.285670,0.469202
170,back_to_base,0.580000,0.300000,0.590281,0.300009,0.034091,0.000009,0.344770,0.285812,1.520858,-1.008021,0.014647,0.581085,0.656633,98.464697,1.526819,-1.014479,-1.014479,1.546337,-1.035358,0.368775,-0.000002,0.285683,0.466487
171,back_to_base,0.576667,0.300000,0.586948,0.300009,0.030757,0.000009,0.343604,0.285812,1.516877,-1.003743,0.014632,0.584596,0.653670,98.911641,1.522842,-1.010184,-1.010184,1.546337,-1.035358,0.368775,-0.000002,0.285683,0.466487
172,back_to_base,0.573333,0.300000,0.583614,0.300009,0.027424,0.000008,0.342437,0.285812,1.512892,-0.999474,0.014619,0.574385,0.650710,99.356551,1.518862,-1.005900,-1.005900,1.534504,-1.022457,0.368775,-0.000002,0.285683,0.466487
173,back_to_base,0.570000,0.300000,0.580281,0.300009,0.024090,0.000008,0.341270,0.285812,1.508902,-0.995214,0.014608,0.593287,0.647754,99.799448,1.514878,-1.001626,-1.001626,1.534504,-1.022457,0.365527,-0.000002,0.285694,0.463930
174,back_to_base,0.566667,0.300000,0.576948,0.300008,0.020757,0.000008,0.340104,0.285812,1.504907,-0.990964,0.014598,0.614561,0.644801,100.240348,1.510890,-0.997361,-0.997361,1.534504,-1.022457,0.365527,-0.000002,0.285694,0.463930
175,back_to_base,0.563333,0.300000,0.573614,0.300008,0.017423,0.000008,0.339839,0.285812,1.504000,-0.990000,0.010083,0.583061,0.641852,100.679271,1.510890,-0.997361,-0.997361,1.522487,-1.009394,0.365527,-0.000002,0.285694,0.463930
176,back_to_base,0.560000,0.300000,0.570281,0.300008,0.014090,0.000008,0.339839,0.285812,1.504000,-0.990000,0.010083,0.569090,0.638907,101.116234,1.510890,-0.997361,-0.997361,1.522487,-1.009394,0.362277,-0.000002,0.285706,0.461381
177,back_to_base,0.556667,0.300000,0.566947,0.300008,0.010756,0.000008,0.339839,0.285812,1.504000,-0.990000,0.010083,0.574747,0.635966,101.551254,1.510890,-0.997361,-0.997361,1.522487,-1.009394,0.362277,-0.000002,0.285706,0.461381
178,back_to_base,0.553333,0.300000,0.563614,0.300008,0.007423,0.000008,0.339839,0.285812,1.504000,-0.990000,0.010083,0.582250,0.633029,101.984346,1.510890,-0.997361,-0.997361,1.510961,-0.997073,0.362277,-0.000002,0.285706,0.461381
179,back_to_base,0.550000,0.300000,0.560280,0.300008,0.004090,0.000008,0.339839,0.285812,1.504000,-0.990000,0.010083,0.578906,0.630095,102.415527,1.510890,-0.997361,-0.997361,1.510961,-0.997073,0.358826,-0.000002,0.285709,0.458678
180,settle1,0.550000,0.300000,0.557470,0.300007,0.002251,0.000006,0.339839,0.285812,1.504000,-0.990000,0.010083,0.576665,0.628478,102.415527,1.510890,-0.997361,-0.997361,1.510961,-0.997073,0.358826,-0.000002,0.285709,0.458678
181,settle1,0.550000,0.300000,0.555289,0.300006,0.001239,0.000004,0.339839,0.285812,1.504000,-0.990000,0.010083,0.585388,0.627588,102.415527,1.510890,-0.997361,-0.997361,1.510954,-0.997020,0.358826,-0.000002,0.285709,0.458678
182,settle1,0.550000,0.300000,0.553677,0.300005,0.000682,0.000002,0.339839,0.285812,1.504000,-0.990000,0.010083,0.587033,0.627098,102.415527,1.510890,-0.997361,-0.997361,1.510954,-0.997020,0.355064,-0.000002,0.285684,0.455725
183,settle1,0.550000,0.300000,0.552521,0.300003,0.000375,0.000001,0.339839,0.285812,1.504000,-0.990000,0.010083,0.570457,0.626828,102.415527,1.510890,-0.997361,-0.997361,1.510954,-0.997020,0.355064,-0.000002,0.285684,0.455725
184,settle1,0.550000,0.300000,0.551711,0.300002,0.000206,0.000001,0.339839,0.285812,1.504000,-0.990000,0.010083,0.586309,0.626680,102.415527,1.510890,-0.997361,-0.997361,1.510953,-0.997024,0.355064,-0.000002,0.285684,0.455725
185,settle1,0.550000,0.300000,0.551152,0.300002,0.000113,0.000000,0.339839,0.285812,1.504000,-0.990000,0.010083,0.587948,0.626598,102.415527,1.510890,-0.997361,-0.997361,1.510953,-0.997024,0.351421,-0.000002,0.285677,0.452889
186,settle1,0.550000,0.300000,0.550770,0.300001,0.000062,0.000000,0.339839,0.285812,1.504000,-0.990000,0.010083,0.581660,0.626553,102.415527,1.510890,-0.997361,-0.997361,1.510953,-0.997024,0.351421,-0.000002,0.285677,0.452889
187,settle1,0.550000,0.300000,0.550513,0.300001,0.000034,0.000000,0.339839,0.285812,1.504000,-0.990000,0.010083,0.570304,0.626528,102.415527,1.510890,-0.997361,-0.997361,1.510946,-0.997060,0.351421,-0.000002,0.285677,0.452889
188,settle1,0.550000,0.300000,0.550340,0.300001,0.000019,0.000000,0.339839,0.285812,1.504000,-0.990000,0.010083,0.582967,0.626515,102.415527,1.510890,-0.997361,-0.997361,1.510946,-0.997060,0.347899,-0.000002,0.285677,0.450161
189,settle1,0.550000,0.300000,0.550225,0.300000,0.000010,0.000000,0.339839,0.285812,1.504000,-0.990000,0.010083,0.603889,0.626507,102.415527,1.510890,-0.997361,-0.997361,1.510946,-0.997060,0.347899,-0.000002,0.285677,0.450161
190,settle1,0.550000,0.300000,0.550148,0.300000,0.000006,0.000000,0.339839,0.285812,1.504000,-0.990000,0.010083,0.563708,0.626503,102.415527,1.510890,-0.997361,-0.997361,1.510954,-0.997020,0.347899,-0.000002,0.285677,0.450161
191,settle1,0.550000,0.300000,0.550097,0.300000,0.000003,0.000000,0.339839,0.285812,1.504000,-0.990000,0.010083,0.575707,0.626501,102.415527,1.510890,-0.997361,-0.997361,1.510954,-0.997020,0.344309,-0.000002,0.285678,0.447393
192,settle1,0.550000,0.300000,0.550064,0.300000,0.000002,0.000000,0.339839,0.285812,1.504000,-0.990000,0.010083,0.583887,0.626500,102.415527,1.510890,-0.997361,-0.997361,1.510954,-0.997020,0.344309,-0.000002,0.285678,0.447393
193,settle1,0.550000,0.300000,0.550042,0.300000,0.000001,0.000000,0.339839,0.285812,1.504000,-0.990000,0.010083,0.580056,0.626499,102.415527,1.510890,-0.997361,-0.997361,1.510953,-0.997023,0.344309,-0.000002,0.285678,0.447393
194,settle1,0.550000,0.300000,0.550027,0.300000,0.000001,0.000000,0.339839,0.285812,1.504000,-0.990000,0.010083,0.635265,0.626499,102.415527,1.510890,-0.997361,-0.997361,1.510953,-0.997023,0.341833,-0.000002,0.285674,0.445488
195,settle1,0.550000,0.300000,0.550018,0.300000,0.000000,0.000000,0.339839,0.285812,1.504000,-0.990000,0.010083,0.587483,0.626498,102.415527,1.510890,-0.997361,-0.997361,1.510953,-0.997023,0.341833,-0.000002,0.285674,0.445488
196,settle1,0.550000,0.300000,0.550012,0.300000,0.000000,0.000000,0.339839,0.285812,1.504000,-0.990000,0.010083,0.586554,0.626498,102.415527,1.510890,-0.997361,-0.997361,1.510953,-0.997024,0.341833,-0.000002,0.285674,0.445488
197,settle1,0.550000,0.300000,0.550008,0.300000,0.000000,0.000000,0.339839,0.285812,1.504000,-0.990000,0.010083,0.564594,0.626498,102.415527,1.510890,-0.997361,-0.997361,1.510953,-0.997024,0.341830,-0.000002,0.285675,0.445486
198,settle1,0.550000,0.300000,0.550005,0.300000,0.000000,0.000000,0.339839,0.285812,1.504000,-0.990000,0.010083,0.584212,0.626498,102.415527,1.510890,-0.997361,-0.997361,1.510953,-0.997024,0.341830,-0.000002,0.285675,0.445486
199,settle1,0.550000,0.300000,0.550003,0.300000,0.000000,0.000000,0.339839,0.285812,1.504000,-0.990000,0.010083,0.628229,0.626498,102.415527,1.510890,-0.997361,-0.997361,1.510953,-0.997023,0.341830,-0.000002,0.285675,0.445486
200,settle1,0.550000,0.300000,0.550002,0.300000,0.000000,0.000000,0.339839,0.285812,1.504000,-0.990000,0.010083,0.588013,0.626498,102.415527,1.510890,-0.997361,-0.997361,1.510953,-0.997023,0.341830,-0.000002,0.285675,0.445486
201,settle1,0.550000,0.300000,0.550001,0.300000,0.000000,0.000000,0.339839,0.285812,1.504000,-0.990000,0.010083,0.585416,0.626498,102.415527,1.510890,-0.997361,-0.997361,1.510953,-0.997023,0.341830,-0.000002,0.285675,0.445486
202,settle1,0.550000,0.300000,0.550001,0.300000,0.000000,0.000000,0.339839,0.285812,1.504000,-0.990000,0.010083,0.583237,0.626498,102.415527,1.510890,-0.997361,-0.997361,1.510947,-0.997058,0.341830,-0.000002,0.285675,0.445486
203,settle1,0.550000,0.300000,0.550001,0.300000,0.000000,0.000000,0.339839,0.285812,1.504000,-0.990000,0.010083,0.586792,0.626498,102.415527,1.510890,-0.997361,-0.997361,1.510947,-0.997058,0.341829,-0.000002,0.285674,0.445485
204,settle1,0.550000,0.300000,0.550000,0.300000,0.000000,0.000000,0.339839,0.285812,1.504000,-0.990000,0.010083,0.596518,0.626498,102.415527,1.510890,-0.997361,-0.997361,1.510947,-0.997058,0.341829,-0.000002,0.285674,0.445485
205,settle1,0.550000,0.300000,0.550000,0.300000,0.000000,0.000000,0.339839,0.285812,1.504000,-0.990000,0.010083,0.570417,0.626498,102.415527,1.510890,-0.997361,-0.997361,1.510947,-0.997058,0.341829,-0.000002,0.285674,0.445485
206,settle1,0.550000,0.300000,0.550000,0.300000,0.000000,0.000000,0.339839,0.285812,1.504000,-0.990000,0.010083,0.568838,0.626498,102.415527,1.510890,-0.997361,-0.997361,1.510947,-0.997058,0.341829,-0.000002,0.285674,0.445485
207,settle1,0.550000,0.300000,0.550000,0.300000,0.000000,0.000000,0.339839,0.285812,1.504000,-0.990000,0.010083,0.589897,0.626498,102.415527,1.510890,-0.997361,-0.997361,1.510947,-0.997058,0.341829,-0.000002,0.285674,0.445485
208,settle1,0.550000,0.300000,0.550000,0.300000,0.000000,0.000000,0.339839,0.285812,1.504000,-0.990000,0.010083,0.581262,0.626498,102.415527,1.510890,-0.997361,-0.997361,1.510947,-0.997058,0.341829,-0.000002,0.285674,0.445485
209,settle1,0.550000,0.300000,0.550000,0.300000,0.000000,0.000000,0.339839,0.285812,1.504000,-0.990000,0.010083,0.664525,0.626498,102.415527,1.510890,-0.997361,-0.997361,1.510947,-0.997058,0.341830,-0.000002,0.285674,0.445485
210,settle1,0.550000,0.300000,0.550000,0.300000,0.000000,0.000000,0.339839,0.285812,1.504000,-0.990000,0.010083,0.578592,0.626498,102.415527,1.510890,-0.997361,-0.997361,1.510947,-0.997058,0.341830,-0.000002,0.285674,0.445485
211,settle1,0.550000,0.300000,0.550000,0.300000,0.000000,0.000000,0.339839,0.285812,1.504000,-0.990000,0.010083,0.585347,0.626498,102.415527,1.510890,-0.997361,-0.997361,1.510947,-0.997058,0.341830,-0.000002,0.285674,0.445485
212,settle1,0.550000,0.300000,0.550000,0.300000,0.000000,0.000000,0.339839,0.285812,1.504000,-0.990000,0.010083,0.587746,0.626498,102.415527,1.510890,-0.997361,-0.997361,1.510947,-0.997058,0.341829,-0.000002,0.285674,0.445485
213,settle1,0.550000,0.300000,0.550000,0.300000,0.000000,0.000000,0.339839,0.285812,1.504000,-0.990000,0.010083,0.590316,0.626498,102.415527,1.510890,-0.997361,-0.997361,1.510947,-0.997058,0.341829,-0.000002,0.285674,0.445485
214,settle1,0.550000,0.300000,0.550000,0.300000,0.000000,0.000000,0.339839,0.285812,1.504000,-0.990000,0.010083,0.565389,0.626498,102.415527,1.510890,-0.997361,-0.997361,1.510947,-0.997058,0.341829,-0.000002,0.285674,0.445485
215,settle1,0.550000,0.300000,0.550000,0.300000,0.000000,0.000000,0.339839,0.285812,1.504000,-0.990000,0.010083,0.562953,0.626498,102.415527,1.510890,-0.997361,-0.997361,1.510947,-0.997058,0.341829,-0.000002,0.285673,0.445485
216,settle1,0.550000,0.300000,0.550000,0.300000,0.000000,0.000000,0.339839,0.285812,1.504000,-0.990000,0.010083,0.583715,0.626498,102.415527,1.510890,-0.997361,-0.997361,1.510947,-0.997058,0.341829,-0.000002,0.285673,0.445485
217,settle1,0.550000,0.300000,0.550000,0.300000,0.000000,0.000000,0.339839,0.285812,1.504000,-0.990000,0.010083,0.570187,0.626498,102.415527,1.510890,-0.997361,-0.997361,1.510953,-0.997023,0.341829,-0.000002,0.285673,0.445485
218,settle1,0.550000,0.300000,0.550000,0.300000,0.000000,0.000000,0.339839,0.285812,1.504000,-0.990000,0.010083,0.565692,0.626498,102.415527,1.510890,-0.997361,-0.997361,1.510953,-0.997023,0.341830,-0.000002,0.285674,0.445485
219,settle1,0.550000,0.300000,0.550000,0.300000,0.000000,0.000000,0.339839,0.285812,1.504000,-0.990000,0.010083,0.587363,0.626498,102.415527,1.510890,-0.997361,-0.997361,1.510953,-0.997023,0.341830,-0.000002,0.285674,0.445485
220,settle1,0.550000,0.300000,0.550000,0.300000,0.000000,0.000000,0.339839,0.285812,1.504000,-0.990000,0.010083,0.582397,0.626498,102.415527,1.510890,-0.997361,-0.997361,1.510953,-0.997023,0.341830,-0.000002,0.285674,0.445485
221,settle1,0.550000,0.300000,0.550000,0.300000,0.000000,0.000000,0.339839,0.285812,1.504000,-0.990000,0.010083,0.581996,0.626498,102.415527,1.510890,-0.997361,-0.997361,1.510953,-0.997023,0.341829,-0.000002,0.285673,0.445485
222,settle1,0.550000,0.300000,0.550000,0.300000,0.000000,0.000000,0.339839,0.285812,1.504000,-0.990000,0.010083,0.627515,0.626498,102.415527,1.510890,-0.997361,-0.997361,1.510953,-0.997023,0.341829,-0.000002,0.285673,0.445485
223,settle1,0.550000,0.300000,0.550000,0.300000,0.000000,0.000000,0.339839,0.285812,1.504000,-0.990000,0.010083,0.582648,0.626498,102.415527,1.510890,-0.997361,-0.997361,1.510947,-0.997058,0.341829,-0.000002,0.285673,0.445485
224,settle1,0.550000,0.300000,0.550000,0.300000,0.000000,0.000000,0.339839,0.285812,1.504000,-0.990000,0.010083,0.582655,0.626498,102.415527,1.510890,-0.997361,-0.997361,1.510947,-0.997058,0.341830,-0.000002,0.285674,0.445485
225,settle1,0.550000,0.300000,0.550000,0.300000,0.000000,0.000000,0.339839,0.285812,1.504000,-0.990000,0.010083,0.578036,0.626498,102.415527,1.510890,-0.997361,-0.997361,1.510947,-0.997058,0.341830,-0.000002,0.285674,0.445485
226,settle1,0.550000,0.300000,0.550000,0.300000,0.000000,0.000000,0.339839,0.285812,1.504000,-0.990000,0.010083,0.578805,0.626498,102.415527,1.510890,-0.997361,-0.997361,1.510947,-0.997055,0.341830,-0.000002,0.285674,0.445485
227,settle1,0.550000,0.300000,0.550000,0.300000,0.000000,0.000000,0.339839,0.285812,1.504000,-0.990000,0.010083,0.579821,0.626498,102.415527,1.510890,-0.997361,-0.997361,1.510947,-0.997055,0.341830,-0.000002,0.285674,0.445485
228,settle1,0.550000,0.300000,0.550000,0.300000,0.000000,0.000000,0.339839,0.285812,1.504000,-0.990000,0.010083,0.584535,0.626498,102.415527,1.510890,-0.997361,-0.997361,1.510947,-0.997055,0.341830,-0.000002,0.285674,0.445485
229,settle1,0.550000,0.300000,0.550000,0.300000,0.000000,0.000000,0.339839,0.285812,1.504000,-0.990000,0.010083,0.705942,0.626498,102.415527,1.510890,-0.997361,-0.997361,1.510947,-0.997058,0.341830,-0.000002,0.285674,0.445485
230,settle1,0.550000,0.300000,0.550000,0.300000,0.000000,0.000000,0.339839,0.285812,1.504000,-0.990000,0.010083,0.582589,0.626498,102.415527,1.510890,-0.997361,-0.997361,1.510947,-0.997058,0.341829,-0.000002,0.285673,0.445485
231,settle1,0.550000,0.300000,0.550000,0.300000,0.000000,0.000000,0.339839,0.285812,1.504000,-0.990000,0.010083,0.583397,0.626498,102.415527,1.510890,-0.997361,-0.997361,1.510947,-0.997058,0.341829,-0.000002,0.285673,0.445485
232,settle1,0.550000,0.300000,0.550000,0.300000,0.000000,0.000000,0.339839,0.285812,1.504000,-0.990000,0.010083,0.589918,0.626498,102.415527,1.510890,-0.997361,-0.997361,1.510953,-0.997023,0.341829,-0.000002,0.285673,0.445485
233,settle1,0.550000,0.300000,0.550000,0.300000,0.000000,0.000000,0.339839,0.285812,1.504000,-0.990000,0.010083,0.576140,0.626498,102.415527,1.510890,-0.997361,-0.997361,1.510953,-0.997023,0.341830,-0.000002,0.285674,0.445485
234,settle1,0.550000,0.300000,0.550000,0.300000,0.000000,0.000000,0.339839,0.285812,1.504000,-0.990000,0.010083,0.583425,0.626498,102.415527,1.510890,-0.997361,-0.997361,1.510953,-0.997023,0.341830,-0.000002,0.285674,0.445485
235,settle1,0.550000,0.300000,0.550000,0.300000,0.000000,0.000000,0.339839,0.285812,1.504000,-0.990000,0.010083,0.577086,0.626498,102.415527,1.510890,-0.997361,-0.997361,1.510953,-0.997023,0.341830,-0.000002,0.285674,0.445485
236,settle1,0.550000,0.300000,0.550000,0.300000,0.000000,0.000000,0.339839,0.285812,1.504000,-0.990000,0.010083,0.592762,0.626498,102.415527,1.510890,-0.997361,-0.997361,1.510953,-0.997023,0.341830,-0.000002,0.285674,0.445485
237,settle1,0.550000,0.300000,0.550000,0.300000,0.000000,0.000000,0.339839,0.285812,1.504000,-0.990000,0.010083,0.586584,0.626498,102.415527,1.510890,-0.997361,-0.997361,1.510953,-0.997023,0.341830,-0.000002,0.285674,0.445485
238,settle1,0.550000,0.300000,0.550000,0.300000,0.000000,0.000000,0.339839,0.285812,1.504000,-0.990000,0.010083,0.585168,0.626498,102.415527,1.510890,-0.997361,-0.997361,1.510946,-0.997060,0.341830,-0.000002,0.285674,0.445485
239,settle1,0.550000,0.300000,0.550000,0.300000,0.000000,0.000000,0.339839,0.285812,1.504000,-0.990000,0.010083,0.595618,0.626498,102.415527,1.510890,-0.997361,-0.997361,1.510946,-0.997060,0.341830,-0.000002,0.285674,0.445485
240,back,0.547778,0.300000,0.549650,0.300000,-0.000999,0.000000,0.339839,0.285812,1.504000,-0.990000,0.010083,0.593333,0.625621,102.701927,1.510890,-0.997361,-0.997361,1.510946,-0.997060,0.341830,-0.000002,0.285674,0.445485
241,back,0.545556,0.300000,0.548881,0.300000,-0.002548,0.000001,0.339839,0.285812,1.504000,-0.990000,0.010083,0.586288,0.624263,102.987488,1.510890,-0.997361,-0.997361,1.510947,-0.997058,0.341830,-0.000002,0.285674,0.445485
242,back,0.543333,0.300000,0.547733,0.300001,-0.004399,0.000002,0.339839,0.285812,1.504000,-0.990000,0.010083,0.598107,0.622640,103.272215,1.510890,-0.997361,-0.997361,1.510947,-0.997058,0.341830,-0.000002,0.285675,0.445486
243,back,0.541111,0.300000,0.546280,0.300001,-0.006417,0.000002,0.339839,0.285812,1.504000,-0.990000,0.010083,0.581550,0.620873,103.556112,1.510890,-0.997361,-0.997361,1.510947,-0.997058,0.341830,-0.000002,0.285675,0.445486
244,back,0.538889,0.300000,0.544598,0.300002,-0.008527,0.000003,0.339839,0.285812,1.504000,-0.990000,0.010083,0.591764,0.619027,103.839183,1.510890,-0.997361,-0.997361,1.510947,-0.997058,0.341830,-0.000002,0.285675,0.445486
245,back,0.536667,0.300000,0.542748,0.300002,-0.010687,0.000003,0.339839,0.285812,1.504000,-0.990000,0.010083,0.589155,0.617139,104.121432,1.510890,-0.997361,-0.997361,1.510947,-0.997058,0.341830,-0.000002,0.285676,0.445486
246,back,0.534444,0.300000,0.540780,0.300003,-0.012875,0.000003,0.339839,0.285812,1.504000,-0.990000,0.010083,0.593377,0.615228,104.402862,1.510890,-0.997361,-0.997361,1.510947,-0.997058,0.341830,-0.000002,0.285676,0.445486
247,back,0.532222,0.300000,0.538730,0.300003,-0.015078,0.000003,0.339839,0.285812,1.504000,-0.990000,0.010083,0.572216,0.613305,104.683478,1.510890,-0.997361,-0.997361,1.510947,-0.997058,0.341830,-0.000002,0.285676,0.445486
248,back,0.530000,0.300000,0.536623,0.300003,-0.017290,0.000004,0.339839,0.285812,1.504000,-0.990000,0.010083,0.566353,0.611377,104.963283,1.510890,-0.997361,-0.997361,1.510947,-0.997058,0.341830,-0.000002,0.285676,0.445487
249,back,0.527778,0.300000,0.534477,0.300003,-0.019507,0.000004,0.339839,0.285812,1.504000,-0.990000,0.010083,0.577493,0.609447,105.242281,1.510890,-0.997361,-0.997361,1.510947,-0.997058,0.341830,-0.000002,0.285676,0.445487
250,back,0.525556,0.300000,0.532306,0.300003,-0.021726,0.000004,0.339235,0.285812,1.501929,-0.987804,0.013100,0.575417,0.607516,105.520475,1.507306,-0.993538,-0.993538,1.510947,-0.997058,0.341830,-0.000002,0.285676,0.445487
251,back,0.523333,0.300000,0.530118,0.300004,-0.023946,0.000004,0.338458,0.285812,1.499264,-0.984982,0.011742,0.577515,0.605586,105.797868,1.504089,-0.990116,-0.990116,1.510947,-0.997058,0.341830,-0.000002,0.285676,0.445487
252,back,0.521111,0.300000,0.527918,0.300004,-0.026167,0.000004,0.337680,0.285812,1.496595,-0.982164,0.010927,0.583111,0.603658,106.074464,1.504089,-0.990116,-0.990116,1.510947,-0.997058,0.341830,-0.000002,0.285676,0.445487
253,back,0.518889,0.300000,0.525711,0.300004,-0.028389,0.000004,0.336902,0.285812,1.493923,-0.979348,0.014808,0.563938,0.601731,106.350266,1.500022,-0.985809,-0.985809,1.510683,-0.996735,0.341830,-0.000002,0.285676,0.445487
254,back,0.516667,0.300000,0.523498,0.300004,-0.030611,0.000004,0.336125,0.285812,1.491249,-0.976537,0.012765,0.597482,0.599806,106.625276,1.496513,-0.982100,-0.982100,1.510683,-0.996735,0.341830,-0.000002,0.285674,0.445486
255,back,0.514444,0.300000,0.521282,0.300004,-0.032833,0.000004,0.335347,0.285812,1.488572,-0.973729,0.011538,0.581787,0.597883,106.899499,1.496513,-0.978752,-0.978752,1.510683,-0.996735,0.341830,-0.000002,0.285674,0.445486
256,back,0.512222,0.300000,0.519064,0.300004,-0.035055,0.000004,0.334569,0.285812,1.485893,-0.970925,0.013192,0.570053,0.595962,107.172936,1.492265,-0.978752,-0.978752,1.503858,-0.989334,0.341830,-0.000002,0.285674,0.445486
257,back,0.510000,0.300000,0.516844,0.300004,-0.037278,0.000004,0.333792,0.285812,1.483212,-0.968125,0.013960,0.893947,0.594043,107.445591,1.488644,-0.974501,-0.974501,1.503858,-0.989334,0.341830,-0.000002,0.285674,0.445485
258,back,0.507778,0.300000,0.514624,0.300004,-0.039500,0.000004,0.333014,0.285812,1.480528,-0.965329,0.012247,0.863507,0.592126,107.717466,1.485397,-0.970832,-0.970832,1.503858,-0.989334,0.341830,-0.000002,0.285674,0.445485
259,back,0.505556,0.300000,0.512403,0.300004,-0.041722,0.000004,0.332236,0.285812,1.477842,-0.962537,0.011220,0.990837,0.590211,107.988564,1.485397,-0.967514,-0.967514,1.496257,-0.978227,0.341830,-0.000002,0.285674,0.445485
260,back,0.503333,0.300000,0.510181,0.300004,-0.043944,0.000004,0.331458,0.285812,1.475153,-0.959749,0.012854,0.596888,0.588298,108.258887,1.481300,-0.967514,-0.967514,1.496257,-0.978227,0.341829,-0.000002,0.285673,0.445485
261,back,0.501111,0.300000,0.507960,0.300004,-0.046166,0.000004,0.330680,0.285812,1.472462,-0.956965,0.013762,0.593289,0.586388,108.528438,1.477765,-0.963295,-0.963295,1.496257,-0.978227,0.341829,-0.000002,0.285673,0.445485
262,back,0.498889,0.300000,0.505738,0.300004,-0.048389,0.000004,0.329903,0.285812,1.469769,-0.954185,0.012121,0.586187,0.584479,108.797219,1.477765,-0.959651,-0.959651,1.485288,-0.970348,0.341829,-0.000002,0.285673,0.445485
263,back,0.496667,0.300000,0.503516,0.300004,-0.050611,0.000004,0.329125,0.285812,1.467073,-0.951409,0.013500,0.603160,0.582573,109.065233,1.473488,-0.956354,-0.956354,1.485288,-0.970348,0.341829,-0.000002,0.285673,0.445485
264,back,0.494444,0.300000,0.501294,0.300004,-0.052833,0.000004,0.328347,0.285812,1.464375,-0.948636,0.011942,0.587980,0.580670,109.332481,1.469843,-0.956354,-0.956354,1.485288,-0.970348,0.341829,-0.000002,0.285673,0.445485
265,back,0.492222,0.300000,0.499071,0.300004,-0.055055,0.000004,0.327569,0.285812,1.461674,-0.945868,0.013293,0.592802,0.578768,109.598966,1.466575,-0.952159,-0.952159,1.477604,-0.962802,0.341829,-0.000002,0.285673,0.445485
266,back,0.490000,0.300000,0.496849,0.300004,-0.057278,0.000004,0.326792,0.285812,1.458970,-0.943103,0.011826,0.591388,0.576869,109.864689,1.466575,-0.948537,-0.948537,1.477604,-0.962802,0.341829,-0.000002,0.285673,0.445485
267,back,0.487778,0.300000,0.494627,0.300004,-0.059500,0.000004,0.326014,0.285812,1.456264,-0.940342,0.013171,0.583945,0.574972,110.129654,1.462451,-0.945259,-0.945259,1.477604,-0.962802,0.341829,-0.000002,0.285673,0.445485
268,back,0.485556,0.300000,0.492405,0.300004,-0.061722,0.000004,0.325236,0.285812,1.453556,-0.937585,0.011748,0.417364,0.573077,110.393860,1.458893,-0.945259,-0.945259,1.469908,-0.955897,0.341829,-0.000002,0.285673,0.445485
269,back,0.483333,0.300000,0.490183,0.300004,-0.063944,0.000004,0.324458,0.285812,1.450845,-0.934832,0.013172,0.415789,0.571185,110.657311,1.455674,-0.941088,-0.941088,1.469908,-0.955897,0.341297,-0.000002,0.285674,0.445077
270,back,0.481111,0.300000,0.487960,0.300004,-0.066167,0.000004,0.323680,0.285812,1.448131,-0.932083,0.011747,0.407735,0.569295,110.920007,1.455674,-0.937486,-0.937486,1.469908,-0.955897,0.341297,-0.000002,0.285674,0.445077
271,back,0.478889,0.300000,0.485738,0.300004,-0.068389,0.000004,0.322903,0.285812,1.445414,-0.929338,0.013102,0.416843,0.567408,111.181951,1.451570,-0.934227,-0.934227,1.462321,-0.944745,0.341297,-0.000002,0.285674,0.445077
272,back,0.476667,0.300000,0.483516,0.300004,-0.070611,0.000004,0.322125,0.285812,1.442695,-0.926596,0.011704,0.421164,0.565523,111.443144,1.448020,-0.934227,-0.934227,1.462321,-0.944745,0.339142,-0.000002,0.285386,0.443241
273,back,0.474444,0.300000,0.481294,0.300004,-0.072833,0.000004,0.321347,0.285812,1.439972,-0.923858,0.013125,0.418765,0.563640,111.703588,1.444801,-0.930079,-0.930079,1.462321,-0.944745,0.339142,-0.000002,0.285386,0.443241
274,back,0.472222,0.300000,0.479071,0.300004,-0.075056,0.000004,0.320569,0.285812,1.437248,-0.921124,0.011715,0.415258,0.561760,111.963283,1.444801,-0.926497,-0.926497,1.455427,-0.936977,0.339142,-0.000002,0.285386,0.443241
275,back,0.470000,0.300000,0.476849,0.300004,-0.077278,0.000004,0.319791,0.285812,1.434520,-0.918394,0.013090,0.415428,0.559883,112.222231,1.440688,-0.923256,-0.923256,1.455427,-0.936977,0.336554,-0.000002,0.284895,0.440946
276,back,0.467778,0.300000,0.474627,0.300004,-0.079500,0.000004,0.319014,0.285812,1.431789,-0.915668,0.011695,0.410661,0.558008,112.480433,1.437129,-0.923256,-0.923256,1.455427,-0.936977,0.336554,-0.000002,0.284895,0.440946
277,back,0.465556,0.300000,0.472405,0.300004,-0.081722,0.000004,0.318236,0.285812,1.429056,-0.912945,0.013095,0.613233,0.556135,112.737891,1.433900,-0.919132,-0.919132,1.444562,-0.929468,0.336554,-0.000002,0.284895,0.440946
278,back,0.463333,0.300000,0.470183,0.300004,-0.083944,0.000004,0.317458,0.285812,1.426319,-0.910226,0.011695,0.420790,0.554265,112.994605,1.433900,-0.915570,-0.915570,1.444562,-0.929468,0.333880,-0.000002,0.285834,0.439519
279,back,0.461111,0.300000,0.467960,0.300004,-0.086167,0.000004,0.316680,0.285812,1.423580,-0.907511,0.013093,0.414413,0.552398,113.250576,1.429772,-0.912346,-0.912346,1.444562,-0.929468,0.333880,-0.000002,0.285834,0.439519
280,back,0.458889,0.300000,0.465738,0.300004,-0.088389,0.000004,0.315903,0.285812,1.420838,-0.904800,0.011694,0.416537,0.550534,113.505805,1.426198,-0.912346,-0.912346,1.436924,-0.922499,0.333880,-0.000002,0.285834,0.439519
281,back,0.456667,0.300000,0.463516,0.300004,-0.090611,0.000004,0.315125,0.285812,1.418093,-0.902093,0.013071,0.428508,0.548672,113.760293,1.422956,-0.908245,-0.908245,1.436924,-0.922499,0.331717,-0.000002,0.286043,0.438015
282,back,0.454444,0.300000,0.461294,0.300004,-0.092833,0.000004,0.314347,0.285812,1.415344,-0.899389,0.011678,0.405234,0.546812,114.014040,1.422956,-0.904702,-0.904702,1.436924,-0.922499,0.331717,-0.000002,0.286043,0.438015
283,back,0.452222,0.300000,0.459071,0.300004,-0.095056,0.000004,0.313569,0.285812,1.412593,-0.896689,0.013100,0.410258,0.544956,114.267048,1.418811,-0.901497,-0.901497,1.429636,-0.911831,0.331717,-0.000002,0.286043,0.438015
284,back,0.450000,0.300000,0.456849,0.300004,-0.097278,0.000004,0.312791,0.285812,1.409839,-0.893993,0.011696,0.670736,0.543102,114.519316,1.415222,-0.901497,-0.901497,1.429636,-0.911831,0.329214,-0.000002,0.285907,0.436033
285,back,0.447778,0.300000,0.454627,0.300004,-0.099500,0.000004,0.312014,0.285812,1.407081,-0.891300,0.013048,0.664367,0.541251,114.770846,1.411966,-0.897418,-0.897418,1.429636,-0.911831,0.329214,-0.000002,0.285907,0.436033
286,back,0.445556,0.300000,0.452405,0.300004,-0.101722,0.000004,0.311236,0.285812,1.404321,-0.888611,0.011662,0.658193,0.539403,115.021637,1.411966,-0.893895,-0.893895,1.422702,-0.904192,0.329214,-0.000002,0.285907,0.436033
287,back,0.443333,0.300000,0.450182,0.300004,-0.103945,0.000004,0.310458,0.285812,1.401557,-0.885926,0.013109,0.659546,0.537557,115.271691,1.407802,-0.893895,-0.893895,1.422702,-0.904192,0.326814,-0.000002,0.285123,0.433708
288,back,0.441111,0.300000,0.447960,0.300004,-0.106167,0.000004,0.309680,0.285812,1.398790,-0.883245,0.013952,0.669796,0.535715,115.521006,1.404197,-0.889635,-0.889635,1.422702,-0.904192,0.326814,-0.000002,0.285123,0.433708
289,back,0.438889,0.300000,0.445738,0.300004,-0.108389,0.000004,0.308903,0.285812,1.396019,-0.880567,0.012211,0.811265,0.533875,115.769583,1.400926,-0.886008,-0.886008,1.411804,-0.896892,0.326814,-0.000002,0.285123,0.433708
290,back,0.436667,0.300000,0.443516,0.300004,-0.110611,0.000004,0.308125,0.285812,1.393246,-0.877893,0.011173,0.667182,0.532039,116.017423,1.400926,-0.882762,-0.882762,1.411804,-0.896892,0.324523,-0.000002,0.285397,0.432165
291,back,0.434444,0.300000,0.441294,0.300004,-0.112833,0.000004,0.307347,0.285812,1.390469,-0.875222,0.012892,0.686691,0.530205,116.264526,1.396743,-0.882762,-0.882762,1.411804,-0.896892,0.324523,-0.000002,0.285397,0.432165
292,back,0.432222,0.300000,0.439071,0.300004,-0.115056,0.000004,0.306569,0.285812,1.387689,-0.872555,0.013644,0.671502,0.528374,116.510890,1.393121,-0.878679,-0.878679,1.404040,-0.889133,0.324523,-0.000002,0.285397,0.432165
293,back,0.430000,0.300000,0.436849,0.300004,-0.117278,0.000004,0.305791,0.285812,1.384905,-0.869892,0.012030,0.665561,0.526546,116.756516,1.389835,-0.875164,-0.875164,1.404040,-0.889133,0.322073,-0.000001,0.286219,0.430874
294,back,0.427778,0.300000,0.434627,0.300004,-0.119500,0.000004,0.305014,0.285812,1.382118,-0.867233,0.011066,0.664669,0.524722,117.001405,1.389835,-0.875164,-0.875164,1.404040,-0.889133,0.322073,-0.000001,0.286219,0.430874
295,back,0.425556,0.300000,0.432405,0.300004,-0.121722,0.000004,0.304236,0.285812,1.379328,-0.864577,0.014916,0.662202,0.522900,117.245555,1.385632,-0.870929,-0.870929,1.396600,-0.882238,0.322073,-0.000001,0.286219,0.430874
296,back,0.423333,0.300000,0.430182,0.300004,-0.123945,0.000004,0.303458,0.285812,1.376534,-0.861925,0.012801,0.704033,0.521081,117.488966,1.381993,-0.867328,-0.867328,1.396600,-0.882238,0.319749,-0.000002,0.285930,0.428947
297,back,0.421111,0.300000,0.427960,0.300004,-0.126167,0.000004,0.302680,0.285812,1.373737,-0.859276,0.011532,0.672681,0.519266,117.731637,1.378690,-0.864107,-0.864107,1.396600,-0.882238,0.319749,-0.000002,0.285930,0.428947
298,back,0.418889,0.300000,0.425738,0.300004,-0.128389,0.000004,0.301903,0.285812,1.370936,-0.856631,0.010771,0.656664,0.517454,117.973569,1.378690,-0.864107,-0.864107,1.389571,-0.874543,0.319749,-0.000002,0.285930,0.428947
299,back,0.416667,0.300000,0.423516,0.300004,-0.130611,0.000004,0.301125,0.285812,1.368132,-0.853990,0.014623,0.670739,0.515645,118.214760,1.374467,-0.860060,-0.860060,1.389571,-0.874543,0.317413,-0.000001,0.285145,0.426683
300,back,0.414444,0.300000,0.421294,0.300004,-0.132833,0.000004,0.300347,0.285812,1.365324,-0.851353,0.012626,0.676603,0.513839,118.455209,1.370810,-0.856577,-0.856577,1.389571,-0.874543,0.317413,-0.000001,0.285145,0.426683
301,back,0.412222,0.300000,0.419071,0.300004,-0.135056,0.000004,0.299569,0.285812,1.362512,-0.848719,0.011428,0.662827,0.512037,118.694917,1.367491,-0.856577,-0.856577,1.378522,-0.863587,0.317413,-0.000001,0.285145,0.426683
302,back,0.410000,0.300000,0.416849,0.300004,-0.137278,0.000004,0.298791,0.285812,1.359697,-0.846088,0.013067,0.676136,0.510237,118.933882,1.367491,-0.852382,-0.852382,1.378522,-0.863587,0.315187,-0.000001,0.285409,0.425207
303,back,0.407778,0.300000,0.414627,0.300004,-0.139500,0.000004,0.298014,0.285812,1.356878,-0.843461,0.013863,0.669562,0.508442,119.172102,1.363246,-0.848814,-0.848814,1.378522,-0.863587,0.315187,-0.000001,0.285409,0.425207
304,back,0.405556,0.300000,0.412405,0.300004,-0.141722,0.000004,0.297236,0.285812,1.354056,-0.840838,0.012168,0.653872,0.506649,119.409578,1.359570,-0.848814,-0.848814,1.370560,-0.855917,0.315187,-0.000001,0.285409,0.425207
305,back,0.403333,0.300000,0.410182,0.300004,-0.143945,0.000004,0.296458,0.285812,1.351230,-0.838219,0.013484,0.679355,0.504860,119.646307,1.356234,-0.844576,-0.844576,1.370560,-0.855917,0.312619,-0.000001,0.286083,0.423762
306,back,0.401111,0.300000,0.407960,0.300004,-0.146167,0.000005,0.295680,0.285812,1.348400,-0.835603,0.011912,0.672976,0.503075,119.882290,1.356234,-0.840987,-0.840987,1.370560,-0.855917,0.312619,-0.000001,0.286083,0.423762
307,back,0.398889,0.300000,0.405738,0.300004,-0.148389,0.000005,0.294903,0.285812,1.345566,-0.832990,0.013332,0.664999,0.501292,120.117523,1.351967,-0.840987,-0.840987,1.363086,-0.848272,0.312619,-0.000001,0.286083,0.423762
308,back,0.396667,0.300000,0.403516,0.300005,-0.150611,0.000005,0.294125,0.285812,1.342728,-0.830382,0.014064,0.704668,0.499514,120.352007,1.348271,-0.836745,-0.836745,1.363086,-0.848272,0.310470,-0.000001,0.286092,0.422185
309,back,0.394444,0.300000,0.401294,0.300005,-0.152833,0.000005,0.293347,0.285812,1.339887,-0.827776,0.012277,0.673122,0.497739,120.585739,1.344917,-0.833157,-0.833157,1.363086,-0.848272,0.310470,-0.000001,0.286092,0.422185
310,back,0.392222,0.300000,0.399071,0.300005,-0.155056,0.000005,0.292569,0.285812,1.337041,-0.825175,0.011214,0.655408,0.495968,120.818718,1.344917,-0.833157,-0.833157,1.355985,-0.840475,0.310470,-0.000001,0.286092,0.422185
311,back,0.390000,0.300000,0.396849,0.300005,-0.157278,0.000005,0.291791,0.285812,1.334192,-0.822577,0.015066,0.685724,0.494200,121.050943,1.340627,-0.828925,-0.828925,1.355985,-0.840475,0.308417,-0.000001,0.286034,0.420638
312,back,0.387778,0.300000,0.394627,0.300005,-0.159500,0.000005,0.291014,0.285812,1.331339,-0.819982,0.012894,0.661887,0.492436,121.282412,1.336912,-0.825348,-0.825348,1.355985,-0.840475,0.308417,-0.000001,0.286034,0.420638
313,back,0.385556,0.300000,0.392405,0.300005,-0.161722,0.000005,0.290236,0.285812,1.328482,-0.817391,0.011592,0.679195,0.490675,121.513122,1.333540,-0.825348,-0.825348,1.344740,-0.832621,0.308417,-0.000001,0.286034,0.420638
314,back,0.383333,0.300000,0.390182,0.300005,-0.163944,0.000005,0.289458,0.285812,1.325621,-0.814804,0.013187,0.680401,0.488919,121.743073,1.333540,-0.821130,-0.821130,1.344740,-0.832621,0.305910,-0.000001,0.285804,0.418646
315,back,0.381111,0.300000,0.387960,0.300005,-0.166167,0.000005,0.288680,0.285812,1.322755,-0.812220,0.013989,0.668118,0.487166,121.972262,1.329226,-0.817566,-0.817566,1.344740,-0.832621,0.305910,-0.000001,0.285804,0.418646
316,back,0.378889,0.300000,0.385738,0.300005,-0.168389,0.000005,0.287903,0.285812,1.319886,-0.809640,0.012250,0.665405,0.485417,122.200687,1.325490,-0.817566,-0.817566,1.336739,-0.824812,0.305910,-0.000001,0.285804,0.418646
317,back,0.376667,0.300000,0.383516,0.300005,-0.170611,0.000005,0.287125,0.285812,1.317013,-0.807063,0.013497,0.660127,0.483672,122.428346,1.322099,-0.813365,-0.813365,1.336739,-0.824812,0.303207,-0.000001,0.285712,0.416613
318,back,0.374444,0.300000,0.381294,0.300005,-0.172833,0.000005,0.286347,0.285812,1.314135,-0.804490,0.011924,0.672976,0.481931,122.655237,1.322099,-0.809815,-0.809815,1.336739,-0.824812,0.303207,-0.000001,0.285712,0.416613
319,back,0.372222,0.300000,0.379071,0.300005,-0.175056,0.000005,0.285569,0.285812,1.311253,-0.801921,0.013415,0.835102,0.480194,122.881358,1.317761,-0.809815,-0.809815,1.329013,-0.816923,0.303207,-0.000001,0.285712,0.416613
320,back,0.370000,0.300000,0.376849,0.300005,-0.177278,0.000005,0.284791,0.285812,1.308367,-0.799355,0.014059,0.672490,0.478461,123.106706,1.314003,-0.805631,-0.805631,1.329013,-0.816923,0.300952,-0.000001,0.285615,0.414908
321,back,0.367778,0.300000,0.374627,0.300005,-0.179500,0.000005,0.284014,0.285812,1.305477,-0.796792,0.012281,0.967801,0.476732,123.331278,1.310593,-0.802095,-0.802095,1.329013,-0.816923,0.300952,-0.000001,0.285615,0.414908
322,back,0.365556,0.300000,0.372405,0.300005,-0.181722,0.000005,0.283236,0.285812,1.302582,-0.794233,0.011224,0.661109,0.475007,123.555073,1.307389,-0.802095,-0.802095,1.321807,-0.809271,0.300952,-0.000001,0.285615,0.414908
323,back,0.363333,0.300000,0.370183,0.300005,-0.183944,0.000005,0.282458,0.285812,1.299684,-0.791678,0.012957,0.658797,0.473286,123.778088,1.307389,-0.797928,-0.797928,1.321807,-0.809271,0.298870,-0.000001,0.285331,0.413204
324,back,0.361111,0.300000,0.367960,0.300005,-0.186167,0.000005,0.281680,0.285812,1.296780,-0.789126,0.013785,0.679739,0.471570,124.000320,1.303145,-0.794407,-0.794407,1.321807,-0.809271,0.298870,-0.000001,0.285331,0.413204
325,back,0.358889,0.300000,0.365738,0.300005,-0.188389,0.000005,0.280903,0.285812,1.293873,-0.786578,0.012136,0.849680,0.469857,124.221766,1.299436,-0.794407,-0.794407,1.310426,-0.801558,0.298870,-0.000001,0.285331,0.413204
326,back,0.356667,0.300000,0.363516,0.300005,-0.190611,0.000005,0.280125,0.285812,1.290961,-0.784033,0.013396,0.663173,0.468149,124.442423,1.296046,-0.790258,-0.790258,1.310426,-0.801558,0.296517,-0.000001,0.285402,0.411554
327,back,0.354444,0.300000,0.361294,0.300005,-0.192833,0.000005,0.279347,0.285812,1.288044,-0.781492,0.011869,0.688281,0.466445,124.662288,1.292845,-0.786751,-0.786751,1.310426,-0.801558,0.296517,-0.000001,0.285402,0.411554
328,back,0.352222,0.300000,0.359072,0.300005,-0.195055,0.000005,0.278569,0.285812,1.285124,-0.778954,0.010974,0.714870,0.464746,124.881359,1.292845,-0.786751,-0.786751,1.302800,-0.793763,0.296517,-0.000001,0.285402,0.411554
329,back,0.350000,0.300000,0.356849,0.300005,-0.197278,0.000005,0.277792,0.285812,1.282198,-0.776420,0.014836,0.664817,0.463051,125.099632,1.288587,-0.782619,-0.782619,1.302800,-0.793763,0.293929,-0.000001,0.285864,0.410015
330,hold_back,0.350000,0.300000,0.354976,0.300005,-0.198502,0.000004,0.277363,0.285812,1.280585,-0.775025,0.011031,0.677119,0.462118,125.099632,1.285386,-0.782619,-0.782619,1.302800,-0.793763,0.293929,-0.000001,0.285864,0.410015
331,hold_back,0.350000,0.300000,0.353523,0.300004,-0.199176,0.000002,0.277127,0.285812,1.279696,-0.774258,0.010113,0.669361,0.461605,125.099632,1.285386,-0.779274,-0.779274,1.292674,-0.786311,0.293929,-0.000001,0.285864,0.410015
332,hold_back,0.350000,0.300000,0.352449,0.300003,-0.199547,0.000001,0.276997,0.285812,1.279206,-0.773836,0.008232,0.687167,0.461322,125.099632,1.285386,-0.779274,-0.779274,1.292674,-0.786311,0.291702,-0.000001,0.285675,0.408289
333,hold_back,0.350000,0.300000,0.351679,0.300002,-0.199751,0.000001,0.276926,0.285812,1.278937,-0.773604,0.008587,0.667219,0.461167,125.099632,1.285386,-0.779274,-0.779274,1.292674,-0.786311,0.291702,-0.000001,0.285675,0.408289
334,hold_back,0.350000,0.300000,0.351139,0.300002,-0.199863,0.000000,0.276887,0.285812,1.278789,-0.773476,0.008783,0.682627,0.461082,125.099632,1.285386,-0.779274,-0.779274,1.285421,-0.782117,0.291702,-0.000001,0.285675,0.408289
335,hold_back,0.350000,0.300000,0.350767,0.300001,-0.199925,0.000000,0.276865,0.285812,1.278708,-0.773406,0.008890,0.664228,0.461035,125.099632,1.285386,-0.779274,-0.779274,1.285421,-0.782117,0.289490,-0.000001,0.285348,0.406483
336,hold_back,0.350000,0.300000,0.350513,0.300001,-0.199959,0.000000,0.276853,0.285812,1.278663,-0.773367,0.008949,0.682909,0.461009,125.099632,1.285386,-0.779274,-0.779274,1.285421,-0.782117,0.289490,-0.000001,0.285348,0.406483
337,hold_back,0.350000,0.300000,0.350341,0.300001,-0.199977,0.000000,0.276847,0.285812,1.278638,-0.773346,0.008982,0.672389,0.460995,125.099632,1.285386,-0.779274,-0.779274,1.285410,-0.778941,0.289490,-0.000001,0.285348,0.406483
338,hold_back,0.350000,0.300000,0.350226,0.300000,-0.199987,0.000000,0.276843,0.285812,1.278625,-0.773334,0.009000,0.660157,0.460987,125.099632,1.285386,-0.779274,-0.779274,1.285410,-0.778941,0.287181,-0.000001,0.285414,0.404888
339,hold_back,0.350000,0.300000,0.350150,0.300000,-0.199993,0.000000,0.276841,0.285812,1.278617,-0.773328,0.009010,0.707925,0.460982,125.099632,1.285386,-0.779274,-0.779274,1.285410,-0.778941,0.287181,-0.000001,0.285414,0.404888
340,hold_back,0.350000,0.300000,0.350099,0.300000,-0.199996,0.000000,0.276840,0.285812,1.278613,-0.773324,0.009015,0.706762,0.460980,125.099632,1.285386,-0.779274,-0.779274,1.285413,-0.778897,0.287181,-0.000001,0.285414,0.404888
341,hold_back,0.350000,0.300000,0.350065,0.300000,-0.199998,0.000000,0.276839,0.285812,1.278611,-0.773322,0.009018,0.667992,0.460979,125.099632,1.285386,-0.779274,-0.779274,1.285413,-0.778897,0.284636,-0.000001,0.285789,0.403352
342,hold_back,0.350000,0.300000,0.350043,0.300000,-0.199999,0.000000,0.276839,0.285812,1.278610,-0.773321,0.009020,0.710741,0.460978,125.099632,1.285386,-0.779274,-0.779274,1.285413,-0.778897,0.284636,-0.000001,0.285789,0.403352
343,hold_back,0.350000,0.300000,0.350028,0.300000,-0.199999,0.000000,0.276839,0.285812,1.278609,-0.773321,0.009021,0.677661,0.460978,125.099632,1.285386,-0.779274,-0.779274,1.285413,-0.778901,0.284636,-0.000001,0.285789,0.403352
344,hold_back,0.350000,0.300000,0.350018,0.300000,-0.200000,0.000000,0.276839,0.285812,1.278609,-0.773320,0.009021,0.681703,0.460977,125.099632,1.285386,-0.779274,-0.779274,1.285413,-0.778901,0.282179,-0.000001,0.285781,0.401616
345,hold_back,0.350000,0.300000,0.350012,0.300000,-0.200000,0.000000,0.276839,0.285812,1.278608,-0.773320,0.009021,0.682567,0.460977,125.099632,1.285386,-0.779274,-0.779274,1.285413,-0.778901,0.282179,-0.000001,0.285781,0.401616
346,hold_back,0.350000,0.300000,0.350008,0.300000,-0.200000,0.000000,0.276839,0.285812,1.278608,-0.773320,0.009022,0.679965,0.460977,125.099632,1.285386,-0.779274,-0.779274,1.285413,-0.778901,0.282179,-0.000001,0.285781,0.401616
347,hold_back,0.350000,0.300000,0.350005,0.300000,-0.200000,0.000000,0.276839,0.285812,1.278608,-0.773320,0.009022,0.682085,0.460977,125.099632,1.285386,-0.779274,-0.779274,1.285413,-0.778901,0.279971,-0.000001,0.286363,0.400484
348,hold_back,0.350000,0.300000,0.350003,0.300000,-0.200000,0.000000,0.276839,0.285812,1.278608,-0.773320,0.009022,0.679178,0.460977,125.099632,1.285386,-0.779274,-0.779274,1.285413,-0.778901,0.279971,-0.000001,0.286363,0.400484
349,hold_back,0.350000,0.300000,0.350002,0.300000,-0.200000,0.000000,0.276839,0.285812,1.278608,-0.773320,0.009022,1.104076,0.460977,125.099632,1.285386,-0.779274,-0.779274,1.285415,-0.778866,0.279971,-0.000001,0.286363,0.400484
350,hold_back,0.350000,0.300000,0.350001,0.300000,-0.200000,0.000000,0.276839,0.285812,1.278608,-0.773320,0.009022,0.696803,0.460977,125.099632,1.285386,-0.779274,-0.779274,1.285415,-0.778866,0.278849,-0.000001,0.286342,0.399686
351,hold_back,0.350000,0.300000,0.350001,0.300000,-0.200000,0.000000,0.276839,0.285812,1.278608,-0.773320,0.009022,0.698257,0.460977,125.099632,1.285386,-0.779274,-0.779274,1.285415,-0.778866,0.278849,-0.000001,0.286342,0.399686
352,hold_back,0.350000,0.300000,0.350001,0.300000,-0.200000,0.000000,0.276839,0.285812,1.278608,-0.773320,0.009022,0.694197,0.460977,125.099632,1.285386,-0.779274,-0.779274,1.285413,-0.778901,0.278849,-0.000001,0.286342,0.399686
353,hold_back,0.350000,0.300000,0.350000,0.300000,-0.200000,0.000000,0.276839,0.285812,1.278608,-0.773320,0.009022,0.834747,0.460977,125.099632,1.285386,-0.779274,-0.779274,1.285413,-0.778901,0.278614,-0.000001,0.285710,0.399069
354,hold_back,0.350000,0.300000,0.350000,0.300000,-0.200000,0.000000,0.276839,0.285812,1.278608,-0.773320,0.009022,0.685827,0.460977,125.099632,1.285386,-0.779274,-0.779274,1.285413,-0.778901,0.278614,-0.000001,0.285710,0.399069
355,hold_back,0.350000,0.300000,0.350000,0.300000,-0.200000,0.000000,0.276839,0.285812,1.278608,-0.773320,0.009022,0.681943,0.460977,125.099632,1.285386,-0.779274,-0.779274,1.285413,-0.778901,0.278614,-0.000001,0.285710,0.399069
356,hold_back,0.350000,0.300000,0.350000,0.300000,-0.200000,0.000000,0.276839,0.285812,1.278608,-0.773320,0.009022,0.655908,0.460977,125.099632,1.285386,-0.779274,-0.779274,1.285413,-0.778901,0.278614,-0.000001,0.285709,0.399068
357,hold_back,0.350000,0.300000,0.350000,0.300000,-0.200000,0.000000,0.276839,0.285812,1.278608,-0.773320,0.009022,0.678125,0.460977,125.099632,1.285386,-0.779274,-0.779274,1.285413,-0.778901,0.278614,-0.000001,0.285709,0.399068
358,hold_back,0.350000,0.300000,0.350000,0.300000,-0.200000,0.000000,0.276839,0.285812,1.278608,-0.773320,0.009022,0.664344,0.460977,125.099632,1.285386,-0.779274,-0.779274,1.285413,-0.778901,0.278614,-0.000001,0.285709,0.399068
359,hold_back,0.350000,0.300000,0.350000,0.300000,-0.200000,0.000000,0.276839,0.285812,1.278608,-0.773320,0.009022,0.654186,0.460977,125.099632,1.285386,-0.779274,-0.779274,1.285413,-0.778901,0.278614,-0.000001,0.285709,0.399069
360,back_to_base2,0.353333,0.300000,0.350525,0.300000,-0.198499,0.000001,0.277364,0.285812,1.280589,-0.775029,0.006406,0.697740,0.462119,124.771923,1.285386,-0.779274,-0.779274,1.285413,-0.778901,0.278614,-0.000001,0.285709,0.399069
361,back_to_base2,0.356667,0.300000,0.351682,0.300001,-0.196171,0.000003,0.278179,0.285812,1.283655,-0.777681,0.002352,0.666353,0.463893,124.442423,1.285386,-0.779274,-0.779274,1.285413,-0.778901,0.278614,-0.000001,0.285709,0.399069
362,back_to_base2,0.360000,0.300000,0.353407,0.300003,-0.193390,0.000006,0.279152,0.285812,1.287314,-0.780856,0.002494,0.690581,0.466020,124.111141,1.285386,-0.779274,-0.779274,1.285413,-0.778901,0.278614,-0.000001,0.285709,0.399069
363,back_to_base2,0.363333,0.300000,0.355589,0.300004,-0.190359,0.000007,0.280213,0.285812,1.291291,-0.784321,0.007768,0.681414,0.468344,123.778088,1.285386,-0.779274,-0.779274,1.285413,-0.778901,0.278614,-0.000001,0.285709,0.399069
364,back_to_base2,0.366667,0.300000,0.358116,0.300006,-0.187192,0.000009,0.281322,0.285812,1.295440,-0.787950,0.013280,0.661809,0.470782,123.443273,1.289407,-0.782745,-0.782745,1.285413,-0.778901,0.278614,-0.000001,0.285709,0.399069
365,back_to_base2,0.370000,0.300000,0.360893,0.300007,-0.183949,0.000010,0.282456,0.285812,1.299677,-0.791672,0.013608,0.659849,0.473285,123.106706,1.293515,-0.786316,-0.786316,1.285413,-0.778901,0.278614,-0.000001,0.285709,0.399069
366,back_to_base2,0.373333,0.300000,0.363847,0.300008,-0.180666,0.000010,0.283606,0.285812,1.303959,-0.795449,0.013874,0.689104,0.475830,122.768394,1.297693,-0.789969,-0.789969,1.285413,-0.778901,0.278614,-0.000001,0.285709,0.399069
367,back_to_base2,0.376667,0.300000,0.366925,0.300009,-0.177360,0.000011,0.284763,0.285812,1.308260,-0.799260,0.014071,0.661579,0.478401,122.428346,1.301920,-0.793685,-0.793685,1.285902,-0.779326,0.278614,-0.000001,0.285709,0.399069
368,back_to_base2,0.380000,0.300000,0.370087,0.300010,-0.174042,0.000011,0.285924,0.285812,1.312569,-0.803093,0.014209,0.666917,0.480990,122.086570,1.306179,-0.797448,-0.797448,1.285902,-0.779326,0.278614,-0.000001,0.285710,0.399069
369,back_to_base2,0.383333,0.300000,0.373306,0.300010,-0.170716,0.000011,0.287088,0.285812,1.316876,-0.806941,0.014302,0.696529,0.483593,121.743073,1.310458,-0.801245,-0.801245,1.285902,-0.779326,0.278614,-0.000001,0.285710,0.399069
370,back_to_base2,0.386667,0.300000,0.376563,0.300011,-0.167388,0.000011,0.288253,0.285812,1.321179,-0.810802,0.014362,0.663164,0.486209,121.397862,1.314747,-0.805068,-0.805068,1.298062,-0.789940,0.278614,-0.000001,0.285710,0.399069
371,back_to_base2,0.390000,0.300000,0.379846,0.300011,-0.164057,0.000011,0.289419,0.285812,1.325476,-0.814673,0.014401,0.667102,0.488834,121.050943,1.319038,-0.808910,-0.808910,1.298062,-0.789940,0.278614,-0.000001,0.285710,0.399069
372,back_to_base2,0.393333,0.300000,0.383146,0.300011,-0.160725,0.000011,0.290585,0.285812,1.329765,-0.818554,0.014424,0.667045,0.491469,120.702323,1.323329,-0.812768,-0.812768,1.298062,-0.789940,0.278614,-0.000001,0.285710,0.399069
373,back_to_base2,0.396667,0.300000,0.386458,0.300011,-0.157392,0.000011,0.291751,0.285812,1.334045,-0.822443,0.014438,0.678971,0.494113,120.352007,1.327615,-0.816638,-0.816638,1.310832,-0.801224,0.278614,-0.000001,0.285710,0.399069
374,back_to_base2,0.400000,0.300000,0.389777,0.300011,-0.154059,0.000011,0.292918,0.285812,1.338317,-0.826341,0.014446,0.674412,0.496765,120.000000,1.331896,-0.820519,-0.820519,1.310832,-0.801224,0.278614,-0.000001,0.285710,0.399069
375,back_to_base2,0.403333,0.300000,0.393101,0.300011,-0.150726,0.000011,0.294084,0.285812,1.342581,-0.830247,0.014450,0.668907,0.499425,119.646307,1.336170,-0.824410,-0.824410,1.310832,-0.801224,0.278614,-0.000001,0.285710,0.399069
376,back_to_base2,0.406667,0.300000,0.396428,0.300011,-0.147393,0.000010,0.295251,0.285812,1.348551,-0.835921,0.016905,0.413700,0.502094,119.290933,1.341122,-0.829014,-0.829014,1.323704,-0.812751,0.278614,-0.000001,0.285710,0.399069
377,back_to_base2,0.410000,0.300000,0.399757,0.300011,-0.144060,0.000010,0.296418,0.285812,1.351083,-0.838083,0.013470,0.685202,0.504771,118.933882,1.345107,-0.832642,-0.832642,1.323704,-0.812751,0.278614,-0.000001,0.285710,0.399069
378,back_to_base2,0.413333,0.300000,0.403088,0.300010,-0.140727,0.000010,0.297584,0.285812,1.356902,-0.843651,0.016135,0.422028,0.507455,118.575156,1.349825,-0.837045,-0.837045,1.323704,-0.812751,0.278614,-0.000001,0.285710,0.399069
379,back_to_base2,0.416667,0.300000,0.406419,0.300010,-0.137393,0.000010,0.298751,0.285812,1.361151,-0.847614,0.015491,0.539675,0.510147,118.214760,1.354355,-0.841273,-0.841273,1.336570,-0.824423,0.278614,-0.000001,0.285710,0.399069
380,back_to_base2,0.420000,0.300000,0.409752,0.300010,-0.134060,0.000010,0.299918,0.285812,1.365334,-0.851527,0.015023,0.457996,0.512847,117.852695,1.358747,-0.845375,-0.845375,1.336570,-0.824423,0.278613,-0.000001,0.285706,0.399066
381,back_to_base2,0.423333,0.300000,0.413084,0.300010,-0.130727,0.000010,0.301084,0.285812,1.369467,-0.855406,0.014681,0.429805,0.515554,117.488966,1.363035,-0.849387,-0.849387,1.336570,-0.824423,0.278613,-0.000001,0.285706,0.399066
382,back_to_base2,0.426667,0.300000,0.416417,0.300010,-0.127393,0.000010,0.302251,0.285812,1.373561,-0.859261,0.014433,0.409313,0.518269,117.123572,1.367245,-0.853337,-0.853337,1.350327,-0.837112,0.278613,-0.000001,0.285706,0.399066
383,back_to_base2,0.430000,0.300000,0.419750,0.300010,-0.124060,0.000010,0.303418,0.285812,1.377626,-0.863102,0.014252,0.411630,0.520990,116.756516,1.371398,-0.857243,-0.857243,1.350327,-0.837112,0.279862,-0.000001,0.285705,0.399938
384,back_to_base2,0.433333,0.300000,0.423083,0.300010,-0.120727,0.000010,0.304584,0.285812,1.381667,-0.866933,0.014119,0.325737,0.523719,116.387800,1.375505,-0.861119,-0.861119,1.350327,-0.837112,0.279862,-0.000001,0.285705,0.399938
385,back_to_base2,0.436667,0.300000,0.426416,0.300010,-0.117393,0.000010,0.305751,0.285812,1.385689,-0.870761,0.014024,0.311104,0.526454,116.017423,1.379579,-0.864976,-0.864976,1.363556,-0.849478,0.279862,-0.000001,0.285705,0.399938
386,back_to_base2,0.440000,0.300000,0.429750,0.300010,-0.114060,0.000010,0.306918,0.285812,1.389696,-0.874587,0.013954,0.325347,0.529197,115.645387,1.383625,-0.868820,-0.868820,1.363556,-0.849478,0.283197,-0.000001,0.285694,0.402271
387,back_to_base2,0.443333,0.300000,0.433083,0.300010,-0.110727,0.000010,0.308084,0.285812,1.393689,-0.878415,0.013904,0.331783,0.531946,115.271691,1.387651,-0.872658,-0.872658,1.363556,-0.849478,0.283197,-0.000001,0.285694,0.402271
388,back_to_base2,0.446667,0.300000,0.436416,0.300010,-0.107393,0.000009,0.309251,0.285812,1.397671,-0.882245,0.013868,0.318236,0.534702,114.896334,1.391659,-0.876493,-0.876493,1.376017,-0.861205,0.283197,-0.000001,0.285694,0.402271
389,back_to_base2,0.450000,0.300000,0.439749,0.300010,-0.104060,0.000009,0.310418,0.285812,1.401643,-0.886079,0.013841,0.310181,0.537464,114.519316,1.395653,-0.880327,-0.880327,1.376017,-0.861205,0.286646,-0.000001,0.285692,0.404705
390,back_to_base2,0.453333,0.300000,0.443083,0.300009,-0.100727,0.000009,0.311584,0.285812,1.405606,-0.889919,0.013823,0.335648,0.540233,114.140637,1.399634,-0.884164,-0.884164,1.376017,-0.861205,0.286646,-0.000001,0.285692,0.404705
391,back_to_base2,0.456667,0.300000,0.446416,0.300009,-0.097393,0.000009,0.312751,0.285812,1.409560,-0.893764,0.013809,0.323628,0.543009,113.760293,1.403604,-0.888004,-0.888004,1.388158,-0.872744,0.286646,-0.000001,0.285692,0.404705
392,back_to_base2,0.460000,0.300000,0.449749,0.300009,-0.094060,0.000009,0.313918,0.285812,1.413507,-0.897615,0.013800,0.330547,0.545790,113.378283,1.407566,-0.891848,-0.891848,1.388158,-0.872744,0.290133,-0.000001,0.285691,0.407182
393,back_to_base2,0.463333,0.300000,0.453083,0.300009,-0.090727,0.000009,0.315084,0.285812,1.417446,-0.901473,0.013794,0.335570,0.548578,112.994605,1.411518,-0.895698,-0.895698,1.388158,-0.872744,0.290133,-0.000001,0.285691,0.407182
394,back_to_base2,0.466667,0.300000,0.456416,0.300009,-0.087393,0.000009,0.316251,0.285812,1.421379,-0.905337,0.013790,0.327411,0.551371,112.609255,1.415462,-0.899554,-0.899554,1.400008,-0.884170,0.290133,-0.000001,0.285691,0.407182
395,back_to_base2,0.470000,0.300000,0.459749,0.300009,-0.084060,0.000009,0.317418,0.285812,1.425304,-0.909209,0.013787,0.319874,0.554171,112.222231,1.419399,-0.903416,-0.903416,1.400008,-0.884170,0.293727,-0.000001,0.285703,0.409759
396,back_to_base2,0.473333,0.300000,0.463083,0.300009,-0.080727,0.000009,0.318584,0.285812,1.429223,-0.913088,0.013786,0.346005,0.556976,111.833529,1.423329,-0.907285,-0.907285,1.400008,-0.884170,0.293727,-0.000001,0.285703,0.409759
397,back_to_base2,0.476667,0.300000,0.466416,0.300009,-0.077393,0.000009,0.319751,0.285812,1.433136,-0.916973,0.013786,0.315175,0.559788,111.443144,1.427252,-0.911160,-0.911160,1.411983,-0.895749,0.293727,-0.000001,0.285703,0.409759
398,back_to_base2,0.480000,0.300000,0.469750,0.300009,-0.074060,0.000009,0.320918,0.285812,1.437043,-0.920866,0.013787,0.327209,0.562605,111.051073,1.431168,-0.915043,-0.915043,1.411983,-0.895749,0.297541,-0.000001,0.285732,0.412520
399,back_to_base2,0.483333,0.300000,0.473083,0.300009,-0.070727,0.000009,0.322084,0.285812,1.440943,-0.924767,0.013788,0.334561,0.565428,110.657311,1.435078,-0.918932,-0.918932,1.411983,-0.895749,0.297541,-0.000001,0.285732,0.412520
400,back_to_base2,0.486667,0.300000,0.476416,0.300009,-0.067393,0.000009,0.323251,0.285812,1.446631,-0.930567,0.016397,0.424550,0.568256,110.261851,1.439699,-0.923586,-0.923586,1.423690,-0.907282,0.297541,-0.000001,0.285732,0.412520
401,back_to_base2,0.490000,0.300000,0.479750,0.300009,-0.064060,0.000009,0.324418,0.285812,1.450704,-0.934689,0.015632,0.435015,0.571089,109.864689,1.444101,-0.928027,-0.928027,1.423690,-0.907282,0.301223,-0.000001,0.285743,0.415192
402,back_to_base2,0.493333,0.300000,0.483083,0.300009,-0.060727,0.000009,0.325584,0.285812,1.454770,-0.938820,0.015176,0.426983,0.573928,109.465819,1.448369,-0.932344,-0.932344,1.423690,-0.907282,0.301223,-0.000001,0.285743,0.415192
403,back_to_base2,0.496667,0.300000,0.486416,0.300009,-0.057393,0.000009,0.326751,0.285812,1.458830,-0.942959,0.014904,0.414739,0.576773,109.065233,1.452553,-0.936590,-0.936590,1.435497,-0.918996,0.301223,-0.000001,0.285743,0.415192
404,back_to_base2,0.500000,0.300000,0.489750,0.300009,-0.054060,0.000009,0.327918,0.285812,1.462884,-0.947107,0.014743,0.415460,0.579622,108.662925,1.456686,-0.940797,-0.940797,1.435497,-0.918996,0.304649,-0.000001,0.285737,0.417680
405,back_to_base2,0.503333,0.300000,0.493083,0.300009,-0.050726,0.000009,0.329084,0.285812,1.466933,-0.951264,0.014648,0.404815,0.582477,108.258887,1.460785,-0.944984,-0.944984,1.435497,-0.918996,0.304649,-0.000001,0.285737,0.417680
406,back_to_base2,0.506667,0.300000,0.496416,0.300009,-0.047393,0.000009,0.330251,0.285812,1.470976,-0.955430,0.014594,0.408528,0.585337,107.853112,1.464861,-0.949162,-0.949162,1.448621,-0.932288,0.304649,-0.000001,0.285737,0.417680
407,back_to_base2,0.510000,0.300000,0.499750,0.300009,-0.044060,0.000009,0.331418,0.285812,1.475013,-0.959604,0.014564,0.425530,0.588201,107.445591,1.468922,-0.953339,-0.953339,1.448621,-0.932288,0.307919,-0.000001,0.285723,0.420061
408,back_to_base2,0.513333,0.300000,0.503083,0.300009,-0.040726,0.000009,0.332585,0.285812,1.479046,-0.963788,0.014548,0.575355,0.591071,107.036316,1.472971,-0.957519,-0.957519,1.448621,-0.932288,0.307919,-0.000001,0.285723,0.420061
409,back_to_base2,0.516667,0.300000,0.506417,0.300009,-0.037393,0.000009,0.333751,0.285812,1.483072,-0.967980,0.014542,0.676207,0.593945,106.625276,1.477012,-0.961703,-0.961703,1.461120,-0.944964,0.307919,-0.000001,0.285723,0.420061
410,back_to_base2,0.520000,0.300000,0.509750,0.300009,-0.034059,0.000009,0.334918,0.285812,1.487094,-0.972181,0.014541,0.667780,0.596825,106.212464,1.481045,-0.965894,-0.965894,1.461120,-0.944964,0.311173,-0.000001,0.285707,0.422442
411,back_to_base2,0.523333,0.300000,0.513083,0.300009,-0.030726,0.000008,0.336085,0.285812,1.491110,-0.976391,0.014543,0.579573,0.599709,105.797868,1.485071,-0.970093,-0.970093,1.461120,-0.944964,0.311173,-0.000001,0.285707,0.422442
412,back_to_base2,0.526667,0.300000,0.516417,0.300009,-0.027393,0.000008,0.337251,0.285812,1.495121,-0.980610,0.014547,0.592524,0.602597,105.381478,1.489091,-0.974300,-0.974300,1.473496,-0.957660,0.311173,-0.000001,0.285707,0.422442
413,back_to_base2,0.530000,0.300000,0.519750,0.300008,-0.024059,0.000008,0.338418,0.285812,1.499128,-0.984839,0.014553,0.562034,0.605490,104.963283,1.493106,-0.978516,-0.978516,1.473496,-0.957660,0.314605,-0.000001,0.285696,0.424969
414,back_to_base2,0.533333,0.300000,0.523084,0.300008,-0.020726,0.000008,0.339585,0.285812,1.503129,-0.989076,0.014560,0.576067,0.608388,104.543272,1.497115,-0.982740,-0.982740,1.473496,-0.957660,0.314605,-0.000001,0.285696,0.424969
415,back_to_base2,0.536667,0.300000,0.526417,0.300008,-0.017392,0.000008,0.339839,0.285812,1.504000,-0.990000,0.010005,0.575976,0.611290,104.121432,1.497115,-0.982740,-0.982740,1.485595,-0.970240,0.314605,-0.000001,0.285696,0.424969
416,back_to_base2,0.540000,0.300000,0.529750,0.300008,-0.014059,0.000008,0.339839,0.285812,1.504000,-0.990000,0.010005,0.574802,0.614197,103.697750,1.497115,-0.982740,-0.982740,1.485595,-0.970240,0.317950,-0.000001,0.285683,0.427443
417,back_to_base2,0.543333,0.300000,0.533084,0.300008,-0.010726,0.000008,0.339839,0.285812,1.504000,-0.990000,0.010005,0.600730,0.617108,103.272215,1.497115,-0.982740,-0.982740,1.485595,-0.970240,0.317950,-0.000001,0.285683,0.427443
418,back_to_base2,0.546667,0.300000,0.536417,0.300008,-0.007392,0.000008,0.339839,0.285812,1.504000,-0.990000,0.010005,0.587948,0.620023,102.844812,1.497115,-0.982740,-0.982740,1.496846,-0.982064,0.317950,-0.000001,0.285683,0.427443
419,back_to_base2,0.550000,0.300000,0.539751,0.300008,-0.004059,0.000008,0.339839,0.285812,1.504000,-0.990000,0.010005,0.582091,0.622942,102.415527,1.497115,-0.982740,-0.982740,1.496846,-0.982064,0.320837,-0.000001,0.285668,0.429585
420,settle2,0.550000,0.300000,0.542557,0.300007,-0.002230,0.000006,0.339839,0.285812,1.504000,-0.990000,0.010005,0.584028,0.624544,102.415527,1.497115,-0.982740,-0.982740,1.496846,-0.982064,0.320837,-0.000001,0.285668,0.429585
421,settle2,0.550000,0.300000,0.544733,0.300006,-0.001226,0.000004,0.339839,0.285812,1.504000,-0.990000,0.010005,0.583179,0.625424,102.415527,1.497115,-0.982740,-0.982740,1.497170,-0.982435,0.320837,-0.000001,0.285668,0.429585
422,settle2,0.550000,0.300000,0.546341,0.300005,-0.000674,0.000002,0.339839,0.285812,1.504000,-0.990000,0.010005,0.581010,0.625907,102.415527,1.497115,-0.982740,-0.982740,1.497170,-0.982435,0.324675,-0.000002,0.285678,0.432465
423,settle2,0.550000,0.300000,0.547492,0.300003,-0.000371,0.000001,0.339839,0.285812,1.504000,-0.990000,0.010005,0.585988,0.626173,102.415527,1.497115,-0.982740,-0.982740,1.497170,-0.982435,0.324675,-0.000002,0.285678,0.432465
424,settle2,0.550000,0.300000,0.548298,0.300002,-0.000204,0.000001,0.339839,0.285812,1.504000,-0.990000,0.010005,0.641503,0.626320,102.415527,1.497115,-0.982740,-0.982740,1.497176,-0.982400,0.324675,-0.000002,0.285678,0.432465
425,settle2,0.550000,0.300000,0.548855,0.300002,-0.000112,0.000000,0.339839,0.285812,1.504000,-0.990000,0.010005,0.592378,0.626400,102.415527,1.497115,-0.982740,-0.982740,1.497176,-0.982400,0.328414,-0.000002,0.285681,0.435281
426,settle2,0.550000,0.300000,0.549234,0.300001,-0.000062,0.000000,0.339839,0.285812,1.504000,-0.990000,0.010005,0.588944,0.626444,102.415527,1.497115,-0.982740,-0.982740,1.497176,-0.982400,0.328414,-0.000002,0.285681,0.435281
427,settle2,0.550000,0.300000,0.549490,0.300001,-0.000034,0.000000,0.339839,0.285812,1.504000,-0.990000,0.010005,0.584702,0.626468,102.415527,1.497115,-0.982740,-0.982740,1.497176,-0.982400,0.328414,-0.000002,0.285681,0.435281
428,settle2,0.550000,0.300000,0.549662,0.300001,-0.000019,0.000000,0.339839,0.285812,1.504000,-0.990000,0.010005,0.591225,0.626482,102.415527,1.497115,-0.982740,-0.982740,1.497176,-0.982400,0.331836,-0.000002,0.285680,0.437867
429,settle2,0.550000,0.300000,0.549777,0.300000,-0.000010,0.000000,0.339839,0.285812,1.504000,-0.990000,0.010005,0.588366,0.626489,102.415527,1.497115,-0.982740,-0.982740,1.497176,-0.982400,0.331836,-0.000002,0.285680,0.437867
430,settle2,0.550000,0.300000,0.549853,0.300000,-0.000006,0.000000,0.339839,0.285812,1.504000,-0.990000,0.010005,0.584867,0.626493,102.415527,1.497115,-0.982740,-0.982740,1.497177,-0.982400,0.331836,-0.000002,0.285680,0.437867
431,settle2,0.550000,0.300000,0.549903,0.300000,-0.000003,0.000000,0.339839,0.285812,1.504000,-0.990000,0.010005,0.582021,0.626495,102.415527,1.497115,-0.982740,-0.982740,1.497177,-0.982400,0.335339,-0.000002,0.285679,0.440528
432,settle2,0.550000,0.300000,0.549937,0.300000,-0.000002,0.000000,0.339839,0.285812,1.504000,-0.990000,0.010005,0.584342,0.626497,102.415527,1.497115,-0.982740,-0.982740,1.497177,-0.982400,0.335339,-0.000002,0.285679,0.440528
433,settle2,0.550000,0.300000,0.549958,0.300000,-0.000001,0.000000,0.339839,0.285812,1.504000,-0.990000,0.010005,0.588074,0.626497,102.415527,1.497115,-0.982740,-0.982740,1.497177,-0.982400,0.335339,-0.000002,0.285679,0.440528
434,settle2,0.550000,0.300000,0.549973,0.300000,-0.000001,0.000000,0.339839,0.285812,1.504000,-0.990000,0.010005,0.571278,0.626498,102.415527,1.497115,-0.982740,-0.982740,1.497177,-0.982400,0.337752,-0.000002,0.285680,0.442368
435,settle2,0.550000,0.300000,0.549982,0.300000,-0.000000,0.000000,0.339839,0.285812,1.504000,-0.990000,0.010005,0.592224,0.626498,102.415527,1.497115,-0.982740,-0.982740,1.497177,-0.982400,0.337752,-0.000002,0.285680,0.442368
436,settle2,0.550000,0.300000,0.549988,0.300000,-0.000000,0.000000,0.339839,0.285812,1.504000,-0.990000,0.010005,0.578061,0.626498,102.415527,1.497115,-0.982740,-0.982740,1.497177,-0.982400,0.337752,-0.000002,0.285680,0.442368
437,settle2,0.550000,0.300000,0.549992,0.300000,-0.000000,0.000000,0.339839,0.285812,1.504000,-0.990000,0.010005,0.588959,0.626498,102.415527,1.497115,-0.982740,-0.982740,1.497177,-0.982400,0.337811,-0.000002,0.285684,0.442415
438,settle2,0.550000,0.300000,0.549995,0.300000,-0.000000,0.000000,0.339839,0.285812,1.504000,-0.990000,0.010005,0.560596,0.626498,102.415527,1.497115,-0.982740,-0.982740,1.497177,-0.982400,0.337811,-0.000002,0.285684,0.442415
439,settle2,0.550000,0.300000,0.549997,0.300000,-0.000000,0.000000,0.339839,0.285812,1.504000,-0.990000,0.010005,0.680889,0.626498,102.415527,1.497115,-0.982740,-0.982740,1.497176,-0.982400,0.337811,-0.000002,0.285684,0.442415
440,settle2,0.550000,0.300000,0.549998,0.300000,-0.000000,0.000000,0.339839,0.285812,1.504000,-0.990000,0.010005,0.619747,0.626498,102.415527,1.497115,-0.982740,-0.982740,1.497176,-0.982400,0.337811,-0.000002,0.285684,0.442415
441,settle2,0.550000,0.300000,0.549999,0.300000,-0.000000,0.000000,0.339839,0.285812,1.504000,-0.990000,0.010005,0.582878,0.626498,102.415527,1.497115,-0.982740,-0.982740,1.497176,-0.982400,0.337811,-0.000002,0.285684,0.442415
442,settle2,0.550000,0.300000,0.549999,0.300000,-0.000000,0.000000,0.339839,0.285812,1.504000,-0.990000,0.010005,0.574771,0.626498,102.415527,1.497115,-0.982740,-0.982740,1.497170,-0.982435,0.337811,-0.000002,0.285684,0.442415
443,settle2,0.550000,0.300000,0.549999,0.300000,-0.000000,0.000000,0.339839,0.285812,1.504000,-0.990000,0.010005,0.573861,0.626498,102.415527,1.497115,-0.982740,-0.982740,1.497170,-0.982435,0.337810,-0.000002,0.285681,0.442413
444,settle2,0.550000,0.300000,0.550000,0.300000,-0.000000,0.000000,0.339839,0.285812,1.504000,-0.990000,0.010005,0.577234,0.626498,102.415527,1.497115,-0.982740,-0.982740,1.497170,-0.982435,0.337810,-0.000002,0.285681,0.442413
445,settle2,0.550000,0.300000,0.550000,0.300000,-0.000000,0.000000,0.339839,0.285812,1.504000,-0.990000,0.010005,0.568515,0.626498,102.415527,1.497115,-0.982740,-0.982740,1.497171,-0.982432,0.337810,-0.000002,0.285681,0.442413
446,settle2,0.550000,0.300000,0.550000,0.300000,-0.000000,0.000000,0.339839,0.285812,1.504000,-0.990000,0.010005,0.644120,0.626498,102.415527,1.497115,-0.982740,-0.982740,1.497171,-0.982432,0.337810,-0.000002,0.285678,0.442411
447,settle2,0.550000,0.300000,0.550000,0.300000,-0.000000,0.000000,0.339839,0.285812,1.504000,-0.990000,0.010005,0.575065,0.626498,102.415527,1.497115,-0.982740,-0.982740,1.497171,-0.982432,0.337810,-0.000002,0.285678,0.442411
448,settle2,0.550000,0.300000,0.550000,0.300000,-0.000000,0.000000,0.339839,0.285812,1.504000,-0.990000,0.010005,0.566198,0.626498,102.415527,1.497115,-0.982740,-0.982740,1.497171,-0.982432,0.337810,-0.000002,0.285678,0.442411
449,settle2,0.550000,0.300000,0.550000,0.300000,-0.000000,0.000000,0.339839,0.285812,1.504000,-0.990000,0.010005,0.596408,0.626498,102.415527,1.497115,-0.982740,-0.982740,1.497171,-0.982432,0.337826,-0.000002,0.285771,0.442484
450,settle2,0.550000,0.300000,0.550000,0.300000,-0.000000,0.000000,0.339839,0.285812,1.504000,-0.990000,0.010005,0.618632,0.626498,102.415527,1.497115,-0.982740,-0.982740,1.497171,-0.982432,0.337826,-0.000002,0.285771,0.442484
451,settle2,0.550000,0.300000,0.550000,0.300000,-0.000000,0.000000,0.339839,0.285812,1.504000,-0.990000,0.010005,0.585970,0.626498,102.415527,1.497115,-0.982740,-0.982740,1.497176,-0.982401,0.337826,-0.000002,0.285771,0.442484
452,settle2,0.550000,0.300000,0.550000,0.300000,-0.000000,0.000000,0.339839,0.285812,1.504000,-0.990000,0.010005,0.697133,0.626498,102.415527,1.497115,-0.982740,-0.982740,1.497176,-0.982401,0.337811,-0.000002,0.285684,0.442415
453,settle2,0.550000,0.300000,0.550000,0.300000,-0.000000,0.000000,0.339839,0.285812,1.504000,-0.990000,0.010005,0.591784,0.626498,102.415527,1.497115,-0.982740,-0.982740,1.497176,-0.982401,0.337811,-0.000002,0.285684,0.442415
454,settle2,0.550000,0.300000,0.550000,0.300000,-0.000000,0.000000,0.339839,0.285812,1.504000,-0.990000,0.010005,0.930306,0.626498,102.415527,1.497115,-0.982740,-0.982740,1.497177,-0.982400,0.337811,-0.000002,0.285684,0.442415
455,settle2,0.550000,0.300000,0.550000,0.300000,-0.000000,0.000000,0.339839,0.285812,1.504000,-0.990000,0.010005,0.601932,0.626498,102.415527,1.497115,-0.982740,-0.982740,1.497177,-0.982400,0.337811,-0.000002,0.285684,0.442415
456,settle2,0.550000,0.300000,0.550000,0.300000,-0.000000,0.000000,0.339839,0.285812,1.504000,-0.990000,0.010005,0.579576,0.626498,102.415527,1.497115,-0.982740,-0.982740,1.497177,-0.982400,0.337811,-0.000002,0.285684,0.442415
457,settle2,0.550000,0.300000,0.550000,0.300000,-0.000000,0.000000,0.339839,0.285812,1.504000,-0.990000,0.010005,0.575163,0.626498,102.415527,1.497115,-0.982740,-0.982740,1.497170,-0.982436,0.337811,-0.000002,0.285684,0.442415
458,settle2,0.550000,0.300000,0.550000,0.300000,-0.000000,0.000000,0.339839,0.285812,1.504000,-0.990000,0.010005,0.567002,0.626498,102.415527,1.497115,-0.982740,-0.982740,1.497170,-0.982436,0.337810,-0.000002,0.285681,0.442413
459,settle2,0.550000,0.300000,0.550000,0.300000,-0.000000,0.000000,0.339839,0.285812,1.504000,-0.990000,0.010005,0.593722,0.626498,102.415527,1.497115,-0.982740,-0.982740,1.497170,-0.982436,0.337810,-0.000002,0.285681,0.442413
460,settle2,0.550000,0.300000,0.550000,0.300000,-0.000000,0.000000,0.339839,0.285812,1.504000,-0.990000,0.010005,0.575048,0.626498,102.415527,1.497115,-0.982740,-0.982740,1.497177,-0.982396,0.337810,-0.000002,0.285681,0.442413
461,settle2,0.550000,0.300000,0.550000,0.300000,-0.000000,0.000000,0.339839,0.285812,1.504000,-0.990000,0.010005,0.568086,0.626498,102.415527,1.497115,-0.982740,-0.982740,1.497177,-0.982396,0.337811,-0.000002,0.285684,0.442415
462,settle2,0.550000,0.300000,0.550000,0.300000,-0.000000,0.000000,0.339839,0.285812,1.504000,-0.990000,0.010005,0.578190,0.626498,102.415527,1.497115,-0.982740,-0.982740,1.497177,-0.982396,0.337811,-0.000002,0.285684,0.442415
463,settle2,0.550000,0.300000,0.550000,0.300000,-0.000000,0.000000,0.339839,0.285812,1.504000,-0.990000,0.010005,0.575554,0.626498,102.415527,1.497115,-0.982740,-0.982740,1.497176,-0.982400,0.337811,-0.000002,0.285684,0.442415
464,settle2,0.550000,0.300000,0.550000,0.300000,-0.000000,0.000000,0.339839,0.285812,1.504000,-0.990000,0.010005,0.593768,0.626498,102.415527,1.497115,-0.982740,-0.982740,1.497176,-0.982400,0.337811,-0.000002,0.285687,0.442418
465,settle2,0.550000,0.300000,0.550000,0.300000,-0.000000,0.000000,0.339839,0.285812,1.504000,-0.990000,0.010005,0.573284,0.626498,102.415527,1.497115,-0.982740,-0.982740,1.497176,-0.982400,0.337811,-0.000002,0.285687,0.442418
466,settle2,0.550000,0.300000,0.550000,0.300000,-0.000000,0.000000,0.339839,0.285812,1.504000,-0.990000,0.010005,0.567834,0.626498,102.415527,1.497115,-0.982740,-0.982740,1.497176,-0.982400,0.337811,-0.000002,0.285687,0.442418
467,settle2,0.550000,0.300000,0.550000,0.300000,-0.000000,0.000000,0.339839,0.285812,1.504000,-0.990000,0.010005,0.569880,0.626498,102.415527,1.497115,-0.982740,-0.982740,1.497176,-0.982400,0.337811,-0.000002,0.285684,0.442416
468,settle2,0.550000,0.300000,0.550000,0.300000,-0.000000,0.000000,0.339839,0.285812,1.504000,-0.990000,0.010005,0.583316,0.626498,102.415527,1.497115,-0.982740,-0.982740,1.497176,-0.982400,0.337811,-0.000002,0.285684,0.442416
469,settle2,0.550000,0.300000,0.550000,0.300000,-0.000000,0.000000,0.339839,0.285812,1.504000,-0.990000,0.010005,0.711800,0.626498,102.415527,1.497115,-0.982740,-0.982740,1.497176,-0.982400,0.337811,-0.000002,0.285684,0.442416
470,settle2,0.550000,0.300000,0.550000,0.300000,-0.000000,0.000000,0.339839,0.285812,1.504000,-0.990000,0.010005,0.870996,0.626498,102.415527,1.497115,-0.982740,-0.982740,1.497176,-0.982400,0.337811,-0.000002,0.285688,0.442418
471,settle2,0.550000,0.300000,0.550000,0.300000,-0.000000,0.000000,0.339839,0.285812,1.504000,-0.990000,0.010005,0.859281,0.626498,102.415527,1.497115,-0.982740,-0.982740,1.497176,-0.982400,0.337811,-0.000002,0.285688,0.442418
472,settle2,0.550000,0.300000,0.550000,0.300000,0.000000,0.000000,0.339839,0.285812,1.504000,-0.990000,0.010005,0.865792,0.626498,102.415527,1.497115,-0.982740,-0.982740,1.497170,-0.982436,0.337811,-0.000002,0.285688,0.442418
473,settle2,0.550000,0.300000,0.550000,0.300000,0.000000,0.000000,0.339839,0.285812,1.504000,-0.990000,0.010005,0.593298,0.626498,102.415527,1.497115,-0.982740,-0.982740,1.497170,-0.982436,0.337810,-0.000002,0.285681,0.442413
474,settle2,0.550000,0.300000,0.550000,0.300000,0.000000,0.000000,0.339839,0.285812,1.504000,-0.990000,0.010005,0.585914,0.626498,102.415527,1.497115,-0.982740,-0.982740,1.497170,-0.982436,0.337810,-0.000002,0.285681,0.442413
475,settle2,0.550000,0.300000,0.550000,0.300000,0.000000,0.000000,0.339839,0.285812,1.504000,-0.990000,0.010005,0.577083,0.626498,102.415527,1.497115,-0.982740,-0.982740,1.497177,-0.982396,0.337810,-0.000002,0.285681,0.442413
476,settle2,0.550000,0.300000,0.550000,0.300000,0.000000,0.000000,0.339839,0.285812,1.504000,-0.990000,0.010005,0.583465,0.626498,102.415527,1.497115,-0.982740,-0.982740,1.497177,-0.982396,0.337811,-0.000002,0.285687,0.442418
477,settle2,0.550000,0.300000,0.550000,0.300000,0.000000,0.000000,0.339839,0.285812,1.504000,-0.990000,0.010005,0.599925,0.626498,102.415527,1.497115,-0.982740,-0.982740,1.497177,-0.982396,0.337811,-0.000002,0.285687,0.442418
478,settle2,0.550000,0.300000,0.550000,0.300000,0.000000,0.000000,0.339839,0.285812,1.504000,-0.990000,0.010005,0.584625,0.626498,102.415527,1.497115,-0.982740,-0.982740,1.497177,-0.982400,0.337811,-0.000002,0.285687,0.442418
479,settle2,0.550000,0.300000,0.550000,0.300000,0.000000,0.000000,0.339839,0.285812,1.504000,-0.990000,0.010005,0.569854,0.626498,102.415527,1.497115,-0.982740,-0.982740,1.497177,-0.982400,0.337811,-0.000002,0.285684,0.442415
480,up,0.550000,0.303333,0.550001,0.300525,0.000002,0.001501,0.339839,0.285812,1.504000,-0.990000,0.010005,0.601827,0.627220,102.179659,1.497115,-0.982740,-0.982740,1.497177,-0.982400,0.337811,-0.000002,0.285684,0.442415
481,up,0.550000,0.306667,0.550002,0.301681,0.000005,0.003828,0.339839,0.285812,1.504000,-0.990000,0.010005,0.581612,0.628345,101.941397,1.497115,-0.982740,-0.982740,1.497170,-0.982435,0.337811,-0.000002,0.285684,0.442415
482,up,0.550000,0.310000,0.550005,0.303406,0.000009,0.006609,0.339839,0.285812,1.504000,-0.990000,0.010005,0.565224,0.629697,101.700743,1.497115,-0.982740,-0.982740,1.497170,-0.982435,0.337811,-0.000002,0.285684,0.442415
483,up,0.550000,0.313333,0.550007,0.305587,0.000012,0.009639,0.339839,0.285812,1.504000,-0.990000,0.010005,0.590304,0.631181,101.457701,1.497115,-0.982740,-0.982740,1.497170,-0.982435,0.337811,-0.000002,0.285684,0.442415
484,up,0.550000,0.316667,0.550010,0.308114,0.000014,0.012806,0.339839,0.285812,1.504000,-0.990000,0.010005,0.584950,0.632743,101.212271,1.497115,-0.982740,-0.982740,1.497176,-0.982400,0.337811,-0.000002,0.285684,0.442415
485,up,0.550000,0.320000,0.550012,0.310891,0.000016,0.016048,0.339839,0.285812,1.504000,-0.990000,0.010005,0.569833,0.634353,100.964456,1.497115,-0.982740,-0.982740,1.497176,-0.982400,0.337811,-0.000002,0.285688,0.442418
486,up,0.550000,0.323333,0.550014,0.313845,0.000017,0.019331,0.339839,0.285812,1.504000,-0.990000,0.010005,0.577580,0.635996,100.714257,1.497115,-0.982740,-0.982740,1.497176,-0.982400,0.337811,-0.000002,0.285688,0.442418
487,up,0.550000,0.326667,0.550015,0.316922,0.000018,0.022637,0.339839,0.286735,1.502804,-0.991612,0.010540,0.563860,0.637663,100.461674,1.497115,-0.986289,-0.986289,1.497170,-0.982436,0.337811,-0.000002,0.285688,0.442418
488,up,0.550000,0.330000,0.550016,0.320084,0.000018,0.025955,0.339839,0.287896,1.501312,-0.993653,0.008477,0.565146,0.639349,100.206710,1.497115,-0.986289,-0.986289,1.497170,-0.982436,0.337811,-0.000002,0.285684,0.442416
489,up,0.550000,0.333333,0.550017,0.323303,0.000018,0.029281,0.339839,0.289060,1.499833,-0.995712,0.009807,0.588219,0.641051,99.949364,1.497115,-0.990058,-0.990058,1.497170,-0.982436,0.337811,-0.000002,0.285684,0.442416
490,up,0.550000,0.336667,0.550017,0.326560,0.000018,0.032609,0.339839,0.290225,1.497221,-0.995827,0.005770,0.313912,0.642767,99.689638,1.497115,-0.990058,-0.990058,1.497170,-0.982640,0.337811,-0.000002,0.285684,0.442416
491,up,0.550000,0.340000,0.550018,0.329843,0.000018,0.035940,0.339839,0.291391,1.496915,-0.999874,0.009818,0.567825,0.644497,99.427531,1.497115,-0.993984,-0.993984,1.497170,-0.982640,0.337811,-0.000002,0.285683,0.442415
492,up,0.550000,0.343333,0.550018,0.333143,0.000018,0.039272,0.339839,0.292557,1.494837,-1.000243,0.006660,0.335212,0.646240,99.163044,1.497115,-0.993984,-0.993984,1.497170,-0.982640,0.337811,-0.000002,0.285683,0.442415
493,up,0.550000,0.346667,0.550018,0.336455,0.000018,0.042605,0.339839,0.293723,1.494055,-1.004092,0.010561,0.571653,0.647996,98.896176,1.497115,-0.998028,-0.998028,1.497176,-0.989836,0.337811,-0.000002,0.285683,0.442415
494,up,0.550000,0.350000,0.550018,0.339774,0.000018,0.045938,0.339839,0.294890,1.492504,-1.004719,0.008126,0.322480,0.649764,98.626927,1.497115,-0.998028,-0.998028,1.497176,-0.989836,0.337811,-0.000002,0.285684,0.442416
495,up,0.550000,0.353333,0.550018,0.343098,0.000018,0.049271,0.339839,0.296057,1.491255,-1.008365,0.011882,0.581815,0.651545,98.355295,1.497115,-1.002162,-1.002162,1.497176,-0.989836,0.337811,-0.000002,0.285684,0.442416
496,up,0.550000,0.356667,0.550018,0.346425,0.000018,0.052604,0.339839,0.297223,1.489878,-1.010521,0.011056,0.574600,0.653337,98.081281,1.497115,-1.005506,-1.005506,1.497175,-0.993963,0.337811,-0.000002,0.285684,0.442416
497,up,0.550000,0.360000,0.550018,0.349755,0.000018,0.055938,0.339839,0.298390,1.488515,-1.012690,0.011206,0.577661,0.655142,97.804883,1.493675,-1.005506,-1.005506,1.497175,-0.993963,0.337811,-0.000002,0.285684,0.442415
498,up,0.550000,0.363333,0.550018,0.353085,0.000018,0.059271,0.339839,0.299557,1.487167,-1.014872,0.011405,0.603132,0.656959,97.526098,1.493675,-1.009252,-1.009252,1.497175,-0.993963,0.337811,-0.000002,0.285684,0.442415
499,up,0.550000,0.366667,0.550018,0.356417,0.000018,0.062604,0.339839,0.300723,1.485835,-1.017068,0.011070,0.968365,0.658788,97.244926,1.493675,-1.009252,-1.009252,1.497071,-1.002044,0.337811,-0.000002,0.285684,0.442415
500,up,0.550000,0.370000,0.550018,0.359749,0.000018,0.065938,0.339839,0.301890,1.484517,-1.019276,0.013577,0.861636,0.660629,96.961363,1.490012,-1.013262,-1.013262,1.497071,-1.002044,0.337811,-0.000002,0.285684,0.442415
501,up,0.550000,0.373333,0.550018,0.363082,0.000018,0.069271,0.339839,0.303057,1.483215,-1.021498,0.010679,0.583909,0.662481,96.675408,1.490012,-1.016556,-1.016556,1.497071,-1.002044,0.337811,-0.000002,0.285684,0.442415
502,up,0.550000,0.376667,0.550018,0.366415,0.000018,0.072605,0.339839,0.304223,1.481928,-1.023733,0.010810,0.586722,0.664345,96.387057,1.486778,-1.016556,-1.016556,1.493602,-1.009161,0.337811,-0.000002,0.285684,0.442415
503,up,0.550000,0.380000,0.550018,0.369748,0.000018,0.075938,0.339839,0.305390,1.480655,-1.025981,0.011239,0.581367,0.666220,96.096308,1.486778,-1.020326,-1.020326,1.493602,-1.009161,0.337810,-0.000002,0.285679,0.442411
504,up,0.550000,0.383333,0.550018,0.373081,0.000018,0.079271,0.339839,0.306557,1.479397,-1.028242,0.010823,0.581101,0.668106,95.803157,1.486778,-1.020326,-1.020326,1.493602,-1.009161,0.337810,-0.000002,0.285679,0.442411
505,up,0.550000,0.386667,0.550018,0.376414,0.000017,0.082605,0.339839,0.307723,1.478155,-1.030516,0.013349,0.584794,0.670004,95.507600,1.483329,-1.024402,-1.024402,1.489942,-1.016350,0.337810,-0.000002,0.285679,0.442411
506,up,0.550000,0.390000,0.550018,0.379748,0.000017,0.085938,0.339839,0.308890,1.476927,-1.032803,0.010562,0.573214,0.671913,95.209632,1.483329,-1.027763,-1.027763,1.489942,-1.016350,0.338122,-0.000002,0.286503,0.443183
507,up,0.550000,0.393333,0.550017,0.383081,0.000017,0.089272,0.339839,0.310057,1.475714,-1.035104,0.010577,0.587869,0.673833,94.909250,1.483329,-1.027763,-1.027763,1.489942,-1.016350,0.338122,-0.000002,0.286503,0.443183
508,up,0.550000,0.396667,0.550017,0.386414,0.000017,0.092605,0.339839,0.311223,1.474517,-1.037417,0.013071,0.617215,0.675765,94.606449,1.479804,-1.031624,-1.031624,1.486697,-1.020267,0.338122,-0.000002,0.286503,0.443183
509,up,0.550000,0.400000,0.550017,0.389748,0.000017,0.095938,0.339839,0.312390,1.473334,-1.039743,0.010382,0.577625,0.677707,94.301222,1.479804,-1.034872,-1.034872,1.486697,-1.020267,0.338868,-0.000002,0.288499,0.445043
510,up,0.550000,0.403333,0.550017,0.393081,0.000017,0.099272,0.339839,0.313557,1.472166,-1.042082,0.010504,0.585112,0.679659,93.993566,1.479804,-1.034872,-1.034872,1.486697,-1.020267,0.338868,-0.000002,0.288499,0.445043
511,up,0.550000,0.406667,0.550017,0.396415,0.000017,0.102605,0.339839,0.314723,1.471013,-1.044435,0.012990,0.575067,0.681623,93.683472,1.476287,-1.038697,-1.038697,1.483279,-1.027637,0.338868,-0.000002,0.288499,0.445043
512,up,0.550000,0.410000,0.550017,0.399748,0.000017,0.105939,0.339839,0.315890,1.469874,-1.046800,0.010334,0.580666,0.683597,93.370936,1.476287,-1.041938,-1.041938,1.483279,-1.027637,0.339525,-0.000002,0.290289,0.446704
513,up,0.550000,0.413333,0.550017,0.403081,0.000017,0.109272,0.339839,0.317057,1.468751,-1.049178,0.010451,0.589550,0.685582,93.055950,1.476287,-1.041938,-1.041938,1.483279,-1.027637,0.339525,-0.000002,0.290289,0.446704
514,up,0.550000,0.416667,0.550017,0.406415,0.000017,0.112605,0.339839,0.318224,1.467642,-1.051570,0.012942,0.636929,0.687577,92.738508,1.472829,-1.045791,-1.045791,1.479752,-1.034744,0.339525,-0.000002,0.290289,0.446704
515,up,0.550000,0.420000,0.550017,0.409748,0.000017,0.115939,0.339839,0.319390,1.466549,-1.053974,0.010316,0.567119,0.689582,92.418600,1.472829,-1.049064,-1.049064,1.479752,-1.034744,0.340201,-0.000002,0.293235,0.449137
516,up,0.550000,0.423333,0.550017,0.413082,0.000017,0.119272,0.339839,0.320557,1.465470,-1.056391,0.010385,0.593580,0.691598,92.096220,1.472829,-1.049064,-1.049064,1.479752,-1.034744,0.340201,-0.000002,0.293235,0.449137
517,up,0.550000,0.426667,0.550017,0.416415,0.000017,0.122606,0.339839,0.321724,1.464406,-1.058821,0.012890,0.580383,0.693624,91.771358,1.469460,-1.052967,-1.052967,1.476235,-1.041810,0.340201,-0.000002,0.293235,0.449137
518,up,0.550000,0.430000,0.550017,0.419748,0.000017,0.125939,0.339839,0.322890,1.463356,-1.061264,0.010301,0.566416,0.695660,91.444007,1.469460,-1.056286,-1.056286,1.476235,-1.041810,0.340319,-0.000002,0.294968,0.450359
519,up,0.550000,0.433333,0.550017,0.423082,0.000017,0.129272,0.339839,0.324057,1.462322,-1.063721,0.010307,0.571525,0.697706,91.114155,1.469460,-1.056286,-1.056286,1.476235,-1.041810,0.340319,-0.000002,0.294968,0.450359
520,up,0.550000,0.436667,0.550017,0.426415,0.000017,0.132606,0.339839,0.325224,1.461302,-1.066190,0.012831,0.579179,0.699762,90.781793,1.466197,-1.060247,-1.060247,1.472754,-1.048956,0.340319,-0.000002,0.294968,0.450359
521,up,0.550000,0.440000,0.550017,0.429749,0.000017,0.135939,0.339839,0.326390,1.460297,-1.068671,0.010285,0.568988,0.701827,90.446912,1.466197,-1.063617,-1.063617,1.472754,-1.048956,0.340497,-0.000002,0.298642,0.452907
522,up,0.550000,0.443333,0.550017,0.433082,0.000017,0.139273,0.339839,0.327557,1.459307,-1.071166,0.010221,0.587516,0.703903,90.109499,1.466197,-1.063617,-1.063617,1.472754,-1.048956,0.340497,-0.000002,0.298642,0.452907
523,up,0.550000,0.446667,0.550017,0.436415,0.000017,0.142606,0.339839,0.328724,1.458331,-1.073674,0.012768,1.043357,0.705988,89.769543,1.466197,-1.067640,-1.067640,1.469375,-1.056207,0.340497,-0.000002,0.298642,0.452907
524,up,0.550000,0.450000,0.550017,0.439749,0.000017,0.145939,0.339839,0.329890,1.457370,-1.076195,0.012292,0.412561,0.708082,89.427033,1.462666,-1.071062,-1.071062,1.469375,-1.056207,0.340369,-0.000002,0.301130,0.454456
525,up,0.550000,0.453333,0.550017,0.443082,0.000017,0.149273,0.339839,0.331057,1.456424,-1.078728,0.009886,0.409515,0.710186,89.081955,1.462666,-1.071062,-1.071062,1.469375,-1.056207,0.340369,-0.000002,0.301130,0.454456
526,up,0.550000,0.456667,0.550017,0.446416,0.000017,0.152606,0.339839,0.332224,1.455492,-1.081275,0.012481,0.410909,0.712300,88.734297,1.462666,-1.075147,-1.075147,1.466136,-1.063491,0.340369,-0.000002,0.301130,0.454456
527,up,0.550000,0.460000,0.550017,0.449749,0.000017,0.155940,0.339839,0.333391,1.454575,-1.083834,0.011871,0.430262,0.714422,88.384045,1.459430,-1.078622,-1.078622,1.466136,-1.063491,0.340485,-0.000002,0.304572,0.456830
528,up,0.550000,0.463333,0.550017,0.453082,0.000017,0.159273,0.339839,0.334557,1.453673,-1.086406,0.009682,0.412184,0.716554,88.031184,1.459430,-1.078622,-1.078622,1.466136,-1.063491,0.340485,-0.000002,0.304572,0.456830
529,up,0.550000,0.466667,0.550017,0.456416,0.000017,0.162607,0.339839,0.335724,1.452785,-1.088992,0.012316,0.484474,0.718695,87.675700,1.459430,-1.082770,-1.082770,1.462612,-1.070936,0.340485,-0.000002,0.304572,0.456830
530,up,0.550000,0.470000,0.550017,0.459749,0.000017,0.165940,0.339839,0.336891,1.451912,-1.091590,0.011589,0.418155,0.720845,87.317578,1.459430,-1.086298,-1.086298,1.462612,-1.070936,0.340565,-0.000002,0.308107,0.459254
531,up,0.550000,0.473333,0.550017,0.463083,0.000017,0.169273,0.339839,0.338057,1.451054,-1.094201,0.011516,0.411207,0.723005,86.956800,1.456079,-1.086298,-1.086298,1.462612,-1.070936,0.340565,-0.000002,0.308107,0.459254
532,up,0.550000,0.476667,0.550017,0.466416,0.000017,0.172607,0.339839,0.339224,1.450210,-1.096824,0.012053,0.412500,0.725173,86.593351,1.456079,-1.090508,-1.090508,1.459345,-1.078520,0.340565,-0.000002,0.308107,0.459254
533,up,0.550000,0.480000,0.550017,0.469750,0.000017,0.175940,0.339839,0.340391,1.449381,-1.099461,0.011181,0.421999,0.727349,86.227212,1.456079,-1.094089,-1.094089,1.459345,-1.078520,0.340598,-0.000002,0.311545,0.461593
534,up,0.550000,0.483333,0.550017,0.473083,0.000017,0.179274,0.339839,0.341557,1.448566,-1.102111,0.010991,0.409619,0.729535,85.858366,1.456079,-1.097298,-1.097298,1.459345,-1.078520,0.340598,-0.000002,0.311545,0.461593
535,up,0.550000,0.486667,0.550017,0.476416,0.000017,0.182607,0.339839,0.342724,1.447766,-1.104773,0.011180,0.420163,0.731729,85.486793,1.452754,-1.097298,-1.097298,1.456111,-1.086264,0.340598,-0.000002,0.311545,0.461593
536,up,0.550000,0.490000,0.550017,0.479750,0.000017,0.185941,0.339839,0.343891,1.446980,-1.107449,0.011678,0.410118,0.733932,85.112474,1.452754,-1.101358,-1.101358,1.456111,-1.086264,0.340612,-0.000002,0.315149,0.464042
537,up,0.550000,0.493333,0.550017,0.483083,0.000017,0.189274,0.339839,0.345058,1.446209,-1.110137,0.010950,0.404818,0.736143,84.735389,1.452754,-1.104870,-1.104870,1.456111,-1.086264,0.340612,-0.000002,0.315149,0.464042
538,up,0.550000,0.496667,0.550017,0.486417,0.000017,0.192607,0.339839,0.346224,1.445452,-1.112838,0.010808,0.417474,0.738363,84.355516,1.452754,-1.104870,-1.104870,1.456013,-1.097177,0.340612,-0.000002,0.315149,0.464042
539,up,0.550000,0.500000,0.550017,0.489750,0.000017,0.195941,0.339839,0.347391,1.444710,-1.115552,0.013372,0.410531,0.740591,83.972833,1.449536,-1.109143,-1.109143,1.456013,-1.097177,0.340612,-0.000002,0.318756,0.466499
540,up,0.550000,0.503333,0.550017,0.493084,0.000017,0.199274,0.339839,0.348558,1.443982,-1.118279,0.010692,0.401872,0.742828,83.587318,1.449536,-1.112797,-1.112797,1.456013,-1.097177,0.340612,-0.000002,0.318756,0.466499
541,up,0.550000,0.506667,0.550017,0.496417,0.000017,0.202608,0.339839,0.349724,1.443269,-1.121019,0.010338,0.419862,0.745072,83.198947,1.449536,-1.116086,-1.116086,1.452657,-1.104800,0.340612,-0.000002,0.318756,0.466499
542,up,0.550000,0.510000,0.550017,0.499751,0.000017,0.205941,0.339839,0.350891,1.442570,-1.123772,0.010373,0.418497,0.747325,82.807694,1.449536,-1.116086,-1.116086,1.452657,-1.104800,0.340604,-0.000002,0.322296,0.468920
543,up,0.550000,0.513333,0.550017,0.503084,0.000017,0.209275,0.339839,0.352058,1.441885,-1.126537,0.012953,0.401597,0.749586,82.413536,1.449536,-1.120267,-1.120267,1.452657,-1.104800,0.340604,-0.000002,0.322296,0.468920
544,up,0.550000,0.516667,0.550017,0.506417,0.000017,0.212608,0.339839,0.353225,1.441215,-1.129316,0.012294,0.420069,0.751855,82.016444,1.446208,-1.123886,-1.123886,1.449565,-1.112707,0.340604,-0.000002,0.322296,0.468920
545,up,0.550000,0.520000,0.550017,0.509751,0.000017,0.215942,0.339839,0.354391,1.440559,-1.132107,0.009974,0.423513,0.754131,81.616392,1.446208,-1.127175,-1.127175,1.449565,-1.112707,0.340522,-0.000002,0.325957,0.471384
546,up,0.550000,0.523333,0.550017,0.513084,0.000017,0.219275,0.339839,0.355558,1.439918,-1.134912,0.009971,0.402896,0.756416,81.213351,1.446208,-1.127175,-1.127175,1.449565,-1.112707,0.340522,-0.000002,0.325957,0.471384
547,up,0.550000,0.526667,0.550017,0.516418,0.000017,0.222609,0.339839,0.356725,1.439291,-1.137729,0.012619,0.410824,0.758708,80.807292,1.446208,-1.131396,-1.131396,1.449427,-1.120163,0.340522,-0.000002,0.325957,0.471384
548,up,0.550000,0.530000,0.550017,0.519751,0.000017,0.225942,0.339839,0.357891,1.438678,-1.140559,0.011859,0.416597,0.761008,80.398184,1.446208,-1.135062,-1.135062,1.449427,-1.120163,0.340390,-0.000001,0.331596,0.475206
549,up,0.550000,0.533333,0.550017,0.523085,0.000017,0.229275,0.339839,0.359058,1.438080,-1.143402,0.011646,0.401134,0.763316,79.985995,1.442957,-1.138398,-1.138398,1.449427,-1.120163,0.340390,-0.000001,0.331596,0.475206
550,up,0.550000,0.536667,0.550017,0.526418,0.000017,0.232609,0.339839,0.360225,1.437496,-1.146258,0.009571,0.403707,0.765631,79.570693,1.442957,-1.138398,-1.138398,1.446104,-1.127231,0.340390,-0.000001,0.331596,0.475206
551,up,0.550000,0.540000,0.550017,0.529752,0.000017,0.235942,0.339839,0.361392,1.436926,-1.149127,0.012308,0.417682,0.767954,79.152243,1.442957,-1.142690,-1.142690,1.446104,-1.127231,0.340345,-0.000002,0.333417,0.476447
552,up,0.550000,0.543333,0.550017,0.533085,0.000017,0.239276,0.339839,0.362558,1.436371,-1.152009,0.011412,0.402105,0.770284,78.730610,1.442957,-1.146418,-1.146418,1.446104,-1.127231,0.340345,-0.000002,0.333417,0.476447
553,up,0.550000,0.546667,0.550017,0.536419,0.000017,0.242609,0.339839,0.363725,1.435830,-1.154904,0.011082,0.405538,0.772621,78.305758,1.442957,-1.149812,-1.149812,1.442990,-1.138277,0.340345,-0.000002,0.333417,0.476447
554,up,0.550000,0.550000,0.550017,0.539752,0.000017,0.245943,0.339839,0.364892,1.435303,-1.157812,0.011072,0.420194,0.774966,77.877648,1.442957,-1.153012,-1.153012,1.442990,-1.138277,0.341079,-0.000002,0.337101,0.479554
555,up,0.550000,0.553333,0.550017,0.543086,0.000017,0.249276,0.339839,0.366058,1.434790,-1.160733,0.011238,0.413666,0.777318,77.446241,1.439690,-1.153012,-1.153012,1.442990,-1.138277,0.341079,-0.000002,0.337101,0.479554
556,up,0.550000,0.556667,0.550017,0.546419,0.000017,0.252610,0.339839,0.367225,1.434292,-1.163667,0.011944,0.402751,0.779677,77.011496,1.439690,-1.157274,-1.157274,1.442880,-1.146258,0.341079,-0.000002,0.337101,0.479554
557,up,0.550000,0.560000,0.550017,0.549753,0.000017,0.255943,0.339839,0.368392,1.433808,-1.166614,0.011038,0.414007,0.782044,76.573370,1.439690,-1.161010,-1.161010,1.442880,-1.146258,0.340844,-0.000001,0.342572,0.483250
558,up,0.550000,0.563333,0.550017,0.553086,0.000017,0.259277,0.339839,0.369559,1.433338,-1.169574,0.010663,0.402499,0.784417,76.131821,1.439690,-1.164436,-1.164436,1.442880,-1.146258,0.340844,-0.000001,0.342572,0.483250
559,up,0.550000,0.566667,0.550017,0.556420,0.000018,0.262611,0.339839,0.370725,1.432882,-1.172547,0.010590,0.488347,0.786797,75.686802,1.439690,-1.167680,-1.167680,1.439718,-1.152950,0.340844,-0.000001,0.342572,0.483250
560,up,0.550000,0.570000,0.550017,0.559753,0.000018,0.265944,0.339839,0.371892,1.432440,-1.175533,0.010688,0.407872,0.789184,75.238265,1.439690,-1.167680,-1.167680,1.439718,-1.152950,0.340763,-0.000002,0.344389,0.484482
561,up,0.550000,0.573333,0.550018,0.563087,0.000018,0.269278,0.339839,0.373059,1.432013,-1.178532,0.013293,0.403385,0.791578,74.786163,1.439690,-1.172021,-1.172021,1.439718,-1.152950,0.340763,-0.000002,0.344389,0.484482
562,up,0.550000,0.576667,0.550018,0.566420,0.000018,0.272611,0.339839,0.374226,1.431600,-1.181544,0.012496,0.405940,0.793979,74.330444,1.436454,-1.175830,-1.175830,1.439702,-1.164285,0.340763,-0.000002,0.344389,0.484482
563,up,0.550000,0.580000,0.550018,0.569754,0.000018,0.275945,0.339839,0.375392,1.431201,-1.184570,0.010197,0.418027,0.796387,73.871054,1.436454,-1.179326,-1.179326,1.439702,-1.164285,0.341157,-0.000001,0.347034,0.486642
564,up,0.550000,0.583333,0.550018,0.573087,0.000018,0.279278,0.339839,0.376559,1.430816,-1.187608,0.010019,0.399103,0.798801,73.407940,1.436454,-1.182639,-1.182639,1.439702,-1.164285,0.341157,-0.000001,0.347034,0.486642
565,up,0.550000,0.586667,0.550018,0.576421,0.000018,0.282612,0.339839,0.377726,1.430445,-1.190659,0.010022,0.408204,0.801222,72.941045,1.436454,-1.185847,-1.185847,1.439610,-1.171959,0.341157,-0.000001,0.347034,0.486642
566,up,0.550000,0.590000,0.550018,0.579754,0.000018,0.285945,0.339839,0.378893,1.430088,-1.193724,0.010128,0.421670,0.803649,72.470308,1.436454,-1.185847,-1.185847,1.439610,-1.171959,0.340903,-0.000001,0.350327,0.488819
567,up,0.550000,0.593333,0.550018,0.583088,0.000018,0.289279,0.339839,0.380059,1.429746,-1.196802,0.012846,0.402059,0.806083,71.995669,1.436454,-1.190229,-1.190229,1.439610,-1.171959,0.340903,-0.000001,0.350327,0.488819
568,up,0.550000,0.596667,0.550018,0.586422,0.000019,0.292613,0.339839,0.381226,1.429417,-1.199893,0.011954,0.404563,0.808523,71.517063,1.436454,-1.194094,-1.194094,1.436588,-1.182098,0.340903,-0.000001,0.350327,0.488819
569,up,0.550000,0.600000,0.550018,0.589755,0.000019,0.295946,0.339839,0.382393,1.429103,-1.202997,0.011545,0.419380,0.810970,71.034425,1.436454,-1.197655,-1.197655,1.436588,-1.182098,0.340761,-0.000001,0.354441,0.491677
570,hold_up,0.550000,0.600000,0.550016,0.592562,0.000013,0.297773,0.339839,0.383032,1.428936,-1.204704,0.010305,0.474892,0.812310,71.034425,1.436454,-1.197655,-1.197655,1.436588,-1.182098,0.340761,-0.000001,0.354441,0.491677
571,hold_up,0.550000,0.600000,0.550013,0.594737,0.000008,0.298776,0.339839,0.383383,1.428847,-1.205642,0.011030,0.403159,0.813045,71.034425,1.436454,-1.197655,-1.197655,1.436461,-1.190073,0.340761,-0.000001,0.354441,0.491677
572,hold_up,0.550000,0.600000,0.550010,0.596343,0.000005,0.299327,0.339839,0.383576,1.428798,-1.206159,0.011442,0.509906,0.813448,71.034425,1.436454,-1.201057,-1.201057,1.436461,-1.190073,0.341045,-0.000001,0.357757,0.494269
573,hold_up,0.550000,0.600000,0.550008,0.597494,0.000003,0.299630,0.339839,0.383682,1.428771,-1.206443,0.009382,0.404422,0.813670,71.034425,1.436454,-1.201057,-1.201057,1.436461,-1.190073,0.341045,-0.000001,0.357757,0.494269
574,hold_up,0.550000,0.600000,0.550005,0.598300,0.000001,0.299797,0.339839,0.383740,1.428757,-1.206599,0.009485,0.409826,0.813792,71.034425,1.436454,-1.201057,-1.201057,1.436460,-1.197385,0.341045,-0.000001,0.357757,0.494269
575,hold_up,0.550000,0.600000,0.550004,0.598856,0.000001,0.299888,0.339839,0.383772,1.428749,-1.206685,0.009541,0.406177,0.813859,71.034425,1.436454,-1.201057,-1.201057,1.436460,-1.197385,0.340787,-0.000001,0.360883,0.496359
576,hold_up,0.550000,0.600000,0.550003,0.599235,0.000000,0.299938,0.339839,0.383790,1.428745,-1.206732,0.009573,0.411039,0.813896,71.034425,1.436454,-1.201057,-1.201057,1.436460,-1.197385,0.340787,-0.000001,0.360883,0.496359
577,hold_up,0.550000,0.600000,0.550002,0.599491,0.000000,0.299966,0.339839,0.383800,1.428742,-1.206758,0.009590,0.409965,0.813916,71.034425,1.436454,-1.201057,-1.201057,1.436459,-1.200702,0.340787,-0.000001,0.360883,0.496359
578,hold_up,0.550000,0.600000,0.550001,0.599662,0.000000,0.299981,0.339839,0.383805,1.428741,-1.206772,0.009600,0.424358,0.813927,71.034425,1.436454,-1.201057,-1.201057,1.436459,-1.200702,0.341087,-0.000001,0.364838,0.499447
579,hold_up,0.550000,0.600000,0.550001,0.599777,0.000000,0.299990,0.339839,0.383808,1.428740,-1.206780,0.009605,0.405092,0.813934,71.034425,1.436454,-1.201057,-1.201057,1.436459,-1.200702,0.341087,-0.000001,0.364838,0.499447
580,hold_up,0.550000,0.600000,0.550001,0.599853,0.000000,0.299994,0.339839,0.383810,1.428740,-1.206784,0.009608,0.406386,0.813937,71.034425,1.436454,-1.201057,-1.201057,1.436460,-1.200655,0.341087,-0.000001,0.364838,0.499447
581,hold_up,0.550000,0.600000,0.550000,0.599903,0.000000,0.299997,0.339839,0.383811,1.428739,-1.206787,0.009610,0.418684,0.813939,71.034425,1.436454,-1.201057,-1.201057,1.436460,-1.200655,0.341426,-0.000001,0.367598,0.501697
582,hold_up,0.550000,0.600000,0.550000,0.599937,0.000000,0.299998,0.339839,0.383811,1.428739,-1.206788,0.009611,0.404583,0.813940,71.034425,1.436454,-1.201057,-1.201057,1.436460,-1.200655,0.341426,-0.000001,0.367598,0.501697
583,hold_up,0.550000,0.600000,0.550000,0.599958,0.000000,0.299999,0.339839,0.383811,1.428739,-1.206789,0.009611,0.405385,0.813940,71.034425,1.436454,-1.201057,-1.201057,1.436459,-1.200701,0.341426,-0.000001,0.367598,0.501697
584,hold_up,0.550000,0.600000,0.550000,0.599973,0.000000,0.299999,0.339839,0.383811,1.428739,-1.206789,0.009611,0.412529,0.813941,71.034425,1.436454,-1.201057,-1.201057,1.436459,-1.200701,0.341181,-0.000001,0.371855,0.504659
585,hold_up,0.550000,0.600000,0.550000,0.599982,0.000000,0.300000,0.339839,0.383812,1.428739,-1.206789,0.009611,0.400208,0.813941,71.034425,1.436454,-1.201057,-1.201057,1.436459,-1.200701,0.341181,-0.000001,0.371855,0.504659
586,hold_up,0.550000,0.600000,0.550000,0.599988,0.000000,0.300000,0.339839,0.383812,1.428739,-1.206789,0.009612,0.405960,0.813941,71.034425,1.436454,-1.201057,-1.201057,1.436459,-1.200701,0.341181,-0.000001,0.371855,0.504659
587,hold_up,0.550000,0.600000,0.550000,0.599992,0.000000,0.300000,0.339839,0.383812,1.428739,-1.206789,0.009612,0.417188,0.813941,71.034425,1.436454,-1.201057,-1.201057,1.436459,-1.200701,0.341323,-0.000001,0.375202,0.507226
588,hold_up,0.550000,0.600000,0.550000,0.599995,0.000000,0.300000,0.339839,0.383812,1.428739,-1.206789,0.009612,0.413959,0.813941,71.034425,1.436454,-1.201057,-1.201057,1.436459,-1.200701,0.341323,-0.000001,0.375202,0.507226
589,hold_up,0.550000,0.600000,0.550000,0.599997,0.000000,0.300000,0.339839,0.383812,1.428739,-1.206790,0.009612,0.485985,0.813941,71.034425,1.436454,-1.201057,-1.201057,1.436460,-1.200622,0.341323,-0.000001,0.375202,0.507226
590,hold_up,0.550000,0.600000,0.550000,0.599998,0.000000,0.300000,0.339839,0.383812,1.428739,-1.206790,0.009612,0.406324,0.813941,71.034425,1.436454,-1.201057,-1.201057,1.436460,-1.200622,0.341560,-0.000001,0.377813,0.509319
591,hold_up,0.550000,0.600000,0.550000,0.599999,0.000000,0.300000,0.339839,0.383812,1.428739,-1.206790,0.009612,0.419474,0.813941,71.034425,1.436454,-1.201057,-1.201057,1.436460,-1.200622,0.341560,-0.000001,0.377813,0.509319
592,hold_up,0.550000,0.600000,0.550000,0.599999,0.000000,0.300000,0.339839,0.383812,1.428739,-1.206790,0.009612,0.420426,0.813941,71.034425,1.436454,-1.201057,-1.201057,1.436459,-1.200660,0.341560,-0.000001,0.377813,0.509319
593,hold_up,0.550000,0.600000,0.550000,0.599999,0.000000,0.300000,0.339839,0.383812,1.428739,-1.206790,0.009612,0.424342,0.813941,71.034425,1.436454,-1.201057,-1.201057,1.436459,-1.200660,0.341671,-0.000001,0.379091,0.510342
594,hold_up,0.550000,0.600000,0.550000,0.600000,0.000000,0.300000,0.339839,0.383812,1.428739,-1.206790,0.009612,0.437713,0.813941,71.034425,1.436454,-1.201057,-1.201057,1.436459,-1.200660,0.341671,-0.000001,0.379091,0.510342
595,hold_up,0.550000,0.600000,0.550000,0.600000,0.000000,0.300000,0.339839,0.383812,1.428739,-1.206790,0.009612,0.405283,0.813941,71.034425,1.436454,-1.201057,-1.201057,1.436459,-1.200659,0.341671,-0.000001,0.379091,0.510342
596,hold_up,0.550000,0.600000,0.550000,0.600000,0.000000,0.300000,0.339839,0.383812,1.428739,-1.206790,0.009612,0.437336,0.813941,71.034425,1.436454,-1.201057,-1.201057,1.436459,-1.200659,0.341679,-0.000001,0.379185,0.510417
597,hold_up,0.550000,0.600000,0.550000,0.600000,0.000000,0.300000,0.339839,0.383812,1.428739,-1.206790,0.009612,0.414329,0.813941,71.034425,1.436454,-1.201057,-1.201057,1.436459,-1.200659,0.341679,-0.000001,0.379185,0.510417
598,hold_up,0.550000,0.600000,0.550000,0.600000,0.000000,0.300000,0.339839,0.383812,1.428739,-1.206790,0.009612,0.411125,0.813941,71.034425,1.436454,-1.201057,-1.201057,1.436459,-1.200701,0.341679,-0.000001,0.379185,0.510417
599,hold_up,0.550000,0.600000,0.550000,0.600000,0.000000,0.300000,0.339839,0.383812,1.428739,-1.206790,0.009612,0.420953,0.813941,71.034425,1.436454,-1.201057,-1.201057,1.436459,-1.200701,0.341679,-0.000001,0.379190,0.510421
600,back_to_base3,0.550000,0.595000,0.550001,0.599214,0.000004,0.297754,0.339839,0.383026,1.428938,-1.204686,0.008346,0.413547,0.812290,71.756866,1.436454,-1.201057,-1.201057,1.436459,-1.200701,0.341679,-0.000001,0.379190,0.510421
601,back_to_base3,0.550000,0.590000,0.550005,0.597485,0.000011,0.294275,0.339839,0.381808,1.429258,-1.201439,0.007206,0.777246,0.809738,72.470308,1.436454,-1.201057,-1.201057,1.436460,-1.200659,0.341679,-0.000001,0.379190,0.510421
602,back_to_base3,0.550000,0.585000,0.550010,0.594906,0.000019,0.290115,0.339839,0.380352,1.429662,-1.197576,0.007632,0.415282,0.806695,73.174969,1.436454,-1.201057,-1.201057,1.436460,-1.200659,0.341679,-0.000001,0.379190,0.510421
603,back_to_base3,0.550000,0.580000,0.550016,0.591642,0.000026,0.285580,0.339839,0.378765,1.430127,-1.193387,0.009943,0.417717,0.803388,73.871054,1.436454,-1.201057,-1.201057,1.436460,-1.200659,0.341679,-0.000001,0.379190,0.510421
604,back_to_base3,0.550000,0.575000,0.550021,0.587860,0.000031,0.280836,0.339839,0.377104,1.430641,-1.189033,0.013356,0.419097,0.799941,74.558759,1.436454,-1.196247,-1.196247,1.436459,-1.200701,0.341679,-0.000001,0.379190,0.510421
605,back_to_base3,0.550000,0.570000,0.550026,0.583701,0.000035,0.275978,0.339839,0.375404,1.431197,-1.184600,0.012779,0.421581,0.796422,75.238265,1.436454,-1.191588,-1.191588,1.436459,-1.200701,0.341679,-0.000001,0.379190,0.510421
606,back_to_base3,0.550000,0.565000,0.550030,0.579275,0.000037,0.271056,0.339839,0.373681,1.431791,-1.180138,0.012364,0.414224,0.792872,75.909748,1.436454,-1.187008,-1.187008,1.436459,-1.200701,0.341679,-0.000001,0.379190,0.510421
607,back_to_base3,0.550000,0.560000,0.550033,0.574664,0.000038,0.266099,0.339839,0.371946,1.433381,-1.175370,0.012037,0.318111,0.789310,76.573370,1.436454,-1.182353,-1.182353,1.436458,-1.200492,0.341679,-0.000001,0.379190,0.510421
608,back_to_base3,0.550000,0.555000,0.550035,0.569924,0.000039,0.261122,0.339839,0.370204,1.433957,-1.170881,0.011740,0.318637,0.785749,77.229288,1.436454,-1.177764,-1.177764,1.436458,-1.200492,0.341679,-0.000001,0.379179,0.510413
609,back_to_base3,0.550000,0.550000,0.550036,0.565098,0.000039,0.256135,0.339839,0.368459,1.434566,-1.166419,0.011501,0.327516,0.782195,77.877648,1.436454,-1.173226,-1.173226,1.436458,-1.200492,0.341679,-0.000001,0.379179,0.510413
610,back_to_base3,0.550000,0.545000,0.550037,0.560213,0.000039,0.251142,0.339839,0.366711,1.435203,-1.161982,0.011314,0.318862,0.778653,78.518589,1.436454,-1.168728,-1.168728,1.436462,-1.186194,0.341679,-0.000001,0.379179,0.510413
611,back_to_base3,0.550000,0.540000,0.550038,0.555289,0.000039,0.246145,0.339839,0.364962,1.435868,-1.157569,0.011175,0.323605,0.775124,79.152243,1.436454,-1.164264,-1.164264,1.436462,-1.186194,0.341679,-0.000001,0.379173,0.510408
612,back_to_base3,0.550000,0.535000,0.550038,0.550340,0.000039,0.241147,0.339839,0.363213,1.436559,-1.153180,0.011085,0.375104,0.771610,79.778735,1.436454,-1.159831,-1.159831,1.436462,-1.186194,0.341679,-0.000001,0.379173,0.510408
613,back_to_base3,0.550000,0.530000,0.550038,0.545372,0.000039,0.236147,0.339839,0.361463,1.437275,-1.148815,0.011046,0.330644,0.768112,80.398184,1.436454,-1.155424,-1.155424,1.436463,-1.172500,0.341679,-0.000001,0.379173,0.510408
614,back_to_base3,0.550000,0.525000,0.550038,0.540394,0.000039,0.231148,0.339839,0.359713,1.438016,-1.144473,0.011062,0.313483,0.764631,81.010701,1.436454,-1.151044,-1.151044,1.436463,-1.172500,0.341679,-0.000001,0.379179,0.510413
615,back_to_base3,0.550000,0.520000,0.550038,0.535407,0.000038,0.226147,0.339839,0.357963,1.438781,-1.140154,0.011136,0.335824,0.761166,81.616392,1.436454,-1.146688,-1.146688,1.436463,-1.172500,0.341679,-0.000001,0.379179,0.510413
616,back_to_base3,0.550000,0.515000,0.550038,0.530416,0.000038,0.221147,0.339839,0.356213,1.439571,-1.135858,0.011270,0.321454,0.757718,82.215358,1.436454,-1.142356,-1.142356,1.436467,-1.158933,0.341679,-0.000001,0.379179,0.510413
617,back_to_base3,0.550000,0.510000,0.550038,0.525422,0.000038,0.216147,0.339839,0.354463,1.440385,-1.131585,0.011466,0.325268,0.754287,82.807694,1.436454,-1.138047,-1.138047,1.436467,-1.158933,0.341679,-0.000001,0.379179,0.510413
618,back_to_base3,0.550000,0.505000,0.550038,0.520425,0.000038,0.211146,0.339839,0.352713,1.441224,-1.127334,0.011727,0.333074,0.750874,83.393491,1.436454,-1.133762,-1.133762,1.436467,-1.158933,0.341679,-0.000001,0.379179,0.510413
619,back_to_base3,0.550000,0.500000,0.550038,0.515428,0.000038,0.206146,0.339839,0.350963,1.442086,-1.123106,0.012053,0.387062,0.747479,83.972833,1.436454,-1.129500,-1.129500,1.436467,-1.145993,0.341679,-0.000001,0.379179,0.510413
620,back_to_base3,0.550000,0.495000,0.550038,0.510429,0.000038,0.201145,0.339839,0.349213,1.442974,-1.118901,0.012443,0.471703,0.744102,84.545802,1.436454,-1.125260,-1.125260,1.436467,-1.145993,0.341679,-0.000001,0.379179,0.510413
621,back_to_base3,0.550000,0.490000,0.550038,0.505429,0.000037,0.196145,0.339839,0.347462,1.443885,-1.114719,0.012897,0.438167,0.740744,85.112474,1.436454,-1.121044,-1.121044,1.436467,-1.145993,0.341679,-0.000001,0.379179,0.510413
622,back_to_base3,0.550000,0.485000,0.550038,0.500430,0.000037,0.191145,0.339839,0.345712,1.444820,-1.110559,0.013414,0.421274,0.737404,85.672921,1.439800,-1.116850,-1.116850,1.436471,-1.132885,0.341679,-0.000001,0.379179,0.510413
623,back_to_base3,0.550000,0.480000,0.550038,0.495430,0.000037,0.186144,0.339839,0.343962,1.446365,-1.106842,0.011968,0.430059,0.734083,86.227212,1.439800,-1.112847,-1.112847,1.436471,-1.132885,0.341679,-0.000001,0.379179,0.510413
624,back_to_base3,0.550000,0.475000,0.550037,0.490430,0.000037,0.181144,0.339839,0.342212,1.447371,-1.102766,0.012607,0.419078,0.730781,86.775410,1.439800,-1.108814,-1.108814,1.436471,-1.132885,0.341679,-0.000001,0.379179,0.510413
625,back_to_base3,0.550000,0.470000,0.550037,0.485429,0.000037,0.176143,0.339839,0.340462,1.448395,-1.098700,0.013272,0.452502,0.727498,87.317578,1.443238,-1.104769,-1.104769,1.436606,-1.120188,0.341679,-0.000001,0.379179,0.510413
626,back_to_base3,0.550000,0.465000,0.550037,0.480429,0.000037,0.171143,0.339839,0.338712,1.450043,-1.095079,0.011841,0.442775,0.724235,87.853771,1.443238,-1.100893,-1.100893,1.436606,-1.120188,0.341298,-0.000001,0.374982,0.507046
627,back_to_base3,0.550000,0.460000,0.550037,0.475429,0.000037,0.166143,0.339839,0.336962,1.451130,-1.091083,0.012590,0.439507,0.720992,88.384045,1.443238,-1.096969,-1.096969,1.436606,-1.120188,0.341298,-0.000001,0.374982,0.507046
628,back_to_base3,0.550000,0.455000,0.550037,0.470429,0.000037,0.161142,0.339839,0.335211,1.452232,-1.087094,0.013357,0.420626,0.717770,88.908449,1.446836,-1.093019,-1.093019,1.439956,-1.107977,0.341298,-0.000001,0.374982,0.507046
629,back_to_base3,0.550000,0.450000,0.550037,0.465428,0.000037,0.156142,0.339839,0.333461,1.453989,-1.083564,0.011857,0.418486,0.714567,89.427033,1.446836,-1.089237,-1.089237,1.439956,-1.107977,0.340782,-0.000001,0.370036,0.503049
630,back_to_base3,0.550000,0.445000,0.550037,0.460428,0.000037,0.151142,0.339839,0.331711,1.455153,-1.079641,0.012699,0.424643,0.711386,89.939839,1.450163,-1.085399,-1.085399,1.439956,-1.107977,0.340782,-0.000001,0.370036,0.503049
631,back_to_base3,0.550000,0.440000,0.550037,0.455428,0.000037,0.146141,0.339839,0.329961,1.456923,-1.076136,0.011467,0.514220,0.708225,90.446912,1.450163,-1.081694,-1.081694,1.443535,-1.096145,0.340782,-0.000001,0.370036,0.503049
632,back_to_base3,0.550000,0.435000,0.550037,0.450427,0.000037,0.141141,0.339839,0.328211,1.458140,-1.072265,0.012350,0.447716,0.705086,90.948288,1.450163,-1.077922,-1.077922,1.443535,-1.096145,0.340260,-0.000001,0.365619,0.499454
633,back_to_base3,0.550000,0.430000,0.550037,0.445427,0.000037,0.136141,0.339839,0.326461,1.459370,-1.068397,0.013248,0.430718,0.701969,91.444007,1.453846,-1.074112,-1.074112,1.443535,-1.096145,0.340260,-0.000001,0.365619,0.499454
634,back_to_base3,0.550000,0.425000,0.550037,0.440427,0.000037,0.131140,0.339839,0.324711,1.461276,-1.064992,0.011764,0.419135,0.698873,91.934100,1.453846,-1.070464,-1.070464,1.450331,-1.084590,0.340260,-0.000001,0.365619,0.499454
635,back_to_base3,0.550000,0.420000,0.550037,0.435426,0.000038,0.126140,0.339839,0.322961,1.462565,-1.061186,0.012732,0.423029,0.695799,92.418600,1.457334,-1.066753,-1.066753,1.450331,-1.084590,0.339662,-0.000001,0.361071,0.495724
636,back_to_base3,0.550000,0.415000,0.550037,0.430426,0.000038,0.121140,0.339839,0.321211,1.464495,-1.057813,0.011455,0.446431,0.692748,92.897537,1.457334,-1.063177,-1.063177,1.450331,-1.084590,0.339662,-0.000001,0.361071,0.495724
637,back_to_base3,0.550000,0.410000,0.550038,0.425426,0.000038,0.116140,0.339839,0.319461,1.465837,-1.054058,0.012468,0.430788,0.689720,93.370936,1.460735,-1.059529,-1.059529,1.453968,-1.073487,0.339662,-0.000001,0.361071,0.495724
638,back_to_base3,0.550000,0.405000,0.550038,0.420426,0.000038,0.111139,0.339839,0.317710,1.467805,-1.050722,0.011294,0.420383,0.686715,93.838824,1.460735,-1.056006,-1.056006,1.453968,-1.073487,0.339038,-0.000001,0.356760,0.492163
639,back_to_base3,0.550000,0.400000,0.550038,0.415425,0.000038,0.106139,0.339839,0.315960,1.469198,-1.047014,0.012348,0.431655,0.683733,94.301222,1.464120,-1.052410,-1.052410,1.453968,-1.073487,0.339038,-0.000001,0.356760,0.492163
640,back_to_base3,0.550000,0.395000,0.550038,0.410425,0.000038,0.101139,0.339839,0.314210,1.471216,-1.043722,0.011217,0.421932,0.680775,94.758152,1.464120,-1.048934,-1.048934,1.457552,-1.062559,0.339038,-0.000001,0.356760,0.492163
641,back_to_base3,0.550000,0.390000,0.550038,0.405425,0.000038,0.096139,0.339839,0.312460,1.472658,-1.040060,0.012315,0.425622,0.677841,95.209632,1.467535,-1.045385,-1.045385,1.457552,-1.062559,0.338371,-0.000002,0.352531,0.488644
642,back_to_base3,0.550000,0.385000,0.550038,0.400425,0.000038,0.091138,0.339839,0.310710,1.474734,-1.036815,0.011191,0.451073,0.674931,95.655679,1.467535,-1.041957,-1.041957,1.457552,-1.062559,0.338371,-0.000002,0.352531,0.488644
643,back_to_base3,0.550000,0.380000,0.550038,0.395424,0.000039,0.086138,0.339839,0.308960,1.476226,-1.033199,0.012338,0.415753,0.672046,96.096308,1.471012,-1.038454,-1.038454,1.464205,-1.051949,0.338371,-0.000002,0.352531,0.488644
644,back_to_base3,0.550000,0.375000,0.550039,0.390424,0.000039,0.081138,0.339839,0.307210,1.478365,-1.030007,0.011199,0.416987,0.669185,96.531532,1.471012,-1.035075,-1.035075,1.464205,-1.051949,0.338323,-0.000001,0.347391,0.484915
645,back_to_base3,0.550000,0.370000,0.550039,0.385424,0.000039,0.076138,0.339839,0.305460,1.479907,-1.026438,0.012399,0.434874,0.666350,96.961363,1.474570,-1.031620,-1.031620,1.464205,-1.051949,0.338323,-0.000001,0.347391,0.484915
646,back_to_base3,0.550000,0.365000,0.550039,0.380424,0.000039,0.071138,0.339839,0.303710,1.482113,-1.023301,0.011230,0.423251,0.663541,97.385810,1.474570,-1.028293,-1.028293,1.467755,-1.041389,0.338323,-0.000001,0.347391,0.484915
647,back_to_base3,0.550000,0.360000,0.550039,0.375423,0.000039,0.066137,0.339839,0.301960,1.483706,-1.019779,0.012488,0.437255,0.660757,97.804883,1.478224,-1.024887,-1.024887,1.467755,-1.041389,0.338331,-0.000001,0.342229,0.481237
648,back_to_base3,0.550000,0.355000,0.550039,0.370423,0.000040,0.061137,0.339839,0.300210,1.485982,-1.016699,0.011279,0.426485,0.658000,98.218586,1.478224,-1.021612,-1.021612,1.467755,-1.041389,0.338331,-0.000001,0.342229,0.481237
649,back_to_base3,0.550000,0.350000,0.550039,0.365423,0.000040,0.056137,0.339839,0.298460,1.487625,-1.013225,0.012598,0.481753,0.655269,98.626927,1.481985,-1.018257,-1.018257,1.474706,-1.031033,0.338331,-0.000001,0.342229,0.481237
650,back_to_base3,0.550000,0.345000,0.550040,0.360423,0.000040,0.051137,0.339839,0.296710,1.489974,-1.010205,0.011344,0.442773,0.652565,99.029907,1.481985,-1.015036,-1.015036,1.474706,-1.031033,0.338936,-0.000001,0.336138,0.477354
651,back_to_base3,0.550000,0.340000,0.550040,0.355423,0.000040,0.046137,0.339839,0.294959,1.491668,-1.006778,0.012726,0.445585,0.649888,99.427531,1.485858,-1.011733,-1.011733,1.474706,-1.031033,0.338936,-0.000001,0.336138,0.477354
652,back_to_base3,0.550000,0.335000,0.550040,0.350422,0.000041,0.041136,0.339839,0.293209,1.494090,-1.003818,0.011420,0.428406,0.647239,99.819799,1.489151,-1.011733,-1.011733,1.478478,-1.021031,0.338936,-0.000001,0.336138,0.477354
653,back_to_base3,0.550000,0.330000,0.550040,0.345422,0.000041,0.036136,0.339839,0.291459,1.496830,-0.999997,0.014025,0.582929,0.644618,100.206710,1.489151,-1.007039,-1.007039,1.478478,-1.021031,0.338953,-0.000002,0.330875,0.473674
654,back_to_base3,0.550000,0.325000,0.550041,0.340422,0.000041,0.031136,0.339839,0.289709,1.499014,-0.996866,0.014169,0.579925,0.642025,100.588263,1.493096,-1.002970,-1.002970,1.478478,-1.021031,0.338953,-0.000002,0.330875,0.473674
655,back_to_base3,0.550000,0.320000,0.550041,0.335422,0.000041,0.026136,0.339839,0.287959,1.500824,-0.994770,0.011267,0.432010,0.639461,100.964456,1.493096,-0.999690,-0.999690,1.486099,-1.011187,0.338953,-0.000002,0.330875,0.473674
656,back_to_base3,0.550000,0.315000,0.550041,0.330422,0.000042,0.021136,0.339839,0.286209,1.503484,-0.990693,0.013742,0.572377,0.636925,101.335285,1.497251,-0.996091,-0.996091,1.486099,-1.011187,0.338804,-0.000002,0.326122,0.470259
657,back_to_base3,0.550000,0.310000,0.550042,0.325421,0.000042,0.016135,0.339839,0.285812,1.503466,-0.990533,0.008338,0.348067,0.634419,101.700743,1.497251,-0.996091,-0.996091,1.486099,-1.011187,0.338804,-0.000002,0.326122,0.470259
658,back_to_base3,0.550000,0.305000,0.550042,0.320421,0.000042,0.011135,0.339839,0.285812,1.503466,-0.990533,0.008338,0.357413,0.631943,102.060827,1.497251,-0.996091,-0.996091,1.493310,-1.002361,0.338804,-0.000002,0.326122,0.470259
659,back_to_base3,0.550000,0.300000,0.550042,0.315421,0.000043,0.006135,0.339839,0.285812,1.503466,-0.990533,0.008338,0.341715,0.629496,102.415527,1.497251,-0.996091,-0.996091,1.493310,-1.002361,0.339177,-0.000002,0.320269,0.466490
660,settle3,0.550000,0.300000,0.550038,0.311206,0.000029,0.003377,0.339839,0.285812,1.503466,-0.990533,0.008338,0.339901,0.628148,102.415527,1.497251,-0.996091,-0.996091,1.493310,-1.002361,0.339177,-0.000002,0.320269,0.466490
661,settle3,0.550000,0.300000,0.550031,0.307934,0.000018,0.001858,0.339839,0.285812,1.503466,-0.990533,0.008338,0.331826,0.627406,102.415527,1.497251,-0.996091,-0.996091,1.497306,-0.995757,0.339177,-0.000002,0.320269,0.466490
662,settle3,0.550000,0.300000,0.550024,0.305515,0.000010,0.001022,0.339839,0.285812,1.503466,-0.990533,0.008338,0.452383,0.626998,102.415527,1.497251,-0.996091,-0.996091,1.497306,-0.995757,0.338968,-0.000002,0.315527,0.463094
663,settle3,0.550000,0.300000,0.550017,0.303782,0.000006,0.000562,0.339839,0.285812,1.503466,-0.990533,0.008338,0.342990,0.626773,102.415527,1.497251,-0.996091,-0.996091,1.497306,-0.995757,0.338968,-0.000002,0.315527,0.463094
664,settle3,0.550000,0.300000,0.550012,0.302566,0.000003,0.000309,0.339839,0.285812,1.503466,-0.990533,0.008338,0.320854,0.626649,102.415527,1.497251,-0.996091,-0.996091,1.497304,-0.995786,0.338968,-0.000002,0.315527,0.463094
665,settle3,0.550000,0.300000,0.550009,0.301728,0.000002,0.000170,0.339839,0.285812,1.503466,-0.990533,0.008338,0.337230,0.626581,102.415527,1.497251,-0.996091,-0.996091,1.497304,-0.995786,0.339253,-0.000002,0.309765,0.459398
666,settle3,0.550000,0.300000,0.550006,0.301156,0.000001,0.000094,0.339839,0.285812,1.503466,-0.990533,0.008338,0.455300,0.626544,102.415527,1.497251,-0.996091,-0.996091,1.497304,-0.995786,0.339253,-0.000002,0.309765,0.459398
667,settle3,0.550000,0.300000,0.550004,0.300769,0.000001,0.000051,0.339839,0.285812,1.503466,-0.990533,0.008338,0.323842,0.626523,102.415527,1.497251,-0.996091,-0.996091,1.497304,-0.995785,0.339253,-0.000002,0.309765,0.459398
668,settle3,0.550000,0.300000,0.550003,0.300510,0.000000,0.000028,0.339839,0.285812,1.503466,-0.990533,0.008338,0.318671,0.626512,102.415527,1.497251,-0.996091,-0.996091,1.497304,-0.995785,0.338979,-0.000002,0.305218,0.456142
669,settle3,0.550000,0.300000,0.550002,0.300337,0.000000,0.000016,0.339839,0.285812,1.503466,-0.990533,0.008338,0.327826,0.626506,102.415527,1.497251,-0.996091,-0.996091,1.497304,-0.995785,0.338979,-0.000002,0.305218,0.456142
670,settle3,0.550000,0.300000,0.550001,0.300222,0.000000,0.000009,0.339839,0.285812,1.503466,-0.990533,0.008338,0.331151,0.626502,102.415527,1.497251,-0.996091,-0.996091,1.497311,-0.995746,0.338979,-0.000002,0.305218,0.456142
671,settle3,0.550000,0.300000,0.550001,0.300146,0.000000,0.000005,0.339839,0.285812,1.503466,-0.990533,0.008338,0.333607,0.626501,102.415527,1.497251,-0.996091,-0.996091,1.497311,-0.995746,0.339233,-0.000002,0.299546,0.452556
672,settle3,0.550000,0.300000,0.550001,0.300096,0.000000,0.000003,0.339839,0.285812,1.503466,-0.990533,0.008338,0.392265,0.626499,102.415527,1.497251,-0.996091,-0.996091,1.497311,-0.995746,0.339233,-0.000002,0.299546,0.452556
673,settle3,0.550000,0.300000,0.550000,0.300063,0.000000,0.000001,0.339839,0.285812,1.503466,-0.990533,0.008338,0.320204,0.626499,102.415527,1.497251,-0.996091,-0.996091,1.497304,-0.995785,0.339233,-0.000002,0.299546,0.452556
674,settle3,0.550000,0.300000,0.550000,0.300041,0.000000,0.000001,0.339839,0.285812,1.503466,-0.990533,0.008338,0.317272,0.626499,102.415527,1.497251,-0.996091,-0.996091,1.497304,-0.995785,0.339515,-0.000002,0.294199,0.449248
675,settle3,0.550000,0.300000,0.550000,0.300027,0.000000,0.000000,0.339839,0.285812,1.503466,-0.990533,0.008338,0.362237,0.626498,102.415527,1.497251,-0.996091,-0.996091,1.497304,-0.995785,0.339515,-0.000002,0.294199,0.449248
676,settle3,0.550000,0.300000,0.550000,0.300018,0.000000,0.000000,0.339839,0.285812,1.503466,-0.990533,0.008338,0.330153,0.626498,102.415527,1.497251,-0.996091,-0.996091,1.497304,-0.995785,0.339515,-0.000002,0.294199,0.449248
677,settle3,0.550000,0.300000,0.550000,0.300011,0.000000,0.000000,0.339839,0.285812,1.503466,-0.990533,0.008338,0.325976,0.626498,102.415527,1.497251,-0.996091,-0.996091,1.497304,-0.995785,0.339458,-0.000002,0.290398,0.446725
678,settle3,0.550000,0.300000,0.550000,0.300007,0.000000,0.000000,0.339839,0.285812,1.503466,-0.990533,0.008338,0.356514,0.626498,102.415527,1.497251,-0.996091,-0.996091,1.497304,-0.995785,0.339458,-0.000002,0.290398,0.446725
679,settle3,0.550000,0.300000,0.550000,0.300005,0.000000,0.000000,0.339839,0.285812,1.503466,-0.990533,0.008338,0.328354,0.626498,102.415527,1.497251,-0.996091,-0.996091,1.497304,-0.995785,0.339458,-0.000002,0.290398,0.446725
680,settle3,0.550000,0.300000,0.550000,0.300003,0.000000,0.000000,0.339839,0.285812,1.503466,-0.990533,0.008338,0.323790,0.626498,102.415527,1.497251,-0.996091,-0.996091,1.497304,-0.995785,0.339447,-0.000002,0.290021,0.446471
681,settle3,0.550000,0.300000,0.550000,0.300002,0.000000,0.000000,0.339839,0.285812,1.503466,-0.990533,0.008338,0.328032,0.626498,102.415527,1.497251,-0.996091,-0.996091,1.497304,-0.995785,0.339447,-0.000002,0.290021,0.446471
682,settle3,0.550000,0.300000,0.550000,0.300001,0.000000,0.000000,0.339839,0.285812,1.503466,-0.990533,0.008338,0.326979,0.626498,102.415527,1.497251,-0.996091,-0.996091,1.497310,-0.995749,0.339447,-0.000002,0.290021,0.446471
683,settle3,0.550000,0.300000,0.550000,0.300001,0.000000,0.000000,0.339839,0.285812,1.503466,-0.990533,0.008338,0.310207,0.626498,102.415527,1.497251,-0.996091,-0.996091,1.497310,-0.995749,0.339447,-0.000002,0.290021,0.446471
684,settle3,0.550000,0.300000,0.550000,0.300001,0.000000,0.000000,0.339839,0.285812,1.503466,-0.990533,0.008338,0.335484,0.626498,102.415527,1.497251,-0.996091,-0.996091,1.497310,-0.995749,0.339447,-0.000002,0.290021,0.446471
685,settle3,0.550000,0.300000,0.550000,0.300000,0.000000,0.000000,0.339839,0.285812,1.503466,-0.990533,0.008338,0.324760,0.626498,102.415527,1.497251,-0.996091,-0.996091,1.497310,-0.995749,0.339447,-0.000002,0.290021,0.446471
686,settle3,0.550000,0.300000,0.550000,0.300000,0.000000,0.000000,0.339839,0.285812,1.503466,-0.990533,0.008338,0.328876,0.626498,102.415527,1.497251,-0.996091,-0.996091,1.497310,-0.995749,0.339446,-0.000002,0.290015,0.446467
687,settle3,0.550000,0.300000,0.550000,0.300000,0.000000,0.000000,0.339839,0.285812,1.503466,-0.990533,0.008338,0.346105,0.626498,102.415527,1.497251,-0.996091,-0.996091,1.497310,-0.995749,0.339446,-0.000002,0.290015,0.446467
688,settle3,0.550000,0.300000,0.550000,0.300000,0.000000,0.000000,0.339839,0.285812,1.503466,-0.990533,0.008338,0.348426,0.626498,102.415527,1.497251,-0.996091,-0.996091,1.497311,-0.995749,0.339446,-0.000002,0.290015,0.446467
689,settle3,0.550000,0.300000,0.550000,0.300000,0.000000,0.000000,0.339839,0.285812,1.503466,-0.990533,0.008338,0.332968,0.626498,102.415527,1.497251,-0.996091,-0.996091,1.497311,-0.995749,0.339448,-0.000002,0.290025,0.446474
690,settle3,0.550000,0.300000,0.550000,0.300000,0.000000,0.000000,0.339839,0.285812,1.503466,-0.990533,0.008338,0.348282,0.626498,102.415527,1.497251,-0.996091,-0.996091,1.497311,-0.995749,0.339448,-0.000002,0.290025,0.446474
691,settle3,0.550000,0.300000,0.550000,0.300000,0.000000,0.000000,0.339839,0.285812,1.503466,-0.990533,0.008338,0.311517,0.626498,102.415527,1.497251,-0.996091,-0.996091,1.497304,-0.995786,0.339448,-0.000002,0.290025,0.446474
692,settle3,0.550000,0.300000,0.550000,0.300000,0.000000,0.000000,0.339839,0.285812,1.503466,-0.990533,0.008338,0.313259,0.626498,102.415527,1.497251,-0.996091,-0.996091,1.497304,-0.995786,0.339447,-0.000002,0.290020,0.446471
693,settle3,0.550000,0.300000,0.550000,0.300000,0.000000,0.000000,0.339839,0.285812,1.503466,-0.990533,0.008338,0.344839,0.626498,102.415527,1.497251,-0.996091,-0.996091,1.497304,-0.995786,0.339447,-0.000002,0.290020,0.446471
694,settle3,0.550000,0.300000,0.550000,0.300000,0.000000,0.000000,0.339839,0.285812,1.503466,-0.990533,0.008338,0.330838,0.626498,102.415527,1.497251,-0.996091,-0.996091,1.497305,-0.995781,0.339447,-0.000002,0.290020,0.446471
695,settle3,0.550000,0.300000,0.550000,0.300000,0.000000,0.000000,0.339839,0.285812,1.503466,-0.990533,0.008338,0.332350,0.626498,102.415527,1.497251,-0.996091,-0.996091,1.497305,-0.995781,0.339447,-0.000002,0.290021,0.446471
696,settle3,0.550000,0.300000,0.550000,0.300000,0.000000,0.000000,0.339839,0.285812,1.503466,-0.990533,0.008338,0.353265,0.626498,102.415527,1.497251,-0.996091,-0.996091,1.497305,-0.995781,0.339447,-0.000002,0.290021,0.446471
697,settle3,0.550000,0.300000,0.550000,0.300000,0.000000,0.000000,0.339839,0.285812,1.503466,-0.990533,0.008338,0.327651,0.626498,102.415527,1.497251,-0.996091,-0.996091,1.497310,-0.995749,0.339447,-0.000002,0.290021,0.446471
698,settle3,0.550000,0.300000,0.550000,0.300000,0.000000,0.000000,0.339839,0.285812,1.503466,-0.990533,0.008338,0.315735,0.626498,102.415527,1.497251,-0.996091,-0.996091,1.497310,-0.995749,0.339448,-0.000002,0.290026,0.446475
699,settle3,0.550000,0.300000,0.550000,0.300000,0.000000,0.000000,0.339839,0.285812,1.503466,-0.990533,0.008338,0.343385,0.626498,102.415527,1.497251,-0.996091,-0.996091,1.497310,-0.995749,0.339448,-0.000002,0.290026,0.446475
700,settle3,0.550000,0.300000,0.550000,0.300000,0.000000,0.000000,0.339839,0.285812,1.503466,-0.990533,0.008338,0.317931,0.626498,102.415527,1.497251,-0.996091,-0.996091,1.497304,-0.995786,0.339448,-0.000002,0.290026,0.446475
701,settle3,0.550000,0.300000,0.550000,0.300000,0.000000,0.000000,0.339839,0.285812,1.503466,-0.990533,0.008338,0.317643,0.626498,102.415527,1.497251,-0.996091,-0.996091,1.497304,-0.995786,0.339447,-0.000002,0.290021,0.446471
702,settle3,0.550000,0.300000,0.550000,0.300000,0.000000,0.000000,0.339839,0.285812,1.503466,-0.990533,0.008338,0.344469,0.626498,102.415527,1.497251,-0.996091,-0.996091,1.497304,-0.995786,0.339447,-0.000002,0.290021,0.446471
703,settle3,0.550000,0.300000,0.550000,0.300000,0.000000,0.000000,0.339839,0.285812,1.503466,-0.990533,0.008338,0.338668,0.626498,102.415527,1.497251,-0.996091,-0.996091,1.497311,-0.995745,0.339447,-0.000002,0.290021,0.446471
704,settle3,0.550000,0.300000,0.550000,0.300000,0.000000,0.000000,0.339839,0.285812,1.503466,-0.990533,0.008338,0.316934,0.626498,102.415527,1.497251,-0.996091,-0.996091,1.497311,-0.995745,0.339448,-0.000002,0.290026,0.446475
705,settle3,0.550000,0.300000,0.550000,0.300000,0.000000,0.000000,0.339839,0.285812,1.503466,-0.990533,0.008338,0.342432,0.626498,102.415527,1.497251,-0.996091,-0.996091,1.497311,-0.995745,0.339448,-0.000002,0.290026,0.446475
706,settle3,0.550000,0.300000,0.550000,0.300000,0.000000,0.000000,0.339839,0.285812,1.503466,-0.990533,0.008338,0.327507,0.626498,102.415527,1.497251,-0.996091,-0.996091,1.497304,-0.995786,0.339448,-0.000002,0.290026,0.446475
707,settle3,0.550000,0.300000,0.550000,0.300000,0.000000,0.000000,0.339839,0.285812,1.503466,-0.990533,0.008338,0.330819,0.626498,102.415527,1.497251,-0.996091,-0.996091,1.497304,-0.995786,0.339448,-0.000002,0.290025,0.446475
708,settle3,0.550000,0.300000,0.550000,0.300000,0.000000,0.000000,0.339839,0.285812,1.503466,-0.990533,0.008338,0.367279,0.626498,102.415527,1.497251,-0.996091,-0.996091,1.497304,-0.995786,0.339448,-0.000002,0.290025,0.446475
709,settle3,0.550000,0.300000,0.550000,0.300000,0.000000,0.000000,0.339839,0.285812,1.503466,-0.990533,0.008338,0.385118,0.626498,102.415527,1.497251,-0.996091,-0.996091,1.497304,-0.995785,0.339448,-0.000002,0.290025,0.446475
710,settle3,0.550000,0.300000,0.550000,0.300000,0.000000,0.000000,0.339839,0.285812,1.503466,-0.990533,0.008338,0.339426,0.626498,102.415527,1.497251,-0.996091,-0.996091,1.497304,-0.995785,0.339447,-0.000002,0.290021,0.446471
711,settle3,0.550000,0.300000,0.550000,0.300000,0.000000,0.000000,0.339839,0.285812,1.503466,-0.990533,0.008338,0.343761,0.626498,102.415527,1.497251,-0.996091,-0.996091,1.497304,-0.995785,0.339447,-0.000002,0.290021,0.446471
712,settle3,0.550000,0.300000,0.550000,0.300000,0.000000,0.000000,0.339839,0.285812,1.503466,-0.990533,0.008338,1.067060,0.626498,102.415527,1.497251,-0.996091,-0.996091,1.497311,-0.995749,0.339447,-0.000002,0.290021,0.446471
713,settle3,0.550000,0.300000,0.550000,0.300000,0.000000,0.000000,0.339839,0.285812,1.503466,-0.990533,0.008338,0.333504,0.626498,102.415527,1.497251,-0.996091,-0.996091,1.497311,-0.995749,0.339448,-0.000002,0.290025,0.446474
714,settle3,0.550000,0.300000,0.550000,0.300000,0.000000,0.000000,0.339839,0.285812,1.503466,-0.990533,0.008338,0.357528,0.626498,102.415527,1.497251,-0.996091,-0.996091,1.497311,-0.995749,0.339448,-0.000002,0.290025,0.446474
715,settle3,0.550000,0.300000,0.550000,0.300000,0.000000,0.000000,0.339839,0.285812,1.503466,-0.990533,0.008338,0.318695,0.626498,102.415527,1.497251,-0.996091,-0.996091,1.497304,-0.995785,0.339448,-0.000002,0.290025,0.446474
716,settle3,0.550000,0.300000,0.550000,0.300000,0.000000,0.000000,0.339839,0.285812,1.503466,-0.990533,0.008338,0.320349,0.626498,102.415527,1.497251,-0.996091,-0.996091,1.497304,-0.995785,0.339448,-0.000002,0.290026,0.446475
717,settle3,0.550000,0.300000,0.550000,0.300000,0.000000,0.000000,0.339839,0.285812,1.503466,-0.990533,0.008338,0.342519,0.626498,102.415527,1.497251,-0.996091,-0.996091,1.497304,-0.995785,0.339448,-0.000002,0.290026,0.446475
718,settle3,0.550000,0.300000,0.550000,0.300000,0.000000,0.000000,0.339839,0.285812,1.503466,-0.990533,0.008338,0.316630,0.626498,102.415527,1.497251,-0.996091,-0.996091,1.497309,-0.995759,0.339448,-0.000002,0.290026,0.446475
719,settle3,0.550000,0.300000,0.550000,0.300000,0.000000,0.000000,0.339839,0.285812,1.503466,-0.990533,0.008338,0.314361,0.626498,102.415527,1.497251,-0.996091,-0.996091,1.497309,-0.995759,0.339443,-0.000002,0.289998,0.446453
720,down,0.550000,0.297222,0.550000,0.299563,0.000001,-0.001249,0.339839,0.285812,1.503466,-0.990533,0.008338,0.323761,0.625902,102.610254,1.497251,-0.996091,-0.996091,1.497309,-0.995759,0.339443,-0.000002,0.289998,0.446453
721,down,0.550000,0.294444,0.550002,0.298601,0.000004,-0.003186,0.339839,0.285812,1.503466,-0.990533,0.008338,0.332534,0.624982,102.803316,1.497251,-0.996091,-0.996091,1.497304,-0.995785,0.339443,-0.000002,0.289998,0.446453
722,down,0.550000,0.291667,0.550003,0.297166,0.000006,-0.005500,0.339839,0.285812,1.503466,-0.990533,0.008338,0.318785,0.623889,102.994711,1.497251,-0.996091,-0.996091,1.497304,-0.995785,0.339444,-0.000002,0.290004,0.446458
723,down,0.550000,0.288889,0.550005,0.295350,0.000009,-0.008022,0.339839,0.285812,1.503466,-0.990533,0.008338,0.337684,0.622704,103.184437,1.497251,-0.996091,-0.996091,1.497304,-0.995785,0.339444,-0.000002,0.290004,0.446458
724,down,0.550000,0.286111,0.550007,0.293247,0.000010,-0.010659,0.339839,0.285812,1.503466,-0.990533,0.008338,0.328988,0.621473,103.372493,1.497251,-0.996091,-0.996091,1.497304,-0.995785,0.339444,-0.000002,0.290004,0.446458
725,down,0.550000,0.283333,0.550008,0.290934,0.000011,-0.013360,0.339839,0.285812,1.503466,-0.990533,0.008338,0.325477,0.620222,103.558877,1.497251,-0.996091,-0.996091,1.497304,-0.995785,0.339443,-0.000002,0.289998,0.446453
726,down,0.550000,0.280556,0.550010,0.288474,0.000012,-0.016095,0.339839,0.285812,1.503466,-0.990533,0.008338,0.351014,0.618963,103.743586,1.497251,-0.996091,-0.996091,1.497304,-0.995785,0.339443,-0.000002,0.289998,0.446453
727,down,0.550000,0.277778,0.550011,0.285911,0.000013,-0.018849,0.339839,0.285812,1.503466,-0.990533,0.008338,0.334141,0.617706,103.926620,1.497251,-0.996091,-0.996091,1.497304,-0.995785,0.339443,-0.000002,0.289998,0.446453
728,down,0.550000,0.275000,0.550012,0.283277,0.000013,-0.021614,0.339839,0.285247,1.504179,-0.989691,0.009432,0.322616,0.616452,104.107975,1.497251,-0.996091,-0.996091,1.497304,-0.995785,0.339443,-0.000002,0.289998,0.446453
729,down,0.550000,0.272222,0.550012,0.280596,0.000014,-0.024385,0.339839,0.284277,1.505409,-0.988250,0.011316,0.449827,0.615206,104.287649,1.500514,-0.996091,-0.996091,1.497304,-0.995785,0.339443,-0.000002,0.289998,0.446453
730,down,0.550000,0.269444,0.550013,0.277882,0.000014,-0.027158,0.339839,0.283306,1.507294,-0.985664,0.012437,0.586162,0.613969,104.465641,1.500514,-0.991921,-0.991921,1.497440,-0.995749,0.339443,-0.000002,0.289998,0.446453
731,down,0.550000,0.266667,0.550013,0.275146,0.000014,-0.029934,0.339839,0.282335,1.508005,-0.984852,0.010299,0.413923,0.612741,104.641948,1.500514,-0.991921,-0.991921,1.497440,-0.995749,0.339443,-0.000002,0.289998,0.446453
732,down,0.550000,0.263889,0.550014,0.272396,0.000014,-0.032711,0.339839,0.281363,1.509897,-0.982344,0.013407,0.595663,0.611522,104.816567,1.504267,-0.988090,-0.988090,1.497440,-0.995749,0.339443,-0.000002,0.289998,0.446453
733,down,0.550000,0.261111,0.550014,0.269637,0.000014,-0.035488,0.339839,0.280391,1.510764,-0.981607,0.009178,0.345956,0.610313,104.989497,1.504267,-0.988090,-0.988090,1.500670,-0.995562,0.339443,-0.000002,0.289998,0.446453
734,down,0.550000,0.258333,0.550014,0.266871,0.000014,-0.038265,0.339839,0.279419,1.512543,-0.979060,0.012249,0.605871,0.609115,105.160734,1.507578,-0.984478,-0.984478,1.500670,-0.995562,0.339443,-0.000002,0.289998,0.446453
735,down,0.550000,0.255556,0.550014,0.264101,0.000014,-0.041043,0.339839,0.278447,1.513496,-0.978379,0.008498,0.335102,0.607926,105.330277,1.507578,-0.984478,-0.984478,1.500670,-0.995562,0.339443,-0.000002,0.289998,0.446453
736,down,0.550000,0.252778,0.550014,0.261329,0.000014,-0.043821,0.339839,0.277474,1.515232,-0.975812,0.011562,0.587026,0.606748,105.498122,1.507578,-0.981012,-0.981012,1.504497,-0.987560,0.339443,-0.000002,0.289998,0.446453
737,down,0.550000,0.250000,0.550014,0.258554,0.000014,-0.046598,0.339839,0.276502,1.516592,-0.974202,0.011297,0.591037,0.605581,105.664267,1.511184,-0.981012,-0.981012,1.504497,-0.987560,0.339448,-0.000002,0.290025,0.446474
738,down,0.550000,0.247222,0.550014,0.255779,0.000015,-0.049376,0.339839,0.275530,1.517963,-0.972602,0.010802,0.638637,0.604424,105.828709,1.511184,-0.977648,-0.977648,1.504497,-0.987560,0.339448,-0.000002,0.290025,0.446474
739,down,0.550000,0.244444,0.550014,0.253002,0.000015,-0.052154,0.339839,0.274558,1.519344,-0.971010,0.010519,0.697822,0.603277,105.991445,1.514448,-0.977648,-0.977648,1.507733,-0.983989,0.339448,-0.000002,0.290025,0.446474
740,down,0.550000,0.241667,0.550015,0.250225,0.000015,-0.054932,0.339839,0.273586,1.520736,-0.969429,0.010349,0.569108,0.602142,106.152473,1.514448,-0.974360,-0.974360,1.507733,-0.983989,0.339448,-0.000002,0.290025,0.446475
741,down,0.550000,0.238889,0.550015,0.247448,0.000015,-0.057710,0.339839,0.272613,1.522138,-0.967856,0.010072,0.592145,0.601016,106.311789,1.514448,-0.974360,-0.974360,1.507733,-0.983989,0.339448,-0.000002,0.290025,0.446475
742,down,0.550000,0.236111,0.550015,0.244671,0.000015,-0.060487,0.339839,0.271641,1.523551,-0.966293,0.012164,0.564041,0.599902,106.469392,1.518089,-0.971133,-0.971133,1.511364,-0.977210,0.339448,-0.000002,0.290025,0.446475
743,down,0.550000,0.233333,0.550015,0.241893,0.000015,-0.063265,0.339839,0.270669,1.524323,-0.965614,0.008326,0.309186,0.598799,106.625276,1.518089,-0.971133,-0.971133,1.511364,-0.977210,0.339448,-0.000002,0.290025,0.446475
744,down,0.550000,0.230556,0.550015,0.239115,0.000015,-0.066043,0.339839,0.269697,1.526409,-0.963195,0.011499,0.574271,0.597706,106.779441,1.521417,-0.971133,-0.971133,1.511364,-0.977210,0.339448,-0.000002,0.290025,0.446475
745,down,0.550000,0.227778,0.550015,0.236338,0.000015,-0.068821,0.339839,0.268724,1.527853,-0.961660,0.011453,0.579307,0.596624,106.931882,1.521417,-0.967344,-0.967344,1.514704,-0.973973,0.339448,-0.000002,0.290025,0.446475
746,down,0.550000,0.225000,0.550015,0.233560,0.000015,-0.071599,0.339839,0.267752,1.529309,-0.960135,0.010689,0.570780,0.595553,107.082597,1.521417,-0.967344,-0.967344,1.514704,-0.973973,0.339448,-0.000002,0.290026,0.446475
747,down,0.550000,0.222222,0.550015,0.230782,0.000015,-0.074377,0.339839,0.266780,1.530774,-0.958619,0.012794,1.815331,0.594494,107.231582,1.525160,-0.963854,-0.963854,1.514704,-0.973973,0.339448,-0.000002,0.290026,0.446475
748,down,0.550000,0.219444,0.550015,0.228004,0.000015,-0.077154,0.339839,0.265808,1.532250,-0.957112,0.009784,0.864394,0.593445,107.378835,1.525160,-0.963854,-0.963854,1.521585,-0.970636,0.339448,-0.000002,0.290026,0.446475
749,down,0.550000,0.216667,0.550015,0.225227,0.000015,-0.079932,0.339839,0.264835,1.533737,-0.955615,0.011893,0.590087,0.592407,107.524351,1.528591,-0.960558,-0.960558,1.521585,-0.970636,0.339945,-0.000002,0.289012,0.446195
750,down,0.550000,0.213889,0.550015,0.222449,0.000015,-0.082710,0.339839,0.263863,1.535234,-0.954127,0.009246,0.586673,0.591381,107.668129,1.528591,-0.960558,-0.960558,1.521585,-0.970636,0.339945,-0.000002,0.289012,0.446195
751,down,0.550000,0.211111,0.550015,0.219671,0.000015,-0.085488,0.339839,0.262891,1.536742,-0.952649,0.011358,0.578663,0.590366,107.810164,1.531851,-0.960558,-0.960558,1.525353,-0.963425,0.339945,-0.000002,0.289012,0.446195
752,down,0.550000,0.208333,0.550015,0.216893,0.000015,-0.088266,0.339839,0.261919,1.538261,-0.951181,0.011359,0.576732,0.589363,107.950453,1.531851,-0.956807,-0.956807,1.525353,-0.963425,0.339681,-0.000002,0.285470,0.443707
753,down,0.550000,0.205556,0.550015,0.214115,0.000016,-0.091043,0.339839,0.260946,1.539790,-0.949721,0.010641,0.592320,0.588371,108.088993,1.531851,-0.956807,-0.956807,1.525353,-0.963425,0.339681,-0.000002,0.285470,0.443707
754,down,0.550000,0.202778,0.550015,0.211338,0.000016,-0.093821,0.339839,0.259974,1.541329,-0.948272,0.012755,0.580299,0.587390,108.225781,1.535642,-0.953393,-0.953393,1.528791,-0.960088,0.339681,-0.000002,0.285470,0.443707
755,down,0.550000,0.200000,0.550016,0.208560,0.000016,-0.096599,0.339839,0.259002,1.542879,-0.946832,0.009768,0.566389,0.586421,108.360814,1.535642,-0.953393,-0.953393,1.528791,-0.960088,0.339724,-0.000002,0.282994,0.442152
756,down,0.550000,0.197222,0.550016,0.205782,0.000016,-0.099377,0.339839,0.258030,1.544440,-0.945401,0.011885,0.581462,0.585463,108.494087,1.539161,-0.953393,-0.953393,1.528791,-0.960088,0.339724,-0.000002,0.282994,0.442152
757,down,0.550000,0.194444,0.550016,0.203004,0.000016,-0.102155,0.339839,0.257057,1.546011,-0.943980,0.011641,0.570307,0.584517,108.625598,1.539161,-0.949628,-0.949628,1.532215,-0.956353,0.339724,-0.000002,0.282994,0.442152
758,down,0.550000,0.191667,0.550016,0.200226,0.000016,-0.104933,0.339839,0.256085,1.547592,-0.942568,0.010996,0.584462,0.583583,108.755344,1.542534,-0.949628,-0.949628,1.532215,-0.956353,0.339466,-0.000002,0.279690,0.439845
759,down,0.550000,0.188889,0.550016,0.197448,0.000016,-0.107710,0.339839,0.255113,1.549185,-0.941167,0.010762,0.511646,0.582660,108.883320,1.542534,-0.946244,-0.946244,1.532215,-0.956353,0.339466,-0.000002,0.279690,0.439845
760,down,0.550000,0.186111,0.550016,0.194671,0.000016,-0.110488,0.339839,0.254141,1.550788,-0.939775,0.010487,0.526105,0.581749,109.009523,1.545835,-0.946244,-0.946244,1.539366,-0.952793,0.339466,-0.000002,0.279690,0.439845
761,down,0.550000,0.183333,0.550016,0.191893,0.000016,-0.113266,0.339839,0.253169,1.552401,-0.938392,0.010235,0.508466,0.580850,109.133951,1.545835,-0.946244,-0.946244,1.539366,-0.952793,0.339519,-0.000002,0.277401,0.438434
762,down,0.550000,0.180556,0.550016,0.189115,0.000016,-0.116044,0.339839,0.252196,1.554025,-0.937019,0.012335,0.653820,0.579963,109.256599,1.549111,-0.942554,-0.942554,1.539366,-0.952793,0.339519,-0.000002,0.277401,0.438434
763,down,0.550000,0.177778,0.550016,0.186337,0.000016,-0.118822,0.339839,0.251224,1.555659,-0.935656,0.009511,0.505613,0.579088,109.377465,1.549111,-0.942554,-0.942554,1.542787,-0.945864,0.339519,-0.000002,0.277401,0.438434
764,down,0.550000,0.175000,0.550016,0.183559,0.000016,-0.121600,0.339839,0.250252,1.557304,-0.934302,0.011628,0.509374,0.578225,109.496544,1.552388,-0.939253,-0.939253,1.542787,-0.945864,0.340109,-0.000002,0.274149,0.436843
765,down,0.550000,0.172222,0.550016,0.180781,0.000016,-0.124377,0.339839,0.249280,1.558959,-0.932957,0.009100,0.490974,0.577374,109.613834,1.552388,-0.939253,-0.939253,1.542787,-0.945864,0.340109,-0.000002,0.274149,0.436843
766,down,0.550000,0.169444,0.550016,0.178004,0.000016,-0.127155,0.339839,0.248307,1.560625,-0.931623,0.011228,0.496067,0.576536,109.729330,1.555683,-0.939253,-0.939253,1.549278,-0.942181,0.340109,-0.000002,0.274149,0.436843
767,down,0.550000,0.166667,0.550016,0.175226,0.000017,-0.129933,0.339839,0.247335,1.562301,-0.930298,0.011135,0.504654,0.575709,109.843030,1.555683,-0.935671,-0.935671,1.549278,-0.942181,0.339784,-0.000002,0.270660,0.434408
768,down,0.550000,0.163889,0.550016,0.172448,0.000017,-0.132711,0.339839,0.246363,1.563988,-0.928983,0.010663,0.489393,0.574895,109.954930,1.559005,-0.935671,-0.935671,1.549278,-0.942181,0.339784,-0.000002,0.270660,0.434408
769,down,0.550000,0.161111,0.550017,0.169670,0.000017,-0.135489,0.339839,0.245391,1.565685,-0.927677,0.010417,0.606382,0.574093,110.065027,1.559005,-0.935671,-0.935671,1.552733,-0.938802,0.339784,-0.000002,0.270660,0.434408
770,down,0.550000,0.158333,0.550017,0.166892,0.000017,-0.138267,0.339839,0.244418,1.567393,-0.926382,0.012516,0.514479,0.573303,110.173318,1.562360,-0.931955,-0.931955,1.552733,-0.938802,0.339784,-0.000002,0.268285,0.432932
771,down,0.550000,0.155556,0.550017,0.164114,0.000017,-0.141045,0.339839,0.243446,1.569111,-0.925095,0.009625,0.493820,0.572525,110.279798,1.562360,-0.931955,-0.931955,1.552733,-0.938802,0.339784,-0.000002,0.268285,0.432932
772,down,0.550000,0.152778,0.550017,0.161336,0.000017,-0.143822,0.339839,0.242474,1.570840,-0.923819,0.011752,0.501089,0.571760,110.384465,1.565752,-0.928701,-0.928701,1.559218,-0.935218,0.339784,-0.000002,0.268285,0.432932
773,down,0.550000,0.150000,0.550017,0.158559,0.000017,-0.146600,0.339839,0.241502,1.572579,-0.922552,0.009187,0.505294,0.571008,110.487315,1.565752,-0.928701,-0.928701,1.559218,-0.935218,0.339737,-0.000002,0.266011,0.431490
774,down,0.550000,0.147222,0.550017,0.155781,0.000017,-0.149378,0.339839,0.240529,1.574329,-0.921296,0.011331,0.497178,0.570268,110.588345,1.569183,-0.928701,-0.928701,1.559218,-0.935218,0.339737,-0.000002,0.266011,0.431490
775,down,0.550000,0.144444,0.550017,0.153003,0.000017,-0.152156,0.339839,0.239557,1.576089,-0.920049,0.011070,0.504583,0.569541,110.687552,1.569183,-0.925240,-0.925240,1.562717,-0.931523,0.339737,-0.000002,0.266011,0.431490
776,down,0.550000,0.141667,0.550017,0.150225,0.000017,-0.154934,0.339839,0.238585,1.577859,-0.918811,0.010799,0.496139,0.568826,110.784932,1.572653,-0.925240,-0.925240,1.562717,-0.931523,0.340232,-0.000002,0.262571,0.429769
777,down,0.550000,0.138889,0.550017,0.147447,0.000017,-0.157712,0.339839,0.237613,1.579640,-0.917584,0.010365,0.496631,0.568124,110.880483,1.572653,-0.925240,-0.925240,1.562717,-0.931523,0.340232,-0.000002,0.262571,0.429769
778,down,0.550000,0.136111,0.550017,0.144669,0.000017,-0.160489,0.339839,0.236640,1.581431,-0.916366,0.012482,0.498782,0.567435,110.974200,1.576164,-0.921690,-0.921690,1.569405,-0.928263,0.340232,-0.000002,0.262571,0.429769
779,down,0.550000,0.133333,0.550017,0.141892,0.000017,-0.163267,0.339839,0.235668,1.583233,-0.915158,0.009625,0.511610,0.566758,111.066081,1.576164,-0.921690,-0.921690,1.569405,-0.928263,0.339749,-0.000002,0.259193,0.427329
780,down,0.550000,0.130556,0.550017,0.139114,0.000017,-0.166045,0.339839,0.234696,1.585045,-0.913960,0.011774,0.504903,0.566094,111.156123,1.579717,-0.921690,-0.921690,1.569405,-0.928263,0.339749,-0.000002,0.259193,0.427329
781,down,0.550000,0.127778,0.550017,0.136336,0.000017,-0.168823,0.339839,0.233724,1.586868,-0.912772,0.011432,0.508972,0.565444,111.244322,1.579717,-0.918123,-0.918123,1.573024,-0.924800,0.339749,-0.000002,0.259193,0.427329
782,down,0.550000,0.125000,0.550017,0.133558,0.000017,-0.171601,0.339839,0.232751,1.588701,-0.911593,0.011106,0.502431,0.564806,111.330676,1.583311,-0.918123,-0.918123,1.573024,-0.924800,0.340004,-0.000002,0.255821,0.425497
783,down,0.550000,0.122222,0.550017,0.130780,0.000018,-0.174379,0.339839,0.231779,1.590544,-0.910424,0.010564,0.512538,0.564181,111.415181,1.583311,-0.918123,-0.918123,1.573024,-0.924800,0.340004,-0.000002,0.255821,0.425497
784,down,0.550000,0.119444,0.550017,0.128002,0.000018,-0.177157,0.339839,0.230807,1.592398,-0.909266,0.012690,0.503443,0.563569,111.497834,1.586946,-0.914580,-0.914580,1.579948,-0.921253,0.340004,-0.000002,0.255821,0.425497
785,down,0.550000,0.116667,0.550018,0.125224,0.000018,-0.179934,0.339839,0.229835,1.594262,-0.908117,0.009762,0.510909,0.562970,111.578632,1.586946,-0.914580,-0.914580,1.579948,-0.921253,0.339969,-0.000002,0.253621,0.424149
786,down,0.550000,0.113889,0.550018,0.122447,0.000018,-0.182712,0.339839,0.228862,1.596137,-0.906978,0.011928,0.537526,0.562384,111.657573,1.590622,-0.914580,-0.914580,1.579948,-0.921253,0.339969,-0.000002,0.253621,0.424149
787,down,0.550000,0.111111,0.550018,0.119669,0.000018,-0.185490,0.339839,0.227890,1.598021,-0.905849,0.011445,0.515855,0.561811,111.734653,1.590622,-0.911088,-0.911088,1.583599,-0.917762,0.339969,-0.000002,0.253621,0.424149
788,down,0.550000,0.108333,0.550018,0.116891,0.000018,-0.188268,0.339839,0.226918,1.599917,-0.904730,0.011261,0.659341,0.561252,111.809870,1.594340,-0.911088,-0.911088,1.583599,-0.917762,0.340231,-0.000002,0.250402,0.422443
789,down,0.550000,0.105556,0.550018,0.114113,0.000018,-0.191046,0.339839,0.225946,1.601822,-0.903621,0.010571,0.673979,0.560706,111.883221,1.594340,-0.911088,-0.911088,1.583599,-0.917762,0.340231,-0.000002,0.250402,0.422443
790,down,0.550000,0.102778,0.550018,0.111335,0.000018,-0.193824,0.339839,0.224973,1.603738,-0.902521,0.012716,0.765913,0.560172,111.954703,1.598099,-0.907661,-0.907661,1.590839,-0.914160,0.340231,-0.000002,0.250402,0.422443
791,down,0.550000,0.100000,0.550018,0.108557,0.000018,-0.196602,0.339839,0.224001,1.605664,-0.901432,0.009799,0.660092,0.559653,112.024313,1.598099,-0.907661,-0.907661,1.590839,-0.914160,0.340118,-0.000002,0.248018,0.420943
792,down,0.550000,0.097222,0.550018,0.105779,0.000018,-0.199379,0.339839,0.223029,1.607600,-0.900353,0.011987,0.773748,0.559146,112.092049,1.601899,-0.907661,-0.907661,1.590839,-0.914160,0.340118,-0.000002,0.248018,0.420943
793,down,0.550000,0.094444,0.550018,0.103002,0.000018,-0.202157,0.339839,0.222057,1.609547,-0.899283,0.011343,0.660821,0.558653,112.157908,1.601899,-0.904310,-0.904310,1.594639,-0.910735,0.340118,-0.000002,0.248018,0.420943
794,down,0.550000,0.091667,0.550018,0.100224,0.000018,-0.204935,0.339839,0.221084,1.611503,-0.898224,0.011370,0.651288,0.558173,112.221887,1.605741,-0.904310,-0.904310,1.594639,-0.910735,0.340390,-0.000002,0.244818,0.419286
795,down,0.550000,0.088889,0.550018,0.097446,0.000018,-0.207713,0.339839,0.220112,1.613470,-0.897175,0.010519,0.679937,0.557707,112.283985,1.605741,-0.904310,-0.904310,1.594639,-0.910735,0.340390,-0.000002,0.244818,0.419286
796,down,0.550000,0.086111,0.550018,0.094668,0.000018,-0.210491,0.339839,0.219140,1.615448,-0.896135,0.012690,0.647514,0.557254,112.344198,1.609624,-0.901040,-0.901040,1.602148,-0.907244,0.340390,-0.000002,0.244818,0.419286
797,down,0.550000,0.083333,0.550018,0.091890,0.000018,-0.213269,0.339839,0.218168,1.617435,-0.895106,0.009810,0.675217,0.556815,112.402524,1.609624,-0.901040,-0.901040,1.602148,-0.907244,0.340294,-0.000002,0.242480,0.417848
798,down,0.550000,0.080556,0.550018,0.089112,0.000018,-0.216047,0.339839,0.217195,1.619433,-0.894087,0.012024,0.672154,0.556389,112.458962,1.613547,-0.901040,-0.901040,1.602148,-0.907244,0.340294,-0.000002,0.242480,0.417848
799,down,0.550000,0.077778,0.550018,0.086334,0.000018,-0.218824,0.339839,0.216223,1.621441,-0.893078,0.011212,0.801611,0.555976,112.513508,1.613547,-0.901040,-0.901040,1.606158,-0.903895,0.340294,-0.000002,0.242480,0.417848
800,down,0.550000,0.075000,0.550018,0.083557,0.000018,-0.221602,0.339839,0.215251,1.623459,-0.892078,0.013362,0.664057,0.555578,112.566161,1.617512,-0.897455,-0.897455,1.606158,-0.903895,0.340506,-0.000002,0.239080,0.416057
801,down,0.550000,0.072222,0.550018,0.080779,0.000018,-0.224380,0.339839,0.214279,1.625487,-0.891089,0.010204,0.679007,0.555192,112.616918,1.617512,-0.897455,-0.897455,1.606158,-0.903895,0.340506,-0.000002,0.239080,0.416057
802,down,0.550000,0.069444,0.550018,0.078001,0.000018,-0.227158,0.339839,0.213306,1.627525,-0.890110,0.012418,0.661794,0.554821,112.665777,1.621517,-0.897455,-0.897455,1.613748,-0.900691,0.340506,-0.000002,0.239080,0.416057
803,down,0.550000,0.066667,0.550018,0.075223,0.000019,-0.229936,0.339839,0.212334,1.629573,-0.889141,0.011577,0.684873,0.554463,112.712737,1.624740,-0.894130,-0.894130,1.613748,-0.900691,0.340360,-0.000002,0.236727,0.414590
804,down,0.550000,0.063889,0.550018,0.072445,0.000019,-0.232714,0.339839,0.211362,1.631632,-0.888182,0.009104,0.688111,0.554119,112.757795,1.624740,-0.894130,-0.894130,1.613748,-0.900691,0.340360,-0.000002,0.236727,0.414590
805,down,0.550000,0.061111,0.550019,0.069667,0.000019,-0.235492,0.339839,0.210390,1.633700,-0.887234,0.011307,0.674368,0.553789,112.800950,1.628324,-0.894130,-0.894130,1.617894,-0.897056,0.340360,-0.000002,0.236727,0.414590
806,down,0.550000,0.058333,0.550019,0.066889,0.000019,-0.238270,0.339839,0.209417,1.635779,-0.886295,0.010815,0.667348,0.553472,112.842199,1.628324,-0.894130,-0.894130,1.617894,-0.897056,0.340534,-0.000002,0.233315,0.412795
807,down,0.550000,0.055556,0.550019,0.064112,0.000019,-0.241047,0.339839,0.208445,1.637868,-0.885367,0.012957,0.677079,0.553169,112.881542,1.632141,-0.890625,-0.890625,1.617894,-0.897056,0.340534,-0.000002,0.233315,0.412795
808,down,0.550000,0.052778,0.550019,0.061334,0.000019,-0.243825,0.339839,0.207473,1.639966,-0.884448,0.009969,0.682639,0.552880,112.918976,1.632141,-0.890625,-0.890625,1.625041,-0.893788,0.340534,-0.000002,0.233315,0.412795
809,down,0.550000,0.050000,0.550019,0.058556,0.000019,-0.246603,0.339839,0.206501,1.642075,-0.883540,0.012201,0.657300,0.552605,112.954499,1.636115,-0.890625,-0.890625,1.625041,-0.893788,0.340375,-0.000002,0.230851,0.411275
810,hold_down,0.550000,0.050000,0.550017,0.056215,0.000013,-0.248132,0.339839,0.205966,1.643239,-0.883045,0.010402,0.708359,0.552453,112.954499,1.636115,-0.890625,-0.890625,1.625041,-0.893788,0.340375,-0.000002,0.230851,0.411275
811,hold_down,0.550000,0.050000,0.550014,0.054400,0.000008,-0.248972,0.339839,0.205671,1.643881,-0.882774,0.011043,0.650553,0.552370,112.954499,1.636115,-0.890625,-0.890625,1.632384,-0.890364,0.340375,-0.000002,0.230851,0.411275
812,hold_down,0.550000,0.050000,0.550010,0.053058,0.000005,-0.249435,0.339839,0.205509,1.644235,-0.882625,0.011399,0.678295,0.552324,112.954499,1.639363,-0.890625,-0.890625,1.632384,-0.890364,0.340541,-0.000002,0.227378,0.409474
813,hold_down,0.550000,0.050000,0.550008,0.052096,0.000003,-0.249689,0.339839,0.205420,1.644429,-0.882543,0.009538,0.652778,0.552299,112.954499,1.639363,-0.887392,-0.887392,1.632384,-0.890364,0.340541,-0.000002,0.227378,0.409474
814,hold_down,0.550000,0.050000,0.550005,0.051422,0.000001,-0.249829,0.339839,0.205372,1.644536,-0.882498,0.007121,0.653749,0.552285,112.954499,1.639363,-0.887392,-0.887392,1.636357,-0.890224,0.340541,-0.000002,0.227378,0.409474
815,hold_down,0.550000,0.050000,0.550004,0.050957,0.000001,-0.249906,0.339839,0.205345,1.644595,-0.882474,0.007181,0.661752,0.552277,112.954499,1.639363,-0.887392,-0.887392,1.636357,-0.890224,0.340374,-0.000002,0.224979,0.408007
816,hold_down,0.550000,0.050000,0.550003,0.050640,0.000000,-0.249948,0.339839,0.205330,1.644628,-0.882460,0.007214,0.670211,0.552273,112.954499,1.639363,-0.887392,-0.887392,1.636357,-0.890224,0.340374,-0.000002,0.224979,0.408007
817,hold_down,0.550000,0.050000,0.550002,0.050426,0.000000,-0.249972,0.339839,0.205322,1.644645,-0.882453,0.007232,0.656080,0.552271,112.954499,1.639363,-0.887392,-0.887392,1.639469,-0.887151,0.340374,-0.000002,0.224979,0.408007
818,hold_down,0.550000,0.050000,0.550001,0.050283,0.000000,-0.249984,0.339839,0.205317,1.644655,-0.882448,0.007242,0.651393,0.552270,112.954499,1.639363,-0.887392,-0.887392,1.639469,-0.887151,0.340527,-0.000002,0.221545,0.406252
819,hold_down,0.550000,0.050000,0.550001,0.050187,0.000000,-0.249991,0.339839,0.205315,1.644661,-0.882446,0.007248,0.675662,0.552269,112.954499,1.639363,-0.887392,-0.887392,1.639469,-0.887151,0.340527,-0.000002,0.221545,0.406252
820,hold_down,0.550000,0.050000,0.550001,0.050123,0.000000,-0.249995,0.339839,0.205313,1.644663,-0.882445,0.007251,0.651775,0.552269,112.954499,1.639363,-0.887392,-0.887392,1.639483,-0.887120,0.340527,-0.000002,0.221545,0.406252
821,hold_down,0.550000,0.050000,0.550000,0.050081,0.000000,-0.249997,0.339839,0.205313,1.644665,-0.882444,0.007252,0.654679,0.552268,112.954499,1.639363,-0.887392,-0.887392,1.639483,-0.887120,0.340301,-0.000002,0.219032,0.404697
822,hold_down,0.550000,0.050000,0.550000,0.050053,0.000000,-0.249999,0.339839,0.205312,1.644666,-0.882444,0.007253,0.677311,0.552268,112.954499,1.639363,-0.887392,-0.887392,1.639483,-0.887120,0.340301,-0.000002,0.219032,0.404697
823,hold_down,0.550000,0.050000,0.550000,0.050035,0.000000,-0.249999,0.339839,0.205312,1.644667,-0.882444,0.007254,0.661276,0.552268,112.954499,1.639363,-0.887392,-0.887392,1.639469,-0.887151,0.340301,-0.000002,0.219032,0.404697
824,hold_down,0.550000,0.050000,0.550000,0.050023,0.000000,-0.250000,0.339839,0.205312,1.644667,-0.882444,0.007254,0.660856,0.552268,112.954499,1.639363,-0.887392,-0.887392,1.639469,-0.887151,0.340331,-0.000002,0.215665,0.402910
825,hold_down,0.550000,0.050000,0.550000,0.050015,0.000000,-0.250000,0.339839,0.205312,1.644667,-0.882444,0.007254,0.665021,0.552268,112.954499,1.639363,-0.887392,-0.887392,1.639469,-0.887151,0.340331,-0.000002,0.215665,0.402910
826,hold_down,0.550000,0.050000,0.550000,0.050010,0.000000,-0.250000,0.339839,0.205312,1.644667,-0.882443,0.007254,0.651123,0.552268,112.954499,1.639363,-0.887392,-0.887392,1.639483,-0.887120,0.340331,-0.000002,0.215665,0.402910
827,hold_down,0.550000,0.050000,0.550000,0.050006,0.000000,-0.250000,0.339839,0.205312,1.644667,-0.882443,0.007254,0.652026,0.552268,112.954499,1.639363,-0.887392,-0.887392,1.639483,-0.887120,0.340344,-0.000002,0.212098,0.401024
828,hold_down,0.550000,0.050000,0.550000,0.050004,0.000000,-0.250000,0.339839,0.205312,1.644667,-0.882443,0.007254,0.666940,0.552268,112.954499,1.639363,-0.887392,-0.887392,1.639483,-0.887120,0.340344,-0.000002,0.212098,0.401024
829,hold_down,0.550000,0.050000,0.550000,0.050003,0.000000,-0.250000,0.339839,0.205312,1.644667,-0.882443,0.007254,0.682401,0.552268,112.954499,1.639363,-0.887392,-0.887392,1.639469,-0.887151,0.340344,-0.000002,0.212098,0.401024
830,hold_down,0.550000,0.050000,0.550000,0.050002,0.000000,-0.250000,0.339839,0.205312,1.644667,-0.882443,0.007254,0.673314,0.552268,112.954499,1.639363,-0.887392,-0.887392,1.639469,-0.887151,0.340670,-0.000002,0.210598,0.400509
831,hold_down,0.550000,0.050000,0.550000,0.050001,0.000000,-0.250000,0.339839,0.205312,1.644667,-0.882443,0.007254,0.668616,0.552268,112.954499,1.639363,-0.887392,-0.887392,1.639469,-0.887151,0.340670,-0.000002,0.210598,0.400509
832,hold_down,0.550000,0.050000,0.550000,0.050001,0.000000,-0.250000,0.339839,0.205312,1.644667,-0.882443,0.007254,0.680579,0.552268,112.954499,1.639363,-0.887392,-0.887392,1.639470,-0.887150,0.340670,-0.000002,0.210598,0.400509
833,hold_down,0.550000,0.050000,0.550000,0.050000,0.000000,-0.250000,0.339839,0.205312,1.644667,-0.882443,0.007254,1.065998,0.552268,112.954499,1.639363,-0.887392,-0.887392,1.639470,-0.887150,0.340376,-0.000002,0.208621,0.399223
834,hold_down,0.550000,0.050000,0.550000,0.050000,0.000000,-0.250000,0.339839,0.205312,1.644667,-0.882443,0.007254,0.662312,0.552268,112.954499,1.639363,-0.887392,-0.887392,1.639470,-0.887150,0.340376,-0.000002,0.208621,0.399223
835,hold_down,0.550000,0.050000,0.550000,0.050000,0.000000,-0.250000,0.339839,0.205312,1.644667,-0.882443,0.007254,0.669405,0.552268,112.954499,1.639363,-0.887392,-0.887392,1.639469,-0.887150,0.340376,-0.000002,0.208621,0.399223
836,hold_down,0.550000,0.050000,0.550000,0.050000,0.000000,-0.250000,0.339839,0.205312,1.644667,-0.882443,0.007254,0.683318,0.552268,112.954499,1.639363,-0.887392,-0.887392,1.639469,-0.887150,0.340351,-0.000002,0.208478,0.399127
837,hold_down,0.550000,0.050000,0.550000,0.050000,0.000000,-0.250000,0.339839,0.205312,1.644667,-0.882443,0.007254,0.673366,0.552268,112.954499,1.639363,-0.887392,-0.887392,1.639469,-0.887150,0.340351,-0.000002,0.208478,0.399127
838,hold_down,0.550000,0.050000,0.550000,0.050000,0.000000,-0.250000,0.339839,0.205312,1.644667,-0.882443,0.007254,0.659955,0.552268,112.954499,1.639363,-0.887392,-0.887392,1.639483,-0.887120,0.340351,-0.000002,0.208478,0.399127
839,hold_down,0.550000,0.050000,0.550000,0.050000,0.000000,-0.250000,0.339839,0.205312,1.644667,-0.882443,0.007254,0.673478,0.552268,112.954499,1.639363,-0.887392,-0.887392,1.639483,-0.887120,0.340352,-0.000002,0.208483,0.399130
840,back_to_base4,0.550000,0.054167,0.550001,0.050656,0.000004,-0.248125,0.339839,0.205968,1.643234,-0.883047,0.005819,0.681239,0.552445,112.900497,1.639363,-0.887392,-0.887392,1.639483,-0.887120,0.340352,-0.000002,0.208483,0.399130
841,back_to_base4,0.550000,0.058333,0.550005,0.052100,0.000011,-0.245218,0.339839,0.206985,1.641022,-0.883992,0.003783,0.652092,0.552733,112.842199,1.639363,-0.887392,-0.887392,1.639469,-0.887151,0.340352,-0.000002,0.208483,0.399130
842,back_to_base4,0.550000,0.062500,0.550010,0.054255,0.000019,-0.241743,0.339839,0.208202,1.638392,-0.885136,0.002456,0.682766,0.553096,112.779610,1.639363,-0.887392,-0.887392,1.639469,-0.887151,0.340352,-0.000002,0.208483,0.399130
843,back_to_base4,0.550000,0.066667,0.550016,0.056981,0.000026,-0.237957,0.339839,0.209527,1.635545,-0.886400,0.003945,0.690514,0.553514,112.712737,1.639363,-0.887392,-0.887392,1.639469,-0.887151,0.340352,-0.000002,0.208483,0.399130
844,back_to_base4,0.550000,0.070833,0.550021,0.060138,0.000031,-0.233999,0.339839,0.210912,1.632501,-0.889111,0.007074,0.332931,0.553977,112.641585,1.639363,-0.887392,-0.887392,1.639469,-0.887150,0.340352,-0.000002,0.208483,0.399130
845,back_to_base4,0.550000,0.075000,0.550026,0.063608,0.000035,-0.229947,0.339839,0.212330,1.629983,-0.890565,0.009902,0.318124,0.554478,112.566161,1.635611,-0.887392,-0.887392,1.639469,-0.887150,0.340352,-0.000002,0.208483,0.399130
846,back_to_base4,0.550000,0.079167,0.550030,0.067300,0.000038,-0.225843,0.339839,0.213766,1.626694,-0.891621,0.009869,0.389123,0.555014,112.486471,1.632044,-0.887392,-0.887392,1.639469,-0.887150,0.340352,-0.000002,0.208483,0.399130
847,back_to_base4,0.550000,0.083333,0.550033,0.071146,0.000039,-0.221711,0.339839,0.215213,1.623440,-0.892722,0.010122,0.336888,0.555583,112.402524,1.628602,-0.887392,-0.887392,1.639265,-0.887150,0.340352,-0.000002,0.208483,0.399130
848,back_to_base4,0.550000,0.087500,0.550036,0.075098,0.000040,-0.217563,0.339839,0.216665,1.620215,-0.893858,0.010590,0.309815,0.556183,112.314327,1.625248,-0.887392,-0.887392,1.639265,-0.887150,0.340351,-0.000002,0.208478,0.399127
849,back_to_base4,0.550000,0.091667,0.550037,0.079121,0.000040,-0.213407,0.339839,0.218119,1.617018,-0.895020,0.011221,0.326266,0.556815,112.221887,1.621956,-0.887392,-0.887392,1.639265,-0.887150,0.340351,-0.000002,0.208478,0.399127
850,back_to_base4,0.550000,0.095833,0.550039,0.083193,0.000041,-0.209245,0.339839,0.219576,1.613846,-0.896207,0.011978,0.427953,0.557478,112.125213,1.618712,-0.890918,-0.890918,1.631836,-0.887112,0.340351,-0.000002,0.208478,0.399127
851,back_to_base4,0.550000,0.100000,0.550039,0.087297,0.000041,-0.205082,0.339839,0.221033,1.611101,-0.898153,0.010501,0.312511,0.558171,112.024313,1.618712,-0.890918,-0.890918,1.631836,-0.887112,0.340351,-0.000002,0.208478,0.399127
852,back_to_base4,0.550000,0.104167,0.550040,0.091422,0.000041,-0.200916,0.339839,0.222491,1.608611,-0.899748,0.013417,0.432574,0.558894,111.919196,1.614671,-0.894450,-0.894450,1.631836,-0.887112,0.340351,-0.000002,0.208478,0.399127
853,back_to_base4,0.550000,0.108333,0.550040,0.095562,0.000041,-0.196750,0.339839,0.223949,1.605737,-0.901635,0.011465,0.335695,0.559648,111.809870,1.611098,-0.894450,-0.894450,1.621853,-0.887343,0.340351,-0.000002,0.208478,0.399127
854,back_to_base4,0.550000,0.112500,0.550040,0.099711,0.000041,-0.192584,0.339839,0.225407,1.602566,-0.902847,0.011971,0.428764,0.560431,111.696346,1.607685,-0.897809,-0.897809,1.621853,-0.887343,0.340352,-0.000002,0.208483,0.399130
855,back_to_base4,0.550000,0.116667,0.550040,0.103866,0.000041,-0.188417,0.339839,0.226866,1.599828,-0.904799,0.010516,0.329547,0.561244,111.578632,1.607685,-0.897809,-0.897809,1.621853,-0.887343,0.340352,-0.000002,0.208483,0.399130
856,back_to_base4,0.550000,0.120833,0.550040,0.108025,0.000040,-0.184251,0.339839,0.228324,1.597394,-0.906451,0.013439,0.441833,0.562087,111.456739,1.603568,-0.901266,-0.901266,1.614583,-0.894285,0.340352,-0.000002,0.208483,0.399130
857,back_to_base4,0.550000,0.125000,0.550040,0.112187,0.000040,-0.180084,0.339839,0.229782,1.594558,-0.908371,0.011475,0.344669,0.562960,111.330676,1.599964,-0.901266,-0.901266,1.614583,-0.894285,0.340353,-0.000002,0.208486,0.399133
858,back_to_base4,0.550000,0.129167,0.550040,0.116351,0.000040,-0.175917,0.339839,0.231241,1.591441,-0.909635,0.011946,0.428131,0.563862,111.200453,1.596555,-0.904614,-0.904614,1.614583,-0.894285,0.340353,-0.000002,0.208486,0.399133
859,back_to_base4,0.550000,0.133333,0.550040,0.120515,0.000040,-0.171750,0.339839,0.232699,1.588764,-0.911642,0.010493,0.516125,0.564794,111.066081,1.596555,-0.904614,-0.904614,1.607470,-0.897746,0.340353,-0.000002,0.208486,0.399133
860,back_to_base4,0.550000,0.137500,0.550040,0.124681,0.000040,-0.167583,0.339839,0.234158,1.586387,-0.913351,0.013406,0.444612,0.565754,110.927571,1.592488,-0.908109,-0.908109,1.607470,-0.897746,0.340351,-0.000002,0.208478,0.399127
861,back_to_base4,0.550000,0.141667,0.550040,0.128847,0.000039,-0.163416,0.339839,0.235616,1.583629,-0.915342,0.011437,0.336029,0.566744,110.784932,1.588944,-0.908109,-0.908109,1.607470,-0.897746,0.340351,-0.000002,0.208478,0.399127
862,back_to_base4,0.550000,0.145833,0.550040,0.133013,0.000039,-0.159249,0.339839,0.237074,1.580585,-0.916668,0.011964,0.445938,0.567762,110.638177,1.585601,-0.911532,-0.911532,1.596407,-0.904430,0.340351,-0.000002,0.208478,0.399127
863,back_to_base4,0.550000,0.150000,0.550039,0.137180,0.000039,-0.155082,0.339839,0.238533,1.577993,-0.918755,0.010491,0.310701,0.568809,110.487315,1.585601,-0.911532,-0.911532,1.596407,-0.904430,0.340351,-0.000002,0.208478,0.399127
864,back_to_base4,0.550000,0.154167,0.550039,0.141347,0.000039,-0.150915,0.339839,0.239991,1.575674,-0.920519,0.013390,0.436763,0.569885,110.332358,1.581630,-0.915127,-0.915127,1.596407,-0.904430,0.340351,-0.000002,0.208478,0.399127
865,back_to_base4,0.550000,0.158333,0.550039,0.145513,0.000039,-0.146748,0.339839,0.241450,1.573010,-0.922599,0.011408,0.425691,0.570989,110.173318,1.578182,-0.915127,-0.915127,1.588830,-0.908044,0.340351,-0.000002,0.208478,0.399127
866,back_to_base4,0.550000,0.162500,0.550039,0.149680,0.000038,-0.142582,0.339839,0.242908,1.570047,-0.923989,0.012030,0.439147,0.572121,110.010205,1.574928,-0.918672,-0.918672,1.588830,-0.908044,0.339772,-0.000002,0.210754,0.399828
867,back_to_base4,0.550000,0.166667,0.550039,0.153847,0.000038,-0.138415,0.339839,0.244367,1.567549,-0.926169,0.010519,0.331518,0.573282,109.843030,1.574928,-0.918672,-0.918672,1.588830,-0.908044,0.339772,-0.000002,0.210754,0.399828
868,back_to_base4,0.550000,0.170833,0.550038,0.158014,0.000038,-0.134248,0.339839,0.245825,1.565289,-0.927987,0.013404,0.430500,0.574470,109.671806,1.571073,-0.922398,-0.922398,1.581737,-0.914747,0.339772,-0.000002,0.210754,0.399828
869,back_to_base4,0.550000,0.175000,0.550038,0.162181,0.000038,-0.130081,0.339839,0.247283,1.562727,-0.930164,0.011400,0.438353,0.575686,109.496544,1.567734,-0.922398,-0.922398,1.581737,-0.914747,0.338863,-0.000002,0.214214,0.400894
870,back_to_base4,0.550000,0.179167,0.550038,0.166347,0.000038,-0.125914,0.339839,0.248742,1.559848,-0.931619,0.012134,0.427020,0.576929,109.317255,1.567734,-0.926086,-0.926086,1.581737,-0.914747,0.338863,-0.000002,0.214214,0.400894
871,back_to_base4,0.550000,0.183333,0.550038,0.170514,0.000037,-0.121747,0.339839,0.250200,1.558061,-0.934265,0.012667,0.429175,0.578200,109.133951,1.563865,-0.929358,-0.929358,1.574820,-0.918606,0.338863,-0.000002,0.214214,0.400894
872,back_to_base4,0.550000,0.187500,0.550038,0.174681,0.000037,-0.117580,0.339839,0.251659,1.555492,-0.936384,0.010931,0.304306,0.579498,108.946643,1.560516,-0.929358,-0.929358,1.574820,-0.918606,0.339406,-0.000002,0.218582,0.403701
873,back_to_base4,0.550000,0.191667,0.550037,0.178848,0.000037,-0.113413,0.339839,0.253117,1.552658,-0.937878,0.011590,0.429599,0.580823,108.755344,1.560516,-0.932766,-0.932766,1.574820,-0.918606,0.339406,-0.000002,0.218582,0.403701
874,back_to_base4,0.550000,0.195833,0.550037,0.183015,0.000037,-0.109247,0.339839,0.254575,1.550884,-0.940506,0.012356,0.418623,0.582175,108.560063,1.556663,-0.932766,-0.932766,1.567648,-0.925964,0.339406,-0.000002,0.218582,0.403701
875,back_to_base4,0.550000,0.200000,0.550037,0.187182,0.000036,-0.105080,0.339839,0.256034,1.547984,-0.941966,0.012648,0.415058,0.583553,108.360814,1.553192,-0.936446,-0.936446,1.567648,-0.925964,0.339386,-0.000002,0.222004,0.405547
876,back_to_base4,0.550000,0.204167,0.550037,0.191349,0.000036,-0.100913,0.339839,0.257492,1.545604,-0.944273,0.010901,0.326921,0.584958,108.157607,1.553192,-0.936446,-0.936446,1.567648,-0.925964,0.339386,-0.000002,0.222004,0.405547
877,back_to_base4,0.550000,0.208333,0.550036,0.195516,0.000036,-0.096746,0.339839,0.258951,1.543477,-0.946211,0.013774,0.416619,0.586389,107.950453,1.549306,-0.940352,-0.940352,1.560399,-0.932585,0.339386,-0.000002,0.222004,0.405547
878,back_to_base4,0.550000,0.212500,0.550036,0.199682,0.000036,-0.092579,0.339839,0.260409,1.541076,-0.948546,0.011613,0.433655,0.587846,107.739364,1.546014,-0.943629,-0.943629,1.560399,-0.932585,0.339457,-0.000002,0.227501,0.408641
879,back_to_base4,0.550000,0.216667,0.550036,0.203849,0.000035,-0.088412,0.339839,0.261867,1.538732,-0.950828,0.010239,0.325127,0.589329,107.524351,1.546014,-0.943629,-0.943629,1.560399,-0.932585,0.339457,-0.000002,0.227501,0.408641
880,back_to_base4,0.550000,0.220833,0.550036,0.208016,0.000035,-0.084245,0.339839,0.263326,1.536650,-0.952804,0.013110,0.433998,0.590837,107.305425,1.542268,-0.947299,-0.947299,1.553026,-0.936400,0.339457,-0.000002,0.227501,0.408641
881,back_to_base4,0.550000,0.225000,0.550035,0.212183,0.000035,-0.080079,0.339839,0.264784,1.534297,-0.955145,0.011184,0.411228,0.592371,107.082597,1.542268,-0.947299,-0.947299,1.553026,-0.936400,0.339274,-0.000002,0.231361,0.410651
882,back_to_base4,0.550000,0.229167,0.550035,0.216350,0.000035,-0.075912,0.339839,0.266243,1.532244,-0.957146,0.014051,0.449774,0.593931,106.855877,1.538258,-0.951238,-0.951238,1.553026,-0.936400,0.339274,-0.000002,0.231361,0.410651
883,back_to_base4,0.550000,0.233333,0.550035,0.220517,0.000035,-0.071745,0.339839,0.267701,1.529906,-0.959540,0.011777,0.440114,0.595515,106.625276,1.534917,-0.954559,-0.954559,1.545788,-0.943617,0.339274,-0.000002,0.231361,0.410651
884,back_to_base4,0.550000,0.237500,0.550035,0.224683,0.000034,-0.067578,0.339839,0.269159,1.527638,-0.961892,0.010333,0.327523,0.597125,106.390805,1.534917,-0.954559,-0.954559,1.545788,-0.943617,0.339615,-0.000002,0.235781,0.413438
885,back_to_base4,0.550000,0.241667,0.550035,0.228850,0.000034,-0.063411,0.339839,0.270618,1.525630,-0.963932,0.013195,0.453758,0.598758,106.152473,1.531203,-0.958308,-0.958308,1.545788,-0.943617,0.339615,-0.000002,0.235781,0.413438
886,back_to_base4,0.550000,0.245833,0.550034,0.233017,0.000034,-0.059244,0.339839,0.272076,1.523375,-0.966360,0.011229,0.418122,0.600417,105.910290,1.531203,-0.961529,-0.961529,1.538066,-0.951191,0.339615,-0.000002,0.235781,0.413438
887,back_to_base4,0.550000,0.250000,0.550034,0.237184,0.000034,-0.055078,0.339839,0.273534,1.521778,-0.969125,0.012105,0.412159,0.602100,105.664267,1.527433,-0.961529,-0.961529,1.538066,-0.951191,0.339477,-0.000002,0.239425,0.415414
888,back_to_base4,0.550000,0.254167,0.550034,0.241351,0.000033,-0.050911,0.339839,0.274993,1.519102,-0.970756,0.012432,0.424641,0.603806,105.414412,1.524100,-0.965220,-0.965220,1.538066,-0.951191,0.339477,-0.000002,0.239425,0.415414
889,back_to_base4,0.550000,0.258333,0.550034,0.245518,0.000033,-0.046744,0.339839,0.276451,1.516962,-0.973255,0.010748,0.503462,0.605537,105.160734,1.524100,-0.968434,-0.968434,1.531004,-0.958251,0.339477,-0.000002,0.239425,0.415414
890,back_to_base4,0.550000,0.262500,0.550033,0.249684,0.000033,-0.042577,0.339839,0.277910,1.515409,-0.976059,0.011561,0.425730,0.607291,104.903244,1.520624,-0.968434,-0.968434,1.531004,-0.958251,0.339824,-0.000002,0.244114,0.418416
891,back_to_base4,0.550000,0.266667,0.550033,0.253851,0.000033,-0.038410,0.339839,0.279368,1.512837,-0.977761,0.012150,0.429523,0.609069,104.641948,1.520624,-0.972165,-0.972165,1.531004,-0.958251,0.339824,-0.000002,0.244114,0.418416
892,back_to_base4,0.550000,0.270833,0.550033,0.258018,0.000032,-0.034244,0.339839,0.280826,1.511376,-0.980703,0.012586,0.448331,0.610870,104.376856,1.516925,-0.975580,-0.975580,1.524076,-0.965113,0.339824,-0.000002,0.244114,0.418416
893,back_to_base4,0.550000,0.275000,0.550033,0.262185,0.000032,-0.030077,0.339839,0.282285,1.509200,-0.983150,0.010815,0.422107,0.612694,104.107975,1.516925,-0.975580,-0.975580,1.524076,-0.965113,0.339999,-0.000002,0.248596,0.421188
894,back_to_base4,0.550000,0.279167,0.550032,0.266352,0.000032,-0.025910,0.339839,0.283743,1.506714,-0.986416,0.014889,0.588905,0.614541,103.835313,1.512841,-0.979914,-0.979914,1.524076,-0.965113,0.339999,-0.000002,0.248596,0.421188
895,back_to_base4,0.550000,0.283333,0.550032,0.270518,0.000032,-0.021743,0.339839,0.285202,1.505221,-0.987929,0.011059,0.410833,0.616410,103.558877,1.512841,-0.983120,-0.983120,1.520473,-0.972078,0.339999,-0.000002,0.248596,0.421188
896,back_to_base4,0.550000,0.287500,0.550032,0.274685,0.000032,-0.017576,0.339839,0.285812,1.504829,-0.989541,0.010267,0.320837,0.618302,103.278674,1.509636,-0.983120,-0.983120,1.520473,-0.972078,0.339647,-0.000002,0.252224,0.423057
897,back_to_base4,0.550000,0.291667,0.550032,0.278852,0.000031,-0.013410,0.339839,0.285812,1.504231,-0.989160,0.008105,0.330587,0.620217,102.994711,1.509636,-0.983120,-0.983120,1.520473,-0.972078,0.339647,-0.000002,0.252224,0.423057
898,back_to_base4,0.550000,0.295833,0.550032,0.283019,0.000031,-0.009243,0.339839,0.285812,1.504231,-0.989160,0.008105,0.315414,0.622153,102.706994,1.509636,-0.983120,-0.983120,1.512820,-0.979696,0.339647,-0.000002,0.252224,0.423057
899,back_to_base4,0.550000,0.300000,0.550031,0.287186,0.000031,-0.005076,0.339839,0.285812,1.504231,-0.989160,0.008105,0.307535,0.624111,102.415527,1.509636,-0.983120,-0.983120,1.512820,-0.979696,0.339783,-0.000002,0.256888,0.425963
900,settle4,0.550000,0.300000,0.550028,0.290694,0.000021,-0.002789,0.339839,0.285812,1.504231,-0.989160,0.008105,0.322981,0.625186,102.415527,1.509636,-0.983120,-0.983120,1.512820,-0.979696,0.339783,-0.000002,0.256888,0.425963
901,settle4,0.550000,0.300000,0.550023,0.293415,0.000013,-0.001533,0.339839,0.285812,1.504231,-0.989160,0.008105,0.312883,0.625777,102.415527,1.509636,-0.983120,-0.983120,1.509716,-0.982767,0.339783,-0.000002,0.256888,0.425963
902,settle4,0.550000,0.300000,0.550017,0.295424,0.000007,-0.000843,0.339839,0.285812,1.504231,-0.989160,0.008105,0.315282,0.626101,102.415527,1.509636,-0.983120,-0.983120,1.509716,-0.982767,0.339843,-0.000002,0.261833,0.429010
903,settle4,0.550000,0.300000,0.550013,0.296864,0.000004,-0.000464,0.339839,0.285812,1.504231,-0.989160,0.008105,0.320561,0.626280,102.415527,1.509636,-0.983120,-0.983120,1.509716,-0.982767,0.339843,-0.000002,0.261833,0.429010
904,settle4,0.550000,0.300000,0.550009,0.297872,0.000002,-0.000255,0.339839,0.285812,1.504231,-0.989160,0.008105,0.347173,0.626378,102.415527,1.509636,-0.983120,-0.983120,1.509701,-0.982786,0.339843,-0.000002,0.261833,0.429010
905,settle4,0.550000,0.300000,0.550006,0.298568,0.000001,-0.000140,0.339839,0.285812,1.504231,-0.989160,0.008105,0.322529,0.626432,102.415527,1.509636,-0.983120,-0.983120,1.509701,-0.982786,0.339854,-0.000002,0.266440,0.431846
906,settle4,0.550000,0.300000,0.550004,0.299042,0.000001,-0.000077,0.339839,0.285812,1.504231,-0.989160,0.008105,0.332342,0.626462,102.415527,1.509636,-0.983120,-0.983120,1.509701,-0.982786,0.339854,-0.000002,0.266440,0.431846
907,settle4,0.550000,0.300000,0.550003,0.299362,0.000000,-0.000042,0.339839,0.285812,1.504231,-0.989160,0.008105,0.325306,0.626478,102.415527,1.509636,-0.983120,-0.983120,1.509701,-0.982785,0.339854,-0.000002,0.266440,0.431846
908,settle4,0.550000,0.300000,0.550002,0.299577,0.000000,-0.000023,0.339839,0.285812,1.504231,-0.989160,0.008105,0.328073,0.626487,102.415527,1.509636,-0.983120,-0.983120,1.509701,-0.982785,0.339774,-0.000002,0.271020,0.434624
909,settle4,0.550000,0.300000,0.550001,0.299721,0.000000,-0.000013,0.339839,0.285812,1.504231,-0.989160,0.008105,0.328829,0.626492,102.415527,1.509636,-0.983120,-0.983120,1.509701,-0.982785,0.339774,-0.000002,0.271020,0.434624
910,settle4,0.550000,0.300000,0.550001,0.299816,0.000000,-0.000007,0.339839,0.285812,1.504231,-0.989160,0.008105,0.331005,0.626495,102.415527,1.509636,-0.983120,-0.983120,1.509695,-0.982820,0.339774,-0.000002,0.271020,0.434624
911,settle4,0.550000,0.300000,0.550001,0.299879,0.000000,-0.000004,0.339839,0.285812,1.504231,-0.989160,0.008105,0.377900,0.626496,102.415527,1.509636,-0.983120,-0.983120,1.509695,-0.982820,0.340176,-0.000002,0.274412,0.437060
912,settle4,0.550000,0.300000,0.550000,0.299921,0.000000,-0.000002,0.339839,0.285812,1.504231,-0.989160,0.008105,0.366092,0.626497,102.415527,1.509636,-0.983120,-0.983120,1.509695,-0.982820,0.340176,-0.000002,0.274412,0.437060
913,settle4,0.550000,0.300000,0.550000,0.299948,0.000000,-0.000001,0.339839,0.285812,1.504231,-0.989160,0.008105,0.334438,0.626498,102.415527,1.509636,-0.983120,-0.983120,1.509694,-0.982820,0.340176,-0.000002,0.274412,0.437060
914,settle4,0.550000,0.300000,0.550000,0.299966,0.000000,-0.000001,0.339839,0.285812,1.504231,-0.989160,0.008105,0.361246,0.626498,102.415527,1.509636,-0.983120,-0.983120,1.509694,-0.982820,0.339996,-0.000002,0.279482,0.440122
915,settle4,0.550000,0.300000,0.550000,0.299978,0.000000,-0.000000,0.339839,0.285812,1.504231,-0.989160,0.008105,0.325712,0.626498,102.415527,1.509636,-0.983120,-0.983120,1.509694,-0.982820,0.339996,-0.000002,0.279482,0.440122
916,settle4,0.550000,0.300000,0.550000,0.299985,0.000000,-0.000000,0.339839,0.285812,1.504231,-0.989160,0.008105,0.324789,0.626498,102.415527,1.509636,-0.983120,-0.983120,1.509694,-0.982820,0.339996,-0.000002,0.279482,0.440122
917,settle4,0.550000,0.300000,0.550000,0.299991,0.000000,-0.000000,0.339839,0.285812,1.504231,-0.989160,0.008105,0.323543,0.626498,102.415527,1.509636,-0.983120,-0.983120,1.509694,-0.982820,0.339894,-0.000002,0.281646,0.441421
918,settle4,0.550000,0.300000,0.550000,0.299994,0.000000,-0.000000,0.339839,0.285812,1.504231,-0.989160,0.008105,0.336236,0.626498,102.415527,1.509636,-0.983120,-0.983120,1.509694,-0.982820,0.339894,-0.000002,0.281646,0.441421
919,settle4,0.550000,0.300000,0.550000,0.299996,0.000000,-0.000000,0.339839,0.285812,1.504231,-0.989160,0.008105,0.400834,0.626498,102.415527,1.509636,-0.983120,-0.983120,1.509695,-0.982816,0.339894,-0.000002,0.281646,0.441421
920,settle4,0.550000,0.300000,0.550000,0.299997,0.000000,-0.000000,0.339839,0.285812,1.504231,-0.989160,0.008105,0.381671,0.626498,102.415527,1.509636,-0.983120,-0.983120,1.509695,-0.982816,0.339893,-0.000002,0.281687,0.441446
921,settle4,0.550000,0.300000,0.550000,0.299998,0.000000,-0.000000,0.339839,0.285812,1.504231,-0.989160,0.008105,0.327315,0.626498,102.415527,1.509636,-0.983120,-0.983120,1.509695,-0.982816,0.339893,-0.000002,0.281687,0.441446
922,settle4,0.550000,0.300000,0.550000,0.299999,0.000000,-0.000000,0.339839,0.285812,1.504231,-0.989160,0.008105,0.316047,0.626498,102.415527,1.509636,-0.983120,-0.983120,1.509694,-0.982820,0.339893,-0.000002,0.281687,0.441446
923,settle4,0.550000,0.300000,0.550000,0.299999,0.000000,-0.000000,0.339839,0.285812,1.504231,-0.989160,0.008105,0.317878,0.626498,102.415527,1.509636,-0.983120,-0.983120,1.509694,-0.982820,0.339892,-0.000002,0.281685,0.441444
924,settle4,0.550000,0.300000,0.550000,0.300000,0.000000,-0.000000,0.339839,0.285812,1.504231,-0.989160,0.008105,0.320253,0.626498,102.415527,1.509636,-0.983120,-0.983120,1.509694,-0.982820,0.339892,-0.000002,0.281685,0.441444
925,settle4,0.550000,0.300000,0.550000,0.300000,0.000000,-0.000000,0.339839,0.285812,1.504231,-0.989160,0.008105,0.312781,0.626498,102.415527,1.509636,-0.983120,-0.983120,1.509702,-0.982781,0.339892,-0.000002,0.281685,0.441444
926,settle4,0.550000,0.300000,0.550000,0.300000,0.000000,-0.000000,0.339839,0.285812,1.504231,-0.989160,0.008105,0.318471,0.626498,102.415527,1.509636,-0.983120,-0.983120,1.509702,-0.982781,0.339892,-0.000002,0.281685,0.441444
927,settle4,0.550000,0.300000,0.550000,0.300000,0.000000,-0.000000,0.339839,0.285812,1.504231,-0.989160,0.008105,0.311292,0.626498,102.415527,1.509636,-0.983120,-0.983120,1.509702,-0.982781,0.339892,-0.000002,0.281685,0.441444
928,settle4,0.550000,0.300000,0.550000,0.300000,0.000000,-0.000000,0.339839,0.285812,1.504231,-0.989160,0.008105,0.319443,0.626498,102.415527,1.509636,-0.983120,-0.983120,1.509701,-0.982785,0.339892,-0.000002,0.281685,0.441444
929,settle4,0.550000,0.300000,0.550000,0.300000,0.000000,-0.000000,0.339839,0.285812,1.504231,-0.989160,0.008105,0.312107,0.626498,102.415527,1.509636,-0.983120,-0.983120,1.509701,-0.982785,0.339892,-0.000002,0.281685,0.441444
930,settle4,0.550000,0.300000,0.550000,0.300000,0.000000,-0.000000,0.339839,0.285812,1.504231,-0.989160,0.008105,0.317532,0.626498,102.415527,1.509636,-0.983120,-0.983120,1.509701,-0.982785,0.339892,-0.000002,0.281685,0.441444
931,settle4,0.550000,0.300000,0.550000,0.300000,0.000000,-0.000000,0.339839,0.285812,1.504231,-0.989160,0.008105,0.318273,0.626498,102.415527,1.509636,-0.983120,-0.983120,1.509702,-0.982785,0.339892,-0.000002,0.281685,0.441444
932,settle4,0.550000,0.300000,0.550000,0.300000,0.000000,-0.000000,0.339839,0.285812,1.504231,-0.989160,0.008105,0.312575,0.626498,102.415527,1.509636,-0.983120,-0.983120,1.509702,-0.982785,0.339892,-0.000002,0.281685,0.441444
933,settle4,0.550000,0.300000,0.550000,0.300000,0.000000,-0.000000,0.339839,0.285812,1.504231,-0.989160,0.008105,0.322339,0.626498,102.415527,1.509636,-0.983120,-0.983120,1.509702,-0.982785,0.339892,-0.000002,0.281685,0.441444
934,settle4,0.550000,0.300000,0.550000,0.300000,0.000000,-0.000000,0.339839,0.285812,1.504231,-0.989160,0.008105,0.330596,0.626498,102.415527,1.509636,-0.983120,-0.983120,1.509701,-0.982785,0.339892,-0.000002,0.281685,0.441444
935,settle4,0.550000,0.300000,0.550000,0.300000,0.000000,-0.000000,0.339839,0.285812,1.504231,-0.989160,0.008105,0.318017,0.626498,102.415527,1.509636,-0.983120,-0.983120,1.509701,-0.982785,0.339892,-0.000002,0.281685,0.441444
936,settle4,0.550000,0.300000,0.550000,0.300000,0.000000,-0.000000,0.339839,0.285812,1.504231,-0.989160,0.008105,0.339722,0.626498,102.415527,1.509636,-0.983120,-0.983120,1.509701,-0.982785,0.339892,-0.000002,0.281685,0.441444
937,settle4,0.550000,0.300000,0.550000,0.300000,0.000000,-0.000000,0.339839,0.285812,1.504231,-0.989160,0.008105,0.325563,0.626498,102.415527,1.509636,-0.983120,-0.983120,1.509701,-0.982785,0.339892,-0.000002,0.281685,0.441444
938,settle4,0.550000,0.300000,0.550000,0.300000,0.000000,-0.000000,0.339839,0.285812,1.504231,-0.989160,0.008105,0.337311,0.626498,102.415527,1.509636,-0.983120,-0.983120,1.509701,-0.982785,0.339893,-0.000002,0.281687,0.441446
939,settle4,0.550000,0.300000,0.550000,0.300000,0.000000,-0.000000,0.339839,0.285812,1.504231,-0.989160,0.008105,0.327759,0.626498,102.415527,1.509636,-0.983120,-0.983120,1.509701,-0.982785,0.339893,-0.000002,0.281687,0.441446
940,settle4,0.550000,0.300000,0.550000,0.300000,0.000000,-0.000000,0.339839,0.285812,1.504231,-0.989160,0.008105,0.337760,0.626498,102.415527,1.509636,-0.983120,-0.983120,1.509701,-0.982786,0.339893,-0.000002,0.281687,0.441446
941,settle4,0.550000,0.300000,0.550000,0.300000,0.000000,-0.000000,0.339839,0.285812,1.504231,-0.989160,0.008105,0.331881,0.626498,102.415527,1.509636,-0.983120,-0.983120,1.509701,-0.982786,0.339893,-0.000002,0.281687,0.441446
942,settle4,0.550000,0.300000,0.550000,0.300000,0.000000,-0.000000,0.339839,0.285812,1.504231,-0.989160,0.008105,0.348588,0.626498,102.415527,1.509636,-0.983120,-0.983120,1.509701,-0.982786,0.339893,-0.000002,0.281687,0.441446
943,settle4,0.550000,0.300000,0.550000,0.300000,0.000000,-0.000000,0.339839,0.285812,1.504231,-0.989160,0.008105,0.324569,0.626498,102.415527,1.509636,-0.983120,-0.983120,1.509701,-0.982784,0.339893,-0.000002,0.281687,0.441446
944,settle4,0.550000,0.300000,0.550000,0.300000,0.000000,-0.000000,0.339839,0.285812,1.504231,-0.989160,0.008105,0.319659,0.626498,102.415527,1.509636,-0.983120,-0.983120,1.509701,-0.982784,0.339893,-0.000002,0.281689,0.441447
945,settle4,0.550000,0.300000,0.550000,0.300000,0.000000,-0.000000,0.339839,0.285812,1.504231,-0.989160,0.008105,0.337768,0.626498,102.415527,1.509636,-0.983120,-0.983120,1.509701,-0.982784,0.339893,-0.000002,0.281689,0.441447
946,settle4,0.550000,0.300000,0.550000,0.300000,0.000000,-0.000000,0.339839,0.285812,1.504231,-0.989160,0.008105,0.451304,0.626498,102.415527,1.509636,-0.983120,-0.983120,1.509701,-0.982785,0.339893,-0.000002,0.281689,0.441447
947,settle4,0.550000,0.300000,0.550000,0.300000,0.000000,-0.000000,0.339839,0.285812,1.504231,-0.989160,0.008105,0.447174,0.626498,102.415527,1.509636,-0.983120,-0.983120,1.509701,-0.982785,0.339893,-0.000002,0.281689,0.441447
948,settle4,0.550000,0.300000,0.550000,0.300000,0.000000,-0.000000,0.339839,0.285812,1.504231,-0.989160,0.008105,0.531304,0.626498,102.415527,1.509636,-0.983120,-0.983120,1.509701,-0.982785,0.339893,-0.000002,0.281689,0.441447
949,settle4,0.550000,0.300000,0.550000,0.300000,0.000000,-0.000000,0.339839,0.285812,1.504231,-0.989160,0.008105,0.386375,0.626498,102.415527,1.509636,-0.983120,-0.983120,1.509695,-0.982820,0.339893,-0.000002,0.281689,0.441447
950,settle4,0.550000,0.300000,0.550000,0.300000,0.000000,-0.000000,0.339839,0.285812,1.504231,-0.989160,0.008105,0.329079,0.626498,102.415527,1.509636,-0.983120,-0.983120,1.509695,-0.982820,0.339893,-0.000002,0.281689,0.441447
951,settle4,0.550000,0.300000,0.550000,0.300000,0.000000,-0.000000,0.339839,0.285812,1.504231,-0.989160,0.008105,0.329005,0.626498,102.415527,1.509636,-0.983120,-0.983120,1.509695,-0.982820,0.339893,-0.000002,0.281689,0.441447
952,settle4,0.550000,0.300000,0.550000,0.300000,0.000000,0.000000,0.339839,0.285812,1.504231,-0.989160,0.008105,0.332194,0.626498,102.415527,1.509636,-0.983120,-0.983120,1.509695,-0.982816,0.339893,-0.000002,0.281689,0.441447
953,settle4,0.550000,0.300000,0.550000,0.300000,0.000000,0.000000,0.339839,0.285812,1.504231,-0.989160,0.008105,0.328620,0.626498,102.415527,1.509636,-0.983120,-0.983120,1.509695,-0.982816,0.339893,-0.000002,0.281689,0.441447
954,settle4,0.550000,0.300000,0.550000,0.300000,0.000000,0.000000,0.339839,0.285812,1.504231,-0.989160,0.008105,0.327946,0.626498,102.415527,1.509636,-0.983120,-0.983120,1.509695,-0.982816,0.339893,-0.000002,0.281689,0.441447
955,settle4,0.550000,0.300000,0.550000,0.300000,0.000000,0.000000,0.339839,0.285812,1.504231,-0.989160,0.008105,0.317885,0.626498,102.415527,1.509636,-0.983120,-0.983120,1.509702,-0.982781,0.339893,-0.000002,0.281689,0.441447
956,settle4,0.550000,0.300000,0.550000,0.300000,0.000000,0.000000,0.339839,0.285812,1.504231,-0.989160,0.008105,0.310199,0.626498,102.415527,1.509636,-0.983120,-0.983120,1.509702,-0.982781,0.339893,-0.000002,0.281689,0.441447
957,settle4,0.550000,0.300000,0.550000,0.300000,0.000000,0.000000,0.339839,0.285812,1.504231,-0.989160,0.008105,0.336472,0.626498,102.415527,1.509636,-0.983120,-0.983120,1.509702,-0.982781,0.339893,-0.000002,0.281689,0.441447
958,settle4,0.550000,0.300000,0.550000,0.300000,0.000000,0.000000,0.339839,0.285812,1.504231,-0.989160,0.008105,0.313716,0.626498,102.415527,1.509636,-0.983120,-0.983120,1.509694,-0.982821,0.339893,-0.000002,0.281689,0.441447
959,settle4,0.550000,0.300000,0.550000,0.300000,0.000000,0.000000,0.339839,0.285812,1.504231,-0.989160,0.008105,0.304378,0.626498,102.415527,1.509636,-0.983120,-0.983120,1.509694,-0.982821,0.339893,-0.000002,0.281687,0.441446
