frame,state,human_u_flt,human_v_flt,du,dv,tcp_target_x,tcp_target_z,ik_q2,ik_q3,ik_jump,ik_time_ms,joint2,joint3,joint5,joint6,tcp_actual_x,tcp_actual_z,raw_wrist_pitch,flt_wrist_pitch,raw_elbow,reach_raw
33,LOST_SHORT,0.00000,0.00000,0.00000,0.00000,0.00000,0.00000,0.00000,0.00000,0.0000,0.000,1.5040,-0.9900,0.0000,0.0000,0.31385,0.33132,0.00,0.00,130.17,0.0000
43,LOST_SHORT,0.00000,0.00000,0.00000,0.00000,0.00000,0.00000,0.00000,0.00000,0.0000,0.000,1.5040,-0.9900,0.0000,0.0000,0.33877,0.28774,0.00,0.00,143.35,0.0000
53,LOST_LONG,0.00000,0.00000,0.00000,0.00000,0.00000,0.00000,0.00000,0.00000,0.0000,0.000,1.5040,-0.9900,0.0000,0.0000,0.33981,0.28566,0.00,0.00,156.99,0.0000
63,LOST_LONG,0.00000,0.00000,0.00000,0.00000,0.00000,0.00000,0.00000,0.00000,0.0000,0.000,1.5040,-0.9900,0.0000,0.0000,0.33981,0.28563,0.00,0.00,143.49,0.0000
73,TRACKING,-0.58758,-0.21280,-0.21634,-0.40345,0.40856,0.15161,1.96436,-1.12539,0.0844,0.738,1.9349,-1.0842,0.0630,0.3485,0.34919,0.26802,-16.11,-16.99,98.38,0.6574
83,TRACKING,-0.72659,-0.14028,-0.34073,-0.32311,0.45209,0.17972,2.03165,-1.33029,0.0470,0.620,2.0193,-1.3049,0.0509,0.6331,0.38449,0.25678,-15.53,-14.39,87.20,0.7580
93,TRACKING,-0.84660,-0.03753,-0.46162,-0.20080,0.47000,0.22253,2.01741,-1.44989,0.0224,0.606,2.0272,-1.4407,0.0255,0.5155,0.42264,0.24494,-11.10,-11.93,65.71,0.8672
103,TRACKING,-0.86798,-0.01269,-0.46132,-0.20828,0.47000,0.21991,2.02121,-1.44722,0.0030,0.684,2.0185,-1.4486,-0.0154,-0.1354,0.45953,0.22951,-10.03,-10.95,70.20,0.8670
113,TRACKING,-0.86725,-0.03451,-0.45122,-0.22198,0.47000,0.21512,2.02829,-1.44251,0.0035,0.637,2.0310,-1.4448,0.0162,-0.1153,0.47071,0.22040,-14.55,-14.17,74.22,0.8573
123,TRACKING,-0.83350,-0.04350,-0.42052,-0.22368,0.47000,0.21452,2.02918,-1.44195,0.0107,0.993,2.0352,-1.4380,0.0261,-0.2485,0.46936,0.20994,-14.81,-15.26,81.87,0.8267
133,TRACKING,-0.78723,-0.05324,-0.36568,-0.24493,0.46083,0.20709,2.01150,-1.39107,0.0337,0.498,2.0219,-1.4084,0.0261,-0.4677,0.46877,0.20823,-15.77,-14.65,96.19,0.7731
143,TRACKING,-0.54360,-0.07987,-0.07897,-0.27160,0.36048,0.19775,1.72439,-0.95520,0.1432,0.734,1.7750,-1.0246,-0.0117,-0.6167,0.44531,0.21428,-6.02,-9.07,134.79,0.4913
153,TRACKING,-0.26655,-0.09451,0.18545,-0.29028,0.28193,0.19121,1.49271,-0.65773,0.0997,0.808,1.5294,-0.7049,-0.0104,-0.9095,0.41225,0.23837,-14.25,-12.79,157.92,0.2418
163,TRACKING,-0.17270,-0.08529,0.23919,-0.27591,0.26312,0.19624,1.41372,-0.59600,0.0160,0.603,1.4201,-0.6031,0.0002,-1.1167,0.37140,0.24556,-12.16,-12.79,161.76,0.1872
173,TRACKING,-0.14248,-0.09708,0.26858,-0.28892,0.25283,0.19169,1.38975,-0.55586,0.0149,0.747,1.3952,-0.5629,-0.0187,-1.0551,0.33171,0.25158,-11.14,-10.13,162.26,0.1689
183,TRACKING,-0.13139,-0.10107,0.27405,-0.28990,0.25092,0.19135,1.38378,-0.54891,0.0087,0.734,1.3886,-0.5521,-0.0187,-1.0259,0.29363,0.25015,-9.17,-10.13,162.49,0.1651
193,TRACKING,-0.13585,-0.10198,0.26935,-0.29371,0.25257,0.19001,1.39378,-0.55337,0.0053,0.706,1.3886,-0.5521,-0.0227,-1.0809,0.26739,0.21109,-9.74,-9.66,161.59,0.1711
203,TRACKING,-0.14243,-0.10441,0.25931,-0.29438,0.25608,0.18978,1.40717,-0.56538,0.0137,0.721,1.4012,-0.5598,-0.0276,-1.1169,0.25362,0.19273,-9.34,-9.10,160.79,0.1796
213,TRACKING,-0.18372,-0.10692,0.21229,-0.30805,0.27254,0.18499,1.47857,-0.61914,0.0359,0.634,1.4588,-0.6106,-0.0235,-1.2959,0.26246,0.19288,-12.64,-10.69,154.13,0.2264
223,TRACKING,-0.27866,-0.12146,0.10270,-0.30547,0.31089,0.18590,1.60050,-0.75836,0.0516,0.831,1.5838,-0.7322,-0.0076,-1.2605,0.27866,0.18179,-10.08,-10.90,145.58,0.3240
233,TRACKING,-0.61652,-0.07819,-0.28588,-0.25450,0.43290,0.20374,1.93072,-1.26017,0.1805,0.631,1.8747,-1.1675,0.0257,-1.2176,0.31728,0.17588,-16.86,-15.55,98.48,0.6944
243,TRACKING,-0.85315,0.01575,-0.46062,-0.16497,0.47000,0.23507,1.99999,-1.46369,0.0089,0.634,2.0038,-1.4557,0.0301,-1.4938,0.35385,0.16234,-14.14,-14.30,66.96,0.8664
253,TRACKING,-0.87882,0.02127,-0.47874,-0.16897,0.47000,0.23367,2.00187,-1.46207,0.0036,0.632,2.0038,-1.4591,0.0053,-1.3180,0.39092,0.14575,-11.11,-12.01,60.23,0.8845
263,TRACKING,-0.93645,0.05447,-0.53280,-0.12547,0.47000,0.24890,1.98224,-1.48085,0.0189,0.398,1.9902,-1.4728,0.0767,0.4653,0.42162,0.15347,-19.41,-19.63,39.95,0.9405
273,TRACKING,-0.93181,0.09053,-0.52721,-0.09705,0.47000,0.25884,1.97044,-1.49446,0.0089,0.655,1.9758,-1.4874,0.0767,0.6725,0.44593,0.19889,-18.55,-18.47,42.31,0.9373
283,TRACKING,-0.92651,0.10127,-0.52181,-0.08961,0.47000,0.26145,1.96749,-1.49821,0.0063,0.786,1.9725,-1.4945,0.0767,0.8669,0.46524,0.24535,-20.04,-19.02,44.72,0.9327
293,TRACKING,-0.92881,0.08123,-0.52508,-0.11060,0.47000,0.25410,1.97596,-1.48784,0.0075,0.408,1.9725,-1.4945,0.0933,1.1515,0.46737,0.25131,-20.51,-21.17,43.63,0.9339
303,TRACKING,-0.91771,0.07466,-0.51061,-0.11627,0.47000,0.25212,1.97833,-1.48513,0.0083,0.388,1.9725,-1.4911,0.0933,1.1450,0.46640,0.24922,-21.21,-20.65,50.43,0.9190
313,TRACKING,-0.92150,0.07859,-0.51522,-0.11250,0.47000,0.25344,1.97675,-1.48693,0.0059,0.382,1.9725,-1.4911,0.0933,1.0000,0.46627,0.24891,-21.45,-20.65,48.82,0.9239
323,TRACKING,-0.92320,0.08132,-0.52094,-0.10845,0.47000,0.25485,1.97508,-1.48887,0.0034,0.405,1.9725,-1.4911,0.0933,0.9912,0.46627,0.24890,-22.49,-21.02,45.74,0.9300
333,TRACKING,-0.89186,0.06872,-0.46373,-0.12993,0.47000,0.24734,1.98417,-1.47881,0.0122,0.418,1.9791,-1.4841,0.0831,1.0565,0.46611,0.24857,-17.41,-18.96,71.31,0.8713
343,TRACKING,-0.81980,0.03638,-0.40955,-0.15532,0.47000,0.23845,1.99551,-1.46769,0.0086,0.909,1.9894,-1.4737,0.0632,1.1002,0.46750,0.24159,-19.39,-18.44,80.84,0.8158
353,TRACKING,-0.68499,-0.05735,-0.25830,-0.26705,0.42325,0.19934,1.90932,-1.21425,0.0535,0.658,1.9174,-1.2453,0.0239,0.7218,0.45489,0.22952,-9.68,-13.02,102.07,0.6682
363,TRACKING,-0.55455,-0.17155,-0.12493,-0.38005,0.37657,0.15980,1.85725,-0.99619,0.0504,0.742,1.8648,-1.0255,0.0118,0.6834,0.43138,0.21686,-15.58,-14.37,113.64,0.5634
373,TRACKING,-0.52353,-0.20601,-0.16933,-0.34616,0.39211,0.17166,1.87375,-1.06477,0.1167,0.698,1.8660,-0.9952,0.0476,0.6164,0.40033,0.19474,-19.36,-17.73,119.25,0.5956
383,TRACKING,-0.59913,-0.07701,-0.19301,-0.27421,0.40039,0.19684,1.84568,-1.11517,0.0113,0.639,1.8385,-1.1204,-0.0067,0.9905,0.39569,0.19094,-11.95,-11.20,123.51,0.6044
393,TRACKING,-0.52243,-0.08125,-0.10454,-0.27088,0.36943,0.19800,1.75082,-0.99055,0.0298,0.734,1.7618,-1.0047,-0.0034,0.8939,0.38568,0.19900,-11.80,-12.38,134.81,0.5164
403,TRACKING,-0.52086,-0.07927,-0.12970,-0.27901,0.37823,0.19516,1.78311,-1.02340,0.0409,0.642,1.7634,-1.0087,-0.0080,0.9396,0.36946,0.19775,-12.25,-11.37,126.55,0.5425
413,TRACKING,-0.51254,-0.23988,-0.07206,-0.46312,0.35806,0.13072,1.88209,-0.91560,0.0754,0.765,1.8900,-0.9602,0.0794,-0.1703,0.38799,0.18615,-25.99,-21.95,117.04,0.5501
423,TRACKING,-0.49532,-0.21907,-0.10136,-0.38436,0.36832,0.15828,1.83803,-0.96261,0.0326,0.617,1.8472,-0.9453,0.1232,-1.2128,0.35870,0.13801,0.00,-24.88,114.67,0.5428
433,TRACKING,-0.63912,-0.69062,-0.25025,-0.90737,0.42043,0.07000,2.19656,-1.18650,0.0361,0.759,2.1852,-1.1680,0.0449,1.4313,0.38371,0.12663,-26.30,-21.37,25.51,0.9719
443,TRACKING,-0.80872,-0.39604,-0.45357,-0.37839,0.47000,0.16037,2.12122,-1.40584,0.1296,0.500,2.1906,-1.3708,0.1768,1.4947,0.39753,0.12778,0.00,-30.73,71.33,0.8795
453,TRACKING,-0.89912,0.00055,-0.49318,-0.17881,0.47000,0.23023,2.00657,-1.45816,0.0111,0.614,2.0145,-1.4504,0.0222,1.4947,0.43734,0.15912,-11.33,-12.39,58.02,0.8987
463,TRACKING,-0.83211,-0.06414,-0.39364,-0.26712,0.47000,0.19932,2.05287,-1.42872,0.0131,0.502,2.0469,-1.4339,-0.0608,0.8587,0.46386,0.21196,-3.15,-4.98,88.17,0.8028
473,TRACKING,-0.67343,-0.09891,-0.25783,-0.28787,0.42308,0.19206,1.92230,-1.20809,0.0202,0.620,1.9298,-1.2176,-0.0938,-1.1504,0.45923,0.21261,-5.45,-4.49,104.24,0.6705
483,TRACKING,-0.70509,-0.06584,-0.30440,-0.24958,0.43938,0.20546,1.94757,-1.29056,0.0127,0.638,1.9421,-1.2837,-0.0426,-0.8853,0.43476,0.20545,-9.23,-8.84,96.54,0.7124
493,TRACKING,-0.75719,-0.02968,-0.35689,-0.21337,0.45775,0.21813,1.98453,-1.38670,0.0123,0.624,1.9826,-1.3794,-0.0379,-1.1718,0.44668,0.21302,-8.54,-9.46,88.29,0.7627
503,TRACKING,-0.70309,-0.04571,-0.24650,-0.25487,0.41911,0.20361,1.88914,-1.19981,0.1427,0.648,1.9281,-1.2760,-0.0326,-0.5032,0.45696,0.21922,-10.46,-10.03,118.85,0.6552
513,TRACKING,-0.40564,-0.10808,0.06127,-0.30379,0.32540,0.18649,1.64385,-0.81261,0.1010,0.892,1.6786,-0.8622,-0.0474,1.2163,0.42710,0.23111,-9.81,-8.48,146.01,0.3625
523,TRACKING,-0.16291,-0.11131,0.26267,-0.30075,0.25490,0.18755,1.40962,-0.55928,0.0424,0.691,1.4279,-0.5769,-0.0431,1.1765,0.38965,0.24523,-9.41,-8.95,159.92,0.1807
533,TRACKING,-0.10496,-0.13501,0.30093,-0.33384,0.24151,0.17597,1.39806,-0.50308,0.0146,0.613,1.3894,-0.5055,0.0157,1.2830,0.34888,0.25063,-14.64,-14.15,158.56,0.1778
543,TRACKING,-0.10811,-0.17107,0.29660,-0.36361,0.24303,0.16555,1.43914,-0.50119,0.0087,0.717,1.4316,-0.5055,0.0202,1.0752,0.30762,0.25116,-12.73,-13.55,157.06,0.2049
553,TRACKING,-0.14778,-0.18562,0.24846,-0.37683,0.25988,0.16092,1.51187,-0.55814,0.0218,0.720,1.5022,-0.5492,-0.0148,0.9804,0.28385,0.20730,-8.94,-9.90,151.92,0.2441
563,TRACKING,-0.16189,-0.19398,0.24562,-0.39045,0.26087,0.15615,1.53128,-0.55936,0.0114,0.707,1.5254,-0.5653,-0.0592,0.5790,0.26568,0.16624,-5.56,-6.46,150.72,0.2564
573,TRACKING,-0.14316,-0.21487,0.26263,-0.40805,0.25492,0.15000,1.53393,-0.53557,0.0097,0.728,1.5290,-0.5406,-0.0852,-0.4602,0.26216,0.15764,-3.13,-3.98,151.35,0.2607
583,TRACKING,-0.15071,-0.18068,0.25894,-0.35121,0.25621,0.16989,1.46982,-0.55035,0.0405,0.618,1.4941,-0.5528,0.0935,1.3726,0.25727,0.15332,-24.95,-22.82,157.03,0.2179
593,TRACKING,-0.12032,-0.11208,0.28858,-0.29734,0.24583,0.18874,1.37293,-0.52887,0.0139,0.735,1.3799,-0.5365,0.1638,1.4941,0.24389,0.17025,-28.38,-27.48,162.14,0.1587
603,TRACKING,-0.15107,-0.10420,0.24947,-0.29364,0.25952,0.19004,1.41871,-0.57763,0.0102,0.878,1.4117,-0.5701,0.1835,1.4941,0.23785,0.17811,-27.59,-28.24,158.57,0.1873
613,TRACKING,-0.16001,-0.11202,0.24337,-0.30247,0.26166,0.18695,1.43537,-0.58238,0.0107,0.705,1.4287,-0.5773,0.1835,1.4941,0.24541,0.17605,-27.02,-28.18,157.17,0.1973
623,TRACKING,-0.16893,-0.12380,0.23502,-0.31636,0.26458,0.18209,1.46004,-0.58867,0.0088,0.732,1.4524,-0.5843,0.1675,1.4941,0.25045,0.17469,-27.63,-26.82,155.41,0.2122
633,TRACKING,-0.16095,-0.13150,0.24350,-0.32358,0.26161,0.17956,1.45754,-0.57625,0.0016,0.701,1.4560,-0.5769,0.1675,1.4941,0.25170,0.17215,-25.87,-26.82,155.64,0.2100
643,TRACKING,-0.16005,-0.14167,0.24294,-0.33745,0.26181,0.17470,1.47333,-0.57339,0.0133,0.713,1.4656,-0.5769,0.1675,1.4941,0.24996,0.17033,-26.50,-26.82,154.51,0.2195
653,TRACKING,-0.15626,-0.14057,0.25342,-0.32758,0.25814,0.17816,1.44991,-0.56296,0.0149,0.703,1.4569,-0.5685,0.1675,1.4941,0.25092,0.16481,-26.05,-26.82,157.22,0.2051
663,TRACKING,-0.15485,-0.14001,0.24974,-0.33150,0.25943,0.17679,1.45866,-0.56648,0.0027,0.728,1.4569,-0.5685,0.1526,1.4941,0.24799,0.16796,-24.56,-25.51,155.98,0.2104
673,TRACKING,-0.14761,-0.14970,0.25951,-0.33951,0.25601,0.17398,1.45582,-0.55241,0.0054,1.320,1.4569,-0.5577,0.1775,1.4941,0.24833,0.16803,-29.90,-29.08,156.52,0.2090
683,TRACKING,-0.21462,-0.13306,0.17057,-0.32057,0.28714,0.18061,1.53939,-0.66799,0.0460,0.817,1.5222,-0.6464,0.1433,1.4941,0.25126,0.16820,-31.77,-26.56,147.01,0.2688
693,TRACKING,-0.63134,-0.11537,-0.35017,-0.30171,0.45540,0.18721,2.02813,-1.35034,0.3015,0.622,1.9272,-1.2002,0.0964,-0.9545,0.28795,0.16994,-22.88,-21.60,74.00,0.7639
703,TRACKING,-0.91270,0.03181,-0.52325,-0.13115,0.47000,0.24691,1.98470,-1.47825,0.0237,0.392,1.9943,-1.4677,0.0081,-1.3337,0.33095,0.16489,-10.14,-11.70,45.79,0.9306
713,TRACKING,-0.91997,0.10860,-0.51529,-0.06807,0.47000,0.26899,1.95926,-1.50946,0.0162,0.647,1.9653,-1.5019,-0.0153,-1.4558,0.37289,0.15433,-9.11,-10.13,46.01,0.9288
723,TRACKING,-0.92969,0.14036,-0.52637,-0.04624,0.47000,0.27663,1.95142,-1.52151,0.0106,0.612,1.9586,-1.5137,-0.0146,-1.4943,0.40791,0.15340,-12.64,-11.46,43.24,0.9429
733,TRACKING,-0.94680,0.19355,-0.53314,0.02619,0.47000,0.28798,1.94071,-1.54062,0.0110,0.626,1.9475,-1.5354,0.1620,0.4713,0.43269,0.19234,-40.84,-32.57,35.78,0.9632
743,TRACKING,-0.83152,0.23433,-0.41198,0.05270,0.47000,0.29725,1.93281,-1.55732,0.0183,0.624,1.9395,-1.5486,0.1023,1.2752,0.44681,0.22639,-19.15,-20.25,71.27,0.8527
753,TRACKING,-0.82733,0.26343,-0.42344,0.07715,0.47000,0.30581,1.92620,-1.57362,0.0104,0.650,1.9328,-1.5688,0.0918,1.2827,0.46631,0.28200,-19.22,-19.81,65.63,0.8709
763,TRACKING,-0.81897,0.26478,-0.40799,0.07289,0.47000,0.30432,1.92730,-1.57072,0.0025,0.668,1.9293,-1.5722,0.0918,1.1451,0.46790,0.29549,-19.10,-19.81,71.17,0.8549
773,TRACKING,-0.83202,0.23307,-0.43405,0.03015,0.47000,0.28936,1.93948,-1.54305,0.0145,0.627,1.9327,-1.5508,0.0957,1.1192,0.46787,0.29571,-22.54,-21.39,68.56,0.8679
783,TRACKING,-0.76016,0.19850,-0.33954,0.00593,0.45168,0.28581,1.87927,-1.44840,0.0399,0.665,1.8931,-1.4679,0.1303,1.4855,0.46666,0.28203,-27.16,-25.64,92.27,0.7703
793,TRACKING,-0.69056,0.21483,-0.28301,0.02620,0.43189,0.28798,1.81004,-1.36184,0.0105,0.405,1.8170,-1.3698,0.1332,1.4948,0.43696,0.27919,-25.65,-24.81,99.62,0.7216
803,TRACKING,-0.69176,0.24036,-0.28660,0.06042,0.43315,0.29996,1.80263,-1.38849,0.0118,0.588,1.8095,-1.3828,0.1228,1.4948,0.42866,0.27870,-21.43,-22.60,96.75,0.7360
813,TRACKING,-0.64449,0.21571,-0.22884,0.01765,0.41293,0.28581,1.74895,-1.27606,0.0275,0.520,1.7561,-1.2909,-0.1410,1.1788,0.42685,0.29301,11.24,5.59,109.55,0.6674
823,TRACKING,-0.61254,0.19246,-0.20167,-0.00578,0.40342,0.28581,1.71733,-1.23627,0.0146,0.592,1.7230,-1.2430,-0.3608,-0.3241,0.41510,0.29951,21.98,20.88,114.73,0.6345
833,TRACKING,-0.46559,0.11506,0.01206,-0.09419,0.33984,0.25984,1.54154,-0.94808,0.1336,0.728,1.5850,-1.0154,-0.2846,-0.9361,0.39727,0.31441,9.94,11.41,154.28,0.4049
843,TRACKING,-0.08983,0.06793,0.35469,-0.14040,0.22270,0.24367,1.13435,-0.52463,0.0872,0.716,1.1655,-0.5667,-0.0701,-0.3165,0.35720,0.30690,-11.18,-8.54,178.31,0.0710
853,TRACKING,-0.04733,0.02179,0.34825,-0.17198,0.22495,0.23262,1.16895,-0.51373,0.0281,0.808,1.1540,-0.5059,-0.0400,-0.3156,0.31270,0.29267,-7.59,-8.10,174.86,0.0600
863,TRACKING,-0.04973,0.00615,0.36119,-0.18475,0.22042,0.22815,1.16022,-0.49226,0.0148,0.625,1.1672,-0.4977,-0.0568,-0.4775,0.27232,0.28875,-7.64,-6.60,176.15,0.0446
873,TRACKING,-0.03185,-0.00573,0.37711,-0.19951,0.21485,0.22298,1.14888,-0.46652,0.0110,0.644,1.1563,-0.4714,-0.0463,-0.5386,0.24022,0.26607,-7.13,-8.25,176.65,0.0299
883,TRACKING,-0.01392,-0.02012,0.39549,-0.21001,0.20842,0.21931,1.12984,-0.44037,0.0136,0.618,1.1357,-0.4460,-0.0403,-0.1401,0.21677,0.22773,-10.64,-9.43,178.25,0.0224
893,TRACKING,-0.00308,-0.02705,0.39314,-0.21276,0.20924,0.21835,1.13617,-0.44160,0.0262,0.666,1.1260,-0.4297,0.0453,1.0997,0.20845,0.21954,-25.16,-19.95,176.71,0.0259
903,TRACKING,-0.02566,0.01951,0.38066,-0.16066,0.21361,0.23658,1.11006,-0.48411,0.0147,0.752,1.1182,-0.4785,0.0981,1.4933,0.20593,0.21472,-19.87,-20.74,179.20,0.0384
913,TRACKING,-0.02879,0.02931,0.36442,-0.15790,0.21929,0.23755,1.13302,-0.50362,0.0330,0.701,1.1189,-0.4898,0.0599,1.4933,0.20867,0.22807,-14.03,-16.15,176.74,0.0521
923,TRACKING,-0.10014,0.06645,0.30242,-0.12402,0.24099,0.24940,1.19946,-0.59240,0.0069,0.720,1.1945,-0.5876,-0.1586,1.4933,0.23336,0.24955,2.11,3.16,174.31,0.1223
933,TRACKING,-0.09264,0.06115,0.31515,-0.12904,0.23653,0.24765,1.18468,-0.57520,0.0085,0.760,1.1911,-0.5808,-0.1499,1.4933,0.24576,0.26211,-0.45,0.55,175.62,0.1089
943,TRACKING,-0.08814,0.05672,0.31894,-0.13525,0.23521,0.24547,1.18367,-0.56733,0.0062,0.757,1.1836,-0.5735,-0.1508,1.4933,0.24169,0.25861,-1.17,0.56,175.69,0.1024
953,TRACKING,-0.07443,0.05202,0.32650,-0.13509,0.23256,0.24553,1.17250,-0.55899,0.0142,0.762,1.1649,-0.5518,-0.0867,1.4933,0.23836,0.25454,-4.00,-3.83,175.80,0.0962
963,TRACKING,-0.08464,0.05727,0.31941,-0.13162,0.23504,0.24674,1.18034,-0.56892,0.0094,0.750,1.1727,-0.5635,-0.0764,1.4933,0.23538,0.25237,-6.91,-6.06,175.69,0.1040
973,TRACKING,-0.07719,0.05724,0.32668,-0.13548,0.23250,0.24539,1.17252,-0.55857,0.0092,0.711,1.1671,-0.5598,0.0454,1.4933,0.23764,0.25347,-21.65,-19.12,176.21,0.0958
983,TRACKING,-0.06454,0.04918,0.33988,-0.13733,0.22788,0.24474,1.15435,-0.54280,0.0065,0.715,1.1546,-0.5363,0.0510,0.5969,0.22876,0.24046,-15.37,-16.23,177.33,0.0841
993,TRACKING,-0.07156,0.05875,0.32970,-0.12813,0.23144,0.24796,1.16275,-0.55955,0.0132,1.182,1.1577,-0.5535,0.0663,1.0028,0.22565,0.23977,-17.13,-18.14,177.09,0.0978
1003,TRACKING,-0.07834,0.06206,0.32373,-0.12014,0.23353,0.25076,1.16589,-0.57098,0.0108,0.712,1.1670,-0.5645,0.0749,1.4036,0.22473,0.23821,-11.06,-17.68,177.44,0.1075
1013,TRACKING,-0.07801,0.06202,0.33345,-0.14036,0.23013,0.24369,1.16616,-0.54817,0.0181,0.747,1.1632,-0.5589,-0.2164,0.4274,0.23441,0.25354,11.95,9.75,176.61,0.0874
1023,TRACKING,-0.07125,0.04370,0.33779,-0.15761,0.22861,0.23765,1.17294,-0.53343,0.0187,0.758,1.1667,-0.5440,-0.0837,-0.5867,0.23744,0.25986,-6.99,-6.45,175.38,0.0750
1033,TRACKING,-0.05329,0.02110,0.35322,-0.16503,0.22321,0.23505,1.15579,-0.51202,0.0108,0.715,1.1622,-0.5109,-0.0439,-1.4945,0.22985,0.24055,-13.83,-10.11,177.64,0.0579
1043,TRACKING,-0.05407,0.04876,0.34962,-0.12975,0.22447,0.24740,1.13420,-0.53662,0.0156,0.707,1.1406,-0.5298,0.2169,1.2347,0.22112,0.23175,-36.66,-34.72,179.14,0.0821
1053,TRACKING,-0.05398,0.06554,0.34874,-0.12341,0.22478,0.24962,1.13099,-0.54146,0.0088,0.729,1.1243,-0.5357,0.2744,1.4926,0.20917,0.22904,-38.08,-37.49,179.12,0.0874
1063,TRACKING,-0.04764,0.06622,0.36096,-0.12689,0.22050,0.24840,1.11491,-0.52598,0.0097,0.745,1.1146,-0.5318,0.0465,0.0795,0.20979,0.23183,-10.06,-12.92,179.93,0.0772
1073,TRACKING,-0.02486,0.05560,0.38446,-0.13680,0.21228,0.24493,1.08561,-0.49435,0.0109,0.708,1.0905,-0.5017,-0.0253,-1.4870,0.21846,0.24672,-10.44,-9.47,178.37,0.0572
1083,TRACKING,-0.01653,0.05504,0.38803,-0.13498,0.21103,0.24557,1.07863,-0.49163,0.0025,0.727,1.0796,-0.4940,-0.0208,-1.4922,0.21368,0.24846,-12.09,-10.98,178.19,0.0577
1093,TRACKING,-0.03448,0.05784,0.36158,-0.12910,0.22029,0.24763,1.11555,-0.52394,0.0242,0.939,1.1048,-0.5142,-0.0208,-1.4922,0.21230,0.24760,-11.02,-10.98,179.12,0.0750
1103,TRACKING,-0.03546,0.04163,0.36487,-0.14887,0.21913,0.24071,1.12525,-0.50840,0.0137,0.740,1.1185,-0.5005,0.1176,0.3702,0.21239,0.24092,-30.71,-26.78,178.51,0.0578
1113,TRACKING,-0.12133,0.08842,0.26879,-0.09793,0.25276,0.25854,1.22935,-0.64580,0.0357,0.754,1.2139,-0.6309,0.0374,1.4932,0.22148,0.23585,0.51,-10.14,173.95,0.1648
1123,TRACKING,-0.12584,0.05973,0.28307,-0.13234,0.24776,0.24649,1.23274,-0.60945,0.0096,0.728,1.2395,-0.6164,-0.1991,1.4932,0.25300,0.25619,7.83,6.94,173.51,0.1353
1133,TRACKING,-0.12289,0.04543,0.28176,-0.14796,0.24822,0.24103,1.24600,-0.60227,0.0057,0.634,1.2414,-0.6056,-0.2369,1.4932,0.25496,0.25990,11.20,10.06,172.25,0.1306
1143,TRACKING,-0.12904,0.04653,0.27350,-0.14039,0.25111,0.24367,1.25188,-0.61588,0.0090,0.613,1.2479,-0.6110,-0.2462,1.4932,0.25788,0.26132,11.57,10.59,171.81,0.1410
1153,TRACKING,-0.10102,0.05158,0.32330,-0.13012,0.23368,0.24727,1.17358,-0.56548,0.0537,0.733,1.2025,-0.5797,-0.2349,1.4887,0.25943,0.26077,6.28,8.33,178.23,0.1016
1163,TRACKING,-0.07449,0.02463,0.33449,-0.18574,0.22977,0.22780,1.20090,-0.52195,0.0267,0.643,1.1920,-0.5352,-0.0785,-0.9558,0.23839,0.26966,-9.71,-7.84,173.39,0.0711
1173,TRACKING,-0.03809,-0.01040,0.37641,-0.19735,0.21509,0.22374,1.14801,-0.46844,0.0246,0.623,1.1612,-0.4751,0.0432,-1.4945,0.23159,0.22760,-19.76,-18.19,177.38,0.0300
1183,TRACKING,-0.04539,-0.02348,0.36381,-0.22714,0.21950,0.21331,1.19522,-0.46787,0.0180,0.661,1.1899,-0.4773,0.1716,-1.0249,0.21342,0.21952,-39.32,-31.59,174.36,0.0558
1193,TRACKING,-0.03116,0.00132,0.36859,-0.16626,0.21783,0.23462,1.13336,-0.49421,0.0287,0.759,1.1421,-0.4794,0.2306,1.4840,0.19976,0.19630,-30.83,-31.95,178.70,0.0438
1203,TRACKING,-0.00199,0.04793,0.40446,-0.14408,0.20528,0.24238,1.05912,-0.46827,0.0046,0.705,1.0573,-0.4725,0.0710,1.4943,0.20269,0.22709,-11.35,-14.97,176.69,0.0459
1213,TRACKING,-0.04142,0.05724,0.35665,-0.14912,0.22201,0.24062,1.13801,-0.51732,0.0348,0.710,1.1172,-0.5206,-0.0345,1.4943,0.21669,0.25124,-17.91,-11.74,176.80,0.0637
1223,TRACKING,-0.17552,-0.08007,0.17334,-0.30562,0.28617,0.18585,1.52157,-0.66847,0.1662,0.846,1.4345,-0.6198,0.0620,-0.3359,0.22786,0.23338,-27.05,-21.45,147.37,0.2593
1233,TRACKING,-0.79139,-0.01573,-0.54764,-0.15796,0.47000,0.23753,1.99673,-1.46658,0.1793,0.615,1.9571,-1.3665,0.4403,1.4774,0.25732,0.22622,-58.57,-56.22,12.41,0.9536
1243,TRACKING,-0.98143,0.07254,-0.58317,-0.12503,0.47000,0.24905,1.98205,-1.48105,0.0074,0.410,1.9752,-1.4839,0.4949,1.4951,0.28300,0.21495,-57.18,-57.32,15.06,0.9908
1253,TRACKING,-0.99200,0.07714,-0.58558,-0.10282,0.47000,0.25683,1.97277,-1.49162,0.0096,0.385,1.9785,-1.4839,0.4912,1.4951,0.31245,0.20416,-53.38,-55.94,13.37,0.9949
1263,TRACKING,-0.98403,0.10006,-0.57487,-0.09100,0.47000,0.26096,1.96803,-1.49751,0.0038,0.611,1.9714,-1.4959,0.4812,1.4951,0.35264,0.19450,-55.46,-55.61,24.25,0.9853
1273,TRACKING,-0.98294,0.14397,-0.57706,-0.02971,0.47000,0.28241,1.94582,-1.53107,0.0157,0.476,1.9513,-1.5234,0.5211,1.4951,0.38756,0.17950,-64.70,-60.99,10.32,0.9955
1283,TRACKING,-0.91017,0.22294,-0.45582,0.03442,0.47000,0.29086,1.93817,-1.54570,0.0011,0.893,1.9393,-1.5456,0.2265,1.1656,0.41483,0.18943,-3.44,-19.37,77.72,0.8900
1293,TRACKING,-0.70492,0.29225,-0.29105,0.14349,0.43471,0.32903,1.78534,-1.45308,0.0410,0.509,1.7970,-1.4315,-0.0785,-1.4648,0.44803,0.25488,-9.47,-5.98,85.66,0.7722
1303,TRACKING,-0.80915,0.54893,-0.41123,0.38420,0.47000,0.41328,1.90647,-1.86166,0.0452,0.628,1.9007,-1.8352,0.0827,-1.4924,0.44648,0.31481,-23.94,-21.95,3.58,0.9983
1313,TRACKING,-0.82220,0.52175,-0.41450,0.31697,0.47000,0.38975,1.89968,-1.78341,0.0228,0.618,1.9007,-1.7971,0.0887,-1.4924,0.46683,0.33670,-18.09,-19.20,38.82,0.9640
1323,TRACKING,-0.80443,0.39743,-0.38160,0.16665,0.46640,0.33714,1.89455,-1.62244,0.0691,0.547,1.9007,-1.6637,0.0551,-1.4924,0.46985,0.37306,-10.66,-15.34,79.64,0.8641
1333,TRACKING,-0.73937,0.30520,-0.33058,0.11369,0.44854,0.31860,1.84087,-1.49497,0.0105,0.373,1.8457,-1.5017,-0.0385,-1.4924,0.45957,0.35146,-8.60,-8.33,84.94,0.7962
1343,TRACKING,-0.77123,0.30901,-0.38077,0.12272,0.46611,0.32177,1.90154,-1.58671,0.0483,0.469,1.8862,-1.5621,0.0599,-0.7391,0.45147,0.32522,-23.82,-21.35,73.82,0.8461
1353,TRACKING,-0.79965,0.34934,-0.39495,0.16420,0.47000,0.33628,1.90826,-1.63881,0.0100,0.491,1.9037,-1.6335,0.0952,0.3125,0.46513,0.31955,-18.70,-20.09,67.32,0.8753
1363,TRACKING,-0.79735,0.34760,-0.38896,0.16378,0.46897,0.33613,1.90452,-1.63321,0.0076,0.432,1.9037,-1.6256,0.1184,1.1003,0.46581,0.32278,-24.32,-23.37,69.72,0.8696
1373,TRACKING,-0.80483,0.36304,-0.40456,0.17493,0.47000,0.34004,1.90668,-1.64765,0.0089,0.504,1.9037,-1.6427,0.1289,1.1625,0.46591,0.32418,-23.90,-24.54,62.35,0.8884
1383,TRACKING,-0.78719,0.36958,-0.38267,0.18433,0.46677,0.34333,1.89334,-1.63898,0.0102,0.495,1.8925,-1.6329,0.1200,1.2299,0.46641,0.32809,-22.93,-22.59,63.32,0.8725
1393,TRACKING,-0.80311,0.38044,-0.40075,0.19336,0.47000,0.34649,1.90428,-1.66328,0.0090,0.605,1.8995,-1.6556,0.1200,1.2265,0.46609,0.33519,-23.90,-23.05,58.87,0.8927
1403,TRACKING,-0.77815,0.39989,-0.34816,0.20705,0.45470,0.35128,1.84446,-1.59541,0.0659,0.751,1.8662,-1.6284,0.1234,1.3692,0.46696,0.34088,-21.50,-22.51,76.06,0.8518
1413,TRACKING,-0.72423,0.26366,-0.24189,0.00551,0.41750,0.28581,1.76416,-1.29548,0.2669,0.414,1.8330,-1.4401,0.0912,1.4939,0.45876,0.33078,-16.64,-19.12,135.68,0.6762
1423,TRACKING,-0.39320,0.11939,0.04159,-0.07851,0.33228,0.26533,1.50735,-0.92877,0.0439,1.047,1.5213,-0.9511,-0.0809,1.4939,0.43672,0.33460,-6.04,-4.14,155.01,0.3806
1433,TRACKING,-0.22035,0.10842,0.22240,-0.07884,0.26900,0.26522,1.28068,-0.71016,0.0884,0.528,1.3213,-0.7443,-0.1191,1.4939,0.40056,0.35627,0.68,-0.76,173.81,0.2142
1443,TRACKING,-0.08939,0.08003,0.31980,-0.11639,0.23491,0.25208,1.16904,-0.57761,0.0127,0.740,1.1699,-0.5852,-0.1632,1.4939,0.36117,0.36407,1.32,2.73,179.90,0.1129
1453,TRACKING,-0.44217,0.04713,-0.27914,-0.12709,0.43054,0.24833,1.85349,-1.29680,0.5862,0.642,1.6349,-1.0213,-0.3778,1.4939,0.31994,0.36858,26.01,24.65,66.93,0.6875
1463,TRACKING,-0.96696,0.16288,-0.57301,-0.01711,0.47000,0.28581,1.94267,-1.53686,0.0117,0.497,1.9395,-1.5301,-0.1658,0.9447,0.34354,0.37882,-21.07,-8.90,13.49,0.9936
1473,TRACKING,-0.94011,0.05702,-0.50387,-0.14035,0.47000,0.24369,1.98875,-1.47414,0.0085,0.368,1.9831,-1.4804,0.0236,1.4907,0.38774,0.35498,-13.88,-14.79,70.29,0.9107
1483,TRACKING,-0.50780,0.05835,-0.01588,-0.12114,0.33984,0.25041,1.55703,-0.93453,0.1948,0.708,1.6364,-1.0204,-0.1073,1.4944,0.42006,0.31705,-1.50,-1.34,145.35,0.4269
1493,TRACKING,-0.24215,0.06198,0.20071,-0.13987,0.27659,0.24386,1.34877,-0.70112,0.0822,0.866,1.3779,-0.7409,-0.2595,1.4944,0.39120,0.32337,0.00,15.34,163.46,0.2108
1503,TRACKING,-0.11082,0.05674,0.31222,-0.14374,0.23756,0.24250,1.19968,-0.57000,0.0424,1.048,1.2130,-0.5917,-0.1802,1.4944,0.35021,0.33083,3.97,4.64,174.73,0.1041
1513,TRACKING,-0.06113,-0.00635,0.35164,-0.20413,0.22376,0.22137,1.19176,-0.49302,0.0181,0.614,1.1966,-0.5027,-0.0892,1.4944,0.30891,0.32593,-6.41,-5.42,174.59,0.0557
1523,TRACKING,-0.05756,-0.00543,0.34516,-0.20066,0.22603,0.22258,1.19825,-0.50216,0.0140,0.633,1.1898,-0.5027,-0.0414,1.4944,0.26769,0.31010,-12.44,-9.48,172.88,0.0612
1533,TRACKING,-0.08883,-0.01347,0.31418,-0.19771,0.23688,0.22361,1.24059,-0.53921,0.0085,0.628,1.2424,-0.5342,-0.0443,1.4944,0.25287,0.25717,-6.79,-7.78,172.48,0.0916
1543,TRACKING,-0.08213,-0.00919,0.32452,-0.19574,0.23326,0.22430,1.22406,-0.52827,0.0072,0.660,1.2307,-0.5310,-0.1058,1.4944,0.23951,0.22678,-0.48,-1.62,173.48,0.0812
1553,TRACKING,-0.07215,0.01950,0.34101,-0.17191,0.22748,0.23264,1.17968,-0.52192,0.0201,0.986,1.1888,-0.5299,-0.2349,1.4944,0.24060,0.24062,14.45,11.47,177.09,0.0669
1563,TRACKING,-0.06794,0.01042,0.33439,-0.18011,0.22980,0.22977,1.19628,-0.52502,0.0111,0.606,1.1891,-0.5199,-0.3461,1.4944,0.23832,0.25661,19.30,19.49,175.70,0.0718
1573,TRACKING,-0.07495,-0.00139,0.32947,-0.19274,0.23152,0.22535,1.21426,-0.52409,0.0085,0.629,1.2069,-0.5199,-0.2508,1.4944,0.24138,0.25155,7.02,8.97,174.10,0.0760
1583,TRACKING,-0.07226,-0.01020,0.33531,-0.20010,0.22948,0.22278,1.21223,-0.51370,0.0087,0.641,1.2183,-0.5199,-0.2176,1.4944,0.24056,0.24098,8.15,7.79,174.10,0.0709
1593,TRACKING,-0.07482,-0.00301,0.33117,-0.19056,0.23093,0.22612,1.20991,-0.52326,0.0090,0.657,1.2149,-0.5199,-0.2176,1.4944,0.24064,0.24035,7.06,7.79,175.08,0.0743
1603,TRACKING,-0.07608,0.01055,0.33087,-0.17716,0.23103,0.23081,1.19897,-0.53057,0.0092,0.610,1.2039,-0.5266,-0.2377,1.4944,0.24094,0.24411,10.78,9.81,176.23,0.0757
1613,TRACKING,-0.09750,0.02872,0.29974,-0.16080,0.24193,0.23653,1.23057,-0.57475,0.0206,0.894,1.2210,-0.5669,-0.1803,1.4944,0.24215,0.25260,-1.18,1.41,175.08,0.1097
1623,TRACKING,-0.09584,0.02533,0.31067,-0.16526,0.23810,0.23497,1.21852,-0.55989,0.0075,0.632,1.2210,-0.5669,-0.1643,1.4944,0.24662,0.25007,0.94,1.92,175.49,0.0980
1633,TRACKING,-0.10793,0.01200,0.30109,-0.17963,0.24146,0.22994,1.24380,-0.56335,0.0115,0.614,1.2510,-0.5687,-0.2120,1.4944,0.24781,0.24684,9.70,8.45,174.24,0.1049
1643,TRACKING,-0.07733,0.02385,0.32632,-0.16550,0.23263,0.23488,1.19609,-0.54199,0.0038,0.635,1.1924,-0.5410,-0.2702,-1.4134,0.24517,0.25367,10.57,11.41,176.39,0.0828
1653,TRACKING,-0.07691,0.02482,0.33228,-0.16673,0.23054,0.23446,1.18835,-0.53458,0.0075,0.736,1.1924,-0.5410,-0.1890,-1.4933,0.24182,0.25632,-5.77,1.41,177.41,0.0768
1663,TRACKING,-0.06294,0.03399,0.33942,-0.15341,0.22804,0.23912,1.16724,-0.53399,0.0112,0.734,1.1600,-0.5289,-0.1399,-1.4933,0.23322,0.24805,0.00,-2.75,178.33,0.0755
1673,TRACKING,-0.11999,0.03002,0.26706,-0.15750,0.25337,0.23769,1.27350,-0.61411,0.0457,0.649,1.2537,-0.5951,0.0420,1.4428,0.23479,0.24181,-12.66,-15.43,172.23,0.1422
1683,TRACKING,-0.16094,0.02605,0.24583,-0.16555,0.26080,0.23487,1.30835,-0.63473,0.0022,0.597,1.3079,-0.6369,0.0136,1.4926,0.25658,0.23583,-11.80,-12.93,172.41,0.1615
1693,TRACKING,-0.15696,0.02587,0.24374,-0.16712,0.26153,0.23432,1.31236,-0.63640,0.0148,0.539,1.3044,-0.6299,-0.0635,1.4926,0.25989,0.23363,-6.11,-5.29,170.39,0.1633
1703,TRACKING,-0.18311,0.02232,0.21672,-0.16641,0.27099,0.23457,1.34736,-0.66871,0.0141,0.628,1.3415,-0.6626,-0.0867,1.4926,0.26638,0.23818,-5.90,-5.03,169.83,0.1902
1713,TRACKING,-0.19656,0.02617,0.20685,-0.16232,0.27444,0.23600,1.35706,-0.68247,0.0110,0.867,1.3498,-0.6775,-0.0472,1.4926,0.27317,0.23904,-6.69,-7.90,168.28,0.2005
1723,TRACKING,-0.20996,0.03285,0.18989,-0.15485,0.28038,0.23862,1.37332,-0.70645,0.0147,0.839,1.3683,-0.6991,-0.0922,1.4926,0.27592,0.23990,-3.68,-3.32,166.66,0.2184
1733,TRACKING,-0.21331,0.02749,0.19461,-0.16276,0.27873,0.23584,1.37309,-0.69691,0.0068,0.820,1.3757,-0.7032,-0.0827,1.4926,0.28379,0.24383,0.00,-5.44,166.67,0.2126
1743,TRACKING,-0.19066,0.01785,0.21441,-0.17611,0.27180,0.23117,1.35777,-0.66678,0.0075,0.831,1.3512,-0.6704,-0.0827,1.4926,0.28275,0.24321,0.00,-5.44,167.81,0.1916
1753,TRACKING,-0.21008,0.01908,0.19417,-0.16302,0.27888,0.23575,1.37384,-0.69731,0.0118,0.826,1.3775,-0.6905,0.0513,1.4926,0.27427,0.23014,-18.65,-17.46,169.25,0.2130
1763,TRACKING,-0.22109,0.03800,0.18399,-0.15086,0.28244,0.24001,1.37797,-0.71551,0.0055,0.614,1.3742,-0.7115,0.0689,1.4926,0.27578,0.23289,-18.61,-18.99,168.41,0.2249
1773,TRACKING,-0.18910,0.00116,0.22121,-0.19612,0.26941,0.22417,1.36489,-0.64937,0.0118,0.636,1.3632,-0.6564,0.0758,-0.6397,0.27282,0.23073,-15.46,-17.53,167.29,0.1844
1783,TRACKING,-0.15112,-0.03476,0.26018,-0.23118,0.25578,0.21190,1.34441,-0.58754,0.0131,0.645,1.3478,-0.5951,0.0493,-1.4948,0.26538,0.21607,-18.19,-17.28,166.64,0.1510
1793,TRACKING,-0.07337,-0.07250,0.35137,-0.26489,0.22386,0.20010,1.25214,-0.46577,0.0466,0.845,1.2725,-0.4849,-0.0590,-0.5717,0.24632,0.20247,-2.28,-4.47,169.91,0.0924
1803,TRACKING,0.01342,-0.03204,0.42717,-0.21430,0.20000,0.21781,1.09512,-0.41120,0.0182,0.744,1.1054,-0.4173,-0.1615,-0.1560,0.21870,0.20800,0.86,2.12,179.80,0.0326
1813,TRACKING,0.03218,-0.04571,0.43904,-0.23941,0.20000,0.20902,1.12046,-0.39844,0.0098,2.052,1.1134,-0.4052,-0.1563,-0.3219,0.20847,0.22884,0.07,1.12,177.83,0.0598
1823,TRACKING,0.05520,-0.04209,0.46295,-0.23333,0.20000,0.21115,1.11414,-0.40143,0.0039,0.769,1.1134,-0.4052,-0.1427,-0.4597,0.20790,0.22443,-1.34,-0.30,179.92,0.0720
1833,TRACKING,-0.05195,-0.07595,0.32683,-0.25780,0.23245,0.20258,1.27968,-0.49752,0.0589,0.842,1.2588,-0.4690,-0.0717,-1.3917,0.20698,0.22048,-7.34,-6.50,171.28,0.1039
1843,TRACKING,-0.09611,0.02355,0.31174,-0.14733,0.23773,0.24125,1.20307,-0.56851,0.0276,0.775,1.2187,-0.5632,-0.0318,-1.4949,0.23813,0.21991,-5.00,-7.54,179.50,0.1030
1853,TRACKING,-0.08747,0.04497,0.32033,-0.15322,0.23472,0.23918,1.19515,-0.55552,0.0121,2.100,1.1885,-0.5616,-0.0799,-1.4938,0.24271,0.25183,-3.60,-4.45,179.01,0.0927
1863,TRACKING,-0.05646,0.07034,0.35225,-0.12253,0.22355,0.24993,1.12506,-0.53817,0.0128,1.267,1.1280,-0.5456,-0.1281,-0.9816,0.23435,0.25495,-3.82,-0.96,178.16,0.0859
1873,TRACKING,-0.06221,0.00179,0.34621,-0.21025,0.22566,0.21922,1.20542,-0.49620,0.0294,0.749,1.1937,-0.5094,-0.1866,-0.8269,0.23100,0.25540,8.26,6.43,173.21,0.0626
1883,TRACKING,-0.12439,-0.12419,0.27087,-0.31063,0.25204,0.18409,1.40990,-0.54629,0.0202,0.820,1.4046,-0.5354,0.0202,-1.4891,0.23579,0.21155,-15.82,-14.92,159.72,0.1808
1893,TRACKING,-0.14738,-0.07125,0.24686,-0.26089,0.26044,0.20150,1.38945,-0.59197,0.0294,1.817,1.3762,-0.5803,-0.0535,-1.4935,0.25029,0.19246,-4.22,-5.89,160.62,0.1737
1903,TRACKING,-0.22634,-0.04239,0.16184,-0.23282,0.29019,0.21132,1.46914,-0.70667,0.0403,0.940,1.4516,-0.6900,-0.0882,-1.2516,0.27093,0.21426,-3.53,-4.62,154.89,0.2474
1913,TRACKING,-0.31031,-0.01133,0.07948,-0.19659,0.31902,0.22400,1.53774,-0.82444,0.0349,0.701,1.5259,-0.8072,-0.0183,-1.3476,0.30187,0.22544,-16.95,-13.74,150.67,0.3260
1923,TRACKING,-0.35754,0.02326,0.03888,-0.16442,0.33323,0.23526,1.56230,-0.89011,0.0205,0.717,1.5555,-0.8799,-0.0045,-1.4792,0.32115,0.22883,-12.14,-11.41,153.69,0.3675
1933,TRACKING,-0.34835,0.01456,0.04535,-0.17398,0.33096,0.23192,1.56125,-0.87763,0.0308,0.740,1.5490,-0.8638,-0.0147,-1.4925,0.32155,0.22849,-7.41,-9.27,153.35,0.3605
1943,TRACKING,-0.40777,0.01632,-0.00843,-0.17468,0.33984,0.23167,1.59075,-0.91030,0.0092,0.886,1.5828,-0.9056,-0.0491,-1.4925,0.33793,0.23455,-6.27,-7.08,148.24,0.4142
1953,TRACKING,-0.44676,0.01040,-0.04337,-0.18328,0.34802,0.22866,1.62290,-0.93756,0.0066,0.713,1.6172,-0.9343,-0.0902,-1.4925,0.34564,0.23925,-5.16,-4.20,141.58,0.4489
1963,TRACKING,-0.45519,-0.01996,-0.05253,-0.21756,0.35122,0.21667,1.65653,-0.93674,0.0118,0.696,1.6496,-0.9344,-0.0617,-1.4925,0.35309,0.23269,-11.17,-8.15,138.91,0.4588
1973,TRACKING,-0.45109,-0.00933,-0.04790,-0.19773,0.34960,0.22361,1.63767,-0.93790,0.0098,0.693,1.6341,-0.9324,-0.0656,-0.4826,0.35043,0.22167,-7.58,-6.51,140.12,0.4534
1983,TRACKING,-0.46343,-0.00858,-0.05906,-0.20211,0.35351,0.22207,1.65305,-0.95116,0.0082,0.744,1.6451,-0.9493,0.0404,-1.0216,0.35223,0.22933,-20.52,-18.30,138.34,0.4647
1993,TRACKING,-0.47294,-0.00373,-0.06478,-0.19112,0.35551,0.22592,1.65201,-0.96303,0.0014,0.696,1.6530,-0.9640,0.0804,-1.4842,0.35090,0.21908,-19.56,-19.94,139.22,0.4702
2003,TRACKING,-0.46538,-0.00280,-0.06074,-0.19207,0.35410,0.22559,1.64816,-0.95725,0.0016,4.900,1.6497,-0.9566,0.1519,-1.4922,0.34958,0.21867,-28.20,-27.16,138.65,0.4662
2013,TRACKING,-0.45021,-0.00714,-0.04432,-0.20257,0.34835,0.22191,1.63701,-0.93129,0.0025,0.642,1.6372,-0.9337,0.2144,-0.9674,0.34294,0.21386,-36.27,-33.39,137.40,0.4500
2023,TRACKING,-0.41935,-0.01805,0.00620,-0.21407,0.33984,0.21789,1.61801,-0.89481,0.0108,0.895,1.6186,-0.9013,0.2913,1.4826,0.33009,0.20345,-36.35,-37.59,142.96,0.4000
2033,TRACKING,-0.33517,-0.05148,0.07490,-0.24185,0.32062,0.20817,1.57744,-0.81342,0.0072,0.664,1.5825,-0.8186,0.1724,1.4937,0.31621,0.19644,-16.66,-23.07,146.51,0.3346
2043,TRACKING,-0.31435,-0.09322,0.10247,-0.29455,0.31098,0.18972,1.59097,-0.76160,0.0280,0.823,1.5944,-0.7783,0.0364,-1.4819,0.31523,0.19849,-26.42,-19.72,147.51,0.3205
2053,TRACKING,-0.25261,-0.12378,0.17089,-0.32278,0.28703,0.17984,1.54123,-0.66704,0.0388,0.831,1.5507,-0.6883,0.2553,1.4376,0.29793,0.17826,-37.06,-35.91,150.92,0.2696
2063,TRACKING,-0.16636,-0.17427,0.25713,-0.37148,0.25684,0.16279,1.49557,-0.54835,0.0379,0.729,1.5072,-0.5679,0.1858,1.4951,0.26062,0.16018,-18.02,-24.61,153.48,0.2344
2073,TRACKING,-0.08010,-0.20954,0.33644,-0.39863,0.22908,0.15329,1.43565,-0.44562,0.0281,0.720,1.4486,-0.4564,-0.0608,1.2034,0.23988,0.15343,-7.95,-6.87,156.17,0.2198
2083,TRACKING,-0.03713,-0.19259,0.36295,-0.38180,0.21981,0.15918,1.37899,-0.41624,0.0127,0.713,1.3739,-0.4105,0.0059,-0.5495,0.22551,0.15808,-18.09,-14.70,157.87,0.1965
2093,TRACKING,-0.06864,-0.21914,0.33644,-0.42410,0.22909,0.14438,1.47112,-0.44210,0.0326,0.737,1.4515,-0.4428,-0.0108,-0.3643,0.22239,0.15332,-17.76,-12.80,151.06,0.2441
2103,TRACKING,-0.26257,-0.22446,0.06181,-0.39776,0.32521,0.15360,1.73034,-0.79403,0.1765,0.842,1.6767,-0.7027,0.1214,0.9253,0.23549,0.14031,-20.12,-21.87,132.07,0.4016
2113,TRACKING,-0.40445,-0.12005,0.02307,-0.30352,0.33876,0.18658,1.68421,-0.86310,0.0206,0.818,1.6943,-0.8702,0.1078,-1.2083,0.27438,0.13264,-23.13,-22.43,148.18,0.3989
2123,TRACKING,-0.26921,-0.03589,0.14898,-0.21101,0.29469,0.21896,1.46674,-0.73116,0.0356,0.829,1.4869,-0.7383,-0.0783,-1.4870,0.30966,0.17759,0.64,-1.94,166.32,0.2573
2133,TRACKING,-0.25042,-0.01951,0.15148,-0.20750,0.29382,0.22019,1.46094,-0.72950,0.0119,0.843,1.4559,-0.7245,-0.0619,-1.4922,0.29812,0.21574,-5.38,-6.54,167.05,0.2546
2143,TRACKING,-0.26342,-0.01108,0.14135,-0.20032,0.29737,0.22270,1.46753,-0.74502,0.0068,0.681,1.4637,-0.7394,-0.0577,-1.4922,0.29802,0.22511,-6.52,-7.62,167.87,0.2643
2153,TRACKING,-0.24790,0.01940,0.15770,-0.16137,0.29164,0.23633,1.41849,-0.74224,0.0110,0.652,1.4263,-0.7345,0.0085,-1.4922,0.30036,0.22781,-18.94,-15.52,173.37,0.2494
2163,TRACKING,-0.27338,0.00566,0.12765,-0.19174,0.30216,0.22570,1.47743,-0.76568,0.0164,0.617,1.4687,-0.7582,0.1049,-1.4922,0.29002,0.22647,-20.13,-21.09,168.71,0.2778
2173,TRACKING,-0.24014,0.03366,0.16380,-0.15382,0.28951,0.23897,1.40551,-0.73843,0.0076,0.618,1.4026,-0.7315,0.0487,-1.4922,0.28540,0.23095,-15.10,-16.18,174.54,0.2443
2183,TRACKING,-0.23101,0.04614,0.16327,-0.14471,0.28969,0.24216,1.39979,-0.74357,0.0332,0.769,1.3849,-0.7303,0.0605,-1.4922,0.28111,0.23810,-23.96,-19.27,174.78,0.2464
2193,TRACKING,-0.24974,0.03975,0.15599,-0.15468,0.29224,0.23867,1.41585,-0.74753,0.0045,0.614,1.4122,-0.7502,0.0791,-1.4922,0.28850,0.23547,-20.49,-19.34,174.07,0.2520
2203,TRACKING,-0.23676,0.02599,0.18000,-0.16300,0.28384,0.23576,1.39179,-0.71439,0.0280,0.621,1.4044,-0.7255,0.0610,-1.4922,0.28660,0.23044,-13.08,-16.05,175.50,0.2271
2213,TRACKING,-0.24624,-0.11402,0.16588,-0.33372,0.28878,0.17601,1.55781,-0.67073,0.0345,0.852,1.5434,-0.6856,0.2112,-1.4922,0.28420,0.22014,-33.80,-32.97,150.89,0.2794
2223,TRACKING,-0.24392,-0.15684,0.15641,-0.34862,0.29210,0.17079,1.58335,-0.67947,0.0148,0.829,1.5766,-0.6737,0.2456,1.4016,0.27072,0.16360,-33.01,-33.82,145.63,0.2953
2233,TRACKING,-0.23840,-0.17267,0.17413,-0.36720,0.28589,0.16429,1.58350,-0.65331,0.0208,0.653,1.5889,-0.6653,0.2082,1.4923,0.27374,0.15581,-26.94,-29.60,147.01,0.2914
2243,TRACKING,-0.24487,-0.22919,0.15714,-0.42811,0.29184,0.14297,1.66820,-0.66675,0.0187,0.730,1.6577,-0.6600,0.1100,1.4923,0.27281,0.14970,-20.53,-21.41,140.50,0.3441
2253,TRACKING,-0.27394,-0.24712,0.12433,-0.43647,0.30332,0.14005,1.70964,-0.70838,0.0154,0.739,1.7048,-0.7005,0.0990,1.4923,0.28458,0.13572,-17.71,-20.12,136.41,0.3739
2263,TRACKING,-0.26550,-0.25557,0.14568,-0.44406,0.29585,0.13739,1.69750,-0.68029,0.0145,0.749,1.7043,-0.6858,0.0787,1.4923,0.29708,0.13476,-19.33,-18.73,139.16,0.3634
2273,TRACKING,-0.21560,-0.22529,0.19715,-0.40834,0.27784,0.14989,1.60477,-0.61781,0.0239,0.748,1.6175,-0.6245,0.0726,1.4923,0.28346,0.13888,-21.24,-19.61,146.69,0.3018
2283,TRACKING,-0.22528,-0.18573,0.17719,-0.37176,0.28482,0.16270,1.58508,-0.64860,0.0091,0.737,1.5881,-0.6435,0.1991,1.4923,0.27237,0.14968,-34.95,-32.53,146.22,0.2918
2293,TRACKING,-0.28053,-0.12748,0.12441,-0.30328,0.30330,0.18666,1.57458,-0.73109,0.0189,0.811,1.5858,-0.7282,0.4827,1.4923,0.27129,0.15496,-56.38,-57.42,151.00,0.3030
2303,TRACKING,-0.23091,-0.05990,0.18749,-0.23869,0.28122,0.20927,1.44312,-0.67274,0.0374,0.861,1.4631,-0.6829,0.4180,1.4923,0.26297,0.17050,-49.42,-49.10,161.86,0.2234
2313,TRACKING,-0.19901,-0.05509,0.20984,-0.24242,0.27340,0.20796,1.41889,-0.64392,0.0105,0.863,1.4268,-0.6508,0.4180,1.4923,0.25027,0.18168,-48.86,-49.90,163.10,0.2025
2323,TRACKING,-0.13107,0.04225,0.27774,-0.14804,0.24963,0.24100,1.25165,-0.60684,0.0071,0.566,1.2540,-0.6135,0.4616,1.4923,0.23260,0.19675,0.00,-55.73,173.58,0.1344
2333,TRACKING,-0.16656,0.00651,0.23463,-0.18690,0.26472,0.22740,1.33998,-0.63758,0.0126,0.651,1.3335,-0.6312,0.4429,1.4923,0.22854,0.20338,-50.50,-51.39,167.24,0.1709
2343,TRACKING,-0.22139,0.01944,0.16474,-0.16823,0.28918,0.23393,1.41473,-0.73042,0.0462,0.614,1.3960,-0.7100,0.5963,1.4923,0.23536,0.20351,-72.30,-69.22,163.57,0.2417
2353,TRACKING,-0.25044,-0.02383,0.15529,-0.23854,0.29249,0.20932,1.48179,-0.71268,0.0344,0.826,1.4631,-0.7214,0.2893,-0.5206,0.25877,0.20048,-31.04,-34.18,154.28,0.2548
2363,TRACKING,-0.21664,-0.16889,0.20693,-0.36981,0.27441,0.16338,1.55046,-0.61139,0.0384,0.751,1.5597,-0.6325,0.1846,-0.2542,0.27052,0.17107,-35.42,-31.10,150.11,0.2679
2373,TRACKING,-0.18451,-0.14669,0.22590,-0.33024,0.26777,0.17723,1.48562,-0.59631,0.0186,0.702,1.4961,-0.6029,0.3174,1.4894,0.24905,0.15375,-40.61,-41.24,154.60,0.2279
2383,TRACKING,-0.16993,-0.12775,0.23439,-0.31408,0.26480,0.18288,1.45841,-0.59009,0.0075,0.836,1.4652,-0.5868,0.3221,1.4936,0.24372,0.16424,-43.04,-41.87,156.12,0.2114
2393,TRACKING,-0.17552,-0.11412,0.22652,-0.29240,0.26756,0.19047,1.44570,-0.60619,0.0203,0.613,1.4549,-0.5982,0.3621,1.2364,0.23849,0.16471,-38.56,-42.96,158.10,0.2062
2403,TRACKING,-0.01358,-0.36649,0.42645,-0.66546,0.20000,0.07000,1.75145,-0.36040,0.1851,0.642,1.6421,-0.3798,0.1186,0.1905,0.22977,0.15561,0.00,-20.13,123.72,0.4760
2413,TRACKING,0.19673,-0.78656,0.64720,-1.00923,0.20000,0.07000,1.75145,-0.36040,0.0087,0.692,1.7463,-0.3674,0.1126,-1.3919,0.20823,0.13702,-18.04,-20.53,62.12,0.8542
2423,TRACKING,0.34621,-0.83369,0.78292,-1.02793,0.20000,0.07000,1.75145,-0.36040,0.0087,0.740,1.7463,-0.3674,0.1563,0.7383,0.20346,0.13641,0.00,-25.64,46.91,0.9191
2433,TRACKING,0.26747,-0.77480,0.67336,-0.95962,0.20000,0.07000,1.75145,-0.36040,0.0087,1.159,1.7463,-0.3674,0.1563,0.7383,0.20321,0.12805,0.00,-25.64,72.52,0.8149
2443,TRACKING,0.29447,-0.77497,0.71246,-0.97062,0.20000,0.07000,1.75145,-0.36040,0.0087,0.645,1.7463,-0.3674,0.1563,0.7383,0.22649,0.13670,0.00,-25.64,65.48,0.8389
2453,LOST_SHORT,0.40250,-0.78795,0.87294,-0.98341,0.20000,0.07000,1.75145,-0.36040,0.0087,0.699,1.7463,-0.3674,0.1563,0.7383,0.24320,0.13521,0.00,-25.64,78.42,0.0000
2463,TRACKING,0.25421,-0.83801,0.71306,-1.05748,0.20000,0.07000,1.75145,-0.36040,0.0087,0.739,1.7463,-0.3674,0.1563,0.7383,0.25437,0.13392,0.00,-25.64,42.16,0.9204
2473,TRACKING,0.24211,-0.95945,0.59933,-1.16359,0.20000,0.07000,1.75145,-0.36040,0.0087,2.621,1.7463,-0.3674,0.0917,-0.4350,0.25797,0.13428,-8.58,-15.76,15.22,0.9927
2483,TRACKING,0.17730,-0.94504,0.57840,-1.12924,0.20000,0.07000,1.75145,-0.36040,0.0087,0.662,1.7463,-0.3674,0.0594,-0.8610,0.26054,0.13818,0.00,-13.23,35.92,0.9551
2493,LOST_SHORT,0.16393,-0.92181,0.56460,-1.10294,0.20000,0.07000,1.75145,-0.36040,0.0087,0.704,1.7463,-0.3674,0.0594,-0.8610,0.25910,0.13807,0.00,-13.23,53.43,0.0000
2503,TRACKING,0.13605,-0.88026,0.56247,-1.04415,0.20000,0.07000,1.75145,-0.36040,0.0087,0.936,1.7463,-0.3674,-0.0708,-1.4702,0.26004,0.13600,0.00,-3.17,70.93,0.8685
2513,TRACKING,0.23497,-0.80335,0.64508,-1.00020,0.20000,0.07000,1.75145,-0.36040,0.0087,0.737,1.7463,-0.3674,0.0036,-1.4936,0.26086,0.13679,0.00,-16.52,62.91,0.8449
2523,TRACKING,0.07522,-0.90095,0.46996,-1.10202,0.20000,0.07000,1.75145,-0.36040,0.0087,1.708,1.7463,-0.3674,0.0629,0.6735,0.26097,0.13689,-10.48,-14.85,47.44,0.9143
2533,LOST_SHORT,0.16811,-0.89854,0.61957,-1.09437,0.20000,0.07000,1.75145,-0.36040,0.0087,0.755,1.7463,-0.3674,-0.0026,1.3215,0.26000,0.13589,0.00,-9.56,44.73,0.0000
2543,TRACKING,0.24409,-0.93303,0.64801,-1.12849,0.20000,0.07000,1.75145,-0.36040,0.0087,2.936,1.7463,-0.3674,0.0707,1.4357,0.25920,0.13566,0.00,-24.55,24.34,0.9694
2553,LOST_SHORT,0.22758,-0.93155,0.63917,-1.11546,0.20000,0.07000,1.75145,-0.36040,0.0087,2.776,1.7463,-0.3674,0.0863,1.1495,0.25895,0.13513,-26.05,-20.58,28.84,0.0000
2563,TRACKING,0.18406,-0.94277,0.56476,-1.13868,0.20000,0.07000,1.75145,-0.36040,0.0087,2.516,1.7463,-0.3674,0.0863,1.1495,0.25833,0.13781,0.00,-20.58,31.41,0.9620
2573,TRACKING,0.19553,-0.95159,0.60745,-1.14517,0.20000,0.07000,1.75145,-0.36040,0.0087,0.685,1.7463,-0.3674,0.0863,1.1495,0.25781,0.13850,0.00,-20.58,22.65,0.9763
2583,LOST_SHORT,0.21335,-0.96271,0.62901,-1.15465,0.20000,0.07000,1.75145,-0.36040,0.0087,0.945,1.7463,-0.3674,0.0863,1.1495,0.25547,0.13278,0.00,-20.58,9.71,0.0000
2593,TRACKING,0.11221,-0.99219,0.48891,-1.18627,0.20000,0.07000,1.75145,-0.36040,0.0087,2.245,1.7463,-0.3674,0.0863,1.1495,0.25802,0.13551,0.00,-20.58,3.10,0.9998
2603,LOST_SHORT,0.10355,-0.99250,0.53491,-1.17841,0.20000,0.07000,1.75145,-0.36040,0.0087,0.731,1.7463,-0.3674,0.0863,1.1495,0.25975,0.13596,0.00,-20.58,59.34,0.0000
2613,LOST_SHORT,0.10355,-0.99250,0.53491,-1.17841,0.20000,0.07000,1.75145,-0.36040,0.0087,0.731,1.7463,-0.3674,0.0863,1.1495,0.25798,0.13661,0.00,-20.58,0.00,0.0000
2623,LOST_LONG,0.10355,-0.99250,0.53491,-1.17841,0.20000,0.07000,1.75145,-0.36040,0.0087,0.731,1.7463,-0.3674,0.0863,1.1495,0.25994,0.13652,0.00,-20.58,0.00,0.0000
2633,LOST_LONG,0.10355,-0.99250,0.53491,-1.17841,0.20000,0.07000,1.75145,-0.36040,0.0087,0.731,1.7463,-0.3674,0.0498,0.6639,0.25974,0.13556,41.22,-20.58,20.22,0.0000
2643,LOST_SHORT,-0.05959,-0.99288,0.42375,-1.18075,0.20000,0.07000,1.75145,-0.36040,0.0659,0.631,1.7680,-0.3963,0.2805,1.0206,0.26046,0.13666,-33.85,-51.04,43.34,0.0000
2653,TRACKING,0.07923,-0.93346,0.47252,-1.12806,0.20000,0.07000,1.75145,-0.36040,0.0098,0.655,1.7574,-0.3682,0.1340,1.2895,0.26500,0.13665,0.00,-18.78,37.19,0.9405
2663,TRACKING,0.05324,-0.94411,0.46304,-1.13377,0.20000,0.07000,1.75145,-0.36040,0.0098,0.677,1.7574,-0.3682,0.1162,-0.0187,0.26532,0.13661,-23.32,-23.43,38.81,0.9456
2673,TRACKING,0.06162,-0.94100,0.47635,-1.12990,0.20000,0.07000,1.75145,-0.36040,0.0098,0.647,1.7574,-0.3682,0.0978,-0.8421,0.26544,0.13697,-22.41,-21.73,38.96,0.9426
2683,TRACKING,0.07807,-0.93491,0.48611,-1.12043,0.20000,0.07000,1.75145,-0.36040,0.0098,0.633,1.7574,-0.3682,0.1222,-1.0170,0.26512,0.13784,-17.40,-21.05,43.12,0.9340
2693,TRACKING,0.06688,-0.94296,0.47665,-1.13636,0.20000,0.07000,1.75145,-0.36040,0.0098,0.624,1.7574,-0.3682,0.1051,-0.7488,0.26583,0.13837,-22.34,-21.54,34.74,0.9491
2703,TRACKING,0.07535,-0.95271,0.48839,-1.14166,0.20000,0.07000,1.75145,-0.36040,0.0098,0.611,1.7574,-0.3682,0.0758,-0.5649,0.26597,0.13859,-18.74,-18.41,34.65,0.9553
2713,TRACKING,0.06600,-0.95162,0.47246,-1.14326,0.20000,0.07000,1.75145,-0.36040,0.0098,0.625,1.7574,-0.3682,-0.0168,-0.5197,0.26404,0.13658,-14.56,-11.30,33.95,0.9556
2723,TRACKING,0.06270,-0.95440,0.47243,-1.14460,0.20000,0.07000,1.75145,-0.36040,0.0098,0.640,1.7574,-0.3682,-0.0013,-0.8046,0.26358,0.13714,0.00,-13.19,34.38,0.9570
2733,TRACKING,0.07018,-0.94141,0.47341,-1.13018,0.20000,0.07000,1.75145,-0.36040,0.0098,0.651,1.7574,-0.3682,-0.0013,-0.8046,0.26307,0.13379,0.00,-13.19,39.17,0.9427
2743,TRACKING,0.06943,-0.94505,0.48012,-1.13731,0.20000,0.07000,1.75145,-0.36040,0.0098,0.865,1.7574,-0.3682,-0.0013,-0.8046,0.26475,0.13787,0.00,-13.19,36.22,0.9503
2753,TRACKING,0.09432,-0.94853,0.49656,-1.13982,0.20000,0.07000,1.75145,-0.36040,0.0098,0.549,1.7574,-0.3682,0.0675,0.0563,0.26444,0.13943,-11.01,-17.34,34.47,0.9542
2763,TRACKING,0.06472,-0.94745,0.46702,-1.13441,0.20000,0.07000,1.75145,-0.36040,0.0098,0.648,1.7574,-0.3682,-0.3010,1.1844,0.26448,0.13658,-160.94,18.05,38.03,0.9465
2773,TRACKING,0.06599,-0.92815,0.46914,-1.11853,0.20000,0.07000,1.75145,-0.36040,0.0098,0.629,1.7574,-0.3682,-0.5082,1.4947,0.26548,0.13955,0.00,35.71,42.70,0.9307
2783,TRACKING,0.10435,-0.91850,0.51517,-1.10956,0.20000,0.07000,1.75145,-0.36040,0.0098,0.535,1.7574,-0.3682,-0.5275,0.0266,0.26491,0.13726,-46.72,35.71,43.89,0.9261
2793,TRACKING,0.51869,-0.81081,0.99336,-0.95750,0.20000,0.07000,1.75145,-0.36040,0.0098,0.625,1.7574,-0.3682,-0.4580,-0.6983,0.26469,0.13745,24.96,26.84,32.12,0.9668
2803,LOST_SHORT,0.56277,-0.78075,1.00163,-0.94729,0.20000,0.07000,1.75145,-0.36040,0.0098,0.883,1.7574,-0.3682,-0.4362,-0.9064,0.26439,0.13671,-19.11,25.75,22.28,0.0000
2813,TRACKING,0.82608,-0.52748,1.27000,-0.64614,0.20000,0.07000,1.75145,-0.36040,0.0098,0.628,1.7574,-0.3682,0.0650,-0.4067,0.26386,0.13713,-27.94,-24.31,38.29,0.9775
2823,TRACKING,0.31349,-0.81948,0.68283,-1.13453,0.20000,0.07000,1.75145,-0.36040,0.0898,0.647,1.7706,-0.4108,0.0984,-0.1385,0.25680,0.13718,0.00,-25.61,12.73,0.9844
2833,LOST_SHORT,0.26489,-0.90535,0.60463,-1.16989,0.20000,0.07000,1.75145,-0.36040,0.0323,0.631,1.7583,-0.3785,0.0384,0.1808,0.26171,0.13709,0.00,-10.40,42.46,0.0000
2843,LOST_LONG,0.26489,-0.90535,0.60463,-1.16989,0.20000,0.07000,1.75145,-0.36040,0.0323,0.631,1.7583,-0.3785,0.0384,0.1808,0.26473,0.13866,0.00,-10.40,20.86,0.0000
2853,LOST_LONG,0.26489,-0.90535,0.60463,-1.16989,0.20000,0.07000,1.75145,-0.36040,0.0323,0.631,1.7583,-0.3785,0.0384,0.1808,0.26414,0.13598,0.00,-10.40,60.13,0.0000
2863,LOST_LONG,0.26489,-0.90535,0.60463,-1.16989,0.20000,0.07000,1.75145,-0.36040,0.0323,0.631,1.7583,-0.3785,0.0128,0.0348,0.26509,0.13931,0.00,-10.40,63.51,0.0000
2873,LOST_LONG,0.26489,-0.90535,0.60463,-1.16989,0.20000,0.07000,1.75145,-0.36040,0.0323,0.631,1.7583,-0.3785,0.0128,0.0116,0.26491,0.13739,0.00,-10.40,13.37,0.0000
2883,LOST_LONG,0.26489,-0.90535,0.60463,-1.16989,0.20000,0.07000,1.75145,-0.36040,0.0323,0.631,1.7583,-0.3785,0.0128,0.0116,0.26161,0.12984,0.00,-10.40,12.39,0.0000
2893,LOST_LONG,0.26489,-0.90535,0.60463,-1.16989,0.20000,0.07000,1.75145,-0.36040,0.0323,0.631,1.7583,-0.3785,0.0128,0.0116,0.26443,0.13716,0.00,-10.40,18.46,0.0000
2903,LOST_LONG,0.26489,-0.90535,0.60463,-1.16989,0.20000,0.07000,1.75145,-0.36040,0.0323,0.631,1.7583,-0.3785,0.0128,0.0116,0.26499,0.13681,0.00,-10.40,16.31,0.0000
2913,LOST_LONG,0.26489,-0.90535,0.60463,-1.16989,0.20000,0.07000,1.75145,-0.36040,0.0323,0.631,1.7583,-0.3785,0.0128,0.0116,0.26491,0.13853,0.00,-10.40,20.69,0.0000
2923,LOST_LONG,0.26489,-0.90535,0.60463,-1.16989,0.20000,0.07000,1.75145,-0.36040,0.0323,0.631,1.7583,-0.3785,0.0128,0.0116,0.26442,0.13604,0.00,-10.40,13.50,0.0000
2933,LOST_LONG,0.26489,-0.90535,0.60463,-1.16989,0.20000,0.07000,1.75145,-0.36040,0.0323,0.631,1.7583,-0.3785,0.0128,0.0116,0.26549,0.13794,0.00,-10.40,15.39,0.0000
2943,LOST_LONG,0.26489,-0.90535,0.60463,-1.16989,0.20000,0.07000,1.75145,-0.36040,0.0323,0.631,1.7583,-0.3785,0.0128,0.0116,0.26537,0.13789,0.00,-10.40,3.83,0.0000
2953,LOST_LONG,0.26489,-0.90535,0.60463,-1.16989,0.20000,0.07000,1.75145,-0.36040,0.0323,0.631,1.7583,-0.3785,0.0128,0.0116,0.26492,0.13727,0.00,-10.40,0.37,0.0000
2963,LOST_LONG,0.26489,-0.90535,0.60463,-1.16989,0.20000,0.07000,1.75145,-0.36040,0.0323,0.631,1.7583,-0.3785,0.0128,0.0116,0.26507,0.13900,0.00,-10.40,0.02,0.0000
2973,LOST_LONG,0.26489,-0.90535,0.60463,-1.16989,0.20000,0.07000,1.75145,-0.36040,0.0323,0.631,1.7583,-0.3785,0.0128,0.0116,0.26552,0.13825,0.00,-10.40,45.78,0.0000
2983,LOST_LONG,0.26489,-0.90535,0.60463,-1.16989,0.20000,0.07000,1.75145,-0.36040,0.0323,0.631,1.7583,-0.3785,0.0128,0.0116,0.26492,0.13712,0.00,-10.40,51.71,0.0000
2993,LOST_LONG,0.26489,-0.90535,0.60463,-1.16989,0.20000,0.07000,1.75145,-0.36040,0.0323,0.631,1.7583,-0.3785,0.0128,0.0116,0.26472,0.13770,0.00,-10.40,11.17,0.0000
3003,LOST_LONG,0.26489,-0.90535,0.60463,-1.16989,0.20000,0.07000,1.75145,-0.36040,0.0323,0.631,1.7583,-0.3785,0.0128,0.0116,0.26479,0.13674,0.00,-10.40,53.32,0.0000
3013,LOST_LONG,0.26489,-0.90535,0.60463,-1.16989,0.20000,0.07000,1.75145,-0.36040,0.0323,0.631,1.7583,-0.3785,0.0128,0.0116,0.26486,0.13712,0.00,-10.40,17.37,0.0000
3023,LOST_LONG,0.26489,-0.90535,0.60463,-1.16989,0.20000,0.07000,1.75145,-0.36040,0.0323,0.631,1.7583,-0.3785,0.0128,0.0116,0.26490,0.13701,0.00,-10.40,22.71,0.0000
3033,LOST_LONG,0.26489,-0.90535,0.60463,-1.16989,0.20000,0.07000,1.75145,-0.36040,0.0323,0.631,1.7583,-0.3785,0.0128,0.0116,0.26398,0.13488,0.00,-10.40,24.04,0.0000
3043,LOST_LONG,0.26489,-0.90535,0.60463,-1.16989,0.20000,0.07000,1.75145,-0.36040,0.0323,0.631,1.7583,-0.3785,0.0128,0.0116,0.26478,0.13697,0.00,-10.40,13.51,0.0000
3053,LOST_LONG,0.26489,-0.90535,0.60463,-1.16989,0.20000,0.07000,1.75145,-0.36040,0.0323,0.631,1.7583,-0.3785,0.0128,0.0116,0.26514,0.13700,0.00,-10.40,22.37,0.0000
3063,LOST_LONG,0.26489,-0.90535,0.60463,-1.16989,0.20000,0.07000,1.75145,-0.36040,0.0323,0.631,1.7583,-0.3785,0.0128,0.0116,0.26538,0.13774,0.00,-10.40,12.73,0.0000
3073,LOST_LONG,0.26489,-0.90535,0.60463,-1.16989,0.20000,0.07000,1.75145,-0.36040,0.0323,0.631,1.7583,-0.3785,0.0128,0.0116,0.26491,0.13758,0.00,-10.40,85.84,0.0000
3083,LOST_LONG,0.26489,-0.90535,0.60463,-1.16989,0.20000,0.07000,1.75145,-0.36040,0.0323,0.631,1.7583,-0.3785,0.0128,0.0116,0.26488,0.13701,0.00,-10.40,0.00,0.0000
3093,LOST_LONG,0.26489,-0.90535,0.60463,-1.16989,0.20000,0.07000,1.75145,-0.36040,0.0323,0.631,1.7583,-0.3785,0.0128,0.0116,0.26488,0.13682,0.00,-10.40,0.00,0.0000
3103,LOST_LONG,0.26489,-0.90535,0.60463,-1.16989,0.20000,0.07000,1.75145,-0.36040,0.0323,0.631,1.7583,-0.3785,0.0128,0.0116,0.26505,0.13827,0.00,-10.40,0.00,0.0000
3113,LOST_LONG,0.26489,-0.90535,0.60463,-1.16989,0.20000,0.07000,1.75145,-0.36040,0.0323,0.631,1.7583,-0.3785,0.0128,0.0116,0.26515,0.13739,0.00,-10.40,0.00,0.0000
3123,LOST_LONG,0.26489,-0.90535,0.60463,-1.16989,0.20000,0.07000,1.75145,-0.36040,0.0323,0.631,1.7583,-0.3785,0.0128,0.0116,0.26529,0.13666,0.00,-10.40,0.00,0.0000
3133,LOST_LONG,0.26489,-0.90535,0.60463,-1.16989,0.20000,0.07000,1.75145,-0.36040,0.0323,0.631,1.7583,-0.3785,0.0128,0.0116,0.26514,0.13731,0.00,-10.40,0.00,0.0000
3143,LOST_LONG,0.26489,-0.90535,0.60463,-1.16989,0.20000,0.07000,1.75145,-0.36040,0.0323,0.631,1.7583,-0.3785,0.0128,0.0116,0.26528,0.13795,0.00,-10.40,0.00,0.0000
3153,LOST_LONG,0.26489,-0.90535,0.60463,-1.16989,0.20000,0.07000,1.75145,-0.36040,0.0323,0.631,1.7583,-0.3785,0.0128,0.0116,0.26520,0.13810,0.00,-10.40,0.00,0.0000
3163,LOST_LONG,0.26489,-0.90535,0.60463,-1.16989,0.20000,0.07000,1.75145,-0.36040,0.0323,0.631,1.7583,-0.3785,0.0128,0.0116,0.26510,0.13736,0.00,-10.40,0.00,0.0000
3173,LOST_LONG,0.26489,-0.90535,0.60463,-1.16989,0.20000,0.07000,1.75145,-0.36040,0.0323,0.631,1.7583,-0.3785,0.0128,0.0116,0.26553,0.13764,0.00,-10.40,0.00,0.0000
3183,LOST_LONG,0.26489,-0.90535,0.60463,-1.16989,0.20000,0.07000,1.75145,-0.36040,0.0323,0.631,1.7583,-0.3785,0.0128,0.0116,0.26391,0.13395,0.00,-10.40,0.00,0.0000
3193,LOST_LONG,0.26489,-0.90535,0.60463,-1.16989,0.20000,0.07000,1.75145,-0.36040,0.0323,0.631,1.7583,-0.3785,0.0128,0.0116,0.26477,0.13703,0.00,-10.40,0.00,0.0000
3203,LOST_LONG,0.26489,-0.90535,0.60463,-1.16989,0.20000,0.07000,1.75145,-0.36040,0.0323,0.631,1.7583,-0.3785,0.0128,0.0116,0.26503,0.13680,0.00,-10.40,0.00,0.0000
3213,LOST_LONG,0.26489,-0.90535,0.60463,-1.16989,0.20000,0.07000,1.75145,-0.36040,0.0323,0.631,1.7583,-0.3785,0.0128,0.0116,0.26578,0.13856,0.00,-10.40,0.00,0.0000
3223,LOST_LONG,0.26489,-0.90535,0.60463,-1.16989,0.20000,0.07000,1.75145,-0.36040,0.0323,0.631,1.7583,-0.3785,0.0128,0.0116,0.26552,0.13819,0.00,-10.40,0.00,0.0000
3233,LOST_LONG,0.26489,-0.90535,0.60463,-1.16989,0.20000,0.07000,1.75145,-0.36040,0.0323,0.631,1.7583,-0.3785,0.0128,0.0116,0.26563,0.13776,0.00,-10.40,0.00,0.0000
3243,LOST_LONG,0.26489,-0.90535,0.60463,-1.16989,0.20000,0.07000,1.75145,-0.36040,0.0323,0.631,1.7583,-0.3785,0.0128,0.0116,0.26520,0.13685,0.00,-10.40,0.00,0.0000
3253,LOST_LONG,0.26489,-0.90535,0.60463,-1.16989,0.20000,0.07000,1.75145,-0.36040,0.0323,0.631,1.7583,-0.3785,0.0128,0.0116,0.26512,0.13717,0.00,-10.40,0.00,0.0000
3263,LOST_LONG,0.26489,-0.90535,0.60463,-1.16989,0.20000,0.07000,1.75145,-0.36040,0.0323,0.631,1.7583,-0.3785,0.0128,0.0116,0.26516,0.13719,0.00,-10.40,0.00,0.0000
3273,LOST_LONG,0.26489,-0.90535,0.60463,-1.16989,0.20000,0.07000,1.75145,-0.36040,0.0323,0.631,1.7583,-0.3785,0.0128,0.0116,0.26646,0.13966,0.00,-10.40,0.00,0.0000
3283,LOST_LONG,0.26489,-0.90535,0.60463,-1.16989,0.20000,0.07000,1.75145,-0.36040,0.0323,0.631,1.7583,-0.3785,0.0128,0.0116,0.26220,0.13139,0.00,-10.40,0.00,0.0000
3293,LOST_LONG,0.26489,-0.90535,0.60463,-1.16989,0.20000,0.07000,1.75145,-0.36040,0.0323,0.631,1.7583,-0.3785,0.0128,0.0116,0.26325,0.13580,0.00,-10.40,0.00,0.0000
3303,LOST_LONG,0.26489,-0.90535,0.60463,-1.16989,0.20000,0.07000,1.75145,-0.36040,0.0323,0.631,1.7583,-0.3785,0.0128,0.0116,0.26425,0.13738,0.00,-10.40,0.00,0.0000
3313,LOST_LONG,0.26489,-0.90535,0.60463,-1.16989,0.20000,0.07000,1.75145,-0.36040,0.0323,0.631,1.7583,-0.3785,0.0128,0.0116,0.26522,0.13779,0.00,-10.40,0.00,0.0000
3323,LOST_LONG,0.26489,-0.90535,0.60463,-1.16989,0.20000,0.07000,1.75145,-0.36040,0.0323,0.631,1.7583,-0.3785,0.0128,0.0116,0.26524,0.13777,0.00,-10.40,0.00,0.0000
3333,LOST_LONG,0.26489,-0.90535,0.60463,-1.16989,0.20000,0.07000,1.75145,-0.36040,0.0323,0.631,1.7583,-0.3785,0.0128,0.0116,0.26352,0.13329,0.00,-10.40,0.00,0.0000
3343,LOST_LONG,0.26489,-0.90535,0.60463,-1.16989,0.20000,0.07000,1.75145,-0.36040,0.0323,0.631,1.7583,-0.3785,0.0128,0.0116,0.26275,0.13511,0.00,-10.40,0.00,0.0000
3353,LOST_LONG,0.26489,-0.90535,0.60463,-1.16989,0.20000,0.07000,1.75145,-0.36040,0.0323,0.631,1.7583,-0.3785,0.0128,0.0116,0.26334,0.13592,0.00,-10.40,0.00,0.0000
3363,LOST_LONG,0.26489,-0.90535,0.60463,-1.16989,0.20000,0.07000,1.75145,-0.36040,0.0323,0.631,1.7583,-0.3785,0.0128,0.0116,0.26334,0.13625,0.00,-10.40,0.00,0.0000
3373,LOST_LONG,0.26489,-0.90535,0.60463,-1.16989,0.20000,0.07000,1.75145,-0.36040,0.0323,0.631,1.7583,-0.3785,0.0128,0.0116,0.26490,0.13811,0.00,-10.40,0.00,0.0000
3383,LOST_LONG,0.26489,-0.90535,0.60463,-1.16989,0.20000,0.07000,1.75145,-0.36040,0.0323,0.631,1.7583,-0.3785,0.0128,0.0116,0.26523,0.13786,0.00,-10.40,0.00,0.0000
3393,LOST_LONG,0.26489,-0.90535,0.60463,-1.16989,0.20000,0.07000,1.75145,-0.36040,0.0323,0.631,1.7583,-0.3785,0.0128,0.0116,0.26509,0.13746,0.00,-10.40,0.00,0.0000
3403,LOST_LONG,0.26489,-0.90535,0.60463,-1.16989,0.20000,0.07000,1.75145,-0.36040,0.0323,0.631,1.7583,-0.3785,0.0128,0.0116,0.26492,0.13693,0.00,-10.40,0.00,0.0000
3413,LOST_LONG,0.26489,-0.90535,0.60463,-1.16989,0.20000,0.07000,1.75145,-0.36040,0.0323,0.631,1.7583,-0.3785,0.0128,0.0116,0.26331,0.13836,0.00,-10.40,0.00,0.0000
3423,LOST_LONG,0.26489,-0.90535,0.60463,-1.16989,0.20000,0.07000,1.75145,-0.36040,0.0323,0.631,1.7583,-0.3785,0.0128,0.0116,0.26438,0.13771,0.00,-10.40,0.00,0.0000
3433,LOST_LONG,0.26489,-0.90535,0.60463,-1.16989,0.20000,0.07000,1.75145,-0.36040,0.0323,0.631,1.7583,-0.3785,0.0128,0.0116,0.26440,0.13745,0.00,-10.40,0.00,0.0000
3443,LOST_LONG,0.26489,-0.90535,0.60463,-1.16989,0.20000,0.07000,1.75145,-0.36040,0.0323,0.631,1.7583,-0.3785,0.0128,0.0116,0.26507,0.13711,0.00,-10.40,0.00,0.0000
3453,LOST_LONG,0.26489,-0.90535,0.60463,-1.16989,0.20000,0.07000,1.75145,-0.36040,0.0323,0.631,1.7583,-0.3785,0.0128,0.0116,0.26520,0.13705,0.00,-10.40,0.00,0.0000
3463,LOST_LONG,0.26489,-0.90535,0.60463,-1.16989,0.20000,0.07000,1.75145,-0.36040,0.0323,0.631,1.7583,-0.3785,0.0128,0.0116,0.26509,0.13702,0.00,-10.40,0.00,0.0000
3473,LOST_LONG,0.26489,-0.90535,0.60463,-1.16989,0.20000,0.07000,1.75145,-0.36040,0.0323,0.631,1.7583,-0.3785,0.0128,0.0116,0.26523,0.13699,0.00,-10.40,0.00,0.0000
3483,LOST_LONG,0.26489,-0.90535,0.60463,-1.16989,0.20000,0.07000,1.75145,-0.36040,0.0323,0.631,1.7583,-0.3785,0.0128,0.0116,0.26270,0.13140,0.00,-10.40,0.00,0.0000
3493,LOST_LONG,0.26489,-0.90535,0.60463,-1.16989,0.20000,0.07000,1.75145,-0.36040,0.0323,0.631,1.7583,-0.3785,0.0128,0.0116,0.26397,0.13671,0.00,-10.40,0.00,0.0000
3503,LOST_LONG,0.26489,-0.90535,0.60463,-1.16989,0.20000,0.07000,1.75145,-0.36040,0.0323,0.631,1.7583,-0.3785,0.0128,0.0116,0.26510,0.13818,0.00,-10.40,0.00,0.0000
3513,LOST_LONG,0.26489,-0.90535,0.60463,-1.16989,0.20000,0.07000,1.75145,-0.36040,0.0323,0.631,1.7583,-0.3785,0.0128,0.0116,0.26525,0.13769,0.00,-10.40,0.00,0.0000
3523,LOST_LONG,0.26489,-0.90535,0.60463,-1.16989,0.20000,0.07000,1.75145,-0.36040,0.0323,0.631,1.7583,-0.3785,0.0128,0.0116,0.26384,0.13481,0.00,-10.40,0.00,0.0000
3533,LOST_LONG,0.26489,-0.90535,0.60463,-1.16989,0.20000,0.07000,1.75145,-0.36040,0.0323,0.631,1.7583,-0.3785,0.0128,0.0116,0.26508,0.13854,0.00,-10.40,0.00,0.0000
3543,LOST_LONG,0.26489,-0.90535,0.60463,-1.16989,0.20000,0.07000,1.75145,-0.36040,0.0323,0.631,1.7583,-0.3785,0.0128,0.0116,0.26044,0.12803,0.00,-10.40,0.00,0.0000
3553,LOST_LONG,0.26489,-0.90535,0.60463,-1.16989,0.20000,0.07000,1.75145,-0.36040,0.0323,0.631,1.7583,-0.3785,0.0128,0.0116,0.26395,0.13804,0.00,-10.40,0.00,0.0000
3563,LOST_LONG,0.26489,-0.90535,0.60463,-1.16989,0.20000,0.07000,1.75145,-0.36040,0.0323,0.631,1.7583,-0.3785,0.0128,0.0116,0.26407,0.13622,0.00,-10.40,0.00,0.0000
3573,LOST_LONG,0.26489,-0.90535,0.60463,-1.16989,0.20000,0.07000,1.75145,-0.36040,0.0323,0.631,1.7583,-0.3785,0.0128,0.0116,0.26488,0.13683,0.00,-10.40,0.00,0.0000
3583,LOST_LONG,0.26489,-0.90535,0.60463,-1.16989,0.20000,0.07000,1.75145,-0.36040,0.0323,0.631,1.7583,-0.3785,0.0128,0.0116,0.26513,0.13695,0.00,-10.40,0.00,0.0000
3593,LOST_LONG,0.26489,-0.90535,0.60463,-1.16989,0.20000,0.07000,1.75145,-0.36040,0.0323,0.631,1.7583,-0.3785,0.0128,0.0116,0.26565,0.13833,0.00,-10.40,0.00,0.0000
3603,LOST_LONG,0.26489,-0.90535,0.60463,-1.16989,0.20000,0.07000,1.75145,-0.36040,0.0323,0.631,1.7583,-0.3785,0.0128,0.0116,0.26471,0.13660,0.00,-10.40,0.00,0.0000
3613,LOST_LONG,0.26489,-0.90535,0.60463,-1.16989,0.20000,0.07000,1.75145,-0.36040,0.0323,0.631,1.7583,-0.3785,0.0128,0.0116,0.26515,0.13767,0.00,-10.40,0.00,0.0000
3623,LOST_LONG,0.26489,-0.90535,0.60463,-1.16989,0.20000,0.07000,1.75145,-0.36040,0.0323,0.631,1.7583,-0.3785,0.0128,0.0116,0.26533,0.13769,0.00,-10.40,0.00,0.0000
3633,LOST_LONG,0.26489,-0.90535,0.60463,-1.16989,0.20000,0.07000,1.75145,-0.36040,0.0323,0.631,1.7583,-0.3785,0.0128,0.0116,0.26315,0.13267,0.00,-10.40,0.00,0.0000
3643,LOST_LONG,0.26489,-0.90535,0.60463,-1.16989,0.20000,0.07000,1.75145,-0.36040,0.0323,0.631,1.7583,-0.3785,0.0128,0.0116,0.26490,0.13737,0.00,-10.40,0.00,0.0000
3653,LOST_LONG,0.26489,-0.90535,0.60463,-1.16989,0.20000,0.07000,1.75145,-0.36040,0.0323,0.631,1.7583,-0.3785,0.0128,0.0116,0.26482,0.13747,0.00,-10.40,0.00,0.0000
3663,LOST_LONG,0.26489,-0.90535,0.60463,-1.16989,0.20000,0.07000,1.75145,-0.36040,0.0323,0.631,1.7583,-0.3785,0.0128,0.0116,0.26503,0.13789,0.00,-10.40,0.00,0.0000
3673,LOST_LONG,0.26489,-0.90535,0.60463,-1.16989,0.20000,0.07000,1.75145,-0.36040,0.0323,0.631,1.7583,-0.3785,0.0128,0.0116,0.26536,0.13759,0.00,-10.40,0.00,0.0000
3683,LOST_LONG,0.26489,-0.90535,0.60463,-1.16989,0.20000,0.07000,1.75145,-0.36040,0.0323,0.631,1.7583,-0.3785,0.0128,0.0116,0.26521,0.13792,0.00,-10.40,0.00,0.0000
3693,LOST_LONG,0.26489,-0.90535,0.60463,-1.16989,0.20000,0.07000,1.75145,-0.36040,0.0323,0.631,1.7583,-0.3785,0.0128,0.0116,0.26535,0.13765,0.00,-10.40,0.00,0.0000
3703,LOST_LONG,0.26489,-0.90535,0.60463,-1.16989,0.20000,0.07000,1.75145,-0.36040,0.0323,0.631,1.7583,-0.3785,0.0128,0.0116,0.26552,0.13776,0.00,-10.40,0.00,0.0000
3713,LOST_LONG,0.26489,-0.90535,0.60463,-1.16989,0.20000,0.07000,1.75145,-0.36040,0.0323,0.631,1.7583,-0.3785,0.0128,0.0116,0.26544,0.13814,0.00,-10.40,0.00,0.0000
3723,LOST_LONG,0.26489,-0.90535,0.60463,-1.16989,0.20000,0.07000,1.75145,-0.36040,0.0323,0.631,1.7583,-0.3785,0.0128,0.0116,0.26431,0.13592,0.00,-10.40,0.00,0.0000
3733,LOST_LONG,0.26489,-0.90535,0.60463,-1.16989,0.20000,0.07000,1.75145,-0.36040,0.0323,0.631,1.7583,-0.3785,0.0128,0.0116,0.26172,0.13297,0.00,-10.40,0.00,0.0000
3743,LOST_LONG,0.26489,-0.90535,0.60463,-1.16989,0.20000,0.07000,1.75145,-0.36040,0.0323,0.631,1.7583,-0.3785,0.0128,0.0116,0.26401,0.13719,0.00,-10.40,0.00,0.0000
3753,LOST_LONG,0.26489,-0.90535,0.60463,-1.16989,0.20000,0.07000,1.75145,-0.36040,0.0323,0.631,1.7583,-0.3785,0.0128,0.0116,0.26415,0.13613,0.00,-10.40,0.00,0.0000
3763,LOST_LONG,0.26489,-0.90535,0.60463,-1.16989,0.20000,0.07000,1.75145,-0.36040,0.0323,0.631,1.7583,-0.3785,0.0128,0.0116,0.26486,0.13698,0.00,-10.40,0.00,0.0000
3773,LOST_LONG,0.26489,-0.90535,0.60463,-1.16989,0.20000,0.07000,1.75145,-0.36040,0.0323,0.631,1.7583,-0.3785,0.0128,0.0116,0.26542,0.13748,0.00,-10.40,0.00,0.0000
3783,LOST_LONG,0.26489,-0.90535,0.60463,-1.16989,0.20000,0.07000,1.75145,-0.36040,0.0323,0.631,1.7583,-0.3785,0.0128,0.0116,0.26480,0.13588,0.00,-10.40,0.00,0.0000
3793,LOST_LONG,0.26489,-0.90535,0.60463,-1.16989,0.20000,0.07000,1.75145,-0.36040,0.0323,0.631,1.7583,-0.3785,0.0128,0.0116,0.26522,0.13728,0.00,-10.40,0.00,0.0000
3803,LOST_LONG,0.26489,-0.90535,0.60463,-1.16989,0.20000,0.07000,1.75145,-0.36040,0.0323,0.631,1.7583,-0.3785,0.0128,0.0116,0.26449,0.13769,0.00,-10.40,0.00,0.0000
3813,LOST_LONG,0.26489,-0.90535,0.60463,-1.16989,0.20000,0.07000,1.75145,-0.36040,0.0323,0.631,1.7583,-0.3785,0.0128,0.0116,0.26502,0.13752,0.00,-10.40,0.00,0.0000
3823,LOST_LONG,0.26489,-0.90535,0.60463,-1.16989,0.20000,0.07000,1.75145,-0.36040,0.0323,0.631,1.7583,-0.3785,0.0128,0.0116,0.26426,0.13780,0.00,-10.40,0.00,0.0000
3833,LOST_LONG,0.26489,-0.90535,0.60463,-1.16989,0.20000,0.07000,1.75145,-0.36040,0.0323,0.631,1.7583,-0.3785,0.0128,0.0116,0.26458,0.13774,0.00,-10.40,0.00,0.0000
3843,LOST_LONG,0.26489,-0.90535,0.60463,-1.16989,0.20000,0.07000,1.75145,-0.36040,0.0323,0.631,1.7583,-0.3785,0.0128,0.0116,0.26517,0.13741,0.00,-10.40,0.00,0.0000
3853,LOST_LONG,0.26489,-0.90535,0.60463,-1.16989,0.20000,0.07000,1.75145,-0.36040,0.0323,0.631,1.7583,-0.3785,0.0128,0.0116,0.26470,0.13604,0.00,-10.40,0.00,0.0000
3863,LOST_LONG,0.26489,-0.90535,0.60463,-1.16989,0.20000,0.07000,1.75145,-0.36040,0.0323,0.631,1.7583,-0.3785,0.0128,0.0116,0.26530,0.13789,0.00,-10.40,0.00,0.0000
3873,LOST_LONG,0.26489,-0.90535,0.60463,-1.16989,0.20000,0.07000,1.75145,-0.36040,0.0323,0.631,1.7583,-0.3785,0.0128,0.0116,0.26541,0.13765,0.00,-10.40,0.00,0.0000
3883,LOST_LONG,0.26489,-0.90535,0.60463,-1.16989,0.20000,0.07000,1.75145,-0.36040,0.0323,0.631,1.7583,-0.3785,0.0128,0.0116,0.26521,0.13684,0.00,-10.40,0.00,0.0000
3893,LOST_LONG,0.26489,-0.90535,0.60463,-1.16989,0.20000,0.07000,1.75145,-0.36040,0.0323,0.631,1.7583,-0.3785,0.0128,0.0116,0.26552,0.13802,0.00,-10.40,0.00,0.0000
3903,LOST_LONG,0.26489,-0.90535,0.60463,-1.16989,0.20000,0.07000,1.75145,-0.36040,0.0323,0.631,1.7583,-0.3785,0.0128,0.0116,0.26550,0.13822,0.00,-10.40,0.00,0.0000
3913,LOST_LONG,0.26489,-0.90535,0.60463,-1.16989,0.20000,0.07000,1.75145,-0.36040,0.0323,0.631,1.7583,-0.3785,0.0128,0.0116,0.26477,0.13611,0.00,-10.40,0.00,0.0000
3923,LOST_LONG,0.26489,-0.90535,0.60463,-1.16989,0.20000,0.07000,1.75145,-0.36040,0.0323,0.631,1.7583,-0.3785,0.0128,0.0116,0.26331,0.13842,0.00,-10.40,0.00,0.0000
3933,LOST_LONG,0.26489,-0.90535,0.60463,-1.16989,0.20000,0.07000,1.75145,-0.36040,0.0323,0.631,1.7583,-0.3785,0.0128,0.0116,0.26247,0.13328,0.00,-10.40,0.00,0.0000
3943,LOST_LONG,0.26489,-0.90535,0.60463,-1.16989,0.20000,0.07000,1.75145,-0.36040,0.0323,0.631,1.7583,-0.3785,0.0128,0.0116,0.26459,0.13679,0.00,-10.40,0.00,0.0000
3953,LOST_LONG,0.26489,-0.90535,0.60463,-1.16989,0.20000,0.07000,1.75145,-0.36040,0.0323,0.631,1.7583,-0.3785,0.0128,0.0116,0.26488,0.13687,0.00,-10.40,0.00,0.0000
3963,LOST_LONG,0.26489,-0.90535,0.60463,-1.16989,0.20000,0.07000,1.75145,-0.36040,0.0323,0.631,1.7583,-0.3785,0.0128,0.0116,0.26558,0.13814,0.00,-10.40,0.00,0.0000
3973,LOST_LONG,0.26489,-0.90535,0.60463,-1.16989,0.20000,0.07000,1.75145,-0.36040,0.0323,0.631,1.7583,-0.3785,0.0128,0.0116,0.26450,0.13632,0.00,-10.40,0.00,0.0000
3983,LOST_LONG,0.26489,-0.90535,0.60463,-1.16989,0.20000,0.07000,1.75145,-0.36040,0.0323,0.631,1.7583,-0.3785,0.0128,0.0116,0.26461,0.13687,0.00,-10.40,0.00,0.0000
3993,LOST_LONG,0.26489,-0.90535,0.60463,-1.16989,0.20000,0.07000,1.75145,-0.36040,0.0323,0.631,1.7583,-0.3785,0.0128,0.0116,0.26537,0.13743,0.00,-10.40,0.00,0.0000
4003,LOST_LONG,0.26489,-0.90535,0.60463,-1.16989,0.20000,0.07000,1.75145,-0.36040,0.0323,0.631,1.7583,-0.3785,0.0128,0.0116,0.26544,0.13797,0.00,-10.40,0.00,0.0000
4013,LOST_LONG,0.26489,-0.90535,0.60463,-1.16989,0.20000,0.07000,1.75145,-0.36040,0.0323,0.631,1.7583,-0.3785,0.0128,0.0116,0.26516,0.13772,0.00,-10.40,0.00,0.0000
4023,LOST_LONG,0.26489,-0.90535,0.60463,-1.16989,0.20000,0.07000,1.75145,-0.36040,0.0323,0.631,1.7583,-0.3785,0.0128,0.0116,0.26518,0.13702,0.00,-10.40,0.00,0.0000
4033,LOST_LONG,0.26489,-0.90535,0.60463,-1.16989,0.20000,0.07000,1.75145,-0.36040,0.0323,0.631,1.7583,-0.3785,0.0128,0.0116,0.26497,0.13599,0.00,-10.40,0.00,0.0000
4043,LOST_LONG,0.26489,-0.90535,0.60463,-1.16989,0.20000,0.07000,1.75145,-0.36040,0.0323,0.631,1.7583,-0.3785,0.0128,0.0116,0.26507,0.13730,0.00,-10.40,0.00,0.0000
4053,LOST_LONG,0.26489,-0.90535,0.60463,-1.16989,0.20000,0.07000,1.75145,-0.36040,0.0323,0.631,1.7583,-0.3785,0.0128,0.0116,0.26468,0.13856,0.00,-10.40,0.00,0.0000
4063,LOST_LONG,0.26489,-0.90535,0.60463,-1.16989,0.20000,0.07000,1.75145,-0.36040,0.0323,0.631,1.7583,-0.3785,0.0128,0.0116,0.26506,0.13918,0.00,-10.40,0.00,0.0000
4073,LOST_LONG,0.26489,-0.90535,0.60463,-1.16989,0.20000,0.07000,1.75145,-0.36040,0.0323,0.631,1.7583,-0.3785,0.0128,0.0116,0.26524,0.13739,0.00,-10.40,0.00,0.0000
4083,LOST_LONG,0.26489,-0.90535,0.60463,-1.16989,0.20000,0.07000,1.75145,-0.36040,0.0323,0.631,1.7583,-0.3785,0.0128,0.0116,0.26552,0.13785,0.00,-10.40,0.00,0.0000
4093,LOST_LONG,0.26489,-0.90535,0.60463,-1.16989,0.20000,0.07000,1.75145,-0.36040,0.0323,0.631,1.7583,-0.3785,0.0128,0.0116,0.26471,0.13620,0.00,-10.40,0.00,0.0000
4103,LOST_LONG,0.26489,-0.90535,0.60463,-1.16989,0.20000,0.07000,1.75145,-0.36040,0.0323,0.631,1.7583,-0.3785,0.0128,0.0116,0.26538,0.13813,0.00,-10.40,0.00,0.0000
4113,LOST_LONG,0.26489,-0.90535,0.60463,-1.16989,0.20000,0.07000,1.75145,-0.36040,0.0323,0.631,1.7583,-0.3785,0.0128,0.0116,0.26628,0.13980,0.00,-10.40,0.00,0.0000
4123,LOST_LONG,0.26489,-0.90535,0.60463,-1.16989,0.20000,0.07000,1.75145,-0.36040,0.0323,0.631,1.7583,-0.3785,0.0128,0.0116,0.26496,0.13757,0.00,-10.40,0.00,0.0000
4133,LOST_LONG,0.26489,-0.90535,0.60463,-1.16989,0.20000,0.07000,1.75145,-0.36040,0.0323,0.631,1.7583,-0.3785,0.0128,0.0116,0.26532,0.13724,0.00,-10.40,0.00,0.0000
4143,LOST_LONG,0.26489,-0.90535,0.60463,-1.16989,0.20000,0.07000,1.75145,-0.36040,0.0323,0.631,1.7583,-0.3785,0.0128,0.0116,0.26519,0.13746,0.00,-10.40,0.00,0.0000
4153,LOST_LONG,0.26489,-0.90535,0.60463,-1.16989,0.20000,0.07000,1.75145,-0.36040,0.0323,0.631,1.7583,-0.3785,0.0128,0.0116,0.26494,0.13686,0.00,-10.40,0.00,0.0000
4163,LOST_LONG,0.26489,-0.90535,0.60463,-1.16989,0.20000,0.07000,1.75145,-0.36040,0.0323,0.631,1.7583,-0.3785,0.0128,0.0116,0.26480,0.13764,0.00,-10.40,0.00,0.0000
4173,LOST_LONG,0.26489,-0.90535,0.60463,-1.16989,0.20000,0.07000,1.75145,-0.36040,0.0323,0.631,1.7583,-0.3785,0.0128,0.0116,0.26286,0.13338,0.00,-10.40,0.00,0.0000
4183,LOST_LONG,0.26489,-0.90535,0.60463,-1.16989,0.20000,0.07000,1.75145,-0.36040,0.0323,0.631,1.7583,-0.3785,0.0128,0.0116,0.26246,0.13593,0.00,-10.40,0.00,0.0000
4193,LOST_LONG,0.26489,-0.90535,0.60463,-1.16989,0.20000,0.07000,1.75145,-0.36040,0.0323,0.631,1.7583,-0.3785,0.0128,0.0116,0.26441,0.13703,0.00,-10.40,0.00,0.0000
4203,LOST_LONG,0.26489,-0.90535,0.60463,-1.16989,0.20000,0.07000,1.75145,-0.36040,0.0323,0.631,1.7583,-0.3785,0.0128,0.0116,0.26531,0.13799,0.00,-10.40,0.00,0.0000
4213,LOST_LONG,0.26489,-0.90535,0.60463,-1.16989,0.20000,0.07000,1.75145,-0.36040,0.0323,0.631,1.7583,-0.3785,0.0128,0.0116,0.26531,0.13758,0.00,-10.40,0.00,0.0000
4223,LOST_LONG,0.26489,-0.90535,0.60463,-1.16989,0.20000,0.07000,1.75145,-0.36040,0.0323,0.631,1.7583,-0.3785,0.0128,0.0116,0.26541,0.13802,0.00,-10.40,0.00,0.0000
4233,LOST_LONG,0.26489,-0.90535,0.60463,-1.16989,0.20000,0.07000,1.75145,-0.36040,0.0323,0.631,1.7583,-0.3785,0.0128,0.0116,0.26555,0.13782,0.00,-10.40,0.00,0.0000
4243,LOST_LONG,0.26489,-0.90535,0.60463,-1.16989,0.20000,0.07000,1.75145,-0.36040,0.0323,0.631,1.7583,-0.3785,0.0128,0.0116,0.26530,0.13852,0.00,-10.40,0.00,0.0000
4253,LOST_LONG,0.26489,-0.90535,0.60463,-1.16989,0.20000,0.07000,1.75145,-0.36040,0.0323,0.631,1.7583,-0.3785,0.0128,0.0116,0.26554,0.13760,0.00,-10.40,0.00,0.0000
4263,LOST_LONG,0.26489,-0.90535,0.60463,-1.16989,0.20000,0.07000,1.75145,-0.36040,0.0323,0.631,1.7583,-0.3785,0.0128,0.0116,0.26525,0.13675,0.00,-10.40,0.00,0.0000
4273,LOST_LONG,0.26489,-0.90535,0.60463,-1.16989,0.20000,0.07000,1.75145,-0.36040,0.0323,0.631,1.7583,-0.3785,0.0128,0.0116,0.26547,0.13737,0.00,-10.40,0.00,0.0000
4283,LOST_LONG,0.26489,-0.90535,0.60463,-1.16989,0.20000,0.07000,1.75145,-0.36040,0.0323,0.631,1.7583,-0.3785,0.0128,0.0116,0.26520,0.13744,0.00,-10.40,0.00,0.0000
4293,LOST_LONG,0.26489,-0.90535,0.60463,-1.16989,0.20000,0.07000,1.75145,-0.36040,0.0323,0.631,1.7583,-0.3785,0.0128,0.0116,0.26453,0.13507,0.00,-10.40,0.00,0.0000
4303,LOST_LONG,0.26489,-0.90535,0.60463,-1.16989,0.20000,0.07000,1.75145,-0.36040,0.0323,0.631,1.7583,-0.3785,0.0128,0.0116,0.26152,0.13219,0.00,-10.40,0.00,0.0000
4313,LOST_LONG,0.26489,-0.90535,0.60463,-1.16989,0.20000,0.07000,1.75145,-0.36040,0.0323,0.631,1.7583,-0.3785,0.0128,0.0116,0.26412,0.13714,0.00,-10.40,0.00,0.0000
4323,LOST_LONG,0.26489,-0.90535,0.60463,-1.16989,0.20000,0.07000,1.75145,-0.36040,0.0323,0.631,1.7583,-0.3785,0.0128,0.0116,0.26515,0.13771,0.00,-10.40,0.00,0.0000
4333,LOST_LONG,0.26489,-0.90535,0.60463,-1.16989,0.20000,0.07000,1.75145,-0.36040,0.0323,0.631,1.7583,-0.3785,0.0128,0.0116,0.26559,0.13762,0.00,-10.40,0.00,0.0000
4343,LOST_LONG,0.26489,-0.90535,0.60463,-1.16989,0.20000,0.07000,1.75145,-0.36040,0.0323,0.631,1.7583,-0.3785,0.0128,0.0116,0.26518,0.13709,0.00,-10.40,0.00,0.0000
4353,LOST_LONG,0.26489,-0.90535,0.60463,-1.16989,0.20000,0.07000,1.75145,-0.36040,0.0323,0.631,1.7583,-0.3785,0.0128,0.0116,0.26596,0.13850,0.00,-10.40,0.00,0.0000
4363,LOST_LONG,0.26489,-0.90535,0.60463,-1.16989,0.20000,0.07000,1.75145,-0.36040,0.0323,0.631,1.7583,-0.3785,0.0128,0.0116,0.26370,0.13387,0.00,-10.40,0.00,0.0000
4373,LOST_LONG,0.26489,-0.90535,0.60463,-1.16989,0.20000,0.07000,1.75145,-0.36040,0.0323,0.631,1.7583,-0.3785,0.0128,0.0116,0.26502,0.13730,0.00,-10.40,0.00,0.0000
4383,LOST_LONG,0.26489,-0.90535,0.60463,-1.16989,0.20000,0.07000,1.75145,-0.36040,0.0323,0.631,1.7583,-0.3785,0.0128,0.0116,0.26495,0.13699,0.00,-10.40,0.00,0.0000
4393,LOST_LONG,0.26489,-0.90535,0.60463,-1.16989,0.20000,0.07000,1.75145,-0.36040,0.0323,0.631,1.7583,-0.3785,0.0128,0.0116,0.26537,0.13815,0.00,-10.40,0.00,0.0000
4403,LOST_LONG,0.26489,-0.90535,0.60463,-1.16989,0.20000,0.07000,1.75145,-0.36040,0.0323,0.631,1.7583,-0.3785,0.0128,0.0116,0.26510,0.13693,0.00,-10.40,0.00,0.0000
4413,LOST_LONG,0.26489,-0.90535,0.60463,-1.16989,0.20000,0.07000,1.75145,-0.36040,0.0323,0.631,1.7583,-0.3785,0.0128,0.0116,0.26514,0.13795,0.00,-10.40,0.00,0.0000
4423,LOST_LONG,0.26489,-0.90535,0.60463,-1.16989,0.20000,0.07000,1.75145,-0.36040,0.0323,0.631,1.7583,-0.3785,0.0128,0.0116,0.26464,0.13665,0.00,-10.40,0.00,0.0000
4433,LOST_LONG,0.26489,-0.90535,0.60463,-1.16989,0.20000,0.07000,1.75145,-0.36040,0.0323,0.631,1.7583,-0.3785,0.0128,0.0116,0.26530,0.13912,0.00,-10.40,0.00,0.0000
4443,LOST_LONG,0.26489,-0.90535,0.60463,-1.16989,0.20000,0.07000,1.75145,-0.36040,0.0323,0.631,1.7583,-0.3785,0.0128,0.0116,0.26472,0.13530,0.00,-10.40,0.00,0.0000
4453,LOST_LONG,0.26489,-0.90535,0.60463,-1.16989,0.20000,0.07000,1.75145,-0.36040,0.0323,0.631,1.7583,-0.3785,0.0128,0.0116,0.26510,0.13686,0.00,-10.40,0.00,0.0000
4463,LOST_LONG,0.26489,-0.90535,0.60463,-1.16989,0.20000,0.07000,1.75145,-0.36040,0.0323,0.631,1.7583,-0.3785,0.0128,0.0116,0.26507,0.13749,0.00,-10.40,0.00,0.0000
4473,LOST_LONG,0.26489,-0.90535,0.60463,-1.16989,0.20000,0.07000,1.75145,-0.36040,0.0323,0.631,1.7583,-0.3785,0.0128,0.0116,0.26529,0.13744,0.00,-10.40,0.00,0.0000
4483,LOST_LONG,0.26489,-0.90535,0.60463,-1.16989,0.20000,0.07000,1.75145,-0.36040,0.0323,0.631,1.7583,-0.3785,0.0128,0.0116,0.26459,0.13610,0.00,-10.40,0.00,0.0000
4493,LOST_LONG,0.26489,-0.90535,0.60463,-1.16989,0.20000,0.07000,1.75145,-0.36040,0.0323,0.631,1.7583,-0.3785,0.0128,0.0116,0.26523,0.13877,0.00,-10.40,0.00,0.0000
4503,LOST_LONG,0.26489,-0.90535,0.60463,-1.16989,0.20000,0.07000,1.75145,-0.36040,0.0323,0.631,1.7583,-0.3785,0.0128,0.0116,0.26440,0.13631,0.00,-10.40,0.00,0.0000
4513,LOST_LONG,0.26489,-0.90535,0.60463,-1.16989,0.20000,0.07000,1.75145,-0.36040,0.0323,0.631,1.7583,-0.3785,0.0128,0.0116,0.26493,0.13801,0.00,-10.40,0.00,0.0000
4523,LOST_LONG,0.26489,-0.90535,0.60463,-1.16989,0.20000,0.07000,1.75145,-0.36040,0.0323,0.631,1.7583,-0.3785,0.0128,0.0116,0.26489,0.13704,0.00,-10.40,0.00,0.0000
4533,LOST_LONG,0.26489,-0.90535,0.60463,-1.16989,0.20000,0.07000,1.75145,-0.36040,0.0323,0.631,1.7583,-0.3785,0.0128,0.0116,0.26508,0.13665,0.00,-10.40,0.00,0.0000
4543,LOST_LONG,0.26489,-0.90535,0.60463,-1.16989,0.20000,0.07000,1.75145,-0.36040,0.0323,0.631,1.7583,-0.3785,0.0128,0.0116,0.26348,0.13481,0.00,-10.40,0.00,0.0000
4553,LOST_LONG,0.26489,-0.90535,0.60463,-1.16989,0.20000,0.07000,1.75145,-0.36040,0.0323,0.631,1.7583,-0.3785,0.0128,0.0116,0.26454,0.13755,0.00,-10.40,0.00,0.0000
4563,LOST_LONG,0.26489,-0.90535,0.60463,-1.16989,0.20000,0.07000,1.75145,-0.36040,0.0323,0.631,1.7583,-0.3785,0.0128,0.0116,0.26525,0.13694,0.00,-10.40,0.00,0.0000
4573,LOST_LONG,0.26489,-0.90535,0.60463,-1.16989,0.20000,0.07000,1.75145,-0.36040,0.0323,0.631,1.7583,-0.3785,0.0128,0.0116,0.26532,0.13719,0.00,-10.40,0.00,0.0000
4583,LOST_LONG,0.26489,-0.90535,0.60463,-1.16989,0.20000,0.07000,1.75145,-0.36040,0.0323,0.631,1.7583,-0.3785,0.0128,0.0116,0.26510,0.13675,0.00,-10.40,0.00,0.0000
4593,LOST_LONG,0.26489,-0.90535,0.60463,-1.16989,0.20000,0.07000,1.75145,-0.36040,0.0323,0.631,1.7583,-0.3785,0.0128,0.0116,0.26425,0.13443,0.00,-10.40,0.00,0.0000
4603,LOST_LONG,0.26489,-0.90535,0.60463,-1.16989,0.20000,0.07000,1.75145,-0.36040,0.0323,0.631,1.7583,-0.3785,0.0128,0.0116,0.26457,0.13604,0.00,-10.40,0.00,0.0000
4613,LOST_LONG,0.26489,-0.90535,0.60463,-1.16989,0.20000,0.07000,1.75145,-0.36040,0.0323,0.631,1.7583,-0.3785,0.0128,0.0116,0.26445,0.13803,0.00,-10.40,0.00,0.0000
4623,LOST_LONG,0.26489,-0.90535,0.60463,-1.16989,0.20000,0.07000,1.75145,-0.36040,0.0323,0.631,1.7583,-0.3785,0.0128,0.0116,0.26471,0.13665,0.00,-10.40,0.00,0.0000
4633,LOST_LONG,0.26489,-0.90535,0.60463,-1.16989,0.20000,0.07000,1.75145,-0.36040,0.0323,0.631,1.7583,-0.3785,0.0128,0.0116,0.26479,0.13735,0.00,-10.40,0.00,0.0000
4643,LOST_LONG,0.26489,-0.90535,0.60463,-1.16989,0.20000,0.07000,1.75145,-0.36040,0.0323,0.631,1.7583,-0.3785,0.0128,0.0116,0.26536,0.13762,0.00,-10.40,0.00,0.0000
4653,LOST_LONG,0.26489,-0.90535,0.60463,-1.16989,0.20000,0.07000,1.75145,-0.36040,0.0323,0.631,1.7583,-0.3785,0.0128,0.0116,0.26576,0.13791,0.00,-10.40,0.00,0.0000
4663,LOST_LONG,0.26489,-0.90535,0.60463,-1.16989,0.20000,0.07000,1.75145,-0.36040,0.0323,0.631,1.7583,-0.3785,0.0128,0.0116,0.26534,0.13713,0.00,-10.40,0.00,0.0000
4673,LOST_LONG,0.26489,-0.90535,0.60463,-1.16989,0.20000,0.07000,1.75145,-0.36040,0.0323,0.631,1.7583,-0.3785,0.0128,0.0116,0.26497,0.13695,0.00,-10.40,0.00,0.0000
4683,LOST_LONG,0.26489,-0.90535,0.60463,-1.16989,0.20000,0.07000,1.75145,-0.36040,0.0323,0.631,1.7583,-0.3785,0.0128,0.0116,0.26460,0.13590,0.00,-10.40,0.00,0.0000
4693,LOST_LONG,0.26489,-0.90535,0.60463,-1.16989,0.20000,0.07000,1.75145,-0.36040,0.0323,0.631,1.7583,-0.3785,0.0128,0.0116,0.26520,0.13837,0.00,-10.40,0.00,0.0000
4703,LOST_LONG,0.26489,-0.90535,0.60463,-1.16989,0.20000,0.07000,1.75145,-0.36040,0.0323,0.631,1.7583,-0.3785,0.0128,0.0116,0.26547,0.13765,0.00,-10.40,0.00,0.0000
4713,LOST_LONG,0.26489,-0.90535,0.60463,-1.16989,0.20000,0.07000,1.75145,-0.36040,0.0323,0.631,1.7583,-0.3785,0.0128,0.0116,0.26640,0.13961,0.00,-10.40,0.00,0.0000
4723,LOST_LONG,0.26489,-0.90535,0.60463,-1.16989,0.20000,0.07000,1.75145,-0.36040,0.0323,0.631,1.7583,-0.3785,0.0128,0.0116,0.26601,0.13869,0.00,-10.40,0.00,0.0000
4733,LOST_LONG,0.26489,-0.90535,0.60463,-1.16989,0.20000,0.07000,1.75145,-0.36040,0.0323,0.631,1.7583,-0.3785,0.0128,0.0116,0.26510,0.13886,0.00,-10.40,0.00,0.0000
4743,LOST_LONG,0.26489,-0.90535,0.60463,-1.16989,0.20000,0.07000,1.75145,-0.36040,0.0323,0.631,1.7583,-0.3785,0.0128,0.0116,0.26474,0.13562,0.00,-10.40,0.00,0.0000
4753,LOST_LONG,0.26489,-0.90535,0.60463,-1.16989,0.20000,0.07000,1.75145,-0.36040,0.0323,0.631,1.7583,-0.3785,0.0128,0.0116,0.26390,0.13622,0.00,-10.40,0.00,0.0000
4763,LOST_LONG,0.26489,-0.90535,0.60463,-1.16989,0.20000,0.07000,1.75145,-0.36040,0.0323,0.631,1.7583,-0.3785,0.0128,0.0116,0.26459,0.13680,0.00,-10.40,0.00,0.0000
4773,LOST_LONG,0.26489,-0.90535,0.60463,-1.16989,0.20000,0.07000,1.75145,-0.36040,0.0323,0.631,1.7583,-0.3785,0.0128,0.0116,0.26521,0.13825,0.00,-10.40,0.00,0.0000
4783,LOST_LONG,0.26489,-0.90535,0.60463,-1.16989,0.20000,0.07000,1.75145,-0.36040,0.0323,0.631,1.7583,-0.3785,0.0128,0.0116,0.26502,0.13681,0.00,-10.40,0.00,0.0000
4793,LOST_LONG,0.26489,-0.90535,0.60463,-1.16989,0.20000,0.07000,1.75145,-0.36040,0.0323,0.631,1.7583,-0.3785,0.0128,0.0116,0.26516,0.13693,0.00,-10.40,0.00,0.0000
4803,LOST_LONG,0.26489,-0.90535,0.60463,-1.16989,0.20000,0.07000,1.75145,-0.36040,0.0323,0.631,1.7583,-0.3785,0.0128,0.0116,0.26455,0.13599,0.00,-10.40,0.00,0.0000
4813,LOST_LONG,0.26489,-0.90535,0.60463,-1.16989,0.20000,0.07000,1.75145,-0.36040,0.0323,0.631,1.7583,-0.3785,0.0128,0.0116,0.26348,0.13608,0.00,-10.40,0.00,0.0000
4823,LOST_LONG,0.26489,-0.90535,0.60463,-1.16989,0.20000,0.07000,1.75145,-0.36040,0.0323,0.631,1.7583,-0.3785,0.0128,0.0116,0.26491,0.13821,0.00,-10.40,0.00,0.0000
4833,LOST_LONG,0.26489,-0.90535,0.60463,-1.16989,0.20000,0.07000,1.75145,-0.36040,0.0323,0.631,1.7583,-0.3785,0.0128,0.0116,0.26534,0.13756,0.00,-10.40,0.00,0.0000
4843,LOST_LONG,0.26489,-0.90535,0.60463,-1.16989,0.20000,0.07000,1.75145,-0.36040,0.0323,0.631,1.7583,-0.3785,0.0128,0.0116,0.26500,0.13721,0.00,-10.40,0.00,0.0000
4853,LOST_LONG,0.26489,-0.90535,0.60463,-1.16989,0.20000,0.07000,1.75145,-0.36040,0.0323,0.631,1.7583,-0.3785,0.0128,0.0116,0.26495,0.13721,0.00,-10.40,0.00,0.0000
4863,LOST_LONG,0.26489,-0.90535,0.60463,-1.16989,0.20000,0.07000,1.75145,-0.36040,0.0323,0.631,1.7583,-0.3785,0.0128,0.0116,0.26562,0.13823,0.00,-10.40,0.00,0.0000
4873,LOST_LONG,0.26489,-0.90535,0.60463,-1.16989,0.20000,0.07000,1.75145,-0.36040,0.0323,0.631,1.7583,-0.3785,0.0128,0.0116,0.26422,0.13628,0.00,-10.40,0.00,0.0000
4883,LOST_LONG,0.26489,-0.90535,0.60463,-1.16989,0.20000,0.07000,1.75145,-0.36040,0.0323,0.631,1.7583,-0.3785,0.0128,0.0116,0.26470,0.13633,0.00,-10.40,0.00,0.0000
4893,LOST_LONG,0.26489,-0.90535,0.60463,-1.16989,0.20000,0.07000,1.75145,-0.36040,0.0323,0.631,1.7583,-0.3785,0.0128,0.0116,0.26295,0.13305,0.00,-10.40,0.00,0.0000
4903,LOST_LONG,0.26489,-0.90535,0.60463,-1.16989,0.20000,0.07000,1.75145,-0.36040,0.0323,0.631,1.7583,-0.3785,0.0128,0.0116,0.26498,0.13727,0.00,-10.40,0.00,0.0000
4913,LOST_LONG,0.26489,-0.90535,0.60463,-1.16989,0.20000,0.07000,1.75145,-0.36040,0.0323,0.631,1.7583,-0.3785,0.0128,0.0116,0.26480,0.13765,0.00,-10.40,0.00,0.0000
4923,LOST_LONG,0.26489,-0.90535,0.60463,-1.16989,0.20000,0.07000,1.75145,-0.36040,0.0323,0.631,1.7583,-0.3785,0.0128,0.0116,0.26506,0.13689,0.00,-10.40,0.00,0.0000
4933,LOST_LONG,0.26489,-0.90535,0.60463,-1.16989,0.20000,0.07000,1.75145,-0.36040,0.0323,0.631,1.7583,-0.3785,0.0128,0.0116,0.26491,0.13610,0.00,-10.40,0.00,0.0000
4943,LOST_LONG,0.26489,-0.90535,0.60463,-1.16989,0.20000,0.07000,1.75145,-0.36040,0.0323,0.631,1.7583,-0.3785,0.0128,0.0116,0.26525,0.13715,0.00,-10.40,0.00,0.0000
4953,LOST_LONG,0.26489,-0.90535,0.60463,-1.16989,0.20000,0.07000,1.75145,-0.36040,0.0323,0.631,1.7583,-0.3785,0.0128,0.0116,0.26513,0.13675,0.00,-10.40,0.00,0.0000
4963,LOST_LONG,0.26489,-0.90535,0.60463,-1.16989,0.20000,0.07000,1.75145,-0.36040,0.0323,0.631,1.7583,-0.3785,0.0128,0.0116,0.26541,0.13871,0.00,-10.40,0.00,0.0000
4973,LOST_LONG,0.26489,-0.90535,0.60463,-1.16989,0.20000,0.07000,1.75145,-0.36040,0.0323,0.631,1.7583,-0.3785,0.0128,0.0116,0.26504,0.13759,0.00,-10.40,0.00,0.0000
4983,LOST_LONG,0.26489,-0.90535,0.60463,-1.16989,0.20000,0.07000,1.75145,-0.36040,0.0323,0.631,1.7583,-0.3785,0.0128,0.0116,0.26561,0.13731,0.00,-10.40,0.00,0.0000
4993,LOST_LONG,0.26489,-0.90535,0.60463,-1.16989,0.20000,0.07000,1.75145,-0.36040,0.0323,0.631,1.7583,-0.3785,0.0128,0.0116,0.26365,0.13356,0.00,-10.40,0.00,0.0000
5003,LOST_LONG,0.26489,-0.90535,0.60463,-1.16989,0.20000,0.07000,1.75145,-0.36040,0.0323,0.631,1.7583,-0.3785,0.0128,0.0116,0.26371,0.13826,0.00,-10.40,0.00,0.0000
5013,LOST_LONG,0.26489,-0.90535,0.60463,-1.16989,0.20000,0.07000,1.75145,-0.36040,0.0323,0.631,1.7583,-0.3785,0.0128,0.0116,0.26177,0.13290,0.00,-10.40,0.00,0.0000
5023,LOST_LONG,0.26489,-0.90535,0.60463,-1.16989,0.20000,0.07000,1.75145,-0.36040,0.0323,0.631,1.7583,-0.3785,0.0128,0.0116,0.26458,0.13779,0.00,-10.40,0.00,0.0000
5033,LOST_LONG,0.26489,-0.90535,0.60463,-1.16989,0.20000,0.07000,1.75145,-0.36040,0.0323,0.631,1.7583,-0.3785,0.0128,0.0116,0.26517,0.13777,0.00,-10.40,0.00,0.0000
5043,LOST_LONG,0.26489,-0.90535,0.60463,-1.16989,0.20000,0.07000,1.75145,-0.36040,0.0323,0.631,1.7583,-0.3785,0.0128,0.0116,0.26316,0.13336,0.00,-10.40,0.00,0.0000
5053,LOST_LONG,0.26489,-0.90535,0.60463,-1.16989,0.20000,0.07000,1.75145,-0.36040,0.0323,0.631,1.7583,-0.3785,0.0128,0.0116,0.26426,0.13701,0.00,-10.40,0.00,0.0000
5063,LOST_LONG,0.26489,-0.90535,0.60463,-1.16989,0.20000,0.07000,1.75145,-0.36040,0.0323,0.631,1.7583,-0.3785,0.0128,0.0116,0.26485,0.13737,0.00,-10.40,0.00,0.0000
5073,LOST_LONG,0.26489,-0.90535,0.60463,-1.16989,0.20000,0.07000,1.75145,-0.36040,0.0323,0.631,1.7583,-0.3785,0.0128,0.0116,0.26499,0.13717,0.00,-10.40,0.00,0.0000
5083,LOST_LONG,0.26489,-0.90535,0.60463,-1.16989,0.20000,0.07000,1.75145,-0.36040,0.0323,0.631,1.7583,-0.3785,0.0128,0.0116,0.26488,0.13717,0.00,-10.40,0.00,0.0000
5093,LOST_LONG,0.26489,-0.90535,0.60463,-1.16989,0.20000,0.07000,1.75145,-0.36040,0.0323,0.631,1.7583,-0.3785,0.0128,0.0116,0.26498,0.13699,0.00,-10.40,0.00,0.0000
5103,LOST_LONG,0.26489,-0.90535,0.60463,-1.16989,0.20000,0.07000,1.75145,-0.36040,0.0323,0.631,1.7583,-0.3785,0.0128,0.0116,0.26475,0.13729,0.00,-10.40,0.00,0.0000
5113,LOST_LONG,0.26489,-0.90535,0.60463,-1.16989,0.20000,0.07000,1.75145,-0.36040,0.0323,0.631,1.7583,-0.3785,0.0128,0.0116,0.26415,0.13496,0.00,-10.40,0.00,0.0000
5123,LOST_LONG,0.26489,-0.90535,0.60463,-1.16989,0.20000,0.07000,1.75145,-0.36040,0.0323,0.631,1.7583,-0.3785,0.0128,0.0116,0.26533,0.13825,0.00,-10.40,0.00,0.0000
5133,LOST_LONG,0.26489,-0.90535,0.60463,-1.16989,0.20000,0.07000,1.75145,-0.36040,0.0323,0.631,1.7583,-0.3785,0.0128,0.0116,0.26539,0.13768,0.00,-10.40,0.00,0.0000
5143,LOST_LONG,0.26489,-0.90535,0.60463,-1.16989,0.20000,0.07000,1.75145,-0.36040,0.0323,0.631,1.7583,-0.3785,0.0128,0.0116,0.26514,0.13678,0.00,-10.40,0.00,0.0000
5153,LOST_LONG,0.26489,-0.90535,0.60463,-1.16989,0.20000,0.07000,1.75145,-0.36040,0.0323,0.631,1.7583,-0.3785,0.0128,0.0116,0.26493,0.13701,0.00,-10.40,0.00,0.0000
5163,LOST_LONG,0.26489,-0.90535,0.60463,-1.16989,0.20000,0.07000,1.75145,-0.36040,0.0323,0.631,1.7583,-0.3785,0.0128,0.0116,0.26499,0.13670,0.00,-10.40,0.00,0.0000
5173,LOST_LONG,0.26489,-0.90535,0.60463,-1.16989,0.20000,0.07000,1.75145,-0.36040,0.0323,0.631,1.7583,-0.3785,0.0128,0.0116,0.26499,0.13737,0.00,-10.40,0.00,0.0000
5183,LOST_LONG,0.26489,-0.90535,0.60463,-1.16989,0.20000,0.07000,1.75145,-0.36040,0.0323,0.631,1.7583,-0.3785,0.0128,0.0116,0.26529,0.13838,0.00,-10.40,0.00,0.0000
5193,LOST_LONG,0.26489,-0.90535,0.60463,-1.16989,0.20000,0.07000,1.75145,-0.36040,0.0323,0.631,1.7583,-0.3785,0.0128,0.0116,0.26465,0.13622,0.00,-10.40,0.00,0.0000
5203,LOST_LONG,0.26489,-0.90535,0.60463,-1.16989,0.20000,0.07000,1.75145,-0.36040,0.0323,0.631,1.7583,-0.3785,0.0128,0.0116,0.26432,0.13655,0.00,-10.40,0.00,0.0000
5213,LOST_LONG,0.26489,-0.90535,0.60463,-1.16989,0.20000,0.07000,1.75145,-0.36040,0.0323,0.631,1.7583,-0.3785,0.0128,0.0116,0.26476,0.13675,0.00,-10.40,0.00,0.0000
5223,LOST_LONG,0.26489,-0.90535,0.60463,-1.16989,0.20000,0.07000,1.75145,-0.36040,0.0323,0.631,1.7583,-0.3785,0.0128,0.0116,0.26530,0.13783,0.00,-10.40,0.00,0.0000
5233,LOST_LONG,0.26489,-0.90535,0.60463,-1.16989,0.20000,0.07000,1.75145,-0.36040,0.0323,0.631,1.7583,-0.3785,0.0128,0.0116,0.26467,0.13610,0.00,-10.40,0.00,0.0000
5243,LOST_LONG,0.26489,-0.90535,0.60463,-1.16989,0.20000,0.07000,1.75145,-0.36040,0.0323,0.631,1.7583,-0.3785,0.0128,0.0116,0.26488,0.13740,0.00,-10.40,0.00,0.0000
5253,LOST_LONG,0.26489,-0.90535,0.60463,-1.16989,0.20000,0.07000,1.75145,-0.36040,0.0323,0.631,1.7583,-0.3785,0.0128,0.0116,0.26363,0.13579,0.00,-10.40,0.00,0.0000
5263,LOST_LONG,0.26489,-0.90535,0.60463,-1.16989,0.20000,0.07000,1.75145,-0.36040,0.0323,0.631,1.7583,-0.3785,0.0128,0.0116,0.26318,0.13627,0.00,-10.40,0.00,0.0000
5273,LOST_LONG,0.26489,-0.90535,0.60463,-1.16989,0.20000,0.07000,1.75145,-0.36040,0.0323,0.631,1.7583,-0.3785,0.0128,0.0116,0.26445,0.13686,0.00,-10.40,0.00,0.0000
5283,LOST_LONG,0.26489,-0.90535,0.60463,-1.16989,0.20000,0.07000,1.75145,-0.36040,0.0323,0.631,1.7583,-0.3785,0.0128,0.0116,0.26520,0.13792,0.00,-10.40,0.00,0.0000
5293,LOST_LONG,0.26489,-0.90535,0.60463,-1.16989,0.20000,0.07000,1.75145,-0.36040,0.0323,0.631,1.7583,-0.3785,0.0128,0.0116,0.26567,0.13816,0.00,-10.40,0.00,0.0000
5303,LOST_LONG,0.26489,-0.90535,0.60463,-1.16989,0.20000,0.07000,1.75145,-0.36040,0.0323,0.631,1.7583,-0.3785,0.0128,0.0116,0.26502,0.13731,0.00,-10.40,0.00,0.0000
5313,LOST_LONG,0.26489,-0.90535,0.60463,-1.16989,0.20000,0.07000,1.75145,-0.36040,0.0323,0.631,1.7583,-0.3785,0.0128,0.0116,0.26531,0.13759,0.00,-10.40,0.00,0.0000
5323,LOST_LONG,0.26489,-0.90535,0.60463,-1.16989,0.20000,0.07000,1.75145,-0.36040,0.0323,0.631,1.7583,-0.3785,0.0128,0.0116,0.26387,0.13655,0.00,-10.40,0.00,0.0000
5333,LOST_LONG,0.26489,-0.90535,0.60463,-1.16989,0.20000,0.07000,1.75145,-0.36040,0.0323,0.631,1.7583,-0.3785,0.0128,0.0116,0.26534,0.13817,0.00,-10.40,0.00,0.0000
5343,LOST_LONG,0.26489,-0.90535,0.60463,-1.16989,0.20000,0.07000,1.75145,-0.36040,0.0323,0.631,1.7583,-0.3785,0.0128,0.0116,0.26380,0.13403,0.00,-10.40,0.00,0.0000
5353,LOST_LONG,0.26489,-0.90535,0.60463,-1.16989,0.20000,0.07000,1.75145,-0.36040,0.0323,0.631,1.7583,-0.3785,0.0128,0.0116,0.26512,0.13773,0.00,-10.40,0.00,0.0000
5363,LOST_LONG,0.26489,-0.90535,0.60463,-1.16989,0.20000,0.07000,1.75145,-0.36040,0.0323,0.631,1.7583,-0.3785,0.0128,0.0116,0.26495,0.13683,0.00,-10.40,0.00,0.0000
5373,LOST_LONG,0.26489,-0.90535,0.60463,-1.16989,0.20000,0.07000,1.75145,-0.36040,0.0323,0.631,1.7583,-0.3785,0.0128,0.0116,0.26559,0.13834,0.00,-10.40,0.00,0.0000
5383,LOST_LONG,0.26489,-0.90535,0.60463,-1.16989,0.20000,0.07000,1.75145,-0.36040,0.0323,0.631,1.7583,-0.3785,0.0128,0.0116,0.26530,0.13725,0.00,-10.40,0.00,0.0000
5393,LOST_LONG,0.26489,-0.90535,0.60463,-1.16989,0.20000,0.07000,1.75145,-0.36040,0.0323,0.631,1.7583,-0.3785,0.0128,0.0116,0.26531,0.13735,0.00,-10.40,0.00,0.0000
5403,LOST_LONG,0.26489,-0.90535,0.60463,-1.16989,0.20000,0.07000,1.75145,-0.36040,0.0323,0.631,1.7583,-0.3785,0.0128,0.0116,0.26543,0.13823,0.00,-10.40,0.00,0.0000
5413,LOST_LONG,0.26489,-0.90535,0.60463,-1.16989,0.20000,0.07000,1.75145,-0.36040,0.0323,0.631,1.7583,-0.3785,0.0128,0.0116,0.26513,0.13710,0.00,-10.40,0.00,0.0000
5423,LOST_LONG,0.26489,-0.90535,0.60463,-1.16989,0.20000,0.07000,1.75145,-0.36040,0.0323,0.631,1.7583,-0.3785,0.0128,0.0116,0.26516,0.13746,0.00,-10.40,0.00,0.0000
5433,LOST_LONG,0.26489,-0.90535,0.60463,-1.16989,0.20000,0.07000,1.75145,-0.36040,0.0323,0.631,1.7583,-0.3785,0.0128,0.0116,0.26569,0.13802,0.00,-10.40,0.00,0.0000
5443,LOST_LONG,0.26489,-0.90535,0.60463,-1.16989,0.20000,0.07000,1.75145,-0.36040,0.0323,0.631,1.7583,-0.3785,0.0128,0.0116,0.26398,0.13482,0.00,-10.40,0.00,0.0000
5453,LOST_LONG,0.26489,-0.90535,0.60463,-1.16989,0.20000,0.07000,1.75145,-0.36040,0.0323,0.631,1.7583,-0.3785,0.0128,0.0116,0.26474,0.13705,0.00,-10.40,0.00,0.0000
5463,LOST_LONG,0.26489,-0.90535,0.60463,-1.16989,0.20000,0.07000,1.75145,-0.36040,0.0323,0.631,1.7583,-0.3785,0.0128,0.0116,0.26495,0.13693,0.00,-10.40,0.00,0.0000
5473,LOST_LONG,0.26489,-0.90535,0.60463,-1.16989,0.20000,0.07000,1.75145,-0.36040,0.0323,0.631,1.7583,-0.3785,0.0128,0.0116,0.26537,0.13774,0.00,-10.40,0.00,0.0000
5483,LOST_LONG,0.26489,-0.90535,0.60463,-1.16989,0.20000,0.07000,1.75145,-0.36040,0.0323,0.631,1.7583,-0.3785,0.0128,0.0116,0.26503,0.13698,0.00,-10.40,0.00,0.0000
5493,LOST_LONG,0.26489,-0.90535,0.60463,-1.16989,0.20000,0.07000,1.75145,-0.36040,0.0323,0.631,1.7583,-0.3785,0.0128,0.0116,0.26403,0.13498,0.00,-10.40,0.00,0.0000
5503,LOST_LONG,0.26489,-0.90535,0.60463,-1.16989,0.20000,0.07000,1.75145,-0.36040,0.0323,0.631,1.7583,-0.3785,0.0128,0.0116,0.26447,0.13686,0.00,-10.40,0.00,0.0000
5513,LOST_LONG,0.26489,-0.90535,0.60463,-1.16989,0.20000,0.07000,1.75145,-0.36040,0.0323,0.631,1.7583,-0.3785,0.0128,0.0116,0.26490,0.13960,0.00,-10.40,0.00,0.0000
5523,LOST_LONG,0.26489,-0.90535,0.60463,-1.16989,0.20000,0.07000,1.75145,-0.36040,0.0323,0.631,1.7583,-0.3785,0.0128,0.0116,0.26425,0.13638,0.00,-10.40,0.00,0.0000
5533,LOST_LONG,0.26489,-0.90535,0.60463,-1.16989,0.20000,0.07000,1.75145,-0.36040,0.0323,0.631,1.7583,-0.3785,0.0128,0.0116,0.26488,0.13724,0.00,-10.40,0.00,0.0000
5543,LOST_LONG,0.26489,-0.90535,0.60463,-1.16989,0.20000,0.07000,1.75145,-0.36040,0.0323,0.631,1.7583,-0.3785,0.0128,0.0116,0.26538,0.13799,0.00,-10.40,0.00,0.0000
5553,LOST_LONG,0.26489,-0.90535,0.60463,-1.16989,0.20000,0.07000,1.75145,-0.36040,0.0323,0.631,1.7583,-0.3785,0.0128,0.0116,0.26591,0.13862,0.00,-10.40,0.00,0.0000
5563,LOST_LONG,0.26489,-0.90535,0.60463,-1.16989,0.20000,0.07000,1.75145,-0.36040,0.0323,0.631,1.7583,-0.3785,0.0128,0.0116,0.26545,0.13733,0.00,-10.40,0.00,0.0000
5573,LOST_LONG,0.26489,-0.90535,0.60463,-1.16989,0.20000,0.07000,1.75145,-0.36040,0.0323,0.631,1.7583,-0.3785,0.0128,0.0116,0.26554,0.13834,0.00,-10.40,0.00,0.0000
5583,LOST_LONG,0.26489,-0.90535,0.60463,-1.16989,0.20000,0.07000,1.75145,-0.36040,0.0323,0.631,1.7583,-0.3785,0.0128,0.0116,0.26435,0.13969,0.00,-10.40,0.00,0.0000
5593,LOST_LONG,0.26489,-0.90535,0.60463,-1.16989,0.20000,0.07000,1.75145,-0.36040,0.0323,0.631,1.7583,-0.3785,0.0128,0.0116,0.26454,0.13684,0.00,-10.40,0.00,0.0000
5603,LOST_LONG,0.26489,-0.90535,0.60463,-1.16989,0.20000,0.07000,1.75145,-0.36040,0.0323,0.631,1.7583,-0.3785,0.0128,0.0116,0.26506,0.13704,0.00,-10.40,0.00,0.0000
5613,LOST_LONG,0.26489,-0.90535,0.60463,-1.16989,0.20000,0.07000,1.75145,-0.36040,0.0323,0.631,1.7583,-0.3785,0.0128,0.0116,0.26558,0.13739,0.00,-10.40,0.00,0.0000
5623,LOST_LONG,0.26489,-0.90535,0.60463,-1.16989,0.20000,0.07000,1.75145,-0.36040,0.0323,0.631,1.7583,-0.3785,0.0128,0.0116,0.26501,0.13669,0.00,-10.40,0.00,0.0000
5633,LOST_LONG,0.26489,-0.90535,0.60463,-1.16989,0.20000,0.07000,1.75145,-0.36040,0.0323,0.631,1.7583,-0.3785,0.0128,0.0116,0.26627,0.13927,0.00,-10.40,0.00,0.0000
5643,LOST_LONG,0.26489,-0.90535,0.60463,-1.16989,0.20000,0.07000,1.75145,-0.36040,0.0323,0.631,1.7583,-0.3785,0.0128,0.0116,0.26465,0.13525,0.00,-10.40,0.00,0.0000
5653,LOST_LONG,0.26489,-0.90535,0.60463,-1.16989,0.20000,0.07000,1.75145,-0.36040,0.0323,0.631,1.7583,-0.3785,0.0128,0.0116,0.26448,0.13653,0.00,-10.40,0.00,0.0000
5663,LOST_LONG,0.26489,-0.90535,0.60463,-1.16989,0.20000,0.07000,1.75145,-0.36040,0.0323,0.631,1.7583,-0.3785,0.0128,0.0116,0.26512,0.13795,0.00,-10.40,0.00,0.0000
5673,LOST_LONG,0.26489,-0.90535,0.60463,-1.16989,0.20000,0.07000,1.75145,-0.36040,0.0323,0.631,1.7583,-0.3785,0.0128,0.0116,0.26507,0.13707,0.00,-10.40,0.00,0.0000
5683,LOST_LONG,0.26489,-0.90535,0.60463,-1.16989,0.20000,0.07000,1.75145,-0.36040,0.0323,0.631,1.7583,-0.3785,0.0128,0.0116,0.26488,0.13619,0.00,-10.40,0.00,0.0000
5693,LOST_LONG,0.26489,-0.90535,0.60463,-1.16989,0.20000,0.07000,1.75145,-0.36040,0.0323,0.631,1.7583,-0.3785,0.0128,0.0116,0.26537,0.13733,0.00,-10.40,0.00,0.0000
5703,LOST_LONG,0.26489,-0.90535,0.60463,-1.16989,0.20000,0.07000,1.75145,-0.36040,0.0323,0.631,1.7583,-0.3785,0.0128,0.0116,0.26253,0.13646,0.00,-10.40,0.00,0.0000
5713,LOST_LONG,0.26489,-0.90535,0.60463,-1.16989,0.20000,0.07000,1.75145,-0.36040,0.0323,0.631,1.7583,-0.3785,0.0128,0.0116,0.26455,0.13877,0.00,-10.40,0.00,0.0000
5723,LOST_LONG,0.26489,-0.90535,0.60463,-1.16989,0.20000,0.07000,1.75145,-0.36040,0.0323,0.631,1.7583,-0.3785,0.0128,0.0116,0.26508,0.13799,0.00,-10.40,0.00,0.0000
5733,LOST_LONG,0.26489,-0.90535,0.60463,-1.16989,0.20000,0.07000,1.75145,-0.36040,0.0323,0.631,1.7583,-0.3785,0.0128,0.0116,0.26481,0.13720,0.00,-10.40,0.00,0.0000
5743,LOST_LONG,0.26489,-0.90535,0.60463,-1.16989,0.20000,0.07000,1.75145,-0.36040,0.0323,0.631,1.7583,-0.3785,0.0128,0.0116,0.26502,0.13694,0.00,-10.40,0.00,0.0000
5753,LOST_LONG,0.26489,-0.90535,0.60463,-1.16989,0.20000,0.07000,1.75145,-0.36040,0.0323,0.631,1.7583,-0.3785,0.0128,0.0116,0.26560,0.13917,0.00,-10.40,0.00,0.0000
5763,LOST_LONG,0.26489,-0.90535,0.60463,-1.16989,0.20000,0.07000,1.75145,-0.36040,0.0323,0.631,1.7583,-0.3785,0.0128,0.0116,0.26485,0.13835,0.00,-10.40,0.00,0.0000
5773,LOST_LONG,0.26489,-0.90535,0.60463,-1.16989,0.20000,0.07000,1.75145,-0.36040,0.0323,0.631,1.7583,-0.3785,0.0128,0.0116,0.26517,0.13727,0.00,-10.40,0.00,0.0000
5783,LOST_LONG,0.26489,-0.90535,0.60463,-1.16989,0.20000,0.07000,1.75145,-0.36040,0.0323,0.631,1.7583,-0.3785,0.0128,0.0116,0.26529,0.13793,0.00,-10.40,0.00,0.0000
5793,LOST_LONG,0.26489,-0.90535,0.60463,-1.16989,0.20000,0.07000,1.75145,-0.36040,0.0323,0.631,1.7583,-0.3785,0.0128,0.0116,0.26315,0.13309,0.00,-10.40,0.00,0.0000
5803,LOST_LONG,0.26489,-0.90535,0.60463,-1.16989,0.20000,0.07000,1.75145,-0.36040,0.0323,0.631,1.7583,-0.3785,0.0128,0.0116,0.26507,0.13730,0.00,-10.40,0.00,0.0000
5813,LOST_LONG,0.26489,-0.90535,0.60463,-1.16989,0.20000,0.07000,1.75145,-0.36040,0.0323,0.631,1.7583,-0.3785,0.0128,0.0116,0.26487,0.13727,0.00,-10.40,0.00,0.0000
5823,LOST_LONG,0.26489,-0.90535,0.60463,-1.16989,0.20000,0.07000,1.75145,-0.36040,0.0323,0.631,1.7583,-0.3785,0.0128,0.0116,0.26593,0.13818,0.00,-10.40,0.00,0.0000
5833,LOST_LONG,0.26489,-0.90535,0.60463,-1.16989,0.20000,0.07000,1.75145,-0.36040,0.0323,0.631,1.7583,-0.3785,0.0128,0.0116,0.26469,0.13649,0.00,-10.40,0.00,0.0000
5843,LOST_LONG,0.26489,-0.90535,0.60463,-1.16989,0.20000,0.07000,1.75145,-0.36040,0.0323,0.631,1.7583,-0.3785,0.0128,0.0116,0.26493,0.13669,0.00,-10.40,0.00,0.0000
5853,LOST_LONG,0.26489,-0.90535,0.60463,-1.16989,0.20000,0.07000,1.75145,-0.36040,0.0323,0.631,1.7583,-0.3785,0.0128,0.0116,0.26496,0.13713,0.00,-10.40,0.00,0.0000
5863,LOST_LONG,0.26489,-0.90535,0.60463,-1.16989,0.20000,0.07000,1.75145,-0.36040,0.0323,0.631,1.7583,-0.3785,0.0128,0.0116,0.26509,0.13724,0.00,-10.40,0.00,0.0000
5873,LOST_LONG,0.26489,-0.90535,0.60463,-1.16989,0.20000,0.07000,1.75145,-0.36040,0.0323,0.631,1.7583,-0.3785,0.0128,0.0116,0.26532,0.13763,0.00,-10.40,0.00,0.0000
5883,LOST_LONG,0.26489,-0.90535,0.60463,-1.16989,0.20000,0.07000,1.75145,-0.36040,0.0323,0.631,1.7583,-0.3785,0.0128,0.0116,0.26557,0.13859,0.00,-10.40,0.00,0.0000
5893,LOST_LONG,0.26489,-0.90535,0.60463,-1.16989,0.20000,0.07000,1.75145,-0.36040,0.0323,0.631,1.7583,-0.3785,0.0128,0.0116,0.26486,0.13717,0.00,-10.40,0.00,0.0000
5903,LOST_LONG,0.26489,-0.90535,0.60463,-1.16989,0.20000,0.07000,1.75145,-0.36040,0.0323,0.631,1.7583,-0.3785,0.0128,0.0116,0.26506,0.13861,0.00,-10.40,0.00,0.0000
5913,LOST_LONG,0.26489,-0.90535,0.60463,-1.16989,0.20000,0.07000,1.75145,-0.36040,0.0323,0.631,1.7583,-0.3785,0.0128,0.0116,0.26444,0.13625,0.00,-10.40,0.00,0.0000
5923,LOST_LONG,0.26489,-0.90535,0.60463,-1.16989,0.20000,0.07000,1.75145,-0.36040,0.0323,0.631,1.7583,-0.3785,0.0128,0.0116,0.26510,0.13659,0.00,-10.40,0.00,0.0000
5933,LOST_LONG,0.26489,-0.90535,0.60463,-1.16989,0.20000,0.07000,1.75145,-0.36040,0.0323,0.631,1.7583,-0.3785,0.0128,0.0116,0.26530,0.13825,0.00,-10.40,0.00,0.0000
5943,LOST_LONG,0.26489,-0.90535,0.60463,-1.16989,0.20000,0.07000,1.75145,-0.36040,0.0323,0.631,1.7583,-0.3785,0.0128,0.0116,0.26378,0.13430,0.00,-10.40,0.00,0.0000
5953,LOST_LONG,0.26489,-0.90535,0.60463,-1.16989,0.20000,0.07000,1.75145,-0.36040,0.0323,0.631,1.7583,-0.3785,0.0128,0.0116,0.26404,0.13599,0.00,-10.40,0.00,0.0000
5963,LOST_LONG,0.26489,-0.90535,0.60463,-1.16989,0.20000,0.07000,1.75145,-0.36040,0.0323,0.631,1.7583,-0.3785,0.0128,0.0116,0.26461,0.13648,0.00,-10.40,0.00,0.0000
5973,LOST_LONG,0.26489,-0.90535,0.60463,-1.16989,0.20000,0.07000,1.75145,-0.36040,0.0323,0.631,1.7583,-0.3785,0.0128,0.0116,0.26515,0.13768,0.00,-10.40,0.00,0.0000
5983,LOST_LONG,0.26489,-0.90535,0.60463,-1.16989,0.20000,0.07000,1.75145,-0.36040,0.0323,0.631,1.7583,-0.3785,0.0128,0.0116,0.26525,0.13801,0.00,-10.40,0.00,0.0000
5993,LOST_LONG,0.26489,-0.90535,0.60463,-1.16989,0.20000,0.07000,1.75145,-0.36040,0.0323,0.631,1.7583,-0.3785,0.0128,0.0116,0.26512,0.13733,0.00,-10.40,0.00,0.0000
6003,LOST_LONG,0.26489,-0.90535,0.60463,-1.16989,0.20000,0.07000,1.75145,-0.36040,0.0323,0.631,1.7583,-0.3785,0.0128,0.0116,0.26575,0.13820,0.00,-10.40,0.00,0.0000
6013,LOST_LONG,0.26489,-0.90535,0.60463,-1.16989,0.20000,0.07000,1.75145,-0.36040,0.0323,0.631,1.7583,-0.3785,0.0128,0.0116,0.26494,0.13657,0.00,-10.40,0.00,0.0000
6023,LOST_LONG,0.26489,-0.90535,0.60463,-1.16989,0.20000,0.07000,1.75145,-0.36040,0.0323,0.631,1.7583,-0.3785,0.0128,0.0116,0.26568,0.13781,0.00,-10.40,0.00,0.0000
6033,LOST_LONG,0.26489,-0.90535,0.60463,-1.16989,0.20000,0.07000,1.75145,-0.36040,0.0323,0.631,1.7583,-0.3785,0.0128,0.0116,0.26522,0.13713,0.00,-10.40,0.00,0.0000
6043,LOST_LONG,0.26489,-0.90535,0.60463,-1.16989,0.20000,0.07000,1.75145,-0.36040,0.0323,0.631,1.7583,-0.3785,0.0128,0.0116,0.26530,0.13694,0.00,-10.40,0.00,0.0000
6053,LOST_LONG,0.26489,-0.90535,0.60463,-1.16989,0.20000,0.07000,1.75145,-0.36040,0.0323,0.631,1.7583,-0.3785,0.0128,0.0116,0.26521,0.13656,0.00,-10.40,0.00,0.0000
6063,LOST_LONG,0.26489,-0.90535,0.60463,-1.16989,0.20000,0.07000,1.75145,-0.36040,0.0323,0.631,1.7583,-0.3785,0.0128,0.0116,0.26517,0.13712,0.00,-10.40,0.00,0.0000
6073,LOST_LONG,0.26489,-0.90535,0.60463,-1.16989,0.20000,0.07000,1.75145,-0.36040,0.0323,0.631,1.7583,-0.3785,0.0128,0.0116,0.26479,0.13619,0.00,-10.40,0.00,0.0000
6083,LOST_LONG,0.26489,-0.90535,0.60463,-1.16989,0.20000,0.07000,1.75145,-0.36040,0.0323,0.631,1.7583,-0.3785,0.0128,0.0116,0.26468,0.13979,0.00,-10.40,0.00,0.0000
6093,LOST_LONG,0.26489,-0.90535,0.60463,-1.16989,0.20000,0.07000,1.75145,-0.36040,0.0323,0.631,1.7583,-0.3785,0.0128,0.0116,0.26278,0.13388,0.00,-10.40,0.00,0.0000
6103,LOST_LONG,0.26489,-0.90535,0.60463,-1.16989,0.20000,0.07000,1.75145,-0.36040,0.0323,0.631,1.7583,-0.3785,0.0128,0.0116,0.26425,0.13605,0.00,-10.40,0.00,0.0000
6113,LOST_LONG,0.26489,-0.90535,0.60463,-1.16989,0.20000,0.07000,1.75145,-0.36040,0.0323,0.631,1.7583,-0.3785,0.0128,0.0116,0.26495,0.13732,0.00,-10.40,0.00,0.0000
6123,LOST_LONG,0.26489,-0.90535,0.60463,-1.16989,0.20000,0.07000,1.75145,-0.36040,0.0323,0.631,1.7583,-0.3785,0.0128,0.0116,0.26497,0.13709,0.00,-10.40,0.00,0.0000
6133,LOST_LONG,0.26489,-0.90535,0.60463,-1.16989,0.20000,0.07000,1.75145,-0.36040,0.0323,0.631,1.7583,-0.3785,0.0128,0.0116,0.26515,0.13706,0.00,-10.40,0.00,0.0000
6143,LOST_LONG,0.26489,-0.90535,0.60463,-1.16989,0.20000,0.07000,1.75145,-0.36040,0.0323,0.631,1.7583,-0.3785,0.0128,0.0116,0.26443,0.13825,0.00,-10.40,0.00,0.0000
6153,LOST_LONG,0.26489,-0.90535,0.60463,-1.16989,0.20000,0.07000,1.75145,-0.36040,0.0323,0.631,1.7583,-0.3785,0.0128,0.0116,0.26473,0.13749,0.00,-10.40,0.00,0.0000
6163,LOST_LONG,0.26489,-0.90535,0.60463,-1.16989,0.20000,0.07000,1.75145,-0.36040,0.0323,0.631,1.7583,-0.3785,0.0128,0.0116,0.26540,0.13801,0.00,-10.40,0.00,0.0000
6173,LOST_LONG,0.26489,-0.90535,0.60463,-1.16989,0.20000,0.07000,1.75145,-0.36040,0.0323,0.631,1.7583,-0.3785,0.0128,0.0116,0.26520,0.13709,0.00,-10.40,0.00,0.0000
6183,LOST_LONG,0.26489,-0.90535,0.60463,-1.16989,0.20000,0.07000,1.75145,-0.36040,0.0323,0.631,1.7583,-0.3785,0.0128,0.0116,0.26546,0.13788,0.00,-10.40,0.00,0.0000
6193,LOST_LONG,0.26489,-0.90535,0.60463,-1.16989,0.20000,0.07000,1.75145,-0.36040,0.0323,0.631,1.7583,-0.3785,0.0128,0.0116,0.26480,0.13615,0.00,-10.40,0.00,0.0000
6203,LOST_LONG,0.26489,-0.90535,0.60463,-1.16989,0.20000,0.07000,1.75145,-0.36040,0.0323,0.631,1.7583,-0.3785,0.0128,0.0116,0.26467,0.13784,0.00,-10.40,0.00,0.0000
6213,LOST_LONG,0.26489,-0.90535,0.60463,-1.16989,0.20000,0.07000,1.75145,-0.36040,0.0323,0.631,1.7583,-0.3785,0.0128,0.0116,0.26486,0.13713,0.00,-10.40,0.00,0.0000
6223,LOST_LONG,0.26489,-0.90535,0.60463,-1.16989,0.20000,0.07000,1.75145,-0.36040,0.0323,0.631,1.7583,-0.3785,0.0128,0.0116,0.26526,0.13783,0.00,-10.40,0.00,0.0000
6233,LOST_LONG,0.26489,-0.90535,0.60463,-1.16989,0.20000,0.07000,1.75145,-0.36040,0.0323,0.631,1.7583,-0.3785,0.0128,0.0116,0.26526,0.13802,0.00,-10.40,0.00,0.0000
6243,LOST_LONG,0.26489,-0.90535,0.60463,-1.16989,0.20000,0.07000,1.75145,-0.36040,0.0323,0.631,1.7583,-0.3785,0.0128,0.0116,0.26321,0.13311,0.00,-10.40,0.00,0.0000
6253,LOST_LONG,0.26489,-0.90535,0.60463,-1.16989,0.20000,0.07000,1.75145,-0.36040,0.0323,0.631,1.7583,-0.3785,0.0128,0.0116,0.26481,0.13718,0.00,-10.40,0.00,0.0000
6263,LOST_LONG,0.26489,-0.90535,0.60463,-1.16989,0.20000,0.07000,1.75145,-0.36040,0.0323,0.631,1.7583,-0.3785,0.0128,0.0116,0.26525,0.13846,0.00,-10.40,0.00,0.0000
6273,LOST_LONG,0.26489,-0.90535,0.60463,-1.16989,0.20000,0.07000,1.75145,-0.36040,0.0323,0.631,1.7583,-0.3785,0.0128,0.0116,0.26409,0.13597,0.00,-10.40,0.00,0.0000
6283,LOST_LONG,0.26489,-0.90535,0.60463,-1.16989,0.20000,0.07000,1.75145,-0.36040,0.0323,0.631,1.7583,-0.3785,0.0128,0.0116,0.26486,0.13831,0.00,-10.40,0.00,0.0000
6293,LOST_LONG,0.26489,-0.90535,0.60463,-1.16989,0.20000,0.07000,1.75145,-0.36040,0.0323,0.631,1.7583,-0.3785,0.0128,0.0116,0.26506,0.13705,0.00,-10.40,0.00,0.0000
6303,LOST_LONG,0.26489,-0.90535,0.60463,-1.16989,0.20000,0.07000,1.75145,-0.36040,0.0323,0.631,1.7583,-0.3785,0.0128,0.0116,0.26456,0.13613,0.00,-10.40,0.00,0.0000
6313,LOST_LONG,0.26489,-0.90535,0.60463,-1.16989,0.20000,0.07000,1.75145,-0.36040,0.0323,0.631,1.7583,-0.3785,0.0128,0.0116,0.26489,0.13709,0.00,-10.40,0.00,0.0000
6323,LOST_LONG,0.26489,-0.90535,0.60463,-1.16989,0.20000,0.07000,1.75145,-0.36040,0.0323,0.631,1.7583,-0.3785,0.0128,0.0116,0.26490,0.13751,0.00,-10.40,0.00,0.0000
6333,LOST_LONG,0.26489,-0.90535,0.60463,-1.16989,0.20000,0.07000,1.75145,-0.36040,0.0323,0.631,1.7583,-0.3785,0.0128,0.0116,0.26445,0.13623,0.00,-10.40,0.00,0.0000
6343,LOST_LONG,0.26489,-0.90535,0.60463,-1.16989,0.20000,0.07000,1.75145,-0.36040,0.0323,0.631,1.7583,-0.3785,0.0128,0.0116,0.26550,0.13822,0.00,-10.40,0.00,0.0000
6353,LOST_LONG,0.26489,-0.90535,0.60463,-1.16989,0.20000,0.07000,1.75145,-0.36040,0.0323,0.631,1.7583,-0.3785,0.0128,0.0116,0.26476,0.13740,0.00,-10.40,0.00,0.0000
6363,LOST_LONG,0.26489,-0.90535,0.60463,-1.16989,0.20000,0.07000,1.75145,-0.36040,0.0323,0.631,1.7583,-0.3785,0.0128,0.0116,0.26492,0.13708,0.00,-10.40,0.00,0.0000
6373,LOST_LONG,0.26489,-0.90535,0.60463,-1.16989,0.20000,0.07000,1.75145,-0.36040,0.0323,0.631,1.7583,-0.3785,0.0128,0.0116,0.26566,0.13777,0.00,-10.40,0.00,0.0000
6383,LOST_LONG,0.26489,-0.90535,0.60463,-1.16989,0.20000,0.07000,1.75145,-0.36040,0.0323,0.631,1.7583,-0.3785,0.0128,0.0116,0.26540,0.13747,0.00,-10.40,0.00,0.0000
6393,LOST_LONG,0.26489,-0.90535,0.60463,-1.16989,0.20000,0.07000,1.75145,-0.36040,0.0323,0.631,1.7583,-0.3785,0.0128,0.0116,0.26408,0.13548,0.00,-10.40,0.00,0.0000
6403,LOST_LONG,0.26489,-0.90535,0.60463,-1.16989,0.20000,0.07000,1.75145,-0.36040,0.0323,0.631,1.7583,-0.3785,0.0128,0.0116,0.26324,0.13631,0.00,-10.40,0.00,0.0000
6413,LOST_LONG,0.26489,-0.90535,0.60463,-1.16989,0.20000,0.07000,1.75145,-0.36040,0.0323,0.631,1.7583,-0.3785,0.0128,0.0116,0.26364,0.13785,0.00,-10.40,0.00,0.0000
6423,LOST_LONG,0.26489,-0.90535,0.60463,-1.16989,0.20000,0.07000,1.75145,-0.36040,0.0323,0.631,1.7583,-0.3785,0.0128,0.0116,0.26468,0.13701,0.00,-10.40,0.00,0.0000
6433,LOST_LONG,0.26489,-0.90535,0.60463,-1.16989,0.20000,0.07000,1.75145,-0.36040,0.0323,0.631,1.7583,-0.3785,0.0128,0.0116,0.26530,0.13837,0.00,-10.40,0.00,0.0000
6443,LOST_LONG,0.26489,-0.90535,0.60463,-1.16989,0.20000,0.07000,1.75145,-0.36040,0.0323,0.631,1.7583,-0.3785,0.0128,0.0116,0.26539,0.13804,0.00,-10.40,0.00,0.0000
6453,LOST_LONG,0.26489,-0.90535,0.60463,-1.16989,0.20000,0.07000,1.75145,-0.36040,0.0323,0.631,1.7583,-0.3785,0.0128,0.0116,0.26488,0.13675,0.00,-10.40,0.00,0.0000
6463,LOST_LONG,0.26489,-0.90535,0.60463,-1.16989,0.20000,0.07000,1.75145,-0.36040,0.0323,0.631,1.7583,-0.3785,0.0128,0.0116,0.26535,0.13785,0.00,-10.40,0.00,0.0000
6473,LOST_LONG,0.26489,-0.90535,0.60463,-1.16989,0.20000,0.07000,1.75145,-0.36040,0.0323,0.631,1.7583,-0.3785,0.0128,0.0116,0.26505,0.13670,0.00,-10.40,0.00,0.0000
6483,LOST_LONG,0.26489,-0.90535,0.60463,-1.16989,0.20000,0.07000,1.75145,-0.36040,0.0323,0.631,1.7583,-0.3785,0.0128,0.0116,0.26511,0.13770,0.00,-10.40,0.00,0.0000
6493,LOST_LONG,0.26489,-0.90535,0.60463,-1.16989,0.20000,0.07000,1.75145,-0.36040,0.0323,0.631,1.7583,-0.3785,0.0128,0.0116,0.26554,0.13787,0.00,-10.40,0.00,0.0000
6503,LOST_LONG,0.26489,-0.90535,0.60463,-1.16989,0.20000,0.07000,1.75145,-0.36040,0.0323,0.631,1.7583,-0.3785,0.0128,0.0116,0.26519,0.13686,0.00,-10.40,0.00,0.0000
6513,LOST_LONG,0.26489,-0.90535,0.60463,-1.16989,0.20000,0.07000,1.75145,-0.36040,0.0323,0.631,1.7583,-0.3785,0.0128,0.0116,0.26513,0.13720,0.00,-10.40,0.00,0.0000
6523,LOST_LONG,0.26489,-0.90535,0.60463,-1.16989,0.20000,0.07000,1.75145,-0.36040,0.0323,0.631,1.7583,-0.3785,0.0128,0.0116,0.26481,0.13614,0.00,-10.40,0.00,0.0000
6533,LOST_LONG,0.26489,-0.90535,0.60463,-1.16989,0.20000,0.07000,1.75145,-0.36040,0.0323,0.631,1.7583,-0.3785,0.0128,0.0116,0.26478,0.13651,0.00,-10.40,0.00,0.0000
6543,LOST_LONG,0.26489,-0.90535,0.60463,-1.16989,0.20000,0.07000,1.75145,-0.36040,0.0323,0.631,1.7583,-0.3785,0.0128,0.0116,0.26525,0.13804,0.00,-10.40,0.00,0.0000
6553,LOST_LONG,0.26489,-0.90535,0.60463,-1.16989,0.20000,0.07000,1.75145,-0.36040,0.0323,0.631,1.7583,-0.3785,0.0128,0.0116,0.26510,0.13716,0.00,-10.40,0.00,0.0000
6563,LOST_LONG,0.26489,-0.90535,0.60463,-1.16989,0.20000,0.07000,1.75145,-0.36040,0.0323,0.631,1.7583,-0.3785,0.0128,0.0116,0.26509,0.13723,0.00,-10.40,0.00,0.0000
6573,LOST_LONG,0.26489,-0.90535,0.60463,-1.16989,0.20000,0.07000,1.75145,-0.36040,0.0323,0.631,1.7583,-0.3785,0.0128,0.0116,0.26534,0.13836,0.00,-10.40,0.00,0.0000
6583,LOST_LONG,0.26489,-0.90535,0.60463,-1.16989,0.20000,0.07000,1.75145,-0.36040,0.0323,0.631,1.7583,-0.3785,0.0128,0.0116,0.26301,0.13310,0.00,-10.40,0.00,0.0000
6593,LOST_LONG,0.26489,-0.90535,0.60463,-1.16989,0.20000,0.07000,1.75145,-0.36040,0.0323,0.631,1.7583,-0.3785,0.0128,0.0116,0.26475,0.13936,0.00,-10.40,0.00,0.0000
6603,LOST_LONG,0.26489,-0.90535,0.60463,-1.16989,0.20000,0.07000,1.75145,-0.36040,0.0323,0.631,1.7583,-0.3785,0.0128,0.0116,0.26414,0.13612,0.00,-10.40,0.00,0.0000
6613,LOST_LONG,0.26489,-0.90535,0.60463,-1.16989,0.20000,0.07000,1.75145,-0.36040,0.0323,0.631,1.7583,-0.3785,0.0128,0.0116,0.26496,0.13756,0.00,-10.40,0.00,0.0000
6623,LOST_LONG,0.26489,-0.90535,0.60463,-1.16989,0.20000,0.07000,1.75145,-0.36040,0.0323,0.631,1.7583,-0.3785,0.0128,0.0116,0.26488,0.13691,0.00,-10.40,0.00,0.0000
6633,LOST_LONG,0.26489,-0.90535,0.60463,-1.16989,0.20000,0.07000,1.75145,-0.36040,0.0323,0.631,1.7583,-0.3785,0.0128,0.0116,0.26536,0.13797,0.00,-10.40,0.00,0.0000
6643,LOST_LONG,0.26489,-0.90535,0.60463,-1.16989,0.20000,0.07000,1.75145,-0.36040,0.0323,0.631,1.7583,-0.3785,0.0128,0.0116,0.26460,0.13604,0.00,-10.40,0.00,0.0000
6653,LOST_LONG,0.26489,-0.90535,0.60463,-1.16989,0.20000,0.07000,1.75145,-0.36040,0.0323,0.631,1.7583,-0.3785,0.0128,0.0116,0.26487,0.13705,0.00,-10.40,0.00,0.0000
6663,LOST_LONG,0.26489,-0.90535,0.60463,-1.16989,0.20000,0.07000,1.75145,-0.36040,0.0323,0.631,1.7583,-0.3785,0.0128,0.0116,0.26459,0.13754,0.00,-10.40,0.00,0.0000
6673,LOST_LONG,0.26489,-0.90535,0.60463,-1.16989,0.20000,0.07000,1.75145,-0.36040,0.0323,0.631,1.7583,-0.3785,0.0128,0.0116,0.26498,0.13728,0.00,-10.40,0.00,0.0000
6683,LOST_LONG,0.26489,-0.90535,0.60463,-1.16989,0.20000,0.07000,1.75145,-0.36040,0.0323,0.631,1.7583,-0.3785,0.0128,0.0116,0.26489,0.13685,0.00,-10.40,0.00,0.0000
6693,LOST_LONG,0.26489,-0.90535,0.60463,-1.16989,0.20000,0.07000,1.75145,-0.36040,0.0323,0.631,1.7583,-0.3785,0.0128,0.0116,0.26512,0.13695,0.00,-10.40,0.00,0.0000
6703,LOST_LONG,0.26489,-0.90535,0.60463,-1.16989,0.20000,0.07000,1.75145,-0.36040,0.0323,0.631,1.7583,-0.3785,0.0128,0.0116,0.26482,0.13710,0.00,-10.40,0.00,0.0000
6713,LOST_LONG,0.26489,-0.90535,0.60463,-1.16989,0.20000,0.07000,1.75145,-0.36040,0.0323,0.631,1.7583,-0.3785,0.0128,0.0116,0.26544,0.13783,0.00,-10.40,0.00,0.0000
6723,LOST_LONG,0.26489,-0.90535,0.60463,-1.16989,0.20000,0.07000,1.75145,-0.36040,0.0323,0.631,1.7583,-0.3785,0.0128,0.0116,0.26274,0.13308,0.00,-10.40,0.00,0.0000
6733,LOST_LONG,0.26489,-0.90535,0.60463,-1.16989,0.20000,0.07000,1.75145,-0.36040,0.0323,0.631,1.7583,-0.3785,0.0128,0.0116,0.26475,0.13745,0.00,-10.40,0.00,0.0000
6743,LOST_LONG,0.26489,-0.90535,0.60463,-1.16989,0.20000,0.07000,1.75145,-0.36040,0.0323,0.631,1.7583,-0.3785,0.0128,0.0116,0.26476,0.13748,0.00,-10.40,0.00,0.0000
6753,LOST_LONG,0.26489,-0.90535,0.60463,-1.16989,0.20000,0.07000,1.75145,-0.36040,0.0323,0.631,1.7583,-0.3785,0.0128,0.0116,0.26461,0.13602,0.00,-10.40,0.00,0.0000
6763,LOST_LONG,0.26489,-0.90535,0.60463,-1.16989,0.20000,0.07000,1.75145,-0.36040,0.0323,0.631,1.7583,-0.3785,0.0128,0.0116,0.26460,0.13671,0.00,-10.40,0.00,0.0000
6773,LOST_LONG,0.26489,-0.90535,0.60463,-1.16989,0.20000,0.07000,1.75145,-0.36040,0.0323,0.631,1.7583,-0.3785,0.0128,0.0116,0.26516,0.13800,0.00,-10.40,0.00,0.0000
6783,LOST_LONG,0.26489,-0.90535,0.60463,-1.16989,0.20000,0.07000,1.75145,-0.36040,0.0323,0.631,1.7583,-0.3785,0.0128,0.0116,0.26512,0.13731,0.00,-10.40,0.00,0.0000
6793,LOST_LONG,0.26489,-0.90535,0.60463,-1.16989,0.20000,0.07000,1.75145,-0.36040,0.0323,0.631,1.7583,-0.3785,0.0128,0.0116,0.26499,0.13699,0.00,-10.40,0.00,0.0000
6803,LOST_LONG,0.26489,-0.90535,0.60463,-1.16989,0.20000,0.07000,1.75145,-0.36040,0.0323,0.631,1.7583,-0.3785,0.0128,0.0116,0.26536,0.13816,0.00,-10.40,0.00,0.0000
6813,LOST_LONG,0.26489,-0.90535,0.60463,-1.16989,0.20000,0.07000,1.75145,-0.36040,0.0323,0.631,1.7583,-0.3785,0.0128,0.0116,0.26488,0.13691,0.00,-10.40,0.00,0.0000
6823,LOST_LONG,0.26489,-0.90535,0.60463,-1.16989,0.20000,0.07000,1.75145,-0.36040,0.0323,0.631,1.7583,-0.3785,0.0128,0.0116,0.26448,0.13620,0.00,-10.40,0.00,0.0000
6833,LOST_LONG,0.26489,-0.90535,0.60463,-1.16989,0.20000,0.07000,1.75145,-0.36040,0.0323,0.631,1.7583,-0.3785,0.0128,0.0116,0.26483,0.13718,0.00,-10.40,0.00,0.0000
6843,LOST_LONG,0.26489,-0.90535,0.60463,-1.16989,0.20000,0.07000,1.75145,-0.36040,0.0323,0.631,1.7583,-0.3785,0.0128,0.0116,0.26245,0.13278,0.00,-10.40,0.00,0.0000
6853,LOST_LONG,0.26489,-0.90535,0.60463,-1.16989,0.20000,0.07000,1.75145,-0.36040,0.0323,0.631,1.7583,-0.3785,0.0128,0.0116,0.26473,0.13748,0.00,-10.40,0.00,0.0000
6863,LOST_LONG,0.26489,-0.90535,0.60463,-1.16989,0.20000,0.07000,1.75145,-0.36040,0.0323,0.631,1.7583,-0.3785,0.0128,0.0116,0.26485,0.13744,0.00,-10.40,0.00,0.0000
6873,LOST_LONG,0.26489,-0.90535,0.60463,-1.16989,0.20000,0.07000,1.75145,-0.36040,0.0323,0.631,1.7583,-0.3785,0.0128,0.0116,0.26530,0.13834,0.00,-10.40,0.00,0.0000
6883,LOST_LONG,0.26489,-0.90535,0.60463,-1.16989,0.20000,0.07000,1.75145,-0.36040,0.0323,0.631,1.7583,-0.3785,0.0128,0.0116,0.26549,0.13781,0.00,-10.40,0.00,0.0000
6893,LOST_LONG,0.26489,-0.90535,0.60463,-1.16989,0.20000,0.07000,1.75145,-0.36040,0.0323,0.631,1.7583,-0.3785,0.0128,0.0116,0.26512,0.13738,0.00,-10.40,0.00,0.0000
6903,LOST_LONG,0.26489,-0.90535,0.60463,-1.16989,0.20000,0.07000,1.75145,-0.36040,0.0323,0.631,1.7583,-0.3785,0.0128,0.0116,0.26419,0.13521,0.00,-10.40,0.00,0.0000
6913,LOST_LONG,0.26489,-0.90535,0.60463,-1.16989,0.20000,0.07000,1.75145,-0.36040,0.0323,0.631,1.7583,-0.3785,0.0128,0.0116,0.26452,0.13654,0.00,-10.40,0.00,0.0000
6923,LOST_LONG,0.26489,-0.90535,0.60463,-1.16989,0.20000,0.07000,1.75145,-0.36040,0.0323,0.631,1.7583,-0.3785,0.0128,0.0116,0.26508,0.13723,0.00,-10.40,0.00,0.0000
6933,LOST_LONG,0.26489,-0.90535,0.60463,-1.16989,0.20000,0.07000,1.75145,-0.36040,0.0323,0.631,1.7583,-0.3785,0.0128,0.0116,0.26485,0.13694,0.00,-10.40,0.00,0.0000
6943,LOST_LONG,0.26489,-0.90535,0.60463,-1.16989,0.20000,0.07000,1.75145,-0.36040,0.0323,0.631,1.7583,-0.3785,0.0128,0.0116,0.26541,0.13812,0.00,-10.40,0.00,0.0000
6953,LOST_LONG,0.26489,-0.90535,0.60463,-1.16989,0.20000,0.07000,1.75145,-0.36040,0.0323,0.631,1.7583,-0.3785,0.0128,0.0116,0.26506,0.13670,0.00,-10.40,0.00,0.0000
6963,LOST_LONG,0.26489,-0.90535,0.60463,-1.16989,0.20000,0.07000,1.75145,-0.36040,0.0323,0.631,1.7583,-0.3785,0.0128,0.0116,0.26530,0.13808,0.00,-10.40,0.00,0.0000
6973,LOST_LONG,0.26489,-0.90535,0.60463,-1.16989,0.20000,0.07000,1.75145,-0.36040,0.0323,0.631,1.7583,-0.3785,0.0128,0.0116,0.26215,0.13381,0.00,-10.40,0.00,0.0000
6983,LOST_LONG,0.26489,-0.90535,0.60463,-1.16989,0.20000,0.07000,1.75145,-0.36040,0.0323,0.631,1.7583,-0.3785,0.0128,0.0116,0.26434,0.13721,0.00,-10.40,0.00,0.0000
6993,LOST_LONG,0.26489,-0.90535,0.60463,-1.16989,0.20000,0.07000,1.75145,-0.36040,0.0323,0.631,1.7583,-0.3785,0.0128,0.0116,0.26481,0.13672,0.00,-10.40,0.00,0.0000
7003,LOST_LONG,0.26489,-0.90535,0.60463,-1.16989,0.20000,0.07000,1.75145,-0.36040,0.0323,0.631,1.7583,-0.3785,0.0128,0.0116,0.26492,0.13700,0.00,-10.40,0.00,0.0000
7013,LOST_LONG,0.26489,-0.90535,0.60463,-1.16989,0.20000,0.07000,1.75145,-0.36040,0.0323,0.631,1.7583,-0.3785,0.0128,0.0116,0.26541,0.13796,0.00,-10.40,0.00,0.0000
7023,LOST_LONG,0.26489,-0.90535,0.60463,-1.16989,0.20000,0.07000,1.75145,-0.36040,0.0323,0.631,1.7583,-0.3785,0.0128,0.0116,0.26523,0.13645,0.00,-10.40,0.00,0.0000
7033,LOST_LONG,0.26489,-0.90535,0.60463,-1.16989,0.20000,0.07000,1.75145,-0.36040,0.0323,0.631,1.7583,-0.3785,0.0128,0.0116,0.26308,0.13473,0.00,-10.40,0.00,0.0000
7043,LOST_LONG,0.26489,-0.90535,0.60463,-1.16989,0.20000,0.07000,1.75145,-0.36040,0.0323,0.631,1.7583,-0.3785,0.0128,0.0116,0.26412,0.13653,0.00,-10.40,0.00,0.0000
7053,LOST_LONG,0.26489,-0.90535,0.60463,-1.16989,0.20000,0.07000,1.75145,-0.36040,0.0323,0.631,1.7583,-0.3785,0.0128,0.0116,0.26285,0.13326,0.00,-10.40,0.00,0.0000
7063,LOST_LONG,0.26489,-0.90535,0.60463,-1.16989,0.20000,0.07000,1.75145,-0.36040,0.0323,0.631,1.7583,-0.3785,0.0128,0.0116,0.26498,0.13728,0.00,-10.40,0.00,0.0000
7073,LOST_LONG,0.26489,-0.90535,0.60463,-1.16989,0.20000,0.07000,1.75145,-0.36040,0.0323,0.631,1.7583,-0.3785,0.0128,0.0116,0.26542,0.13818,0.00,-10.40,0.00,0.0000
7083,LOST_LONG,0.26489,-0.90535,0.60463,-1.16989,0.20000,0.07000,1.75145,-0.36040,0.0323,0.631,1.7583,-0.3785,0.0128,0.0116,0.26530,0.13715,0.00,-10.40,0.00,0.0000
7093,LOST_LONG,0.26489,-0.90535,0.60463,-1.16989,0.20000,0.07000,1.75145,-0.36040,0.0323,0.631,1.7583,-0.3785,0.0128,0.0116,0.26366,0.13474,0.00,-10.40,0.00,0.0000
7103,LOST_LONG,0.26489,-0.90535,0.60463,-1.16989,0.20000,0.07000,1.75145,-0.36040,0.0323,0.631,1.7583,-0.3785,0.0128,0.0116,0.26496,0.13663,0.00,-10.40,0.00,0.0000
7113,LOST_LONG,0.26489,-0.90535,0.60463,-1.16989,0.20000,0.07000,1.75145,-0.36040,0.0323,0.631,1.7583,-0.3785,0.0128,0.0116,0.26489,0.13701,0.00,-10.40,0.00,0.0000
7123,LOST_LONG,0.26489,-0.90535,0.60463,-1.16989,0.20000,0.07000,1.75145,-0.36040,0.0323,0.631,1.7583,-0.3785,0.0128,0.0116,0.26503,0.13689,0.00,-10.40,0.00,0.0000
7133,LOST_LONG,0.26489,-0.90535,0.60463,-1.16989,0.20000,0.07000,1.75145,-0.36040,0.0323,0.631,1.7583,-0.3785,0.0128,0.0116,0.26527,0.13810,0.00,-10.40,0.00,0.0000
7143,LOST_LONG,0.26489,-0.90535,0.60463,-1.16989,0.20000,0.07000,1.75145,-0.36040,0.0323,0.631,1.7583,-0.3785,0.0128,0.0116,0.26506,0.13725,0.00,-10.40,0.00,0.0000
7153,LOST_LONG,0.26489,-0.90535,0.60463,-1.16989,0.20000,0.07000,1.75145,-0.36040,0.0323,0.631,1.7583,-0.3785,0.0128,0.0116,0.26361,0.13471,0.00,-10.40,0.00,0.0000
7163,LOST_LONG,0.26489,-0.90535,0.60463,-1.16989,0.20000,0.07000,1.75145,-0.36040,0.0323,0.631,1.7583,-0.3785,0.0128,0.0116,0.26427,0.13782,0.00,-10.40,0.00,0.0000
7173,LOST_LONG,0.26489,-0.90535,0.60463,-1.16989,0.20000,0.07000,1.75145,-0.36040,0.0323,0.631,1.7583,-0.3785,0.0128,0.0116,0.26513,0.13796,0.00,-10.40,0.00,0.0000
7183,LOST_LONG,0.26489,-0.90535,0.60463,-1.16989,0.20000,0.07000,1.75145,-0.36040,0.0323,0.631,1.7583,-0.3785,0.0128,0.0116,0.26500,0.13704,0.00,-10.40,0.00,0.0000
7193,LOST_LONG,0.26489,-0.90535,0.60463,-1.16989,0.20000,0.07000,1.75145,-0.36040,0.0323,0.631,1.7583,-0.3785,0.0128,0.0116,0.26528,0.13705,0.00,-10.40,0.00,0.0000
7203,LOST_LONG,0.26489,-0.90535,0.60463,-1.16989,0.20000,0.07000,1.75145,-0.36040,0.0323,0.631,1.7583,-0.3785,0.0128,0.0116,0.26403,0.13466,0.00,-10.40,0.00,0.0000
7213,LOST_LONG,0.26489,-0.90535,0.60463,-1.16989,0.20000,0.07000,1.75145,-0.36040,0.0323,0.631,1.7583,-0.3785,0.0128,0.0116,0.26390,0.13486,0.00,-10.40,0.00,0.0000
7223,LOST_LONG,0.26489,-0.90535,0.60463,-1.16989,0.20000,0.07000,1.75145,-0.36040,0.0323,0.631,1.7583,-0.3785,0.0128,0.0116,0.26492,0.13661,0.00,-10.40,0.00,0.0000
7233,LOST_LONG,0.26489,-0.90535,0.60463,-1.16989,0.20000,0.07000,1.75145,-0.36040,0.0323,0.631,1.7583,-0.3785,0.0128,0.0116,0.26496,0.13746,0.00,-10.40,0.00,0.0000
7243,LOST_LONG,0.26489,-0.90535,0.60463,-1.16989,0.20000,0.07000,1.75145,-0.36040,0.0323,0.631,1.7583,-0.3785,0.0128,0.0116,0.26546,0.13803,0.00,-10.40,0.00,0.0000
7253,LOST_LONG,0.26489,-0.90535,0.60463,-1.16989,0.20000,0.07000,1.75145,-0.36040,0.0323,0.631,1.7583,-0.3785,0.0128,0.0116,0.26485,0.13733,0.00,-10.40,0.00,0.0000
7263,LOST_LONG,0.26489,-0.90535,0.60463,-1.16989,0.20000,0.07000,1.75145,-0.36040,0.0323,0.631,1.7583,-0.3785,0.0128,0.0116,0.26465,0.13608,0.00,-10.40,0.00,0.0000
7273,LOST_LONG,0.26489,-0.90535,0.60463,-1.16989,0.20000,0.07000,1.75145,-0.36040,0.0323,0.631,1.7583,-0.3785,0.0128,0.0116,0.26509,0.13690,0.00,-10.40,0.00,0.0000
7283,LOST_LONG,0.26489,-0.90535,0.60463,-1.16989,0.20000,0.07000,1.75145,-0.36040,0.0323,0.631,1.7583,-0.3785,0.0128,0.0116,0.26473,0.13802,0.00,-10.40,0.00,0.0000
7293,LOST_LONG,0.26489,-0.90535,0.60463,-1.16989,0.20000,0.07000,1.75145,-0.36040,0.0323,0.631,1.7583,-0.3785,0.0128,0.0116,0.26549,0.13766,0.00,-10.40,0.00,0.0000
7303,LOST_LONG,0.26489,-0.90535,0.60463,-1.16989,0.20000,0.07000,1.75145,-0.36040,0.0323,0.631,1.7583,-0.3785,0.0128,0.0116,0.26516,0.13688,0.00,-10.40,0.00,0.0000
7313,LOST_LONG,0.26489,-0.90535,0.60463,-1.16989,0.20000,0.07000,1.75145,-0.36040,0.0323,0.631,1.7583,-0.3785,0.0128,0.0116,0.26515,0.13681,0.00,-10.40,0.00,0.0000
7323,LOST_LONG,0.26489,-0.90535,0.60463,-1.16989,0.20000,0.07000,1.75145,-0.36040,0.0323,0.631,1.7583,-0.3785,0.0128,0.0116,0.26536,0.13754,0.00,-10.40,0.00,0.0000
7333,LOST_LONG,0.26489,-0.90535,0.60463,-1.16989,0.20000,0.07000,1.75145,-0.36040,0.0323,0.631,1.7583,-0.3785,0.0128,0.0116,0.26504,0.13701,0.00,-10.40,0.00,0.0000
7343,LOST_LONG,0.26489,-0.90535,0.60463,-1.16989,0.20000,0.07000,1.75145,-0.36040,0.0323,0.631,1.7583,-0.3785,0.0128,0.0116,0.26542,0.13842,0.00,-10.40,0.00,0.0000
7353,LOST_LONG,0.26489,-0.90535,0.60463,-1.16989,0.20000,0.07000,1.75145,-0.36040,0.0323,0.631,1.7583,-0.3785,0.0128,0.0116,0.26529,0.13721,0.00,-10.40,0.00,0.0000
7363,LOST_LONG,0.26489,-0.90535,0.60463,-1.16989,0.20000,0.07000,1.75145,-0.36040,0.0323,0.631,1.7583,-0.3785,0.0128,0.0116,0.26531,0.13692,0.00,-10.40,0.00,0.0000
7373,LOST_LONG,0.26489,-0.90535,0.60463,-1.16989,0.20000,0.07000,1.75145,-0.36040,0.0323,0.631,1.7583,-0.3785,0.0128,0.0116,0.26575,0.13795,0.00,-10.40,0.00,0.0000
7383,LOST_LONG,0.26489,-0.90535,0.60463,-1.16989,0.20000,0.07000,1.75145,-0.36040,0.0323,0.631,1.7583,-0.3785,0.0128,0.0116,0.26510,0.13678,0.00,-10.40,0.00,0.0000
7393,LOST_LONG,0.26489,-0.90535,0.60463,-1.16989,0.20000,0.07000,1.75145,-0.36040,0.0323,0.631,1.7583,-0.3785,0.0128,0.0116,0.26488,0.13933,0.00,-10.40,0.00,0.0000
7403,LOST_LONG,0.26489,-0.90535,0.60463,-1.16989,0.20000,0.07000,1.75145,-0.36040,0.0323,0.631,1.7583,-0.3785,0.0128,0.0116,0.26498,0.13745,0.00,-10.40,0.00,0.0000
7413,LOST_LONG,0.26489,-0.90535,0.60463,-1.16989,0.20000,0.07000,1.75145,-0.36040,0.0323,0.631,1.7583,-0.3785,0.0128,0.0116,0.26392,0.13537,0.00,-10.40,0.00,0.0000
7423,LOST_LONG,0.26489,-0.90535,0.60463,-1.16989,0.20000,0.07000,1.75145,-0.36040,0.0323,0.631,1.7583,-0.3785,0.0128,0.0116,0.26396,0.13745,0.00,-10.40,0.00,0.0000
7433,LOST_LONG,0.26489,-0.90535,0.60463,-1.16989,0.20000,0.07000,1.75145,-0.36040,0.0323,0.631,1.7583,-0.3785,0.0128,0.0116,0.26505,0.13759,0.00,-10.40,0.00,0.0000
7443,LOST_LONG,0.26489,-0.90535,0.60463,-1.16989,0.20000,0.07000,1.75145,-0.36040,0.0323,0.631,1.7583,-0.3785,0.0128,0.0116,0.26540,0.13811,0.00,-10.40,0.00,0.0000
7453,LOST_LONG,0.26489,-0.90535,0.60463,-1.16989,0.20000,0.07000,1.75145,-0.36040,0.0323,0.631,1.7583,-0.3785,0.0128,0.0116,0.26498,0.13734,0.00,-10.40,0.00,0.0000
7463,LOST_LONG,0.26489,-0.90535,0.60463,-1.16989,0.20000,0.07000,1.75145,-0.36040,0.0323,0.631,1.7583,-0.3785,0.0128,0.0116,0.26513,0.13685,0.00,-10.40,0.00,0.0000
7473,LOST_LONG,0.26489,-0.90535,0.60463,-1.16989,0.20000,0.07000,1.75145,-0.36040,0.0323,0.631,1.7583,-0.3785,0.0128,0.0116,0.26507,0.13656,0.00,-10.40,0.00,0.0000
7483,LOST_LONG,0.26489,-0.90535,0.60463,-1.16989,0.20000,0.07000,1.75145,-0.36040,0.0323,0.631,1.7583,-0.3785,0.0128,0.0116,0.26220,0.13287,0.00,-10.40,0.00,0.0000
7493,LOST_LONG,0.26489,-0.90535,0.60463,-1.16989,0.20000,0.07000,1.75145,-0.36040,0.0323,0.631,1.7583,-0.3785,0.0128,0.0116,0.26404,0.13607,0.00,-10.40,0.00,0.0000
7503,LOST_LONG,0.26489,-0.90535,0.60463,-1.16989,0.20000,0.07000,1.75145,-0.36040,0.0323,0.631,1.7583,-0.3785,0.0128,0.0116,0.26450,0.13600,0.00,-10.40,0.00,0.0000
7513,LOST_LONG,0.26489,-0.90535,0.60463,-1.16989,0.20000,0.07000,1.75145,-0.36040,0.0323,0.631,1.7583,-0.3785,0.0128,0.0116,0.26546,0.13783,0.00,-10.40,0.00,0.0000
7523,LOST_LONG,0.26489,-0.90535,0.60463,-1.16989,0.20000,0.07000,1.75145,-0.36040,0.0323,0.631,1.7583,-0.3785,0.0128,0.0116,0.26505,0.13736,0.00,-10.40,0.00,0.0000
7533,LOST_LONG,0.26489,-0.90535,0.60463,-1.16989,0.20000,0.07000,1.75145,-0.36040,0.0323,0.631,1.7583,-0.3785,0.0128,0.0116,0.26514,0.13724,0.00,-10.40,0.00,0.0000
7543,LOST_LONG,0.26489,-0.90535,0.60463,-1.16989,0.20000,0.07000,1.75145,-0.36040,0.0323,0.631,1.7583,-0.3785,0.0128,0.0116,0.26220,0.13430,0.00,-10.40,0.00,0.0000
7553,LOST_LONG,0.26489,-0.90535,0.60463,-1.16989,0.20000,0.07000,1.75145,-0.36040,0.0323,0.631,1.7583,-0.3785,0.0128,0.0116,0.26418,0.13662,0.00,-10.40,0.00,0.0000
7563,LOST_LONG,0.26489,-0.90535,0.60463,-1.16989,0.20000,0.07000,1.75145,-0.36040,0.0323,0.631,1.7583,-0.3785,0.0128,0.0116,0.26496,0.13758,0.00,-10.40,0.00,0.0000
7573,LOST_LONG,0.26489,-0.90535,0.60463,-1.16989,0.20000,0.07000,1.75145,-0.36040,0.0323,0.631,1.7583,-0.3785,0.0128,0.0116,0.26523,0.13827,0.00,-10.40,0.00,0.0000
7583,LOST_LONG,0.26489,-0.90535,0.60463,-1.16989,0.20000,0.07000,1.75145,-0.36040,0.0323,0.631,1.7583,-0.3785,0.0128,0.0116,0.26559,0.13791,0.00,-10.40,0.00,0.0000
7593,LOST_LONG,0.26489,-0.90535,0.60463,-1.16989,0.20000,0.07000,1.75145,-0.36040,0.0323,0.631,1.7583,-0.3785,0.0128,0.0116,0.26580,0.13795,0.00,-10.40,0.00,0.0000
7603,LOST_LONG,0.26489,-0.90535,0.60463,-1.16989,0.20000,0.07000,1.75145,-0.36040,0.0323,0.631,1.7583,-0.3785,0.0128,0.0116,0.26522,0.13722,0.00,-10.40,0.00,0.0000
7613,LOST_LONG,0.26489,-0.90535,0.60463,-1.16989,0.20000,0.07000,1.75145,-0.36040,0.0323,0.631,1.7583,-0.3785,0.0128,0.0116,0.26529,0.13876,0.00,-10.40,0.00,0.0000
7623,LOST_LONG,0.26489,-0.90535,0.60463,-1.16989,0.20000,0.07000,1.75145,-0.36040,0.0323,0.631,1.7583,-0.3785,0.0128,0.0116,0.26520,0.13740,0.00,-10.40,0.00,0.0000
7633,LOST_LONG,0.26489,-0.90535,0.60463,-1.16989,0.20000,0.07000,1.75145,-0.36040,0.0323,0.631,1.7583,-0.3785,0.0128,0.0116,0.26536,0.13769,0.00,-10.40,0.00,0.0000
7643,LOST_LONG,0.26489,-0.90535,0.60463,-1.16989,0.20000,0.07000,1.75145,-0.36040,0.0323,0.631,1.7583,-0.3785,0.0128,0.0116,0.26524,0.13721,0.00,-10.40,0.00,0.0000
7653,LOST_LONG,0.26489,-0.90535,0.60463,-1.16989,0.20000,0.07000,1.75145,-0.36040,0.0323,0.631,1.7583,-0.3785,0.0128,0.0116,0.26530,0.13742,0.00,-10.40,0.00,0.0000
7663,LOST_LONG,0.26489,-0.90535,0.60463,-1.16989,0.20000,0.07000,1.75145,-0.36040,0.0323,0.631,1.7583,-0.3785,0.0128,0.0116,0.26426,0.13606,0.00,-10.40,0.00,0.0000
7673,LOST_LONG,0.26489,-0.90535,0.60463,-1.16989,0.20000,0.07000,1.75145,-0.36040,0.0323,0.631,1.7583,-0.3785,0.0128,0.0116,0.26506,0.13879,0.00,-10.40,0.00,0.0000
7683,LOST_LONG,0.26489,-0.90535,0.60463,-1.16989,0.20000,0.07000,1.75145,-0.36040,0.0323,0.631,1.7583,-0.3785,0.0128,0.0116,0.26505,0.13735,0.00,-10.40,0.00,0.0000
7693,LOST_LONG,0.26489,-0.90535,0.60463,-1.16989,0.20000,0.07000,1.75145,-0.36040,0.0323,0.631,1.7583,-0.3785,0.0128,0.0116,0.26536,0.13786,0.00,-10.40,0.00,0.0000
7703,LOST_LONG,0.26489,-0.90535,0.60463,-1.16989,0.20000,0.07000,1.75145,-0.36040,0.0323,0.631,1.7583,-0.3785,0.0128,0.0116,0.26550,0.13738,0.00,-10.40,0.00,0.0000
7713,LOST_LONG,0.26489,-0.90535,0.60463,-1.16989,0.20000,0.07000,1.75145,-0.36040,0.0323,0.631,1.7583,-0.3785,0.0128,0.0116,0.26551,0.13802,0.00,-10.40,0.00,0.0000
7723,LOST_LONG,0.26489,-0.90535,0.60463,-1.16989,0.20000,0.07000,1.75145,-0.36040,0.0323,0.631,1.7583,-0.3785,0.0128,0.0116,0.26506,0.13678,0.00,-10.40,0.00,0.0000
7733,LOST_LONG,0.26489,-0.90535,0.60463,-1.16989,0.20000,0.07000,1.75145,-0.36040,0.0323,0.631,1.7583,-0.3785,0.0128,0.0116,0.26358,0.14049,0.00,-10.40,0.00,0.0000
7743,LOST_LONG,0.26489,-0.90535,0.60463,-1.16989,0.20000,0.07000,1.75145,-0.36040,0.0323,0.631,1.7583,-0.3785,0.0128,0.0116,0.26464,0.13736,0.00,-10.40,0.00,0.0000
7753,LOST_LONG,0.26489,-0.90535,0.60463,-1.16989,0.20000,0.07000,1.75145,-0.36040,0.0323,0.631,1.7583,-0.3785,0.0128,0.0116,0.26504,0.13725,0.00,-10.40,0.00,0.0000
7763,LOST_LONG,0.26489,-0.90535,0.60463,-1.16989,0.20000,0.07000,1.75145,-0.36040,0.0323,0.631,1.7583,-0.3785,0.0128,0.0116,0.26514,0.13717,0.00,-10.40,0.00,0.0000
7773,LOST_LONG,0.26489,-0.90535,0.60463,-1.16989,0.20000,0.07000,1.75145,-0.36040,0.0323,0.631,1.7583,-0.3785,0.0128,0.0116,0.26511,0.13730,0.00,-10.40,0.00,0.0000
7783,LOST_LONG,0.26489,-0.90535,0.60463,-1.16989,0.20000,0.07000,1.75145,-0.36040,0.0323,0.631,1.7583,-0.3785,0.0128,0.0116,0.26431,0.13605,0.00,-10.40,0.00,0.0000
7793,LOST_LONG,0.26489,-0.90535,0.60463,-1.16989,0.20000,0.07000,1.75145,-0.36040,0.0323,0.631,1.7583,-0.3785,0.0128,0.0116,0.26468,0.13756,0.00,-10.40,0.00,0.0000
7803,LOST_LONG,0.26489,-0.90535,0.60463,-1.16989,0.20000,0.07000,1.75145,-0.36040,0.0323,0.631,1.7583,-0.3785,0.0128,0.0116,0.26383,0.13490,0.00,-10.40,0.00,0.0000
7813,LOST_LONG,0.26489,-0.90535,0.60463,-1.16989,0.20000,0.07000,1.75145,-0.36040,0.0323,0.631,1.7583,-0.3785,0.0128,0.0116,0.26502,0.13782,0.00,-10.40,0.00,0.0000
7823,LOST_LONG,0.26489,-0.90535,0.60463,-1.16989,0.20000,0.07000,1.75145,-0.36040,0.0323,0.631,1.7583,-0.3785,0.0128,0.0116,0.26521,0.13783,0.00,-10.40,0.00,0.0000
7833,LOST_LONG,0.26489,-0.90535,0.60463,-1.16989,0.20000,0.07000,1.75145,-0.36040,0.0323,0.631,1.7583,-0.3785,0.0128,0.0116,0.26518,0.13676,0.00,-10.40,0.00,0.0000
7843,LOST_LONG,0.26489,-0.90535,0.60463,-1.16989,0.20000,0.07000,1.75145,-0.36040,0.0323,0.631,1.7583,-0.3785,0.0128,0.0116,0.26424,0.13876,0.00,-10.40,0.00,0.0000
7853,LOST_LONG,0.26489,-0.90535,0.60463,-1.16989,0.20000,0.07000,1.75145,-0.36040,0.0323,0.631,1.7583,-0.3785,0.0128,0.0116,0.26394,0.13614,0.00,-10.40,0.00,0.0000
7863,LOST_LONG,0.26489,-0.90535,0.60463,-1.16989,0.20000,0.07000,1.75145,-0.36040,0.0323,0.631,1.7583,-0.3785,0.0128,0.0116,0.26325,0.13585,0.00,-10.40,0.00,0.0000
7873,LOST_LONG,0.26489,-0.90535,0.60463,-1.16989,0.20000,0.07000,1.75145,-0.36040,0.0323,0.631,1.7583,-0.3785,0.0128,0.0116,0.26468,0.13835,0.00,-10.40,0.00,0.0000
7883,LOST_LONG,0.26489,-0.90535,0.60463,-1.16989,0.20000,0.07000,1.75145,-0.36040,0.0323,0.631,1.7583,-0.3785,0.0128,0.0116,0.26531,0.13778,0.00,-10.40,0.00,0.0000
7893,LOST_LONG,0.26489,-0.90535,0.60463,-1.16989,0.20000,0.07000,1.75145,-0.36040,0.0323,0.631,1.7583,-0.3785,0.0128,0.0116,0.26517,0.13671,0.00,-10.40,0.00,0.0000
7903,LOST_LONG,0.26489,-0.90535,0.60463,-1.16989,0.20000,0.07000,1.75145,-0.36040,0.0323,0.631,1.7583,-0.3785,0.0128,0.0116,0.26462,0.13614,0.00,-10.40,0.00,0.0000
7913,LOST_LONG,0.26489,-0.90535,0.60463,-1.16989,0.20000,0.07000,1.75145,-0.36040,0.0323,0.631,1.7583,-0.3785,0.0128,0.0116,0.26490,0.13687,0.00,-10.40,0.00,0.0000
7923,LOST_LONG,0.26489,-0.90535,0.60463,-1.16989,0.20000,0.07000,1.75145,-0.36040,0.0323,0.631,1.7583,-0.3785,0.0128,0.0116,0.26448,0.13695,0.00,-10.40,0.00,0.0000
7933,LOST_LONG,0.26489,-0.90535,0.60463,-1.16989,0.20000,0.07000,1.75145,-0.36040,0.0323,0.631,1.7583,-0.3785,0.0128,0.0116,0.26460,0.13979,0.00,-10.40,0.00,0.0000
7943,LOST_LONG,0.26489,-0.90535,0.60463,-1.16989,0.20000,0.07000,1.75145,-0.36040,0.0323,0.631,1.7583,-0.3785,0.0128,0.0116,0.26489,0.13684,0.00,-10.40,0.00,0.0000
7953,LOST_LONG,0.26489,-0.90535,0.60463,-1.16989,0.20000,0.07000,1.75145,-0.36040,0.0323,0.631,1.7583,-0.3785,0.0128,0.0116,0.26502,0.13683,0.00,-10.40,0.00,0.0000
7963,LOST_LONG,0.26489,-0.90535,0.60463,-1.16989,0.20000,0.07000,1.75145,-0.36040,0.0323,0.631,1.7583,-0.3785,0.0128,0.0116,0.26498,0.13723,0.00,-10.40,0.00,0.0000
7973,LOST_LONG,0.26489,-0.90535,0.60463,-1.16989,0.20000,0.07000,1.75145,-0.36040,0.0323,0.631,1.7583,-0.3785,0.0128,0.0116,0.26500,0.13709,0.00,-10.40,0.00,0.0000
7983,LOST_LONG,0.26489,-0.90535,0.60463,-1.16989,0.20000,0.07000,1.75145,-0.36040,0.0323,0.631,1.7583,-0.3785,0.0128,0.0116,0.26488,0.13710,0.00,-10.40,0.00,0.0000
7993,LOST_LONG,0.26489,-0.90535,0.60463,-1.16989,0.20000,0.07000,1.75145,-0.36040,0.0323,0.631,1.7583,-0.3785,0.0128,0.0116,0.26406,0.13841,0.00,-10.40,0.00,0.0000
8003,LOST_LONG,0.26489,-0.90535,0.60463,-1.16989,0.20000,0.07000,1.75145,-0.36040,0.0323,0.631,1.7583,-0.3785,0.0128,0.0116,0.26519,0.13791,0.00,-10.40,0.00,0.0000
8013,LOST_LONG,0.26489,-0.90535,0.60463,-1.16989,0.20000,0.07000,1.75145,-0.36040,0.0323,0.631,1.7583,-0.3785,0.0128,0.0116,0.26536,0.13778,0.00,-10.40,0.00,0.0000
8023,LOST_LONG,0.26489,-0.90535,0.60463,-1.16989,0.20000,0.07000,1.75145,-0.36040,0.0323,0.631,1.7583,-0.3785,0.0128,0.0116,0.26539,0.13784,0.00,-10.40,0.00,0.0000
8033,LOST_LONG,0.26489,-0.90535,0.60463,-1.16989,0.20000,0.07000,1.75145,-0.36040,0.0323,0.631,1.7583,-0.3785,0.0128,0.0116,0.26538,0.13818,0.00,-10.40,0.00,0.0000
8043,LOST_LONG,0.26489,-0.90535,0.60463,-1.16989,0.20000,0.07000,1.75145,-0.36040,0.0323,0.631,1.7583,-0.3785,0.0128,0.0116,0.26428,0.13611,0.00,-10.40,0.00,0.0000
8053,LOST_LONG,0.26489,-0.90535,0.60463,-1.16989,0.20000,0.07000,1.75145,-0.36040,0.0323,0.631,1.7583,-0.3785,0.0128,0.0116,0.26544,0.13782,0.00,-10.40,0.00,0.0000
8063,LOST_LONG,0.26489,-0.90535,0.60463,-1.16989,0.20000,0.07000,1.75145,-0.36040,0.0323,0.631,1.7583,-0.3785,0.0128,0.0116,0.26548,0.13737,0.00,-10.40,0.00,0.0000
8073,LOST_LONG,0.26489,-0.90535,0.60463,-1.16989,0.20000,0.07000,1.75145,-0.36040,0.0323,0.631,1.7583,-0.3785,0.0128,0.0116,0.26515,0.13724,0.00,-10.40,0.00,0.0000
8083,LOST_LONG,0.26489,-0.90535,0.60463,-1.16989,0.20000,0.07000,1.75145,-0.36040,0.0323,0.631,1.7583,-0.3785,0.0128,0.0116,0.26530,0.13847,0.00,-10.40,0.00,0.0000
8093,LOST_LONG,0.26489,-0.90535,0.60463,-1.16989,0.20000,0.07000,1.75145,-0.36040,0.0323,0.631,1.7583,-0.3785,0.0128,0.0116,0.26504,0.13740,0.00,-10.40,0.00,0.0000
8103,LOST_LONG,0.26489,-0.90535,0.60463,-1.16989,0.20000,0.07000,1.75145,-0.36040,0.0323,0.631,1.7583,-0.3785,0.0128,0.0116,0.26510,0.13821,0.00,-10.40,0.00,0.0000
8113,LOST_LONG,0.26489,-0.90535,0.60463,-1.16989,0.20000,0.07000,1.75145,-0.36040,0.0323,0.631,1.7583,-0.3785,0.0128,0.0116,0.26429,0.13610,0.00,-10.40,0.00,0.0000
8123,LOST_LONG,0.26489,-0.90535,0.60463,-1.16989,0.20000,0.07000,1.75145,-0.36040,0.0323,0.631,1.7583,-0.3785,0.0128,0.0116,0.26382,0.13577,0.00,-10.40,0.00,0.0000
8133,LOST_LONG,0.26489,-0.90535,0.60463,-1.16989,0.20000,0.07000,1.75145,-0.36040,0.0323,0.631,1.7583,-0.3785,0.0128,0.0116,0.26448,0.13696,0.00,-10.40,0.00,0.0000
8143,LOST_LONG,0.26489,-0.90535,0.60463,-1.16989,0.20000,0.07000,1.75145,-0.36040,0.0323,0.631,1.7583,-0.3785,0.0128,0.0116,0.26362,0.13656,0.00,-10.40,0.00,0.0000
8153,LOST_LONG,0.26489,-0.90535,0.60463,-1.16989,0.20000,0.07000,1.75145,-0.36040,0.0323,0.631,1.7583,-0.3785,0.0128,0.0116,0.26463,0.13707,0.00,-10.40,0.00,0.0000
8163,LOST_LONG,0.26489,-0.90535,0.60463,-1.16989,0.20000,0.07000,1.75145,-0.36040,0.0323,0.631,1.7583,-0.3785,0.0128,0.0116,0.26514,0.13776,0.00,-10.40,0.00,0.0000
8173,LOST_LONG,0.26489,-0.90535,0.60463,-1.16989,0.20000,0.07000,1.75145,-0.36040,0.0323,0.631,1.7583,-0.3785,0.0128,0.0116,0.26479,0.13616,0.00,-10.40,0.00,0.0000
8183,LOST_LONG,0.26489,-0.90535,0.60463,-1.16989,0.20000,0.07000,1.75145,-0.36040,0.0323,0.631,1.7583,-0.3785,0.0128,0.0116,0.26499,0.13659,0.00,-10.40,0.00,0.0000
8193,LOST_LONG,0.26489,-0.90535,0.60463,-1.16989,0.20000,0.07000,1.75145,-0.36040,0.0323,0.631,1.7583,-0.3785,0.0128,0.0116,0.26496,0.13690,0.00,-10.40,0.00,0.0000
8203,LOST_LONG,0.26489,-0.90535,0.60463,-1.16989,0.20000,0.07000,1.75145,-0.36040,0.0323,0.631,1.7583,-0.3785,0.0128,0.0116,0.26541,0.13745,0.00,-10.40,0.00,0.0000
8213,LOST_LONG,0.26489,-0.90535,0.60463,-1.16989,0.20000,0.07000,1.75145,-0.36040,0.0323,0.631,1.7583,-0.3785,0.0128,0.0116,0.26503,0.13704,0.00,-10.40,0.00,0.0000
8223,LOST_LONG,0.26489,-0.90535,0.60463,-1.16989,0.20000,0.07000,1.75145,-0.36040,0.0323,0.631,1.7583,-0.3785,0.0128,0.0116,0.26517,0.13658,0.00,-10.40,0.00,0.0000
8233,LOST_LONG,0.26489,-0.90535,0.60463,-1.16989,0.20000,0.07000,1.75145,-0.36040,0.0323,0.631,1.7583,-0.3785,0.0128,0.0116,0.26522,0.13689,0.00,-10.40,0.00,0.0000
8243,LOST_LONG,0.26489,-0.90535,0.60463,-1.16989,0.20000,0.07000,1.75145,-0.36040,0.0323,0.631,1.7583,-0.3785,0.0128,0.0116,0.26552,0.13799,0.00,-10.40,0.00,0.0000
8253,LOST_LONG,0.26489,-0.90535,0.60463,-1.16989,0.20000,0.07000,1.75145,-0.36040,0.0323,0.631,1.7583,-0.3785,0.0128,0.0116,0.26547,0.13707,0.00,-10.40,0.00,0.0000
8263,LOST_LONG,0.26489,-0.90535,0.60463,-1.16989,0.20000,0.07000,1.75145,-0.36040,0.0323,0.631,1.7583,-0.3785,0.0128,0.0116,0.26562,0.13791,0.00,-10.40,0.00,0.0000
8273,LOST_LONG,0.26489,-0.90535,0.60463,-1.16989,0.20000,0.07000,1.75145,-0.36040,0.0323,0.631,1.7583,-0.3785,0.0128,0.0116,0.26557,0.13790,0.00,-10.40,0.00,0.0000
8283,LOST_LONG,0.26489,-0.90535,0.60463,-1.16989,0.20000,0.07000,1.75145,-0.36040,0.0323,0.631,1.7583,-0.3785,0.0128,0.0116,0.26598,0.13850,0.00,-10.40,0.00,0.0000
8293,LOST_LONG,0.26489,-0.90535,0.60463,-1.16989,0.20000,0.07000,1.75145,-0.36040,0.0323,0.631,1.7583,-0.3785,0.0128,0.0116,0.26337,0.13454,0.00,-10.40,0.00,0.0000
8303,LOST_LONG,0.26489,-0.90535,0.60463,-1.16989,0.20000,0.07000,1.75145,-0.36040,0.0323,0.631,1.7583,-0.3785,0.0128,0.0116,0.26455,0.13719,0.00,-10.40,0.00,0.0000
8313,LOST_LONG,0.26489,-0.90535,0.60463,-1.16989,0.20000,0.07000,1.75145,-0.36040,0.0323,0.631,1.7583,-0.3785,0.0128,0.0116,0.26141,0.13148,0.00,-10.40,0.00,0.0000
8323,LOST_LONG,0.26489,-0.90535,0.60463,-1.16989,0.20000,0.07000,1.75145,-0.36040,0.0323,0.631,1.7583,-0.3785,0.0128,0.0116,0.26398,0.13691,0.00,-10.40,0.00,0.0000
8333,LOST_LONG,0.26489,-0.90535,0.60463,-1.16989,0.20000,0.07000,1.75145,-0.36040,0.0323,0.631,1.7583,-0.3785,0.0128,0.0116,0.26506,0.13758,0.00,-10.40,0.00,0.0000
8343,LOST_LONG,0.26489,-0.90535,0.60463,-1.16989,0.20000,0.07000,1.75145,-0.36040,0.0323,0.631,1.7583,-0.3785,0.0128,0.0116,0.26511,0.13702,0.00,-10.40,0.00,0.0000
8353,LOST_LONG,0.26489,-0.90535,0.60463,-1.16989,0.20000,0.07000,1.75145,-0.36040,0.0323,0.631,1.7583,-0.3785,0.0128,0.0116,0.26514,0.13697,0.00,-10.40,0.00,0.0000
8363,LOST_LONG,0.26489,-0.90535,0.60463,-1.16989,0.20000,0.07000,1.75145,-0.36040,0.0323,0.631,1.7583,-0.3785,0.0128,0.0116,0.26532,0.13864,0.00,-10.40,0.00,0.0000
8373,LOST_LONG,0.26489,-0.90535,0.60463,-1.16989,0.20000,0.07000,1.75145,-0.36040,0.0323,0.631,1.7583,-0.3785,0.0128,0.0116,0.26494,0.13733,0.00,-10.40,0.00,0.0000
8383,LOST_LONG,0.26489,-0.90535,0.60463,-1.16989,0.20000,0.07000,1.75145,-0.36040,0.0323,0.631,1.7583,-0.3785,0.0128,0.0116,0.26509,0.13751,0.00,-10.40,0.00,0.0000
8393,LOST_LONG,0.26489,-0.90535,0.60463,-1.16989,0.20000,0.07000,1.75145,-0.36040,0.0323,0.631,1.7583,-0.3785,0.0128,0.0116,0.26504,0.13740,0.00,-10.40,0.00,0.0000
8403,LOST_LONG,0.26489,-0.90535,0.60463,-1.16989,0.20000,0.07000,1.75145,-0.36040,0.0323,0.631,1.7583,-0.3785,0.0128,0.0116,0.26510,0.13706,0.00,-10.40,0.00,0.0000
8413,LOST_LONG,0.26489,-0.90535,0.60463,-1.16989,0.20000,0.07000,1.75145,-0.36040,0.0323,0.631,1.7583,-0.3785,0.0128,0.0116,0.26534,0.13739,0.00,-10.40,0.00,0.0000
8423,LOST_LONG,0.26489,-0.90535,0.60463,-1.16989,0.20000,0.07000,1.75145,-0.36040,0.0323,0.631,1.7583,-0.3785,0.0128,0.0116,0.26524,0.13693,0.00,-10.40,0.00,0.0000
8433,LOST_LONG,0.26489,-0.90535,0.60463,-1.16989,0.20000,0.07000,1.75145,-0.36040,0.0323,0.631,1.7583,-0.3785,0.0128,0.0116,0.26586,0.13788,0.00,-10.40,0.00,0.0000
8443,LOST_LONG,0.26489,-0.90535,0.60463,-1.16989,0.20000,0.07000,1.75145,-0.36040,0.0323,0.631,1.7583,-0.3785,0.0128,0.0116,0.26497,0.13765,0.00,-10.40,0.00,0.0000
8453,LOST_LONG,0.26489,-0.90535,0.60463,-1.16989,0.20000,0.07000,1.75145,-0.36040,0.0323,0.631,1.7583,-0.3785,0.0128,0.0116,0.26512,0.13713,0.00,-10.40,0.00,0.0000
8463,LOST_LONG,0.26489,-0.90535,0.60463,-1.16989,0.20000,0.07000,1.75145,-0.36040,0.0323,0.631,1.7583,-0.3785,0.0128,0.0116,0.26527,0.13712,0.00,-10.40,0.00,0.0000
8473,LOST_LONG,0.26489,-0.90535,0.60463,-1.16989,0.20000,0.07000,1.75145,-0.36040,0.0323,0.631,1.7583,-0.3785,0.0128,0.0116,0.26526,0.13786,0.00,-10.40,0.00,0.0000
8483,LOST_LONG,0.26489,-0.90535,0.60463,-1.16989,0.20000,0.07000,1.75145,-0.36040,0.0323,0.631,1.7583,-0.3785,0.0128,0.0116,0.26505,0.13695,0.00,-10.40,0.00,0.0000
8493,LOST_LONG,0.26489,-0.90535,0.60463,-1.16989,0.20000,0.07000,1.75145,-0.36040,0.0323,0.631,1.7583,-0.3785,0.0128,0.0116,0.26412,0.13579,0.00,-10.40,0.00,0.0000
8503,LOST_LONG,0.26489,-0.90535,0.60463,-1.16989,0.20000,0.07000,1.75145,-0.36040,0.0323,0.631,1.7583,-0.3785,0.0128,0.0116,0.26448,0.13727,0.00,-10.40,0.00,0.0000
8513,LOST_LONG,0.26489,-0.90535,0.60463,-1.16989,0.20000,0.07000,1.75145,-0.36040,0.0323,0.631,1.7583,-0.3785,0.0128,0.0116,0.26528,0.13818,0.00,-10.40,0.00,0.0000
8523,LOST_LONG,0.26489,-0.90535,0.60463,-1.16989,0.20000,0.07000,1.75145,-0.36040,0.0323,0.631,1.7583,-0.3785,0.0128,0.0116,0.26533,0.13754,0.00,-10.40,0.00,0.0000
8533,LOST_LONG,0.26489,-0.90535,0.60463,-1.16989,0.20000,0.07000,1.75145,-0.36040,0.0323,0.631,1.7583,-0.3785,0.0128,0.0116,0.26539,0.13812,0.00,-10.40,0.00,0.0000
8543,LOST_LONG,0.26489,-0.90535,0.60463,-1.16989,0.20000,0.07000,1.75145,-0.36040,0.0323,0.631,1.7583,-0.3785,0.0128,0.0116,0.26455,0.13816,0.00,-10.40,0.00,0.0000
8553,LOST_LONG,0.26489,-0.90535,0.60463,-1.16989,0.20000,0.07000,1.75145,-0.36040,0.0323,0.631,1.7583,-0.3785,0.0128,0.0116,0.26456,0.13634,0.00,-10.40,0.00,0.0000
8563,LOST_LONG,0.26489,-0.90535,0.60463,-1.16989,0.20000,0.07000,1.75145,-0.36040,0.0323,0.631,1.7583,-0.3785,0.0128,0.0116,0.26435,0.13692,0.00,-10.40,0.00,0.0000
8573,LOST_LONG,0.26489,-0.90535,0.60463,-1.16989,0.20000,0.07000,1.75145,-0.36040,0.0323,0.631,1.7583,-0.3785,0.0128,0.0116,0.26546,0.13828,0.00,-10.40,0.00,0.0000
8583,LOST_LONG,0.26489,-0.90535,0.60463,-1.16989,0.20000,0.07000,1.75145,-0.36040,0.0323,0.631,1.7583,-0.3785,0.0128,0.0116,0.26519,0.13693,0.00,-10.40,0.00,0.0000
8593,LOST_LONG,0.26489,-0.90535,0.60463,-1.16989,0.20000,0.07000,1.75145,-0.36040,0.0323,0.631,1.7583,-0.3785,0.0128,0.0116,0.26460,0.13811,0.00,-10.40,0.00,0.0000
8603,LOST_LONG,0.26489,-0.90535,0.60463,-1.16989,0.20000,0.07000,1.75145,-0.36040,0.0323,0.631,1.7583,-0.3785,0.0128,0.0116,0.26495,0.13682,0.00,-10.40,0.00,0.0000
8613,LOST_LONG,0.26489,-0.90535,0.60463,-1.16989,0.20000,0.07000,1.75145,-0.36040,0.0323,0.631,1.7583,-0.3785,0.0128,0.0116,0.26501,0.13720,0.00,-10.40,0.00,0.0000
8623,LOST_LONG,0.26489,-0.90535,0.60463,-1.16989,0.20000,0.07000,1.75145,-0.36040,0.0323,0.631,1.7583,-0.3785,0.0128,0.0116,0.26240,0.13318,0.00,-10.40,0.00,0.0000
8633,LOST_LONG,0.26489,-0.90535,0.60463,-1.16989,0.20000,0.07000,1.75145,-0.36040,0.0323,0.631,1.7583,-0.3785,0.0128,0.0116,0.26399,0.13621,0.00,-10.40,0.00,0.0000
8643,LOST_LONG,0.26489,-0.90535,0.60463,-1.16989,0.20000,0.07000,1.75145,-0.36040,0.0323,0.631,1.7583,-0.3785,0.0128,0.0116,0.26452,0.13734,0.00,-10.40,0.00,0.0000
8653,LOST_LONG,0.26489,-0.90535,0.60463,-1.16989,0.20000,0.07000,1.75145,-0.36040,0.0323,0.631,1.7583,-0.3785,0.0128,0.0116,0.26502,0.13703,0.00,-10.40,0.00,0.0000
8663,LOST_LONG,0.26489,-0.90535,0.60463,-1.16989,0.20000,0.07000,1.75145,-0.36040,0.0323,0.631,1.7583,-0.3785,0.0128,0.0116,0.26526,0.13712,0.00,-10.40,0.00,0.0000
8673,LOST_LONG,0.26489,-0.90535,0.60463,-1.16989,0.20000,0.07000,1.75145,-0.36040,0.0323,0.631,1.7583,-0.3785,0.0128,0.0116,0.26551,0.13774,0.00,-10.40,0.00,0.0000
8683,LOST_LONG,0.26489,-0.90535,0.60463,-1.16989,0.20000,0.07000,1.75145,-0.36040,0.0323,0.631,1.7583,-0.3785,0.0128,0.0116,0.26555,0.13710,0.00,-10.40,0.00,0.0000
8693,LOST_LONG,0.26489,-0.90535,0.60463,-1.16989,0.20000,0.07000,1.75145,-0.36040,0.0323,0.631,1.7583,-0.3785,0.0128,0.0116,0.26486,0.13706,0.00,-10.40,0.00,0.0000
8703,LOST_LONG,0.26489,-0.90535,0.60463,-1.16989,0.20000,0.07000,1.75145,-0.36040,0.0323,0.631,1.7583,-0.3785,0.0128,0.0116,0.26530,0.13781,0.00,-10.40,0.00,0.0000
8713,LOST_LONG,0.26489,-0.90535,0.60463,-1.16989,0.20000,0.07000,1.75145,-0.36040,0.0323,0.631,1.7583,-0.3785,0.0128,0.0116,0.26504,0.13694,0.00,-10.40,0.00,0.0000
8723,LOST_LONG,0.26489,-0.90535,0.60463,-1.16989,0.20000,0.07000,1.75145,-0.36040,0.0323,0.631,1.7583,-0.3785,0.0128,0.0116,0.26538,0.13796,0.00,-10.40,0.00,0.0000
8733,LOST_LONG,0.26489,-0.90535,0.60463,-1.16989,0.20000,0.07000,1.75145,-0.36040,0.0323,0.631,1.7583,-0.3785,0.0128,0.0116,0.26559,0.13800,0.00,-10.40,0.00,0.0000
8743,LOST_LONG,0.26489,-0.90535,0.60463,-1.16989,0.20000,0.07000,1.75145,-0.36040,0.0323,0.631,1.7583,-0.3785,0.0128,0.0116,0.26407,0.13646,0.00,-10.40,0.00,0.0000
8753,LOST_LONG,0.26489,-0.90535,0.60463,-1.16989,0.20000,0.07000,1.75145,-0.36040,0.0323,0.631,1.7583,-0.3785,0.0128,0.0116,0.26291,0.13875,0.00,-10.40,0.00,0.0000
8763,LOST_LONG,0.26489,-0.90535,0.60463,-1.16989,0.20000,0.07000,1.75145,-0.36040,0.0323,0.631,1.7583,-0.3785,0.0128,0.0116,0.26358,0.13613,0.00,-10.40,0.00,0.0000
8773,LOST_LONG,0.26489,-0.90535,0.60463,-1.16989,0.20000,0.07000,1.75145,-0.36040,0.0323,0.631,1.7583,-0.3785,0.0128,0.0116,0.26460,0.13677,0.00,-10.40,0.00,0.0000
8783,LOST_LONG,0.26489,-0.90535,0.60463,-1.16989,0.20000,0.07000,1.75145,-0.36040,0.0323,0.631,1.7583,-0.3785,0.0128,0.0116,0.26474,0.13620,0.00,-10.40,0.00,0.0000
8793,LOST_LONG,0.26489,-0.90535,0.60463,-1.16989,0.20000,0.07000,1.75145,-0.36040,0.0323,0.631,1.7583,-0.3785,0.0128,0.0116,0.26553,0.13822,0.00,-10.40,0.00,0.0000
8803,LOST_LONG,0.26489,-0.90535,0.60463,-1.16989,0.20000,0.07000,1.75145,-0.36040,0.0323,0.631,1.7583,-0.3785,0.0128,0.0116,0.26460,0.13618,0.00,-10.40,0.00,0.0000
8813,LOST_LONG,0.26489,-0.90535,0.60463,-1.16989,0.20000,0.07000,1.75145,-0.36040,0.0323,0.631,1.7583,-0.3785,0.0128,0.0116,0.26550,0.13829,0.00,-10.40,0.00,0.0000
8823,LOST_LONG,0.26489,-0.90535,0.60463,-1.16989,0.20000,0.07000,1.75145,-0.36040,0.0323,0.631,1.7583,-0.3785,0.0128,0.0116,0.26486,0.13662,0.00,-10.40,0.00,0.0000
8833,LOST_LONG,0.26489,-0.90535,0.60463,-1.16989,0.20000,0.07000,1.75145,-0.36040,0.0323,0.631,1.7583,-0.3785,0.0128,0.0116,0.26478,0.13688,0.00,-10.40,0.00,0.0000
8843,LOST_LONG,0.26489,-0.90535,0.60463,-1.16989,0.20000,0.07000,1.75145,-0.36040,0.0323,0.631,1.7583,-0.3785,0.0128,0.0116,0.26496,0.13697,0.00,-10.40,0.00,0.0000
8853,LOST_LONG,0.26489,-0.90535,0.60463,-1.16989,0.20000,0.07000,1.75145,-0.36040,0.0323,0.631,1.7583,-0.3785,0.0128,0.0116,0.26539,0.13817,0.00,-10.40,0.00,0.0000
8863,LOST_LONG,0.26489,-0.90535,0.60463,-1.16989,0.20000,0.07000,1.75145,-0.36040,0.0323,0.631,1.7583,-0.3785,0.0128,0.0116,0.26498,0.13709,0.00,-10.40,0.00,0.0000
8873,LOST_LONG,0.26489,-0.90535,0.60463,-1.16989,0.20000,0.07000,1.75145,-0.36040,0.0323,0.631,1.7583,-0.3785,0.0128,0.0116,0.26508,0.13703,0.00,-10.40,0.00,0.0000
8883,LOST_LONG,0.26489,-0.90535,0.60463,-1.16989,0.20000,0.07000,1.75145,-0.36040,0.0323,0.631,1.7583,-0.3785,0.0128,0.0116,0.26387,0.13490,0.00,-10.40,0.00,0.0000
8893,LOST_LONG,0.26489,-0.90535,0.60463,-1.16989,0.20000,0.07000,1.75145,-0.36040,0.0323,0.631,1.7583,-0.3785,0.0128,0.0116,0.26515,0.13741,0.00,-10.40,0.00,0.0000
8903,LOST_LONG,0.26489,-0.90535,0.60463,-1.16989,0.20000,0.07000,1.75145,-0.36040,0.0323,0.631,1.7583,-0.3785,0.0128,0.0116,0.26527,0.13769,0.00,-10.40,0.00,0.0000
8913,LOST_LONG,0.26489,-0.90535,0.60463,-1.16989,0.20000,0.07000,1.75145,-0.36040,0.0323,0.631,1.7583,-0.3785,0.0128,0.0116,0.26504,0.13739,0.00,-10.40,0.00,0.0000
8923,LOST_LONG,0.26489,-0.90535,0.60463,-1.16989,0.20000,0.07000,1.75145,-0.36040,0.0323,0.631,1.7583,-0.3785,0.0128,0.0116,0.26455,0.13616,0.00,-10.40,0.00,0.0000
8933,LOST_LONG,0.26489,-0.90535,0.60463,-1.16989,0.20000,0.07000,1.75145,-0.36040,0.0323,0.631,1.7583,-0.3785,0.0128,0.0116,0.26477,0.13716,0.00,-10.40,0.00,0.0000
8943,LOST_LONG,0.26489,-0.90535,0.60463,-1.16989,0.20000,0.07000,1.75145,-0.36040,0.0323,0.631,1.7583,-0.3785,0.0128,0.0116,0.26461,0.13606,0.00,-10.40,0.00,0.0000
8953,LOST_LONG,0.26489,-0.90535,0.60463,-1.16989,0.20000,0.07000,1.75145,-0.36040,0.0323,0.631,1.7583,-0.3785,0.0128,0.0116,0.26436,0.13675,0.00,-10.40,0.00,0.0000
8963,LOST_LONG,0.26489,-0.90535,0.60463,-1.16989,0.20000,0.07000,1.75145,-0.36040,0.0323,0.631,1.7583,-0.3785,0.0128,0.0116,0.26486,0.13732,0.00,-10.40,0.00,0.0000
8973,LOST_LONG,0.26489,-0.90535,0.60463,-1.16989,0.20000,0.07000,1.75145,-0.36040,0.0323,0.631,1.7583,-0.3785,0.0128,0.0116,0.26493,0.13679,0.00,-10.40,0.00,0.0000
8983,LOST_LONG,0.26489,-0.90535,0.60463,-1.16989,0.20000,0.07000,1.75145,-0.36040,0.0323,0.631,1.7583,-0.3785,0.0128,0.0116,0.26500,0.13702,0.00,-10.40,0.00,0.0000
8993,LOST_LONG,0.26489,-0.90535,0.60463,-1.16989,0.20000,0.07000,1.75145,-0.36040,0.0323,0.631,1.7583,-0.3785,0.0128,0.0116,0.26556,0.13848,0.00,-10.40,0.00,0.0000
9003,LOST_LONG,0.26489,-0.90535,0.60463,-1.16989,0.20000,0.07000,1.75145,-0.36040,0.0323,0.631,1.7583,-0.3785,0.0128,0.0116,0.26509,0.13736,0.00,-10.40,0.00,0.0000
9013,LOST_LONG,0.26489,-0.90535,0.60463,-1.16989,0.20000,0.07000,1.75145,-0.36040,0.0323,0.631,1.7583,-0.3785,0.0128,0.0116,0.26525,0.13779,0.00,-10.40,0.00,0.0000
9023,LOST_LONG,0.26489,-0.90535,0.60463,-1.16989,0.20000,0.07000,1.75145,-0.36040,0.0323,0.631,1.7583,-0.3785,0.0128,0.0116,0.26534,0.13759,0.00,-10.40,0.00,0.0000
9033,LOST_LONG,0.26489,-0.90535,0.60463,-1.16989,0.20000,0.07000,1.75145,-0.36040,0.0323,0.631,1.7583,-0.3785,0.0128,0.0116,0.26472,0.13753,0.00,-10.40,0.00,0.0000
9043,LOST_LONG,0.26489,-0.90535,0.60463,-1.16989,0.20000,0.07000,1.75145,-0.36040,0.0323,0.631,1.7583,-0.3785,0.0128,0.0116,0.26488,0.13716,0.00,-10.40,0.00,0.0000
9053,LOST_LONG,0.26489,-0.90535,0.60463,-1.16989,0.20000,0.07000,1.75145,-0.36040,0.0323,0.631,1.7583,-0.3785,0.0128,0.0116,0.26558,0.13801,0.00,-10.40,0.00,0.0000
9063,LOST_LONG,0.26489,-0.90535,0.60463,-1.16989,0.20000,0.07000,1.75145,-0.36040,0.0323,0.631,1.7583,-0.3785,0.0128,0.0116,0.26685,0.14108,0.00,-10.40,0.00,0.0000
9073,LOST_LONG,0.26489,-0.90535,0.60463,-1.16989,0.20000,0.07000,1.75145,-0.36040,0.0323,0.631,1.7583,-0.3785,0.0128,0.0116,0.26459,0.13668,0.00,-10.40,0.00,0.0000
9083,LOST_LONG,0.26489,-0.90535,0.60463,-1.16989,0.20000,0.07000,1.75145,-0.36040,0.0323,0.631,1.7583,-0.3785,0.0128,0.0116,0.26487,0.13709,0.00,-10.40,0.00,0.0000
9093,LOST_LONG,0.26489,-0.90535,0.60463,-1.16989,0.20000,0.07000,1.75145,-0.36040,0.0323,0.631,1.7583,-0.3785,0.0128,0.0116,0.26560,0.13784,0.00,-10.40,0.00,0.0000
9103,LOST_LONG,0.26489,-0.90535,0.60463,-1.16989,0.20000,0.07000,1.75145,-0.36040,0.0323,0.631,1.7583,-0.3785,0.0128,0.0116,0.26550,0.13759,0.00,-10.40,0.00,0.0000
9113,LOST_LONG,0.26489,-0.90535,0.60463,-1.16989,0.20000,0.07000,1.75145,-0.36040,0.0323,0.631,1.7583,-0.3785,0.0128,0.0116,0.26445,0.13822,0.00,-10.40,0.00,0.0000
9123,LOST_LONG,0.26489,-0.90535,0.60463,-1.16989,0.20000,0.07000,1.75145,-0.36040,0.0323,0.631,1.7583,-0.3785,0.0128,0.0116,0.26431,0.13580,0.00,-10.40,0.00,0.0000
9133,LOST_LONG,0.26489,-0.90535,0.60463,-1.16989,0.20000,0.07000,1.75145,-0.36040,0.0323,0.631,1.7583,-0.3785,0.0128,0.0116,0.26407,0.13694,0.00,-10.40,0.00,0.0000
9143,LOST_LONG,0.26489,-0.90535,0.60463,-1.16989,0.20000,0.07000,1.75145,-0.36040,0.0323,0.631,1.7583,-0.3785,0.0128,0.0116,0.26465,0.13672,0.00,-10.40,0.00,0.0000
9153,LOST_LONG,0.26489,-0.90535,0.60463,-1.16989,0.20000,0.07000,1.75145,-0.36040,0.0323,0.631,1.7583,-0.3785,0.0128,0.0116,0.26424,0.13623,0.00,-10.40,0.00,0.0000
9163,LOST_LONG,0.26489,-0.90535,0.60463,-1.16989,0.20000,0.07000,1.75145,-0.36040,0.0323,0.631,1.7583,-0.3785,0.0128,0.0116,0.26499,0.13668,0.00,-10.40,0.00,0.0000
9173,LOST_LONG,0.26489,-0.90535,0.60463,-1.16989,0.20000,0.07000,1.75145,-0.36040,0.0323,0.631,1.7583,-0.3785,0.0128,0.0116,0.26509,0.13692,0.00,-10.40,0.00,0.0000
9183,LOST_LONG,0.26489,-0.90535,0.60463,-1.16989,0.20000,0.07000,1.75145,-0.36040,0.0323,0.631,1.7583,-0.3785,0.0128,0.0116,0.26560,0.13851,0.00,-10.40,0.00,0.0000
9193,LOST_LONG,0.26489,-0.90535,0.60463,-1.16989,0.20000,0.07000,1.75145,-0.36040,0.0323,0.631,1.7583,-0.3785,0.0128,0.0116,0.26515,0.13708,0.00,-10.40,0.00,0.0000
9203,LOST_LONG,0.26489,-0.90535,0.60463,-1.16989,0.20000,0.07000,1.75145,-0.36040,0.0323,0.631,1.7583,-0.3785,0.0128,0.0116,0.26491,0.13612,0.00,-10.40,0.00,0.0000
9213,LOST_LONG,0.26489,-0.90535,0.60463,-1.16989,0.20000,0.07000,1.75145,-0.36040,0.0323,0.631,1.7583,-0.3785,0.0128,0.0116,0.26506,0.13690,0.00,-10.40,0.00,0.0000
9223,LOST_LONG,0.26489,-0.90535,0.60463,-1.16989,0.20000,0.07000,1.75145,-0.36040,0.0323,0.631,1.7583,-0.3785,0.0128,0.0116,0.26497,0.13674,0.00,-10.40,0.00,0.0000
9233,LOST_LONG,0.26489,-0.90535,0.60463,-1.16989,0.20000,0.07000,1.75145,-0.36040,0.0323,0.631,1.7583,-0.3785,0.0128,0.0116,0.26494,0.13674,0.00,-10.40,0.00,0.0000
9243,LOST_LONG,0.26489,-0.90535,0.60463,-1.16989,0.20000,0.07000,1.75145,-0.36040,0.0323,0.631,1.7583,-0.3785,0.0128,0.0116,0.26513,0.13746,0.00,-10.40,0.00,0.0000
9253,LOST_LONG,0.26489,-0.90535,0.60463,-1.16989,0.20000,0.07000,1.75145,-0.36040,0.0323,0.631,1.7583,-0.3785,0.0128,0.0116,0.26024,0.12821,0.00,-10.40,0.00,0.0000
9263,LOST_LONG,0.26489,-0.90535,0.60463,-1.16989,0.20000,0.07000,1.75145,-0.36040,0.0323,0.631,1.7583,-0.3785,0.0128,0.0116,0.26355,0.13631,0.00,-10.40,0.00,0.0000
9273,LOST_LONG,0.26489,-0.90535,0.60463,-1.16989,0.20000,0.07000,1.75145,-0.36040,0.0323,0.631,1.7583,-0.3785,0.0128,0.0116,0.26424,0.13698,0.00,-10.40,0.00,0.0000
9283,LOST_LONG,0.26489,-0.90535,0.60463,-1.16989,0.20000,0.07000,1.75145,-0.36040,0.0323,0.631,1.7583,-0.3785,0.0128,0.0116,0.26529,0.13782,0.00,-10.40,0.00,0.0000
9293,LOST_LONG,0.26489,-0.90535,0.60463,-1.16989,0.20000,0.07000,1.75145,-0.36040,0.0323,0.631,1.7583,-0.3785,0.0128,0.0116,0.26489,0.13705,0.00,-10.40,0.00,0.0000
9303,LOST_LONG,0.26489,-0.90535,0.60463,-1.16989,0.20000,0.07000,1.75145,-0.36040,0.0323,0.631,1.7583,-0.3785,0.0128,0.0116,0.26488,0.13690,0.00,-10.40,0.00,0.0000
9313,LOST_LONG,0.26489,-0.90535,0.60463,-1.16989,0.20000,0.07000,1.75145,-0.36040,0.0323,0.631,1.7583,-0.3785,0.0128,0.0116,0.26277,0.13322,0.00,-10.40,0.00,0.0000
9323,LOST_LONG,0.26489,-0.90535,0.60463,-1.16989,0.20000,0.07000,1.75145,-0.36040,0.0323,0.631,1.7583,-0.3785,0.0128,0.0116,0.26483,0.13780,0.00,-10.40,0.00,0.0000
9333,LOST_LONG,0.26489,-0.90535,0.60463,-1.16989,0.20000,0.07000,1.75145,-0.36040,0.0323,0.631,1.7583,-0.3785,0.0128,0.0116,0.26501,0.13723,0.00,-10.40,0.00,0.0000
9343,LOST_LONG,0.26489,-0.90535,0.60463,-1.16989,0.20000,0.07000,1.75145,-0.36040,0.0323,0.631,1.7583,-0.3785,0.0128,0.0116,0.26530,0.13711,0.00,-10.40,0.00,0.0000
9353,LOST_LONG,0.26489,-0.90535,0.60463,-1.16989,0.20000,0.07000,1.75145,-0.36040,0.0323,0.631,1.7583,-0.3785,0.0128,0.0116,0.26501,0.13657,0.00,-10.40,0.00,0.0000
9363,LOST_LONG,0.26489,-0.90535,0.60463,-1.16989,0.20000,0.07000,1.75145,-0.36040,0.0323,0.631,1.7583,-0.3785,0.0128,0.0116,0.26518,0.13683,0.00,-10.40,0.00,0.0000
9373,LOST_LONG,0.26489,-0.90535,0.60463,-1.16989,0.20000,0.07000,1.75145,-0.36040,0.0323,0.631,1.7583,-0.3785,0.0128,0.0116,0.26489,0.13692,0.00,-10.40,0.00,0.0000
9383,LOST_LONG,0.26489,-0.90535,0.60463,-1.16989,0.20000,0.07000,1.75145,-0.36040,0.0323,0.631,1.7583,-0.3785,0.0128,0.0116,0.26485,0.13747,0.00,-10.40,0.00,0.0000
9393,LOST_LONG,0.26489,-0.90535,0.60463,-1.16989,0.20000,0.07000,1.75145,-0.36040,0.0323,0.631,1.7583,-0.3785,0.0128,0.0116,0.26462,0.13735,0.00,-10.40,0.00,0.0000
9403,LOST_LONG,0.26489,-0.90535,0.60463,-1.16989,0.20000,0.07000,1.75145,-0.36040,0.0323,0.631,1.7583,-0.3785,0.0128,0.0116,0.26386,0.13590,0.00,-10.40,0.00,0.0000
9413,LOST_LONG,0.26489,-0.90535,0.60463,-1.16989,0.20000,0.07000,1.75145,-0.36040,0.0323,0.631,1.7583,-0.3785,0.0128,0.0116,0.26456,0.13688,0.00,-10.40,0.00,0.0000
9423,LOST_LONG,0.26489,-0.90535,0.60463,-1.16989,0.20000,0.07000,1.75145,-0.36040,0.0323,0.631,1.7583,-0.3785,0.0128,0.0116,0.26540,0.13808,0.00,-10.40,0.00,0.0000
9433,LOST_LONG,0.26489,-0.90535,0.60463,-1.16989,0.20000,0.07000,1.75145,-0.36040,0.0323,0.631,1.7583,-0.3785,0.0128,0.0116,0.26489,0.13675,0.00,-10.40,0.00,0.0000
9443,LOST_LONG,0.26489,-0.90535,0.60463,-1.16989,0.20000,0.07000,1.75145,-0.36040,0.0323,0.631,1.7583,-0.3785,0.0128,0.0116,0.26494,0.13740,0.00,-10.40,0.00,0.0000
9453,LOST_LONG,0.26489,-0.90535,0.60463,-1.16989,0.20000,0.07000,1.75145,-0.36040,0.0323,0.631,1.7583,-0.3785,0.0128,0.0116,0.26559,0.13796,0.00,-10.40,0.00,0.0000
9463,LOST_LONG,0.26489,-0.90535,0.60463,-1.16989,0.20000,0.07000,1.75145,-0.36040,0.0323,0.631,1.7583,-0.3785,0.0128,0.0116,0.26568,0.13800,0.00,-10.40,0.00,0.0000
9473,LOST_LONG,0.26489,-0.90535,0.60463,-1.16989,0.20000,0.07000,1.75145,-0.36040,0.0323,0.631,1.7583,-0.3785,0.0128,0.0116,0.26513,0.13717,0.00,-10.40,0.00,0.0000
9483,LOST_LONG,0.26489,-0.90535,0.60463,-1.16989,0.20000,0.07000,1.75145,-0.36040,0.0323,0.631,1.7583,-0.3785,0.0128,0.0116,0.26548,0.13770,0.00,-10.40,0.00,0.0000
9493,LOST_LONG,0.26489,-0.90535,0.60463,-1.16989,0.20000,0.07000,1.75145,-0.36040,0.0323,0.631,1.7583,-0.3785,0.0128,0.0116,0.26565,0.13758,0.00,-10.40,0.00,0.0000
9503,LOST_LONG,0.26489,-0.90535,0.60463,-1.16989,0.20000,0.07000,1.75145,-0.36040,0.0323,0.631,1.7583,-0.3785,0.0128,0.0116,0.26538,0.13708,0.00,-10.40,0.00,0.0000
9513,LOST_LONG,0.26489,-0.90535,0.60463,-1.16989,0.20000,0.07000,1.75145,-0.36040,0.0323,0.631,1.7583,-0.3785,0.0128,0.0116,0.26493,0.13693,0.00,-10.40,0.00,0.0000
9523,LOST_LONG,0.26489,-0.90535,0.60463,-1.16989,0.20000,0.07000,1.75145,-0.36040,0.0323,0.631,1.7583,-0.3785,0.0128,0.0116,0.26489,0.13668,0.00,-10.40,0.00,0.0000
9533,LOST_LONG,0.26489,-0.90535,0.60463,-1.16989,0.20000,0.07000,1.75145,-0.36040,0.0323,0.631,1.7583,-0.3785,0.0128,0.0116,0.26512,0.13678,0.00,-10.40,0.00,0.0000
9543,LOST_LONG,0.26489,-0.90535,0.60463,-1.16989,0.20000,0.07000,1.75145,-0.36040,0.0323,0.631,1.7583,-0.3785,0.0128,0.0116,0.26577,0.13879,0.00,-10.40,0.00,0.0000
9553,LOST_LONG,0.26489,-0.90535,0.60463,-1.16989,0.20000,0.07000,1.75145,-0.36040,0.0323,0.631,1.7583,-0.3785,0.0128,0.0116,0.26508,0.13717,0.00,-10.40,0.00,0.0000
9563,LOST_LONG,0.26489,-0.90535,0.60463,-1.16989,0.20000,0.07000,1.75145,-0.36040,0.0323,0.631,1.7583,-0.3785,0.0128,0.0116,0.26487,0.13652,0.00,-10.40,0.00,0.0000
9573,LOST_LONG,0.26489,-0.90535,0.60463,-1.16989,0.20000,0.07000,1.75145,-0.36040,0.0323,0.631,1.7583,-0.3785,0.0128,0.0116,0.26532,0.13839,0.00,-10.40,0.00,0.0000
9583,LOST_LONG,0.26489,-0.90535,0.60463,-1.16989,0.20000,0.07000,1.75145,-0.36040,0.0323,0.631,1.7583,-0.3785,0.0128,0.0116,0.26522,0.13713,0.00,-10.40,0.00,0.0000
9593,LOST_LONG,0.26489,-0.90535,0.60463,-1.16989,0.20000,0.07000,1.75145,-0.36040,0.0323,0.631,1.7583,-0.3785,0.0128,0.0116,0.26500,0.13733,0.00,-10.40,0.00,0.0000
9603,LOST_LONG,0.26489,-0.90535,0.60463,-1.16989,0.20000,0.07000,1.75145,-0.36040,0.0323,0.631,1.7583,-0.3785,0.0128,0.0116,0.26523,0.13782,0.00,-10.40,0.00,0.0000
9613,LOST_LONG,0.26489,-0.90535,0.60463,-1.16989,0.20000,0.07000,1.75145,-0.36040,0.0323,0.631,1.7583,-0.3785,0.0128,0.0116,0.26506,0.13696,0.00,-10.40,0.00,0.0000
9623,LOST_LONG,0.26489,-0.90535,0.60463,-1.16989,0.20000,0.07000,1.75145,-0.36040,0.0323,0.631,1.7583,-0.3785,0.0128,0.0116,0.26509,0.13695,0.00,-10.40,0.00,0.0000
9633,LOST_LONG,0.26489,-0.90535,0.60463,-1.16989,0.20000,0.07000,1.75145,-0.36040,0.0323,0.631,1.7583,-0.3785,0.0128,0.0116,0.26459,0.13614,0.00,-10.40,0.00,0.0000
9643,LOST_LONG,0.26489,-0.90535,0.60463,-1.16989,0.20000,0.07000,1.75145,-0.36040,0.0323,0.631,1.7583,-0.3785,0.0128,0.0116,0.26490,0.13839,0.00,-10.40,0.00,0.0000
9653,LOST_LONG,0.26489,-0.90535,0.60463,-1.16989,0.20000,0.07000,1.75145,-0.36040,0.0323,0.631,1.7583,-0.3785,0.0128,0.0116,0.26466,0.13613,0.00,-10.40,0.00,0.0000
9663,LOST_LONG,0.26489,-0.90535,0.60463,-1.16989,0.20000,0.07000,1.75145,-0.36040,0.0323,0.631,1.7583,-0.3785,0.0128,0.0116,0.26554,0.13770,0.00,-10.40,0.00,0.0000
9673,LOST_LONG,0.26489,-0.90535,0.60463,-1.16989,0.20000,0.07000,1.75145,-0.36040,0.0323,0.631,1.7583,-0.3785,0.0128,0.0116,0.26529,0.13727,0.00,-10.40,0.00,0.0000
9683,LOST_LONG,0.26489,-0.90535,0.60463,-1.16989,0.20000,0.07000,1.75145,-0.36040,0.0323,0.631,1.7583,-0.3785,0.0128,0.0116,0.26478,0.13763,0.00,-10.40,0.00,0.0000
9693,LOST_LONG,0.26489,-0.90535,0.60463,-1.16989,0.20000,0.07000,1.75145,-0.36040,0.0323,0.631,1.7583,-0.3785,0.0128,0.0116,0.26506,0.13670,0.00,-10.40,0.00,0.0000
9703,LOST_LONG,0.26489,-0.90535,0.60463,-1.16989,0.20000,0.07000,1.75145,-0.36040,0.0323,0.631,1.7583,-0.3785,0.0128,0.0116,0.26435,0.13617,0.00,-10.40,0.00,0.0000
9713,LOST_LONG,0.26489,-0.90535,0.60463,-1.16989,0.20000,0.07000,1.75145,-0.36040,0.0323,0.631,1.7583,-0.3785,0.0128,0.0116,0.26417,0.13586,0.00,-10.40,0.00,0.0000
9723,LOST_LONG,0.26489,-0.90535,0.60463,-1.16989,0.20000,0.07000,1.75145,-0.36040,0.0323,0.631,1.7583,-0.3785,0.0128,0.0116,0.26462,0.13718,0.00,-10.40,0.00,0.0000
9733,LOST_LONG,0.26489,-0.90535,0.60463,-1.16989,0.20000,0.07000,1.75145,-0.36040,0.0323,0.631,1.7583,-0.3785,0.0128,0.0116,0.26502,0.13696,0.00,-10.40,0.00,0.0000
9743,LOST_LONG,0.26489,-0.90535,0.60463,-1.16989,0.20000,0.07000,1.75145,-0.36040,0.0323,0.631,1.7583,-0.3785,0.0128,0.0116,0.26562,0.13822,0.00,-10.40,0.00,0.0000
9753,LOST_LONG,0.26489,-0.90535,0.60463,-1.16989,0.20000,0.07000,1.75145,-0.36040,0.0323,0.631,1.7583,-0.3785,0.0128,0.0116,0.26517,0.13705,0.00,-10.40,0.00,0.0000
9763,LOST_LONG,0.26489,-0.90535,0.60463,-1.16989,0.20000,0.07000,1.75145,-0.36040,0.0323,0.631,1.7583,-0.3785,0.0128,0.0116,0.26362,0.13340,0.00,-10.40,0.00,0.0000
9773,LOST_LONG,0.26489,-0.90535,0.60463,-1.16989,0.20000,0.07000,1.75145,-0.36040,0.0323,0.631,1.7583,-0.3785,0.0128,0.0116,0.26476,0.13828,0.00,-10.40,0.00,0.0000
9783,LOST_LONG,0.26489,-0.90535,0.60463,-1.16989,0.20000,0.07000,1.75145,-0.36040,0.0323,0.631,1.7583,-0.3785,0.0128,0.0116,0.26525,0.13761,0.00,-10.40,0.00,0.0000
9793,LOST_LONG,0.26489,-0.90535,0.60463,-1.16989,0.20000,0.07000,1.75145,-0.36040,0.0323,0.631,1.7583,-0.3785,0.0128,0.0116,0.26536,0.13769,0.00,-10.40,0.00,0.0000
9803,LOST_LONG,0.26489,-0.90535,0.60463,-1.16989,0.20000,0.07000,1.75145,-0.36040,0.0323,0.631,1.7583,-0.3785,0.0128,0.0116,0.26549,0.13756,0.00,-10.40,0.00,0.0000
9813,LOST_LONG,0.26489,-0.90535,0.60463,-1.16989,0.20000,0.07000,1.75145,-0.36040,0.0323,0.631,1.7583,-0.3785,0.0128,0.0116,0.26528,0.13735,0.00,-10.40,0.00,0.0000
9823,LOST_LONG,0.26489,-0.90535,0.60463,-1.16989,0.20000,0.07000,1.75145,-0.36040,0.0323,0.631,1.7583,-0.3785,0.0128,0.0116,0.26489,0.13718,0.00,-10.40,0.00,0.0000
9833,LOST_LONG,0.26489,-0.90535,0.60463,-1.16989,0.20000,0.07000,1.75145,-0.36040,0.0323,0.631,1.7583,-0.3785,0.0128,0.0116,0.26487,0.13755,0.00,-10.40,0.00,0.0000
9843,LOST_LONG,0.26489,-0.90535,0.60463,-1.16989,0.20000,0.07000,1.75145,-0.36040,0.0323,0.631,1.7583,-0.3785,0.0128,0.0116,0.26493,0.13719,0.00,-10.40,0.00,0.0000
9853,LOST_LONG,0.26489,-0.90535,0.60463,-1.16989,0.20000,0.07000,1.75145,-0.36040,0.0323,0.631,1.7583,-0.3785,0.0128,0.0116,0.26539,0.13793,0.00,-10.40,0.00,0.0000
9863,LOST_LONG,0.26489,-0.90535,0.60463,-1.16989,0.20000,0.07000,1.75145,-0.36040,0.0323,0.631,1.7583,-0.3785,0.0128,0.0116,0.26510,0.13675,0.00,-10.40,0.00,0.0000
9873,LOST_LONG,0.26489,-0.90535,0.60463,-1.16989,0.20000,0.07000,1.75145,-0.36040,0.0323,0.631,1.7583,-0.3785,0.0128,0.0116,0.26543,0.13789,0.00,-10.40,0.00,0.0000
9883,LOST_LONG,0.26489,-0.90535,0.60463,-1.16989,0.20000,0.07000,1.75145,-0.36040,0.0323,0.631,1.7583,-0.3785,0.0128,0.0116,0.26388,0.13489,0.00,-10.40,0.00,0.0000
9893,LOST_LONG,0.26489,-0.90535,0.60463,-1.16989,0.20000,0.07000,1.75145,-0.36040,0.0323,0.631,1.7583,-0.3785,0.0128,0.0116,0.26369,0.13587,0.00,-10.40,0.00,0.0000
9903,LOST_LONG,0.26489,-0.90535,0.60463,-1.16989,0.20000,0.07000,1.75145,-0.36040,0.0323,0.631,1.7583,-0.3785,0.0128,0.0116,0.26440,0.13845,0.00,-10.40,0.00,0.0000
9913,LOST_LONG,0.26489,-0.90535,0.60463,-1.16989,0.20000,0.07000,1.75145,-0.36040,0.0323,0.631,1.7583,-0.3785,0.0128,0.0116,0.26515,0.13757,0.00,-10.40,0.00,0.0000
9923,LOST_LONG,0.26489,-0.90535,0.60463,-1.16989,0.20000,0.07000,1.75145,-0.36040,0.0323,0.631,1.7583,-0.3785,0.0128,0.0116,0.26489,0.13696,0.00,-10.40,0.00,0.0000
9933,LOST_LONG,0.26489,-0.90535,0.60463,-1.16989,0.20000,0.07000,1.75145,-0.36040,0.0323,0.631,1.7583,-0.3785,0.0128,0.0116,0.26499,0.13702,0.00,-10.40,0.00,0.0000
9943,LOST_LONG,0.26489,-0.90535,0.60463,-1.16989,0.20000,0.07000,1.75145,-0.36040,0.0323,0.631,1.7583,-0.3785,0.0128,0.0116,0.26458,0.13608,0.00,-10.40,0.00,0.0000
9953,LOST_LONG,0.26489,-0.90535,0.60463,-1.16989,0.20000,0.07000,1.75145,-0.36040,0.0323,0.631,1.7583,-0.3785,0.0128,0.0116,0.26482,0.13739,0.00,-10.40,0.00,0.0000
9963,LOST_LONG,0.26489,-0.90535,0.60463,-1.16989,0.20000,0.07000,1.75145,-0.36040,0.0323,0.631,1.7583,-0.3785,0.0128,0.0116,0.26313,0.13479,0.00,-10.40,0.00,0.0000
9973,LOST_LONG,0.26489,-0.90535,0.60463,-1.16989,0.20000,0.07000,1.75145,-0.36040,0.0323,0.631,1.7583,-0.3785,0.0128,0.0116,0.26501,0.13768,0.00,-10.40,0.00,0.0000
9983,LOST_LONG,0.26489,-0.90535,0.60463,-1.16989,0.20000,0.07000,1.75145,-0.36040,0.0323,0.631,1.7583,-0.3785,0.0128,0.0116,0.26504,0.13824,0.00,-10.40,0.00,0.0000
9993,LOST_LONG,0.26489,-0.90535,0.60463,-1.16989,0.20000,0.07000,1.75145,-0.36040,0.0323,0.631,1.7583,-0.3785,0.0128,0.0116,0.26441,0.13614,0.00,-10.40,0.00,0.0000
10003,LOST_LONG,0.26489,-0.90535,0.60463,-1.16989,0.20000,0.07000,1.75145,-0.36040,0.0323,0.631,1.7583,-0.3785,0.0128,0.0116,0.26479,0.13719,0.00,-10.40,0.00,0.0000
10013,LOST_LONG,0.26489,-0.90535,0.60463,-1.16989,0.20000,0.07000,1.75145,-0.36040,0.0323,0.631,1.7583,-0.3785,0.0128,0.0116,0.26476,0.13716,0.00,-10.40,0.00,0.0000
10023,LOST_LONG,0.26489,-0.90535,0.60463,-1.16989,0.20000,0.07000,1.75145,-0.36040,0.0323,0.631,1.7583,-0.3785,0.0128,0.0116,0.26505,0.13748,0.00,-10.40,0.00,0.0000
10033,LOST_LONG,0.26489,-0.90535,0.60463,-1.16989,0.20000,0.07000,1.75145,-0.36040,0.0323,0.631,1.7583,-0.3785,0.0128,0.0116,0.26504,0.13724,0.00,-10.40,0.00,0.0000
10043,LOST_LONG,0.26489,-0.90535,0.60463,-1.16989,0.20000,0.07000,1.75145,-0.36040,0.0323,0.631,1.7583,-0.3785,0.0128,0.0116,0.26535,0.13815,0.00,-10.40,0.00,0.0000
10053,LOST_LONG,0.26489,-0.90535,0.60463,-1.16989,0.20000,0.07000,1.75145,-0.36040,0.0323,0.631,1.7583,-0.3785,0.0128,0.0116,0.26473,0.13613,0.00,-10.40,0.00,0.0000
10063,LOST_LONG,0.26489,-0.90535,0.60463,-1.16989,0.20000,0.07000,1.75145,-0.36040,0.0323,0.631,1.7583,-0.3785,0.0128,0.0116,0.26506,0.13703,0.00,-10.40,0.00,0.0000
10073,LOST_LONG,0.26489,-0.90535,0.60463,-1.16989,0.20000,0.07000,1.75145,-0.36040,0.0323,0.631,1.7583,-0.3785,0.0128,0.0116,0.26505,0.13729,0.00,-10.40,0.00,0.0000
10083,LOST_LONG,0.26489,-0.90535,0.60463,-1.16989,0.20000,0.07000,1.75145,-0.36040,0.0323,0.631,1.7583,-0.3785,0.0128,0.0116,0.26480,0.13638,0.00,-10.40,0.00,0.0000
10093,LOST_LONG,0.26489,-0.90535,0.60463,-1.16989,0.20000,0.07000,1.75145,-0.36040,0.0323,0.631,1.7583,-0.3785,0.0128,0.0116,0.26505,0.13756,0.00,-10.40,0.00,0.0000
10103,LOST_LONG,0.26489,-0.90535,0.60463,-1.16989,0.20000,0.07000,1.75145,-0.36040,0.0323,0.631,1.7583,-0.3785,0.0128,0.0116,0.26501,0.13718,0.00,-10.40,0.00,0.0000
10113,LOST_LONG,0.26489,-0.90535,0.60463,-1.16989,0.20000,0.07000,1.75145,-0.36040,0.0323,0.631,1.7583,-0.3785,0.0128,0.0116,0.26505,0.13709,0.00,-10.40,0.00,0.0000
10123,LOST_LONG,0.26489,-0.90535,0.60463,-1.16989,0.20000,0.07000,1.75145,-0.36040,0.0323,0.631,1.7583,-0.3785,0.0128,0.0116,0.26459,0.13607,0.00,-10.40,0.00,0.0000
10133,LOST_LONG,0.26489,-0.90535,0.60463,-1.16989,0.20000,0.07000,1.75145,-0.36040,0.0323,0.631,1.7583,-0.3785,0.0128,0.0116,0.26434,0.13632,0.00,-10.40,0.00,0.0000
10143,LOST_LONG,0.26489,-0.90535,0.60463,-1.16989,0.20000,0.07000,1.75145,-0.36040,0.0323,0.631,1.7583,-0.3785,0.0128,0.0116,0.26559,0.13802,0.00,-10.40,0.00,0.0000
10153,LOST_LONG,0.26489,-0.90535,0.60463,-1.16989,0.20000,0.07000,1.75145,-0.36040,0.0323,0.631,1.7583,-0.3785,0.0128,0.0116,0.26491,0.13713,0.00,-10.40,0.00,0.0000
10163,LOST_LONG,0.26489,-0.90535,0.60463,-1.16989,0.20000,0.07000,1.75145,-0.36040,0.0323,0.631,1.7583,-0.3785,0.0128,0.0116,0.26493,0.13708,0.00,-10.40,0.00,0.0000
10173,LOST_LONG,0.26489,-0.90535,0.60463,-1.16989,0.20000,0.07000,1.75145,-0.36040,0.0323,0.631,1.7583,-0.3785,0.0128,0.0116,0.26482,0.13741,0.00,-10.40,0.00,0.0000
10183,LOST_LONG,0.26489,-0.90535,0.60463,-1.16989,0.20000,0.07000,1.75145,-0.36040,0.0323,0.631,1.7583,-0.3785,0.0128,0.0116,0.26545,0.13770,0.00,-10.40,0.00,0.0000
10193,LOST_LONG,0.26489,-0.90535,0.60463,-1.16989,0.20000,0.07000,1.75145,-0.36040,0.0323,0.631,1.7583,-0.3785,0.0128,0.0116,0.26539,0.13788,0.00,-10.40,0.00,0.0000
10203,LOST_LONG,0.26489,-0.90535,0.60463,-1.16989,0.20000,0.07000,1.75145,-0.36040,0.0323,0.631,1.7583,-0.3785,0.0128,0.0116,0.26524,0.13713,0.00,-10.40,0.00,0.0000
10213,LOST_LONG,0.26489,-0.90535,0.60463,-1.16989,0.20000,0.07000,1.75145,-0.36040,0.0323,0.631,1.7583,-0.3785,0.0128,0.0116,0.26508,0.13727,0.00,-10.40,0.00,0.0000
10223,LOST_LONG,0.26489,-0.90535,0.60463,-1.16989,0.20000,0.07000,1.75145,-0.36040,0.0323,0.631,1.7583,-0.3785,0.0128,0.0116,0.26492,0.13717,0.00,-10.40,0.00,0.0000
10233,LOST_LONG,0.26489,-0.90535,0.60463,-1.16989,0.20000,0.07000,1.75145,-0.36040,0.0323,0.631,1.7583,-0.3785,0.0128,0.0116,0.26511,0.13705,0.00,-10.40,0.00,0.0000
10243,LOST_LONG,0.26489,-0.90535,0.60463,-1.16989,0.20000,0.07000,1.75145,-0.36040,0.0323,0.631,1.7583,-0.3785,0.0128,0.0116,0.26463,0.13602,0.00,-10.40,0.00,0.0000
10253,LOST_LONG,0.26489,-0.90535,0.60463,-1.16989,0.20000,0.07000,1.75145,-0.36040,0.0323,0.631,1.7583,-0.3785,0.0128,0.0116,0.26567,0.13816,0.00,-10.40,0.00,0.0000
10263,LOST_LONG,0.26489,-0.90535,0.60463,-1.16989,0.20000,0.07000,1.75145,-0.36040,0.0323,0.631,1.7583,-0.3785,0.0128,0.0116,0.26533,0.13733,0.00,-10.40,0.00,0.0000
10273,LOST_LONG,0.26489,-0.90535,0.60463,-1.16989,0.20000,0.07000,1.75145,-0.36040,0.0323,0.631,1.7583,-0.3785,0.0128,0.0116,0.26296,0.13312,0.00,-10.40,0.00,0.0000
10283,LOST_LONG,0.26489,-0.90535,0.60463,-1.16989,0.20000,0.07000,1.75145,-0.36040,0.0323,0.631,1.7583,-0.3785,0.0128,0.0116,0.26374,0.13617,0.00,-10.40,0.00,0.0000
10293,LOST_LONG,0.26489,-0.90535,0.60463,-1.16989,0.20000,0.07000,1.75145,-0.36040,0.0323,0.631,1.7583,-0.3785,0.0128,0.0116,0.26453,0.13735,0.00,-10.40,0.00,0.0000
10303,LOST_LONG,0.26489,-0.90535,0.60463,-1.16989,0.20000,0.07000,1.75145,-0.36040,0.0323,0.631,1.7583,-0.3785,0.0128,0.0116,0.26492,0.13691,0.00,-10.40,0.00,0.0000
10313,LOST_LONG,0.26489,-0.90535,0.60463,-1.16989,0.20000,0.07000,1.75145,-0.36040,0.0323,0.631,1.7583,-0.3785,0.0128,0.0116,0.26470,0.13662,0.00,-10.40,0.00,0.0000
10323,LOST_LONG,0.26489,-0.90535,0.60463,-1.16989,0.20000,0.07000,1.75145,-0.36040,0.0323,0.631,1.7583,-0.3785,0.0128,0.0116,0.26512,0.13771,0.00,-10.40,0.00,0.0000
10333,LOST_LONG,0.26489,-0.90535,0.60463,-1.16989,0.20000,0.07000,1.75145,-0.36040,0.0323,0.631,1.7583,-0.3785,0.0128,0.0116,0.26389,0.13603,0.00,-10.40,0.00,0.0000
10343,LOST_LONG,0.26489,-0.90535,0.60463,-1.16989,0.20000,0.07000,1.75145,-0.36040,0.0323,0.631,1.7583,-0.3785,0.0128,0.0116,0.26533,0.13830,0.00,-10.40,0.00,0.0000
10353,LOST_LONG,0.26489,-0.90535,0.60463,-1.16989,0.20000,0.07000,1.75145,-0.36040,0.0323,0.631,1.7583,-0.3785,0.0128,0.0116,0.26531,0.13746,0.00,-10.40,0.00,0.0000
10363,LOST_LONG,0.26489,-0.90535,0.60463,-1.16989,0.20000,0.07000,1.75145,-0.36040,0.0323,0.631,1.7583,-0.3785,0.0128,0.0116,0.26509,0.13714,0.00,-10.40,0.00,0.0000
10373,LOST_LONG,0.26489,-0.90535,0.60463,-1.16989,0.20000,0.07000,1.75145,-0.36040,0.0323,0.631,1.7583,-0.3785,0.0128,0.0116,0.26535,0.13810,0.00,-10.40,0.00,0.0000
10383,LOST_LONG,0.26489,-0.90535,0.60463,-1.16989,0.20000,0.07000,1.75145,-0.36040,0.0323,0.631,1.7583,-0.3785,0.0128,0.0116,0.26524,0.13682,0.00,-10.40,0.00,0.0000
10393,LOST_LONG,0.26489,-0.90535,0.60463,-1.16989,0.20000,0.07000,1.75145,-0.36040,0.0323,0.631,1.7583,-0.3785,0.0128,0.0116,0.26440,0.13598,0.00,-10.40,0.00,0.0000
10403,LOST_LONG,0.26489,-0.90535,0.60463,-1.16989,0.20000,0.07000,1.75145,-0.36040,0.0323,0.631,1.7583,-0.3785,0.0128,0.0116,0.26551,0.13802,0.00,-10.40,0.00,0.0000
10413,LOST_LONG,0.26489,-0.90535,0.60463,-1.16989,0.20000,0.07000,1.75145,-0.36040,0.0323,0.631,1.7583,-0.3785,0.0128,0.0116,0.26549,0.13746,0.00,-10.40,0.00,0.0000
10423,LOST_LONG,0.26489,-0.90535,0.60463,-1.16989,0.20000,0.07000,1.75145,-0.36040,0.0323,0.631,1.7583,-0.3785,0.0128,0.0116,0.26535,0.13729,0.00,-10.40,0.00,0.0000
10433,LOST_LONG,0.26489,-0.90535,0.60463,-1.16989,0.20000,0.07000,1.75145,-0.36040,0.0323,0.631,1.7583,-0.3785,0.0128,0.0116,0.26534,0.13779,0.00,-10.40,0.00,0.0000
10443,LOST_LONG,0.26489,-0.90535,0.60463,-1.16989,0.20000,0.07000,1.75145,-0.36040,0.0323,0.631,1.7583,-0.3785,0.0128,0.0116,0.26485,0.13758,0.00,-10.40,0.00,0.0000
10453,LOST_LONG,0.26489,-0.90535,0.60463,-1.16989,0.20000,0.07000,1.75145,-0.36040,0.0323,0.631,1.7583,-0.3785,0.0128,0.0116,0.26506,0.13689,0.00,-10.40,0.00,0.0000
10463,LOST_LONG,0.26489,-0.90535,0.60463,-1.16989,0.20000,0.07000,1.75145,-0.36040,0.0323,0.631,1.7583,-0.3785,0.0128,0.0116,0.26500,0.13683,0.00,-10.40,0.00,0.0000
10473,LOST_LONG,0.26489,-0.90535,0.60463,-1.16989,0.20000,0.07000,1.75145,-0.36040,0.0323,0.631,1.7583,-0.3785,0.0128,0.0116,0.26465,0.13707,0.00,-10.40,0.00,0.0000
10483,LOST_LONG,0.26489,-0.90535,0.60463,-1.16989,0.20000,0.07000,1.75145,-0.36040,0.0323,0.631,1.7583,-0.3785,0.0128,0.0116,0.26536,0.13770,0.00,-10.40,0.00,0.0000
10493,LOST_LONG,0.26489,-0.90535,0.60463,-1.16989,0.20000,0.07000,1.75145,-0.36040,0.0323,0.631,1.7583,-0.3785,0.0128,0.0116,0.26498,0.13605,0.00,-10.40,0.00,0.0000
10503,LOST_LONG,0.26489,-0.90535,0.60463,-1.16989,0.20000,0.07000,1.75145,-0.36040,0.0323,0.631,1.7583,-0.3785,0.0128,0.0116,0.26457,0.13607,0.00,-10.40,0.00,0.0000
10513,LOST_LONG,0.26489,-0.90535,0.60463,-1.16989,0.20000,0.07000,1.75145,-0.36040,0.0323,0.631,1.7583,-0.3785,0.0128,0.0116,0.26438,0.13626,0.00,-10.40,0.00,0.0000
10523,LOST_LONG,0.26489,-0.90535,0.60463,-1.16989,0.20000,0.07000,1.75145,-0.36040,0.0323,0.631,1.7583,-0.3785,0.0128,0.0116,0.26456,0.13785,0.00,-10.40,0.00,0.0000
10533,LOST_LONG,0.26489,-0.90535,0.60463,-1.16989,0.20000,0.07000,1.75145,-0.36040,0.0323,0.631,1.7583,-0.3785,0.0128,0.0116,0.26426,0.13713,0.00,-10.40,0.00,0.0000
10543,LOST_LONG,0.26489,-0.90535,0.60463,-1.16989,0.20000,0.07000,1.75145,-0.36040,0.0323,0.631,1.7583,-0.3785,0.0128,0.0116,0.26497,0.13700,0.00,-10.40,0.00,0.0000
10553,LOST_LONG,0.26489,-0.90535,0.60463,-1.16989,0.20000,0.07000,1.75145,-0.36040,0.0323,0.631,1.7583,-0.3785,0.0128,0.0116,0.26567,0.13783,0.00,-10.40,0.00,0.0000
10563,LOST_LONG,0.26489,-0.90535,0.60463,-1.16989,0.20000,0.07000,1.75145,-0.36040,0.0323,0.631,1.7583,-0.3785,0.0128,0.0116,0.26517,0.13727,0.00,-10.40,0.00,0.0000
10573,LOST_LONG,0.26489,-0.90535,0.60463,-1.16989,0.20000,0.07000,1.75145,-0.36040,0.0323,0.631,1.7583,-0.3785,0.0128,0.0116,0.26480,0.13621,0.00,-10.40,0.00,0.0000
10583,LOST_LONG,0.26489,-0.90535,0.60463,-1.16989,0.20000,0.07000,1.75145,-0.36040,0.0323,0.631,1.7583,-0.3785,0.0128,0.0116,0.26551,0.13818,0.00,-10.40,0.00,0.0000
10593,LOST_LONG,0.26489,-0.90535,0.60463,-1.16989,0.20000,0.07000,1.75145,-0.36040,0.0323,0.631,1.7583,-0.3785,0.0128,0.0116,0.26453,0.13615,0.00,-10.40,0.00,0.0000
10603,LOST_LONG,0.26489,-0.90535,0.60463,-1.16989,0.20000,0.07000,1.75145,-0.36040,0.0323,0.631,1.7583,-0.3785,0.0128,0.0116,0.26492,0.13708,0.00,-10.40,0.00,0.0000
10613,LOST_LONG,0.26489,-0.90535,0.60463,-1.16989,0.20000,0.07000,1.75145,-0.36040,0.0323,0.631,1.7583,-0.3785,0.0128,0.0116,0.26508,0.13723,0.00,-10.40,0.00,0.0000
10623,LOST_LONG,0.26489,-0.90535,0.60463,-1.16989,0.20000,0.07000,1.75145,-0.36040,0.0323,0.631,1.7583,-0.3785,0.0128,0.0116,0.26494,0.13723,0.00,-10.40,0.00,0.0000
10633,LOST_LONG,0.26489,-0.90535,0.60463,-1.16989,0.20000,0.07000,1.75145,-0.36040,0.0323,0.631,1.7583,-0.3785,0.0128,0.0116,0.26504,0.13725,0.00,-10.40,0.00,0.0000
10643,LOST_LONG,0.26489,-0.90535,0.60463,-1.16989,0.20000,0.07000,1.75145,-0.36040,0.0323,0.631,1.7583,-0.3785,0.0128,0.0116,0.26506,0.13748,0.00,-10.40,0.00,0.0000
10653,LOST_LONG,0.26489,-0.90535,0.60463,-1.16989,0.20000,0.07000,1.75145,-0.36040,0.0323,0.631,1.7583,-0.3785,0.0128,0.0116,0.26153,0.13192,0.00,-10.40,0.00,0.0000
10663,LOST_LONG,0.26489,-0.90535,0.60463,-1.16989,0.20000,0.07000,1.75145,-0.36040,0.0323,0.631,1.7583,-0.3785,0.0128,0.0116,0.26471,0.13828,0.00,-10.40,0.00,0.0000
10673,LOST_LONG,0.26489,-0.90535,0.60463,-1.16989,0.20000,0.07000,1.75145,-0.36040,0.0323,0.631,1.7583,-0.3785,0.0128,0.0116,0.26475,0.13705,0.00,-10.40,0.00,0.0000
10683,LOST_LONG,0.26489,-0.90535,0.60463,-1.16989,0.20000,0.07000,1.75145,-0.36040,0.0323,0.631,1.7583,-0.3785,0.0128,0.0116,0.26548,0.13736,0.00,-10.40,0.00,0.0000
10693,LOST_LONG,0.26489,-0.90535,0.60463,-1.16989,0.20000,0.07000,1.75145,-0.36040,0.0323,0.631,1.7583,-0.3785,0.0128,0.0116,0.26440,0.13629,0.00,-10.40,0.00,0.0000
10703,LOST_LONG,0.26489,-0.90535,0.60463,-1.16989,0.20000,0.07000,1.75145,-0.36040,0.0323,0.631,1.7583,-0.3785,0.0128,0.0116,0.26508,0.13705,0.00,-10.40,0.00,0.0000
10713,LOST_LONG,0.26489,-0.90535,0.60463,-1.16989,0.20000,0.07000,1.75145,-0.36040,0.0323,0.631,1.7583,-0.3785,0.0128,0.0116,0.26457,0.13640,0.00,-10.40,0.00,0.0000
10723,LOST_LONG,0.26489,-0.90535,0.60463,-1.16989,0.20000,0.07000,1.75145,-0.36040,0.0323,0.631,1.7583,-0.3785,0.0128,0.0116,0.26287,0.13596,0.00,-10.40,0.00,0.0000
10733,LOST_LONG,0.26489,-0.90535,0.60463,-1.16989,0.20000,0.07000,1.75145,-0.36040,0.0323,0.631,1.7583,-0.3785,0.0128,0.0116,0.26405,0.13770,0.00,-10.40,0.00,0.0000
10743,LOST_LONG,0.26489,-0.90535,0.60463,-1.16989,0.20000,0.07000,1.75145,-0.36040,0.0323,0.631,1.7583,-0.3785,0.0128,0.0116,0.26496,0.13706,0.00,-10.40,0.00,0.0000
10753,LOST_LONG,0.26489,-0.90535,0.60463,-1.16989,0.20000,0.07000,1.75145,-0.36040,0.0323,0.631,1.7583,-0.3785,0.0128,0.0116,0.26538,0.13802,0.00,-10.40,0.00,0.0000
10763,LOST_LONG,0.26489,-0.90535,0.60463,-1.16989,0.20000,0.07000,1.75145,-0.36040,0.0323,0.631,1.7583,-0.3785,0.0128,0.0116,0.26548,0.13857,0.00,-10.40,0.00,0.0000
10773,LOST_LONG,0.26489,-0.90535,0.60463,-1.16989,0.20000,0.07000,1.75145,-0.36040,0.0323,0.631,1.7583,-0.3785,0.0128,0.0116,0.26541,0.13782,0.00,-10.40,0.00,0.0000
10783,LOST_LONG,0.26489,-0.90535,0.60463,-1.16989,0.20000,0.07000,1.75145,-0.36040,0.0323,0.631,1.7583,-0.3785,0.0128,0.0116,0.26507,0.13701,0.00,-10.40,0.00,0.0000
10793,LOST_LONG,0.26489,-0.90535,0.60463,-1.16989,0.20000,0.07000,1.75145,-0.36040,0.0323,0.631,1.7583,-0.3785,0.0128,0.0116,0.26535,0.13822,0.00,-10.40,0.00,0.0000
10803,LOST_LONG,0.26489,-0.90535,0.60463,-1.16989,0.20000,0.07000,1.75145,-0.36040,0.0323,0.631,1.7583,-0.3785,0.0128,0.0116,0.26558,0.13800,0.00,-10.40,0.00,0.0000
10813,LOST_LONG,0.26489,-0.90535,0.60463,-1.16989,0.20000,0.07000,1.75145,-0.36040,0.0323,0.631,1.7583,-0.3785,0.0128,0.0116,0.26515,0.13725,0.00,-10.40,0.00,0.0000
10823,LOST_LONG,0.26489,-0.90535,0.60463,-1.16989,0.20000,0.07000,1.75145,-0.36040,0.0323,0.631,1.7583,-0.3785,0.0128,0.0116,0.26537,0.13749,0.00,-10.40,0.00,0.0000
10833,LOST_LONG,0.26489,-0.90535,0.60463,-1.16989,0.20000,0.07000,1.75145,-0.36040,0.0323,0.631,1.7583,-0.3785,0.0128,0.0116,0.26511,0.13714,0.00,-10.40,0.00,0.0000
10843,LOST_LONG,0.26489,-0.90535,0.60463,-1.16989,0.20000,0.07000,1.75145,-0.36040,0.0323,0.631,1.7583,-0.3785,0.0128,0.0116,0.26460,0.13611,0.00,-10.40,0.00,0.0000
10853,LOST_LONG,0.26489,-0.90535,0.60463,-1.16989,0.20000,0.07000,1.75145,-0.36040,0.0323,0.631,1.7583,-0.3785,0.0128,0.0116,0.26612,0.14098,0.00,-10.40,0.00,0.0000
10863,LOST_LONG,0.26489,-0.90535,0.60463,-1.16989,0.20000,0.07000,1.75145,-0.36040,0.0323,0.631,1.7583,-0.3785,0.0128,0.0116,0.26540,0.13800,0.00,-10.40,0.00,0.0000
10873,LOST_LONG,0.26489,-0.90535,0.60463,-1.16989,0.20000,0.07000,1.75145,-0.36040,0.0323,0.631,1.7583,-0.3785,0.0128,0.0116,0.26570,0.13774,0.00,-10.40,0.00,0.0000
10883,LOST_LONG,0.26489,-0.90535,0.60463,-1.16989,0.20000,0.07000,1.75145,-0.36040,0.0323,0.631,1.7583,-0.3785,0.0128,0.0116,0.26566,0.13756,0.00,-10.40,0.00,0.0000
10893,LOST_LONG,0.26489,-0.90535,0.60463,-1.16989,0.20000,0.07000,1.75145,-0.36040,0.0323,0.631,1.7583,-0.3785,0.0128,0.0116,0.26553,0.13781,0.00,-10.40,0.00,0.0000
10903,LOST_LONG,0.26489,-0.90535,0.60463,-1.16989,0.20000,0.07000,1.75145,-0.36040,0.0323,0.631,1.7583,-0.3785,0.0128,0.0116,0.26540,0.13740,0.00,-10.40,0.00,0.0000
10913,LOST_LONG,0.26489,-0.90535,0.60463,-1.16989,0.20000,0.07000,1.75145,-0.36040,0.0323,0.631,1.7583,-0.3785,0.0128,0.0116,0.26524,0.13735,0.00,-10.40,0.00,0.0000
10923,LOST_LONG,0.26489,-0.90535,0.60463,-1.16989,0.20000,0.07000,1.75145,-0.36040,0.0323,0.631,1.7583,-0.3785,0.0128,0.0116,0.26495,0.13684,0.00,-10.40,0.00,0.0000
10933,LOST_LONG,0.26489,-0.90535,0.60463,-1.16989,0.20000,0.07000,1.75145,-0.36040,0.0323,0.631,1.7583,-0.3785,0.0128,0.0116,0.26483,0.13685,0.00,-10.40,0.00,0.0000
10943,LOST_LONG,0.26489,-0.90535,0.60463,-1.16989,0.20000,0.07000,1.75145,-0.36040,0.0323,0.631,1.7583,-0.3785,0.0128,0.0116,0.26493,0.13718,0.00,-10.40,0.00,0.0000
10953,LOST_LONG,0.26489,-0.90535,0.60463,-1.16989,0.20000,0.07000,1.75145,-0.36040,0.0323,0.631,1.7583,-0.3785,0.0128,0.0116,0.26529,0.13785,0.00,-10.40,0.00,0.0000
10963,LOST_LONG,0.26489,-0.90535,0.60463,-1.16989,0.20000,0.07000,1.75145,-0.36040,0.0323,0.631,1.7583,-0.3785,0.0128,0.0116,0.26461,0.13609,0.00,-10.40,0.00,0.0000
10973,LOST_LONG,0.26489,-0.90535,0.60463,-1.16989,0.20000,0.07000,1.75145,-0.36040,0.0323,0.631,1.7583,-0.3785,0.0128,0.0116,0.26524,0.13968,0.00,-10.40,0.00,0.0000
10983,LOST_LONG,0.26489,-0.90535,0.60463,-1.16989,0.20000,0.07000,1.75145,-0.36040,0.0323,0.631,1.7583,-0.3785,0.0128,0.0116,0.26517,0.13754,0.00,-10.40,0.00,0.0000
10993,LOST_LONG,0.26489,-0.90535,0.60463,-1.16989,0.20000,0.07000,1.75145,-0.36040,0.0323,0.631,1.7583,-0.3785,0.0128,0.0116,0.26488,0.13729,0.00,-10.40,0.00,0.0000
11003,LOST_LONG,0.26489,-0.90535,0.60463,-1.16989,0.20000,0.07000,1.75145,-0.36040,0.0323,0.631,1.7583,-0.3785,0.0128,0.0116,0.26490,0.13698,0.00,-10.40,0.00,0.0000
11013,LOST_LONG,0.26489,-0.90535,0.60463,-1.16989,0.20000,0.07000,1.75145,-0.36040,0.0323,0.631,1.7583,-0.3785,0.0128,0.0116,0.26536,0.13840,0.00,-10.40,0.00,0.0000
11023,LOST_LONG,0.26489,-0.90535,0.60463,-1.16989,0.20000,0.07000,1.75145,-0.36040,0.0323,0.631,1.7583,-0.3785,0.0128,0.0116,0.26518,0.13714,0.00,-10.40,0.00,0.0000
11033,LOST_LONG,0.26489,-0.90535,0.60463,-1.16989,0.20000,0.07000,1.75145,-0.36040,0.0323,0.631,1.7583,-0.3785,0.0128,0.0116,0.26380,0.13827,0.00,-10.40,0.00,0.0000
11043,LOST_LONG,0.26489,-0.90535,0.60463,-1.16989,0.20000,0.07000,1.75145,-0.36040,0.0323,0.631,1.7583,-0.3785,0.0128,0.0116,0.26349,0.13635,0.00,-10.40,0.00,0.0000
11053,LOST_LONG,0.26489,-0.90535,0.60463,-1.16989,0.20000,0.07000,1.75145,-0.36040,0.0323,0.631,1.7583,-0.3785,0.0128,0.0116,0.26466,0.13673,0.00,-10.40,0.00,0.0000
11063,LOST_LONG,0.26489,-0.90535,0.60463,-1.16989,0.20000,0.07000,1.75145,-0.36040,0.0323,0.631,1.7583,-0.3785,0.0128,0.0116,0.26474,0.13673,0.00,-10.40,0.00,0.0000
11073,LOST_LONG,0.26489,-0.90535,0.60463,-1.16989,0.20000,0.07000,1.75145,-0.36040,0.0323,0.631,1.7583,-0.3785,0.0128,0.0116,0.26495,0.13730,0.00,-10.40,0.00,0.0000
11083,LOST_LONG,0.26489,-0.90535,0.60463,-1.16989,0.20000,0.07000,1.75145,-0.36040,0.0323,0.631,1.7583,-0.3785,0.0128,0.0116,0.26496,0.13684,0.00,-10.40,0.00,0.0000
11093,LOST_LONG,0.26489,-0.90535,0.60463,-1.16989,0.20000,0.07000,1.75145,-0.36040,0.0323,0.631,1.7583,-0.3785,0.0128,0.0116,0.26478,0.13742,0.00,-10.40,0.00,0.0000
11103,LOST_LONG,0.26489,-0.90535,0.60463,-1.16989,0.20000,0.07000,1.75145,-0.36040,0.0323,0.631,1.7583,-0.3785,0.0128,0.0116,0.26489,0.13703,0.00,-10.40,0.00,0.0000
11113,LOST_LONG,0.26489,-0.90535,0.60463,-1.16989,0.20000,0.07000,1.75145,-0.36040,0.0323,0.631,1.7583,-0.3785,0.0128,0.0116,0.26501,0.13697,0.00,-10.40,0.00,0.0000
11123,LOST_LONG,0.26489,-0.90535,0.60463,-1.16989,0.20000,0.07000,1.75145,-0.36040,0.0323,0.631,1.7583,-0.3785,0.0128,0.0116,0.26512,0.13702,0.00,-10.40,0.00,0.0000
11133,LOST_LONG,0.26489,-0.90535,0.60463,-1.16989,0.20000,0.07000,1.75145,-0.36040,0.0323,0.631,1.7583,-0.3785,0.0128,0.0116,0.26555,0.13814,0.00,-10.40,0.00,0.0000
11143,LOST_LONG,0.26489,-0.90535,0.60463,-1.16989,0.20000,0.07000,1.75145,-0.36040,0.0323,0.631,1.7583,-0.3785,0.0128,0.0116,0.26513,0.13690,0.00,-10.40,0.00,0.0000
11153,LOST_LONG,0.26489,-0.90535,0.60463,-1.16989,0.20000,0.07000,1.75145,-0.36040,0.0323,0.631,1.7583,-0.3785,0.0128,0.0116,0.26421,0.13799,0.00,-10.40,0.00,0.0000
11163,LOST_LONG,0.26489,-0.90535,0.60463,-1.16989,0.20000,0.07000,1.75145,-0.36040,0.0323,0.631,1.7583,-0.3785,0.0128,0.0116,0.26052,0.12873,0.00,-10.40,0.00,0.0000
11173,LOST_LONG,0.26489,-0.90535,0.60463,-1.16989,0.20000,0.07000,1.75145,-0.36040,0.0323,0.631,1.7583,-0.3785,0.0128,0.0116,0.26382,0.13669,0.00,-10.40,0.00,0.0000
11183,LOST_LONG,0.26489,-0.90535,0.60463,-1.16989,0.20000,0.07000,1.75145,-0.36040,0.0323,0.631,1.7583,-0.3785,0.0128,0.0116,0.26461,0.13723,0.00,-10.40,0.00,0.0000
11193,LOST_LONG,0.26489,-0.90535,0.60463,-1.16989,0.20000,0.07000,1.75145,-0.36040,0.0323,0.631,1.7583,-0.3785,0.0128,0.0116,0.26536,0.13762,0.00,-10.40,0.00,0.0000
11203,LOST_LONG,0.26489,-0.90535,0.60463,-1.16989,0.20000,0.07000,1.75145,-0.36040,0.0323,0.631,1.7583,-0.3785,0.0128,0.0116,0.26502,0.13670,0.00,-10.40,0.00,0.0000
11213,LOST_LONG,0.26489,-0.90535,0.60463,-1.16989,0.20000,0.07000,1.75145,-0.36040,0.0323,0.631,1.7583,-0.3785,0.0128,0.0116,0.26521,0.13707,0.00,-10.40,0.00,0.0000
11223,LOST_LONG,0.26489,-0.90535,0.60463,-1.16989,0.20000,0.07000,1.75145,-0.36040,0.0323,0.631,1.7583,-0.3785,0.0128,0.0116,0.26555,0.13803,0.00,-10.40,0.00,0.0000
11233,LOST_LONG,0.26489,-0.90535,0.60463,-1.16989,0.20000,0.07000,1.75145,-0.36040,0.0323,0.631,1.7583,-0.3785,0.0128,0.0116,0.26547,0.13787,0.00,-10.40,0.00,0.0000
11243,LOST_LONG,0.26489,-0.90535,0.60463,-1.16989,0.20000,0.07000,1.75145,-0.36040,0.0323,0.631,1.7583,-0.3785,0.0128,0.0116,0.26565,0.13771,0.00,-10.40,0.00,0.0000
11253,LOST_LONG,0.26489,-0.90535,0.60463,-1.16989,0.20000,0.07000,1.75145,-0.36040,0.0323,0.631,1.7583,-0.3785,0.0128,0.0116,0.26552,0.13768,0.00,-10.40,0.00,0.0000
11263,LOST_LONG,0.26489,-0.90535,0.60463,-1.16989,0.20000,0.07000,1.75145,-0.36040,0.0323,0.631,1.7583,-0.3785,0.0128,0.0116,0.26496,0.13687,0.00,-10.40,0.00,0.0000
11273,LOST_LONG,0.26489,-0.90535,0.60463,-1.16989,0.20000,0.07000,1.75145,-0.36040,0.0323,0.631,1.7583,-0.3785,0.0128,0.0116,0.26504,0.13707,0.00,-10.40,0.00,0.0000
11283,LOST_LONG,0.26489,-0.90535,0.60463,-1.16989,0.20000,0.07000,1.75145,-0.36040,0.0323,0.631,1.7583,-0.3785,0.0128,0.0116,0.26506,0.13711,0.00,-10.40,0.00,0.0000
11293,LOST_LONG,0.26489,-0.90535,0.60463,-1.16989,0.20000,0.07000,1.75145,-0.36040,0.0323,0.631,1.7583,-0.3785,0.0128,0.0116,0.26082,0.12763,0.00,-10.40,0.00,0.0000
11303,LOST_LONG,0.26489,-0.90535,0.60463,-1.16989,0.20000,0.07000,1.75145,-0.36040,0.0323,0.631,1.7583,-0.3785,0.0128,0.0116,0.26346,0.13634,0.00,-10.40,0.00,0.0000
11313,LOST_LONG,0.26489,-0.90535,0.60463,-1.16989,0.20000,0.07000,1.75145,-0.36040,0.0323,0.631,1.7583,-0.3785,0.0128,0.0116,0.26453,0.13737,0.00,-10.40,0.00,0.0000
11323,LOST_LONG,0.26489,-0.90535,0.60463,-1.16989,0.20000,0.07000,1.75145,-0.36040,0.0323,0.631,1.7583,-0.3785,0.0128,0.0116,0.26534,0.13757,0.00,-10.40,0.00,0.0000
11333,LOST_LONG,0.26489,-0.90535,0.60463,-1.16989,0.20000,0.07000,1.75145,-0.36040,0.0323,0.631,1.7583,-0.3785,0.0128,0.0116,0.26494,0.13721,0.00,-10.40,0.00,0.0000
11343,LOST_LONG,0.26489,-0.90535,0.60463,-1.16989,0.20000,0.07000,1.75145,-0.36040,0.0323,0.631,1.7583,-0.3785,0.0128,0.0116,0.26546,0.13724,0.00,-10.40,0.00,0.0000
11353,LOST_LONG,0.26489,-0.90535,0.60463,-1.16989,0.20000,0.07000,1.75145,-0.36040,0.0323,0.631,1.7583,-0.3785,0.0128,0.0116,0.26313,0.13285,0.00,-10.40,0.00,0.0000
11363,LOST_LONG,0.26489,-0.90535,0.60463,-1.16989,0.20000,0.07000,1.75145,-0.36040,0.0323,0.631,1.7583,-0.3785,0.0128,0.0116,0.26403,0.13688,0.00,-10.40,0.00,0.0000
11373,LOST_LONG,0.26489,-0.90535,0.60463,-1.16989,0.20000,0.07000,1.75145,-0.36040,0.0323,0.631,1.7583,-0.3785,0.0128,0.0116,0.26467,0.13683,0.00,-10.40,0.00,0.0000
11383,LOST_LONG,0.26489,-0.90535,0.60463,-1.16989,0.20000,0.07000,1.75145,-0.36040,0.0323,0.631,1.7583,-0.3785,0.0128,0.0116,0.26510,0.13764,0.00,-10.40,0.00,0.0000
11393,LOST_LONG,0.26489,-0.90535,0.60463,-1.16989,0.20000,0.07000,1.75145,-0.36040,0.0323,0.631,1.7583,-0.3785,0.0128,0.0116,0.26535,0.13784,0.00,-10.40,0.00,0.0000
11403,LOST_LONG,0.26489,-0.90535,0.60463,-1.16989,0.20000,0.07000,1.75145,-0.36040,0.0323,0.631,1.7583,-0.3785,0.0128,0.0116,0.26499,0.13731,0.00,-10.40,0.00,0.0000
11413,LOST_LONG,0.26489,-0.90535,0.60463,-1.16989,0.20000,0.07000,1.75145,-0.36040,0.0323,0.631,1.7583,-0.3785,0.0128,0.0116,0.26438,0.13621,0.00,-10.40,0.00,0.0000
11423,LOST_LONG,0.26489,-0.90535,0.60463,-1.16989,0.20000,0.07000,1.75145,-0.36040,0.0323,0.631,1.7583,-0.3785,0.0128,0.0116,0.26525,0.13725,0.00,-10.40,0.00,0.0000
11433,LOST_LONG,0.26489,-0.90535,0.60463,-1.16989,0.20000,0.07000,1.75145,-0.36040,0.0323,0.631,1.7583,-0.3785,0.0128,0.0116,0.26497,0.13660,0.00,-10.40,0.00,0.0000
11443,LOST_LONG,0.26489,-0.90535,0.60463,-1.16989,0.20000,0.07000,1.75145,-0.36040,0.0323,0.631,1.7583,-0.3785,0.0128,0.0116,0.26457,0.13764,0.00,-10.40,0.00,0.0000
11453,LOST_LONG,0.26489,-0.90535,0.60463,-1.16989,0.20000,0.07000,1.75145,-0.36040,0.0323,0.631,1.7583,-0.3785,0.0128,0.0116,0.26491,0.13705,0.00,-10.40,0.00,0.0000
11463,LOST_LONG,0.26489,-0.90535,0.60463,-1.16989,0.20000,0.07000,1.75145,-0.36040,0.0323,0.631,1.7583,-0.3785,0.0128,0.0116,0.26544,0.13768,0.00,-10.40,0.00,0.0000
11473,LOST_LONG,0.26489,-0.90535,0.60463,-1.16989,0.20000,0.07000,1.75145,-0.36040,0.0323,0.631,1.7583,-0.3785,0.0128,0.0116,0.26420,0.13494,0.00,-10.40,0.00,0.0000
11483,LOST_LONG,0.26489,-0.90535,0.60463,-1.16989,0.20000,0.07000,1.75145,-0.36040,0.0323,0.631,1.7583,-0.3785,0.0128,0.0116,0.26601,0.14263,0.00,-10.40,0.00,0.0000
11493,LOST_LONG,0.26489,-0.90535,0.60463,-1.16989,0.20000,0.07000,1.75145,-0.36040,0.0323,0.631,1.7583,-0.3785,0.0128,0.0116,0.26499,0.13730,0.00,-10.40,0.00,0.0000
11503,LOST_LONG,0.26489,-0.90535,0.60463,-1.16989,0.20000,0.07000,1.75145,-0.36040,0.0323,0.631,1.7583,-0.3785,0.0128,0.0116,0.26550,0.13749,0.00,-10.40,0.00,0.0000
11513,LOST_LONG,0.26489,-0.90535,0.60463,-1.16989,0.20000,0.07000,1.75145,-0.36040,0.0323,0.631,1.7583,-0.3785,0.0128,0.0116,0.26521,0.13719,0.00,-10.40,0.00,0.0000
11523,LOST_LONG,0.26489,-0.90535,0.60463,-1.16989,0.20000,0.07000,1.75145,-0.36040,0.0323,0.631,1.7583,-0.3785,0.0128,0.0116,0.26541,0.13790,0.00,-10.40,0.00,0.0000
11533,LOST_LONG,0.26489,-0.90535,0.60463,-1.16989,0.20000,0.07000,1.75145,-0.36040,0.0323,0.631,1.7583,-0.3785,0.0128,0.0116,0.26506,0.13686,0.00,-10.40,0.00,0.0000
11543,LOST_LONG,0.26489,-0.90535,0.60463,-1.16989,0.20000,0.07000,1.75145,-0.36040,0.0323,0.631,1.7583,-0.3785,0.0128,0.0116,0.26505,0.13653,0.00,-10.40,0.00,0.0000
11553,LOST_LONG,0.26489,-0.90535,0.60463,-1.16989,0.20000,0.07000,1.75145,-0.36040,0.0323,0.631,1.7583,-0.3785,0.0128,0.0116,0.26445,0.13622,0.00,-10.40,0.00,0.0000
11563,LOST_LONG,0.26489,-0.90535,0.60463,-1.16989,0.20000,0.07000,1.75145,-0.36040,0.0323,0.631,1.7583,-0.3785,0.0128,0.0116,0.26530,0.13816,0.00,-10.40,0.00,0.0000
11573,LOST_LONG,0.26489,-0.90535,0.60463,-1.16989,0.20000,0.07000,1.75145,-0.36040,0.0323,0.631,1.7583,-0.3785,0.0128,0.0116,0.26513,0.13664,0.00,-10.40,0.00,0.0000
11583,LOST_LONG,0.26489,-0.90535,0.60463,-1.16989,0.20000,0.07000,1.75145,-0.36040,0.0323,0.631,1.7583,-0.3785,0.0128,0.0116,0.26463,0.13614,0.00,-10.40,0.00,0.0000
11593,LOST_LONG,0.26489,-0.90535,0.60463,-1.16989,0.20000,0.07000,1.75145,-0.36040,0.0323,0.631,1.7583,-0.3785,0.0128,0.0116,0.26442,0.13616,0.00,-10.40,0.00,0.0000
11603,LOST_LONG,0.26489,-0.90535,0.60463,-1.16989,0.20000,0.07000,1.75145,-0.36040,0.0323,0.631,1.7583,-0.3785,0.0128,0.0116,0.26539,0.13765,0.00,-10.40,0.00,0.0000
11613,LOST_LONG,0.26489,-0.90535,0.60463,-1.16989,0.20000,0.07000,1.75145,-0.36040,0.0323,0.631,1.7583,-0.3785,0.0128,0.0116,0.26454,0.13625,0.00,-10.40,0.00,0.0000
11623,LOST_LONG,0.26489,-0.90535,0.60463,-1.16989,0.20000,0.07000,1.75145,-0.36040,0.0323,0.631,1.7583,-0.3785,0.0128,0.0116,0.26473,0.13706,0.00,-10.40,0.00,0.0000
11633,LOST_LONG,0.26489,-0.90535,0.60463,-1.16989,0.20000,0.07000,1.75145,-0.36040,0.0323,0.631,1.7583,-0.3785,0.0128,0.0116,0.26535,0.13840,0.00,-10.40,0.00,0.0000
11643,LOST_LONG,0.26489,-0.90535,0.60463,-1.16989,0.20000,0.07000,1.75145,-0.36040,0.0323,0.631,1.7583,-0.3785,0.0128,0.0116,0.26471,0.13733,0.00,-10.40,0.00,0.0000
11653,LOST_LONG,0.26489,-0.90535,0.60463,-1.16989,0.20000,0.07000,1.75145,-0.36040,0.0323,0.631,1.7583,-0.3785,0.0128,0.0116,0.26473,0.13623,0.00,-10.40,0.00,0.0000
11663,LOST_LONG,0.26489,-0.90535,0.60463,-1.16989,0.20000,0.07000,1.75145,-0.36040,0.0323,0.631,1.7583,-0.3785,0.0128,0.0116,0.26529,0.13774,0.00,-10.40,0.00,0.0000
11673,LOST_LONG,0.26489,-0.90535,0.60463,-1.16989,0.20000,0.07000,1.75145,-0.36040,0.0323,0.631,1.7583,-0.3785,0.0128,0.0116,0.26294,0.13317,0.00,-10.40,0.00,0.0000
11683,LOST_LONG,0.26489,-0.90535,0.60463,-1.16989,0.20000,0.07000,1.75145,-0.36040,0.0323,0.631,1.7583,-0.3785,0.0128,0.0116,0.26510,0.13798,0.00,-10.40,0.00,0.0000
11693,LOST_LONG,0.26489,-0.90535,0.60463,-1.16989,0.20000,0.07000,1.75145,-0.36040,0.0323,0.631,1.7583,-0.3785,0.0128,0.0116,0.26521,0.13786,0.00,-10.40,0.00,0.0000
11703,LOST_LONG,0.26489,-0.90535,0.60463,-1.16989,0.20000,0.07000,1.75145,-0.36040,0.0323,0.631,1.7583,-0.3785,0.0128,0.0116,0.26499,0.13672,0.00,-10.40,0.00,0.0000
11713,LOST_LONG,0.26489,-0.90535,0.60463,-1.16989,0.20000,0.07000,1.75145,-0.36040,0.0323,0.631,1.7583,-0.3785,0.0128,0.0116,0.26513,0.13750,0.00,-10.40,0.00,0.0000
11723,LOST_LONG,0.26489,-0.90535,0.60463,-1.16989,0.20000,0.07000,1.75145,-0.36040,0.0323,0.631,1.7583,-0.3785,0.0128,0.0116,0.26535,0.13837,0.00,-10.40,0.00,0.0000
11733,LOST_LONG,0.26489,-0.90535,0.60463,-1.16989,0.20000,0.07000,1.75145,-0.36040,0.0323,0.631,1.7583,-0.3785,0.0128,0.0116,0.26569,0.13827,0.00,-10.40,0.00,0.0000
11743,LOST_LONG,0.26489,-0.90535,0.60463,-1.16989,0.20000,0.07000,1.75145,-0.36040,0.0323,0.631,1.7583,-0.3785,0.0128,0.0116,0.26544,0.13794,0.00,-10.40,0.00,0.0000
11753,LOST_LONG,0.26489,-0.90535,0.60463,-1.16989,0.20000,0.07000,1.75145,-0.36040,0.0323,0.631,1.7583,-0.3785,0.0128,0.0116,0.26559,0.13793,0.00,-10.40,0.00,0.0000
11763,LOST_LONG,0.26489,-0.90535,0.60463,-1.16989,0.20000,0.07000,1.75145,-0.36040,0.0323,0.631,1.7583,-0.3785,0.0128,0.0116,0.26576,0.13814,0.00,-10.40,0.00,0.0000
11773,LOST_LONG,0.26489,-0.90535,0.60463,-1.16989,0.20000,0.07000,1.75145,-0.36040,0.0323,0.631,1.7583,-0.3785,0.0128,0.0116,0.26556,0.13758,0.00,-10.40,0.00,0.0000
11783,LOST_LONG,0.26489,-0.90535,0.60463,-1.16989,0.20000,0.07000,1.75145,-0.36040,0.0323,0.631,1.7583,-0.3785,0.0128,0.0116,0.26545,0.13783,0.00,-10.40,0.00,0.0000
11793,LOST_LONG,0.26489,-0.90535,0.60463,-1.16989,0.20000,0.07000,1.75145,-0.36040,0.0323,0.631,1.7583,-0.3785,0.0128,0.0116,0.26494,0.13741,0.00,-10.40,0.00,0.0000
11803,LOST_LONG,0.26489,-0.90535,0.60463,-1.16989,0.20000,0.07000,1.75145,-0.36040,0.0323,0.631,1.7583,-0.3785,0.0128,0.0116,0.26385,0.13622,0.00,-10.40,0.00,0.0000
11813,LOST_LONG,0.26489,-0.90535,0.60463,-1.16989,0.20000,0.07000,1.75145,-0.36040,0.0323,0.631,1.7583,-0.3785,0.0128,0.0116,0.26514,0.13778,0.00,-10.40,0.00,0.0000
11823,LOST_LONG,0.26489,-0.90535,0.60463,-1.16989,0.20000,0.07000,1.75145,-0.36040,0.0323,0.631,1.7583,-0.3785,0.0128,0.0116,0.26296,0.13285,0.00,-10.40,0.00,0.0000
11833,LOST_LONG,0.26489,-0.90535,0.60463,-1.16989,0.20000,0.07000,1.75145,-0.36040,0.0323,0.631,1.7583,-0.3785,0.0128,0.0116,0.26452,0.13680,0.00,-10.40,0.00,0.0000
11843,LOST_LONG,0.26489,-0.90535,0.60463,-1.16989,0.20000,0.07000,1.75145,-0.36040,0.0323,0.631,1.7583,-0.3785,0.0128,0.0116,0.26477,0.13830,0.00,-10.40,0.00,0.0000
11853,LOST_LONG,0.26489,-0.90535,0.60463,-1.16989,0.20000,0.07000,1.75145,-0.36040,0.0323,0.631,1.7583,-0.3785,0.0128,0.0116,0.26550,0.13834,0.00,-10.40,0.00,0.0000
11863,LOST_LONG,0.26489,-0.90535,0.60463,-1.16989,0.20000,0.07000,1.75145,-0.36040,0.0323,0.631,1.7583,-0.3785,0.0128,0.0116,0.26456,0.13778,0.00,-10.40,0.00,0.0000
11873,LOST_LONG,0.26489,-0.90535,0.60463,-1.16989,0.20000,0.07000,1.75145,-0.36040,0.0323,0.631,1.7583,-0.3785,0.0128,0.0116,0.26496,0.13799,0.00,-10.40,0.00,0.0000
11883,LOST_LONG,0.26489,-0.90535,0.60463,-1.16989,0.20000,0.07000,1.75145,-0.36040,0.0323,0.631,1.7583,-0.3785,0.0128,0.0116,0.26550,0.13848,0.00,-10.40,0.00,0.0000
11893,LOST_LONG,0.26489,-0.90535,0.60463,-1.16989,0.20000,0.07000,1.75145,-0.36040,0.0323,0.631,1.7583,-0.3785,0.0128,0.0116,0.26541,0.13751,0.00,-10.40,0.00,0.0000
11903,LOST_LONG,0.26489,-0.90535,0.60463,-1.16989,0.20000,0.07000,1.75145,-0.36040,0.0323,0.631,1.7583,-0.3785,0.0128,0.0116,0.26503,0.13707,0.00,-10.40,0.00,0.0000
11913,LOST_LONG,0.26489,-0.90535,0.60463,-1.16989,0.20000,0.07000,1.75145,-0.36040,0.0323,0.631,1.7583,-0.3785,0.0128,0.0116,0.26475,0.13644,0.00,-10.40,0.00,0.0000
11923,LOST_LONG,0.26489,-0.90535,0.60463,-1.16989,0.20000,0.07000,1.75145,-0.36040,0.0323,0.631,1.7583,-0.3785,0.0128,0.0116,0.26493,0.13716,0.00,-10.40,0.00,0.0000
11933,LOST_LONG,0.26489,-0.90535,0.60463,-1.16989,0.20000,0.07000,1.75145,-0.36040,0.0323,0.631,1.7583,-0.3785,0.0128,0.0116,0.26585,0.13900,0.00,-10.40,0.00,0.0000
11943,LOST_LONG,0.26489,-0.90535,0.60463,-1.16989,0.20000,0.07000,1.75145,-0.36040,0.0323,0.631,1.7583,-0.3785,0.0128,0.0116,0.26520,0.13693,0.00,-10.40,0.00,0.0000
11953,LOST_LONG,0.26489,-0.90535,0.60463,-1.16989,0.20000,0.07000,1.75145,-0.36040,0.0323,0.631,1.7583,-0.3785,0.0128,0.0116,0.26503,0.13717,0.00,-10.40,0.00,0.0000
11963,LOST_LONG,0.26489,-0.90535,0.60463,-1.16989,0.20000,0.07000,1.75145,-0.36040,0.0323,0.631,1.7583,-0.3785,0.0128,0.0116,0.26503,0.13702,0.00,-10.40,0.00,0.0000
11973,LOST_LONG,0.26489,-0.90535,0.60463,-1.16989,0.20000,0.07000,1.75145,-0.36040,0.0323,0.631,1.7583,-0.3785,0.0128,0.0116,0.26375,0.13397,0.00,-10.40,0.00,0.0000
11983,LOST_LONG,0.26489,-0.90535,0.60463,-1.16989,0.20000,0.07000,1.75145,-0.36040,0.0323,0.631,1.7583,-0.3785,0.0128,0.0116,0.26217,0.13285,0.00,-10.40,0.00,0.0000
11993,LOST_LONG,0.26489,-0.90535,0.60463,-1.16989,0.20000,0.07000,1.75145,-0.36040,0.0323,0.631,1.7583,-0.3785,0.0128,0.0116,0.26457,0.13804,0.00,-10.40,0.00,0.0000
12003,LOST_LONG,0.26489,-0.90535,0.60463,-1.16989,0.20000,0.07000,1.75145,-0.36040,0.0323,0.631,1.7583,-0.3785,0.0128,0.0116,0.26523,0.13745,0.00,-10.40,0.00,0.0000
12013,LOST_LONG,0.26489,-0.90535,0.60463,-1.16989,0.20000,0.07000,1.75145,-0.36040,0.0323,0.631,1.7583,-0.3785,0.0128,0.0116,0.26572,0.13834,0.00,-10.40,0.00,0.0000
12023,LOST_LONG,0.26489,-0.90535,0.60463,-1.16989,0.20000,0.07000,1.75145,-0.36040,0.0323,0.631,1.7583,-0.3785,0.0128,0.0116,0.26512,0.13669,0.00,-10.40,0.00,0.0000
12033,LOST_LONG,0.26489,-0.90535,0.60463,-1.16989,0.20000,0.07000,1.75145,-0.36040,0.0323,0.631,1.7583,-0.3785,0.0128,0.0116,0.26561,0.13881,0.00,-10.40,0.00,0.0000
12043,LOST_LONG,0.26489,-0.90535,0.60463,-1.16989,0.20000,0.07000,1.75145,-0.36040,0.0323,0.631,1.7583,-0.3785,0.0128,0.0116,0.26517,0.13708,0.00,-10.40,0.00,0.0000
12053,LOST_LONG,0.26489,-0.90535,0.60463,-1.16989,0.20000,0.07000,1.75145,-0.36040,0.0323,0.631,1.7583,-0.3785,0.0128,0.0116,0.26490,0.13763,0.00,-10.40,0.00,0.0000
12063,LOST_LONG,0.26489,-0.90535,0.60463,-1.16989,0.20000,0.07000,1.75145,-0.36040,0.0323,0.631,1.7583,-0.3785,0.0128,0.0116,0.26495,0.13662,0.00,-10.40,0.00,0.0000
12073,LOST_LONG,0.26489,-0.90535,0.60463,-1.16989,0.20000,0.07000,1.75145,-0.36040,0.0323,0.631,1.7583,-0.3785,0.0128,0.0116,0.26496,0.13722,0.00,-10.40,0.00,0.0000
12083,LOST_LONG,0.26489,-0.90535,0.60463,-1.16989,0.20000,0.07000,1.75145,-0.36040,0.0323,0.631,1.7583,-0.3785,0.0128,0.0116,0.26516,0.13676,0.00,-10.40,0.00,0.0000
12093,LOST_LONG,0.26489,-0.90535,0.60463,-1.16989,0.20000,0.07000,1.75145,-0.36040,0.0323,0.631,1.7583,-0.3785,0.0128,0.0116,0.26543,0.13861,0.00,-10.40,0.00,0.0000
12103,LOST_LONG,0.26489,-0.90535,0.60463,-1.16989,0.20000,0.07000,1.75145,-0.36040,0.0323,0.631,1.7583,-0.3785,0.0128,0.0116,0.26412,0.13484,0.00,-10.40,0.00,0.0000
12113,LOST_LONG,0.26489,-0.90535,0.60463,-1.16989,0.20000,0.07000,1.75145,-0.36040,0.0323,0.631,1.7583,-0.3785,0.0128,0.0116,0.26495,0.13888,0.00,-10.40,0.00,0.0000
12123,LOST_LONG,0.26489,-0.90535,0.60463,-1.16989,0.20000,0.07000,1.75145,-0.36040,0.0323,0.631,1.7583,-0.3785,0.0128,0.0116,0.26206,0.13116,0.00,-10.40,0.00,0.0000
12133,LOST_LONG,0.26489,-0.90535,0.60463,-1.16989,0.20000,0.07000,1.75145,-0.36040,0.0323,0.631,1.7583,-0.3785,0.0128,0.0116,0.26436,0.13698,0.00,-10.40,0.00,0.0000
12143,LOST_LONG,0.26489,-0.90535,0.60463,-1.16989,0.20000,0.07000,1.75145,-0.36040,0.0323,0.631,1.7583,-0.3785,0.0128,0.0116,0.26506,0.13713,0.00,-10.40,0.00,0.0000
12153,LOST_LONG,0.26489,-0.90535,0.60463,-1.16989,0.20000,0.07000,1.75145,-0.36040,0.0323,0.631,1.7583,-0.3785,0.0128,0.0116,0.26447,0.13608,0.00,-10.40,0.00,0.0000
12163,LOST_LONG,0.26489,-0.90535,0.60463,-1.16989,0.20000,0.07000,1.75145,-0.36040,0.0323,0.631,1.7583,-0.3785,0.0128,0.0116,0.26424,0.13610,0.00,-10.40,0.00,0.0000
12173,LOST_LONG,0.26489,-0.90535,0.60463,-1.16989,0.20000,0.07000,1.75145,-0.36040,0.0323,0.631,1.7583,-0.3785,0.0128,0.0116,0.26503,0.13726,0.00,-10.40,0.00,0.0000
12183,LOST_LONG,0.26489,-0.90535,0.60463,-1.16989,0.20000,0.07000,1.75145,-0.36040,0.0323,0.631,1.7583,-0.3785,0.0128,0.0116,0.26414,0.13579,0.00,-10.40,0.00,0.0000
12193,LOST_LONG,0.26489,-0.90535,0.60463,-1.16989,0.20000,0.07000,1.75145,-0.36040,0.0323,0.631,1.7583,-0.3785,0.0128,0.0116,0.26452,0.13761,0.00,-10.40,0.00,0.0000
12203,LOST_LONG,0.26489,-0.90535,0.60463,-1.16989,0.20000,0.07000,1.75145,-0.36040,0.0323,0.631,1.7583,-0.3785,0.0128,0.0116,0.26542,0.13790,0.00,-10.40,0.00,0.0000
12213,LOST_LONG,0.26489,-0.90535,0.60463,-1.16989,0.20000,0.07000,1.75145,-0.36040,0.0323,0.631,1.7583,-0.3785,0.0128,0.0116,0.26526,0.13676,0.00,-10.40,0.00,0.0000
12223,LOST_LONG,0.26489,-0.90535,0.60463,-1.16989,0.20000,0.07000,1.75145,-0.36040,0.0323,0.631,1.7583,-0.3785,0.0128,0.0116,0.26530,0.13728,0.00,-10.40,0.00,0.0000
12233,LOST_LONG,0.26489,-0.90535,0.60463,-1.16989,0.20000,0.07000,1.75145,-0.36040,0.0323,0.631,1.7583,-0.3785,0.0128,0.0116,0.26526,0.13860,0.00,-10.40,0.00,0.0000
12243,LOST_LONG,0.26489,-0.90535,0.60463,-1.16989,0.20000,0.07000,1.75145,-0.36040,0.0323,0.631,1.7583,-0.3785,0.0128,0.0116,0.26433,0.13603,0.00,-10.40,0.00,0.0000
12253,LOST_LONG,0.26489,-0.90535,0.60463,-1.16989,0.20000,0.07000,1.75145,-0.36040,0.0323,0.631,1.7583,-0.3785,0.0128,0.0116,0.26536,0.13766,0.00,-10.40,0.00,0.0000
12263,LOST_LONG,0.26489,-0.90535,0.60463,-1.16989,0.20000,0.07000,1.75145,-0.36040,0.0323,0.631,1.7583,-0.3785,0.0128,0.0116,0.26499,0.13738,0.00,-10.40,0.00,0.0000
12273,LOST_LONG,0.26489,-0.90535,0.60463,-1.16989,0.20000,0.07000,1.75145,-0.36040,0.0323,0.631,1.7583,-0.3785,0.0128,0.0116,0.26294,0.13275,0.00,-10.40,0.00,0.0000
12283,LOST_LONG,0.26489,-0.90535,0.60463,-1.16989,0.20000,0.07000,1.75145,-0.36040,0.0323,0.631,1.7583,-0.3785,0.0128,0.0116,0.26440,0.13666,0.00,-10.40,0.00,0.0000
12293,LOST_LONG,0.26489,-0.90535,0.60463,-1.16989,0.20000,0.07000,1.75145,-0.36040,0.0323,0.631,1.7583,-0.3785,0.0128,0.0116,0.26490,0.13671,0.00,-10.40,0.00,0.0000
12303,LOST_LONG,0.26489,-0.90535,0.60463,-1.16989,0.20000,0.07000,1.75145,-0.36040,0.0323,0.631,1.7583,-0.3785,0.0128,0.0116,0.26625,0.13980,0.00,-10.40,0.00,0.0000
12313,LOST_LONG,0.26489,-0.90535,0.60463,-1.16989,0.20000,0.07000,1.75145,-0.36040,0.0323,0.631,1.7583,-0.3785,0.0128,0.0116,0.26377,0.13848,0.00,-10.40,0.00,0.0000
12323,LOST_LONG,0.26489,-0.90535,0.60463,-1.16989,0.20000,0.07000,1.75145,-0.36040,0.0323,0.631,1.7583,-0.3785,0.0128,0.0116,0.26449,0.13741,0.00,-10.40,0.00,0.0000
12333,LOST_LONG,0.26489,-0.90535,0.60463,-1.16989,0.20000,0.07000,1.75145,-0.36040,0.0323,0.631,1.7583,-0.3785,0.0128,0.0116,0.26540,0.13796,0.00,-10.40,0.00,0.0000
12343,LOST_LONG,0.26489,-0.90535,0.60463,-1.16989,0.20000,0.07000,1.75145,-0.36040,0.0323,0.631,1.7583,-0.3785,0.0128,0.0116,0.26490,0.13660,0.00,-10.40,0.00,0.0000
12353,LOST_LONG,0.26489,-0.90535,0.60463,-1.16989,0.20000,0.07000,1.75145,-0.36040,0.0323,0.631,1.7583,-0.3785,0.0128,0.0116,0.26480,0.13747,0.00,-10.40,0.00,0.0000
12363,LOST_LONG,0.26489,-0.90535,0.60463,-1.16989,0.20000,0.07000,1.75145,-0.36040,0.0323,0.631,1.7583,-0.3785,0.0128,0.0116,0.26612,0.13915,0.00,-10.40,0.00,0.0000
12373,LOST_LONG,0.26489,-0.90535,0.60463,-1.16989,0.20000,0.07000,1.75145,-0.36040,0.0323,0.631,1.7583,-0.3785,0.0128,0.0116,0.26292,0.13253,0.00,-10.40,0.00,0.0000
12383,LOST_LONG,0.26489,-0.90535,0.60463,-1.16989,0.20000,0.07000,1.75145,-0.36040,0.0323,0.631,1.7583,-0.3785,0.0128,0.0116,0.26532,0.13769,0.00,-10.40,0.00,0.0000
12393,LOST_LONG,0.26489,-0.90535,0.60463,-1.16989,0.20000,0.07000,1.75145,-0.36040,0.0323,0.631,1.7583,-0.3785,0.0128,0.0116,0.26504,0.13679,0.00,-10.40,0.00,0.0000
12403,LOST_LONG,0.26489,-0.90535,0.60463,-1.16989,0.20000,0.07000,1.75145,-0.36040,0.0323,0.631,1.7583,-0.3785,0.0128,0.0116,0.26448,0.13624,0.00,-10.40,0.00,0.0000
12413,LOST_LONG,0.26489,-0.90535,0.60463,-1.16989,0.20000,0.07000,1.75145,-0.36040,0.0323,0.631,1.7583,-0.3785,0.0128,0.0116,0.26482,0.13708,0.00,-10.40,0.00,0.0000
12423,LOST_LONG,0.26489,-0.90535,0.60463,-1.16989,0.20000,0.07000,1.75145,-0.36040,0.0323,0.631,1.7583,-0.3785,0.0128,0.0116,0.26440,0.13598,0.00,-10.40,0.00,0.0000
12433,LOST_LONG,0.26489,-0.90535,0.60463,-1.16989,0.20000,0.07000,1.75145,-0.36040,0.0323,0.631,1.7583,-0.3785,0.0128,0.0116,0.26483,0.13704,0.00,-10.40,0.00,0.0000
12443,LOST_LONG,0.26489,-0.90535,0.60463,-1.16989,0.20000,0.07000,1.75145,-0.36040,0.0323,0.631,1.7583,-0.3785,0.0128,0.0116,0.26394,0.13580,0.00,-10.40,0.00,0.0000
12453,LOST_LONG,0.26489,-0.90535,0.60463,-1.16989,0.20000,0.07000,1.75145,-0.36040,0.0323,0.631,1.7583,-0.3785,0.0128,0.0116,0.26413,0.13773,0.00,-10.40,0.00,0.0000
12463,LOST_LONG,0.26489,-0.90535,0.60463,-1.16989,0.20000,0.07000,1.75145,-0.36040,0.0323,0.631,1.7583,-0.3785,0.0128,0.0116,0.26519,0.13790,0.00,-10.40,0.00,0.0000
12473,LOST_LONG,0.26489,-0.90535,0.60463,-1.16989,0.20000,0.07000,1.75145,-0.36040,0.0323,0.631,1.7583,-0.3785,0.0128,0.0116,0.26503,0.13683,0.00,-10.40,0.00,0.0000
12483,LOST_LONG,0.26489,-0.90535,0.60463,-1.16989,0.20000,0.07000,1.75145,-0.36040,0.0323,0.631,1.7583,-0.3785,0.0128,0.0116,0.26518,0.13721,0.00,-10.40,0.00,0.0000
12493,LOST_LONG,0.26489,-0.90535,0.60463,-1.16989,0.20000,0.07000,1.75145,-0.36040,0.0323,0.631,1.7583,-0.3785,0.0128,0.0116,0.26396,0.13476,0.00,-10.40,0.00,0.0000
12503,LOST_LONG,0.26489,-0.90535,0.60463,-1.16989,0.20000,0.07000,1.75145,-0.36040,0.0323,0.631,1.7583,-0.3785,0.0128,0.0116,0.26457,0.13655,0.00,-10.40,0.00,0.0000
12513,LOST_LONG,0.26489,-0.90535,0.60463,-1.16989,0.20000,0.07000,1.75145,-0.36040,0.0323,0.631,1.7583,-0.3785,0.0128,0.0116,0.26483,0.13710,0.00,-10.40,0.00,0.0000
12523,LOST_LONG,0.26489,-0.90535,0.60463,-1.16989,0.20000,0.07000,1.75145,-0.36040,0.0323,0.631,1.7583,-0.3785,0.0128,0.0116,0.26503,0.13668,0.00,-10.40,0.00,0.0000
12533,LOST_LONG,0.26489,-0.90535,0.60463,-1.16989,0.20000,0.07000,1.75145,-0.36040,0.0323,0.631,1.7583,-0.3785,0.0128,0.0116,0.26530,0.13710,0.00,-10.40,0.00,0.0000
12543,LOST_LONG,0.26489,-0.90535,0.60463,-1.16989,0.20000,0.07000,1.75145,-0.36040,0.0323,0.631,1.7583,-0.3785,0.0128,0.0116,0.26539,0.13762,0.00,-10.40,0.00,0.0000
12553,LOST_LONG,0.26489,-0.90535,0.60463,-1.16989,0.20000,0.07000,1.75145,-0.36040,0.0323,0.631,1.7583,-0.3785,0.0128,0.0116,0.26221,0.13197,0.00,-10.40,0.00,0.0000
12563,LOST_LONG,0.26489,-0.90535,0.60463,-1.16989,0.20000,0.07000,1.75145,-0.36040,0.0323,0.631,1.7583,-0.3785,0.0128,0.0116,0.26509,0.13957,0.00,-10.40,0.00,0.0000
12573,LOST_LONG,0.26489,-0.90535,0.60463,-1.16989,0.20000,0.07000,1.75145,-0.36040,0.0323,0.631,1.7583,-0.3785,0.0128,0.0116,0.26370,0.13445,0.00,-10.40,0.00,0.0000
12583,LOST_LONG,0.26489,-0.90535,0.60463,-1.16989,0.20000,0.07000,1.75145,-0.36040,0.0323,0.631,1.7583,-0.3785,0.0128,0.0116,0.26441,0.13637,0.00,-10.40,0.00,0.0000
12593,LOST_LONG,0.26489,-0.90535,0.60463,-1.16989,0.20000,0.07000,1.75145,-0.36040,0.0323,0.631,1.7583,-0.3785,0.0128,0.0116,0.26511,0.13848,0.00,-10.40,0.00,0.0000
12603,LOST_LONG,0.26489,-0.90535,0.60463,-1.16989,0.20000,0.07000,1.75145,-0.36040,0.0323,0.631,1.7583,-0.3785,0.0128,0.0116,0.26561,0.13826,0.00,-10.40,0.00,0.0000
12613,LOST_LONG,0.26489,-0.90535,0.60463,-1.16989,0.20000,0.07000,1.75145,-0.36040,0.0323,0.631,1.7583,-0.3785,0.0128,0.0116,0.26385,0.13486,0.00,-10.40,0.00,0.0000
12623,LOST_LONG,0.26489,-0.90535,0.60463,-1.16989,0.20000,0.07000,1.75145,-0.36040,0.0323,0.631,1.7583,-0.3785,0.0128,0.0116,0.26428,0.13793,0.00,-10.40,0.00,0.0000
12633,LOST_LONG,0.26489,-0.90535,0.60463,-1.16989,0.20000,0.07000,1.75145,-0.36040,0.0323,0.631,1.7583,-0.3785,0.0128,0.0116,0.26408,0.13757,0.00,-10.40,0.00,0.0000
12643,LOST_LONG,0.26489,-0.90535,0.60463,-1.16989,0.20000,0.07000,1.75145,-0.36040,0.0323,0.631,1.7583,-0.3785,0.0128,0.0116,0.26501,0.13796,0.00,-10.40,0.00,0.0000
12653,LOST_LONG,0.26489,-0.90535,0.60463,-1.16989,0.20000,0.07000,1.75145,-0.36040,0.0323,0.631,1.7583,-0.3785,0.0128,0.0116,0.26485,0.13709,0.00,-10.40,0.00,0.0000
12663,LOST_LONG,0.26489,-0.90535,0.60463,-1.16989,0.20000,0.07000,1.75145,-0.36040,0.0323,0.631,1.7583,-0.3785,0.0128,0.0116,0.26472,0.13735,0.00,-10.40,0.00,0.0000
12673,LOST_LONG,0.26489,-0.90535,0.60463,-1.16989,0.20000,0.07000,1.75145,-0.36040,0.0323,0.631,1.7583,-0.3785,0.0128,0.0116,0.26330,0.13361,0.00,-10.40,0.00,0.0000
12683,LOST_LONG,0.26489,-0.90535,0.60463,-1.16989,0.20000,0.07000,1.75145,-0.36040,0.0323,0.631,1.7583,-0.3785,0.0128,0.0116,0.26447,0.13728,0.00,-10.40,0.00,0.0000
12693,LOST_LONG,0.26489,-0.90535,0.60463,-1.16989,0.20000,0.07000,1.75145,-0.36040,0.0323,0.631,1.7583,-0.3785,0.0128,0.0116,0.26463,0.13674,0.00,-10.40,0.00,0.0000
12703,LOST_LONG,0.26489,-0.90535,0.60463,-1.16989,0.20000,0.07000,1.75145,-0.36040,0.0323,0.631,1.7583,-0.3785,0.0128,0.0116,0.26508,0.13787,0.00,-10.40,0.00,0.0000
12713,LOST_LONG,0.26489,-0.90535,0.60463,-1.16989,0.20000,0.07000,1.75145,-0.36040,0.0323,0.631,1.7583,-0.3785,0.0128,0.0116,0.26527,0.13788,0.00,-10.40,0.00,0.0000
12723,LOST_LONG,0.26489,-0.90535,0.60463,-1.16989,0.20000,0.07000,1.75145,-0.36040,0.0323,0.631,1.7583,-0.3785,0.0128,0.0116,0.26397,0.13406,0.00,-10.40,0.00,0.0000
12733,LOST_LONG,0.26489,-0.90535,0.60463,-1.16989,0.20000,0.07000,1.75145,-0.36040,0.0323,0.631,1.7583,-0.3785,0.0128,0.0116,0.26474,0.13658,0.00,-10.40,0.00,0.0000
12743,LOST_LONG,0.26489,-0.90535,0.60463,-1.16989,0.20000,0.07000,1.75145,-0.36040,0.0323,0.631,1.7583,-0.3785,0.0128,0.0116,0.26479,0.13712,0.00,-10.40,0.00,0.0000
12753,LOST_LONG,0.26489,-0.90535,0.60463,-1.16989,0.20000,0.07000,1.75145,-0.36040,0.0323,0.631,1.7583,-0.3785,0.0128,0.0116,0.26447,0.13633,0.00,-10.40,0.00,0.0000
12763,LOST_LONG,0.26489,-0.90535,0.60463,-1.16989,0.20000,0.07000,1.75145,-0.36040,0.0323,0.631,1.7583,-0.3785,0.0128,0.0116,0.26454,0.13695,0.00,-10.40,0.00,0.0000
12773,LOST_LONG,0.26489,-0.90535,0.60463,-1.16989,0.20000,0.07000,1.75145,-0.36040,0.0323,0.631,1.7583,-0.3785,0.0128,0.0116,0.26530,0.13711,0.00,-10.40,0.00,0.0000
12783,LOST_LONG,0.26489,-0.90535,0.60463,-1.16989,0.20000,0.07000,1.75145,-0.36040,0.0323,0.631,1.7583,-0.3785,0.0128,0.0116,0.26501,0.13709,0.00,-10.40,0.00,0.0000
12793,LOST_LONG,0.26489,-0.90535,0.60463,-1.16989,0.20000,0.07000,1.75145,-0.36040,0.0323,0.631,1.7583,-0.3785,0.0128,0.0116,0.26487,0.13613,0.00,-10.40,0.00,0.0000
12803,LOST_LONG,0.26489,-0.90535,0.60463,-1.16989,0.20000,0.07000,1.75145,-0.36040,0.0323,0.631,1.7583,-0.3785,0.0128,0.0116,0.26507,0.13695,0.00,-10.40,0.00,0.0000
12813,LOST_LONG,0.26489,-0.90535,0.60463,-1.16989,0.20000,0.07000,1.75145,-0.36040,0.0323,0.631,1.7583,-0.3785,0.0128,0.0116,0.26512,0.13892,0.00,-10.40,0.00,0.0000
12823,LOST_LONG,0.26489,-0.90535,0.60463,-1.16989,0.20000,0.07000,1.75145,-0.36040,0.0323,0.631,1.7583,-0.3785,0.0128,0.0116,0.26507,0.13721,0.00,-10.40,0.00,0.0000
12833,LOST_LONG,0.26489,-0.90535,0.60463,-1.16989,0.20000,0.07000,1.75145,-0.36040,0.0323,0.631,1.7583,-0.3785,0.0128,0.0116,0.26555,0.13822,0.00,-10.40,0.00,0.0000
12843,LOST_LONG,0.26489,-0.90535,0.60463,-1.16989,0.20000,0.07000,1.75145,-0.36040,0.0323,0.631,1.7583,-0.3785,0.0128,0.0116,0.26513,0.13705,0.00,-10.40,0.00,0.0000
12853,LOST_LONG,0.26489,-0.90535,0.60463,-1.16989,0.20000,0.07000,1.75145,-0.36040,0.0323,0.631,1.7583,-0.3785,0.0128,0.0116,0.26541,0.13822,0.00,-10.40,0.00,0.0000
12863,LOST_LONG,0.26489,-0.90535,0.60463,-1.16989,0.20000,0.07000,1.75145,-0.36040,0.0323,0.631,1.7583,-0.3785,0.0128,0.0116,0.26514,0.13703,0.00,-10.40,0.00,0.0000
12873,LOST_LONG,0.26489,-0.90535,0.60463,-1.16989,0.20000,0.07000,1.75145,-0.36040,0.0323,0.631,1.7583,-0.3785,0.0128,0.0116,0.26300,0.13230,0.00,-10.40,0.00,0.0000
12883,LOST_LONG,0.26489,-0.90535,0.60463,-1.16989,0.20000,0.07000,1.75145,-0.36040,0.0323,0.631,1.7583,-0.3785,0.0128,0.0116,0.26414,0.13644,0.00,-10.40,0.00,0.0000
12893,LOST_LONG,0.26489,-0.90535,0.60463,-1.16989,0.20000,0.07000,1.75145,-0.36040,0.0323,0.631,1.7583,-0.3785,0.0128,0.0116,0.26491,0.13780,0.00,-10.40,0.00,0.0000
12903,LOST_LONG,0.26489,-0.90535,0.60463,-1.16989,0.20000,0.07000,1.75145,-0.36040,0.0323,0.631,1.7583,-0.3785,0.0128,0.0116,0.26524,0.13788,0.00,-10.40,0.00,0.0000
12913,LOST_LONG,0.26489,-0.90535,0.60463,-1.16989,0.20000,0.07000,1.75145,-0.36040,0.0323,0.631,1.7583,-0.3785,0.0128,0.0116,0.26520,0.13760,0.00,-10.40,0.00,0.0000
12923,LOST_LONG,0.26489,-0.90535,0.60463,-1.16989,0.20000,0.07000,1.75145,-0.36040,0.0323,0.631,1.7583,-0.3785,0.0128,0.0116,0.26433,0.13767,0.00,-10.40,0.00,0.0000
12933,LOST_LONG,0.26489,-0.90535,0.60463,-1.16989,0.20000,0.07000,1.75145,-0.36040,0.0323,0.631,1.7583,-0.3785,0.0128,0.0116,0.26483,0.13698,0.00,-10.40,0.00,0.0000
12943,LOST_LONG,0.26489,-0.90535,0.60463,-1.16989,0.20000,0.07000,1.75145,-0.36040,0.0323,0.631,1.7583,-0.3785,0.0128,0.0116,0.26465,0.13596,0.00,-10.40,0.00,0.0000
12953,LOST_LONG,0.26489,-0.90535,0.60463,-1.16989,0.20000,0.07000,1.75145,-0.36040,0.0323,0.631,1.7583,-0.3785,0.0128,0.0116,0.26555,0.13795,0.00,-10.40,0.00,0.0000
12963,LOST_LONG,0.26489,-0.90535,0.60463,-1.16989,0.20000,0.07000,1.75145,-0.36040,0.0323,0.631,1.7583,-0.3785,0.0128,0.0116,0.26560,0.13831,0.00,-10.40,0.00,0.0000
12973,LOST_LONG,0.26489,-0.90535,0.60463,-1.16989,0.20000,0.07000,1.75145,-0.36040,0.0323,0.631,1.7583,-0.3785,0.0128,0.0116,0.26542,0.13798,0.00,-10.40,0.00,0.0000
12983,LOST_LONG,0.26489,-0.90535,0.60463,-1.16989,0.20000,0.07000,1.75145,-0.36040,0.0323,0.631,1.7583,-0.3785,0.0128,0.0116,0.26515,0.13717,0.00,-10.40,0.00,0.0000
12993,LOST_LONG,0.26489,-0.90535,0.60463,-1.16989,0.20000,0.07000,1.75145,-0.36040,0.0323,0.631,1.7583,-0.3785,0.0128,0.0116,0.26580,0.13854,0.00,-10.40,0.00,0.0000
13003,LOST_LONG,0.26489,-0.90535,0.60463,-1.16989,0.20000,0.07000,1.75145,-0.36040,0.0323,0.631,1.7583,-0.3785,0.0128,0.0116,0.26070,0.12744,0.00,-10.40,0.00,0.0000
13013,LOST_LONG,0.26489,-0.90535,0.60463,-1.16989,0.20000,0.07000,1.75145,-0.36040,0.0323,0.631,1.7583,-0.3785,0.0128,0.0116,0.26360,0.13641,0.00,-10.40,0.00,0.0000
13023,LOST_LONG,0.26489,-0.90535,0.60463,-1.16989,0.20000,0.07000,1.75145,-0.36040,0.0323,0.631,1.7583,-0.3785,0.0128,0.0116,0.26275,0.13337,0.00,-10.40,0.00,0.0000
13033,LOST_LONG,0.26489,-0.90535,0.60463,-1.16989,0.20000,0.07000,1.75145,-0.36040,0.0323,0.631,1.7583,-0.3785,0.0128,0.0116,0.26482,0.13671,0.00,-10.40,0.00,0.0000
13043,LOST_LONG,0.26489,-0.90535,0.60463,-1.16989,0.20000,0.07000,1.75145,-0.36040,0.0323,0.631,1.7583,-0.3785,0.0128,0.0116,0.26478,0.13689,0.00,-10.40,0.00,0.0000
13053,LOST_LONG,0.26489,-0.90535,0.60463,-1.16989,0.20000,0.07000,1.75145,-0.36040,0.0323,0.631,1.7583,-0.3785,0.0128,0.0116,0.26581,0.13836,0.00,-10.40,0.00,0.0000
13063,LOST_LONG,0.26489,-0.90535,0.60463,-1.16989,0.20000,0.07000,1.75145,-0.36040,0.0323,0.631,1.7583,-0.3785,0.0128,0.0116,0.26551,0.13728,0.00,-10.40,0.00,0.0000
13073,LOST_LONG,0.26489,-0.90535,0.60463,-1.16989,0.20000,0.07000,1.75145,-0.36040,0.0323,0.631,1.7583,-0.3785,0.0128,0.0116,0.26549,0.13741,0.00,-10.40,0.00,0.0000
13083,LOST_LONG,0.26489,-0.90535,0.60463,-1.16989,0.20000,0.07000,1.75145,-0.36040,0.0323,0.631,1.7583,-0.3785,0.0128,0.0116,0.26495,0.13682,0.00,-10.40,0.00,0.0000
13093,LOST_LONG,0.26489,-0.90535,0.60463,-1.16989,0.20000,0.07000,1.75145,-0.36040,0.0323,0.631,1.7583,-0.3785,0.0128,0.0116,0.26536,0.13730,0.00,-10.40,0.00,0.0000
13103,LOST_LONG,0.26489,-0.90535,0.60463,-1.16989,0.20000,0.07000,1.75145,-0.36040,0.0323,0.631,1.7583,-0.3785,0.0128,0.0116,0.26527,0.13780,0.00,-10.40,0.00,0.0000
13113,LOST_LONG,0.26489,-0.90535,0.60463,-1.16989,0.20000,0.07000,1.75145,-0.36040,0.0323,0.631,1.7583,-0.3785,0.0128,0.0116,0.26513,0.13745,0.00,-10.40,0.00,0.0000
13123,LOST_LONG,0.26489,-0.90535,0.60463,-1.16989,0.20000,0.07000,1.75145,-0.36040,0.0323,0.631,1.7583,-0.3785,0.0128,0.0116,0.26423,0.13608,0.00,-10.40,0.00,0.0000
13133,LOST_LONG,0.26489,-0.90535,0.60463,-1.16989,0.20000,0.07000,1.75145,-0.36040,0.0323,0.631,1.7583,-0.3785,0.0128,0.0116,0.26446,0.13803,0.00,-10.40,0.00,0.0000
13143,LOST_LONG,0.26489,-0.90535,0.60463,-1.16989,0.20000,0.07000,1.75145,-0.36040,0.0323,0.631,1.7583,-0.3785,0.0128,0.0116,0.26464,0.13678,0.00,-10.40,0.00,0.0000
13153,LOST_LONG,0.26489,-0.90535,0.60463,-1.16989,0.20000,0.07000,1.75145,-0.36040,0.0323,0.631,1.7583,-0.3785,0.0128,0.0116,0.26487,0.13726,0.00,-10.40,0.00,0.0000
13163,LOST_LONG,0.26489,-0.90535,0.60463,-1.16989,0.20000,0.07000,1.75145,-0.36040,0.0323,0.631,1.7583,-0.3785,0.0128,0.0116,0.26512,0.13717,0.00,-10.40,0.00,0.0000
13173,LOST_LONG,0.26489,-0.90535,0.60463,-1.16989,0.20000,0.07000,1.75145,-0.36040,0.0323,0.631,1.7583,-0.3785,0.0128,0.0116,0.26424,0.13503,0.00,-10.40,0.00,0.0000
13183,LOST_LONG,0.26489,-0.90535,0.60463,-1.16989,0.20000,0.07000,1.75145,-0.36040,0.0323,0.631,1.7583,-0.3785,0.0128,0.0116,0.26356,0.13463,0.00,-10.40,0.00,0.0000
13193,LOST_LONG,0.26489,-0.90535,0.60463,-1.16989,0.20000,0.07000,1.75145,-0.36040,0.0323,0.631,1.7583,-0.3785,0.0128,0.0116,0.26472,0.13974,0.00,-10.40,0.00,0.0000
13203,LOST_LONG,0.26489,-0.90535,0.60463,-1.16989,0.20000,0.07000,1.75145,-0.36040,0.0323,0.631,1.7583,-0.3785,0.0128,0.0116,0.26543,0.13781,0.00,-10.40,0.00,0.0000
13213,LOST_LONG,0.26489,-0.90535,0.60463,-1.16989,0.20000,0.07000,1.75145,-0.36040,0.0323,0.631,1.7583,-0.3785,0.0128,0.0116,0.26531,0.13738,0.00,-10.40,0.00,0.0000
13223,LOST_LONG,0.26489,-0.90535,0.60463,-1.16989,0.20000,0.07000,1.75145,-0.36040,0.0323,0.631,1.7583,-0.3785,0.0128,0.0116,0.26533,0.13812,0.00,-10.40,0.00,0.0000
13233,LOST_LONG,0.26489,-0.90535,0.60463,-1.16989,0.20000,0.07000,1.75145,-0.36040,0.0323,0.631,1.7583,-0.3785,0.0128,0.0116,0.26483,0.13745,0.00,-10.40,0.00,0.0000
13243,LOST_LONG,0.26489,-0.90535,0.60463,-1.16989,0.20000,0.07000,1.75145,-0.36040,0.0323,0.631,1.7583,-0.3785,0.0128,0.0116,0.26484,0.13716,0.00,-10.40,0.00,0.0000
13253,LOST_LONG,0.26489,-0.90535,0.60463,-1.16989,0.20000,0.07000,1.75145,-0.36040,0.0323,0.631,1.7583,-0.3785,0.0128,0.0116,0.26440,0.13763,0.00,-10.40,0.00,0.0000
13263,LOST_LONG,0.26489,-0.90535,0.60463,-1.16989,0.20000,0.07000,1.75145,-0.36040,0.0323,0.631,1.7583,-0.3785,0.0128,0.0116,0.26396,0.13622,0.00,-10.40,0.00,0.0000
13273,LOST_LONG,0.26489,-0.90535,0.60463,-1.16989,0.20000,0.07000,1.75145,-0.36040,0.0323,0.631,1.7583,-0.3785,0.0128,0.0116,0.26471,0.13658,0.00,-10.40,0.00,0.0000
13283,LOST_LONG,0.26489,-0.90535,0.60463,-1.16989,0.20000,0.07000,1.75145,-0.36040,0.0323,0.631,1.7583,-0.3785,0.0128,0.0116,0.26529,0.13769,0.00,-10.40,0.00,0.0000
13293,LOST_LONG,0.26489,-0.90535,0.60463,-1.16989,0.20000,0.07000,1.75145,-0.36040,0.0323,0.631,1.7583,-0.3785,0.0128,0.0116,0.26549,0.13748,0.00,-10.40,0.00,0.0000
13303,LOST_LONG,0.26489,-0.90535,0.60463,-1.16989,0.20000,0.07000,1.75145,-0.36040,0.0323,0.631,1.7583,-0.3785,0.0128,0.0116,0.26454,0.13623,0.00,-10.40,0.00,0.0000
13313,LOST_LONG,0.26489,-0.90535,0.60463,-1.16989,0.20000,0.07000,1.75145,-0.36040,0.0323,0.631,1.7583,-0.3785,0.0128,0.0116,0.26512,0.13814,0.00,-10.40,0.00,0.0000
13323,LOST_LONG,0.26489,-0.90535,0.60463,-1.16989,0.20000,0.07000,1.75145,-0.36040,0.0323,0.631,1.7583,-0.3785,0.0128,0.0116,0.26411,0.13550,0.00,-10.40,0.00,0.0000
13333,LOST_LONG,0.26489,-0.90535,0.60463,-1.16989,0.20000,0.07000,1.75145,-0.36040,0.0323,0.631,1.7583,-0.3785,0.0128,0.0116,0.26413,0.13620,0.00,-10.40,0.00,0.0000
13343,LOST_LONG,0.26489,-0.90535,0.60463,-1.16989,0.20000,0.07000,1.75145,-0.36040,0.0323,0.631,1.7583,-0.3785,0.0128,0.0116,0.26492,0.13706,0.00,-10.40,0.00,0.0000
13353,LOST_LONG,0.26489,-0.90535,0.60463,-1.16989,0.20000,0.07000,1.75145,-0.36040,0.0323,0.631,1.7583,-0.3785,0.0128,0.0116,0.26534,0.13776,0.00,-10.40,0.00,0.0000
13363,LOST_LONG,0.26489,-0.90535,0.60463,-1.16989,0.20000,0.07000,1.75145,-0.36040,0.0323,0.631,1.7583,-0.3785,0.0128,0.0116,0.26508,0.13715,0.00,-10.40,0.00,0.0000
13373,LOST_LONG,0.26489,-0.90535,0.60463,-1.16989,0.20000,0.07000,1.75145,-0.36040,0.0323,0.631,1.7583,-0.3785,0.0128,0.0116,0.26516,0.13723,0.00,-10.40,0.00,0.0000
13383,LOST_LONG,0.26489,-0.90535,0.60463,-1.16989,0.20000,0.07000,1.75145,-0.36040,0.0323,0.631,1.7583,-0.3785,0.0128,0.0116,0.26473,0.13729,0.00,-10.40,0.00,0.0000
13393,LOST_LONG,0.26489,-0.90535,0.60463,-1.16989,0.20000,0.07000,1.75145,-0.36040,0.0323,0.631,1.7583,-0.3785,0.0128,0.0116,0.26504,0.13812,0.00,-10.40,0.00,0.0000
13403,LOST_LONG,0.26489,-0.90535,0.60463,-1.16989,0.20000,0.07000,1.75145,-0.36040,0.0323,0.631,1.7583,-0.3785,0.0128,0.0116,0.26463,0.13715,0.00,-10.40,0.00,0.0000
13413,LOST_LONG,0.26489,-0.90535,0.60463,-1.16989,0.20000,0.07000,1.75145,-0.36040,0.0323,0.631,1.7583,-0.3785,0.0128,0.0116,0.26503,0.13713,0.00,-10.40,0.00,0.0000
13423,LOST_LONG,0.26489,-0.90535,0.60463,-1.16989,0.20000,0.07000,1.75145,-0.36040,0.0323,0.631,1.7583,-0.3785,0.0128,0.0116,0.26534,0.13821,0.00,-10.40,0.00,0.0000
13433,LOST_LONG,0.26489,-0.90535,0.60463,-1.16989,0.20000,0.07000,1.75145,-0.36040,0.0323,0.631,1.7583,-0.3785,0.0128,0.0116,0.26512,0.13784,0.00,-10.40,0.00,0.0000
13443,LOST_LONG,0.26489,-0.90535,0.60463,-1.16989,0.20000,0.07000,1.75145,-0.36040,0.0323,0.631,1.7583,-0.3785,0.0128,0.0116,0.26507,0.13829,0.00,-10.40,0.00,0.0000
13453,LOST_LONG,0.26489,-0.90535,0.60463,-1.16989,0.20000,0.07000,1.75145,-0.36040,0.0323,0.631,1.7583,-0.3785,0.0128,0.0116,0.26501,0.13725,0.00,-10.40,0.00,0.0000
13463,LOST_LONG,0.26489,-0.90535,0.60463,-1.16989,0.20000,0.07000,1.75145,-0.36040,0.0323,0.631,1.7583,-0.3785,0.0128,0.0116,0.26550,0.13742,0.00,-10.40,0.00,0.0000
13473,LOST_LONG,0.26489,-0.90535,0.60463,-1.16989,0.20000,0.07000,1.75145,-0.36040,0.0323,0.631,1.7583,-0.3785,0.0128,0.0116,0.26234,0.13066,0.00,-10.40,0.00,0.0000
13483,LOST_LONG,0.26489,-0.90535,0.60463,-1.16989,0.20000,0.07000,1.75145,-0.36040,0.0323,0.631,1.7583,-0.3785,0.0128,0.0116,0.26407,0.13677,0.00,-10.40,0.00,0.0000
13493,LOST_LONG,0.26489,-0.90535,0.60463,-1.16989,0.20000,0.07000,1.75145,-0.36040,0.0323,0.631,1.7583,-0.3785,0.0128,0.0116,0.26500,0.13754,0.00,-10.40,0.00,0.0000
13503,LOST_LONG,0.26489,-0.90535,0.60463,-1.16989,0.20000,0.07000,1.75145,-0.36040,0.0323,0.631,1.7583,-0.3785,0.0128,0.0116,0.26523,0.13747,0.00,-10.40,0.00,0.0000
13513,LOST_LONG,0.26489,-0.90535,0.60463,-1.16989,0.20000,0.07000,1.75145,-0.36040,0.0323,0.631,1.7583,-0.3785,0.0128,0.0116,0.26541,0.13695,0.00,-10.40,0.00,0.0000
13523,LOST_LONG,0.26489,-0.90535,0.60463,-1.16989,0.20000,0.07000,1.75145,-0.36040,0.0323,0.631,1.7583,-0.3785,0.0128,0.0116,0.26530,0.13825,0.00,-10.40,0.00,0.0000
13533,LOST_LONG,0.26489,-0.90535,0.60463,-1.16989,0.20000,0.07000,1.75145,-0.36040,0.0323,0.631,1.7583,-0.3785,0.0128,0.0116,0.26512,0.13677,0.00,-10.40,0.00,0.0000
13543,LOST_LONG,0.26489,-0.90535,0.60463,-1.16989,0.20000,0.07000,1.75145,-0.36040,0.0323,0.631,1.7583,-0.3785,0.0128,0.0116,0.26541,0.13802,0.00,-10.40,0.00,0.0000
13553,LOST_LONG,0.26489,-0.90535,0.60463,-1.16989,0.20000,0.07000,1.75145,-0.36040,0.0323,0.631,1.7583,-0.3785,0.0128,0.0116,0.26552,0.13815,0.00,-10.40,0.00,0.0000
13563,LOST_LONG,0.26489,-0.90535,0.60463,-1.16989,0.20000,0.07000,1.75145,-0.36040,0.0323,0.631,1.7583,-0.3785,0.0128,0.0116,0.26496,0.13715,0.00,-10.40,0.00,0.0000
13573,LOST_LONG,0.26489,-0.90535,0.60463,-1.16989,0.20000,0.07000,1.75145,-0.36040,0.0323,0.631,1.7583,-0.3785,0.0128,0.0116,0.26384,0.13480,0.00,-10.40,0.00,0.0000
13583,LOST_LONG,0.26489,-0.90535,0.60463,-1.16989,0.20000,0.07000,1.75145,-0.36040,0.0323,0.631,1.7583,-0.3785,0.0128,0.0116,0.26493,0.13765,0.00,-10.40,0.00,0.0000
13593,LOST_LONG,0.26489,-0.90535,0.60463,-1.16989,0.20000,0.07000,1.75145,-0.36040,0.0323,0.631,1.7583,-0.3785,0.0128,0.0116,0.26525,0.13825,0.00,-10.40,0.00,0.0000
13603,LOST_LONG,0.26489,-0.90535,0.60463,-1.16989,0.20000,0.07000,1.75145,-0.36040,0.0323,0.631,1.7583,-0.3785,0.0128,0.0116,0.26517,0.13692,0.00,-10.40,0.00,0.0000
13613,LOST_LONG,0.26489,-0.90535,0.60463,-1.16989,0.20000,0.07000,1.75145,-0.36040,0.0323,0.631,1.7583,-0.3785,0.0128,0.0116,0.26545,0.13749,0.00,-10.40,0.00,0.0000
13623,LOST_LONG,0.26489,-0.90535,0.60463,-1.16989,0.20000,0.07000,1.75145,-0.36040,0.0323,0.631,1.7583,-0.3785,0.0128,0.0116,0.26218,0.13044,0.00,-10.40,0.00,0.0000
13633,LOST_LONG,0.26489,-0.90535,0.60463,-1.16989,0.20000,0.07000,1.75145,-0.36040,0.0323,0.631,1.7583,-0.3785,0.0128,0.0116,0.26418,0.13633,0.00,-10.40,0.00,0.0000
13643,LOST_LONG,0.26489,-0.90535,0.60463,-1.16989,0.20000,0.07000,1.75145,-0.36040,0.0323,0.631,1.7583,-0.3785,0.0128,0.0116,0.26532,0.13895,0.00,-10.40,0.00,0.0000
13653,LOST_LONG,0.26489,-0.90535,0.60463,-1.16989,0.20000,0.07000,1.75145,-0.36040,0.0323,0.631,1.7583,-0.3785,0.0128,0.0116,0.26476,0.13671,0.00,-10.40,0.00,0.0000
13663,LOST_LONG,0.26489,-0.90535,0.60463,-1.16989,0.20000,0.07000,1.75145,-0.36040,0.0323,0.631,1.7583,-0.3785,0.0128,0.0116,0.26480,0.13690,0.00,-10.40,0.00,0.0000
13673,LOST_LONG,0.26489,-0.90535,0.60463,-1.16989,0.20000,0.07000,1.75145,-0.36040,0.0323,0.631,1.7583,-0.3785,0.0128,0.0116,0.26528,0.13806,0.00,-10.40,0.00,0.0000
13683,LOST_LONG,0.26489,-0.90535,0.60463,-1.16989,0.20000,0.07000,1.75145,-0.36040,0.0323,0.631,1.7583,-0.3785,0.0128,0.0116,0.26525,0.13738,0.00,-10.40,0.00,0.0000
13693,LOST_LONG,0.26489,-0.90535,0.60463,-1.16989,0.20000,0.07000,1.75145,-0.36040,0.0323,0.631,1.7583,-0.3785,0.0128,0.0116,0.26443,0.13607,0.00,-10.40,0.00,0.0000
13703,LOST_LONG,0.26489,-0.90535,0.60463,-1.16989,0.20000,0.07000,1.75145,-0.36040,0.0323,0.631,1.7583,-0.3785,0.0128,0.0116,0.26556,0.13814,0.00,-10.40,0.00,0.0000
13713,LOST_LONG,0.26489,-0.90535,0.60463,-1.16989,0.20000,0.07000,1.75145,-0.36040,0.0323,0.631,1.7583,-0.3785,0.0128,0.0116,0.26465,0.13678,0.00,-10.40,0.00,0.0000
13723,LOST_LONG,0.26489,-0.90535,0.60463,-1.16989,0.20000,0.07000,1.75145,-0.36040,0.0323,0.631,1.7583,-0.3785,0.0128,0.0116,0.26463,0.13738,0.00,-10.40,0.00,0.0000
13733,LOST_LONG,0.26489,-0.90535,0.60463,-1.16989,0.20000,0.07000,1.75145,-0.36040,0.0323,0.631,1.7583,-0.3785,0.0128,0.0116,0.26539,0.13827,0.00,-10.40,0.00,0.0000
13743,LOST_LONG,0.26489,-0.90535,0.60463,-1.16989,0.20000,0.07000,1.75145,-0.36040,0.0323,0.631,1.7583,-0.3785,0.0128,0.0116,0.26556,0.13848,0.00,-10.40,0.00,0.0000
13753,LOST_LONG,0.26489,-0.90535,0.60463,-1.16989,0.20000,0.07000,1.75145,-0.36040,0.0323,0.631,1.7583,-0.3785,0.0128,0.0116,0.26533,0.13689,0.00,-10.40,0.00,0.0000
13763,LOST_LONG,0.26489,-0.90535,0.60463,-1.16989,0.20000,0.07000,1.75145,-0.36040,0.0323,0.631,1.7583,-0.3785,0.0128,0.0116,0.26498,0.13730,0.00,-10.40,0.00,0.0000
13773,LOST_LONG,0.26489,-0.90535,0.60463,-1.16989,0.20000,0.07000,1.75145,-0.36040,0.0323,0.631,1.7583,-0.3785,0.0128,0.0116,0.26159,0.13114,0.00,-10.40,0.00,0.0000
13783,LOST_LONG,0.26489,-0.90535,0.60463,-1.16989,0.20000,0.07000,1.75145,-0.36040,0.0323,0.631,1.7583,-0.3785,0.0128,0.0116,0.26482,0.13743,0.00,-10.40,0.00,0.0000
13793,LOST_LONG,0.26489,-0.90535,0.60463,-1.16989,0.20000,0.07000,1.75145,-0.36040,0.0323,0.631,1.7583,-0.3785,0.0128,0.0116,0.26494,0.13728,0.00,-10.40,0.00,0.0000
13803,LOST_LONG,0.26489,-0.90535,0.60463,-1.16989,0.20000,0.07000,1.75145,-0.36040,0.0323,0.631,1.7583,-0.3785,0.0128,0.0116,0.26519,0.13851,0.00,-10.40,0.00,0.0000
13813,LOST_LONG,0.26489,-0.90535,0.60463,-1.16989,0.20000,0.07000,1.75145,-0.36040,0.0323,0.631,1.7583,-0.3785,0.0128,0.0116,0.26550,0.13813,0.00,-10.40,0.00,0.0000
13823,LOST_LONG,0.26489,-0.90535,0.60463,-1.16989,0.20000,0.07000,1.75145,-0.36040,0.0323,0.631,1.7583,-0.3785,0.0128,0.0116,0.26473,0.13767,0.00,-10.40,0.00,0.0000
13833,LOST_LONG,0.26489,-0.90535,0.60463,-1.16989,0.20000,0.07000,1.75145,-0.36040,0.0323,0.631,1.7583,-0.3785,0.0128,0.0116,0.26390,0.13480,0.00,-10.40,0.00,0.0000
13843,LOST_LONG,0.26489,-0.90535,0.60463,-1.16989,0.20000,0.07000,1.75145,-0.36040,0.0323,0.631,1.7583,-0.3785,0.0128,0.0116,0.26501,0.13718,0.00,-10.40,0.00,0.0000
13853,LOST_LONG,0.26489,-0.90535,0.60463,-1.16989,0.20000,0.07000,1.75145,-0.36040,0.0323,0.631,1.7583,-0.3785,0.0128,0.0116,0.26555,0.13804,0.00,-10.40,0.00,0.0000
13863,LOST_LONG,0.26489,-0.90535,0.60463,-1.16989,0.20000,0.07000,1.75145,-0.36040,0.0323,0.631,1.7583,-0.3785,0.0128,0.0116,0.26533,0.13691,0.00,-10.40,0.00,0.0000
13873,LOST_LONG,0.26489,-0.90535,0.60463,-1.16989,0.20000,0.07000,1.75145,-0.36040,0.0323,0.631,1.7583,-0.3785,0.0128,0.0116,0.26517,0.13660,0.00,-10.40,0.00,0.0000
13883,LOST_LONG,0.26489,-0.90535,0.60463,-1.16989,0.20000,0.07000,1.75145,-0.36040,0.0323,0.631,1.7583,-0.3785,0.0128,0.0116,0.26518,0.13691,0.00,-10.40,0.00,0.0000
13893,LOST_LONG,0.26489,-0.90535,0.60463,-1.16989,0.20000,0.07000,1.75145,-0.36040,0.0323,0.631,1.7583,-0.3785,0.0128,0.0116,0.26509,0.13700,0.00,-10.40,0.00,0.0000
13903,LOST_LONG,0.26489,-0.90535,0.60463,-1.16989,0.20000,0.07000,1.75145,-0.36040,0.0323,0.631,1.7583,-0.3785,0.0128,0.0116,0.26506,0.13698,0.00,-10.40,0.00,0.0000
13913,LOST_LONG,0.26489,-0.90535,0.60463,-1.16989,0.20000,0.07000,1.75145,-0.36040,0.0323,0.631,1.7583,-0.3785,0.0128,0.0116,0.26527,0.13754,0.00,-10.40,0.00,0.0000
13923,LOST_LONG,0.26489,-0.90535,0.60463,-1.16989,0.20000,0.07000,1.75145,-0.36040,0.0323,0.631,1.7583,-0.3785,0.0128,0.0116,0.26340,0.13338,0.00,-10.40,0.00,0.0000
13933,LOST_LONG,0.26489,-0.90535,0.60463,-1.16989,0.20000,0.07000,1.75145,-0.36040,0.0323,0.631,1.7583,-0.3785,0.0128,0.0116,0.26503,0.13727,0.00,-10.40,0.00,0.0000
13943,LOST_LONG,0.26489,-0.90535,0.60463,-1.16989,0.20000,0.07000,1.75145,-0.36040,0.0323,0.631,1.7583,-0.3785,0.0128,0.0116,0.26536,0.13740,0.00,-10.40,0.00,0.0000
13953,LOST_LONG,0.26489,-0.90535,0.60463,-1.16989,0.20000,0.07000,1.75145,-0.36040,0.0323,0.631,1.7583,-0.3785,0.0128,0.0116,0.26516,0.13824,0.00,-10.40,0.00,0.0000
13963,LOST_LONG,0.26489,-0.90535,0.60463,-1.16989,0.20000,0.07000,1.75145,-0.36040,0.0323,0.631,1.7583,-0.3785,0.0128,0.0116,0.26466,0.13707,0.00,-10.40,0.00,0.0000
13973,LOST_LONG,0.26489,-0.90535,0.60463,-1.16989,0.20000,0.07000,1.75145,-0.36040,0.0323,0.631,1.7583,-0.3785,0.0128,0.0116,0.26507,0.13741,0.00,-10.40,0.00,0.0000
13983,LOST_LONG,0.26489,-0.90535,0.60463,-1.16989,0.20000,0.07000,1.75145,-0.36040,0.0323,0.631,1.7583,-0.3785,0.0128,0.0116,0.26546,0.13768,0.00,-10.40,0.00,0.0000
13993,LOST_LONG,0.26489,-0.90535,0.60463,-1.16989,0.20000,0.07000,1.75145,-0.36040,0.0323,0.631,1.7583,-0.3785,0.0128,0.0116,0.26545,0.13829,0.00,-10.40,0.00,0.0000
14003,LOST_LONG,0.26489,-0.90535,0.60463,-1.16989,0.20000,0.07000,1.75145,-0.36040,0.0323,0.631,1.7583,-0.3785,0.0128,0.0116,0.26459,0.13791,0.00,-10.40,0.00,0.0000
14013,LOST_LONG,0.26489,-0.90535,0.60463,-1.16989,0.20000,0.07000,1.75145,-0.36040,0.0323,0.631,1.7583,-0.3785,0.0128,0.0116,0.26550,0.13814,0.00,-10.40,0.00,0.0000
14023,LOST_LONG,0.26489,-0.90535,0.60463,-1.16989,0.20000,0.07000,1.75145,-0.36040,0.0323,0.631,1.7583,-0.3785,0.0128,0.0116,0.26342,0.13482,0.00,-10.40,0.00,0.0000
14033,LOST_LONG,0.26489,-0.90535,0.60463,-1.16989,0.20000,0.07000,1.75145,-0.36040,0.0323,0.631,1.7583,-0.3785,0.0128,0.0116,0.26487,0.13707,0.00,-10.40,0.00,0.0000
14043,LOST_LONG,0.26489,-0.90535,0.60463,-1.16989,0.20000,0.07000,1.75145,-0.36040,0.0323,0.631,1.7583,-0.3785,0.0128,0.0116,0.26532,0.13750,0.00,-10.40,0.00,0.0000
14053,LOST_LONG,0.26489,-0.90535,0.60463,-1.16989,0.20000,0.07000,1.75145,-0.36040,0.0323,0.631,1.7583,-0.3785,0.0128,0.0116,0.26514,0.13733,0.00,-10.40,0.00,0.0000
14063,LOST_LONG,0.26489,-0.90535,0.60463,-1.16989,0.20000,0.07000,1.75145,-0.36040,0.0323,0.631,1.7583,-0.3785,0.0128,0.0116,0.26513,0.13710,0.00,-10.40,0.00,0.0000
14073,LOST_LONG,0.26489,-0.90535,0.60463,-1.16989,0.20000,0.07000,1.75145,-0.36040,0.0323,0.631,1.7583,-0.3785,0.0128,0.0116,0.26507,0.13720,0.00,-10.40,0.00,0.0000
14083,LOST_LONG,0.26489,-0.90535,0.60463,-1.16989,0.20000,0.07000,1.75145,-0.36040,0.0323,0.631,1.7583,-0.3785,0.0128,0.0116,0.26498,0.13614,0.00,-10.40,0.00,0.0000
14093,LOST_LONG,0.26489,-0.90535,0.60463,-1.16989,0.20000,0.07000,1.75145,-0.36040,0.0323,0.631,1.7583,-0.3785,0.0128,0.0116,0.26504,0.13722,0.00,-10.40,0.00,0.0000
14103,LOST_LONG,0.26489,-0.90535,0.60463,-1.16989,0.20000,0.07000,1.75145,-0.36040,0.0323,0.631,1.7583,-0.3785,0.0128,0.0116,0.26538,0.13825,0.00,-10.40,0.00,0.0000
14113,LOST_LONG,0.26489,-0.90535,0.60463,-1.16989,0.20000,0.07000,1.75145,-0.36040,0.0323,0.631,1.7583,-0.3785,0.0128,0.0116,0.26499,0.13742,0.00,-10.40,0.00,0.0000
14123,LOST_LONG,0.26489,-0.90535,0.60463,-1.16989,0.20000,0.07000,1.75145,-0.36040,0.0323,0.631,1.7583,-0.3785,0.0128,0.0116,0.26470,0.13670,0.00,-10.40,0.00,0.0000
14133,LOST_LONG,0.26489,-0.90535,0.60463,-1.16989,0.20000,0.07000,1.75145,-0.36040,0.0323,0.631,1.7583,-0.3785,0.0128,0.0116,0.26457,0.13599,0.00,-10.40,0.00,0.0000
14143,LOST_LONG,0.26489,-0.90535,0.60463,-1.16989,0.20000,0.07000,1.75145,-0.36040,0.0323,0.631,1.7583,-0.3785,0.0128,0.0116,0.26289,0.13498,0.00,-10.40,0.00,0.0000
14153,LOST_LONG,0.26489,-0.90535,0.60463,-1.16989,0.20000,0.07000,1.75145,-0.36040,0.0323,0.631,1.7583,-0.3785,0.0128,0.0116,0.26505,0.13796,0.00,-10.40,0.00,0.0000
14163,LOST_LONG,0.26489,-0.90535,0.60463,-1.16989,0.20000,0.07000,1.75145,-0.36040,0.0323,0.631,1.7583,-0.3785,0.0128,0.0116,0.26509,0.13697,0.00,-10.40,0.00,0.0000
14173,LOST_LONG,0.26489,-0.90535,0.60463,-1.16989,0.20000,0.07000,1.75145,-0.36040,0.0323,0.631,1.7583,-0.3785,0.0128,0.0116,0.26533,0.13792,0.00,-10.40,0.00,0.0000
14183,LOST_LONG,0.26489,-0.90535,0.60463,-1.16989,0.20000,0.07000,1.75145,-0.36040,0.0323,0.631,1.7583,-0.3785,0.0128,0.0116,0.26550,0.13854,0.00,-10.40,0.00,0.0000
14193,LOST_LONG,0.26489,-0.90535,0.60463,-1.16989,0.20000,0.07000,1.75145,-0.36040,0.0323,0.631,1.7583,-0.3785,0.0128,0.0116,0.26506,0.13704,0.00,-10.40,0.00,0.0000
14203,LOST_LONG,0.26489,-0.90535,0.60463,-1.16989,0.20000,0.07000,1.75145,-0.36040,0.0323,0.631,1.7583,-0.3785,0.0128,0.0116,0.26541,0.13751,0.00,-10.40,0.00,0.0000
14213,LOST_LONG,0.26489,-0.90535,0.60463,-1.16989,0.20000,0.07000,1.75145,-0.36040,0.0323,0.631,1.7583,-0.3785,0.0128,0.0116,0.26536,0.13808,0.00,-10.40,0.00,0.0000
14223,LOST_LONG,0.26489,-0.90535,0.60463,-1.16989,0.20000,0.07000,1.75145,-0.36040,0.0323,0.631,1.7583,-0.3785,0.0128,0.0116,0.26497,0.13710,0.00,-10.40,0.00,0.0000
14233,LOST_LONG,0.26489,-0.90535,0.60463,-1.16989,0.20000,0.07000,1.75145,-0.36040,0.0323,0.631,1.7583,-0.3785,0.0128,0.0116,0.26541,0.13753,0.00,-10.40,0.00,0.0000
14243,LOST_LONG,0.26489,-0.90535,0.60463,-1.16989,0.20000,0.07000,1.75145,-0.36040,0.0323,0.631,1.7583,-0.3785,0.0128,0.0116,0.26492,0.13711,0.00,-10.40,0.00,0.0000
14253,LOST_LONG,0.26489,-0.90535,0.60463,-1.16989,0.20000,0.07000,1.75145,-0.36040,0.0323,0.631,1.7583,-0.3785,0.0128,0.0116,0.26521,0.13665,0.00,-10.40,0.00,0.0000
14263,LOST_LONG,0.26489,-0.90535,0.60463,-1.16989,0.20000,0.07000,1.75145,-0.36040,0.0323,0.631,1.7583,-0.3785,0.0128,0.0116,0.26516,0.13714,0.00,-10.40,0.00,0.0000
14273,LOST_LONG,0.26489,-0.90535,0.60463,-1.16989,0.20000,0.07000,1.75145,-0.36040,0.0323,0.631,1.7583,-0.3785,0.0128,0.0116,0.26517,0.13749,0.00,-10.40,0.00,0.0000
14283,LOST_LONG,0.26489,-0.90535,0.60463,-1.16989,0.20000,0.07000,1.75145,-0.36040,0.0323,0.631,1.7583,-0.3785,0.0128,0.0116,0.26466,0.13543,0.00,-10.40,0.00,0.0000
14293,LOST_LONG,0.26489,-0.90535,0.60463,-1.16989,0.20000,0.07000,1.75145,-0.36040,0.0323,0.631,1.7583,-0.3785,0.0128,0.0116,0.26403,0.13498,0.00,-10.40,0.00,0.0000
14303,LOST_LONG,0.26489,-0.90535,0.60463,-1.16989,0.20000,0.07000,1.75145,-0.36040,0.0323,0.631,1.7583,-0.3785,0.0128,0.0116,0.26501,0.13701,0.00,-10.40,0.00,0.0000
14313,LOST_LONG,0.26489,-0.90535,0.60463,-1.16989,0.20000,0.07000,1.75145,-0.36040,0.0323,0.631,1.7583,-0.3785,0.0128,0.0116,0.26520,0.13702,0.00,-10.40,0.00,0.0000
14323,LOST_LONG,0.26489,-0.90535,0.60463,-1.16989,0.20000,0.07000,1.75145,-0.36040,0.0323,0.631,1.7583,-0.3785,0.0128,0.0116,0.26499,0.13719,0.00,-10.40,0.00,0.0000
14333,LOST_LONG,0.26489,-0.90535,0.60463,-1.16989,0.20000,0.07000,1.75145,-0.36040,0.0323,0.631,1.7583,-0.3785,0.0128,0.0116,0.26515,0.13695,0.00,-10.40,0.00,0.0000
14343,LOST_LONG,0.26489,-0.90535,0.60463,-1.16989,0.20000,0.07000,1.75145,-0.36040,0.0323,0.631,1.7583,-0.3785,0.0128,0.0116,0.26525,0.13702,0.00,-10.40,0.00,0.0000
14353,LOST_LONG,0.26489,-0.90535,0.60463,-1.16989,0.20000,0.07000,1.75145,-0.36040,0.0323,0.631,1.7583,-0.3785,0.0128,0.0116,0.26231,0.13180,0.00,-10.40,0.00,0.0000
14363,LOST_LONG,0.26489,-0.90535,0.60463,-1.16989,0.20000,0.07000,1.75145,-0.36040,0.0323,0.631,1.7583,-0.3785,0.0128,0.0116,0.26422,0.13667,0.00,-10.40,0.00,0.0000
14373,LOST_LONG,0.26489,-0.90535,0.60463,-1.16989,0.20000,0.07000,1.75145,-0.36040,0.0323,0.631,1.7583,-0.3785,0.0128,0.0116,0.26475,0.13693,0.00,-10.40,0.00,0.0000
14383,LOST_LONG,0.26489,-0.90535,0.60463,-1.16989,0.20000,0.07000,1.75145,-0.36040,0.0323,0.631,1.7583,-0.3785,0.0128,0.0116,0.26531,0.13735,0.00,-10.40,0.00,0.0000
14393,LOST_LONG,0.26489,-0.90535,0.60463,-1.16989,0.20000,0.07000,1.75145,-0.36040,0.0323,0.631,1.7583,-0.3785,0.0128,0.0116,0.26499,0.13714,0.00,-10.40,0.00,0.0000
14403,LOST_LONG,0.26489,-0.90535,0.60463,-1.16989,0.20000,0.07000,1.75145,-0.36040,0.0323,0.631,1.7583,-0.3785,0.0128,0.0116,0.26559,0.13831,0.00,-10.40,0.00,0.0000
14413,LOST_LONG,0.26489,-0.90535,0.60463,-1.16989,0.20000,0.07000,1.75145,-0.36040,0.0323,0.631,1.7583,-0.3785,0.0128,0.0116,0.26444,0.13627,0.00,-10.40,0.00,0.0000
14423,LOST_LONG,0.26489,-0.90535,0.60463,-1.16989,0.20000,0.07000,1.75145,-0.36040,0.0323,0.631,1.7583,-0.3785,0.0128,0.0116,0.26528,0.13712,0.00,-10.40,0.00,0.0000
14433,LOST_LONG,0.26489,-0.90535,0.60463,-1.16989,0.20000,0.07000,1.75145,-0.36040,0.0323,0.631,1.7583,-0.3785,0.0128,0.0116,0.26419,0.13766,0.00,-10.40,0.00,0.0000
14443,LOST_LONG,0.26489,-0.90535,0.60463,-1.16989,0.20000,0.07000,1.75145,-0.36040,0.0323,0.631,1.7583,-0.3785,0.0128,0.0116,0.26482,0.13719,0.00,-10.40,0.00,0.0000
14453,LOST_LONG,0.26489,-0.90535,0.60463,-1.16989,0.20000,0.07000,1.75145,-0.36040,0.0323,0.631,1.7583,-0.3785,0.0128,0.0116,0.26546,0.13722,0.00,-10.40,0.00,0.0000
14463,LOST_LONG,0.26489,-0.90535,0.60463,-1.16989,0.20000,0.07000,1.75145,-0.36040,0.0323,0.631,1.7583,-0.3785,0.0128,0.0116,0.26518,0.13681,0.00,-10.40,0.00,0.0000
14473,LOST_LONG,0.26489,-0.90535,0.60463,-1.16989,0.20000,0.07000,1.75145,-0.36040,0.0323,0.631,1.7583,-0.3785,0.0128,0.0116,0.26499,0.13698,0.00,-10.40,0.00,0.0000
14483,LOST_LONG,0.26489,-0.90535,0.60463,-1.16989,0.20000,0.07000,1.75145,-0.36040,0.0323,0.631,1.7583,-0.3785,0.0128,0.0116,0.26498,0.13739,0.00,-10.40,0.00,0.0000
14493,LOST_LONG,0.26489,-0.90535,0.60463,-1.16989,0.20000,0.07000,1.75145,-0.36040,0.0323,0.631,1.7583,-0.3785,0.0128,0.0116,0.26430,0.13619,0.00,-10.40,0.00,0.0000
14503,LOST_LONG,0.26489,-0.90535,0.60463,-1.16989,0.20000,0.07000,1.75145,-0.36040,0.0323,0.631,1.7583,-0.3785,0.0128,0.0116,0.26543,0.13774,0.00,-10.40,0.00,0.0000
14513,LOST_LONG,0.26489,-0.90535,0.60463,-1.16989,0.20000,0.07000,1.75145,-0.36040,0.0323,0.631,1.7583,-0.3785,0.0128,0.0116,0.26501,0.13721,0.00,-10.40,0.00,0.0000
14523,LOST_LONG,0.26489,-0.90535,0.60463,-1.16989,0.20000,0.07000,1.75145,-0.36040,0.0323,0.631,1.7583,-0.3785,0.0128,0.0116,0.26532,0.13741,0.00,-10.40,0.00,0.0000
14533,LOST_LONG,0.26489,-0.90535,0.60463,-1.16989,0.20000,0.07000,1.75145,-0.36040,0.0323,0.631,1.7583,-0.3785,0.0128,0.0116,0.26494,0.13732,0.00,-10.40,0.00,0.0000
14543,LOST_LONG,0.26489,-0.90535,0.60463,-1.16989,0.20000,0.07000,1.75145,-0.36040,0.0323,0.631,1.7583,-0.3785,0.0128,0.0116,0.26537,0.13730,0.00,-10.40,0.00,0.0000
14553,LOST_LONG,0.26489,-0.90535,0.60463,-1.16989,0.20000,0.07000,1.75145,-0.36040,0.0323,0.631,1.7583,-0.3785,0.0128,0.0116,0.26477,0.13745,0.00,-10.40,0.00,0.0000
14563,LOST_LONG,0.26489,-0.90535,0.60463,-1.16989,0.20000,0.07000,1.75145,-0.36040,0.0323,0.631,1.7583,-0.3785,0.0128,0.0116,0.26492,0.13739,0.00,-10.40,0.00,0.0000
14573,LOST_LONG,0.26489,-0.90535,0.60463,-1.16989,0.20000,0.07000,1.75145,-0.36040,0.0323,0.631,1.7583,-0.3785,0.0128,0.0116,0.26495,0.13669,0.00,-10.40,0.00,0.0000
14583,LOST_LONG,0.26489,-0.90535,0.60463,-1.16989,0.20000,0.07000,1.75145,-0.36040,0.0323,0.631,1.7583,-0.3785,0.0128,0.0116,0.26460,0.13596,0.00,-10.40,0.00,0.0000
14593,LOST_LONG,0.26489,-0.90535,0.60463,-1.16989,0.20000,0.07000,1.75145,-0.36040,0.0323,0.631,1.7583,-0.3785,0.0128,0.0116,0.26484,0.13717,0.00,-10.40,0.00,0.0000
14603,LOST_LONG,0.26489,-0.90535,0.60463,-1.16989,0.20000,0.07000,1.75145,-0.36040,0.0323,0.631,1.7583,-0.3785,0.0128,0.0116,0.26523,0.13698,0.00,-10.40,0.00,0.0000
14613,LOST_LONG,0.26489,-0.90535,0.60463,-1.16989,0.20000,0.07000,1.75145,-0.36040,0.0323,0.631,1.7583,-0.3785,0.0128,0.0116,0.26498,0.13780,0.00,-10.40,0.00,0.0000
14623,LOST_LONG,0.26489,-0.90535,0.60463,-1.16989,0.20000,0.07000,1.75145,-0.36040,0.0323,0.631,1.7583,-0.3785,0.0128,0.0116,0.26542,0.13745,0.00,-10.40,0.00,0.0000
14633,LOST_LONG,0.26489,-0.90535,0.60463,-1.16989,0.20000,0.07000,1.75145,-0.36040,0.0323,0.631,1.7583,-0.3785,0.0128,0.0116,0.26534,0.13739,0.00,-10.40,0.00,0.0000
14643,LOST_LONG,0.26489,-0.90535,0.60463,-1.16989,0.20000,0.07000,1.75145,-0.36040,0.0323,0.631,1.7583,-0.3785,0.0128,0.0116,0.26573,0.13852,0.00,-10.40,0.00,0.0000
14653,LOST_LONG,0.26489,-0.90535,0.60463,-1.16989,0.20000,0.07000,1.75145,-0.36040,0.0323,0.631,1.7583,-0.3785,0.0128,0.0116,0.26393,0.13492,0.00,-10.40,0.00,0.0000
14663,LOST_LONG,0.26489,-0.90535,0.60463,-1.16989,0.20000,0.07000,1.75145,-0.36040,0.0323,0.631,1.7583,-0.3785,0.0128,0.0116,0.26487,0.13715,0.00,-10.40,0.00,0.0000
14673,LOST_LONG,0.26489,-0.90535,0.60463,-1.16989,0.20000,0.07000,1.75145,-0.36040,0.0323,0.631,1.7583,-0.3785,0.0128,0.0116,0.26459,0.13608,0.00,-10.40,0.00,0.0000
14683,LOST_LONG,0.26489,-0.90535,0.60463,-1.16989,0.20000,0.07000,1.75145,-0.36040,0.0323,0.631,1.7583,-0.3785,0.0128,0.0116,0.26522,0.13805,0.00,-10.40,0.00,0.0000
14693,LOST_LONG,0.26489,-0.90535,0.60463,-1.16989,0.20000,0.07000,1.75145,-0.36040,0.0323,0.631,1.7583,-0.3785,0.0128,0.0116,0.26501,0.13701,0.00,-10.40,0.00,0.0000
14703,LOST_LONG,0.26489,-0.90535,0.60463,-1.16989,0.20000,0.07000,1.75145,-0.36040,0.0323,0.631,1.7583,-0.3785,0.0128,0.0116,0.26528,0.13735,0.00,-10.40,0.00,0.0000
14713,LOST_LONG,0.26489,-0.90535,0.60463,-1.16989,0.20000,0.07000,1.75145,-0.36040,0.0323,0.631,1.7583,-0.3785,0.0128,0.0116,0.26532,0.13796,0.00,-10.40,0.00,0.0000
14723,LOST_LONG,0.26489,-0.90535,0.60463,-1.16989,0.20000,0.07000,1.75145,-0.36040,0.0323,0.631,1.7583,-0.3785,0.0128,0.0116,0.26509,0.13722,0.00,-10.40,0.00,0.0000
14733,LOST_LONG,0.26489,-0.90535,0.60463,-1.16989,0.20000,0.07000,1.75145,-0.36040,0.0323,0.631,1.7583,-0.3785,0.0128,0.0116,0.26557,0.13717,0.00,-10.40,0.00,0.0000
14743,LOST_LONG,0.26489,-0.90535,0.60463,-1.16989,0.20000,0.07000,1.75145,-0.36040,0.0323,0.631,1.7583,-0.3785,0.0128,0.0116,0.26367,0.13589,0.00,-10.40,0.00,0.0000
14753,LOST_LONG,0.26489,-0.90535,0.60463,-1.16989,0.20000,0.07000,1.75145,-0.36040,0.0323,0.631,1.7583,-0.3785,0.0128,0.0116,0.26487,0.13761,0.00,-10.40,0.00,0.0000
14763,LOST_LONG,0.26489,-0.90535,0.60463,-1.16989,0.20000,0.07000,1.75145,-0.36040,0.0323,0.631,1.7583,-0.3785,0.0128,0.0116,0.26530,0.13815,0.00,-10.40,0.00,0.0000
14773,LOST_LONG,0.26489,-0.90535,0.60463,-1.16989,0.20000,0.07000,1.75145,-0.36040,0.0323,0.631,1.7583,-0.3785,0.0128,0.0116,0.26551,0.13797,0.00,-10.40,0.00,0.0000
14783,LOST_LONG,0.26489,-0.90535,0.60463,-1.16989,0.20000,0.07000,1.75145,-0.36040,0.0323,0.631,1.7583,-0.3785,0.0128,0.0116,0.26487,0.13720,0.00,-10.40,0.00,0.0000
14793,LOST_LONG,0.26489,-0.90535,0.60463,-1.16989,0.20000,0.07000,1.75145,-0.36040,0.0323,0.631,1.7583,-0.3785,0.0128,0.0116,0.26488,0.13712,0.00,-10.40,0.00,0.0000
14803,LOST_LONG,0.26489,-0.90535,0.60463,-1.16989,0.20000,0.07000,1.75145,-0.36040,0.0323,0.631,1.7583,-0.3785,0.0128,0.0116,0.26543,0.13817,0.00,-10.40,0.00,0.0000
14813,LOST_LONG,0.26489,-0.90535,0.60463,-1.16989,0.20000,0.07000,1.75145,-0.36040,0.0323,0.631,1.7583,-0.3785,0.0128,0.0116,0.26524,0.13695,0.00,-10.40,0.00,0.0000
14823,LOST_LONG,0.26489,-0.90535,0.60463,-1.16989,0.20000,0.07000,1.75145,-0.36040,0.0323,0.631,1.7583,-0.3785,0.0128,0.0116,0.26472,0.13616,0.00,-10.40,0.00,0.0000
14833,LOST_LONG,0.26489,-0.90535,0.60463,-1.16989,0.20000,0.07000,1.75145,-0.36040,0.0323,0.631,1.7583,-0.3785,0.0128,0.0116,0.26527,0.13733,0.00,-10.40,0.00,0.0000
14843,LOST_LONG,0.26489,-0.90535,0.60463,-1.16989,0.20000,0.07000,1.75145,-0.36040,0.0323,0.631,1.7583,-0.3785,0.0128,0.0116,0.26545,0.13806,0.00,-10.40,0.00,0.0000
14853,LOST_LONG,0.26489,-0.90535,0.60463,-1.16989,0.20000,0.07000,1.75145,-0.36040,0.0323,0.631,1.7583,-0.3785,0.0128,0.0116,0.26569,0.13909,0.00,-10.40,0.00,0.0000
14863,LOST_LONG,0.26489,-0.90535,0.60463,-1.16989,0.20000,0.07000,1.75145,-0.36040,0.0323,0.631,1.7583,-0.3785,0.0128,0.0116,0.26234,0.13243,0.00,-10.40,0.00,0.0000
14873,LOST_LONG,0.26489,-0.90535,0.60463,-1.16989,0.20000,0.07000,1.75145,-0.36040,0.0323,0.631,1.7583,-0.3785,0.0128,0.0116,0.26453,0.13727,0.00,-10.40,0.00,0.0000
14883,LOST_LONG,0.26489,-0.90535,0.60463,-1.16989,0.20000,0.07000,1.75145,-0.36040,0.0323,0.631,1.7583,-0.3785,0.0128,0.0116,0.26495,0.13605,0.00,-10.40,0.00,0.0000
14893,LOST_LONG,0.26489,-0.90535,0.60463,-1.16989,0.20000,0.07000,1.75145,-0.36040,0.0323,0.631,1.7583,-0.3785,0.0128,0.0116,0.26523,0.13745,0.00,-10.40,0.00,0.0000
14903,LOST_LONG,0.26489,-0.90535,0.60463,-1.16989,0.20000,0.07000,1.75145,-0.36040,0.0323,0.631,1.7583,-0.3785,0.0128,0.0116,0.26498,0.13682,0.00,-10.40,0.00,0.0000
14913,LOST_LONG,0.26489,-0.90535,0.60463,-1.16989,0.20000,0.07000,1.75145,-0.36040,0.0323,0.631,1.7583,-0.3785,0.0128,0.0116,0.26524,0.13690,0.00,-10.40,0.00,0.0000
14923,LOST_LONG,0.26489,-0.90535,0.60463,-1.16989,0.20000,0.07000,1.75145,-0.36040,0.0323,0.631,1.7583,-0.3785,0.0128,0.0116,0.26453,0.13606,0.00,-10.40,0.00,0.0000
14933,LOST_LONG,0.26489,-0.90535,0.60463,-1.16989,0.20000,0.07000,1.75145,-0.36040,0.0323,0.631,1.7583,-0.3785,0.0128,0.0116,0.26541,0.13810,0.00,-10.40,0.00,0.0000
14943,LOST_LONG,0.26489,-0.90535,0.60463,-1.16989,0.20000,0.07000,1.75145,-0.36040,0.0323,0.631,1.7583,-0.3785,0.0128,0.0116,0.26501,0.13716,0.00,-10.40,0.00,0.0000
14953,LOST_LONG,0.26489,-0.90535,0.60463,-1.16989,0.20000,0.07000,1.75145,-0.36040,0.0323,0.631,1.7583,-0.3785,0.0128,0.0116,0.26519,0.13718,0.00,-10.40,0.00,0.0000
14963,LOST_LONG,0.26489,-0.90535,0.60463,-1.16989,0.20000,0.07000,1.75145,-0.36040,0.0323,0.631,1.7583,-0.3785,0.0128,0.0116,0.26520,0.13728,0.00,-10.40,0.00,0.0000
14973,LOST_LONG,0.26489,-0.90535,0.60463,-1.16989,0.20000,0.07000,1.75145,-0.36040,0.0323,0.631,1.7583,-0.3785,0.0128,0.0116,0.26551,0.13847,0.00,-10.40,0.00,0.0000
14983,LOST_LONG,0.26489,-0.90535,0.60463,-1.16989,0.20000,0.07000,1.75145,-0.36040,0.0323,0.631,1.7583,-0.3785,0.0128,0.0116,0.26486,0.13608,0.00,-10.40,0.00,0.0000
14993,LOST_LONG,0.26489,-0.90535,0.60463,-1.16989,0.20000,0.07000,1.75145,-0.36040,0.0323,0.631,1.7583,-0.3785,0.0128,0.0116,0.26546,0.13747,0.00,-10.40,0.00,0.0000
15003,LOST_LONG,0.26489,-0.90535,0.60463,-1.16989,0.20000,0.07000,1.75145,-0.36040,0.0323,0.631,1.7583,-0.3785,0.0128,0.0116,0.26504,0.13801,0.00,-10.40,0.00,0.0000
15013,LOST_LONG,0.26489,-0.90535,0.60463,-1.16989,0.20000,0.07000,1.75145,-0.36040,0.0323,0.631,1.7583,-0.3785,0.0128,0.0116,0.26503,0.13698,0.00,-10.40,0.00,0.0000
15023,LOST_LONG,0.26489,-0.90535,0.60463,-1.16989,0.20000,0.07000,1.75145,-0.36040,0.0323,0.631,1.7583,-0.3785,0.0128,0.0116,0.26543,0.13774,0.00,-10.40,0.00,0.0000
15033,LOST_LONG,0.26489,-0.90535,0.60463,-1.16989,0.20000,0.07000,1.75145,-0.36040,0.0323,0.631,1.7583,-0.3785,0.0128,0.0116,0.26534,0.13667,0.00,-10.40,0.00,0.0000
15043,LOST_LONG,0.26489,-0.90535,0.60463,-1.16989,0.20000,0.07000,1.75145,-0.36040,0.0323,0.631,1.7583,-0.3785,0.0128,0.0116,0.26507,0.13736,0.00,-10.40,0.00,0.0000
15053,LOST_LONG,0.26489,-0.90535,0.60463,-1.16989,0.20000,0.07000,1.75145,-0.36040,0.0323,0.631,1.7583,-0.3785,0.0128,0.0116,0.26491,0.13724,0.00,-10.40,0.00,0.0000
15063,LOST_LONG,0.26489,-0.90535,0.60463,-1.16989,0.20000,0.07000,1.75145,-0.36040,0.0323,0.631,1.7583,-0.3785,0.0128,0.0116,0.26634,0.14007,0.00,-10.40,0.00,0.0000
15073,LOST_LONG,0.26489,-0.90535,0.60463,-1.16989,0.20000,0.07000,1.75145,-0.36040,0.0323,0.631,1.7583,-0.3785,0.0128,0.0116,0.26527,0.13703,0.00,-10.40,0.00,0.0000
15083,LOST_LONG,0.26489,-0.90535,0.60463,-1.16989,0.20000,0.07000,1.75145,-0.36040,0.0323,0.631,1.7583,-0.3785,0.0128,0.0116,0.26513,0.13700,0.00,-10.40,0.00,0.0000
15093,LOST_LONG,0.26489,-0.90535,0.60463,-1.16989,0.20000,0.07000,1.75145,-0.36040,0.0323,0.631,1.7583,-0.3785,0.0128,0.0116,0.26546,0.13768,0.00,-10.40,0.00,0.0000
15103,LOST_LONG,0.26489,-0.90535,0.60463,-1.16989,0.20000,0.07000,1.75145,-0.36040,0.0323,0.631,1.7583,-0.3785,0.0128,0.0116,0.26534,0.13721,0.00,-10.40,0.00,0.0000
15113,LOST_LONG,0.26489,-0.90535,0.60463,-1.16989,0.20000,0.07000,1.75145,-0.36040,0.0323,0.631,1.7583,-0.3785,0.0128,0.0116,0.26525,0.13824,0.00,-10.40,0.00,0.0000
15123,LOST_LONG,0.26489,-0.90535,0.60463,-1.16989,0.20000,0.07000,1.75145,-0.36040,0.0323,0.631,1.7583,-0.3785,0.0128,0.0116,0.26510,0.13711,0.00,-10.40,0.00,0.0000
15133,LOST_LONG,0.26489,-0.90535,0.60463,-1.16989,0.20000,0.07000,1.75145,-0.36040,0.0323,0.631,1.7583,-0.3785,0.0128,0.0116,0.26501,0.13864,0.00,-10.40,0.00,0.0000
15143,LOST_LONG,0.26489,-0.90535,0.60463,-1.16989,0.20000,0.07000,1.75145,-0.36040,0.0323,0.631,1.7583,-0.3785,0.0128,0.0116,0.26495,0.13714,0.00,-10.40,0.00,0.0000
15153,LOST_LONG,0.26489,-0.90535,0.60463,-1.16989,0.20000,0.07000,1.75145,-0.36040,0.0323,0.631,1.7583,-0.3785,0.0128,0.0116,0.26500,0.13676,0.00,-10.40,0.00,0.0000
15163,LOST_LONG,0.26489,-0.90535,0.60463,-1.16989,0.20000,0.07000,1.75145,-0.36040,0.0323,0.631,1.7583,-0.3785,0.0128,0.0116,0.26509,0.13700,0.00,-10.40,0.00,0.0000
15173,LOST_LONG,0.26489,-0.90535,0.60463,-1.16989,0.20000,0.07000,1.75145,-0.36040,0.0323,0.631,1.7583,-0.3785,0.0128,0.0116,0.26525,0.13794,0.00,-10.40,0.00,0.0000
15183,LOST_LONG,0.26489,-0.90535,0.60463,-1.16989,0.20000,0.07000,1.75145,-0.36040,0.0323,0.631,1.7583,-0.3785,0.0128,0.0116,0.26652,0.13919,0.00,-10.40,0.00,0.0000
15193,LOST_LONG,0.26489,-0.90535,0.60463,-1.16989,0.20000,0.07000,1.75145,-0.36040,0.0323,0.631,1.7583,-0.3785,0.0128,0.0116,0.26529,0.13979,0.00,-10.40,0.00,0.0000
15203,LOST_LONG,0.26489,-0.90535,0.60463,-1.16989,0.20000,0.07000,1.75145,-0.36040,0.0323,0.631,1.7583,-0.3785,0.0128,0.0116,0.26585,0.13985,0.00,-10.40,0.00,0.0000
15213,LOST_LONG,0.26489,-0.90535,0.60463,-1.16989,0.20000,0.07000,1.75145,-0.36040,0.0323,0.631,1.7583,-0.3785,0.0128,0.0116,0.26541,0.13829,0.00,-10.40,0.00,0.0000
15223,LOST_LONG,0.26489,-0.90535,0.60463,-1.16989,0.20000,0.07000,1.75145,-0.36040,0.0323,0.631,1.7583,-0.3785,0.0128,0.0116,0.26526,0.13747,0.00,-10.40,0.00,0.0000
15233,LOST_LONG,0.26489,-0.90535,0.60463,-1.16989,0.20000,0.07000,1.75145,-0.36040,0.0323,0.631,1.7583,-0.3785,0.0128,0.0116,0.26561,0.13808,0.00,-10.40,0.00,0.0000
15243,LOST_LONG,0.26489,-0.90535,0.60463,-1.16989,0.20000,0.07000,1.75145,-0.36040,0.0323,0.631,1.7583,-0.3785,0.0128,0.0116,0.26500,0.13736,0.00,-10.40,0.00,0.0000
15253,LOST_LONG,0.26489,-0.90535,0.60463,-1.16989,0.20000,0.07000,1.75145,-0.36040,0.0323,0.631,1.7583,-0.3785,0.0128,0.0116,0.26473,0.13763,0.00,-10.40,0.00,0.0000
15263,LOST_LONG,0.26489,-0.90535,0.60463,-1.16989,0.20000,0.07000,1.75145,-0.36040,0.0323,0.631,1.7583,-0.3785,0.0128,0.0116,0.26425,0.13585,0.00,-10.40,0.00,0.0000
15273,LOST_LONG,0.26489,-0.90535,0.60463,-1.16989,0.20000,0.07000,1.75145,-0.36040,0.0323,0.631,1.7583,-0.3785,0.0128,0.0116,0.26466,0.13714,0.00,-10.40,0.00,0.0000
15283,LOST_LONG,0.26489,-0.90535,0.60463,-1.16989,0.20000,0.07000,1.75145,-0.36040,0.0323,0.631,1.7583,-0.3785,0.0128,0.0116,0.26524,0.13736,0.00,-10.40,0.00,0.0000
15293,LOST_LONG,0.26489,-0.90535,0.60463,-1.16989,0.20000,0.07000,1.75145,-0.36040,0.0323,0.631,1.7583,-0.3785,0.0128,0.0116,0.26500,0.13701,0.00,-10.40,0.00,0.0000
15303,LOST_LONG,0.26489,-0.90535,0.60463,-1.16989,0.20000,0.07000,1.75145,-0.36040,0.0323,0.631,1.7583,-0.3785,0.0128,0.0116,0.26501,0.13672,0.00,-10.40,0.00,0.0000
15313,LOST_LONG,0.26489,-0.90535,0.60463,-1.16989,0.20000,0.07000,1.75145,-0.36040,0.0323,0.631,1.7583,-0.3785,0.0128,0.0116,0.26520,0.13836,0.00,-10.40,0.00,0.0000
15323,LOST_LONG,0.26489,-0.90535,0.60463,-1.16989,0.20000,0.07000,1.75145,-0.36040,0.0323,0.631,1.7583,-0.3785,0.0128,0.0116,0.26461,0.13664,0.00,-10.40,0.00,0.0000
15333,LOST_LONG,0.26489,-0.90535,0.60463,-1.16989,0.20000,0.07000,1.75145,-0.36040,0.0323,0.631,1.7583,-0.3785,0.0128,0.0116,0.26423,0.13539,0.00,-10.40,0.00,0.0000
15343,LOST_LONG,0.26489,-0.90535,0.60463,-1.16989,0.20000,0.07000,1.75145,-0.36040,0.0323,0.631,1.7583,-0.3785,0.0128,0.0116,0.26556,0.13773,0.00,-10.40,0.00,0.0000
15353,LOST_LONG,0.26489,-0.90535,0.60463,-1.16989,0.20000,0.07000,1.75145,-0.36040,0.0323,0.631,1.7583,-0.3785,0.0128,0.0116,0.26529,0.13784,0.00,-10.40,0.00,0.0000
15363,LOST_LONG,0.26489,-0.90535,0.60463,-1.16989,0.20000,0.07000,1.75145,-0.36040,0.0323,0.631,1.7583,-0.3785,0.0128,0.0116,0.26542,0.13869,0.00,-10.40,0.00,0.0000
15373,LOST_LONG,0.26489,-0.90535,0.60463,-1.16989,0.20000,0.07000,1.75145,-0.36040,0.0323,0.631,1.7583,-0.3785,0.0128,0.0116,0.26549,0.13822,0.00,-10.40,0.00,0.0000
15383,LOST_LONG,0.26489,-0.90535,0.60463,-1.16989,0.20000,0.07000,1.75145,-0.36040,0.0323,0.631,1.7583,-0.3785,0.0128,0.0116,0.26555,0.13762,0.00,-10.40,0.00,0.0000
15393,LOST_LONG,0.26489,-0.90535,0.60463,-1.16989,0.20000,0.07000,1.75145,-0.36040,0.0323,0.631,1.7583,-0.3785,0.0128,0.0116,0.26431,0.13492,0.00,-10.40,0.00,0.0000
15403,LOST_LONG,0.26489,-0.90535,0.60463,-1.16989,0.20000,0.07000,1.75145,-0.36040,0.0323,0.631,1.7583,-0.3785,0.0128,0.0116,0.26551,0.13726,0.00,-10.40,0.00,0.0000
15413,LOST_LONG,0.26489,-0.90535,0.60463,-1.16989,0.20000,0.07000,1.75145,-0.36040,0.0323,0.631,1.7583,-0.3785,0.0128,0.0116,0.26504,0.13710,0.00,-10.40,0.00,0.0000
15423,LOST_LONG,0.26489,-0.90535,0.60463,-1.16989,0.20000,0.07000,1.75145,-0.36040,0.0323,0.631,1.7583,-0.3785,0.0128,0.0116,0.26535,0.13807,0.00,-10.40,0.00,0.0000
15433,LOST_LONG,0.26489,-0.90535,0.60463,-1.16989,0.20000,0.07000,1.75145,-0.36040,0.0323,0.631,1.7583,-0.3785,0.0128,0.0116,0.26534,0.13779,0.00,-10.40,0.00,0.0000
15443,LOST_LONG,0.26489,-0.90535,0.60463,-1.16989,0.20000,0.07000,1.75145,-0.36040,0.0323,0.631,1.7583,-0.3785,0.0128,0.0116,0.26549,0.13952,0.00,-10.40,0.00,0.0000
15453,LOST_LONG,0.26489,-0.90535,0.60463,-1.16989,0.20000,0.07000,1.75145,-0.36040,0.0323,0.631,1.7583,-0.3785,0.0128,0.0116,0.26455,0.13702,0.00,-10.40,0.00,0.0000
15463,LOST_LONG,0.26489,-0.90535,0.60463,-1.16989,0.20000,0.07000,1.75145,-0.36040,0.0323,0.631,1.7583,-0.3785,0.0128,0.0116,0.26473,0.13745,0.00,-10.40,0.00,0.0000
15473,LOST_LONG,0.26489,-0.90535,0.60463,-1.16989,0.20000,0.07000,1.75145,-0.36040,0.0323,0.631,1.7583,-0.3785,0.0128,0.0116,0.26539,0.13752,0.00,-10.40,0.00,0.0000
15483,LOST_LONG,0.26489,-0.90535,0.60463,-1.16989,0.20000,0.07000,1.75145,-0.36040,0.0323,0.631,1.7583,-0.3785,0.0128,0.0116,0.26522,0.13668,0.00,-10.40,0.00,0.0000
15493,LOST_LONG,0.26489,-0.90535,0.60463,-1.16989,0.20000,0.07000,1.75145,-0.36040,0.0323,0.631,1.7583,-0.3785,0.0128,0.0116,0.26555,0.13815,0.00,-10.40,0.00,0.0000
15503,LOST_LONG,0.26489,-0.90535,0.60463,-1.16989,0.20000,0.07000,1.75145,-0.36040,0.0323,0.631,1.7583,-0.3785,0.0128,0.0116,0.26554,0.13828,0.00,-10.40,0.00,0.0000
15513,LOST_LONG,0.26489,-0.90535,0.60463,-1.16989,0.20000,0.07000,1.75145,-0.36040,0.0323,0.631,1.7583,-0.3785,0.0128,0.0116,0.26564,0.13743,0.00,-10.40,0.00,0.0000
15523,LOST_LONG,0.26489,-0.90535,0.60463,-1.16989,0.20000,0.07000,1.75145,-0.36040,0.0323,0.631,1.7583,-0.3785,0.0128,0.0116,0.26553,0.13763,0.00,-10.40,0.00,0.0000
15533,LOST_LONG,0.26489,-0.90535,0.60463,-1.16989,0.20000,0.07000,1.75145,-0.36040,0.0323,0.631,1.7583,-0.3785,0.0128,0.0116,0.26506,0.13666,0.00,-10.40,0.00,0.0000
15543,LOST_LONG,0.26489,-0.90535,0.60463,-1.16989,0.20000,0.07000,1.75145,-0.36040,0.0323,0.631,1.7583,-0.3785,0.0128,0.0116,0.26516,0.13669,0.00,-10.40,0.00,0.0000
15553,LOST_LONG,0.26489,-0.90535,0.60463,-1.16989,0.20000,0.07000,1.75145,-0.36040,0.0323,0.631,1.7583,-0.3785,0.0128,0.0116,0.26488,0.13704,0.00,-10.40,0.00,0.0000
15563,LOST_LONG,0.26489,-0.90535,0.60463,-1.16989,0.20000,0.07000,1.75145,-0.36040,0.0323,0.631,1.7583,-0.3785,0.0128,0.0116,0.26533,0.13781,0.00,-10.40,0.00,0.0000
15573,LOST_LONG,0.26489,-0.90535,0.60463,-1.16989,0.20000,0.07000,1.75145,-0.36040,0.0323,0.631,1.7583,-0.3785,0.0128,0.0116,0.26514,0.13713,0.00,-10.40,0.00,0.0000
15583,LOST_LONG,0.26489,-0.90535,0.60463,-1.16989,0.20000,0.07000,1.75145,-0.36040,0.0323,0.631,1.7583,-0.3785,0.0128,0.0116,0.26445,0.13595,0.00,-10.40,0.00,0.0000
15593,LOST_LONG,0.26489,-0.90535,0.60463,-1.16989,0.20000,0.07000,1.75145,-0.36040,0.0323,0.631,1.7583,-0.3785,0.0128,0.0116,0.26560,0.13773,0.00,-10.40,0.00,0.0000
15603,LOST_LONG,0.26489,-0.90535,0.60463,-1.16989,0.20000,0.07000,1.75145,-0.36040,0.0323,0.631,1.7583,-0.3785,0.0128,0.0116,0.26520,0.13708,0.00,-10.40,0.00,0.0000
15613,LOST_LONG,0.26489,-0.90535,0.60463,-1.16989,0.20000,0.07000,1.75145,-0.36040,0.0323,0.631,1.7583,-0.3785,0.0128,0.0116,0.26552,0.13755,0.00,-10.40,0.00,0.0000
15623,LOST_LONG,0.26489,-0.90535,0.60463,-1.16989,0.20000,0.07000,1.75145,-0.36040,0.0323,0.631,1.7583,-0.3785,0.0128,0.0116,0.26467,0.13613,0.00,-10.40,0.00,0.0000
15633,LOST_LONG,0.26489,-0.90535,0.60463,-1.16989,0.20000,0.07000,1.75145,-0.36040,0.0323,0.631,1.7583,-0.3785,0.0128,0.0116,0.26413,0.13458,0.00,-10.40,0.00,0.0000
15643,LOST_LONG,0.26489,-0.90535,0.60463,-1.16989,0.20000,0.07000,1.75145,-0.36040,0.0323,0.631,1.7583,-0.3785,0.0128,0.0116,0.26503,0.13895,0.00,-10.40,0.00,0.0000
15653,LOST_LONG,0.26489,-0.90535,0.60463,-1.16989,0.20000,0.07000,1.75145,-0.36040,0.0323,0.631,1.7583,-0.3785,0.0128,0.0116,0.26476,0.13747,0.00,-10.40,0.00,0.0000
15663,LOST_LONG,0.26489,-0.90535,0.60463,-1.16989,0.20000,0.07000,1.75145,-0.36040,0.0323,0.631,1.7583,-0.3785,0.0128,0.0116,0.26478,0.13714,0.00,-10.40,0.00,0.0000
15673,LOST_LONG,0.26489,-0.90535,0.60463,-1.16989,0.20000,0.07000,1.75145,-0.36040,0.0323,0.631,1.7583,-0.3785,0.0128,0.0116,0.26512,0.13740,0.00,-10.40,0.00,0.0000
15683,LOST_LONG,0.26489,-0.90535,0.60463,-1.16989,0.20000,0.07000,1.75145,-0.36040,0.0323,0.631,1.7583,-0.3785,0.0128,0.0116,0.26533,0.13776,0.00,-10.40,0.00,0.0000
15693,LOST_LONG,0.26489,-0.90535,0.60463,-1.16989,0.20000,0.07000,1.75145,-0.36040,0.0323,0.631,1.7583,-0.3785,0.0128,0.0116,0.26453,0.13636,0.00,-10.40,0.00,0.0000
15703,LOST_LONG,0.26489,-0.90535,0.60463,-1.16989,0.20000,0.07000,1.75145,-0.36040,0.0323,0.631,1.7583,-0.3785,0.0128,0.0116,0.26472,0.13733,0.00,-10.40,0.00,0.0000
15713,LOST_LONG,0.26489,-0.90535,0.60463,-1.16989,0.20000,0.07000,1.75145,-0.36040,0.0323,0.631,1.7583,-0.3785,0.0128,0.0116,0.26505,0.13884,0.00,-10.40,0.00,0.0000
15723,LOST_LONG,0.26489,-0.90535,0.60463,-1.16989,0.20000,0.07000,1.75145,-0.36040,0.0323,0.631,1.7583,-0.3785,0.0128,0.0116,0.26530,0.13725,0.00,-10.40,0.00,0.0000
15733,LOST_LONG,0.26489,-0.90535,0.60463,-1.16989,0.20000,0.07000,1.75145,-0.36040,0.0323,0.631,1.7583,-0.3785,0.0128,0.0116,0.26491,0.13726,0.00,-10.40,0.00,0.0000
15743,LOST_LONG,0.26489,-0.90535,0.60463,-1.16989,0.20000,0.07000,1.75145,-0.36040,0.0323,0.631,1.7583,-0.3785,0.0128,0.0116,0.26538,0.13789,0.00,-10.40,0.00,0.0000
15753,LOST_LONG,0.26489,-0.90535,0.60463,-1.16989,0.20000,0.07000,1.75145,-0.36040,0.0323,0.631,1.7583,-0.3785,0.0128,0.0116,0.26521,0.13693,0.00,-10.40,0.00,0.0000
15763,LOST_LONG,0.26489,-0.90535,0.60463,-1.16989,0.20000,0.07000,1.75145,-0.36040,0.0323,0.631,1.7583,-0.3785,0.0128,0.0116,0.26514,0.13758,0.00,-10.40,0.00,0.0000
15773,LOST_LONG,0.26489,-0.90535,0.60463,-1.16989,0.20000,0.07000,1.75145,-0.36040,0.0323,0.631,1.7583,-0.3785,0.0128,0.0116,0.26604,0.13866,0.00,-10.40,0.00,0.0000
15783,LOST_LONG,0.26489,-0.90535,0.60463,-1.16989,0.20000,0.07000,1.75145,-0.36040,0.0323,0.631,1.7583,-0.3785,0.0128,0.0116,0.26612,0.14101,0.00,-10.40,0.00,0.0000
15793,LOST_LONG,0.26489,-0.90535,0.60463,-1.16989,0.20000,0.07000,1.75145,-0.36040,0.0323,0.631,1.7583,-0.3785,0.0128,0.0116,0.26538,0.13729,0.00,-10.40,0.00,0.0000
15803,LOST_LONG,0.26489,-0.90535,0.60463,-1.16989,0.20000,0.07000,1.75145,-0.36040,0.0323,0.631,1.7583,-0.3785,0.0128,0.0116,0.26580,0.13842,0.00,-10.40,0.00,0.0000
15813,LOST_LONG,0.26489,-0.90535,0.60463,-1.16989,0.20000,0.07000,1.75145,-0.36040,0.0323,0.631,1.7583,-0.3785,0.0128,0.0116,0.26510,0.13709,0.00,-10.40,0.00,0.0000
15823,LOST_LONG,0.26489,-0.90535,0.60463,-1.16989,0.20000,0.07000,1.75145,-0.36040,0.0323,0.631,1.7583,-0.3785,0.0128,0.0116,0.26550,0.13776,0.00,-10.40,0.00,0.0000
15833,LOST_LONG,0.26489,-0.90535,0.60463,-1.16989,0.20000,0.07000,1.75145,-0.36040,0.0323,0.631,1.7583,-0.3785,0.0128,0.0116,0.26529,0.13719,0.00,-10.40,0.00,0.0000
15843,LOST_LONG,0.26489,-0.90535,0.60463,-1.16989,0.20000,0.07000,1.75145,-0.36040,0.0323,0.631,1.7583,-0.3785,0.0128,0.0116,0.26484,0.13694,0.00,-10.40,0.00,0.0000
15853,LOST_LONG,0.26489,-0.90535,0.60463,-1.16989,0.20000,0.07000,1.75145,-0.36040,0.0323,0.631,1.7583,-0.3785,0.0128,0.0116,0.26498,0.13672,0.00,-10.40,0.00,0.0000
15863,LOST_LONG,0.26489,-0.90535,0.60463,-1.16989,0.20000,0.07000,1.75145,-0.36040,0.0323,0.631,1.7583,-0.3785,0.0128,0.0116,0.26517,0.13737,0.00,-10.40,0.00,0.0000
15873,LOST_LONG,0.26489,-0.90535,0.60463,-1.16989,0.20000,0.07000,1.75145,-0.36040,0.0323,0.631,1.7583,-0.3785,0.0128,0.0116,0.26554,0.13728,0.00,-10.40,0.00,0.0000
15883,LOST_LONG,0.26489,-0.90535,0.60463,-1.16989,0.20000,0.07000,1.75145,-0.36040,0.0323,0.631,1.7583,-0.3785,0.0128,0.0116,0.26525,0.13690,0.00,-10.40,0.00,0.0000
15893,LOST_LONG,0.26489,-0.90535,0.60463,-1.16989,0.20000,0.07000,1.75145,-0.36040,0.0323,0.631,1.7583,-0.3785,0.0128,0.0116,0.26548,0.13720,0.00,-10.40,0.00,0.0000
15903,LOST_LONG,0.26489,-0.90535,0.60463,-1.16989,0.20000,0.07000,1.75145,-0.36040,0.0323,0.631,1.7583,-0.3785,0.0128,0.0116,0.26487,0.13611,0.00,-10.40,0.00,0.0000
15913,LOST_LONG,0.26489,-0.90535,0.60463,-1.16989,0.20000,0.07000,1.75145,-0.36040,0.0323,0.631,1.7583,-0.3785,0.0128,0.0116,0.26514,0.13778,0.00,-10.40,0.00,0.0000
15923,LOST_LONG,0.26489,-0.90535,0.60463,-1.16989,0.20000,0.07000,1.75145,-0.36040,0.0323,0.631,1.7583,-0.3785,0.0128,0.0116,0.26543,0.13732,0.00,-10.40,0.00,0.0000
15933,LOST_LONG,0.26489,-0.90535,0.60463,-1.16989,0.20000,0.07000,1.75145,-0.36040,0.0323,0.631,1.7583,-0.3785,0.0128,0.0116,0.26508,0.13651,0.00,-10.40,0.00,0.0000
15943,LOST_LONG,0.26489,-0.90535,0.60463,-1.16989,0.20000,0.07000,1.75145,-0.36040,0.0323,0.631,1.7583,-0.3785,0.0128,0.0116,0.26513,0.13693,0.00,-10.40,0.00,0.0000
15953,LOST_LONG,0.26489,-0.90535,0.60463,-1.16989,0.20000,0.07000,1.75145,-0.36040,0.0323,0.631,1.7583,-0.3785,0.0128,0.0116,0.26557,0.13792,0.00,-10.40,0.00,0.0000
15963,LOST_LONG,0.26489,-0.90535,0.60463,-1.16989,0.20000,0.07000,1.75145,-0.36040,0.0323,0.631,1.7583,-0.3785,0.0128,0.0116,0.26342,0.13507,0.00,-10.40,0.00,0.0000
15973,LOST_LONG,0.26489,-0.90535,0.60463,-1.16989,0.20000,0.07000,1.75145,-0.36040,0.0323,0.631,1.7583,-0.3785,0.0128,0.0116,0.26486,0.13687,0.00,-10.40,0.00,0.0000
15983,LOST_LONG,0.26489,-0.90535,0.60463,-1.16989,0.20000,0.07000,1.75145,-0.36040,0.0323,0.631,1.7583,-0.3785,0.0128,0.0116,0.26517,0.13816,0.00,-10.40,0.00,0.0000
15993,LOST_LONG,0.26489,-0.90535,0.60463,-1.16989,0.20000,0.07000,1.75145,-0.36040,0.0323,0.631,1.7583,-0.3785,0.0128,0.0116,0.26552,0.13761,0.00,-10.40,0.00,0.0000
16003,LOST_LONG,0.26489,-0.90535,0.60463,-1.16989,0.20000,0.07000,1.75145,-0.36040,0.0323,0.631,1.7583,-0.3785,0.0128,0.0116,0.26502,0.13731,0.00,-10.40,0.00,0.0000
16013,LOST_LONG,0.26489,-0.90535,0.60463,-1.16989,0.20000,0.07000,1.75145,-0.36040,0.0323,0.631,1.7583,-0.3785,0.0128,0.0116,0.26580,0.13838,0.00,-10.40,0.00,0.0000
16023,LOST_LONG,0.26489,-0.90535,0.60463,-1.16989,0.20000,0.07000,1.75145,-0.36040,0.0323,0.631,1.7583,-0.3785,0.0128,0.0116,0.26165,0.13064,0.00,-10.40,0.00,0.0000
16033,LOST_LONG,0.26489,-0.90535,0.60463,-1.16989,0.20000,0.07000,1.75145,-0.36040,0.0323,0.631,1.7583,-0.3785,0.0128,0.0116,0.26436,0.13709,0.00,-10.40,0.00,0.0000
16043,LOST_LONG,0.26489,-0.90535,0.60463,-1.16989,0.20000,0.07000,1.75145,-0.36040,0.0323,0.631,1.7583,-0.3785,0.0128,0.0116,0.26500,0.13725,0.00,-10.40,0.00,0.0000
16053,LOST_LONG,0.26489,-0.90535,0.60463,-1.16989,0.20000,0.07000,1.75145,-0.36040,0.0323,0.631,1.7583,-0.3785,0.0128,0.0116,0.26522,0.13786,0.00,-10.40,0.00,0.0000
16063,LOST_LONG,0.26489,-0.90535,0.60463,-1.16989,0.20000,0.07000,1.75145,-0.36040,0.0323,0.631,1.7583,-0.3785,0.0128,0.0116,0.26556,0.13803,0.00,-10.40,0.00,0.0000
16073,LOST_LONG,0.26489,-0.90535,0.60463,-1.16989,0.20000,0.07000,1.75145,-0.36040,0.0323,0.631,1.7583,-0.3785,0.0128,0.0116,0.26553,0.13787,0.00,-10.40,0.00,0.0000
16083,LOST_LONG,0.26489,-0.90535,0.60463,-1.16989,0.20000,0.07000,1.75145,-0.36040,0.0323,0.631,1.7583,-0.3785,0.0128,0.0116,0.26516,0.13589,0.00,-10.40,0.00,0.0000
16093,LOST_LONG,0.26489,-0.90535,0.60463,-1.16989,0.20000,0.07000,1.75145,-0.36040,0.0323,0.631,1.7583,-0.3785,0.0128,0.0116,0.26572,0.13801,0.00,-10.40,0.00,0.0000
16103,LOST_LONG,0.26489,-0.90535,0.60463,-1.16989,0.20000,0.07000,1.75145,-0.36040,0.0323,0.631,1.7583,-0.3785,0.0128,0.0116,0.26500,0.13675,0.00,-10.40,0.00,0.0000
16113,LOST_LONG,0.26489,-0.90535,0.60463,-1.16989,0.20000,0.07000,1.75145,-0.36040,0.0323,0.631,1.7583,-0.3785,0.0128,0.0116,0.26534,0.13805,0.00,-10.40,0.00,0.0000
16123,LOST_LONG,0.26489,-0.90535,0.60463,-1.16989,0.20000,0.07000,1.75145,-0.36040,0.0323,0.631,1.7583,-0.3785,0.0128,0.0116,0.26543,0.13854,0.00,-10.40,0.00,0.0000
16133,LOST_LONG,0.26489,-0.90535,0.60463,-1.16989,0.20000,0.07000,1.75145,-0.36040,0.0323,0.631,1.7583,-0.3785,0.0128,0.0116,0.26544,0.13789,0.00,-10.40,0.00,0.0000
16143,LOST_LONG,0.26489,-0.90535,0.60463,-1.16989,0.20000,0.07000,1.75145,-0.36040,0.0323,0.631,1.7583,-0.3785,0.0128,0.0116,0.26529,0.13676,0.00,-10.40,0.00,0.0000
16153,LOST_LONG,0.26489,-0.90535,0.60463,-1.16989,0.20000,0.07000,1.75145,-0.36040,0.0323,0.631,1.7583,-0.3785,0.0128,0.0116,0.26518,0.13695,0.00,-10.40,0.00,0.0000
16163,LOST_LONG,0.26489,-0.90535,0.60463,-1.16989,0.20000,0.07000,1.75145,-0.36040,0.0323,0.631,1.7583,-0.3785,0.0128,0.0116,0.26482,0.13618,0.00,-10.40,0.00,0.0000
16173,LOST_LONG,0.26489,-0.90535,0.60463,-1.16989,0.20000,0.07000,1.75145,-0.36040,0.0323,0.631,1.7583,-0.3785,0.0128,0.0116,0.26515,0.13709,0.00,-10.40,0.00,0.0000
16183,LOST_LONG,0.26489,-0.90535,0.60463,-1.16989,0.20000,0.07000,1.75145,-0.36040,0.0323,0.631,1.7583,-0.3785,0.0128,0.0116,0.26513,0.13705,0.00,-10.40,0.00,0.0000
16193,LOST_LONG,0.26489,-0.90535,0.60463,-1.16989,0.20000,0.07000,1.75145,-0.36040,0.0323,0.631,1.7583,-0.3785,0.0128,0.0116,0.26514,0.13678,0.00,-10.40,0.00,0.0000
16203,LOST_LONG,0.26489,-0.90535,0.60463,-1.16989,0.20000,0.07000,1.75145,-0.36040,0.0323,0.631,1.7583,-0.3785,0.0128,0.0116,0.26522,0.13687,0.00,-10.40,0.00,0.0000
16213,LOST_LONG,0.26489,-0.90535,0.60463,-1.16989,0.20000,0.07000,1.75145,-0.36040,0.0323,0.631,1.7583,-0.3785,0.0128,0.0116,0.26532,0.13772,0.00,-10.40,0.00,0.0000
16223,LOST_LONG,0.26489,-0.90535,0.60463,-1.16989,0.20000,0.07000,1.75145,-0.36040,0.0323,0.631,1.7583,-0.3785,0.0128,0.0116,0.26422,0.13638,0.00,-10.40,0.00,0.0000
16233,LOST_LONG,0.26489,-0.90535,0.60463,-1.16989,0.20000,0.07000,1.75145,-0.36040,0.0323,0.631,1.7583,-0.3785,0.0128,0.0116,0.26452,0.13600,0.00,-10.40,0.00,0.0000
16243,LOST_LONG,0.26489,-0.90535,0.60463,-1.16989,0.20000,0.07000,1.75145,-0.36040,0.0323,0.631,1.7583,-0.3785,0.0128,0.0116,0.26538,0.13792,0.00,-10.40,0.00,0.0000
16253,LOST_LONG,0.26489,-0.90535,0.60463,-1.16989,0.20000,0.07000,1.75145,-0.36040,0.0323,0.631,1.7583,-0.3785,0.0128,0.0116,0.26536,0.13806,0.00,-10.40,0.00,0.0000
16263,LOST_LONG,0.26489,-0.90535,0.60463,-1.16989,0.20000,0.07000,1.75145,-0.36040,0.0323,0.631,1.7583,-0.3785,0.0128,0.0116,0.26543,0.13753,0.00,-10.40,0.00,0.0000
16273,LOST_LONG,0.26489,-0.90535,0.60463,-1.16989,0.20000,0.07000,1.75145,-0.36040,0.0323,0.631,1.7583,-0.3785,0.0128,0.0116,0.26504,0.13717,0.00,-10.40,0.00,0.0000
16283,LOST_LONG,0.26489,-0.90535,0.60463,-1.16989,0.20000,0.07000,1.75145,-0.36040,0.0323,0.631,1.7583,-0.3785,0.0128,0.0116,0.26577,0.13770,0.00,-10.40,0.00,0.0000
16293,LOST_LONG,0.26489,-0.90535,0.60463,-1.16989,0.20000,0.07000,1.75145,-0.36040,0.0323,0.631,1.7583,-0.3785,0.0128,0.0116,0.26516,0.13717,0.00,-10.40,0.00,0.0000
16303,LOST_LONG,0.26489,-0.90535,0.60463,-1.16989,0.20000,0.07000,1.75145,-0.36040,0.0323,0.631,1.7583,-0.3785,0.0128,0.0116,0.26541,0.13766,0.00,-10.40,0.00,0.0000
16313,LOST_LONG,0.26489,-0.90535,0.60463,-1.16989,0.20000,0.07000,1.75145,-0.36040,0.0323,0.631,1.7583,-0.3785,0.0128,0.0116,0.26550,0.13748,0.00,-10.40,0.00,0.0000
16323,LOST_LONG,0.26489,-0.90535,0.60463,-1.16989,0.20000,0.07000,1.75145,-0.36040,0.0323,0.631,1.7583,-0.3785,0.0128,0.0116,0.26552,0.13809,0.00,-10.40,0.00,0.0000
16333,LOST_LONG,0.26489,-0.90535,0.60463,-1.16989,0.20000,0.07000,1.75145,-0.36040,0.0323,0.631,1.7583,-0.3785,0.0128,0.0116,0.26525,0.13715,0.00,-10.40,0.00,0.0000
16343,LOST_LONG,0.26489,-0.90535,0.60463,-1.16989,0.20000,0.07000,1.75145,-0.36040,0.0323,0.631,1.7583,-0.3785,0.0128,0.0116,0.26612,0.13947,0.00,-10.40,0.00,0.0000
16353,LOST_LONG,0.26489,-0.90535,0.60463,-1.16989,0.20000,0.07000,1.75145,-0.36040,0.0323,0.631,1.7583,-0.3785,0.0128,0.0116,0.26517,0.13719,0.00,-10.40,0.00,0.0000
16363,LOST_LONG,0.26489,-0.90535,0.60463,-1.16989,0.20000,0.07000,1.75145,-0.36040,0.0323,0.631,1.7583,-0.3785,0.0128,0.0116,0.26466,0.13722,0.00,-10.40,0.00,0.0000
16373,LOST_LONG,0.26489,-0.90535,0.60463,-1.16989,0.20000,0.07000,1.75145,-0.36040,0.0323,0.631,1.7583,-0.3785,0.0128,0.0116,0.26487,0.13731,0.00,-10.40,0.00,0.0000
16383,LOST_LONG,0.26489,-0.90535,0.60463,-1.16989,0.20000,0.07000,1.75145,-0.36040,0.0323,0.631,1.7583,-0.3785,0.0128,0.0116,0.26542,0.13823,0.00,-10.40,0.00,0.0000
16393,LOST_LONG,0.26489,-0.90535,0.60463,-1.16989,0.20000,0.07000,1.75145,-0.36040,0.0323,0.631,1.7583,-0.3785,0.0128,0.0116,0.26545,0.13792,0.00,-10.40,0.00,0.0000
16403,LOST_LONG,0.26489,-0.90535,0.60463,-1.16989,0.20000,0.07000,1.75145,-0.36040,0.0323,0.631,1.7583,-0.3785,0.0128,0.0116,0.26561,0.13981,0.00,-10.40,0.00,0.0000
16413,LOST_LONG,0.26489,-0.90535,0.60463,-1.16989,0.20000,0.07000,1.75145,-0.36040,0.0323,0.631,1.7583,-0.3785,0.0128,0.0116,0.26524,0.13707,0.00,-10.40,0.00,0.0000
16423,LOST_LONG,0.26489,-0.90535,0.60463,-1.16989,0.20000,0.07000,1.75145,-0.36040,0.0323,0.631,1.7583,-0.3785,0.0128,0.0116,0.26510,0.13695,0.00,-10.40,0.00,0.0000
16433,LOST_LONG,0.26489,-0.90535,0.60463,-1.16989,0.20000,0.07000,1.75145,-0.36040,0.0323,0.631,1.7583,-0.3785,0.0128,0.0116,0.26508,0.13712,0.00,-10.40,0.00,0.0000
16443,LOST_LONG,0.26489,-0.90535,0.60463,-1.16989,0.20000,0.07000,1.75145,-0.36040,0.0323,0.631,1.7583,-0.3785,0.0128,0.0116,0.26567,0.13850,0.00,-10.40,0.00,0.0000
16453,LOST_LONG,0.26489,-0.90535,0.60463,-1.16989,0.20000,0.07000,1.75145,-0.36040,0.0323,0.631,1.7583,-0.3785,0.0128,0.0116,0.26508,0.13734,0.00,-10.40,0.00,0.0000
16463,LOST_LONG,0.26489,-0.90535,0.60463,-1.16989,0.20000,0.07000,1.75145,-0.36040,0.0323,0.631,1.7583,-0.3785,0.0128,0.0116,0.26548,0.13768,0.00,-10.40,0.00,0.0000
16473,LOST_LONG,0.26489,-0.90535,0.60463,-1.16989,0.20000,0.07000,1.75145,-0.36040,0.0323,0.631,1.7583,-0.3785,0.0128,0.0116,0.26381,0.13484,0.00,-10.40,0.00,0.0000
16483,LOST_LONG,0.26489,-0.90535,0.60463,-1.16989,0.20000,0.07000,1.75145,-0.36040,0.0323,0.631,1.7583,-0.3785,0.0128,0.0116,0.26474,0.13699,0.00,-10.40,0.00,0.0000
16493,LOST_LONG,0.26489,-0.90535,0.60463,-1.16989,0.20000,0.07000,1.75145,-0.36040,0.0323,0.631,1.7583,-0.3785,0.0128,0.0116,0.26540,0.13785,0.00,-10.40,0.00,0.0000
16503,LOST_LONG,0.26489,-0.90535,0.60463,-1.16989,0.20000,0.07000,1.75145,-0.36040,0.0323,0.631,1.7583,-0.3785,0.0128,0.0116,0.26516,0.13690,0.00,-10.40,0.00,0.0000
16513,LOST_LONG,0.26489,-0.90535,0.60463,-1.16989,0.20000,0.07000,1.75145,-0.36040,0.0323,0.631,1.7583,-0.3785,0.0128,0.0116,0.26531,0.13757,0.00,-10.40,0.00,0.0000
16523,LOST_LONG,0.26489,-0.90535,0.60463,-1.16989,0.20000,0.07000,1.75145,-0.36040,0.0323,0.631,1.7583,-0.3785,0.0128,0.0116,0.26514,0.13674,0.00,-10.40,0.00,0.0000
16533,LOST_LONG,0.26489,-0.90535,0.60463,-1.16989,0.20000,0.07000,1.75145,-0.36040,0.0323,0.631,1.7583,-0.3785,0.0128,0.0116,0.26314,0.13359,0.00,-10.40,0.00,0.0000
16543,LOST_LONG,0.26489,-0.90535,0.60463,-1.16989,0.20000,0.07000,1.75145,-0.36040,0.0323,0.631,1.7583,-0.3785,0.0128,0.0116,0.26475,0.13719,0.00,-10.40,0.00,0.0000
16553,LOST_LONG,0.26489,-0.90535,0.60463,-1.16989,0.20000,0.07000,1.75145,-0.36040,0.0323,0.631,1.7583,-0.3785,0.0128,0.0116,0.26494,0.13701,0.00,-10.40,0.00,0.0000
16563,LOST_LONG,0.26489,-0.90535,0.60463,-1.16989,0.20000,0.07000,1.75145,-0.36040,0.0323,0.631,1.7583,-0.3785,0.0128,0.0116,0.26523,0.13697,0.00,-10.40,0.00,0.0000
16573,LOST_LONG,0.26489,-0.90535,0.60463,-1.16989,0.20000,0.07000,1.75145,-0.36040,0.0323,0.631,1.7583,-0.3785,0.0128,0.0116,0.26487,0.13711,0.00,-10.40,0.00,0.0000
16583,LOST_LONG,0.26489,-0.90535,0.60463,-1.16989,0.20000,0.07000,1.75145,-0.36040,0.0323,0.631,1.7583,-0.3785,0.0128,0.0116,0.26494,0.13684,0.00,-10.40,0.00,0.0000
16593,LOST_LONG,0.26489,-0.90535,0.60463,-1.16989,0.20000,0.07000,1.75145,-0.36040,0.0323,0.631,1.7583,-0.3785,0.0128,0.0116,0.26496,0.13629,0.00,-10.40,0.00,0.0000
16603,LOST_LONG,0.26489,-0.90535,0.60463,-1.16989,0.20000,0.07000,1.75145,-0.36040,0.0323,0.631,1.7583,-0.3785,0.0128,0.0116,0.26378,0.13841,0.00,-10.40,0.00,0.0000
16613,LOST_LONG,0.26489,-0.90535,0.60463,-1.16989,0.20000,0.07000,1.75145,-0.36040,0.0323,0.631,1.7583,-0.3785,0.0128,0.0116,0.26447,0.13717,0.00,-10.40,0.00,0.0000
16623,LOST_LONG,0.26489,-0.90535,0.60463,-1.16989,0.20000,0.07000,1.75145,-0.36040,0.0323,0.631,1.7583,-0.3785,0.0128,0.0116,0.26489,0.13706,0.00,-10.40,0.00,0.0000
16633,LOST_LONG,0.26489,-0.90535,0.60463,-1.16989,0.20000,0.07000,1.75145,-0.36040,0.0323,0.631,1.7583,-0.3785,0.0128,0.0116,0.26510,0.13717,0.00,-10.40,0.00,0.0000
16643,LOST_LONG,0.26489,-0.90535,0.60463,-1.16989,0.20000,0.07000,1.75145,-0.36040,0.0323,0.631,1.7583,-0.3785,0.0128,0.0116,0.26542,0.13797,0.00,-10.40,0.00,0.0000
16653,LOST_LONG,0.26489,-0.90535,0.60463,-1.16989,0.20000,0.07000,1.75145,-0.36040,0.0323,0.631,1.7583,-0.3785,0.0128,0.0116,0.26512,0.13738,0.00,-10.40,0.00,0.0000
16663,LOST_LONG,0.26489,-0.90535,0.60463,-1.16989,0.20000,0.07000,1.75145,-0.36040,0.0323,0.631,1.7583,-0.3785,0.0128,0.0116,0.26519,0.13704,0.00,-10.40,0.00,0.0000
16673,LOST_LONG,0.26489,-0.90535,0.60463,-1.16989,0.20000,0.07000,1.75145,-0.36040,0.0323,0.631,1.7583,-0.3785,0.0128,0.0116,0.26451,0.13628,0.00,-10.40,0.00,0.0000
16683,LOST_LONG,0.26489,-0.90535,0.60463,-1.16989,0.20000,0.07000,1.75145,-0.36040,0.0323,0.631,1.7583,-0.3785,0.0128,0.0116,0.26487,0.13701,0.00,-10.40,0.00,0.0000
16693,LOST_LONG,0.26489,-0.90535,0.60463,-1.16989,0.20000,0.07000,1.75145,-0.36040,0.0323,0.631,1.7583,-0.3785,0.0128,0.0116,0.26488,0.13720,0.00,-10.40,0.00,0.0000
16703,LOST_LONG,0.26489,-0.90535,0.60463,-1.16989,0.20000,0.07000,1.75145,-0.36040,0.0323,0.631,1.7583,-0.3785,0.0128,0.0116,0.26534,0.13767,0.00,-10.40,0.00,0.0000
16713,LOST_LONG,0.26489,-0.90535,0.60463,-1.16989,0.20000,0.07000,1.75145,-0.36040,0.0323,0.631,1.7583,-0.3785,0.0128,0.0116,0.26440,0.13628,0.00,-10.40,0.00,0.0000
16723,LOST_LONG,0.26489,-0.90535,0.60463,-1.16989,0.20000,0.07000,1.75145,-0.36040,0.0323,0.631,1.7583,-0.3785,0.0128,0.0116,0.26462,0.13768,0.00,-10.40,0.00,0.0000
16733,LOST_LONG,0.26489,-0.90535,0.60463,-1.16989,0.20000,0.07000,1.75145,-0.36040,0.0323,0.631,1.7583,-0.3785,0.0128,0.0116,0.26542,0.13765,0.00,-10.40,0.00,0.0000
16743,LOST_LONG,0.26489,-0.90535,0.60463,-1.16989,0.20000,0.07000,1.75145,-0.36040,0.0323,0.631,1.7583,-0.3785,0.0128,0.0116,0.26513,0.13670,0.00,-10.40,0.00,0.0000
16753,LOST_LONG,0.26489,-0.90535,0.60463,-1.16989,0.20000,0.07000,1.75145,-0.36040,0.0323,0.631,1.7583,-0.3785,0.0128,0.0116,0.26520,0.13719,0.00,-10.40,0.00,0.0000
16763,LOST_LONG,0.26489,-0.90535,0.60463,-1.16989,0.20000,0.07000,1.75145,-0.36040,0.0323,0.631,1.7583,-0.3785,0.0128,0.0116,0.26550,0.13770,0.00,-10.40,0.00,0.0000
16773,LOST_LONG,0.26489,-0.90535,0.60463,-1.16989,0.20000,0.07000,1.75145,-0.36040,0.0323,0.631,1.7583,-0.3785,0.0128,0.0116,0.26473,0.13606,0.00,-10.40,0.00,0.0000
16783,LOST_LONG,0.26489,-0.90535,0.60463,-1.16989,0.20000,0.07000,1.75145,-0.36040,0.0323,0.631,1.7583,-0.3785,0.0128,0.0116,0.26534,0.13837,0.00,-10.40,0.00,0.0000
16793,LOST_LONG,0.26489,-0.90535,0.60463,-1.16989,0.20000,0.07000,1.75145,-0.36040,0.0323,0.631,1.7583,-0.3785,0.0128,0.0116,0.26538,0.13748,0.00,-10.40,0.00,0.0000
16803,LOST_LONG,0.26489,-0.90535,0.60463,-1.16989,0.20000,0.07000,1.75145,-0.36040,0.0323,0.631,1.7583,-0.3785,0.0128,0.0116,0.26453,0.13773,0.00,-10.40,0.00,0.0000
16813,LOST_LONG,0.26489,-0.90535,0.60463,-1.16989,0.20000,0.07000,1.75145,-0.36040,0.0323,0.631,1.7583,-0.3785,0.0128,0.0116,0.26527,0.13775,0.00,-10.40,0.00,0.0000
16823,LOST_LONG,0.26489,-0.90535,0.60463,-1.16989,0.20000,0.07000,1.75145,-0.36040,0.0323,0.631,1.7583,-0.3785,0.0128,0.0116,0.26513,0.13700,0.00,-10.40,0.00,0.0000
16833,LOST_LONG,0.26489,-0.90535,0.60463,-1.16989,0.20000,0.07000,1.75145,-0.36040,0.0323,0.631,1.7583,-0.3785,0.0128,0.0116,0.26534,0.13735,0.00,-10.40,0.00,0.0000
16843,LOST_LONG,0.26489,-0.90535,0.60463,-1.16989,0.20000,0.07000,1.75145,-0.36040,0.0323,0.631,1.7583,-0.3785,0.0128,0.0116,0.26536,0.13774,0.00,-10.40,0.00,0.0000
16853,LOST_LONG,0.26489,-0.90535,0.60463,-1.16989,0.20000,0.07000,1.75145,-0.36040,0.0323,0.631,1.7583,-0.3785,0.0128,0.0116,0.26486,0.13701,0.00,-10.40,0.00,0.0000
16863,LOST_LONG,0.26489,-0.90535,0.60463,-1.16989,0.20000,0.07000,1.75145,-0.36040,0.0323,0.631,1.7583,-0.3785,0.0128,0.0116,0.26481,0.13734,0.00,-10.40,0.00,0.0000
16873,LOST_LONG,0.26489,-0.90535,0.60463,-1.16989,0.20000,0.07000,1.75145,-0.36040,0.0323,0.631,1.7583,-0.3785,0.0128,0.0116,0.26536,0.13796,0.00,-10.40,0.00,0.0000
16883,LOST_LONG,0.26489,-0.90535,0.60463,-1.16989,0.20000,0.07000,1.75145,-0.36040,0.0323,0.631,1.7583,-0.3785,0.0128,0.0116,0.26541,0.13726,0.00,-10.40,0.00,0.0000
16893,LOST_LONG,0.26489,-0.90535,0.60463,-1.16989,0.20000,0.07000,1.75145,-0.36040,0.0323,0.631,1.7583,-0.3785,0.0128,0.0116,0.26568,0.13859,0.00,-10.40,0.00,0.0000
16903,LOST_LONG,0.26489,-0.90535,0.60463,-1.16989,0.20000,0.07000,1.75145,-0.36040,0.0323,0.631,1.7583,-0.3785,0.0128,0.0116,0.26550,0.13815,0.00,-10.40,0.00,0.0000
16913,LOST_LONG,0.26489,-0.90535,0.60463,-1.16989,0.20000,0.07000,1.75145,-0.36040,0.0323,0.631,1.7583,-0.3785,0.0128,0.0116,0.26556,0.13813,0.00,-10.40,0.00,0.0000
16923,LOST_LONG,0.26489,-0.90535,0.60463,-1.16989,0.20000,0.07000,1.75145,-0.36040,0.0323,0.631,1.7583,-0.3785,0.0128,0.0116,0.26529,0.13715,0.00,-10.40,0.00,0.0000
16933,LOST_LONG,0.26489,-0.90535,0.60463,-1.16989,0.20000,0.07000,1.75145,-0.36040,0.0323,0.631,1.7583,-0.3785,0.0128,0.0116,0.26533,0.13750,0.00,-10.40,0.00,0.0000
16943,LOST_LONG,0.26489,-0.90535,0.60463,-1.16989,0.20000,0.07000,1.75145,-0.36040,0.0323,0.631,1.7583,-0.3785,0.0128,0.0116,0.26539,0.13755,0.00,-10.40,0.00,0.0000
16953,LOST_LONG,0.26489,-0.90535,0.60463,-1.16989,0.20000,0.07000,1.75145,-0.36040,0.0323,0.631,1.7583,-0.3785,0.0128,0.0116,0.26537,0.13816,0.00,-10.40,0.00,0.0000
16963,LOST_LONG,0.26489,-0.90535,0.60463,-1.16989,0.20000,0.07000,1.75145,-0.36040,0.0323,0.631,1.7583,-0.3785,0.0128,0.0116,0.26551,0.13805,0.00,-10.40,0.00,0.0000
16973,LOST_LONG,0.26489,-0.90535,0.60463,-1.16989,0.20000,0.07000,1.75145,-0.36040,0.0323,0.631,1.7583,-0.3785,0.0128,0.0116,0.26530,0.13709,0.00,-10.40,0.00,0.0000
16983,LOST_LONG,0.26489,-0.90535,0.60463,-1.16989,0.20000,0.07000,1.75145,-0.36040,0.0323,0.631,1.7583,-0.3785,0.0128,0.0116,0.26249,0.13189,0.00,-10.40,0.00,0.0000
16993,LOST_LONG,0.26489,-0.90535,0.60463,-1.16989,0.20000,0.07000,1.75145,-0.36040,0.0323,0.631,1.7583,-0.3785,0.0128,0.0116,0.26465,0.13719,0.00,-10.40,0.00,0.0000
17003,LOST_LONG,0.26489,-0.90535,0.60463,-1.16989,0.20000,0.07000,1.75145,-0.36040,0.0323,0.631,1.7583,-0.3785,0.0128,0.0116,0.26481,0.13666,0.00,-10.40,0.00,0.0000
17013,LOST_LONG,0.26489,-0.90535,0.60463,-1.16989,0.20000,0.07000,1.75145,-0.36040,0.0323,0.631,1.7583,-0.3785,0.0128,0.0116,0.26519,0.13736,0.00,-10.40,0.00,0.0000
17023,LOST_LONG,0.26489,-0.90535,0.60463,-1.16989,0.20000,0.07000,1.75145,-0.36040,0.0323,0.631,1.7583,-0.3785,0.0128,0.0116,0.26554,0.13821,0.00,-10.40,0.00,0.0000
17033,LOST_LONG,0.26489,-0.90535,0.60463,-1.16989,0.20000,0.07000,1.75145,-0.36040,0.0323,0.631,1.7583,-0.3785,0.0128,0.0116,0.26514,0.13721,0.00,-10.40,0.00,0.0000
17043,LOST_LONG,0.26489,-0.90535,0.60463,-1.16989,0.20000,0.07000,1.75145,-0.36040,0.0323,0.631,1.7583,-0.3785,0.0128,0.0116,0.26645,0.14007,0.00,-10.40,0.00,0.0000
17053,LOST_LONG,0.26489,-0.90535,0.60463,-1.16989,0.20000,0.07000,1.75145,-0.36040,0.0323,0.631,1.7583,-0.3785,0.0128,0.0116,0.26497,0.13728,0.00,-10.40,0.00,0.0000
17063,LOST_LONG,0.26489,-0.90535,0.60463,-1.16989,0.20000,0.07000,1.75145,-0.36040,0.0323,0.631,1.7583,-0.3785,0.0128,0.0116,0.26393,0.13628,0.00,-10.40,0.00,0.0000
17073,LOST_LONG,0.26489,-0.90535,0.60463,-1.16989,0.20000,0.07000,1.75145,-0.36040,0.0323,0.631,1.7583,-0.3785,0.0128,0.0116,0.26512,0.13804,0.00,-10.40,0.00,0.0000
17083,LOST_LONG,0.26489,-0.90535,0.60463,-1.16989,0.20000,0.07000,1.75145,-0.36040,0.0323,0.631,1.7583,-0.3785,0.0128,0.0116,0.26527,0.13679,0.00,-10.40,0.00,0.0000
17093,LOST_LONG,0.26489,-0.90535,0.60463,-1.16989,0.20000,0.07000,1.75145,-0.36040,0.0323,0.631,1.7583,-0.3785,0.0128,0.0116,0.26557,0.13834,0.00,-10.40,0.00,0.0000
17103,LOST_LONG,0.26489,-0.90535,0.60463,-1.16989,0.20000,0.07000,1.75145,-0.36040,0.0323,0.631,1.7583,-0.3785,0.0128,0.0116,0.26467,0.13683,0.00,-10.40,0.00,0.0000
17113,LOST_LONG,0.26489,-0.90535,0.60463,-1.16989,0.20000,0.07000,1.75145,-0.36040,0.0323,0.631,1.7583,-0.3785,0.0128,0.0116,0.26516,0.13775,0.00,-10.40,0.00,0.0000
17123,LOST_LONG,0.26489,-0.90535,0.60463,-1.16989,0.20000,0.07000,1.75145,-0.36040,0.0323,0.631,1.7583,-0.3785,0.0128,0.0116,0.26506,0.13714,0.00,-10.40,0.00,0.0000
17133,LOST_LONG,0.26489,-0.90535,0.60463,-1.16989,0.20000,0.07000,1.75145,-0.36040,0.0323,0.631,1.7583,-0.3785,0.0128,0.0116,0.26497,0.13711,0.00,-10.40,0.00,0.0000
17143,LOST_LONG,0.26489,-0.90535,0.60463,-1.16989,0.20000,0.07000,1.75145,-0.36040,0.0323,0.631,1.7583,-0.3785,0.0128,0.0116,0.26531,0.13750,0.00,-10.40,0.00,0.0000
17153,LOST_LONG,0.26489,-0.90535,0.60463,-1.16989,0.20000,0.07000,1.75145,-0.36040,0.0323,0.631,1.7583,-0.3785,0.0128,0.0116,0.26529,0.13737,0.00,-10.40,0.00,0.0000
17163,LOST_LONG,0.26489,-0.90535,0.60463,-1.16989,0.20000,0.07000,1.75145,-0.36040,0.0323,0.631,1.7583,-0.3785,0.0128,0.0116,0.26472,0.13600,0.00,-10.40,0.00,0.0000
17173,LOST_LONG,0.26489,-0.90535,0.60463,-1.16989,0.20000,0.07000,1.75145,-0.36040,0.0323,0.631,1.7583,-0.3785,0.0128,0.0116,0.26511,0.13682,0.00,-10.40,0.00,0.0000
17183,LOST_LONG,0.26489,-0.90535,0.60463,-1.16989,0.20000,0.07000,1.75145,-0.36040,0.0323,0.631,1.7583,-0.3785,0.0128,0.0116,0.26464,0.13660,0.00,-10.40,0.00,0.0000
17193,LOST_LONG,0.26489,-0.90535,0.60463,-1.16989,0.20000,0.07000,1.75145,-0.36040,0.0323,0.631,1.7583,-0.3785,0.0128,0.0116,0.26616,0.13907,0.00,-10.40,0.00,0.0000
17203,LOST_LONG,0.26489,-0.90535,0.60463,-1.16989,0.20000,0.07000,1.75145,-0.36040,0.0323,0.631,1.7583,-0.3785,0.0128,0.0116,0.26562,0.13772,0.00,-10.40,0.00,0.0000
17213,LOST_LONG,0.26489,-0.90535,0.60463,-1.16989,0.20000,0.07000,1.75145,-0.36040,0.0323,0.631,1.7583,-0.3785,0.0128,0.0116,0.26502,0.13740,0.00,-10.40,0.00,0.0000
17223,LOST_LONG,0.26489,-0.90535,0.60463,-1.16989,0.20000,0.07000,1.75145,-0.36040,0.0323,0.631,1.7583,-0.3785,0.0128,0.0116,0.26516,0.13688,0.00,-10.40,0.00,0.0000
17233,LOST_LONG,0.26489,-0.90535,0.60463,-1.16989,0.20000,0.07000,1.75145,-0.36040,0.0323,0.631,1.7583,-0.3785,0.0128,0.0116,0.26476,0.13740,0.00,-10.40,0.00,0.0000
17243,LOST_LONG,0.26489,-0.90535,0.60463,-1.16989,0.20000,0.07000,1.75145,-0.36040,0.0323,0.631,1.7583,-0.3785,0.0128,0.0116,0.26562,0.13945,0.00,-10.40,0.00,0.0000
17253,LOST_LONG,0.26489,-0.90535,0.60463,-1.16989,0.20000,0.07000,1.75145,-0.36040,0.0323,0.631,1.7583,-0.3785,0.0128,0.0116,0.26569,0.13796,0.00,-10.40,0.00,0.0000
17263,LOST_LONG,0.26489,-0.90535,0.60463,-1.16989,0.20000,0.07000,1.75145,-0.36040,0.0323,0.631,1.7583,-0.3785,0.0128,0.0116,0.26519,0.13743,0.00,-10.40,0.00,0.0000
17273,LOST_LONG,0.26489,-0.90535,0.60463,-1.16989,0.20000,0.07000,1.75145,-0.36040,0.0323,0.631,1.7583,-0.3785,0.0128,0.0116,0.26509,0.13671,0.00,-10.40,0.00,0.0000
17283,LOST_LONG,0.26489,-0.90535,0.60463,-1.16989,0.20000,0.07000,1.75145,-0.36040,0.0323,0.631,1.7583,-0.3785,0.0128,0.0116,0.26527,0.13685,0.00,-10.40,0.00,0.0000
17293,LOST_LONG,0.26489,-0.90535,0.60463,-1.16989,0.20000,0.07000,1.75145,-0.36040,0.0323,0.631,1.7583,-0.3785,0.0128,0.0116,0.26515,0.13864,0.00,-10.40,0.00,0.0000
17303,LOST_LONG,0.26489,-0.90535,0.60463,-1.16989,0.20000,0.07000,1.75145,-0.36040,0.0323,0.631,1.7583,-0.3785,0.0128,0.0116,0.26320,0.13487,0.00,-10.40,0.00,0.0000
17313,LOST_LONG,0.26489,-0.90535,0.60463,-1.16989,0.20000,0.07000,1.75145,-0.36040,0.0323,0.631,1.7583,-0.3785,0.0128,0.0116,0.26446,0.13751,0.00,-10.40,0.00,0.0000
17323,LOST_LONG,0.26489,-0.90535,0.60463,-1.16989,0.20000,0.07000,1.75145,-0.36040,0.0323,0.631,1.7583,-0.3785,0.0128,0.0116,0.26480,0.13691,0.00,-10.40,0.00,0.0000
17333,LOST_LONG,0.26489,-0.90535,0.60463,-1.16989,0.20000,0.07000,1.75145,-0.36040,0.0323,0.631,1.7583,-0.3785,0.0128,0.0116,0.26478,0.13605,0.00,-10.40,0.00,0.0000
17343,LOST_LONG,0.26489,-0.90535,0.60463,-1.16989,0.20000,0.07000,1.75145,-0.36040,0.0323,0.631,1.7583,-0.3785,0.0128,0.0116,0.26605,0.13880,0.00,-10.40,0.00,0.0000
17353,LOST_LONG,0.26489,-0.90535,0.60463,-1.16989,0.20000,0.07000,1.75145,-0.36040,0.0323,0.631,1.7583,-0.3785,0.0128,0.0116,0.26457,0.13798,0.00,-10.40,0.00,0.0000
17363,LOST_LONG,0.26489,-0.90535,0.60463,-1.16989,0.20000,0.07000,1.75145,-0.36040,0.0323,0.631,1.7583,-0.3785,0.0128,0.0116,0.26494,0.13698,0.00,-10.40,0.00,0.0000
17373,LOST_LONG,0.26489,-0.90535,0.60463,-1.16989,0.20000,0.07000,1.75145,-0.36040,0.0323,0.631,1.7583,-0.3785,0.0128,0.0116,0.26460,0.13776,0.00,-10.40,0.00,0.0000
17383,LOST_LONG,0.26489,-0.90535,0.60463,-1.16989,0.20000,0.07000,1.75145,-0.36040,0.0323,0.631,1.7583,-0.3785,0.0128,0.0116,0.26526,0.13783,0.00,-10.40,0.00,0.0000
17393,LOST_LONG,0.26489,-0.90535,0.60463,-1.16989,0.20000,0.07000,1.75145,-0.36040,0.0323,0.631,1.7583,-0.3785,0.0128,0.0116,0.26502,0.13720,0.00,-10.40,0.00,0.0000
17403,LOST_LONG,0.26489,-0.90535,0.60463,-1.16989,0.20000,0.07000,1.75145,-0.36040,0.0323,0.631,1.7583,-0.3785,0.0128,0.0116,0.26535,0.13732,0.00,-10.40,0.00,0.0000
17413,LOST_LONG,0.26489,-0.90535,0.60463,-1.16989,0.20000,0.07000,1.75145,-0.36040,0.0323,0.631,1.7583,-0.3785,0.0128,0.0116,0.26550,0.13831,0.00,-10.40,0.00,0.0000
17423,LOST_LONG,0.26489,-0.90535,0.60463,-1.16989,0.20000,0.07000,1.75145,-0.36040,0.0323,0.631,1.7583,-0.3785,0.0128,0.0116,0.26491,0.13747,0.00,-10.40,0.00,0.0000
17433,LOST_LONG,0.26489,-0.90535,0.60463,-1.16989,0.20000,0.07000,1.75145,-0.36040,0.0323,0.631,1.7583,-0.3785,0.0128,0.0116,0.26472,0.13728,0.00,-10.40,0.00,0.0000
17443,LOST_LONG,0.26489,-0.90535,0.60463,-1.16989,0.20000,0.07000,1.75145,-0.36040,0.0323,0.631,1.7583,-0.3785,0.0128,0.0116,0.26474,0.13729,0.00,-10.40,0.00,0.0000
17453,LOST_LONG,0.26489,-0.90535,0.60463,-1.16989,0.20000,0.07000,1.75145,-0.36040,0.0323,0.631,1.7583,-0.3785,0.0128,0.0116,0.26515,0.13711,0.00,-10.40,0.00,0.0000
17463,LOST_LONG,0.26489,-0.90535,0.60463,-1.16989,0.20000,0.07000,1.75145,-0.36040,0.0323,0.631,1.7583,-0.3785,0.0128,0.0116,0.26504,0.13710,0.00,-10.40,0.00,0.0000
17473,LOST_LONG,0.26489,-0.90535,0.60463,-1.16989,0.20000,0.07000,1.75145,-0.36040,0.0323,0.631,1.7583,-0.3785,0.0128,0.0116,0.26541,0.13782,0.00,-10.40,0.00,0.0000
17483,LOST_LONG,0.26489,-0.90535,0.60463,-1.16989,0.20000,0.07000,1.75145,-0.36040,0.0323,0.631,1.7583,-0.3785,0.0128,0.0116,0.26530,0.13716,0.00,-10.40,0.00,0.0000
17493,LOST_LONG,0.26489,-0.90535,0.60463,-1.16989,0.20000,0.07000,1.75145,-0.36040,0.0323,0.631,1.7583,-0.3785,0.0128,0.0116,0.26520,0.13673,0.00,-10.40,0.00,0.0000
17503,LOST_LONG,0.26489,-0.90535,0.60463,-1.16989,0.20000,0.07000,1.75145,-0.36040,0.0323,0.631,1.7583,-0.3785,0.0128,0.0116,0.26502,0.13697,0.00,-10.40,0.00,0.0000
17513,LOST_LONG,0.26489,-0.90535,0.60463,-1.16989,0.20000,0.07000,1.75145,-0.36040,0.0323,0.631,1.7583,-0.3785,0.0128,0.0116,0.26560,0.13745,0.00,-10.40,0.00,0.0000
17523,LOST_LONG,0.26489,-0.90535,0.60463,-1.16989,0.20000,0.07000,1.75145,-0.36040,0.0323,0.631,1.7583,-0.3785,0.0128,0.0116,0.26551,0.13782,0.00,-10.40,0.00,0.0000
17533,LOST_LONG,0.26489,-0.90535,0.60463,-1.16989,0.20000,0.07000,1.75145,-0.36040,0.0323,0.631,1.7583,-0.3785,0.0128,0.0116,0.26575,0.13797,0.00,-10.40,0.00,0.0000
17543,LOST_LONG,0.26489,-0.90535,0.60463,-1.16989,0.20000,0.07000,1.75145,-0.36040,0.0323,0.631,1.7583,-0.3785,0.0128,0.0116,0.26506,0.13691,0.00,-10.40,0.00,0.0000
17553,LOST_LONG,0.26489,-0.90535,0.60463,-1.16989,0.20000,0.07000,1.75145,-0.36040,0.0323,0.631,1.7583,-0.3785,0.0128,0.0116,0.26402,0.13590,0.00,-10.40,0.00,0.0000
17563,LOST_LONG,0.26489,-0.90535,0.60463,-1.16989,0.20000,0.07000,1.75145,-0.36040,0.0323,0.631,1.7583,-0.3785,0.0128,0.0116,0.26489,0.13719,0.00,-10.40,0.00,0.0000
17573,LOST_LONG,0.26489,-0.90535,0.60463,-1.16989,0.20000,0.07000,1.75145,-0.36040,0.0323,0.631,1.7583,-0.3785,0.0128,0.0116,0.26427,0.13642,0.00,-10.40,0.00,0.0000
17583,LOST_LONG,0.26489,-0.90535,0.60463,-1.16989,0.20000,0.07000,1.75145,-0.36040,0.0323,0.631,1.7583,-0.3785,0.0128,0.0116,0.26504,0.13807,0.00,-10.40,0.00,0.0000
17593,LOST_LONG,0.26489,-0.90535,0.60463,-1.16989,0.20000,0.07000,1.75145,-0.36040,0.0323,0.631,1.7583,-0.3785,0.0128,0.0116,0.26527,0.13746,0.00,-10.40,0.00,0.0000
17603,LOST_LONG,0.26489,-0.90535,0.60463,-1.16989,0.20000,0.07000,1.75145,-0.36040,0.0323,0.631,1.7583,-0.3785,0.0128,0.0116,0.26578,0.14093,0.00,-10.40,0.00,0.0000
17613,LOST_LONG,0.26489,-0.90535,0.60463,-1.16989,0.20000,0.07000,1.75145,-0.36040,0.0323,0.631,1.7583,-0.3785,0.0128,0.0116,0.26096,0.12809,0.00,-10.40,0.00,0.0000
17623,LOST_LONG,0.26489,-0.90535,0.60463,-1.16989,0.20000,0.07000,1.75145,-0.36040,0.0323,0.631,1.7583,-0.3785,0.0128,0.0116,0.26509,0.13943,0.00,-10.40,0.00,0.0000
17633,LOST_LONG,0.26489,-0.90535,0.60463,-1.16989,0.20000,0.07000,1.75145,-0.36040,0.0323,0.631,1.7583,-0.3785,0.0128,0.0116,0.26505,0.13744,0.00,-10.40,0.00,0.0000
17643,LOST_LONG,0.26489,-0.90535,0.60463,-1.16989,0.20000,0.07000,1.75145,-0.36040,0.0323,0.631,1.7583,-0.3785,0.0128,0.0116,0.26500,0.13638,0.00,-10.40,0.00,0.0000
17653,LOST_LONG,0.26489,-0.90535,0.60463,-1.16989,0.20000,0.07000,1.75145,-0.36040,0.0323,0.631,1.7583,-0.3785,0.0128,0.0116,0.26522,0.13713,0.00,-10.40,0.00,0.0000
17663,LOST_LONG,0.26489,-0.90535,0.60463,-1.16989,0.20000,0.07000,1.75145,-0.36040,0.0323,0.631,1.7583,-0.3785,0.0128,0.0116,0.26518,0.13713,0.00,-10.40,0.00,0.0000
17673,LOST_LONG,0.26489,-0.90535,0.60463,-1.16989,0.20000,0.07000,1.75145,-0.36040,0.0323,0.631,1.7583,-0.3785,0.0128,0.0116,0.26208,0.13159,0.00,-10.40,0.00,0.0000
17683,LOST_LONG,0.26489,-0.90535,0.60463,-1.16989,0.20000,0.07000,1.75145,-0.36040,0.0323,0.631,1.7583,-0.3785,0.0128,0.0116,0.26435,0.13682,0.00,-10.40,0.00,0.0000
17693,LOST_LONG,0.26489,-0.90535,0.60463,-1.16989,0.20000,0.07000,1.75145,-0.36040,0.0323,0.631,1.7583,-0.3785,0.0128,0.0116,0.26430,0.13677,0.00,-10.40,0.00,0.0000
17703,LOST_LONG,0.26489,-0.90535,0.60463,-1.16989,0.20000,0.07000,1.75145,-0.36040,0.0323,0.631,1.7583,-0.3785,0.0128,0.0116,0.26513,0.13815,0.00,-10.40,0.00,0.0000
17713,LOST_LONG,0.26489,-0.90535,0.60463,-1.16989,0.20000,0.07000,1.75145,-0.36040,0.0323,0.631,1.7583,-0.3785,0.0128,0.0116,0.26497,0.13678,0.00,-10.40,0.00,0.0000
17723,LOST_LONG,0.26489,-0.90535,0.60463,-1.16989,0.20000,0.07000,1.75145,-0.36040,0.0323,0.631,1.7583,-0.3785,0.0128,0.0116,0.26530,0.13778,0.00,-10.40,0.00,0.0000
17733,LOST_LONG,0.26489,-0.90535,0.60463,-1.16989,0.20000,0.07000,1.75145,-0.36040,0.0323,0.631,1.7583,-0.3785,0.0128,0.0116,0.26507,0.13704,0.00,-10.40,0.00,0.0000
17743,LOST_LONG,0.26489,-0.90535,0.60463,-1.16989,0.20000,0.07000,1.75145,-0.36040,0.0323,0.631,1.7583,-0.3785,0.0128,0.0116,0.26508,0.13705,0.00,-10.40,0.00,0.0000
17753,LOST_LONG,0.26489,-0.90535,0.60463,-1.16989,0.20000,0.07000,1.75145,-0.36040,0.0323,0.631,1.7583,-0.3785,0.0128,0.0116,0.26294,0.13303,0.00,-10.40,0.00,0.0000
17763,LOST_LONG,0.26489,-0.90535,0.60463,-1.16989,0.20000,0.07000,1.75145,-0.36040,0.0323,0.631,1.7583,-0.3785,0.0128,0.0116,0.26424,0.13642,0.00,-10.40,0.00,0.0000
17773,LOST_LONG,0.26489,-0.90535,0.60463,-1.16989,0.20000,0.07000,1.75145,-0.36040,0.0323,0.631,1.7583,-0.3785,0.0128,0.0116,0.26545,0.13823,0.00,-10.40,0.00,0.0000
17783,LOST_LONG,0.26489,-0.90535,0.60463,-1.16989,0.20000,0.07000,1.75145,-0.36040,0.0323,0.631,1.7583,-0.3785,0.0128,0.0116,0.26528,0.13697,0.00,-10.40,0.00,0.0000
17793,LOST_LONG,0.26489,-0.90535,0.60463,-1.16989,0.20000,0.07000,1.75145,-0.36040,0.0323,0.631,1.7583,-0.3785,0.0128,0.0116,0.26451,0.13594,0.00,-10.40,0.00,0.0000
17803,LOST_LONG,0.26489,-0.90535,0.60463,-1.16989,0.20000,0.07000,1.75145,-0.36040,0.0323,0.631,1.7583,-0.3785,0.0128,0.0116,0.26471,0.13763,0.00,-10.40,0.00,0.0000
17813,LOST_LONG,0.26489,-0.90535,0.60463,-1.16989,0.20000,0.07000,1.75145,-0.36040,0.0323,0.631,1.7583,-0.3785,0.0128,0.0116,0.26393,0.13485,0.00,-10.40,0.00,0.0000
17823,LOST_LONG,0.26489,-0.90535,0.60463,-1.16989,0.20000,0.07000,1.75145,-0.36040,0.0323,0.631,1.7583,-0.3785,0.0128,0.0116,0.26479,0.13690,0.00,-10.40,0.00,0.0000
17833,LOST_LONG,0.26489,-0.90535,0.60463,-1.16989,0.20000,0.07000,1.75145,-0.36040,0.0323,0.631,1.7583,-0.3785,0.0128,0.0116,0.26496,0.13691,0.00,-10.40,0.00,0.0000
17843,LOST_LONG,0.26489,-0.90535,0.60463,-1.16989,0.20000,0.07000,1.75145,-0.36040,0.0323,0.631,1.7583,-0.3785,0.0128,0.0116,0.26516,0.13732,0.00,-10.40,0.00,0.0000
17853,LOST_LONG,0.26489,-0.90535,0.60463,-1.16989,0.20000,0.07000,1.75145,-0.36040,0.0323,0.631,1.7583,-0.3785,0.0128,0.0116,0.26556,0.13771,0.00,-10.40,0.00,0.0000
17863,LOST_LONG,0.26489,-0.90535,0.60463,-1.16989,0.20000,0.07000,1.75145,-0.36040,0.0323,0.631,1.7583,-0.3785,0.0128,0.0116,0.26470,0.13611,0.00,-10.40,0.00,0.0000
17873,LOST_LONG,0.26489,-0.90535,0.60463,-1.16989,0.20000,0.07000,1.75145,-0.36040,0.0323,0.631,1.7583,-0.3785,0.0128,0.0116,0.26477,0.13681,0.00,-10.40,0.00,0.0000
17883,LOST_LONG,0.26489,-0.90535,0.60463,-1.16989,0.20000,0.07000,1.75145,-0.36040,0.0323,0.631,1.7583,-0.3785,0.0128,0.0116,0.26468,0.13612,0.00,-10.40,0.00,0.0000
17893,LOST_LONG,0.26489,-0.90535,0.60463,-1.16989,0.20000,0.07000,1.75145,-0.36040,0.0323,0.631,1.7583,-0.3785,0.0128,0.0116,0.26498,0.13735,0.00,-10.40,0.00,0.0000
17903,LOST_LONG,0.26489,-0.90535,0.60463,-1.16989,0.20000,0.07000,1.75145,-0.36040,0.0323,0.631,1.7583,-0.3785,0.0128,0.0116,0.26510,0.13690,0.00,-10.40,0.00,0.0000
17913,LOST_LONG,0.26489,-0.90535,0.60463,-1.16989,0.20000,0.07000,1.75145,-0.36040,0.0323,0.631,1.7583,-0.3785,0.0128,0.0116,0.26455,0.13604,0.00,-10.40,0.00,0.0000
17923,LOST_LONG,0.26489,-0.90535,0.60463,-1.16989,0.20000,0.07000,1.75145,-0.36040,0.0323,0.631,1.7583,-0.3785,0.0128,0.0116,0.26468,0.13726,0.00,-10.40,0.00,0.0000
17933,LOST_LONG,0.26489,-0.90535,0.60463,-1.16989,0.20000,0.07000,1.75145,-0.36040,0.0323,0.631,1.7583,-0.3785,0.0128,0.0116,0.26544,0.13835,0.00,-10.40,0.00,0.0000
17943,LOST_LONG,0.26489,-0.90535,0.60463,-1.16989,0.20000,0.07000,1.75145,-0.36040,0.0323,0.631,1.7583,-0.3785,0.0128,0.0116,0.26465,0.13710,0.00,-10.40,0.00,0.0000
17953,LOST_LONG,0.26489,-0.90535,0.60463,-1.16989,0.20000,0.07000,1.75145,-0.36040,0.0323,0.631,1.7583,-0.3785,0.0128,0.0116,0.26524,0.13796,0.00,-10.40,0.00,0.0000
17963,LOST_LONG,0.26489,-0.90535,0.60463,-1.16989,0.20000,0.07000,1.75145,-0.36040,0.0323,0.631,1.7583,-0.3785,0.0128,0.0116,0.26517,0.13705,0.00,-10.40,0.00,0.0000
17973,LOST_LONG,0.26489,-0.90535,0.60463,-1.16989,0.20000,0.07000,1.75145,-0.36040,0.0323,0.631,1.7583,-0.3785,0.0128,0.0116,0.26500,0.13741,0.00,-10.40,0.00,0.0000
17983,LOST_LONG,0.26489,-0.90535,0.60463,-1.16989,0.20000,0.07000,1.75145,-0.36040,0.0323,0.631,1.7583,-0.3785,0.0128,0.0116,0.26536,0.13736,0.00,-10.40,0.00,0.0000
17993,LOST_LONG,0.26489,-0.90535,0.60463,-1.16989,0.20000,0.07000,1.75145,-0.36040,0.0323,0.631,1.7583,-0.3785,0.0128,0.0116,0.26656,0.13999,0.00,-10.40,0.00,0.0000
18003,LOST_LONG,0.26489,-0.90535,0.60463,-1.16989,0.20000,0.07000,1.75145,-0.36040,0.0323,0.631,1.7583,-0.3785,0.0128,0.0116,0.26540,0.13747,0.00,-10.40,0.00,0.0000
18013,LOST_LONG,0.26489,-0.90535,0.60463,-1.16989,0.20000,0.07000,1.75145,-0.36040,0.0323,0.631,1.7583,-0.3785,0.0128,0.0116,0.26321,0.13654,0.00,-10.40,0.00,0.0000
18023,LOST_LONG,0.26489,-0.90535,0.60463,-1.16989,0.20000,0.07000,1.75145,-0.36040,0.0323,0.631,1.7583,-0.3785,0.0128,0.0116,0.26477,0.13729,0.00,-10.40,0.00,0.0000
18033,LOST_LONG,0.26489,-0.90535,0.60463,-1.16989,0.20000,0.07000,1.75145,-0.36040,0.0323,0.631,1.7583,-0.3785,0.0128,0.0116,0.26526,0.13818,0.00,-10.40,0.00,0.0000
18043,LOST_LONG,0.26489,-0.90535,0.60463,-1.16989,0.20000,0.07000,1.75145,-0.36040,0.0323,0.631,1.7583,-0.3785,0.0128,0.0116,0.26551,0.13800,0.00,-10.40,0.00,0.0000
18053,LOST_LONG,0.26489,-0.90535,0.60463,-1.16989,0.20000,0.07000,1.75145,-0.36040,0.0323,0.631,1.7583,-0.3785,0.0128,0.0116,0.26567,0.13834,0.00,-10.40,0.00,0.0000
18063,LOST_LONG,0.26489,-0.90535,0.60463,-1.16989,0.20000,0.07000,1.75145,-0.36040,0.0323,0.631,1.7583,-0.3785,0.0128,0.0116,0.26446,0.13594,0.00,-10.40,0.00,0.0000
18073,LOST_LONG,0.26489,-0.90535,0.60463,-1.16989,0.20000,0.07000,1.75145,-0.36040,0.0323,0.631,1.7583,-0.3785,0.0128,0.0116,0.26484,0.13719,0.00,-10.40,0.00,0.0000
18083,LOST_LONG,0.26489,-0.90535,0.60463,-1.16989,0.20000,0.07000,1.75145,-0.36040,0.0323,0.631,1.7583,-0.3785,0.0128,0.0116,0.26558,0.13762,0.00,-10.40,0.00,0.0000
18093,LOST_LONG,0.26489,-0.90535,0.60463,-1.16989,0.20000,0.07000,1.75145,-0.36040,0.0323,0.631,1.7583,-0.3785,0.0128,0.0116,0.26603,0.13867,0.00,-10.40,0.00,0.0000
18103,LOST_LONG,0.26489,-0.90535,0.60463,-1.16989,0.20000,0.07000,1.75145,-0.36040,0.0323,0.631,1.7583,-0.3785,0.0128,0.0116,0.26531,0.13737,0.00,-10.40,0.00,0.0000
18113,LOST_LONG,0.26489,-0.90535,0.60463,-1.16989,0.20000,0.07000,1.75145,-0.36040,0.0323,0.631,1.7583,-0.3785,0.0128,0.0116,0.26519,0.13735,0.00,-10.40,0.00,0.0000
18123,LOST_LONG,0.26489,-0.90535,0.60463,-1.16989,0.20000,0.07000,1.75145,-0.36040,0.0323,0.631,1.7583,-0.3785,0.0128,0.0116,0.26390,0.13479,0.00,-10.40,0.00,0.0000
18133,LOST_LONG,0.26489,-0.90535,0.60463,-1.16989,0.20000,0.07000,1.75145,-0.36040,0.0323,0.631,1.7583,-0.3785,0.0128,0.0116,0.26529,0.13743,0.00,-10.40,0.00,0.0000
18143,LOST_LONG,0.26489,-0.90535,0.60463,-1.16989,0.20000,0.07000,1.75145,-0.36040,0.0323,0.631,1.7583,-0.3785,0.0128,0.0116,0.26540,0.13848,0.00,-10.40,0.00,0.0000
18153,LOST_LONG,0.26489,-0.90535,0.60463,-1.16989,0.20000,0.07000,1.75145,-0.36040,0.0323,0.631,1.7583,-0.3785,0.0128,0.0116,0.26507,0.13683,0.00,-10.40,0.00,0.0000
18163,LOST_LONG,0.26489,-0.90535,0.60463,-1.16989,0.20000,0.07000,1.75145,-0.36040,0.0323,0.631,1.7583,-0.3785,0.0128,0.0116,0.26510,0.13715,0.00,-10.40,0.00,0.0000
18173,LOST_LONG,0.26489,-0.90535,0.60463,-1.16989,0.20000,0.07000,1.75145,-0.36040,0.0323,0.631,1.7583,-0.3785,0.0128,0.0116,0.26534,0.13786,0.00,-10.40,0.00,0.0000
18183,LOST_LONG,0.26489,-0.90535,0.60463,-1.16989,0.20000,0.07000,1.75145,-0.36040,0.0323,0.631,1.7583,-0.3785,0.0128,0.0116,0.26459,0.13622,0.00,-10.40,0.00,0.0000
18193,LOST_LONG,0.26489,-0.90535,0.60463,-1.16989,0.20000,0.07000,1.75145,-0.36040,0.0323,0.631,1.7583,-0.3785,0.0128,0.0116,0.26419,0.13696,0.00,-10.40,0.00,0.0000
18203,LOST_LONG,0.26489,-0.90535,0.60463,-1.16989,0.20000,0.07000,1.75145,-0.36040,0.0323,0.631,1.7583,-0.3785,0.0128,0.0116,0.26471,0.13720,0.00,-10.40,0.00,0.0000
18213,LOST_LONG,0.26489,-0.90535,0.60463,-1.16989,0.20000,0.07000,1.75145,-0.36040,0.0323,0.631,1.7583,-0.3785,0.0128,0.0116,0.26538,0.13749,0.00,-10.40,0.00,0.0000
18223,LOST_LONG,0.26489,-0.90535,0.60463,-1.16989,0.20000,0.07000,1.75145,-0.36040,0.0323,0.631,1.7583,-0.3785,0.0128,0.0116,0.26494,0.13721,0.00,-10.40,0.00,0.0000
18233,LOST_LONG,0.26489,-0.90535,0.60463,-1.16989,0.20000,0.07000,1.75145,-0.36040,0.0323,0.631,1.7583,-0.3785,0.0128,0.0116,0.26506,0.13678,0.00,-10.40,0.00,0.0000
18243,LOST_LONG,0.26489,-0.90535,0.60463,-1.16989,0.20000,0.07000,1.75145,-0.36040,0.0323,0.631,1.7583,-0.3785,0.0128,0.0116,0.26489,0.13646,0.00,-10.40,0.00,0.0000
18253,LOST_LONG,0.26489,-0.90535,0.60463,-1.16989,0.20000,0.07000,1.75145,-0.36040,0.0323,0.631,1.7583,-0.3785,0.0128,0.0116,0.26503,0.13697,0.00,-10.40,0.00,0.0000
18263,LOST_LONG,0.26489,-0.90535,0.60463,-1.16989,0.20000,0.07000,1.75145,-0.36040,0.0323,0.631,1.7583,-0.3785,0.0128,0.0116,0.26579,0.13774,0.00,-10.40,0.00,0.0000
18273,LOST_LONG,0.26489,-0.90535,0.60463,-1.16989,0.20000,0.07000,1.75145,-0.36040,0.0323,0.631,1.7583,-0.3785,0.0128,0.0116,0.26527,0.13704,0.00,-10.40,0.00,0.0000
18283,LOST_LONG,0.26489,-0.90535,0.60463,-1.16989,0.20000,0.07000,1.75145,-0.36040,0.0323,0.631,1.7583,-0.3785,0.0128,0.0116,0.26539,0.13734,0.00,-10.40,0.00,0.0000
18293,LOST_LONG,0.26489,-0.90535,0.60463,-1.16989,0.20000,0.07000,1.75145,-0.36040,0.0323,0.631,1.7583,-0.3785,0.0128,0.0116,0.26536,0.13733,0.00,-10.40,0.00,0.0000
18303,LOST_LONG,0.26489,-0.90535,0.60463,-1.16989,0.20000,0.07000,1.75145,-0.36040,0.0323,0.631,1.7583,-0.3785,0.0128,0.0116,0.26508,0.13744,0.00,-10.40,0.00,0.0000
18313,LOST_LONG,0.26489,-0.90535,0.60463,-1.16989,0.20000,0.07000,1.75145,-0.36040,0.0323,0.631,1.7583,-0.3785,0.0128,0.0116,0.26437,0.13789,0.00,-10.40,0.00,0.0000
18323,LOST_LONG,0.26489,-0.90535,0.60463,-1.16989,0.20000,0.07000,1.75145,-0.36040,0.0323,0.631,1.7583,-0.3785,0.0128,0.0116,0.26481,0.13675,0.00,-10.40,0.00,0.0000
18333,LOST_LONG,0.26489,-0.90535,0.60463,-1.16989,0.20000,0.07000,1.75145,-0.36040,0.0323,0.631,1.7583,-0.3785,0.0128,0.0116,0.26545,0.13803,0.00,-10.40,0.00,0.0000
18343,LOST_LONG,0.26489,-0.90535,0.60463,-1.16989,0.20000,0.07000,1.75145,-0.36040,0.0323,0.631,1.7583,-0.3785,0.0128,0.0116,0.26535,0.13769,0.00,-10.40,0.00,0.0000
18353,LOST_LONG,0.26489,-0.90535,0.60463,-1.16989,0.20000,0.07000,1.75145,-0.36040,0.0323,0.631,1.7583,-0.3785,0.0128,0.0116,0.26546,0.13734,0.00,-10.40,0.00,0.0000
18363,LOST_LONG,0.26489,-0.90535,0.60463,-1.16989,0.20000,0.07000,1.75145,-0.36040,0.0323,0.631,1.7583,-0.3785,0.0128,0.0116,0.26510,0.13698,0.00,-10.40,0.00,0.0000
18373,LOST_LONG,0.26489,-0.90535,0.60463,-1.16989,0.20000,0.07000,1.75145,-0.36040,0.0323,0.631,1.7583,-0.3785,0.0128,0.0116,0.26509,0.13709,0.00,-10.40,0.00,0.0000
18383,LOST_LONG,0.26489,-0.90535,0.60463,-1.16989,0.20000,0.07000,1.75145,-0.36040,0.0323,0.631,1.7583,-0.3785,0.0128,0.0116,0.26446,0.13605,0.00,-10.40,0.00,0.0000
18393,LOST_LONG,0.26489,-0.90535,0.60463,-1.16989,0.20000,0.07000,1.75145,-0.36040,0.0323,0.631,1.7583,-0.3785,0.0128,0.0116,0.26492,0.13671,0.00,-10.40,0.00,0.0000
18403,LOST_LONG,0.26489,-0.90535,0.60463,-1.16989,0.20000,0.07000,1.75145,-0.36040,0.0323,0.631,1.7583,-0.3785,0.0128,0.0116,0.26540,0.13759,0.00,-10.40,0.00,0.0000
18413,LOST_LONG,0.26489,-0.90535,0.60463,-1.16989,0.20000,0.07000,1.75145,-0.36040,0.0323,0.631,1.7583,-0.3785,0.0128,0.0116,0.26549,0.13810,0.00,-10.40,0.00,0.0000
18423,LOST_LONG,0.26489,-0.90535,0.60463,-1.16989,0.20000,0.07000,1.75145,-0.36040,0.0323,0.631,1.7583,-0.3785,0.0128,0.0116,0.26505,0.13716,0.00,-10.40,0.00,0.0000
18433,LOST_LONG,0.26489,-0.90535,0.60463,-1.16989,0.20000,0.07000,1.75145,-0.36040,0.0323,0.631,1.7583,-0.3785,0.0128,0.0116,0.26517,0.13709,0.00,-10.40,0.00,0.0000
18443,LOST_LONG,0.26489,-0.90535,0.60463,-1.16989,0.20000,0.07000,1.75145,-0.36040,0.0323,0.631,1.7583,-0.3785,0.0128,0.0116,0.26529,0.13915,0.00,-10.40,0.00,0.0000
18453,LOST_LONG,0.26489,-0.90535,0.60463,-1.16989,0.20000,0.07000,1.75145,-0.36040,0.0323,0.631,1.7583,-0.3785,0.0128,0.0116,0.26487,0.13667,0.00,-10.40,0.00,0.0000
18463,LOST_LONG,0.26489,-0.90535,0.60463,-1.16989,0.20000,0.07000,1.75145,-0.36040,0.0323,0.631,1.7583,-0.3785,0.0128,0.0116,0.26422,0.13618,0.00,-10.40,0.00,0.0000
18473,LOST_LONG,0.26489,-0.90535,0.60463,-1.16989,0.20000,0.07000,1.75145,-0.36040,0.0323,0.631,1.7583,-0.3785,0.0128,0.0116,0.26461,0.13733,0.00,-10.40,0.00,0.0000
18483,LOST_LONG,0.26489,-0.90535,0.60463,-1.16989,0.20000,0.07000,1.75145,-0.36040,0.0323,0.631,1.7583,-0.3785,0.0128,0.0116,0.26510,0.13742,0.00,-10.40,0.00,0.0000
18493,LOST_LONG,0.26489,-0.90535,0.60463,-1.16989,0.20000,0.07000,1.75145,-0.36040,0.0323,0.631,1.7583,-0.3785,0.0128,0.0116,0.26500,0.13712,0.00,-10.40,0.00,0.0000
18503,LOST_LONG,0.26489,-0.90535,0.60463,-1.16989,0.20000,0.07000,1.75145,-0.36040,0.0323,0.631,1.7583,-0.3785,0.0128,0.0116,0.26524,0.13728,0.00,-10.40,0.00,0.0000
18513,LOST_LONG,0.26489,-0.90535,0.60463,-1.16989,0.20000,0.07000,1.75145,-0.36040,0.0323,0.631,1.7583,-0.3785,0.0128,0.0116,0.26365,0.13507,0.00,-10.40,0.00,0.0000
18523,LOST_LONG,0.26489,-0.90535,0.60463,-1.16989,0.20000,0.07000,1.75145,-0.36040,0.0323,0.631,1.7583,-0.3785,0.0128,0.0116,0.26436,0.13642,0.00,-10.40,0.00,0.0000
18533,LOST_LONG,0.26489,-0.90535,0.60463,-1.16989,0.20000,0.07000,1.75145,-0.36040,0.0323,0.631,1.7583,-0.3785,0.0128,0.0116,0.26526,0.13813,0.00,-10.40,0.00,0.0000
18543,LOST_LONG,0.26489,-0.90535,0.60463,-1.16989,0.20000,0.07000,1.75145,-0.36040,0.0323,0.631,1.7583,-0.3785,0.0128,0.0116,0.26542,0.13748,0.00,-10.40,0.00,0.0000
18553,LOST_LONG,0.26489,-0.90535,0.60463,-1.16989,0.20000,0.07000,1.75145,-0.36040,0.0323,0.631,1.7583,-0.3785,0.0128,0.0116,0.26509,0.13742,0.00,-10.40,0.00,0.0000
18563,LOST_LONG,0.26489,-0.90535,0.60463,-1.16989,0.20000,0.07000,1.75145,-0.36040,0.0323,0.631,1.7583,-0.3785,0.0128,0.0116,0.26501,0.13712,0.00,-10.40,0.00,0.0000
18573,LOST_LONG,0.26489,-0.90535,0.60463,-1.16989,0.20000,0.07000,1.75145,-0.36040,0.0323,0.631,1.7583,-0.3785,0.0128,0.0116,0.26427,0.13620,0.00,-10.40,0.00,0.0000
18583,LOST_LONG,0.26489,-0.90535,0.60463,-1.16989,0.20000,0.07000,1.75145,-0.36040,0.0323,0.631,1.7583,-0.3785,0.0128,0.0116,0.26490,0.13875,0.00,-10.40,0.00,0.0000
18593,LOST_LONG,0.26489,-0.90535,0.60463,-1.16989,0.20000,0.07000,1.75145,-0.36040,0.0323,0.631,1.7583,-0.3785,0.0128,0.0116,0.26425,0.14026,0.00,-10.40,0.00,0.0000
18603,LOST_LONG,0.26489,-0.90535,0.60463,-1.16989,0.20000,0.07000,1.75145,-0.36040,0.0323,0.631,1.7583,-0.3785,0.0128,0.0116,0.26490,0.13751,0.00,-10.40,0.00,0.0000
18613,LOST_LONG,0.26489,-0.90535,0.60463,-1.16989,0.20000,0.07000,1.75145,-0.36040,0.0323,0.631,1.7583,-0.3785,0.0128,0.0116,0.26488,0.13736,0.00,-10.40,0.00,0.0000
18623,LOST_LONG,0.26489,-0.90535,0.60463,-1.16989,0.20000,0.07000,1.75145,-0.36040,0.0323,0.631,1.7583,-0.3785,0.0128,0.0116,0.26541,0.13793,0.00,-10.40,0.00,0.0000
18633,LOST_LONG,0.26489,-0.90535,0.60463,-1.16989,0.20000,0.07000,1.75145,-0.36040,0.0323,0.631,1.7583,-0.3785,0.0128,0.0116,0.26483,0.13740,0.00,-10.40,0.00,0.0000
18643,LOST_LONG,0.26489,-0.90535,0.60463,-1.16989,0.20000,0.07000,1.75145,-0.36040,0.0323,0.631,1.7583,-0.3785,0.0128,0.0116,0.26507,0.13697,0.00,-10.40,0.00,0.0000
18653,LOST_LONG,0.26489,-0.90535,0.60463,-1.16989,0.20000,0.07000,1.75145,-0.36040,0.0323,0.631,1.7583,-0.3785,0.0128,0.0116,0.26529,0.13756,0.00,-10.40,0.00,0.0000
18663,LOST_LONG,0.26489,-0.90535,0.60463,-1.16989,0.20000,0.07000,1.75145,-0.36040,0.0323,0.631,1.7583,-0.3785,0.0128,0.0116,0.26508,0.13722,0.00,-10.40,0.00,0.0000
18673,LOST_LONG,0.26489,-0.90535,0.60463,-1.16989,0.20000,0.07000,1.75145,-0.36040,0.0323,0.631,1.7583,-0.3785,0.0128,0.0116,0.26505,0.13713,0.00,-10.40,0.00,0.0000
18683,LOST_LONG,0.26489,-0.90535,0.60463,-1.16989,0.20000,0.07000,1.75145,-0.36040,0.0323,0.631,1.7583,-0.3785,0.0128,0.0116,0.26501,0.13678,0.00,-10.40,0.00,0.0000
18693,LOST_LONG,0.26489,-0.90535,0.60463,-1.16989,0.20000,0.07000,1.75145,-0.36040,0.0323,0.631,1.7583,-0.3785,0.0128,0.0116,0.26477,0.13612,0.00,-10.40,0.00,0.0000
18703,LOST_LONG,0.26489,-0.90535,0.60463,-1.16989,0.20000,0.07000,1.75145,-0.36040,0.0323,0.631,1.7583,-0.3785,0.0128,0.0116,0.26528,0.13691,0.00,-10.40,0.00,0.0000
18713,LOST_LONG,0.26489,-0.90535,0.60463,-1.16989,0.20000,0.07000,1.75145,-0.36040,0.0323,0.631,1.7583,-0.3785,0.0128,0.0116,0.26455,0.13620,0.00,-10.40,0.00,0.0000
18723,LOST_LONG,0.26489,-0.90535,0.60463,-1.16989,0.20000,0.07000,1.75145,-0.36040,0.0323,0.631,1.7583,-0.3785,0.0128,0.0116,0.26503,0.13728,0.00,-10.40,0.00,0.0000
18733,LOST_LONG,0.26489,-0.90535,0.60463,-1.16989,0.20000,0.07000,1.75145,-0.36040,0.0323,0.631,1.7583,-0.3785,0.0128,0.0116,0.26555,0.13771,0.00,-10.40,0.00,0.0000
18743,LOST_LONG,0.26489,-0.90535,0.60463,-1.16989,0.20000,0.07000,1.75145,-0.36040,0.0323,0.631,1.7583,-0.3785,0.0128,0.0116,0.26536,0.13779,0.00,-10.40,0.00,0.0000
18753,LOST_LONG,0.26489,-0.90535,0.60463,-1.16989,0.20000,0.07000,1.75145,-0.36040,0.0323,0.631,1.7583,-0.3785,0.0128,0.0116,0.26518,0.13725,0.00,-10.40,0.00,0.0000
18763,LOST_LONG,0.26489,-0.90535,0.60463,-1.16989,0.20000,0.07000,1.75145,-0.36040,0.0323,0.631,1.7583,-0.3785,0.0128,0.0116,0.26547,0.13787,0.00,-10.40,0.00,0.0000
18773,LOST_LONG,0.26489,-0.90535,0.60463,-1.16989,0.20000,0.07000,1.75145,-0.36040,0.0323,0.631,1.7583,-0.3785,0.0128,0.0116,0.26396,0.13477,0.00,-10.40,0.00,0.0000
18783,LOST_LONG,0.26489,-0.90535,0.60463,-1.16989,0.20000,0.07000,1.75145,-0.36040,0.0323,0.631,1.7583,-0.3785,0.0128,0.0116,0.26483,0.13682,0.00,-10.40,0.00,0.0000
18793,LOST_LONG,0.26489,-0.90535,0.60463,-1.16989,0.20000,0.07000,1.75145,-0.36040,0.0323,0.631,1.7583,-0.3785,0.0128,0.0116,0.26489,0.13680,0.00,-10.40,0.00,0.0000
18803,LOST_LONG,0.26489,-0.90535,0.60463,-1.16989,0.20000,0.07000,1.75145,-0.36040,0.0323,0.631,1.7583,-0.3785,0.0128,0.0116,0.26493,0.13682,0.00,-10.40,0.00,0.0000
18813,LOST_LONG,0.26489,-0.90535,0.60463,-1.16989,0.20000,0.07000,1.75145,-0.36040,0.0323,0.631,1.7583,-0.3785,0.0128,0.0116,0.26536,0.13784,0.00,-10.40,0.00,0.0000
18823,LOST_LONG,0.26489,-0.90535,0.60463,-1.16989,0.20000,0.07000,1.75145,-0.36040,0.0323,0.631,1.7583,-0.3785,0.0128,0.0116,0.26555,0.13828,0.00,-10.40,0.00,0.0000
18833,LOST_LONG,0.26489,-0.90535,0.60463,-1.16989,0.20000,0.07000,1.75145,-0.36040,0.0323,0.631,1.7583,-0.3785,0.0128,0.0116,0.26532,0.13829,0.00,-10.40,0.00,0.0000
18843,LOST_LONG,0.26489,-0.90535,0.60463,-1.16989,0.20000,0.07000,1.75145,-0.36040,0.0323,0.631,1.7583,-0.3785,0.0128,0.0116,0.26494,0.13701,0.00,-10.40,0.00,0.0000
18853,LOST_LONG,0.26489,-0.90535,0.60463,-1.16989,0.20000,0.07000,1.75145,-0.36040,0.0323,0.631,1.7583,-0.3785,0.0128,0.0116,0.26485,0.13722,0.00,-10.40,0.00,0.0000
18863,LOST_LONG,0.26489,-0.90535,0.60463,-1.16989,0.20000,0.07000,1.75145,-0.36040,0.0323,0.631,1.7583,-0.3785,0.0128,0.0116,0.26417,0.13508,0.00,-10.40,0.00,0.0000
18873,LOST_LONG,0.26489,-0.90535,0.60463,-1.16989,0.20000,0.07000,1.75145,-0.36040,0.0323,0.631,1.7583,-0.3785,0.0128,0.0116,0.26468,0.13682,0.00,-10.40,0.00,0.0000
18883,LOST_LONG,0.26489,-0.90535,0.60463,-1.16989,0.20000,0.07000,1.75145,-0.36040,0.0323,0.631,1.7583,-0.3785,0.0128,0.0116,0.26444,0.13769,0.00,-10.40,0.00,0.0000
18893,LOST_LONG,0.26489,-0.90535,0.60463,-1.16989,0.20000,0.07000,1.75145,-0.36040,0.0323,0.631,1.7583,-0.3785,0.0128,0.0116,0.26502,0.13729,0.00,-10.40,0.00,0.0000
18903,LOST_LONG,0.26489,-0.90535,0.60463,-1.16989,0.20000,0.07000,1.75145,-0.36040,0.0323,0.631,1.7583,-0.3785,0.0128,0.0116,0.26462,0.13678,0.00,-10.40,0.00,0.0000
18913,LOST_LONG,0.26489,-0.90535,0.60463,-1.16989,0.20000,0.07000,1.75145,-0.36040,0.0323,0.631,1.7583,-0.3785,0.0128,0.0116,0.26524,0.13746,0.00,-10.40,0.00,0.0000
18923,LOST_LONG,0.26489,-0.90535,0.60463,-1.16989,0.20000,0.07000,1.75145,-0.36040,0.0323,0.631,1.7583,-0.3785,0.0128,0.0116,0.26519,0.13728,0.00,-10.40,0.00,0.0000
18933,LOST_LONG,0.26489,-0.90535,0.60463,-1.16989,0.20000,0.07000,1.75145,-0.36040,0.0323,0.631,1.7583,-0.3785,0.0128,0.0116,0.26508,0.13693,0.00,-10.40,0.00,0.0000
18943,LOST_LONG,0.26489,-0.90535,0.60463,-1.16989,0.20000,0.07000,1.75145,-0.36040,0.0323,0.631,1.7583,-0.3785,0.0128,0.0116,0.26517,0.13693,0.00,-10.40,0.00,0.0000
18953,LOST_LONG,0.26489,-0.90535,0.60463,-1.16989,0.20000,0.07000,1.75145,-0.36040,0.0323,0.631,1.7583,-0.3785,0.0128,0.0116,0.26559,0.13826,0.00,-10.40,0.00,0.0000
18963,LOST_LONG,0.26489,-0.90535,0.60463,-1.16989,0.20000,0.07000,1.75145,-0.36040,0.0323,0.631,1.7583,-0.3785,0.0128,0.0116,0.26286,0.13283,0.00,-10.40,0.00,0.0000
18973,LOST_LONG,0.26489,-0.90535,0.60463,-1.16989,0.20000,0.07000,1.75145,-0.36040,0.0323,0.631,1.7583,-0.3785,0.0128,0.0116,0.26458,0.13678,0.00,-10.40,0.00,0.0000
18983,LOST_LONG,0.26489,-0.90535,0.60463,-1.16989,0.20000,0.07000,1.75145,-0.36040,0.0323,0.631,1.7583,-0.3785,0.0128,0.0116,0.26498,0.13716,0.00,-10.40,0.00,0.0000
18993,LOST_LONG,0.26489,-0.90535,0.60463,-1.16989,0.20000,0.07000,1.75145,-0.36040,0.0323,0.631,1.7583,-0.3785,0.0128,0.0116,0.26542,0.13784,0.00,-10.40,0.00,0.0000
19003,LOST_LONG,0.26489,-0.90535,0.60463,-1.16989,0.20000,0.07000,1.75145,-0.36040,0.0323,0.631,1.7583,-0.3785,0.0128,0.0116,0.26553,0.13753,0.00,-10.40,0.00,0.0000
19013,LOST_LONG,0.26489,-0.90535,0.60463,-1.16989,0.20000,0.07000,1.75145,-0.36040,0.0323,0.631,1.7583,-0.3785,0.0128,0.0116,0.26469,0.13605,0.00,-10.40,0.00,0.0000
19023,LOST_LONG,0.26489,-0.90535,0.60463,-1.16989,0.20000,0.07000,1.75145,-0.36040,0.0323,0.631,1.7583,-0.3785,0.0128,0.0116,0.26470,0.13608,0.00,-10.40,0.00,0.0000
19033,LOST_LONG,0.26489,-0.90535,0.60463,-1.16989,0.20000,0.07000,1.75145,-0.36040,0.0323,0.631,1.7583,-0.3785,0.0128,0.0116,0.26527,0.13722,0.00,-10.40,0.00,0.0000
19043,LOST_LONG,0.26489,-0.90535,0.60463,-1.16989,0.20000,0.07000,1.75145,-0.36040,0.0323,0.631,1.7583,-0.3785,0.0128,0.0116,0.26496,0.13695,0.00,-10.40,0.00,0.0000
19053,LOST_LONG,0.26489,-0.90535,0.60463,-1.16989,0.20000,0.07000,1.75145,-0.36040,0.0323,0.631,1.7583,-0.3785,0.0128,0.0116,0.26478,0.13596,0.00,-10.40,0.00,0.0000
19063,LOST_LONG,0.26489,-0.90535,0.60463,-1.16989,0.20000,0.07000,1.75145,-0.36040,0.0323,0.631,1.7583,-0.3785,0.0128,0.0116,0.26489,0.13675,0.00,-10.40,0.00,0.0000
19073,LOST_LONG,0.26489,-0.90535,0.60463,-1.16989,0.20000,0.07000,1.75145,-0.36040,0.0323,0.631,1.7583,-0.3785,0.0128,0.0116,0.26521,0.13707,0.00,-10.40,0.00,0.0000
19083,LOST_LONG,0.26489,-0.90535,0.60463,-1.16989,0.20000,0.07000,1.75145,-0.36040,0.0323,0.631,1.7583,-0.3785,0.0128,0.0116,0.26519,0.13703,0.00,-10.40,0.00,0.0000
19093,LOST_LONG,0.26489,-0.90535,0.60463,-1.16989,0.20000,0.07000,1.75145,-0.36040,0.0323,0.631,1.7583,-0.3785,0.0128,0.0116,0.26527,0.13742,0.00,-10.40,0.00,0.0000
19103,LOST_LONG,0.26489,-0.90535,0.60463,-1.16989,0.20000,0.07000,1.75145,-0.36040,0.0323,0.631,1.7583,-0.3785,0.0128,0.0116,0.26447,0.13720,0.00,-10.40,0.00,0.0000
19113,LOST_LONG,0.26489,-0.90535,0.60463,-1.16989,0.20000,0.07000,1.75145,-0.36040,0.0323,0.631,1.7583,-0.3785,0.0128,0.0116,0.26535,0.13816,0.00,-10.40,0.00,0.0000
19123,LOST_LONG,0.26489,-0.90535,0.60463,-1.16989,0.20000,0.07000,1.75145,-0.36040,0.0323,0.631,1.7583,-0.3785,0.0128,0.0116,0.26550,0.13796,0.00,-10.40,0.00,0.0000
19133,LOST_LONG,0.26489,-0.90535,0.60463,-1.16989,0.20000,0.07000,1.75145,-0.36040,0.0323,0.631,1.7583,-0.3785,0.0128,0.0116,0.26598,0.13855,0.00,-10.40,0.00,0.0000
19143,LOST_LONG,0.26489,-0.90535,0.60463,-1.16989,0.20000,0.07000,1.75145,-0.36040,0.0323,0.631,1.7583,-0.3785,0.0128,0.0116,0.26531,0.13676,0.00,-10.40,0.00,0.0000
19153,LOST_LONG,0.26489,-0.90535,0.60463,-1.16989,0.20000,0.07000,1.75145,-0.36040,0.0323,0.631,1.7583,-0.3785,0.0128,0.0116,0.26472,0.13783,0.00,-10.40,0.00,0.0000
19163,LOST_LONG,0.26489,-0.90535,0.60463,-1.16989,0.20000,0.07000,1.75145,-0.36040,0.0323,0.631,1.7583,-0.3785,0.0128,0.0116,0.26539,0.13790,0.00,-10.40,0.00,0.0000
19173,LOST_LONG,0.26489,-0.90535,0.60463,-1.16989,0.20000,0.07000,1.75145,-0.36040,0.0323,0.631,1.7583,-0.3785,0.0128,0.0116,0.26499,0.13694,0.00,-10.40,0.00,0.0000
19183,LOST_LONG,0.26489,-0.90535,0.60463,-1.16989,0.20000,0.07000,1.75145,-0.36040,0.0323,0.631,1.7583,-0.3785,0.0128,0.0116,0.26551,0.13766,0.00,-10.40,0.00,0.0000
19193,LOST_LONG,0.26489,-0.90535,0.60463,-1.16989,0.20000,0.07000,1.75145,-0.36040,0.0323,0.631,1.7583,-0.3785,0.0128,0.0116,0.26516,0.13714,0.00,-10.40,0.00,0.0000
19203,LOST_LONG,0.26489,-0.90535,0.60463,-1.16989,0.20000,0.07000,1.75145,-0.36040,0.0323,0.631,1.7583,-0.3785,0.0128,0.0116,0.26606,0.13896,0.00,-10.40,0.00,0.0000
19213,LOST_LONG,0.26489,-0.90535,0.60463,-1.16989,0.20000,0.07000,1.75145,-0.36040,0.0323,0.631,1.7583,-0.3785,0.0128,0.0116,0.26510,0.13760,0.00,-10.40,0.00,0.0000
19223,LOST_LONG,0.26489,-0.90535,0.60463,-1.16989,0.20000,0.07000,1.75145,-0.36040,0.0323,0.631,1.7583,-0.3785,0.0128,0.0116,0.26482,0.13610,0.00,-10.40,0.00,0.0000
19233,LOST_LONG,0.26489,-0.90535,0.60463,-1.16989,0.20000,0.07000,1.75145,-0.36040,0.0323,0.631,1.7583,-0.3785,0.0128,0.0116,0.26503,0.13728,0.00,-10.40,0.00,0.0000
19243,LOST_LONG,0.26489,-0.90535,0.60463,-1.16989,0.20000,0.07000,1.75145,-0.36040,0.0323,0.631,1.7583,-0.3785,0.0128,0.0116,0.26493,0.13707,0.00,-10.40,0.00,0.0000
19253,LOST_LONG,0.26489,-0.90535,0.60463,-1.16989,0.20000,0.07000,1.75145,-0.36040,0.0323,0.631,1.7583,-0.3785,0.0128,0.0116,0.26517,0.13719,0.00,-10.40,0.00,0.0000
19263,LOST_LONG,0.26489,-0.90535,0.60463,-1.16989,0.20000,0.07000,1.75145,-0.36040,0.0323,0.631,1.7583,-0.3785,0.0128,0.0116,0.26530,0.13721,0.00,-10.40,0.00,0.0000
19273,LOST_LONG,0.26489,-0.90535,0.60463,-1.16989,0.20000,0.07000,1.75145,-0.36040,0.0323,0.631,1.7583,-0.3785,0.0128,0.0116,0.26543,0.13814,0.00,-10.40,0.00,0.0000
19283,LOST_LONG,0.26489,-0.90535,0.60463,-1.16989,0.20000,0.07000,1.75145,-0.36040,0.0323,0.631,1.7583,-0.3785,0.0128,0.0116,0.26492,0.13705,0.00,-10.40,0.00,0.0000
19293,LOST_LONG,0.26489,-0.90535,0.60463,-1.16989,0.20000,0.07000,1.75145,-0.36040,0.0323,0.631,1.7583,-0.3785,0.0128,0.0116,0.26501,0.13767,0.00,-10.40,0.00,0.0000
19303,LOST_LONG,0.26489,-0.90535,0.60463,-1.16989,0.20000,0.07000,1.75145,-0.36040,0.0323,0.631,1.7583,-0.3785,0.0128,0.0116,0.26510,0.13698,0.00,-10.40,0.00,0.0000
19313,LOST_LONG,0.26489,-0.90535,0.60463,-1.16989,0.20000,0.07000,1.75145,-0.36040,0.0323,0.631,1.7583,-0.3785,0.0128,0.0116,0.26497,0.13726,0.00,-10.40,0.00,0.0000
19323,LOST_LONG,0.26489,-0.90535,0.60463,-1.16989,0.20000,0.07000,1.75145,-0.36040,0.0323,0.631,1.7583,-0.3785,0.0128,0.0116,0.26522,0.13705,0.00,-10.40,0.00,0.0000
19333,LOST_LONG,0.26489,-0.90535,0.60463,-1.16989,0.20000,0.07000,1.75145,-0.36040,0.0323,0.631,1.7583,-0.3785,0.0128,0.0116,0.26517,0.13751,0.00,-10.40,0.00,0.0000
19343,LOST_LONG,0.26489,-0.90535,0.60463,-1.16989,0.20000,0.07000,1.75145,-0.36040,0.0323,0.631,1.7583,-0.3785,0.0128,0.0116,0.26344,0.13513,0.00,-10.40,0.00,0.0000
19353,LOST_LONG,0.26489,-0.90535,0.60463,-1.16989,0.20000,0.07000,1.75145,-0.36040,0.0323,0.631,1.7583,-0.3785,0.0128,0.0116,0.26525,0.13914,0.00,-10.40,0.00,0.0000
19363,LOST_LONG,0.26489,-0.90535,0.60463,-1.16989,0.20000,0.07000,1.75145,-0.36040,0.0323,0.631,1.7583,-0.3785,0.0128,0.0116,0.26550,0.13811,0.00,-10.40,0.00,0.0000
19373,LOST_LONG,0.26489,-0.90535,0.60463,-1.16989,0.20000,0.07000,1.75145,-0.36040,0.0323,0.631,1.7583,-0.3785,0.0128,0.0116,0.26500,0.13691,0.00,-10.40,0.00,0.0000
19383,LOST_LONG,0.26489,-0.90535,0.60463,-1.16989,0.20000,0.07000,1.75145,-0.36040,0.0323,0.631,1.7583,-0.3785,0.0128,0.0116,0.26496,0.13685,0.00,-10.40,0.00,0.0000
19393,LOST_LONG,0.26489,-0.90535,0.60463,-1.16989,0.20000,0.07000,1.75145,-0.36040,0.0323,0.631,1.7583,-0.3785,0.0128,0.0116,0.26516,0.13873,0.00,-10.40,0.00,0.0000
19403,LOST_LONG,0.26489,-0.90535,0.60463,-1.16989,0.20000,0.07000,1.75145,-0.36040,0.0323,0.631,1.7583,-0.3785,0.0128,0.0116,0.26539,0.13803,0.00,-10.40,0.00,0.0000
19413,LOST_LONG,0.26489,-0.90535,0.60463,-1.16989,0.20000,0.07000,1.75145,-0.36040,0.0323,0.631,1.7583,-0.3785,0.0128,0.0116,0.26510,0.13685,0.00,-10.40,0.00,0.0000
19423,LOST_LONG,0.26489,-0.90535,0.60463,-1.16989,0.20000,0.07000,1.75145,-0.36040,0.0323,0.631,1.7583,-0.3785,0.0128,0.0116,0.26566,0.13779,0.00,-10.40,0.00,0.0000
19433,LOST_LONG,0.26489,-0.90535,0.60463,-1.16989,0.20000,0.07000,1.75145,-0.36040,0.0323,0.631,1.7583,-0.3785,0.0128,0.0116,0.26513,0.13693,0.00,-10.40,0.00,0.0000
19443,LOST_LONG,0.26489,-0.90535,0.60463,-1.16989,0.20000,0.07000,1.75145,-0.36040,0.0323,0.631,1.7583,-0.3785,0.0128,0.0116,0.26537,0.13743,0.00,-10.40,0.00,0.0000
19453,LOST_LONG,0.26489,-0.90535,0.60463,-1.16989,0.20000,0.07000,1.75145,-0.36040,0.0323,0.631,1.7583,-0.3785,0.0128,0.0116,0.26551,0.13769,0.00,-10.40,0.00,0.0000
19463,LOST_LONG,0.26489,-0.90535,0.60463,-1.16989,0.20000,0.07000,1.75145,-0.36040,0.0323,0.631,1.7583,-0.3785,0.0128,0.0116,0.26524,0.13784,0.00,-10.40,0.00,0.0000
19473,LOST_LONG,0.26489,-0.90535,0.60463,-1.16989,0.20000,0.07000,1.75145,-0.36040,0.0323,0.631,1.7583,-0.3785,0.0128,0.0116,0.26468,0.13605,0.00,-10.40,0.00,0.0000
19483,LOST_LONG,0.26489,-0.90535,0.60463,-1.16989,0.20000,0.07000,1.75145,-0.36040,0.0323,0.631,1.7583,-0.3785,0.0128,0.0116,0.26534,0.13735,0.00,-10.40,0.00,0.0000
19493,LOST_LONG,0.26489,-0.90535,0.60463,-1.16989,0.20000,0.07000,1.75145,-0.36040,0.0323,0.631,1.7583,-0.3785,0.0128,0.0116,0.26519,0.13821,0.00,-10.40,0.00,0.0000
19503,LOST_LONG,0.26489,-0.90535,0.60463,-1.16989,0.20000,0.07000,1.75145,-0.36040,0.0323,0.631,1.7583,-0.3785,0.0128,0.0116,0.26665,0.14132,0.00,-10.40,0.00,0.0000
19513,LOST_LONG,0.26489,-0.90535,0.60463,-1.16989,0.20000,0.07000,1.75145,-0.36040,0.0323,0.631,1.7583,-0.3785,0.0128,0.0116,0.26475,0.13757,0.00,-10.40,0.00,0.0000
19523,LOST_LONG,0.26489,-0.90535,0.60463,-1.16989,0.20000,0.07000,1.75145,-0.36040,0.0323,0.631,1.7583,-0.3785,0.0128,0.0116,0.26537,0.13782,0.00,-10.40,0.00,0.0000
19533,LOST_LONG,0.26489,-0.90535,0.60463,-1.16989,0.20000,0.07000,1.75145,-0.36040,0.0323,0.631,1.7583,-0.3785,0.0128,0.0116,0.26453,0.13613,0.00,-10.40,0.00,0.0000
19543,LOST_LONG,0.26489,-0.90535,0.60463,-1.16989,0.20000,0.07000,1.75145,-0.36040,0.0323,0.631,1.7583,-0.3785,0.0128,0.0116,0.26398,0.14035,0.00,-10.40,0.00,0.0000
19553,LOST_LONG,0.26489,-0.90535,0.60463,-1.16989,0.20000,0.07000,1.75145,-0.36040,0.0323,0.631,1.7583,-0.3785,0.0128,0.0116,0.26454,0.13721,0.00,-10.40,0.00,0.0000
19563,LOST_LONG,0.26489,-0.90535,0.60463,-1.16989,0.20000,0.07000,1.75145,-0.36040,0.0323,0.631,1.7583,-0.3785,0.0128,0.0116,0.26486,0.13698,0.00,-10.40,0.00,0.0000
19573,LOST_LONG,0.26489,-0.90535,0.60463,-1.16989,0.20000,0.07000,1.75145,-0.36040,0.0323,0.631,1.7583,-0.3785,0.0128,0.0116,0.26540,0.13692,0.00,-10.40,0.00,0.0000
19583,LOST_LONG,0.26489,-0.90535,0.60463,-1.16989,0.20000,0.07000,1.75145,-0.36040,0.0323,0.631,1.7583,-0.3785,0.0128,0.0116,0.26622,0.13955,0.00,-10.40,0.00,0.0000
19593,LOST_LONG,0.26489,-0.90535,0.60463,-1.16989,0.20000,0.07000,1.75145,-0.36040,0.0323,0.631,1.7583,-0.3785,0.0128,0.0116,0.26334,0.13290,0.00,-10.40,0.00,0.0000
19603,LOST_LONG,0.26489,-0.90535,0.60463,-1.16989,0.20000,0.07000,1.75145,-0.36040,0.0323,0.631,1.7583,-0.3785,0.0128,0.0116,0.26367,0.13616,0.00,-10.40,0.00,0.0000
19613,LOST_LONG,0.26489,-0.90535,0.60463,-1.16989,0.20000,0.07000,1.75145,-0.36040,0.0323,0.631,1.7583,-0.3785,0.0128,0.0116,0.26475,0.13824,0.00,-10.40,0.00,0.0000
19623,LOST_LONG,0.26489,-0.90535,0.60463,-1.16989,0.20000,0.07000,1.75145,-0.36040,0.0323,0.631,1.7583,-0.3785,0.0128,0.0116,0.26488,0.13712,0.00,-10.40,0.00,0.0000
19633,LOST_LONG,0.26489,-0.90535,0.60463,-1.16989,0.20000,0.07000,1.75145,-0.36040,0.0323,0.631,1.7583,-0.3785,0.0128,0.0116,0.26544,0.13787,0.00,-10.40,0.00,0.0000
19643,LOST_LONG,0.26489,-0.90535,0.60463,-1.16989,0.20000,0.07000,1.75145,-0.36040,0.0323,0.631,1.7583,-0.3785,0.0128,0.0116,0.26541,0.13754,0.00,-10.40,0.00,0.0000
19653,LOST_LONG,0.26489,-0.90535,0.60463,-1.16989,0.20000,0.07000,1.75145,-0.36040,0.0323,0.631,1.7583,-0.3785,0.0128,0.0116,0.26499,0.13608,0.00,-10.40,0.00,0.0000
19663,LOST_LONG,0.26489,-0.90535,0.60463,-1.16989,0.20000,0.07000,1.75145,-0.36040,0.0323,0.631,1.7583,-0.3785,0.0128,0.0116,0.26514,0.13738,0.00,-10.40,0.00,0.0000
19673,LOST_LONG,0.26489,-0.90535,0.60463,-1.16989,0.20000,0.07000,1.75145,-0.36040,0.0323,0.631,1.7583,-0.3785,0.0128,0.0116,0.26503,0.13694,0.00,-10.40,0.00,0.0000
19683,LOST_LONG,0.26489,-0.90535,0.60463,-1.16989,0.20000,0.07000,1.75145,-0.36040,0.0323,0.631,1.7583,-0.3785,0.0128,0.0116,0.26532,0.13776,0.00,-10.40,0.00,0.0000
19693,LOST_LONG,0.26489,-0.90535,0.60463,-1.16989,0.20000,0.07000,1.75145,-0.36040,0.0323,0.631,1.7583,-0.3785,0.0128,0.0116,0.26499,0.13691,0.00,-10.40,0.00,0.0000
19703,LOST_LONG,0.26489,-0.90535,0.60463,-1.16989,0.20000,0.07000,1.75145,-0.36040,0.0323,0.631,1.7583,-0.3785,0.0128,0.0116,0.26509,0.13716,0.00,-10.40,0.00,0.0000
19713,LOST_LONG,0.26489,-0.90535,0.60463,-1.16989,0.20000,0.07000,1.75145,-0.36040,0.0323,0.631,1.7583,-0.3785,0.0128,0.0116,0.26453,0.13609,0.00,-10.40,0.00,0.0000
19723,LOST_LONG,0.26489,-0.90535,0.60463,-1.16989,0.20000,0.07000,1.75145,-0.36040,0.0323,0.631,1.7583,-0.3785,0.0128,0.0116,0.26471,0.13759,0.00,-10.40,0.00,0.0000
19733,LOST_LONG,0.26489,-0.90535,0.60463,-1.16989,0.20000,0.07000,1.75145,-0.36040,0.0323,0.631,1.7583,-0.3785,0.0128,0.0116,0.26485,0.13872,0.00,-10.40,0.00,0.0000
19743,LOST_LONG,0.26489,-0.90535,0.60463,-1.16989,0.20000,0.07000,1.75145,-0.36040,0.0323,0.631,1.7583,-0.3785,0.0128,0.0116,0.26530,0.13806,0.00,-10.40,0.00,0.0000
19753,LOST_LONG,0.26489,-0.90535,0.60463,-1.16989,0.20000,0.07000,1.75145,-0.36040,0.0323,0.631,1.7583,-0.3785,0.0128,0.0116,0.26473,0.13732,0.00,-10.40,0.00,0.0000
19763,LOST_LONG,0.26489,-0.90535,0.60463,-1.16989,0.20000,0.07000,1.75145,-0.36040,0.0323,0.631,1.7583,-0.3785,0.0128,0.0116,0.26545,0.13850,0.00,-10.40,0.00,0.0000
19773,LOST_LONG,0.26489,-0.90535,0.60463,-1.16989,0.20000,0.07000,1.75145,-0.36040,0.0323,0.631,1.7583,-0.3785,0.0128,0.0116,0.26464,0.13628,0.00,-10.40,0.00,0.0000
19783,LOST_LONG,0.26489,-0.90535,0.60463,-1.16989,0.20000,0.07000,1.75145,-0.36040,0.0323,0.631,1.7583,-0.3785,0.0128,0.0116,0.26529,0.13833,0.00,-10.40,0.00,0.0000
19793,LOST_LONG,0.26489,-0.90535,0.60463,-1.16989,0.20000,0.07000,1.75145,-0.36040,0.0323,0.631,1.7583,-0.3785,0.0128,0.0116,0.26327,0.13581,0.00,-10.40,0.00,0.0000
19803,LOST_LONG,0.26489,-0.90535,0.60463,-1.16989,0.20000,0.07000,1.75145,-0.36040,0.0323,0.631,1.7583,-0.3785,0.0128,0.0116,0.26379,0.13654,0.00,-10.40,0.00,0.0000
19813,LOST_LONG,0.26489,-0.90535,0.60463,-1.16989,0.20000,0.07000,1.75145,-0.36040,0.0323,0.631,1.7583,-0.3785,0.0128,0.0116,0.26494,0.13754,0.00,-10.40,0.00,0.0000
19823,LOST_LONG,0.26489,-0.90535,0.60463,-1.16989,0.20000,0.07000,1.75145,-0.36040,0.0323,0.631,1.7583,-0.3785,0.0128,0.0116,0.26492,0.13679,0.00,-10.40,0.00,0.0000
19833,LOST_LONG,0.26489,-0.90535,0.60463,-1.16989,0.20000,0.07000,1.75145,-0.36040,0.0323,0.631,1.7583,-0.3785,0.0128,0.0116,0.26494,0.13742,0.00,-10.40,0.00,0.0000
19843,LOST_LONG,0.26489,-0.90535,0.60463,-1.16989,0.20000,0.07000,1.75145,-0.36040,0.0323,0.631,1.7583,-0.3785,0.0128,0.0116,0.26526,0.13826,0.00,-10.40,0.00,0.0000
19853,LOST_LONG,0.26489,-0.90535,0.60463,-1.16989,0.20000,0.07000,1.75145,-0.36040,0.0323,0.631,1.7583,-0.3785,0.0128,0.0116,0.26535,0.13749,0.00,-10.40,0.00,0.0000
19863,LOST_LONG,0.26489,-0.90535,0.60463,-1.16989,0.20000,0.07000,1.75145,-0.36040,0.0323,0.631,1.7583,-0.3785,0.0128,0.0116,0.26496,0.13670,0.00,-10.40,0.00,0.0000
19873,LOST_LONG,0.26489,-0.90535,0.60463,-1.16989,0.20000,0.07000,1.75145,-0.36040,0.0323,0.631,1.7583,-0.3785,0.0128,0.0116,0.26519,0.13737,0.00,-10.40,0.00,0.0000
19883,LOST_LONG,0.26489,-0.90535,0.60463,-1.16989,0.20000,0.07000,1.75145,-0.36040,0.0323,0.631,1.7583,-0.3785,0.0128,0.0116,0.26549,0.13807,0.00,-10.40,0.00,0.0000
19893,LOST_LONG,0.26489,-0.90535,0.60463,-1.16989,0.20000,0.07000,1.75145,-0.36040,0.0323,0.631,1.7583,-0.3785,0.0128,0.0116,0.26514,0.13692,0.00,-10.40,0.00,0.0000
19903,LOST_LONG,0.26489,-0.90535,0.60463,-1.16989,0.20000,0.07000,1.75145,-0.36040,0.0323,0.631,1.7583,-0.3785,0.0128,0.0116,0.26503,0.13751,0.00,-10.40,0.00,0.0000
19913,LOST_LONG,0.26489,-0.90535,0.60463,-1.16989,0.20000,0.07000,1.75145,-0.36040,0.0323,0.631,1.7583,-0.3785,0.0128,0.0116,0.26616,0.13876,0.00,-10.40,0.00,0.0000
19923,LOST_LONG,0.26489,-0.90535,0.60463,-1.16989,0.20000,0.07000,1.75145,-0.36040,0.0323,0.631,1.7583,-0.3785,0.0128,0.0116,0.26479,0.13611,0.00,-10.40,0.00,0.0000
19933,LOST_LONG,0.26489,-0.90535,0.60463,-1.16989,0.20000,0.07000,1.75145,-0.36040,0.0323,0.631,1.7583,-0.3785,0.0128,0.0116,0.26506,0.13678,0.00,-10.40,0.00,0.0000
19943,LOST_LONG,0.26489,-0.90535,0.60463,-1.16989,0.20000,0.07000,1.75145,-0.36040,0.0323,0.631,1.7583,-0.3785,0.0128,0.0116,0.26549,0.13847,0.00,-10.40,0.00,0.0000
19953,LOST_LONG,0.26489,-0.90535,0.60463,-1.16989,0.20000,0.07000,1.75145,-0.36040,0.0323,0.631,1.7583,-0.3785,0.0128,0.0116,0.26513,0.13647,0.00,-10.40,0.00,0.0000
19963,LOST_LONG,0.26489,-0.90535,0.60463,-1.16989,0.20000,0.07000,1.75145,-0.36040,0.0323,0.631,1.7583,-0.3785,0.0128,0.0116,0.26515,0.13907,0.00,-10.40,0.00,0.0000
19973,LOST_LONG,0.26489,-0.90535,0.60463,-1.16989,0.20000,0.07000,1.75145,-0.36040,0.0323,0.631,1.7583,-0.3785,0.0128,0.0116,0.26499,0.13698,0.00,-10.40,0.00,0.0000
19983,LOST_LONG,0.26489,-0.90535,0.60463,-1.16989,0.20000,0.07000,1.75145,-0.36040,0.0323,0.631,1.7583,-0.3785,0.0128,0.0116,0.26226,0.13193,0.00,-10.40,0.00,0.0000
19993,LOST_LONG,0.26489,-0.90535,0.60463,-1.16989,0.20000,0.07000,1.75145,-0.36040,0.0323,0.631,1.7583,-0.3785,0.0128,0.0116,0.26433,0.13671,0.00,-10.40,0.00,0.0000
20003,LOST_LONG,0.26489,-0.90535,0.60463,-1.16989,0.20000,0.07000,1.75145,-0.36040,0.0323,0.631,1.7583,-0.3785,0.0128,0.0116,0.26468,0.13701,0.00,-10.40,0.00,0.0000
20013,LOST_LONG,0.26489,-0.90535,0.60463,-1.16989,0.20000,0.07000,1.75145,-0.36040,0.0323,0.631,1.7583,-0.3785,0.0128,0.0116,0.26491,0.13713,0.00,-10.40,0.00,0.0000
20023,LOST_LONG,0.26489,-0.90535,0.60463,-1.16989,0.20000,0.07000,1.75145,-0.36040,0.0323,0.631,1.7583,-0.3785,0.0128,0.0116,0.26503,0.13701,0.00,-10.40,0.00,0.0000
20033,LOST_LONG,0.26489,-0.90535,0.60463,-1.16989,0.20000,0.07000,1.75145,-0.36040,0.0323,0.631,1.7583,-0.3785,0.0128,0.0116,0.26483,0.13677,0.00,-10.40,0.00,0.0000
20043,LOST_LONG,0.26489,-0.90535,0.60463,-1.16989,0.20000,0.07000,1.75145,-0.36040,0.0323,0.631,1.7583,-0.3785,0.0128,0.0116,0.26499,0.13602,0.00,-10.40,0.00,0.0000
20053,LOST_LONG,0.26489,-0.90535,0.60463,-1.16989,0.20000,0.07000,1.75145,-0.36040,0.0323,0.631,1.7583,-0.3785,0.0128,0.0116,0.26526,0.13720,0.00,-10.40,0.00,0.0000
20063,LOST_LONG,0.26489,-0.90535,0.60463,-1.16989,0.20000,0.07000,1.75145,-0.36040,0.0323,0.631,1.7583,-0.3785,0.0128,0.0116,0.26543,0.13771,0.00,-10.40,0.00,0.0000
20073,LOST_LONG,0.26489,-0.90535,0.60463,-1.16989,0.20000,0.07000,1.75145,-0.36040,0.0323,0.631,1.7583,-0.3785,0.0128,0.0116,0.26511,0.13664,0.00,-10.40,0.00,0.0000
20083,LOST_LONG,0.26489,-0.90535,0.60463,-1.16989,0.20000,0.07000,1.75145,-0.36040,0.0323,0.631,1.7583,-0.3785,0.0128,0.0116,0.26542,0.13786,0.00,-10.40,0.00,0.0000
20093,LOST_LONG,0.26489,-0.90535,0.60463,-1.16989,0.20000,0.07000,1.75145,-0.36040,0.0323,0.631,1.7583,-0.3785,0.0128,0.0116,0.26554,0.13766,0.00,-10.40,0.00,0.0000
20103,LOST_LONG,0.26489,-0.90535,0.60463,-1.16989,0.20000,0.07000,1.75145,-0.36040,0.0323,0.631,1.7583,-0.3785,0.0128,0.0116,0.26477,0.13590,0.00,-10.40,0.00,0.0000
20113,LOST_LONG,0.26489,-0.90535,0.60463,-1.16989,0.20000,0.07000,1.75145,-0.36040,0.0323,0.631,1.7583,-0.3785,0.0128,0.0116,0.26524,0.13703,0.00,-10.40,0.00,0.0000
20123,LOST_LONG,0.26489,-0.90535,0.60463,-1.16989,0.20000,0.07000,1.75145,-0.36040,0.0323,0.631,1.7583,-0.3785,0.0128,0.0116,0.26589,0.13908,0.00,-10.40,0.00,0.0000
20133,LOST_LONG,0.26489,-0.90535,0.60463,-1.16989,0.20000,0.07000,1.75145,-0.36040,0.0323,0.631,1.7583,-0.3785,0.0128,0.0116,0.26515,0.13701,0.00,-10.40,0.00,0.0000
20143,LOST_LONG,0.26489,-0.90535,0.60463,-1.16989,0.20000,0.07000,1.75145,-0.36040,0.0323,0.631,1.7583,-0.3785,0.0128,0.0116,0.26539,0.13740,0.00,-10.40,0.00,0.0000
20153,LOST_LONG,0.26489,-0.90535,0.60463,-1.16989,0.20000,0.07000,1.75145,-0.36040,0.0323,0.631,1.7583,-0.3785,0.0128,0.0116,0.26493,0.13699,0.00,-10.40,0.00,0.0000
20163,LOST_LONG,0.26489,-0.90535,0.60463,-1.16989,0.20000,0.07000,1.75145,-0.36040,0.0323,0.631,1.7583,-0.3785,0.0128,0.0116,0.26397,0.13482,0.00,-10.40,0.00,0.0000
20173,LOST_LONG,0.26489,-0.90535,0.60463,-1.16989,0.20000,0.07000,1.75145,-0.36040,0.0323,0.631,1.7583,-0.3785,0.0128,0.0116,0.26488,0.13698,0.00,-10.40,0.00,0.0000
20183,LOST_LONG,0.26489,-0.90535,0.60463,-1.16989,0.20000,0.07000,1.75145,-0.36040,0.0323,0.631,1.7583,-0.3785,0.0128,0.0116,0.26494,0.13707,0.00,-10.40,0.00,0.0000
20193,LOST_LONG,0.26489,-0.90535,0.60463,-1.16989,0.20000,0.07000,1.75145,-0.36040,0.0323,0.631,1.7583,-0.3785,0.0128,0.0116,0.26534,0.13796,0.00,-10.40,0.00,0.0000
20203,LOST_LONG,0.26489,-0.90535,0.60463,-1.16989,0.20000,0.07000,1.75145,-0.36040,0.0323,0.631,1.7583,-0.3785,0.0128,0.0116,0.26547,0.13815,0.00,-10.40,0.00,0.0000
20213,LOST_LONG,0.26489,-0.90535,0.60463,-1.16989,0.20000,0.07000,1.75145,-0.36040,0.0323,0.631,1.7583,-0.3785,0.0128,0.0116,0.26534,0.13720,0.00,-10.40,0.00,0.0000
20223,LOST_LONG,0.26489,-0.90535,0.60463,-1.16989,0.20000,0.07000,1.75145,-0.36040,0.0323,0.631,1.7583,-0.3785,0.0128,0.0116,0.26460,0.13608,0.00,-10.40,0.00,0.0000
20233,LOST_LONG,0.26489,-0.90535,0.60463,-1.16989,0.20000,0.07000,1.75145,-0.36040,0.0323,0.631,1.7583,-0.3785,0.0128,0.0116,0.26515,0.13814,0.00,-10.40,0.00,0.0000
20243,LOST_LONG,0.26489,-0.90535,0.60463,-1.16989,0.20000,0.07000,1.75145,-0.36040,0.0323,0.631,1.7583,-0.3785,0.0128,0.0116,0.26527,0.13824,0.00,-10.40,0.00,0.0000
20253,LOST_LONG,0.26489,-0.90535,0.60463,-1.16989,0.20000,0.07000,1.75145,-0.36040,0.0323,0.631,1.7583,-0.3785,0.0128,0.0116,0.26564,0.13775,0.00,-10.40,0.00,0.0000
20263,LOST_LONG,0.26489,-0.90535,0.60463,-1.16989,0.20000,0.07000,1.75145,-0.36040,0.0323,0.631,1.7583,-0.3785,0.0128,0.0116,0.26515,0.13710,0.00,-10.40,0.00,0.0000
20273,LOST_LONG,0.26489,-0.90535,0.60463,-1.16989,0.20000,0.07000,1.75145,-0.36040,0.0323,0.631,1.7583,-0.3785,0.0128,0.0116,0.26531,0.13739,0.00,-10.40,0.00,0.0000
20283,LOST_LONG,0.26489,-0.90535,0.60463,-1.16989,0.20000,0.07000,1.75145,-0.36040,0.0323,0.631,1.7583,-0.3785,0.0128,0.0116,0.26439,0.13626,0.00,-10.40,0.00,0.0000
20293,LOST_LONG,0.26489,-0.90535,0.60463,-1.16989,0.20000,0.07000,1.75145,-0.36040,0.0323,0.631,1.7583,-0.3785,0.0128,0.0116,0.26509,0.13730,0.00,-10.40,0.00,0.0000
20303,LOST_LONG,0.26489,-0.90535,0.60463,-1.16989,0.20000,0.07000,1.75145,-0.36040,0.0323,0.631,1.7583,-0.3785,0.0128,0.0116,0.26421,0.13606,0.00,-10.40,0.00,0.0000
20313,LOST_LONG,0.26489,-0.90535,0.60463,-1.16989,0.20000,0.07000,1.75145,-0.36040,0.0323,0.631,1.7583,-0.3785,0.0128,0.0116,0.26542,0.13806,0.00,-10.40,0.00,0.0000
20323,LOST_LONG,0.26489,-0.90535,0.60463,-1.16989,0.20000,0.07000,1.75145,-0.36040,0.0323,0.631,1.7583,-0.3785,0.0128,0.0116,0.26504,0.13724,0.00,-10.40,0.00,0.0000
20333,LOST_LONG,0.26489,-0.90535,0.60463,-1.16989,0.20000,0.07000,1.75145,-0.36040,0.0323,0.631,1.7583,-0.3785,0.0128,0.0116,0.26564,0.13805,0.00,-10.40,0.00,0.0000
20343,LOST_LONG,0.26489,-0.90535,0.60463,-1.16989,0.20000,0.07000,1.75145,-0.36040,0.0323,0.631,1.7583,-0.3785,0.0128,0.0116,0.26310,0.13304,0.00,-10.40,0.00,0.0000
20353,LOST_LONG,0.26489,-0.90535,0.60463,-1.16989,0.20000,0.07000,1.75145,-0.36040,0.0323,0.631,1.7583,-0.3785,0.0128,0.0116,0.26461,0.13684,0.00,-10.40,0.00,0.0000
20363,LOST_LONG,0.26489,-0.90535,0.60463,-1.16989,0.20000,0.07000,1.75145,-0.36040,0.0323,0.631,1.7583,-0.3785,0.0128,0.0116,0.26505,0.13753,0.00,-10.40,0.00,0.0000
20373,LOST_LONG,0.26489,-0.90535,0.60463,-1.16989,0.20000,0.07000,1.75145,-0.36040,0.0323,0.631,1.7583,-0.3785,0.0128,0.0116,0.26548,0.13762,0.00,-10.40,0.00,0.0000
20383,LOST_LONG,0.26489,-0.90535,0.60463,-1.16989,0.20000,0.07000,1.75145,-0.36040,0.0323,0.631,1.7583,-0.3785,0.0128,0.0116,0.26532,0.13687,0.00,-10.40,0.00,0.0000
20393,LOST_LONG,0.26489,-0.90535,0.60463,-1.16989,0.20000,0.07000,1.75145,-0.36040,0.0323,0.631,1.7583,-0.3785,0.0128,0.0116,0.26540,0.13686,0.00,-10.40,0.00,0.0000
20403,LOST_LONG,0.26489,-0.90535,0.60463,-1.16989,0.20000,0.07000,1.75145,-0.36040,0.0323,0.631,1.7583,-0.3785,0.0128,0.0116,0.26615,0.13906,0.00,-10.40,0.00,0.0000
20413,LOST_LONG,0.26489,-0.90535,0.60463,-1.16989,0.20000,0.07000,1.75145,-0.36040,0.0323,0.631,1.7583,-0.3785,0.0128,0.0116,0.26421,0.13811,0.00,-10.40,0.00,0.0000
20423,LOST_LONG,0.26489,-0.90535,0.60463,-1.16989,0.20000,0.07000,1.75145,-0.36040,0.0323,0.631,1.7583,-0.3785,0.0128,0.0116,0.26501,0.13699,0.00,-10.40,0.00,0.0000
20433,LOST_LONG,0.26489,-0.90535,0.60463,-1.16989,0.20000,0.07000,1.75145,-0.36040,0.0323,0.631,1.7583,-0.3785,0.0128,0.0116,0.26478,0.13724,0.00,-10.40,0.00,0.0000
20443,LOST_LONG,0.26489,-0.90535,0.60463,-1.16989,0.20000,0.07000,1.75145,-0.36040,0.0323,0.631,1.7583,-0.3785,0.0128,0.0116,0.26537,0.13778,0.00,-10.40,0.00,0.0000
20453,LOST_LONG,0.26489,-0.90535,0.60463,-1.16989,0.20000,0.07000,1.75145,-0.36040,0.0323,0.631,1.7583,-0.3785,0.0128,0.0116,0.26506,0.13739,0.00,-10.40,0.00,0.0000
20463,LOST_LONG,0.26489,-0.90535,0.60463,-1.16989,0.20000,0.07000,1.75145,-0.36040,0.0323,0.631,1.7583,-0.3785,0.0128,0.0116,0.26543,0.13754,0.00,-10.40,0.00,0.0000
20473,LOST_LONG,0.26489,-0.90535,0.60463,-1.16989,0.20000,0.07000,1.75145,-0.36040,0.0323,0.631,1.7583,-0.3785,0.0128,0.0116,0.26503,0.13714,0.00,-10.40,0.00,0.0000
20483,LOST_LONG,0.26489,-0.90535,0.60463,-1.16989,0.20000,0.07000,1.75145,-0.36040,0.0323,0.631,1.7583,-0.3785,0.0128,0.0116,0.26489,0.13716,0.00,-10.40,0.00,0.0000
20493,LOST_LONG,0.26489,-0.90535,0.60463,-1.16989,0.20000,0.07000,1.75145,-0.36040,0.0323,0.631,1.7583,-0.3785,0.0128,0.0116,0.26524,0.13780,0.00,-10.40,0.00,0.0000
20503,LOST_LONG,0.26489,-0.90535,0.60463,-1.16989,0.20000,0.07000,1.75145,-0.36040,0.0323,0.631,1.7583,-0.3785,0.0128,0.0116,0.26502,0.13727,0.00,-10.40,0.00,0.0000
20513,LOST_LONG,0.26489,-0.90535,0.60463,-1.16989,0.20000,0.07000,1.75145,-0.36040,0.0323,0.631,1.7583,-0.3785,0.0128,0.0116,0.26504,0.13670,0.00,-10.40,0.00,0.0000
20523,LOST_LONG,0.26489,-0.90535,0.60463,-1.16989,0.20000,0.07000,1.75145,-0.36040,0.0323,0.631,1.7583,-0.3785,0.0128,0.0116,0.26538,0.13766,0.00,-10.40,0.00,0.0000
20533,LOST_LONG,0.26489,-0.90535,0.60463,-1.16989,0.20000,0.07000,1.75145,-0.36040,0.0323,0.631,1.7583,-0.3785,0.0128,0.0116,0.26527,0.13758,0.00,-10.40,0.00,0.0000
20543,LOST_LONG,0.26489,-0.90535,0.60463,-1.16989,0.20000,0.07000,1.75145,-0.36040,0.0323,0.631,1.7583,-0.3785,0.0128,0.0116,0.26447,0.13708,0.00,-10.40,0.00,0.0000
20553,LOST_LONG,0.26489,-0.90535,0.60463,-1.16989,0.20000,0.07000,1.75145,-0.36040,0.0323,0.631,1.7583,-0.3785,0.0128,0.0116,0.26414,0.13498,0.00,-10.40,0.00,0.0000
20563,LOST_LONG,0.26489,-0.90535,0.60463,-1.16989,0.20000,0.07000,1.75145,-0.36040,0.0323,0.631,1.7583,-0.3785,0.0128,0.0116,0.26507,0.13714,0.00,-10.40,0.00,0.0000
20573,LOST_LONG,0.26489,-0.90535,0.60463,-1.16989,0.20000,0.07000,1.75145,-0.36040,0.0323,0.631,1.7583,-0.3785,0.0128,0.0116,0.26497,0.13731,0.00,-10.40,0.00,0.0000
20583,LOST_LONG,0.26489,-0.90535,0.60463,-1.16989,0.20000,0.07000,1.75145,-0.36040,0.0323,0.631,1.7583,-0.3785,0.0128,0.0116,0.26523,0.13676,0.00,-10.40,0.00,0.0000
20593,LOST_LONG,0.26489,-0.90535,0.60463,-1.16989,0.20000,0.07000,1.75145,-0.36040,0.0323,0.631,1.7583,-0.3785,0.0128,0.0116,0.26514,0.13678,0.00,-10.40,0.00,0.0000
20603,LOST_LONG,0.26489,-0.90535,0.60463,-1.16989,0.20000,0.07000,1.75145,-0.36040,0.0323,0.631,1.7583,-0.3785,0.0128,0.0116,0.26511,0.13750,0.00,-10.40,0.00,0.0000
20613,LOST_LONG,0.26489,-0.90535,0.60463,-1.16989,0.20000,0.07000,1.75145,-0.36040,0.0323,0.631,1.7583,-0.3785,0.0128,0.0116,0.26493,0.13698,0.00,-10.40,0.00,0.0000
20623,LOST_LONG,0.26489,-0.90535,0.60463,-1.16989,0.20000,0.07000,1.75145,-0.36040,0.0323,0.631,1.7583,-0.3785,0.0128,0.0116,0.26538,0.13815,0.00,-10.40,0.00,0.0000
20633,LOST_LONG,0.26489,-0.90535,0.60463,-1.16989,0.20000,0.07000,1.75145,-0.36040,0.0323,0.631,1.7583,-0.3785,0.0128,0.0116,0.26514,0.13682,0.00,-10.40,0.00,0.0000
20643,LOST_LONG,0.26489,-0.90535,0.60463,-1.16989,0.20000,0.07000,1.75145,-0.36040,0.0323,0.631,1.7583,-0.3785,0.0128,0.0116,0.26537,0.13789,0.00,-10.40,0.00,0.0000
20653,LOST_LONG,0.26489,-0.90535,0.60463,-1.16989,0.20000,0.07000,1.75145,-0.36040,0.0323,0.631,1.7583,-0.3785,0.0128,0.0116,0.26531,0.13704,0.00,-10.40,0.00,0.0000
20663,LOST_LONG,0.26489,-0.90535,0.60463,-1.16989,0.20000,0.07000,1.75145,-0.36040,0.0323,0.631,1.7583,-0.3785,0.0128,0.0116,0.26554,0.13814,0.00,-10.40,0.00,0.0000
20673,LOST_LONG,0.26489,-0.90535,0.60463,-1.16989,0.20000,0.07000,1.75145,-0.36040,0.0323,0.631,1.7583,-0.3785,0.0128,0.0116,0.26415,0.13487,0.00,-10.40,0.00,0.0000
20683,LOST_LONG,0.26489,-0.90535,0.60463,-1.16989,0.20000,0.07000,1.75145,-0.36040,0.0323,0.631,1.7583,-0.3785,0.0128,0.0116,0.26548,0.13788,0.00,-10.40,0.00,0.0000
20693,LOST_LONG,0.26489,-0.90535,0.60463,-1.16989,0.20000,0.07000,1.75145,-0.36040,0.0323,0.631,1.7583,-0.3785,0.0128,0.0116,0.26389,0.13610,0.00,-10.40,0.00,0.0000
20703,LOST_LONG,0.26489,-0.90535,0.60463,-1.16989,0.20000,0.07000,1.75145,-0.36040,0.0323,0.631,1.7583,-0.3785,0.0128,0.0116,0.26479,0.13618,0.00,-10.40,0.00,0.0000
20713,LOST_LONG,0.26489,-0.90535,0.60463,-1.16989,0.20000,0.07000,1.75145,-0.36040,0.0323,0.631,1.7583,-0.3785,0.0128,0.0116,0.26512,0.13821,0.00,-10.40,0.00,0.0000
20723,LOST_LONG,0.26489,-0.90535,0.60463,-1.16989,0.20000,0.07000,1.75145,-0.36040,0.0323,0.631,1.7583,-0.3785,0.0128,0.0116,0.26562,0.13796,0.00,-10.40,0.00,0.0000
20733,LOST_LONG,0.26489,-0.90535,0.60463,-1.16989,0.20000,0.07000,1.75145,-0.36040,0.0323,0.631,1.7583,-0.3785,0.0128,0.0116,0.26499,0.13615,0.00,-10.40,0.00,0.0000
20743,LOST_LONG,0.26489,-0.90535,0.60463,-1.16989,0.20000,0.07000,1.75145,-0.36040,0.0323,0.631,1.7583,-0.3785,0.0128,0.0116,0.26465,0.13762,0.00,-10.40,0.00,0.0000
20753,LOST_LONG,0.26489,-0.90535,0.60463,-1.16989,0.20000,0.07000,1.75145,-0.36040,0.0323,0.631,1.7583,-0.3785,0.0128,0.0116,0.26540,0.13806,0.00,-10.40,0.00,0.0000
20763,LOST_LONG,0.26489,-0.90535,0.60463,-1.16989,0.20000,0.07000,1.75145,-0.36040,0.0323,0.631,1.7583,-0.3785,0.0128,0.0116,0.26516,0.13736,0.00,-10.40,0.00,0.0000
20773,LOST_LONG,0.26489,-0.90535,0.60463,-1.16989,0.20000,0.07000,1.75145,-0.36040,0.0323,0.631,1.7583,-0.3785,0.0128,0.0116,0.26454,0.13598,0.00,-10.40,0.00,0.0000
20783,LOST_LONG,0.26489,-0.90535,0.60463,-1.16989,0.20000,0.07000,1.75145,-0.36040,0.0323,0.631,1.7583,-0.3785,0.0128,0.0116,0.26510,0.13709,0.00,-10.40,0.00,0.0000
20793,LOST_LONG,0.26489,-0.90535,0.60463,-1.16989,0.20000,0.07000,1.75145,-0.36040,0.0323,0.631,1.7583,-0.3785,0.0128,0.0116,0.26525,0.13737,0.00,-10.40,0.00,0.0000
20803,LOST_LONG,0.26489,-0.90535,0.60463,-1.16989,0.20000,0.07000,1.75145,-0.36040,0.0323,0.631,1.7583,-0.3785,0.0128,0.0116,0.26473,0.13784,0.00,-10.40,0.00,0.0000
20813,LOST_LONG,0.26489,-0.90535,0.60463,-1.16989,0.20000,0.07000,1.75145,-0.36040,0.0323,0.631,1.7583,-0.3785,0.0128,0.0116,0.26538,0.13726,0.00,-10.40,0.00,0.0000
20823,LOST_LONG,0.26489,-0.90535,0.60463,-1.16989,0.20000,0.07000,1.75145,-0.36040,0.0323,0.631,1.7583,-0.3785,0.0128,0.0116,0.26500,0.13684,0.00,-10.40,0.00,0.0000
20833,LOST_LONG,0.26489,-0.90535,0.60463,-1.16989,0.20000,0.07000,1.75145,-0.36040,0.0323,0.631,1.7583,-0.3785,0.0128,0.0116,0.26542,0.13783,0.00,-10.40,0.00,0.0000
20843,LOST_LONG,0.26489,-0.90535,0.60463,-1.16989,0.20000,0.07000,1.75145,-0.36040,0.0323,0.631,1.7583,-0.3785,0.0128,0.0116,0.26520,0.13699,0.00,-10.40,0.00,0.0000
20853,LOST_LONG,0.26489,-0.90535,0.60463,-1.16989,0.20000,0.07000,1.75145,-0.36040,0.0323,0.631,1.7583,-0.3785,0.0128,0.0116,0.26481,0.13595,0.00,-10.40,0.00,0.0000
20863,LOST_LONG,0.26489,-0.90535,0.60463,-1.16989,0.20000,0.07000,1.75145,-0.36040,0.0323,0.631,1.7583,-0.3785,0.0128,0.0116,0.26474,0.13786,0.00,-10.40,0.00,0.0000
20873,LOST_LONG,0.26489,-0.90535,0.60463,-1.16989,0.20000,0.07000,1.75145,-0.36040,0.0323,0.631,1.7583,-0.3785,0.0128,0.0116,0.26513,0.13716,0.00,-10.40,0.00,0.0000
20883,LOST_LONG,0.26489,-0.90535,0.60463,-1.16989,0.20000,0.07000,1.75145,-0.36040,0.0323,0.631,1.7583,-0.3785,0.0128,0.0116,0.26485,0.13732,0.00,-10.40,0.00,0.0000
20893,LOST_LONG,0.26489,-0.90535,0.60463,-1.16989,0.20000,0.07000,1.75145,-0.36040,0.0323,0.631,1.7583,-0.3785,0.0128,0.0116,0.26563,0.13814,0.00,-10.40,0.00,0.0000
20903,LOST_LONG,0.26489,-0.90535,0.60463,-1.16989,0.20000,0.07000,1.75145,-0.36040,0.0323,0.631,1.7583,-0.3785,0.0128,0.0116,0.26485,0.13751,0.00,-10.40,0.00,0.0000
20913,LOST_LONG,0.26489,-0.90535,0.60463,-1.16989,0.20000,0.07000,1.75145,-0.36040,0.0323,0.631,1.7583,-0.3785,0.0128,0.0116,0.26456,0.13622,0.00,-10.40,0.00,0.0000
20923,LOST_LONG,0.26489,-0.90535,0.60463,-1.16989,0.20000,0.07000,1.75145,-0.36040,0.0323,0.631,1.7583,-0.3785,0.0128,0.0116,0.26494,0.13897,0.00,-10.40,0.00,0.0000
20933,LOST_LONG,0.26489,-0.90535,0.60463,-1.16989,0.20000,0.07000,1.75145,-0.36040,0.0323,0.631,1.7583,-0.3785,0.0128,0.0116,0.26386,0.13568,0.00,-10.40,0.00,0.0000
20943,LOST_LONG,0.26489,-0.90535,0.60463,-1.16989,0.20000,0.07000,1.75145,-0.36040,0.0323,0.631,1.7583,-0.3785,0.0128,0.0116,0.26470,0.13750,0.00,-10.40,0.00,0.0000
20953,LOST_LONG,0.26489,-0.90535,0.60463,-1.16989,0.20000,0.07000,1.75145,-0.36040,0.0323,0.631,1.7583,-0.3785,0.0128,0.0116,0.26507,0.13702,0.00,-10.40,0.00,0.0000
20963,LOST_LONG,0.26489,-0.90535,0.60463,-1.16989,0.20000,0.07000,1.75145,-0.36040,0.0323,0.631,1.7583,-0.3785,0.0128,0.0116,0.26527,0.13741,0.00,-10.40,0.00,0.0000
20973,LOST_LONG,0.26489,-0.90535,0.60463,-1.16989,0.20000,0.07000,1.75145,-0.36040,0.0323,0.631,1.7583,-0.3785,0.0128,0.0116,0.26526,0.13723,0.00,-10.40,0.00,0.0000
20983,LOST_LONG,0.26489,-0.90535,0.60463,-1.16989,0.20000,0.07000,1.75145,-0.36040,0.0323,0.631,1.7583,-0.3785,0.0128,0.0116,0.26485,0.13735,0.00,-10.40,0.00,0.0000
20993,LOST_LONG,0.26489,-0.90535,0.60463,-1.16989,0.20000,0.07000,1.75145,-0.36040,0.0323,0.631,1.7583,-0.3785,0.0128,0.0116,0.26503,0.13731,0.00,-10.40,0.00,0.0000
21003,LOST_LONG,0.26489,-0.90535,0.60463,-1.16989,0.20000,0.07000,1.75145,-0.36040,0.0323,0.631,1.7583,-0.3785,0.0128,0.0116,0.26619,0.14076,0.00,-10.40,0.00,0.0000
21013,LOST_LONG,0.26489,-0.90535,0.60463,-1.16989,0.20000,0.07000,1.75145,-0.36040,0.0323,0.631,1.7583,-0.3785,0.0128,0.0116,0.26563,0.13831,0.00,-10.40,0.00,0.0000
21023,LOST_LONG,0.26489,-0.90535,0.60463,-1.16989,0.20000,0.07000,1.75145,-0.36040,0.0323,0.631,1.7583,-0.3785,0.0128,0.0116,0.26558,0.13785,0.00,-10.40,0.00,0.0000
21033,LOST_LONG,0.26489,-0.90535,0.60463,-1.16989,0.20000,0.07000,1.75145,-0.36040,0.0323,0.631,1.7583,-0.3785,0.0128,0.0116,0.26545,0.13716,0.00,-10.40,0.00,0.0000
21043,LOST_LONG,0.26489,-0.90535,0.60463,-1.16989,0.20000,0.07000,1.75145,-0.36040,0.0323,0.631,1.7583,-0.3785,0.0128,0.0116,0.26516,0.13860,0.00,-10.40,0.00,0.0000
21053,LOST_LONG,0.26489,-0.90535,0.60463,-1.16989,0.20000,0.07000,1.75145,-0.36040,0.0323,0.631,1.7583,-0.3785,0.0128,0.0116,0.26473,0.13616,0.00,-10.40,0.00,0.0000
21063,LOST_LONG,0.26489,-0.90535,0.60463,-1.16989,0.20000,0.07000,1.75145,-0.36040,0.0323,0.631,1.7583,-0.3785,0.0128,0.0116,0.26339,0.13601,0.00,-10.40,0.00,0.0000
21073,LOST_LONG,0.26489,-0.90535,0.60463,-1.16989,0.20000,0.07000,1.75145,-0.36040,0.0323,0.631,1.7583,-0.3785,0.0128,0.0116,0.26490,0.13799,0.00,-10.40,0.00,0.0000
21083,LOST_LONG,0.26489,-0.90535,0.60463,-1.16989,0.20000,0.07000,1.75145,-0.36040,0.0323,0.631,1.7583,-0.3785,0.0128,0.0116,0.26527,0.13716,0.00,-10.40,0.00,0.0000
21093,LOST_LONG,0.26489,-0.90535,0.60463,-1.16989,0.20000,0.07000,1.75145,-0.36040,0.0323,0.631,1.7583,-0.3785,0.0128,0.0116,0.26473,0.13738,0.00,-10.40,0.00,0.0000
21103,LOST_LONG,0.26489,-0.90535,0.60463,-1.16989,0.20000,0.07000,1.75145,-0.36040,0.0323,0.631,1.7583,-0.3785,0.0128,0.0116,0.26489,0.13718,0.00,-10.40,0.00,0.0000
21113,LOST_LONG,0.26489,-0.90535,0.60463,-1.16989,0.20000,0.07000,1.75145,-0.36040,0.0323,0.631,1.7583,-0.3785,0.0128,0.0116,0.26564,0.13805,0.00,-10.40,0.00,0.0000
21123,LOST_LONG,0.26489,-0.90535,0.60463,-1.16989,0.20000,0.07000,1.75145,-0.36040,0.0323,0.631,1.7583,-0.3785,0.0128,0.0116,0.26437,0.13626,0.00,-10.40,0.00,0.0000
21133,LOST_LONG,0.26489,-0.90535,0.60463,-1.16989,0.20000,0.07000,1.75145,-0.36040,0.0323,0.631,1.7583,-0.3785,0.0128,0.0116,0.26550,0.13754,0.00,-10.40,0.00,0.0000
21143,LOST_LONG,0.26489,-0.90535,0.60463,-1.16989,0.20000,0.07000,1.75145,-0.36040,0.0323,0.631,1.7583,-0.3785,0.0128,0.0116,0.26513,0.13705,0.00,-10.40,0.00,0.0000
21153,LOST_LONG,0.26489,-0.90535,0.60463,-1.16989,0.20000,0.07000,1.75145,-0.36040,0.0323,0.631,1.7583,-0.3785,0.0128,0.0116,0.26521,0.13626,0.00,-10.40,0.00,0.0000
21163,LOST_LONG,0.26489,-0.90535,0.60463,-1.16989,0.20000,0.07000,1.75145,-0.36040,0.0323,0.631,1.7583,-0.3785,0.0128,0.0116,0.26495,0.13710,0.00,-10.40,0.00,0.0000
21173,LOST_LONG,0.26489,-0.90535,0.60463,-1.16989,0.20000,0.07000,1.75145,-0.36040,0.0323,0.631,1.7583,-0.3785,0.0128,0.0116,0.26539,0.13780,0.00,-10.40,0.00,0.0000
21183,LOST_LONG,0.26489,-0.90535,0.60463,-1.16989,0.20000,0.07000,1.75145,-0.36040,0.0323,0.631,1.7583,-0.3785,0.0128,0.0116,0.26470,0.13623,0.00,-10.40,0.00,0.0000
21193,LOST_LONG,0.26489,-0.90535,0.60463,-1.16989,0.20000,0.07000,1.75145,-0.36040,0.0323,0.631,1.7583,-0.3785,0.0128,0.0116,0.26500,0.13735,0.00,-10.40,0.00,0.0000
21203,LOST_LONG,0.26489,-0.90535,0.60463,-1.16989,0.20000,0.07000,1.75145,-0.36040,0.0323,0.631,1.7583,-0.3785,0.0128,0.0116,0.26490,0.13724,0.00,-10.40,0.00,0.0000
21213,LOST_LONG,0.26489,-0.90535,0.60463,-1.16989,0.20000,0.07000,1.75145,-0.36040,0.0323,0.631,1.7583,-0.3785,0.0128,0.0116,0.26493,0.13720,0.00,-10.40,0.00,0.0000
21223,LOST_LONG,0.26489,-0.90535,0.60463,-1.16989,0.20000,0.07000,1.75145,-0.36040,0.0323,0.631,1.7583,-0.3785,0.0128,0.0116,0.26539,0.13797,0.00,-10.40,0.00,0.0000
21233,LOST_LONG,0.26489,-0.90535,0.60463,-1.16989,0.20000,0.07000,1.75145,-0.36040,0.0323,0.631,1.7583,-0.3785,0.0128,0.0116,0.26598,0.13840,0.00,-10.40,0.00,0.0000
21243,LOST_LONG,0.26489,-0.90535,0.60463,-1.16989,0.20000,0.07000,1.75145,-0.36040,0.0323,0.631,1.7583,-0.3785,0.0128,0.0116,0.26394,0.13471,0.00,-10.40,0.00,0.0000
21253,LOST_LONG,0.26489,-0.90535,0.60463,-1.16989,0.20000,0.07000,1.75145,-0.36040,0.0323,0.631,1.7583,-0.3785,0.0128,0.0116,0.26521,0.13712,-16.71,-10.40,16.33,0.0000
21263,LOST_LONG,0.26489,-0.90535,0.60463,-1.16989,0.20000,0.07000,1.75145,-0.36040,0.0323,0.631,1.7583,-0.3785,0.0128,0.0116,0.26497,0.13692,-10.28,-10.40,3.29,0.0000
21273,TRACKING,-0.43607,-0.56662,-0.08983,-0.76860,0.36428,0.07000,2.07326,-0.95507,0.1089,0.827,2.0424,-0.8974,0.1157,-1.1953,0.29159,0.13730,-18.86,-21.95,67.61,0.7617
21283,LOST_SHORT,-0.61356,-0.54696,-0.23203,-0.71256,0.41405,0.07000,2.18197,-1.15907,0.0461,0.725,2.1689,-1.1346,0.0424,-0.7292,0.32940,0.13686,-17.82,-14.01,61.39,0.0000
21293,TRACKING,-0.52720,-0.49220,-0.07509,-0.68870,0.35912,0.07000,2.06244,-0.93482,0.1035,0.700,2.0913,-0.9898,0.0891,-1.4520,0.36217,0.13695,-21.47,-20.95,94.91,0.6926
21303,TRACKING,-0.38461,-0.54435,0.04952,-0.73628,0.32951,0.07000,2.00161,-0.82105,0.0529,0.859,2.0176,-0.8484,0.0818,-1.4938,0.36348,0.13626,-15.32,-18.63,102.35,0.6520
21313,LOST_SHORT,-0.31688,-0.54946,0.10862,-0.74245,0.30882,0.07000,1.96024,-0.74391,0.0376,0.776,1.9710,-0.7638,0.0546,-1.4938,0.35633,0.13603,0.00,-16.71,85.86,0.0000
21323,TRACKING,-0.51608,-0.31884,-0.11447,-0.44498,0.37290,0.13707,1.90382,-0.97529,0.0783,0.690,1.9498,-0.9850,0.0230,-1.4938,0.34769,0.13804,-11.50,-12.93,112.06,0.5791
21333,TRACKING,-0.49464,-0.18203,-0.09505,-0.36510,0.36611,0.16503,1.81548,-0.95665,0.0108,0.633,1.8123,-0.9505,0.0078,-1.4938,0.33705,0.14725,-19.67,-14.63,114.05,0.5303
21343,TRACKING,-0.45407,-0.05723,-0.03327,-0.22443,0.34448,0.21426,1.64020,-0.90862,0.0483,0.739,1.6669,-0.9198,0.0005,-1.4938,0.32211,0.15432,-9.33,-10.90,130.61,0.4401
21353,TRACKING,-0.42127,0.00864,-0.01524,-0.17539,0.33984,0.23142,1.59171,-0.91083,0.0099,0.409,1.5968,-0.9057,-0.0133,-1.4938,0.32005,0.19326,-10.85,-10.77,133.07,0.4210
21363,TRACKING,-0.42816,0.01745,-0.02286,-0.17157,0.34084,0.23276,1.59130,-0.91514,0.0082,0.405,1.5968,-0.9090,-0.0133,-1.4938,0.33141,0.21776,-11.67,-11.23,132.02,0.4287
21373,TRACKING,-0.42869,0.02177,-0.02377,-0.17000,0.34116,0.23331,1.59114,-0.91759,0.0026,0.506,1.5931,-0.9159,-0.0133,-1.4938,0.34191,0.23184,-12.08,-11.23,131.32,0.4297
21383,TRACKING,-0.42979,0.01457,-0.02657,-0.17536,0.34214,0.23144,1.59866,-0.91863,0.0062,0.620,1.5931,-0.9159,-0.0133,-1.4938,0.34170,0.23336,-10.68,-11.23,130.80,0.4323
21393,TRACKING,-0.42671,0.01649,-0.02199,-0.17430,0.34053,0.23181,1.59275,-0.91306,0.0029,0.629,1.5931,-0.9159,-0.0133,-1.4938,0.34169,0.23335,-9.21,-10.52,131.28,0.4277
21403,TRACKING,-0.43734,0.01178,-0.04033,-0.18118,0.34696,0.22940,1.61808,-0.93439,0.0192,0.697,1.6095,-0.9267,-0.0177,-1.4938,0.34190,0.23368,-9.32,-10.06,128.41,0.4459
21413,TRACKING,-0.46265,-0.02221,-0.05958,-0.21498,0.35369,0.21757,1.66247,-0.94712,0.0095,0.636,1.6572,-0.9392,-0.0177,-1.4938,0.34904,0.22545,-9.65,-10.06,125.57,0.4657
21423,TRACKING,-0.51767,-0.01964,-0.13763,-0.20742,0.38101,0.22022,1.74254,-1.05691,0.0641,0.582,1.7199,-1.0259,-0.0144,-1.4938,0.35618,0.21983,-13.05,-11.39,112.24,0.5434
21433,TRACKING,-0.70314,0.02748,-0.31435,-0.15248,0.44286,0.23944,1.90561,-1.34097,0.0383,0.863,1.8969,-1.3197,0.0404,1.4398,0.38790,0.21067,-15.91,-16.48,91.86,0.7208
21443,TRACKING,-0.70545,0.05604,-0.30986,-0.13275,0.44129,0.24635,1.89096,-1.34234,0.0279,0.620,1.8811,-1.3288,0.0278,1.4922,0.41985,0.21358,-16.25,-15.18,92.89,0.7176
21453,TRACKING,-0.74741,0.08085,-0.35239,-0.10450,0.45618,0.25624,1.92705,-1.42419,0.0300,0.652,1.9187,-1.4083,0.0324,1.4922,0.44165,0.24465,-15.41,-15.79,84.69,0.7627
21463,TRACKING,-0.75546,0.07136,-0.35280,-0.12176,0.45632,0.25019,1.93506,-1.41673,0.0092,0.792,1.9301,-1.4125,0.0277,1.4922,0.45412,0.25221,-14.62,-14.10,85.22,0.7613
21473,TRACKING,-0.73916,0.05567,-0.33120,-0.13996,0.44876,0.24383,1.91862,-1.37331,0.0126,1.125,1.9199,-1.3809,0.0077,1.4922,0.45166,0.24835,-12.19,-12.31,90.07,0.7384
21483,TRACKING,-0.73596,0.03566,-0.33099,-0.15474,0.44869,0.23865,1.92549,-1.36668,0.0062,0.564,1.9199,-1.3694,-0.0044,1.4922,0.44844,0.24202,-9.26,-10.91,89.42,0.7373
21493,TRACKING,-0.73204,0.02259,-0.32100,-0.17298,0.44519,0.23227,1.92338,-1.34326,0.0228,0.693,1.9280,-1.3567,0.0137,1.4922,0.44914,0.24337,-17.52,-15.53,92.84,0.7267
21503,TRACKING,-0.70924,0.03495,-0.30251,-0.15170,0.43872,0.23972,1.89190,-1.32254,0.0087,0.634,1.8983,-1.3284,0.0443,1.4922,0.44098,0.23033,-15.97,-16.68,94.61,0.7090
21513,TRACKING,-0.70456,0.04258,-0.29794,-0.14845,0.43712,0.24085,1.88515,-1.31674,0.0104,0.624,1.8916,-1.3216,0.0392,1.4922,0.43770,0.23739,-14.88,-15.09,95.71,0.7046
21523,TRACKING,-0.70707,0.03933,-0.30346,-0.15133,0.43905,0.23985,1.89279,-1.32421,0.0028,0.702,1.8916,-1.3216,0.0392,1.4922,0.43684,0.23638,-14.70,-15.09,93.89,0.7100
21533,TRACKING,-0.70465,0.03396,-0.29997,-0.15790,0.43783,0.23755,1.89217,-1.31598,0.0057,0.604,1.8916,-1.3216,0.0339,1.4922,0.43699,0.23649,-15.41,-14.59,95.00,0.7062
21543,TRACKING,-0.70452,0.02955,-0.29987,-0.16079,0.43779,0.23654,1.89352,-1.31465,0.0020,0.629,1.8916,-1.3141,0.0153,1.4922,0.43622,0.23485,-12.18,-12.96,94.47,0.7059
21553,TRACKING,-0.70419,0.03738,-0.30064,-0.15032,0.43806,0.24020,1.88911,-1.32018,0.0066,0.692,1.8916,-1.3141,-0.0044,1.4922,0.43702,0.23616,-9.70,-10.87,93.36,0.7072
21563,TRACKING,-0.68717,0.03478,-0.27527,-0.15088,0.42918,0.24000,1.86099,-1.28050,0.0195,0.624,1.8703,-1.2875,-0.0334,1.4922,0.43810,0.23815,-8.80,-8.73,99.80,0.6819
21573,TRACKING,-0.65358,0.02967,-0.24408,-0.16608,0.41827,0.23469,1.83437,-1.22685,0.0130,0.613,1.8409,-1.2336,-0.0296,1.4922,0.42650,0.24261,-11.10,-10.10,104.05,0.6500
21583,TRACKING,-0.39606,-0.00894,0.08807,-0.19873,0.31601,0.22326,1.52934,-0.81263,0.1596,0.682,1.5928,-0.8843,-0.0582,1.4922,0.40569,0.24121,5.12,-3.77,160.01,0.3175
21593,TRACKING,-0.19345,-0.00484,0.23346,-0.19947,0.26513,0.22300,1.35179,-0.63321,0.0470,0.640,1.3696,-0.6551,-0.1463,1.4922,0.37390,0.25901,-0.63,0.21,165.47,0.1723
21603,TRACKING,-0.14753,-0.02648,0.26272,-0.21695,0.25489,0.21688,1.32827,-0.59058,0.0127,0.607,1.3340,-0.5957,-0.1377,1.4922,0.33415,0.26558,-1.21,-0.29,165.18,0.1453
21613,TRACKING,-0.10128,-0.03470,0.30837,-0.22563,0.23891,0.21384,1.27401,-0.53288,0.0094,0.705,1.2807,-0.5394,-0.1611,1.4922,0.29434,0.26585,3.73,2.74,168.38,0.1034
21623,TRACKING,-0.05557,-0.04514,0.35399,-0.23729,0.22294,0.20976,1.21986,-0.47453,0.0075,0.720,1.2236,-0.4811,-0.1769,1.4922,0.25768,0.25240,3.36,4.18,171.98,0.0699
21633,TRACKING,-0.05184,-0.04818,0.35394,-0.23871,0.22296,0.20926,1.22135,-0.47395,0.0075,0.712,1.2236,-0.4811,-0.1615,1.4922,0.23367,0.22512,0.86,1.81,172.14,0.0709
21643,TRACKING,-0.07840,-0.04768,0.32186,-0.23718,0.23419,0.20980,1.26608,-0.51201,0.0116,0.696,1.2610,-0.5041,-0.1451,1.4922,0.23339,0.22153,0.37,0.30,168.84,0.0960
21653,TRACKING,-0.14991,-0.00580,0.23240,-0.17604,0.26550,0.23120,1.33429,-0.64540,0.0536,0.647,1.3228,-0.6153,-0.1623,1.4922,0.24420,0.22216,5.53,3.78,162.08,0.1736
21663,TRACKING,-0.17801,0.17770,0.23921,0.14708,0.26312,0.33029,1.17793,-0.82572,0.1682,0.514,1.2458,-0.7510,-0.0935,0.3099,0.27083,0.23800,-26.08,-8.60,154.78,0.3758
21673,TRACKING,-0.00110,0.70801,0.44191,0.52633,0.20000,0.46303,0.95650,-1.06217,0.0460,0.886,0.9802,-1.0763,0.1216,-1.1122,0.26726,0.30408,-22.83,-23.83,96.06,0.7172
21683,TRACKING,0.08638,0.66297,0.50150,0.46589,0.20000,0.44187,0.93910,-0.98830,0.0133,0.860,0.9461,-0.9951,0.0932,-1.4935,0.24096,0.37977,-18.98,-19.90,104.93,0.6629
21693,TRACKING,0.14806,0.65618,0.55763,0.47063,0.20000,0.44353,0.94032,-0.99397,0.0072,0.647,0.9392,-0.9869,0.0801,-1.4935,0.20409,0.42708,-19.27,-18.79,98.23,0.6779
21703,TRACKING,0.15217,0.66772,0.55929,0.47393,0.20000,0.44469,0.94119,-0.99794,0.0053,0.865,0.9392,-1.0028,0.0612,-1.4935,0.19991,0.43865,-14.73,-16.45,101.48,0.6815
21713,TRACKING,0.15845,0.66534,0.56773,0.47934,0.20000,0.44658,0.94263,-1.00445,0.0095,0.613,0.9392,-0.9991,0.0528,-1.4935,0.20001,0.43934,-18.34,-17.50,96.88,0.6887
21723,TRACKING,0.15733,0.64799,0.55912,0.45082,0.20000,0.43660,0.93537,-0.97039,0.0149,0.620,0.9392,-0.9790,0.0354,-1.4935,0.20029,0.43820,-12.65,-14.23,107.08,0.6590
21733,TRACKING,0.15651,0.64560,0.56241,0.45598,0.20000,0.43841,0.93662,-0.97650,0.0039,0.961,0.9392,-0.9736,0.0229,-1.4935,0.20141,0.43332,-12.95,-13.78,102.60,0.6647
21743,TRACKING,0.15057,0.64352,0.55562,0.44745,0.20000,0.43542,0.93457,-0.96640,0.0118,0.628,0.9392,-0.9729,-0.1408,-0.5179,0.20118,0.43484,11.90,5.87,107.42,0.6549
21753,TRACKING,0.13839,0.63903,0.54038,0.44895,0.20000,0.43594,0.93493,-0.96818,0.0043,2.365,0.9392,-0.9690,-0.2493,0.9746,0.19784,0.45141,11.59,10.90,107.66,0.6530
21763,TRACKING,0.13327,0.63309,0.53898,0.44304,0.20000,0.43387,0.93355,-0.96121,0.0070,0.685,0.9392,-0.9654,-0.2310,0.8013,0.19621,0.45622,8.34,7.89,108.70,0.6469
21773,TRACKING,0.13711,0.63242,0.54450,0.43908,0.20000,0.43249,0.93264,-0.95657,0.0110,0.597,0.9392,-0.9619,-0.2204,0.8084,0.19674,0.45435,6.97,7.05,109.07,0.6442
21783,TRACKING,0.13603,0.63558,0.54025,0.44686,0.20000,0.43521,0.93443,-0.96571,0.0061,0.624,0.9392,-0.9619,-0.2204,0.9254,0.19735,0.45241,6.24,7.05,107.74,0.6509
21793,TRACKING,0.12901,0.63357,0.53281,0.44516,0.20000,0.43462,0.93404,-0.96371,0.0055,0.659,0.9392,-0.9619,-0.2046,0.7217,0.19735,0.45227,3.95,5.32,108.07,0.6478
21803,TRACKING,0.12542,0.63414,0.53016,0.44428,0.20000,0.43431,0.93383,-0.96267,0.0054,0.807,0.9392,-0.9619,-0.2046,0.8071,0.19804,0.45016,7.91,6.86,108.99,0.6464
21813,TRACKING,0.12533,0.63061,0.53152,0.43675,0.20000,0.43167,0.93212,-0.95384,0.0107,0.652,0.9392,-0.9587,-0.2167,0.8263,0.19749,0.45178,6.92,7.62,110.38,0.6393
21823,TRACKING,0.13082,0.57532,0.53862,0.36211,0.20000,0.40555,0.91867,-0.86887,0.0391,0.726,0.9263,-0.8919,-0.2668,0.9836,0.19669,0.44986,9.81,10.98,120.00,0.5679
21833,TRACKING,0.17553,0.42622,0.58946,0.21443,0.20000,0.35386,0.91312,-0.71449,0.0288,0.650,0.9186,-0.7314,-0.1002,-0.9210,0.19972,0.40798,-7.03,-5.31,130.16,0.4443
21843,TRACKING,0.23449,0.21577,0.65267,-0.02216,0.20000,0.28506,0.96142,-0.53940,0.0294,0.559,0.9556,-0.5561,-0.1096,0.0094,0.20167,0.35649,5.03,0.08,146.08,0.2988
21853,TRACKING,0.42970,-0.30964,0.93468,-0.76408,0.20000,0.07000,1.75145,-0.36040,0.3797,0.547,1.5244,-0.3788,-0.3967,0.5480,0.21284,0.30031,0.00,28.27,0.00,0.0000
21863,LOST_SHORT,0.42970,-0.30964,0.93468,-0.76408,0.20000,0.07000,1.75145,-0.36040,0.3797,0.547,1.5244,-0.3788,-0.3967,0.5480,0.21952,0.24020,0.00,28.27,6.80,0.0000
21873,LOST_LONG,0.42970,-0.30964,0.93468,-0.76408,0.20000,0.07000,1.75145,-0.36040,0.3797,0.547,1.5244,-0.3788,-0.3967,0.5480,0.22746,0.19967,0.00,28.27,0.00,0.0000
21883,LOST_LONG,0.42970,-0.30964,0.93468,-0.76408,0.20000,0.07000,1.75145,-0.36040,0.3797,0.547,1.5244,-0.3788,-0.3967,0.5480,0.23637,0.16522,0.00,28.27,0.00,0.0000
21893,LOST_LONG,0.42970,-0.30964,0.93468,-0.76408,0.20000,0.07000,1.75145,-0.36040,0.3797,0.547,1.5244,-0.3788,-0.0255,0.0352,0.23015,0.13328,0.00,28.27,0.00,0.0000
21903,LOST_LONG,0.42970,-0.30964,0.93468,-0.76408,0.20000,0.07000,1.75145,-0.36040,0.3797,0.547,1.5244,-0.3788,-0.0112,0.0118,0.21489,0.12222,0.00,28.27,0.00,0.0000
21913,LOST_LONG,0.42970,-0.30964,0.93468,-0.76408,0.20000,0.07000,1.75145,-0.36040,0.3797,0.547,1.5244,-0.3788,-0.0112,0.0118,0.21084,0.12237,0.00,28.27,0.00,0.0000
21923,LOST_LONG,0.42970,-0.30964,0.93468,-0.76408,0.20000,0.07000,1.75145,-0.36040,0.3797,0.547,1.5244,-0.3788,-0.0112,0.0118,0.21034,0.12264,0.00,28.27,0.00,0.0000
21933,LOST_LONG,0.42970,-0.30964,0.93468,-0.76408,0.20000,0.07000,1.75145,-0.36040,0.3797,0.547,1.5244,-0.3788,-0.0112,0.0118,0.21004,0.12281,0.00,28.27,0.00,0.0000
21943,LOST_LONG,0.42970,-0.30964,0.93468,-0.76408,0.20000,0.07000,1.75145,-0.36040,0.3797,0.547,1.5244,-0.3788,-0.0112,0.0118,0.21042,0.12254,0.00,28.27,0.00,0.0000
21953,LOST_LONG,0.42970,-0.30964,0.93468,-0.76408,0.20000,0.07000,1.75145,-0.36040,0.3797,0.547,1.5244,-0.3788,-0.0112,0.0118,0.21003,0.12279,0.00,28.27,0.00,0.0000
21963,LOST_LONG,0.42970,-0.30964,0.93468,-0.76408,0.20000,0.07000,1.75145,-0.36040,0.3797,0.547,1.5244,-0.3788,-0.0112,0.0118,0.21003,0.12295,0.00,28.27,0.00,0.0000
21973,LOST_LONG,0.42970,-0.30964,0.93468,-0.76408,0.20000,0.07000,1.75145,-0.36040,0.3797,0.547,1.5244,-0.3788,-0.0112,0.0118,0.20996,0.12305,0.00,28.27,0.00,0.0000
21983,LOST_LONG,0.42970,-0.30964,0.93468,-0.76408,0.20000,0.07000,1.75145,-0.36040,0.3797,0.547,1.5244,-0.3788,-0.0112,0.0118,0.21056,0.12250,0.00,28.27,0.00,0.0000
21993,LOST_LONG,0.42970,-0.30964,0.93468,-0.76408,0.20000,0.07000,1.75145,-0.36040,0.3797,0.547,1.5244,-0.3788,-0.0112,0.0118,0.21072,0.12241,0.00,28.27,0.00,0.0000
22003,LOST_LONG,0.42970,-0.30964,0.93468,-0.76408,0.20000,0.07000,1.75145,-0.36040,0.3797,0.547,1.5244,-0.3788,-0.0112,0.0118,0.21152,0.12176,0.00,28.27,0.00,0.0000
22013,LOST_LONG,0.42970,-0.30964,0.93468,-0.76408,0.20000,0.07000,1.75145,-0.36040,0.3797,0.547,1.5244,-0.3788,-0.0112,0.0118,0.21017,0.12280,0.00,28.27,0.00,0.0000
22023,LOST_LONG,0.42970,-0.30964,0.93468,-0.76408,0.20000,0.07000,1.75145,-0.36040,0.3797,0.547,1.5244,-0.3788,-0.0112,0.0118,0.21059,0.12246,0.00,28.27,0.00,0.0000
22033,LOST_LONG,0.42970,-0.30964,0.93468,-0.76408,0.20000,0.07000,1.75145,-0.36040,0.3797,0.547,1.5244,-0.3788,-0.0112,0.0118,0.21034,0.12271,0.00,28.27,0.00,0.0000
22043,LOST_LONG,0.42970,-0.30964,0.93468,-0.76408,0.20000,0.07000,1.75145,-0.36040,0.3797,0.547,1.5244,-0.3788,-0.0112,0.0118,0.21048,0.12256,0.00,28.27,0.00,0.0000
22053,LOST_LONG,0.42970,-0.30964,0.93468,-0.76408,0.20000,0.07000,1.75145,-0.36040,0.3797,0.547,1.5244,-0.3788,-0.0112,0.0118,0.21058,0.12248,0.00,28.27,0.00,0.0000
22063,LOST_LONG,0.42970,-0.30964,0.93468,-0.76408,0.20000,0.07000,1.75145,-0.36040,0.3797,0.547,1.5244,-0.3788,-0.0112,0.0118,0.21088,0.12227,0.00,28.27,0.00,0.0000
22073,LOST_LONG,0.42970,-0.30964,0.93468,-0.76408,0.20000,0.07000,1.75145,-0.36040,0.3797,0.547,1.5244,-0.3788,-0.0112,0.0118,0.21024,0.12283,0.00,28.27,0.00,0.0000
22083,LOST_LONG,0.42970,-0.30964,0.93468,-0.76408,0.20000,0.07000,1.75145,-0.36040,0.3797,0.547,1.5244,-0.3788,-0.0112,0.0118,0.21172,0.12159,0.00,28.27,0.00,0.0000
22093,LOST_LONG,0.42970,-0.30964,0.93468,-0.76408,0.20000,0.07000,1.75145,-0.36040,0.3797,0.547,1.5244,-0.3788,-0.0112,0.0118,0.21022,0.12273,0.00,28.27,0.00,0.0000
22103,LOST_LONG,0.42970,-0.30964,0.93468,-0.76408,0.20000,0.07000,1.75145,-0.36040,0.3797,0.547,1.5244,-0.3788,-0.0112,0.0118,0.21046,0.12251,0.00,28.27,0.00,0.0000
22113,LOST_LONG,0.42970,-0.30964,0.93468,-0.76408,0.20000,0.07000,1.75145,-0.36040,0.3797,0.547,1.5244,-0.3788,-0.0112,0.0118,0.21014,0.12258,0.00,28.27,0.00,0.0000
22123,LOST_LONG,0.42970,-0.30964,0.93468,-0.76408,0.20000,0.07000,1.75145,-0.36040,0.3797,0.547,1.5244,-0.3788,-0.0112,0.0118,0.21045,0.12255,0.00,28.27,0.00,0.0000
22133,LOST_LONG,0.42970,-0.30964,0.93468,-0.76408,0.20000,0.07000,1.75145,-0.36040,0.3797,0.547,1.5244,-0.3788,-0.0112,0.0118,0.21029,0.12268,0.00,28.27,0.00,0.0000
22143,LOST_LONG,0.42970,-0.30964,0.93468,-0.76408,0.20000,0.07000,1.75145,-0.36040,0.3797,0.547,1.5244,-0.3788,-0.0112,0.0118,0.21057,0.12232,0.00,28.27,0.00,0.0000
22153,LOST_LONG,0.42970,-0.30964,0.93468,-0.76408,0.20000,0.07000,1.75145,-0.36040,0.3797,0.547,1.5244,-0.3788,-0.0112,0.0118,0.21059,0.12243,0.00,28.27,0.00,0.0000
22163,LOST_LONG,0.42970,-0.30964,0.93468,-0.76408,0.20000,0.07000,1.75145,-0.36040,0.3797,0.547,1.5244,-0.3788,-0.0112,0.0118,0.21047,0.12263,0.00,28.27,0.00,0.0000
22173,LOST_LONG,0.42970,-0.30964,0.93468,-0.76408,0.20000,0.07000,1.75145,-0.36040,0.3797,0.547,1.5244,-0.3788,-0.0112,0.0118,0.21032,0.12267,0.00,28.27,0.00,0.0000
22183,LOST_LONG,0.42970,-0.30964,0.93468,-0.76408,0.20000,0.07000,1.75145,-0.36040,0.3797,0.547,1.5244,-0.3788,-0.0112,0.0118,0.21070,0.12232,0.00,28.27,0.00,0.0000
22193,LOST_LONG,0.42970,-0.30964,0.93468,-0.76408,0.20000,0.07000,1.75145,-0.36040,0.3797,0.547,1.5244,-0.3788,-0.0112,0.0118,0.21050,0.12245,0.00,28.27,0.00,0.0000
22203,LOST_LONG,0.42970,-0.30964,0.93468,-0.76408,0.20000,0.07000,1.75145,-0.36040,0.3797,0.547,1.5244,-0.3788,-0.0112,0.0118,0.21043,0.12270,0.00,28.27,0.00,0.0000
22213,LOST_LONG,0.42970,-0.30964,0.93468,-0.76408,0.20000,0.07000,1.75145,-0.36040,0.3797,0.547,1.5244,-0.3788,-0.0112,0.0118,0.21056,0.12261,0.00,28.27,0.00,0.0000
22223,LOST_LONG,0.42970,-0.30964,0.93468,-0.76408,0.20000,0.07000,1.75145,-0.36040,0.3797,0.547,1.5244,-0.3788,-0.0112,0.0118,0.21062,0.12253,0.00,28.27,0.00,0.0000
22233,LOST_LONG,0.42970,-0.30964,0.93468,-0.76408,0.20000,0.07000,1.75145,-0.36040,0.3797,0.547,1.5244,-0.3788,-0.0112,0.0118,0.21066,0.12255,0.00,28.27,0.00,0.0000
22243,LOST_LONG,0.42970,-0.30964,0.93468,-0.76408,0.20000,0.07000,1.75145,-0.36040,0.3797,0.547,1.5244,-0.3788,-0.0112,0.0118,0.21091,0.12216,0.00,28.27,0.00,0.0000
22253,LOST_LONG,0.42970,-0.30964,0.93468,-0.76408,0.20000,0.07000,1.75145,-0.36040,0.3797,0.547,1.5244,-0.3788,-0.0112,0.0118,0.21065,0.12250,0.00,28.27,0.00,0.0000
22263,LOST_LONG,0.42970,-0.30964,0.93468,-0.76408,0.20000,0.07000,1.75145,-0.36040,0.3797,0.547,1.5244,-0.3788,-0.0112,0.0118,0.20991,0.12314,0.00,28.27,0.00,0.0000
22273,LOST_LONG,0.42970,-0.30964,0.93468,-0.76408,0.20000,0.07000,1.75145,-0.36040,0.3797,0.547,1.5244,-0.3788,-0.0112,0.0118,0.21035,0.12272,0.00,28.27,0.00,0.0000
22283,LOST_LONG,0.42970,-0.30964,0.93468,-0.76408,0.20000,0.07000,1.75145,-0.36040,0.3797,0.547,1.5244,-0.3788,-0.0112,0.0118,0.21026,0.12269,0.00,28.27,0.00,0.0000
22293,LOST_LONG,0.42970,-0.30964,0.93468,-0.76408,0.20000,0.07000,1.75145,-0.36040,0.3797,0.547,1.5244,-0.3788,-0.0112,0.0118,0.21020,0.12276,0.00,28.27,0.00,0.0000
22303,LOST_LONG,0.42970,-0.30964,0.93468,-0.76408,0.20000,0.07000,1.75145,-0.36040,0.3797,0.547,1.5244,-0.3788,-0.0112,0.0118,0.21029,0.12259,0.00,28.27,0.00,0.0000
22313,LOST_LONG,0.42970,-0.30964,0.93468,-0.76408,0.20000,0.07000,1.75145,-0.36040,0.3797,0.547,1.5244,-0.3788,-0.0112,0.0118,0.21060,0.12241,0.00,28.27,0.00,0.0000
22323,LOST_LONG,0.42970,-0.30964,0.93468,-0.76408,0.20000,0.07000,1.75145,-0.36040,0.3797,0.547,1.5244,-0.3788,-0.0112,0.0118,0.20983,0.12303,0.00,28.27,0.00,0.0000
22333,LOST_LONG,0.42970,-0.30964,0.93468,-0.76408,0.20000,0.07000,1.75145,-0.36040,0.3797,0.547,1.5244,-0.3788,-0.0112,0.0118,0.21079,0.12236,0.00,28.27,0.00,0.0000
22343,LOST_LONG,0.42970,-0.30964,0.93468,-0.76408,0.20000,0.07000,1.75145,-0.36040,0.3797,0.547,1.5244,-0.3788,-0.0112,0.0118,0.21032,0.12266,0.00,28.27,0.00,0.0000
22353,LOST_LONG,0.42970,-0.30964,0.93468,-0.76408,0.20000,0.07000,1.75145,-0.36040,0.3797,0.547,1.5244,-0.3788,-0.0112,0.0118,0.21066,0.12236,0.00,28.27,0.00,0.0000
22363,LOST_LONG,0.42970,-0.30964,0.93468,-0.76408,0.20000,0.07000,1.75145,-0.36040,0.3797,0.547,1.5244,-0.3788,-0.0112,0.0118,0.21032,0.12257,0.00,28.27,0.00,0.0000
22373,LOST_LONG,0.42970,-0.30964,0.93468,-0.76408,0.20000,0.07000,1.75145,-0.36040,0.3797,0.547,1.5244,-0.3788,-0.0112,0.0118,0.21033,0.12259,0.00,28.27,0.00,0.0000
22383,LOST_LONG,0.42970,-0.30964,0.93468,-0.76408,0.20000,0.07000,1.75145,-0.36040,0.3797,0.547,1.5244,-0.3788,-0.0112,0.0118,0.20999,0.12265,0.00,28.27,0.00,0.0000
22393,LOST_LONG,0.42970,-0.30964,0.93468,-0.76408,0.20000,0.07000,1.75145,-0.36040,0.3797,0.547,1.5244,-0.3788,-0.0112,0.0118,0.21149,0.12175,0.00,28.27,0.00,0.0000
22403,LOST_LONG,0.42970,-0.30964,0.93468,-0.76408,0.20000,0.07000,1.75145,-0.36040,0.3797,0.547,1.5244,-0.3788,-0.0112,0.0118,0.21034,0.12262,0.00,28.27,0.00,0.0000
22413,LOST_LONG,0.42970,-0.30964,0.93468,-0.76408,0.20000,0.07000,1.75145,-0.36040,0.3797,0.547,1.5244,-0.3788,-0.0112,0.0118,0.21016,0.12257,0.00,28.27,0.00,0.0000
22423,LOST_LONG,0.42970,-0.30964,0.93468,-0.76408,0.20000,0.07000,1.75145,-0.36040,0.3797,0.547,1.5244,-0.3788,-0.0112,0.0118,0.21021,0.12266,0.00,28.27,0.00,0.0000
22433,LOST_LONG,0.42970,-0.30964,0.93468,-0.76408,0.20000,0.07000,1.75145,-0.36040,0.3797,0.547,1.5244,-0.3788,-0.0112,0.0118,0.21045,0.12267,0.00,28.27,0.00,0.0000
22443,LOST_LONG,0.42970,-0.30964,0.93468,-0.76408,0.20000,0.07000,1.75145,-0.36040,0.3797,0.547,1.5244,-0.3788,-0.0112,0.0118,0.21008,0.12280,0.00,28.27,0.00,0.0000
22453,LOST_LONG,0.42970,-0.30964,0.93468,-0.76408,0.20000,0.07000,1.75145,-0.36040,0.3797,0.547,1.5244,-0.3788,-0.0112,0.0118,0.21113,0.12207,0.00,28.27,0.00,0.0000
22463,LOST_LONG,0.42970,-0.30964,0.93468,-0.76408,0.20000,0.07000,1.75145,-0.36040,0.3797,0.547,1.5244,-0.3788,-0.0112,0.0118,0.21006,0.12279,0.00,28.27,0.00,0.0000
22473,LOST_LONG,0.42970,-0.30964,0.93468,-0.76408,0.20000,0.07000,1.75145,-0.36040,0.3797,0.547,1.5244,-0.3788,-0.0112,0.0118,0.21040,0.12260,0.00,28.27,0.00,0.0000
22483,LOST_LONG,0.42970,-0.30964,0.93468,-0.76408,0.20000,0.07000,1.75145,-0.36040,0.3797,0.547,1.5244,-0.3788,-0.0112,0.0118,0.21047,0.12253,0.00,28.27,0.00,0.0000
22493,LOST_LONG,0.42970,-0.30964,0.93468,-0.76408,0.20000,0.07000,1.75145,-0.36040,0.3797,0.547,1.5244,-0.3788,-0.0112,0.0118,0.21079,0.12245,0.00,28.27,0.00,0.0000
22503,LOST_LONG,0.42970,-0.30964,0.93468,-0.76408,0.20000,0.07000,1.75145,-0.36040,0.3797,0.547,1.5244,-0.3788,-0.0112,0.0118,0.21041,0.12256,0.00,28.27,0.00,0.0000
22513,LOST_LONG,0.42970,-0.30964,0.93468,-0.76408,0.20000,0.07000,1.75145,-0.36040,0.3797,0.547,1.5244,-0.3788,-0.0112,0.0118,0.21141,0.12184,0.00,28.27,0.00,0.0000
22523,LOST_LONG,0.42970,-0.30964,0.93468,-0.76408,0.20000,0.07000,1.75145,-0.36040,0.3797,0.547,1.5244,-0.3788,-0.0112,0.0118,0.21031,0.12267,0.00,28.27,0.00,0.0000
22533,LOST_LONG,0.42970,-0.30964,0.93468,-0.76408,0.20000,0.07000,1.75145,-0.36040,0.3797,0.547,1.5244,-0.3788,-0.0112,0.0118,0.21049,0.12248,0.00,28.27,0.00,0.0000
22543,LOST_LONG,0.42970,-0.30964,0.93468,-0.76408,0.20000,0.07000,1.75145,-0.36040,0.3797,0.547,1.5244,-0.3788,-0.0112,0.0118,0.21073,0.12242,0.00,28.27,0.00,0.0000
22553,LOST_LONG,0.42970,-0.30964,0.93468,-0.76408,0.20000,0.07000,1.75145,-0.36040,0.3797,0.547,1.5244,-0.3788,-0.0112,0.0118,0.21030,0.12262,0.00,28.27,0.00,0.0000
22563,LOST_LONG,0.42970,-0.30964,0.93468,-0.76408,0.20000,0.07000,1.75145,-0.36040,0.3797,0.547,1.5244,-0.3788,-0.0112,0.0118,0.21036,0.12237,0.00,28.27,0.00,0.0000
22573,LOST_LONG,0.42970,-0.30964,0.93468,-0.76408,0.20000,0.07000,1.75145,-0.36040,0.3797,0.547,1.5244,-0.3788,-0.0112,0.0118,0.21154,0.12178,0.00,28.27,0.00,0.0000
22583,LOST_LONG,0.42970,-0.30964,0.93468,-0.76408,0.20000,0.07000,1.75145,-0.36040,0.3797,0.547,1.5244,-0.3788,-0.0112,0.0118,0.21049,0.12249,0.00,28.27,0.00,0.0000
22593,LOST_LONG,0.42970,-0.30964,0.93468,-0.76408,0.20000,0.07000,1.75145,-0.36040,0.3797,0.547,1.5244,-0.3788,-0.0112,0.0118,0.21023,0.12276,0.00,28.27,0.00,0.0000
22603,LOST_LONG,0.42970,-0.30964,0.93468,-0.76408,0.20000,0.07000,1.75145,-0.36040,0.3797,0.547,1.5244,-0.3788,-0.0112,0.0118,0.21034,0.12276,0.00,28.27,0.00,0.0000
22613,LOST_LONG,0.42970,-0.30964,0.93468,-0.76408,0.20000,0.07000,1.75145,-0.36040,0.3797,0.547,1.5244,-0.3788,-0.0112,0.0118,0.21027,0.12266,0.00,28.27,0.00,0.0000
22623,LOST_LONG,0.42970,-0.30964,0.93468,-0.76408,0.20000,0.07000,1.75145,-0.36040,0.3797,0.547,1.5244,-0.3788,-0.0112,0.0118,0.21025,0.12262,0.00,28.27,0.00,0.0000
22633,LOST_LONG,0.42970,-0.30964,0.93468,-0.76408,0.20000,0.07000,1.75145,-0.36040,0.3797,0.547,1.5244,-0.3788,-0.0112,0.0118,0.21061,0.12239,0.00,28.27,0.00,0.0000
22643,LOST_LONG,0.42970,-0.30964,0.93468,-0.76408,0.20000,0.07000,1.75145,-0.36040,0.3797,0.547,1.5244,-0.3788,-0.0112,0.0118,0.21046,0.12254,0.00,28.27,0.00,0.0000
22653,LOST_LONG,0.42970,-0.30964,0.93468,-0.76408,0.20000,0.07000,1.75145,-0.36040,0.3797,0.547,1.5244,-0.3788,-0.0112,0.0118,0.21059,0.12246,0.00,28.27,0.00,0.0000
22663,LOST_LONG,0.42970,-0.30964,0.93468,-0.76408,0.20000,0.07000,1.75145,-0.36040,0.3797,0.547,1.5244,-0.3788,-0.0112,0.0118,0.21041,0.12259,0.00,28.27,0.00,0.0000
22673,LOST_LONG,0.42970,-0.30964,0.93468,-0.76408,0.20000,0.07000,1.75145,-0.36040,0.3797,0.547,1.5244,-0.3788,-0.0112,0.0118,0.21063,0.12242,0.00,28.27,0.00,0.0000
22683,LOST_LONG,0.42970,-0.30964,0.93468,-0.76408,0.20000,0.07000,1.75145,-0.36040,0.3797,0.547,1.5244,-0.3788,-0.0112,0.0118,0.21077,0.12238,0.00,28.27,0.00,0.0000
22693,LOST_LONG,0.42970,-0.30964,0.93468,-0.76408,0.20000,0.07000,1.75145,-0.36040,0.3797,0.547,1.5244,-0.3788,-0.0112,0.0118,0.21066,0.12239,0.00,28.27,0.00,0.0000
22703,LOST_LONG,0.42970,-0.30964,0.93468,-0.76408,0.20000,0.07000,1.75145,-0.36040,0.3797,0.547,1.5244,-0.3788,-0.0112,0.0118,0.21030,0.12272,0.00,28.27,0.00,0.0000
22713,LOST_LONG,0.42970,-0.30964,0.93468,-0.76408,0.20000,0.07000,1.75145,-0.36040,0.3797,0.547,1.5244,-0.3788,-0.0112,0.0118,0.21027,0.12287,0.00,28.27,0.00,0.0000
22723,LOST_LONG,0.42970,-0.30964,0.93468,-0.76408,0.20000,0.07000,1.75145,-0.36040,0.3797,0.547,1.5244,-0.3788,-0.0112,0.0118,0.21062,0.12241,0.00,28.27,0.00,0.0000
22733,LOST_LONG,0.42970,-0.30964,0.93468,-0.76408,0.20000,0.07000,1.75145,-0.36040,0.3797,0.547,1.5244,-0.3788,-0.0112,0.0118,0.21046,0.12258,0.00,28.27,0.00,0.0000
22743,LOST_LONG,0.42970,-0.30964,0.93468,-0.76408,0.20000,0.07000,1.75145,-0.36040,0.3797,0.547,1.5244,-0.3788,-0.0112,0.0118,0.21050,0.12251,0.00,28.27,0.00,0.0000
22753,LOST_LONG,0.42970,-0.30964,0.93468,-0.76408,0.20000,0.07000,1.75145,-0.36040,0.3797,0.547,1.5244,-0.3788,-0.0112,0.0118,0.21064,0.12242,0.00,28.27,0.00,0.0000
22763,LOST_LONG,0.42970,-0.30964,0.93468,-0.76408,0.20000,0.07000,1.75145,-0.36040,0.3797,0.547,1.5244,-0.3788,-0.0112,0.0118,0.21059,0.12251,0.00,28.27,0.00,0.0000
22773,LOST_LONG,0.42970,-0.30964,0.93468,-0.76408,0.20000,0.07000,1.75145,-0.36040,0.3797,0.547,1.5244,-0.3788,-0.0112,0.0118,0.21048,0.12269,0.00,28.27,0.00,0.0000
22783,LOST_LONG,0.42970,-0.30964,0.93468,-0.76408,0.20000,0.07000,1.75145,-0.36040,0.3797,0.547,1.5244,-0.3788,-0.0112,0.0118,0.21075,0.12238,0.00,28.27,0.00,0.0000
22793,LOST_LONG,0.42970,-0.30964,0.93468,-0.76408,0.20000,0.07000,1.75145,-0.36040,0.3797,0.547,1.5244,-0.3788,-0.0112,0.0118,0.21049,0.12251,0.00,28.27,0.00,0.0000
22803,LOST_LONG,0.42970,-0.30964,0.93468,-0.76408,0.20000,0.07000,1.75145,-0.36040,0.3797,0.547,1.5244,-0.3788,-0.0112,0.0118,0.21066,0.12241,0.00,28.27,0.00,0.0000
22813,LOST_LONG,0.42970,-0.30964,0.93468,-0.76408,0.20000,0.07000,1.75145,-0.36040,0.3797,0.547,1.5244,-0.3788,-0.0112,0.0118,0.21031,0.12262,0.00,28.27,0.00,0.0000
22823,LOST_LONG,0.42970,-0.30964,0.93468,-0.76408,0.20000,0.07000,1.75145,-0.36040,0.3797,0.547,1.5244,-0.3788,-0.0112,0.0118,0.21051,0.12247,0.00,28.27,0.00,0.0000
22833,LOST_LONG,0.42970,-0.30964,0.93468,-0.76408,0.20000,0.07000,1.75145,-0.36040,0.3797,0.547,1.5244,-0.3788,-0.0112,0.0118,0.20974,0.12300,0.00,28.27,0.00,0.0000
22843,LOST_LONG,0.42970,-0.30964,0.93468,-0.76408,0.20000,0.07000,1.75145,-0.36040,0.3797,0.547,1.5244,-0.3788,-0.0112,0.0118,0.21048,0.12258,0.00,28.27,0.00,0.0000
22853,LOST_LONG,0.42970,-0.30964,0.93468,-0.76408,0.20000,0.07000,1.75145,-0.36040,0.3797,0.547,1.5244,-0.3788,-0.0112,0.0118,0.21074,0.12236,0.00,28.27,0.00,0.0000
22863,LOST_LONG,0.42970,-0.30964,0.93468,-0.76408,0.20000,0.07000,1.75145,-0.36040,0.3797,0.547,1.5244,-0.3788,-0.0112,0.0118,0.20995,0.12297,0.00,28.27,0.00,0.0000
22873,LOST_LONG,0.42970,-0.30964,0.93468,-0.76408,0.20000,0.07000,1.75145,-0.36040,0.3797,0.547,1.5244,-0.3788,-0.0112,0.0118,0.20996,0.12277,0.00,28.27,0.00,0.0000
22883,LOST_LONG,0.42970,-0.30964,0.93468,-0.76408,0.20000,0.07000,1.75145,-0.36040,0.3797,0.547,1.5244,-0.3788,-0.0112,0.0118,0.21023,0.12268,0.00,28.27,0.00,0.0000
22893,LOST_LONG,0.42970,-0.30964,0.93468,-0.76408,0.20000,0.07000,1.75145,-0.36040,0.3797,0.547,1.5244,-0.3788,-0.0112,0.0118,0.21005,0.12283,0.00,28.27,0.00,0.0000
22903,LOST_LONG,0.42970,-0.30964,0.93468,-0.76408,0.20000,0.07000,1.75145,-0.36040,0.3797,0.547,1.5244,-0.3788,-0.0112,0.0118,0.21039,0.12254,0.00,28.27,0.00,0.0000
22913,LOST_LONG,0.42970,-0.30964,0.93468,-0.76408,0.20000,0.07000,1.75145,-0.36040,0.3797,0.547,1.5244,-0.3788,-0.0112,0.0118,0.21020,0.12275,0.00,28.27,0.00,0.0000
22923,LOST_LONG,0.42970,-0.30964,0.93468,-0.76408,0.20000,0.07000,1.75145,-0.36040,0.3797,0.547,1.5244,-0.3788,-0.0112,0.0118,0.21044,0.12254,0.00,28.27,0.00,0.0000
22933,LOST_LONG,0.42970,-0.30964,0.93468,-0.76408,0.20000,0.07000,1.75145,-0.36040,0.3797,0.547,1.5244,-0.3788,-0.0112,0.0118,0.21046,0.12256,0.00,28.27,0.00,0.0000
22943,LOST_LONG,0.42970,-0.30964,0.93468,-0.76408,0.20000,0.07000,1.75145,-0.36040,0.3797,0.547,1.5244,-0.3788,-0.0112,0.0118,0.21057,0.12244,0.00,28.27,0.00,0.0000
22953,LOST_LONG,0.42970,-0.30964,0.93468,-0.76408,0.20000,0.07000,1.75145,-0.36040,0.3797,0.547,1.5244,-0.3788,-0.0112,0.0118,0.21005,0.12281,0.00,28.27,0.00,0.0000
22963,LOST_LONG,0.42970,-0.30964,0.93468,-0.76408,0.20000,0.07000,1.75145,-0.36040,0.3797,0.547,1.5244,-0.3788,-0.0112,0.0118,0.21053,0.12244,0.00,28.27,0.00,0.0000
22973,LOST_LONG,0.42970,-0.30964,0.93468,-0.76408,0.20000,0.07000,1.75145,-0.36040,0.3797,0.547,1.5244,-0.3788,-0.0112,0.0118,0.21066,0.12240,0.00,28.27,0.00,0.0000
22983,LOST_LONG,0.42970,-0.30964,0.93468,-0.76408,0.20000,0.07000,1.75145,-0.36040,0.3797,0.547,1.5244,-0.3788,-0.0112,0.0118,0.21060,0.12239,0.00,28.27,0.00,0.0000
22993,LOST_LONG,0.42970,-0.30964,0.93468,-0.76408,0.20000,0.07000,1.75145,-0.36040,0.3797,0.547,1.5244,-0.3788,-0.0112,0.0118,0.21061,0.12239,0.00,28.27,0.00,0.0000
23003,LOST_LONG,0.42970,-0.30964,0.93468,-0.76408,0.20000,0.07000,1.75145,-0.36040,0.3797,0.547,1.5244,-0.3788,-0.0112,0.0118,0.21061,0.12237,0.00,28.27,0.00,0.0000
23013,LOST_LONG,0.42970,-0.30964,0.93468,-0.76408,0.20000,0.07000,1.75145,-0.36040,0.3797,0.547,1.5244,-0.3788,-0.0112,0.0118,0.21006,0.12302,0.00,28.27,0.00,0.0000
23023,LOST_LONG,0.42970,-0.30964,0.93468,-0.76408,0.20000,0.07000,1.75145,-0.36040,0.3797,0.547,1.5244,-0.3788,-0.0112,0.0118,0.21193,0.12145,0.00,28.27,0.00,0.0000
23033,LOST_LONG,0.42970,-0.30964,0.93468,-0.76408,0.20000,0.07000,1.75145,-0.36040,0.3797,0.547,1.5244,-0.3788,-0.0112,0.0118,0.21045,0.12255,0.00,28.27,0.00,0.0000
23043,LOST_LONG,0.42970,-0.30964,0.93468,-0.76408,0.20000,0.07000,1.75145,-0.36040,0.3797,0.547,1.5244,-0.3788,-0.0112,0.0118,0.21050,0.12250,0.00,28.27,0.00,0.0000
23053,LOST_LONG,0.42970,-0.30964,0.93468,-0.76408,0.20000,0.07000,1.75145,-0.36040,0.3797,0.547,1.5244,-0.3788,-0.0112,0.0118,0.21046,0.12253,0.00,28.27,0.00,0.0000
23063,LOST_LONG,0.42970,-0.30964,0.93468,-0.76408,0.20000,0.07000,1.75145,-0.36040,0.3797,0.547,1.5244,-0.3788,-0.0112,0.0118,0.21048,0.12259,0.00,28.27,0.00,0.0000
23073,LOST_LONG,0.42970,-0.30964,0.93468,-0.76408,0.20000,0.07000,1.75145,-0.36040,0.3797,0.547,1.5244,-0.3788,-0.0112,0.0118,0.21041,0.12255,0.00,28.27,0.00,0.0000
23083,LOST_LONG,0.42970,-0.30964,0.93468,-0.76408,0.20000,0.07000,1.75145,-0.36040,0.3797,0.547,1.5244,-0.3788,-0.0112,0.0118,0.21074,0.12223,0.00,28.27,0.00,0.0000
23093,LOST_LONG,0.42970,-0.30964,0.93468,-0.76408,0.20000,0.07000,1.75145,-0.36040,0.3797,0.547,1.5244,-0.3788,-0.0112,0.0118,0.21083,0.12235,0.00,28.27,0.00,0.0000
23103,LOST_LONG,0.42970,-0.30964,0.93468,-0.76408,0.20000,0.07000,1.75145,-0.36040,0.3797,0.547,1.5244,-0.3788,-0.0112,0.0118,0.21011,0.12279,0.00,28.27,0.00,0.0000
23113,LOST_LONG,0.42970,-0.30964,0.93468,-0.76408,0.20000,0.07000,1.75145,-0.36040,0.3797,0.547,1.5244,-0.3788,-0.0112,0.0118,0.21049,0.12245,0.00,28.27,0.00,0.0000
23123,LOST_LONG,0.42970,-0.30964,0.93468,-0.76408,0.20000,0.07000,1.75145,-0.36040,0.3797,0.547,1.5244,-0.3788,-0.0112,0.0118,0.21038,0.12257,0.00,28.27,0.00,0.0000
23133,LOST_LONG,0.42970,-0.30964,0.93468,-0.76408,0.20000,0.07000,1.75145,-0.36040,0.3797,0.547,1.5244,-0.3788,-0.0112,0.0118,0.21035,0.12262,0.00,28.27,0.00,0.0000
23143,LOST_LONG,0.42970,-0.30964,0.93468,-0.76408,0.20000,0.07000,1.75145,-0.36040,0.3797,0.547,1.5244,-0.3788,-0.0112,0.0118,0.21057,0.12250,0.00,28.27,0.00,0.0000
23153,LOST_LONG,0.42970,-0.30964,0.93468,-0.76408,0.20000,0.07000,1.75145,-0.36040,0.3797,0.547,1.5244,-0.3788,-0.0112,0.0118,0.21039,0.12266,0.00,28.27,0.00,0.0000
23163,LOST_LONG,0.42970,-0.30964,0.93468,-0.76408,0.20000,0.07000,1.75145,-0.36040,0.3797,0.547,1.5244,-0.3788,-0.0112,0.0118,0.21018,0.12262,0.00,28.27,0.00,0.0000
23173,LOST_LONG,0.42970,-0.30964,0.93468,-0.76408,0.20000,0.07000,1.75145,-0.36040,0.3797,0.547,1.5244,-0.3788,-0.0112,0.0118,0.21058,0.12273,0.00,28.27,0.00,0.0000
23183,LOST_LONG,0.42970,-0.30964,0.93468,-0.76408,0.20000,0.07000,1.75145,-0.36040,0.3797,0.547,1.5244,-0.3788,-0.0112,0.0118,0.21026,0.12271,0.00,28.27,0.00,0.0000
23193,LOST_LONG,0.42970,-0.30964,0.93468,-0.76408,0.20000,0.07000,1.75145,-0.36040,0.3797,0.547,1.5244,-0.3788,-0.0112,0.0118,0.21058,0.12251,0.00,28.27,0.00,0.0000
23203,LOST_LONG,0.42970,-0.30964,0.93468,-0.76408,0.20000,0.07000,1.75145,-0.36040,0.3797,0.547,1.5244,-0.3788,-0.0112,0.0118,0.21118,0.12203,0.00,28.27,0.00,0.0000
23213,LOST_LONG,0.42970,-0.30964,0.93468,-0.76408,0.20000,0.07000,1.75145,-0.36040,0.3797,0.547,1.5244,-0.3788,-0.0112,0.0118,0.21024,0.12285,0.00,28.27,0.00,0.0000
23223,LOST_LONG,0.42970,-0.30964,0.93468,-0.76408,0.20000,0.07000,1.75145,-0.36040,0.3797,0.547,1.5244,-0.3788,-0.0112,0.0118,0.21059,0.12243,0.00,28.27,0.00,0.0000
23233,LOST_LONG,0.42970,-0.30964,0.93468,-0.76408,0.20000,0.07000,1.75145,-0.36040,0.3797,0.547,1.5244,-0.3788,-0.0112,0.0118,0.21066,0.12240,0.00,28.27,0.00,0.0000
23243,LOST_LONG,0.42970,-0.30964,0.93468,-0.76408,0.20000,0.07000,1.75145,-0.36040,0.3797,0.547,1.5244,-0.3788,-0.0112,0.0118,0.21033,0.12264,0.00,28.27,0.00,0.0000
23253,LOST_LONG,0.42970,-0.30964,0.93468,-0.76408,0.20000,0.07000,1.75145,-0.36040,0.3797,0.547,1.5244,-0.3788,-0.0112,0.0118,0.21022,0.12265,0.00,28.27,0.00,0.0000
23263,LOST_LONG,0.42970,-0.30964,0.93468,-0.76408,0.20000,0.07000,1.75145,-0.36040,0.3797,0.547,1.5244,-0.3788,-0.0112,0.0118,0.21058,0.12244,0.00,28.27,0.00,0.0000
23273,LOST_LONG,0.42970,-0.30964,0.93468,-0.76408,0.20000,0.07000,1.75145,-0.36040,0.3797,0.547,1.5244,-0.3788,-0.0112,0.0118,0.21056,0.12257,0.00,28.27,0.00,0.0000
23283,LOST_LONG,0.42970,-0.30964,0.93468,-0.76408,0.20000,0.07000,1.75145,-0.36040,0.3797,0.547,1.5244,-0.3788,-0.0112,0.0118,0.21028,0.12263,0.00,28.27,0.00,0.0000
23293,LOST_LONG,0.42970,-0.30964,0.93468,-0.76408,0.20000,0.07000,1.75145,-0.36040,0.3797,0.547,1.5244,-0.3788,-0.0112,0.0118,0.21048,0.12269,0.00,28.27,0.00,0.0000
23303,LOST_LONG,0.42970,-0.30964,0.93468,-0.76408,0.20000,0.07000,1.75145,-0.36040,0.3797,0.547,1.5244,-0.3788,-0.0112,0.0118,0.21055,0.12237,0.00,28.27,0.00,0.0000
23313,LOST_LONG,0.42970,-0.30964,0.93468,-0.76408,0.20000,0.07000,1.75145,-0.36040,0.3797,0.547,1.5244,-0.3788,-0.0112,0.0118,0.21042,0.12268,0.00,28.27,0.00,0.0000
23323,LOST_LONG,0.42970,-0.30964,0.93468,-0.76408,0.20000,0.07000,1.75145,-0.36040,0.3797,0.547,1.5244,-0.3788,-0.0112,0.0118,0.21070,0.12244,0.00,28.27,0.00,0.0000
23333,LOST_LONG,0.42970,-0.30964,0.93468,-0.76408,0.20000,0.07000,1.75145,-0.36040,0.3797,0.547,1.5244,-0.3788,-0.0112,0.0118,0.21049,0.12249,0.00,28.27,0.00,0.0000
23343,LOST_LONG,0.42970,-0.30964,0.93468,-0.76408,0.20000,0.07000,1.75145,-0.36040,0.3797,0.547,1.5244,-0.3788,-0.0112,0.0118,0.21040,0.12266,0.00,28.27,0.00,0.0000
23353,LOST_LONG,0.42970,-0.30964,0.93468,-0.76408,0.20000,0.07000,1.75145,-0.36040,0.3797,0.547,1.5244,-0.3788,-0.0112,0.0118,0.21034,0.12269,0.00,28.27,0.00,0.0000
23363,LOST_LONG,0.42970,-0.30964,0.93468,-0.76408,0.20000,0.07000,1.75145,-0.36040,0.3797,0.547,1.5244,-0.3788,-0.0112,0.0118,0.21021,0.12271,0.00,28.27,0.00,0.0000
23373,LOST_LONG,0.42970,-0.30964,0.93468,-0.76408,0.20000,0.07000,1.75145,-0.36040,0.3797,0.547,1.5244,-0.3788,-0.0112,0.0118,0.21038,0.12252,0.00,28.27,0.00,0.0000
23383,LOST_LONG,0.42970,-0.30964,0.93468,-0.76408,0.20000,0.07000,1.75145,-0.36040,0.3797,0.547,1.5244,-0.3788,-0.0112,0.0118,0.21017,0.12277,0.00,28.27,0.00,0.0000
23393,LOST_LONG,0.42970,-0.30964,0.93468,-0.76408,0.20000,0.07000,1.75145,-0.36040,0.3797,0.547,1.5244,-0.3788,-0.0112,0.0118,0.21036,0.12261,0.00,28.27,0.00,0.0000
23403,LOST_LONG,0.42970,-0.30964,0.93468,-0.76408,0.20000,0.07000,1.75145,-0.36040,0.3797,0.547,1.5244,-0.3788,-0.0112,0.0118,0.21016,0.12277,0.00,28.27,0.00,0.0000
23413,LOST_LONG,0.42970,-0.30964,0.93468,-0.76408,0.20000,0.07000,1.75145,-0.36040,0.3797,0.547,1.5244,-0.3788,-0.0112,0.0118,0.21031,0.12265,0.00,28.27,0.00,0.0000
23423,LOST_LONG,0.42970,-0.30964,0.93468,-0.76408,0.20000,0.07000,1.75145,-0.36040,0.3797,0.547,1.5244,-0.3788,-0.0112,0.0118,0.21032,0.12265,0.00,28.27,0.00,0.0000
23433,LOST_LONG,0.42970,-0.30964,0.93468,-0.76408,0.20000,0.07000,1.75145,-0.36040,0.3797,0.547,1.5244,-0.3788,-0.0112,0.0118,0.21036,0.12259,0.00,28.27,0.00,0.0000
23443,LOST_LONG,0.42970,-0.30964,0.93468,-0.76408,0.20000,0.07000,1.75145,-0.36040,0.3797,0.547,1.5244,-0.3788,-0.0112,0.0118,0.21030,0.12256,0.00,28.27,0.00,0.0000
23453,LOST_LONG,0.42970,-0.30964,0.93468,-0.76408,0.20000,0.07000,1.75145,-0.36040,0.3797,0.547,1.5244,-0.3788,-0.0112,0.0118,0.21060,0.12237,0.00,28.27,0.00,0.0000
23463,LOST_LONG,0.42970,-0.30964,0.93468,-0.76408,0.20000,0.07000,1.75145,-0.36040,0.3797,0.547,1.5244,-0.3788,-0.0112,0.0118,0.21027,0.12251,0.00,28.27,0.00,0.0000
23473,LOST_LONG,0.42970,-0.30964,0.93468,-0.76408,0.20000,0.07000,1.75145,-0.36040,0.3797,0.547,1.5244,-0.3788,-0.0112,0.0118,0.21146,0.12181,0.00,28.27,0.00,0.0000
23483,LOST_LONG,0.42970,-0.30964,0.93468,-0.76408,0.20000,0.07000,1.75145,-0.36040,0.3797,0.547,1.5244,-0.3788,-0.0112,0.0118,0.21036,0.12264,0.00,28.27,0.00,0.0000
23493,LOST_LONG,0.42970,-0.30964,0.93468,-0.76408,0.20000,0.07000,1.75145,-0.36040,0.3797,0.547,1.5244,-0.3788,-0.0112,0.0118,0.21082,0.12225,0.00,28.27,0.00,0.0000
23503,LOST_LONG,0.42970,-0.30964,0.93468,-0.76408,0.20000,0.07000,1.75145,-0.36040,0.3797,0.547,1.5244,-0.3788,-0.0112,0.0118,0.21060,0.12249,0.00,28.27,0.00,0.0000
23513,LOST_LONG,0.42970,-0.30964,0.93468,-0.76408,0.20000,0.07000,1.75145,-0.36040,0.3797,0.547,1.5244,-0.3788,-0.0112,0.0118,0.21060,0.12241,0.00,28.27,0.00,0.0000
23523,LOST_LONG,0.42970,-0.30964,0.93468,-0.76408,0.20000,0.07000,1.75145,-0.36040,0.3797,0.547,1.5244,-0.3788,-0.0112,0.0118,0.21012,0.12282,0.00,28.27,0.00,0.0000
23533,LOST_LONG,0.42970,-0.30964,0.93468,-0.76408,0.20000,0.07000,1.75145,-0.36040,0.3797,0.547,1.5244,-0.3788,-0.0112,0.0118,0.21165,0.12163,0.00,28.27,0.00,0.0000
23543,LOST_LONG,0.42970,-0.30964,0.93468,-0.76408,0.20000,0.07000,1.75145,-0.36040,0.3797,0.547,1.5244,-0.3788,-0.0112,0.0118,0.20968,0.12293,0.00,28.27,0.00,0.0000
23553,LOST_LONG,0.42970,-0.30964,0.93468,-0.76408,0.20000,0.07000,1.75145,-0.36040,0.3797,0.547,1.5244,-0.3788,-0.0112,0.0118,0.21075,0.12243,0.00,28.27,0.00,0.0000
23563,LOST_LONG,0.42970,-0.30964,0.93468,-0.76408,0.20000,0.07000,1.75145,-0.36040,0.3797,0.547,1.5244,-0.3788,-0.0112,0.0118,0.21056,0.12248,0.00,28.27,0.00,0.0000
23573,LOST_LONG,0.42970,-0.30964,0.93468,-0.76408,0.20000,0.07000,1.75145,-0.36040,0.3797,0.547,1.5244,-0.3788,-0.0112,0.0118,0.21044,0.12271,0.00,28.27,0.00,0.0000
23583,LOST_LONG,0.42970,-0.30964,0.93468,-0.76408,0.20000,0.07000,1.75145,-0.36040,0.3797,0.547,1.5244,-0.3788,-0.0112,0.0118,0.21032,0.12262,0.00,28.27,0.00,0.0000
23593,LOST_LONG,0.42970,-0.30964,0.93468,-0.76408,0.20000,0.07000,1.75145,-0.36040,0.3797,0.547,1.5244,-0.3788,-0.0112,0.0118,0.21081,0.12233,0.00,28.27,0.00,0.0000
23603,LOST_LONG,0.42970,-0.30964,0.93468,-0.76408,0.20000,0.07000,1.75145,-0.36040,0.3797,0.547,1.5244,-0.3788,-0.0112,0.0118,0.21068,0.12238,0.00,28.27,0.00,0.0000
23613,LOST_LONG,0.42970,-0.30964,0.93468,-0.76408,0.20000,0.07000,1.75145,-0.36040,0.3797,0.547,1.5244,-0.3788,-0.0112,0.0118,0.21006,0.12300,0.00,28.27,0.00,0.0000
23623,LOST_LONG,0.42970,-0.30964,0.93468,-0.76408,0.20000,0.07000,1.75145,-0.36040,0.3797,0.547,1.5244,-0.3788,-0.0112,0.0118,0.21050,0.12256,0.00,28.27,0.00,0.0000
23633,LOST_LONG,0.42970,-0.30964,0.93468,-0.76408,0.20000,0.07000,1.75145,-0.36040,0.3797,0.547,1.5244,-0.3788,-0.0112,0.0118,0.21074,0.12238,0.00,28.27,0.00,0.0000
23643,LOST_LONG,0.42970,-0.30964,0.93468,-0.76408,0.20000,0.07000,1.75145,-0.36040,0.3797,0.547,1.5244,-0.3788,-0.0112,0.0118,0.21018,0.12270,0.00,28.27,0.00,0.0000
23653,LOST_LONG,0.42970,-0.30964,0.93468,-0.76408,0.20000,0.07000,1.75145,-0.36040,0.3797,0.547,1.5244,-0.3788,-0.0112,0.0118,0.21095,0.12223,0.00,28.27,0.00,0.0000
23663,LOST_LONG,0.42970,-0.30964,0.93468,-0.76408,0.20000,0.07000,1.75145,-0.36040,0.3797,0.547,1.5244,-0.3788,-0.0112,0.0118,0.21039,0.12258,0.00,28.27,0.00,0.0000
23673,LOST_LONG,0.42970,-0.30964,0.93468,-0.76408,0.20000,0.07000,1.75145,-0.36040,0.3797,0.547,1.5244,-0.3788,-0.0112,0.0118,0.21072,0.12244,0.00,28.27,0.00,0.0000
23683,LOST_LONG,0.42970,-0.30964,0.93468,-0.76408,0.20000,0.07000,1.75145,-0.36040,0.3797,0.547,1.5244,-0.3788,-0.0112,0.0118,0.21038,0.12263,0.00,28.27,0.00,0.0000
23693,LOST_LONG,0.42970,-0.30964,0.93468,-0.76408,0.20000,0.07000,1.75145,-0.36040,0.3797,0.547,1.5244,-0.3788,-0.0112,0.0118,0.21050,0.12262,0.00,28.27,0.00,0.0000
23703,LOST_LONG,0.42970,-0.30964,0.93468,-0.76408,0.20000,0.07000,1.75145,-0.36040,0.3797,0.547,1.5244,-0.3788,-0.0112,0.0118,0.21064,0.12249,0.00,28.27,0.00,0.0000
23713,LOST_LONG,0.42970,-0.30964,0.93468,-0.76408,0.20000,0.07000,1.75145,-0.36040,0.3797,0.547,1.5244,-0.3788,-0.0112,0.0118,0.21115,0.12206,0.00,28.27,0.00,0.0000
23723,LOST_LONG,0.42970,-0.30964,0.93468,-0.76408,0.20000,0.07000,1.75145,-0.36040,0.3797,0.547,1.5244,-0.3788,-0.0112,0.0118,0.21064,0.12241,0.00,28.27,0.00,0.0000
23733,LOST_LONG,0.42970,-0.30964,0.93468,-0.76408,0.20000,0.07000,1.75145,-0.36040,0.3797,0.547,1.5244,-0.3788,-0.0112,0.0118,0.21068,0.12239,0.00,28.27,0.00,0.0000
23743,LOST_LONG,0.42970,-0.30964,0.93468,-0.76408,0.20000,0.07000,1.75145,-0.36040,0.3797,0.547,1.5244,-0.3788,-0.0112,0.0118,0.21030,0.12259,0.00,28.27,0.00,0.0000
23753,LOST_LONG,0.42970,-0.30964,0.93468,-0.76408,0.20000,0.07000,1.75145,-0.36040,0.3797,0.547,1.5244,-0.3788,-0.0112,0.0118,0.21048,0.12251,0.00,28.27,0.00,0.0000
23763,LOST_LONG,0.42970,-0.30964,0.93468,-0.76408,0.20000,0.07000,1.75145,-0.36040,0.3797,0.547,1.5244,-0.3788,-0.0112,0.0118,0.21053,0.12241,0.00,28.27,0.00,0.0000
23773,LOST_LONG,0.42970,-0.30964,0.93468,-0.76408,0.20000,0.07000,1.75145,-0.36040,0.3797,0.547,1.5244,-0.3788,-0.0112,0.0118,0.21049,0.12253,0.00,28.27,0.00,0.0000
23783,LOST_LONG,0.42970,-0.30964,0.93468,-0.76408,0.20000,0.07000,1.75145,-0.36040,0.3797,0.547,1.5244,-0.3788,-0.0112,0.0118,0.21076,0.12239,0.00,28.27,0.00,0.0000
23793,LOST_LONG,0.42970,-0.30964,0.93468,-0.76408,0.20000,0.07000,1.75145,-0.36040,0.3797,0.547,1.5244,-0.3788,-0.0112,0.0118,0.21048,0.12245,0.00,28.27,0.00,0.0000
23803,LOST_LONG,0.42970,-0.30964,0.93468,-0.76408,0.20000,0.07000,1.75145,-0.36040,0.3797,0.547,1.5244,-0.3788,-0.0112,0.0118,0.21061,0.12246,0.00,28.27,0.00,0.0000
23813,LOST_LONG,0.42970,-0.30964,0.93468,-0.76408,0.20000,0.07000,1.75145,-0.36040,0.3797,0.547,1.5244,-0.3788,-0.0112,0.0118,0.21055,0.12254,0.00,28.27,0.00,0.0000
23823,LOST_LONG,0.42970,-0.30964,0.93468,-0.76408,0.20000,0.07000,1.75145,-0.36040,0.3797,0.547,1.5244,-0.3788,-0.0112,0.0118,0.21058,0.12253,0.00,28.27,0.00,0.0000
23833,LOST_LONG,0.42970,-0.30964,0.93468,-0.76408,0.20000,0.07000,1.75145,-0.36040,0.3797,0.547,1.5244,-0.3788,-0.0112,0.0118,0.21021,0.12287,0.00,28.27,0.00,0.0000
23843,LOST_LONG,0.42970,-0.30964,0.93468,-0.76408,0.20000,0.07000,1.75145,-0.36040,0.3797,0.547,1.5244,-0.3788,-0.0112,0.0118,0.21039,0.12265,0.00,28.27,0.00,0.0000
23853,LOST_LONG,0.42970,-0.30964,0.93468,-0.76408,0.20000,0.07000,1.75145,-0.36040,0.3797,0.547,1.5244,-0.3788,-0.0112,0.0118,0.21062,0.12230,0.00,28.27,0.00,0.0000
23863,LOST_LONG,0.42970,-0.30964,0.93468,-0.76408,0.20000,0.07000,1.75145,-0.36040,0.3797,0.547,1.5244,-0.3788,-0.0112,0.0118,0.21033,0.12264,0.00,28.27,0.00,0.0000
23873,LOST_LONG,0.42970,-0.30964,0.93468,-0.76408,0.20000,0.07000,1.75145,-0.36040,0.3797,0.547,1.5244,-0.3788,-0.0112,0.0118,0.21077,0.12233,0.00,28.27,0.00,0.0000
23883,LOST_LONG,0.42970,-0.30964,0.93468,-0.76408,0.20000,0.07000,1.75145,-0.36040,0.3797,0.547,1.5244,-0.3788,-0.0112,0.0118,0.21044,0.12258,0.00,28.27,0.00,0.0000
23893,LOST_LONG,0.42970,-0.30964,0.93468,-0.76408,0.20000,0.07000,1.75145,-0.36040,0.3797,0.547,1.5244,-0.3788,-0.0112,0.0118,0.21075,0.12238,0.00,28.27,0.00,0.0000
23903,LOST_LONG,0.42970,-0.30964,0.93468,-0.76408,0.20000,0.07000,1.75145,-0.36040,0.3797,0.547,1.5244,-0.3788,-0.0112,0.0118,0.21043,0.12261,0.00,28.27,0.00,0.0000
23913,LOST_LONG,0.42970,-0.30964,0.93468,-0.76408,0.20000,0.07000,1.75145,-0.36040,0.3797,0.547,1.5244,-0.3788,-0.0112,0.0118,0.21024,0.12263,0.00,28.27,0.00,0.0000
23923,LOST_LONG,0.42970,-0.30964,0.93468,-0.76408,0.20000,0.07000,1.75145,-0.36040,0.3797,0.547,1.5244,-0.3788,-0.0112,0.0118,0.21021,0.12275,0.00,28.27,0.00,0.0000
23933,LOST_LONG,0.42970,-0.30964,0.93468,-0.76408,0.20000,0.07000,1.75145,-0.36040,0.3797,0.547,1.5244,-0.3788,-0.0112,0.0118,0.21069,0.12241,0.00,28.27,0.00,0.0000
23943,LOST_LONG,0.42970,-0.30964,0.93468,-0.76408,0.20000,0.07000,1.75145,-0.36040,0.3797,0.547,1.5244,-0.3788,-0.0112,0.0118,0.21054,0.12254,0.00,28.27,0.00,0.0000
23953,LOST_LONG,0.42970,-0.30964,0.93468,-0.76408,0.20000,0.07000,1.75145,-0.36040,0.3797,0.547,1.5244,-0.3788,-0.0112,0.0118,0.21048,0.12258,0.00,28.27,0.00,0.0000
23963,LOST_LONG,0.42970,-0.30964,0.93468,-0.76408,0.20000,0.07000,1.75145,-0.36040,0.3797,0.547,1.5244,-0.3788,-0.0112,0.0118,0.21059,0.12248,0.00,28.27,0.00,0.0000
23973,LOST_LONG,0.42970,-0.30964,0.93468,-0.76408,0.20000,0.07000,1.75145,-0.36040,0.3797,0.547,1.5244,-0.3788,-0.0112,0.0118,0.21030,0.12268,0.00,28.27,0.00,0.0000
23983,LOST_LONG,0.42970,-0.30964,0.93468,-0.76408,0.20000,0.07000,1.75145,-0.36040,0.3797,0.547,1.5244,-0.3788,-0.0112,0.0118,0.21044,0.12252,0.00,28.27,0.00,0.0000
23993,LOST_LONG,0.42970,-0.30964,0.93468,-0.76408,0.20000,0.07000,1.75145,-0.36040,0.3797,0.547,1.5244,-0.3788,-0.0112,0.0118,0.21046,0.12251,0.00,28.27,0.00,0.0000
24003,LOST_LONG,0.42970,-0.30964,0.93468,-0.76408,0.20000,0.07000,1.75145,-0.36040,0.3797,0.547,1.5244,-0.3788,-0.0112,0.0118,0.21056,0.12250,0.00,28.27,0.00,0.0000
24013,LOST_LONG,0.42970,-0.30964,0.93468,-0.76408,0.20000,0.07000,1.75145,-0.36040,0.3797,0.547,1.5244,-0.3788,-0.0112,0.0118,0.21021,0.12267,0.00,28.27,0.00,0.0000
24023,LOST_LONG,0.42970,-0.30964,0.93468,-0.76408,0.20000,0.07000,1.75145,-0.36040,0.3797,0.547,1.5244,-0.3788,-0.0112,0.0118,0.21073,0.12236,0.00,28.27,0.00,0.0000
24033,LOST_LONG,0.42970,-0.30964,0.93468,-0.76408,0.20000,0.07000,1.75145,-0.36040,0.3797,0.547,1.5244,-0.3788,-0.0112,0.0118,0.21032,0.12252,0.00,28.27,0.00,0.0000
24043,LOST_LONG,0.42970,-0.30964,0.93468,-0.76408,0.20000,0.07000,1.75145,-0.36040,0.3797,0.547,1.5244,-0.3788,-0.0112,0.0118,0.21121,0.12201,0.00,28.27,0.00,0.0000
24053,LOST_LONG,0.42970,-0.30964,0.93468,-0.76408,0.20000,0.07000,1.75145,-0.36040,0.3797,0.547,1.5244,-0.3788,-0.0112,0.0118,0.21022,0.12282,0.00,28.27,0.00,0.0000
24063,LOST_LONG,0.42970,-0.30964,0.93468,-0.76408,0.20000,0.07000,1.75145,-0.36040,0.3797,0.547,1.5244,-0.3788,-0.0112,0.0118,0.21014,0.12269,0.00,28.27,0.00,0.0000
24073,LOST_LONG,0.42970,-0.30964,0.93468,-0.76408,0.20000,0.07000,1.75145,-0.36040,0.3797,0.547,1.5244,-0.3788,-0.0112,0.0118,0.21013,0.12278,0.00,28.27,0.00,0.0000
24083,LOST_LONG,0.42970,-0.30964,0.93468,-0.76408,0.20000,0.07000,1.75145,-0.36040,0.3797,0.547,1.5244,-0.3788,-0.0112,0.0118,0.21049,0.12248,0.00,28.27,0.00,0.0000
24093,LOST_LONG,0.42970,-0.30964,0.93468,-0.76408,0.20000,0.07000,1.75145,-0.36040,0.3797,0.547,1.5244,-0.3788,-0.0112,0.0118,0.21030,0.12265,0.00,28.27,0.00,0.0000
24103,LOST_LONG,0.42970,-0.30964,0.93468,-0.76408,0.20000,0.07000,1.75145,-0.36040,0.3797,0.547,1.5244,-0.3788,-0.0112,0.0118,0.21152,0.12178,0.00,28.27,0.00,0.0000
24113,LOST_LONG,0.42970,-0.30964,0.93468,-0.76408,0.20000,0.07000,1.75145,-0.36040,0.3797,0.547,1.5244,-0.3788,-0.0112,0.0118,0.21040,0.12260,0.00,28.27,0.00,0.0000
24123,LOST_LONG,0.42970,-0.30964,0.93468,-0.76408,0.20000,0.07000,1.75145,-0.36040,0.3797,0.547,1.5244,-0.3788,-0.0112,0.0118,0.21000,0.12296,0.00,28.27,0.00,0.0000
24133,LOST_LONG,0.42970,-0.30964,0.93468,-0.76408,0.20000,0.07000,1.75145,-0.36040,0.3797,0.547,1.5244,-0.3788,-0.0112,0.0118,0.21030,0.12270,0.00,28.27,0.00,0.0000
24143,LOST_LONG,0.42970,-0.30964,0.93468,-0.76408,0.20000,0.07000,1.75145,-0.36040,0.3797,0.547,1.5244,-0.3788,-0.0112,0.0118,0.21044,0.12245,0.00,28.27,0.00,0.0000
24153,LOST_LONG,0.42970,-0.30964,0.93468,-0.76408,0.20000,0.07000,1.75145,-0.36040,0.3797,0.547,1.5244,-0.3788,-0.0112,0.0118,0.21033,0.12259,0.00,28.27,0.00,0.0000
24163,LOST_LONG,0.42970,-0.30964,0.93468,-0.76408,0.20000,0.07000,1.75145,-0.36040,0.3797,0.547,1.5244,-0.3788,-0.0112,0.0118,0.21205,0.12128,0.00,28.27,0.00,0.0000
24173,LOST_LONG,0.42970,-0.30964,0.93468,-0.76408,0.20000,0.07000,1.75145,-0.36040,0.3797,0.547,1.5244,-0.3788,-0.0112,0.0118,0.21029,0.12265,0.00,28.27,0.00,0.0000
24183,LOST_LONG,0.42970,-0.30964,0.93468,-0.76408,0.20000,0.07000,1.75145,-0.36040,0.3797,0.547,1.5244,-0.3788,-0.0112,0.0118,0.21077,0.12243,0.00,28.27,0.00,0.0000
24193,LOST_LONG,0.42970,-0.30964,0.93468,-0.76408,0.20000,0.07000,1.75145,-0.36040,0.3797,0.547,1.5244,-0.3788,-0.0112,0.0118,0.21063,0.12244,0.00,28.27,0.00,0.0000
24203,LOST_LONG,0.42970,-0.30964,0.93468,-0.76408,0.20000,0.07000,1.75145,-0.36040,0.3797,0.547,1.5244,-0.3788,-0.0112,0.0118,0.21033,0.12265,0.00,28.27,0.00,0.0000
24213,LOST_LONG,0.42970,-0.30964,0.93468,-0.76408,0.20000,0.07000,1.75145,-0.36040,0.3797,0.547,1.5244,-0.3788,-0.0112,0.0118,0.21046,0.12266,0.00,28.27,0.00,0.0000
24223,LOST_LONG,0.42970,-0.30964,0.93468,-0.76408,0.20000,0.07000,1.75145,-0.36040,0.3797,0.547,1.5244,-0.3788,-0.0112,0.0118,0.21097,0.12219,0.00,28.27,0.00,0.0000
24233,LOST_LONG,0.42970,-0.30964,0.93468,-0.76408,0.20000,0.07000,1.75145,-0.36040,0.3797,0.547,1.5244,-0.3788,-0.0112,0.0118,0.21024,0.12279,0.00,28.27,0.00,0.0000
24243,LOST_LONG,0.42970,-0.30964,0.93468,-0.76408,0.20000,0.07000,1.75145,-0.36040,0.3797,0.547,1.5244,-0.3788,-0.0112,0.0118,0.21120,0.12201,0.00,28.27,0.00,0.0000
24253,LOST_LONG,0.42970,-0.30964,0.93468,-0.76408,0.20000,0.07000,1.75145,-0.36040,0.3797,0.547,1.5244,-0.3788,-0.0112,0.0118,0.21050,0.12255,0.00,28.27,0.00,0.0000
24263,LOST_LONG,0.42970,-0.30964,0.93468,-0.76408,0.20000,0.07000,1.75145,-0.36040,0.3797,0.547,1.5244,-0.3788,-0.0112,0.0118,0.21042,0.12261,0.00,28.27,0.00,0.0000
24273,LOST_LONG,0.42970,-0.30964,0.93468,-0.76408,0.20000,0.07000,1.75145,-0.36040,0.3797,0.547,1.5244,-0.3788,-0.0112,0.0118,0.21014,0.12286,0.00,28.27,0.00,0.0000
24283,LOST_LONG,0.42970,-0.30964,0.93468,-0.76408,0.20000,0.07000,1.75145,-0.36040,0.3797,0.547,1.5244,-0.3788,-0.0112,0.0118,0.21126,0.12216,0.00,28.27,0.00,0.0000
24293,LOST_LONG,0.42970,-0.30964,0.93468,-0.76408,0.20000,0.07000,1.75145,-0.36040,0.3797,0.547,1.5244,-0.3788,-0.0112,0.0118,0.21096,0.12237,0.00,28.27,0.00,0.0000
24303,LOST_LONG,0.42970,-0.30964,0.93468,-0.76408,0.20000,0.07000,1.75145,-0.36040,0.3797,0.547,1.5244,-0.3788,-0.0112,0.0118,0.21132,0.12213,0.00,28.27,0.00,0.0000
24313,LOST_LONG,0.42970,-0.30964,0.93468,-0.76408,0.20000,0.07000,1.75145,-0.36040,0.3797,0.547,1.5244,-0.3788,-0.0112,0.0118,0.21116,0.12217,0.00,28.27,0.00,0.0000
24323,LOST_LONG,0.42970,-0.30964,0.93468,-0.76408,0.20000,0.07000,1.75145,-0.36040,0.3797,0.547,1.5244,-0.3788,-0.0112,0.0118,0.21028,0.12273,0.00,28.27,0.00,0.0000
24333,LOST_LONG,0.42970,-0.30964,0.93468,-0.76408,0.20000,0.07000,1.75145,-0.36040,0.3797,0.547,1.5244,-0.3788,-0.0112,0.0118,0.21024,0.12269,0.00,28.27,0.00,0.0000
24343,LOST_LONG,0.42970,-0.30964,0.93468,-0.76408,0.20000,0.07000,1.75145,-0.36040,0.3797,0.547,1.5244,-0.3788,-0.0112,0.0118,0.21030,0.12264,0.00,28.27,0.00,0.0000
24353,LOST_LONG,0.42970,-0.30964,0.93468,-0.76408,0.20000,0.07000,1.75145,-0.36040,0.3797,0.547,1.5244,-0.3788,-0.0112,0.0118,0.21042,0.12261,0.00,28.27,0.00,0.0000
24363,LOST_LONG,0.42970,-0.30964,0.93468,-0.76408,0.20000,0.07000,1.75145,-0.36040,0.3797,0.547,1.5244,-0.3788,-0.0112,0.0118,0.21027,0.12264,0.00,28.27,0.00,0.0000
24373,LOST_LONG,0.42970,-0.30964,0.93468,-0.76408,0.20000,0.07000,1.75145,-0.36040,0.3797,0.547,1.5244,-0.3788,-0.0112,0.0118,0.21027,0.12275,0.00,28.27,0.00,0.0000
24383,LOST_LONG,0.42970,-0.30964,0.93468,-0.76408,0.20000,0.07000,1.75145,-0.36040,0.3797,0.547,1.5244,-0.3788,-0.0112,0.0118,0.21064,0.12245,0.00,28.27,0.00,0.0000
24393,LOST_LONG,0.42970,-0.30964,0.93468,-0.76408,0.20000,0.07000,1.75145,-0.36040,0.3797,0.547,1.5244,-0.3788,-0.0112,0.0118,0.21065,0.12243,0.00,28.27,0.00,0.0000
24403,LOST_LONG,0.42970,-0.30964,0.93468,-0.76408,0.20000,0.07000,1.75145,-0.36040,0.3797,0.547,1.5244,-0.3788,-0.0112,0.0118,0.21036,0.12260,0.00,28.27,0.00,0.0000
24413,LOST_LONG,0.42970,-0.30964,0.93468,-0.76408,0.20000,0.07000,1.75145,-0.36040,0.3797,0.547,1.5244,-0.3788,-0.0112,0.0118,0.21068,0.12244,0.00,28.27,0.00,0.0000
24423,LOST_LONG,0.42970,-0.30964,0.93468,-0.76408,0.20000,0.07000,1.75145,-0.36040,0.3797,0.547,1.5244,-0.3788,-0.0112,0.0118,0.21012,0.12263,0.00,28.27,0.00,0.0000
24433,LOST_LONG,0.42970,-0.30964,0.93468,-0.76408,0.20000,0.07000,1.75145,-0.36040,0.3797,0.547,1.5244,-0.3788,-0.0112,0.0118,0.21034,0.12273,0.00,28.27,0.00,0.0000
24443,LOST_LONG,0.42970,-0.30964,0.93468,-0.76408,0.20000,0.07000,1.75145,-0.36040,0.3797,0.547,1.5244,-0.3788,-0.0112,0.0118,0.21039,0.12254,0.00,28.27,0.00,0.0000
24453,LOST_LONG,0.42970,-0.30964,0.93468,-0.76408,0.20000,0.07000,1.75145,-0.36040,0.3797,0.547,1.5244,-0.3788,-0.0112,0.0118,0.21068,0.12237,0.00,28.27,0.00,0.0000
24463,LOST_LONG,0.42970,-0.30964,0.93468,-0.76408,0.20000,0.07000,1.75145,-0.36040,0.3797,0.547,1.5244,-0.3788,-0.0112,0.0118,0.21060,0.12246,0.00,28.27,0.00,0.0000
24473,LOST_LONG,0.42970,-0.30964,0.93468,-0.76408,0.20000,0.07000,1.75145,-0.36040,0.3797,0.547,1.5244,-0.3788,-0.0112,0.0118,0.21058,0.12248,0.00,28.27,0.00,0.0000
24483,LOST_LONG,0.42970,-0.30964,0.93468,-0.76408,0.20000,0.07000,1.75145,-0.36040,0.3797,0.547,1.5244,-0.3788,-0.0112,0.0118,0.21021,0.12277,0.00,28.27,0.00,0.0000
24493,LOST_LONG,0.42970,-0.30964,0.93468,-0.76408,0.20000,0.07000,1.75145,-0.36040,0.3797,0.547,1.5244,-0.3788,-0.0112,0.0118,0.21041,0.12271,0.00,28.27,0.00,0.0000
24503,LOST_LONG,0.42970,-0.30964,0.93468,-0.76408,0.20000,0.07000,1.75145,-0.36040,0.3797,0.547,1.5244,-0.3788,-0.0112,0.0118,0.21038,0.12260,0.00,28.27,0.00,0.0000
24513,LOST_LONG,0.42970,-0.30964,0.93468,-0.76408,0.20000,0.07000,1.75145,-0.36040,0.3797,0.547,1.5244,-0.3788,-0.0112,0.0118,0.21081,0.12239,0.00,28.27,0.00,0.0000
24523,LOST_LONG,0.42970,-0.30964,0.93468,-0.76408,0.20000,0.07000,1.75145,-0.36040,0.3797,0.547,1.5244,-0.3788,-0.0112,0.0118,0.21051,0.12262,0.00,28.27,0.00,0.0000
24533,LOST_LONG,0.42970,-0.30964,0.93468,-0.76408,0.20000,0.07000,1.75145,-0.36040,0.3797,0.547,1.5244,-0.3788,-0.0112,0.0118,0.21036,0.12264,0.00,28.27,0.00,0.0000
24543,LOST_LONG,0.42970,-0.30964,0.93468,-0.76408,0.20000,0.07000,1.75145,-0.36040,0.3797,0.547,1.5244,-0.3788,-0.0112,0.0118,0.21036,0.12267,0.00,28.27,0.00,0.0000
24553,LOST_LONG,0.42970,-0.30964,0.93468,-0.76408,0.20000,0.07000,1.75145,-0.36040,0.3797,0.547,1.5244,-0.3788,-0.0112,0.0118,0.21083,0.12229,0.00,28.27,0.00,0.0000
24563,LOST_LONG,0.42970,-0.30964,0.93468,-0.76408,0.20000,0.07000,1.75145,-0.36040,0.3797,0.547,1.5244,-0.3788,-0.0112,0.0118,0.21021,0.12272,0.00,28.27,0.00,0.0000
24573,LOST_LONG,0.42970,-0.30964,0.93468,-0.76408,0.20000,0.07000,1.75145,-0.36040,0.3797,0.547,1.5244,-0.3788,-0.0112,0.0118,0.21036,0.12257,0.00,28.27,0.00,0.0000
24583,LOST_LONG,0.42970,-0.30964,0.93468,-0.76408,0.20000,0.07000,1.75145,-0.36040,0.3797,0.547,1.5244,-0.3788,-0.0112,0.0118,0.21090,0.12241,0.00,28.27,0.00,0.0000
24593,LOST_LONG,0.42970,-0.30964,0.93468,-0.76408,0.20000,0.07000,1.75145,-0.36040,0.3797,0.547,1.5244,-0.3788,-0.0112,0.0118,0.21058,0.12250,0.00,28.27,0.00,0.0000
24603,LOST_LONG,0.42970,-0.30964,0.93468,-0.76408,0.20000,0.07000,1.75145,-0.36040,0.3797,0.547,1.5244,-0.3788,-0.0112,0.0118,0.21020,0.12278,0.00,28.27,0.00,0.0000
24613,LOST_LONG,0.42970,-0.30964,0.93468,-0.76408,0.20000,0.07000,1.75145,-0.36040,0.3797,0.547,1.5244,-0.3788,-0.0112,0.0118,0.21122,0.12201,0.00,28.27,0.00,0.0000
24623,LOST_LONG,0.42970,-0.30964,0.93468,-0.76408,0.20000,0.07000,1.75145,-0.36040,0.3797,0.547,1.5244,-0.3788,-0.0112,0.0118,0.21055,0.12258,0.00,28.27,0.00,0.0000
24633,LOST_LONG,0.42970,-0.30964,0.93468,-0.76408,0.20000,0.07000,1.75145,-0.36040,0.3797,0.547,1.5244,-0.3788,-0.0112,0.0118,0.21066,0.12237,0.00,28.27,0.00,0.0000
24643,LOST_LONG,0.42970,-0.30964,0.93468,-0.76408,0.20000,0.07000,1.75145,-0.36040,0.3797,0.547,1.5244,-0.3788,-0.0112,0.0118,0.21064,0.12240,0.00,28.27,0.00,0.0000
24653,LOST_LONG,0.42970,-0.30964,0.93468,-0.76408,0.20000,0.07000,1.75145,-0.36040,0.3797,0.547,1.5244,-0.3788,-0.0112,0.0118,0.21044,0.12255,0.00,28.27,0.00,0.0000
24663,LOST_LONG,0.42970,-0.30964,0.93468,-0.76408,0.20000,0.07000,1.75145,-0.36040,0.3797,0.547,1.5244,-0.3788,-0.0112,0.0118,0.21044,0.12262,0.00,28.27,0.00,0.0000
24673,LOST_LONG,0.42970,-0.30964,0.93468,-0.76408,0.20000,0.07000,1.75145,-0.36040,0.3797,0.547,1.5244,-0.3788,-0.0112,0.0118,0.21069,0.12235,0.00,28.27,0.00,0.0000
24683,LOST_LONG,0.42970,-0.30964,0.93468,-0.76408,0.20000,0.07000,1.75145,-0.36040,0.3797,0.547,1.5244,-0.3788,-0.0112,0.0118,0.21043,0.12263,0.00,28.27,0.00,0.0000
24693,LOST_LONG,0.42970,-0.30964,0.93468,-0.76408,0.20000,0.07000,1.75145,-0.36040,0.3797,0.547,1.5244,-0.3788,-0.0112,0.0118,0.21047,0.12248,0.00,28.27,0.00,0.0000
24703,LOST_LONG,0.42970,-0.30964,0.93468,-0.76408,0.20000,0.07000,1.75145,-0.36040,0.3797,0.547,1.5244,-0.3788,-0.0112,0.0118,0.21064,0.12239,0.00,28.27,0.00,0.0000
24713,LOST_LONG,0.42970,-0.30964,0.93468,-0.76408,0.20000,0.07000,1.75145,-0.36040,0.3797,0.547,1.5244,-0.3788,-0.0112,0.0118,0.21031,0.12261,0.00,28.27,0.00,0.0000
24723,LOST_LONG,0.42970,-0.30964,0.93468,-0.76408,0.20000,0.07000,1.75145,-0.36040,0.3797,0.547,1.5244,-0.3788,-0.0112,0.0118,0.21011,0.12260,0.00,28.27,0.00,0.0000
24733,LOST_LONG,0.42970,-0.30964,0.93468,-0.76408,0.20000,0.07000,1.75145,-0.36040,0.3797,0.547,1.5244,-0.3788,-0.0112,0.0118,0.21026,0.12264,0.00,28.27,0.00,0.0000
24743,LOST_LONG,0.42970,-0.30964,0.93468,-0.76408,0.20000,0.07000,1.75145,-0.36040,0.3797,0.547,1.5244,-0.3788,-0.0112,0.0118,0.21027,0.12261,0.00,28.27,0.00,0.0000
24753,LOST_LONG,0.42970,-0.30964,0.93468,-0.76408,0.20000,0.07000,1.75145,-0.36040,0.3797,0.547,1.5244,-0.3788,-0.0112,0.0118,0.21079,0.12231,0.00,28.27,0.00,0.0000
24763,LOST_LONG,0.42970,-0.30964,0.93468,-0.76408,0.20000,0.07000,1.75145,-0.36040,0.3797,0.547,1.5244,-0.3788,-0.0112,0.0118,0.21066,0.12238,0.00,28.27,0.00,0.0000
24773,LOST_LONG,0.42970,-0.30964,0.93468,-0.76408,0.20000,0.07000,1.75145,-0.36040,0.3797,0.547,1.5244,-0.3788,-0.0112,0.0118,0.21050,0.12249,0.00,28.27,0.00,0.0000
24783,LOST_LONG,0.42970,-0.30964,0.93468,-0.76408,0.20000,0.07000,1.75145,-0.36040,0.3797,0.547,1.5244,-0.3788,-0.0112,0.0118,0.21010,0.12271,0.00,28.27,0.00,0.0000
24793,LOST_LONG,0.42970,-0.30964,0.93468,-0.76408,0.20000,0.07000,1.75145,-0.36040,0.3797,0.547,1.5244,-0.3788,-0.0112,0.0118,0.21052,0.12248,0.00,28.27,0.00,0.0000
24803,LOST_LONG,0.42970,-0.30964,0.93468,-0.76408,0.20000,0.07000,1.75145,-0.36040,0.3797,0.547,1.5244,-0.3788,-0.0112,0.0118,0.21029,0.12273,0.00,28.27,0.00,0.0000
24813,LOST_LONG,0.42970,-0.30964,0.93468,-0.76408,0.20000,0.07000,1.75145,-0.36040,0.3797,0.547,1.5244,-0.3788,-0.0112,0.0118,0.21064,0.12234,0.00,28.27,0.00,0.0000
24823,LOST_LONG,0.42970,-0.30964,0.93468,-0.76408,0.20000,0.07000,1.75145,-0.36040,0.3797,0.547,1.5244,-0.3788,-0.0112,0.0118,0.21032,0.12263,0.00,28.27,0.00,0.0000
24833,LOST_LONG,0.42970,-0.30964,0.93468,-0.76408,0.20000,0.07000,1.75145,-0.36040,0.3797,0.547,1.5244,-0.3788,-0.0112,0.0118,0.21056,0.12245,0.00,28.27,0.00,0.0000
24843,LOST_LONG,0.42970,-0.30964,0.93468,-0.76408,0.20000,0.07000,1.75145,-0.36040,0.3797,0.547,1.5244,-0.3788,-0.0112,0.0118,0.21050,0.12251,0.00,28.27,0.00,0.0000
24853,LOST_LONG,0.42970,-0.30964,0.93468,-0.76408,0.20000,0.07000,1.75145,-0.36040,0.3797,0.547,1.5244,-0.3788,-0.0112,0.0118,0.21066,0.12235,0.00,28.27,0.00,0.0000
24863,LOST_LONG,0.42970,-0.30964,0.93468,-0.76408,0.20000,0.07000,1.75145,-0.36040,0.3797,0.547,1.5244,-0.3788,-0.0112,0.0118,0.21050,0.12251,0.00,28.27,0.00,0.0000
24873,LOST_LONG,0.42970,-0.30964,0.93468,-0.76408,0.20000,0.07000,1.75145,-0.36040,0.3797,0.547,1.5244,-0.3788,-0.0112,0.0118,0.21024,0.12267,0.00,28.27,0.00,0.0000
24883,LOST_LONG,0.42970,-0.30964,0.93468,-0.76408,0.20000,0.07000,1.75145,-0.36040,0.3797,0.547,1.5244,-0.3788,-0.0112,0.0118,0.21070,0.12236,0.00,28.27,0.00,0.0000
24893,LOST_LONG,0.42970,-0.30964,0.93468,-0.76408,0.20000,0.07000,1.75145,-0.36040,0.3797,0.547,1.5244,-0.3788,-0.0112,0.0118,0.21075,0.12238,0.00,28.27,0.00,0.0000
24903,LOST_LONG,0.42970,-0.30964,0.93468,-0.76408,0.20000,0.07000,1.75145,-0.36040,0.3797,0.547,1.5244,-0.3788,-0.0112,0.0118,0.21052,0.12249,0.00,28.27,0.00,0.0000
24913,LOST_LONG,0.42970,-0.30964,0.93468,-0.76408,0.20000,0.07000,1.75145,-0.36040,0.3797,0.547,1.5244,-0.3788,-0.0112,0.0118,0.21085,0.12218,0.00,28.27,0.00,0.0000
24923,LOST_LONG,0.42970,-0.30964,0.93468,-0.76408,0.20000,0.07000,1.75145,-0.36040,0.3797,0.547,1.5244,-0.3788,-0.0112,0.0118,0.21140,0.12190,0.00,28.27,0.00,0.0000
24933,LOST_LONG,0.42970,-0.30964,0.93468,-0.76408,0.20000,0.07000,1.75145,-0.36040,0.3797,0.547,1.5244,-0.3788,-0.0112,0.0118,0.21047,0.12263,0.00,28.27,0.00,0.0000
24943,LOST_LONG,0.42970,-0.30964,0.93468,-0.76408,0.20000,0.07000,1.75145,-0.36040,0.3797,0.547,1.5244,-0.3788,-0.0112,0.0118,0.21042,0.12271,0.00,28.27,0.00,0.0000
24953,LOST_LONG,0.42970,-0.30964,0.93468,-0.76408,0.20000,0.07000,1.75145,-0.36040,0.3797,0.547,1.5244,-0.3788,-0.0112,0.0118,0.21039,0.12266,0.00,28.27,0.00,0.0000
24963,LOST_LONG,0.42970,-0.30964,0.93468,-0.76408,0.20000,0.07000,1.75145,-0.36040,0.3797,0.547,1.5244,-0.3788,-0.0112,0.0118,0.21041,0.12261,0.00,28.27,0.00,0.0000
24973,LOST_LONG,0.42970,-0.30964,0.93468,-0.76408,0.20000,0.07000,1.75145,-0.36040,0.3797,0.547,1.5244,-0.3788,-0.0112,0.0118,0.21030,0.12259,0.00,28.27,0.00,0.0000
24983,LOST_LONG,0.42970,-0.30964,0.93468,-0.76408,0.20000,0.07000,1.75145,-0.36040,0.3797,0.547,1.5244,-0.3788,-0.0112,0.0118,0.21030,0.12269,0.00,28.27,0.00,0.0000
24993,LOST_LONG,0.42970,-0.30964,0.93468,-0.76408,0.20000,0.07000,1.75145,-0.36040,0.3797,0.547,1.5244,-0.3788,-0.0112,0.0118,0.21048,0.12259,0.00,28.27,0.00,0.0000
25003,LOST_LONG,0.42970,-0.30964,0.93468,-0.76408,0.20000,0.07000,1.75145,-0.36040,0.3797,0.547,1.5244,-0.3788,-0.0112,0.0118,0.21028,0.12264,0.00,28.27,0.00,0.0000
25013,LOST_LONG,0.42970,-0.30964,0.93468,-0.76408,0.20000,0.07000,1.75145,-0.36040,0.3797,0.547,1.5244,-0.3788,-0.0112,0.0118,0.21066,0.12243,0.00,28.27,0.00,0.0000
25023,LOST_LONG,0.42970,-0.30964,0.93468,-0.76408,0.20000,0.07000,1.75145,-0.36040,0.3797,0.547,1.5244,-0.3788,-0.0112,0.0118,0.21010,0.12305,0.00,28.27,0.00,0.0000
25033,LOST_LONG,0.42970,-0.30964,0.93468,-0.76408,0.20000,0.07000,1.75145,-0.36040,0.3797,0.547,1.5244,-0.3788,-0.0112,0.0118,0.21050,0.12250,0.00,28.27,0.00,0.0000
25043,LOST_LONG,0.42970,-0.30964,0.93468,-0.76408,0.20000,0.07000,1.75145,-0.36040,0.3797,0.547,1.5244,-0.3788,-0.0112,0.0118,0.21033,0.12258,0.00,28.27,0.00,0.0000
25053,LOST_LONG,0.42970,-0.30964,0.93468,-0.76408,0.20000,0.07000,1.75145,-0.36040,0.3797,0.547,1.5244,-0.3788,-0.0112,0.0118,0.21038,0.12266,0.00,28.27,0.00,0.0000
25063,LOST_LONG,0.42970,-0.30964,0.93468,-0.76408,0.20000,0.07000,1.75145,-0.36040,0.3797,0.547,1.5244,-0.3788,-0.0112,0.0118,0.21050,0.12251,0.00,28.27,0.00,0.0000
25073,LOST_LONG,0.42970,-0.30964,0.93468,-0.76408,0.20000,0.07000,1.75145,-0.36040,0.3797,0.547,1.5244,-0.3788,-0.0112,0.0118,0.21061,0.12263,0.00,28.27,0.00,0.0000
25083,LOST_LONG,0.42970,-0.30964,0.93468,-0.76408,0.20000,0.07000,1.75145,-0.36040,0.3797,0.547,1.5244,-0.3788,-0.0112,0.0118,0.21048,0.12263,0.00,28.27,0.00,0.0000
25093,LOST_LONG,0.42970,-0.30964,0.93468,-0.76408,0.20000,0.07000,1.75145,-0.36040,0.3797,0.547,1.5244,-0.3788,-0.0112,0.0118,0.21048,0.12255,0.00,28.27,0.00,0.0000
25103,LOST_LONG,0.42970,-0.30964,0.93468,-0.76408,0.20000,0.07000,1.75145,-0.36040,0.3797,0.547,1.5244,-0.3788,-0.0112,0.0118,0.21056,0.12250,0.00,28.27,0.00,0.0000
25113,LOST_LONG,0.42970,-0.30964,0.93468,-0.76408,0.20000,0.07000,1.75145,-0.36040,0.3797,0.547,1.5244,-0.3788,-0.0112,0.0118,0.20992,0.12292,0.00,28.27,0.00,0.0000
25123,LOST_LONG,0.42970,-0.30964,0.93468,-0.76408,0.20000,0.07000,1.75145,-0.36040,0.3797,0.547,1.5244,-0.3788,-0.0112,0.0118,0.21138,0.12190,0.00,28.27,0.00,0.0000
25133,LOST_LONG,0.42970,-0.30964,0.93468,-0.76408,0.20000,0.07000,1.75145,-0.36040,0.3797,0.547,1.5244,-0.3788,-0.0112,0.0118,0.21067,0.12240,0.00,28.27,0.00,0.0000
25143,LOST_LONG,0.42970,-0.30964,0.93468,-0.76408,0.20000,0.07000,1.75145,-0.36040,0.3797,0.547,1.5244,-0.3788,-0.0112,0.0118,0.21078,0.12238,0.00,28.27,0.00,0.0000
25153,LOST_LONG,0.42970,-0.30964,0.93468,-0.76408,0.20000,0.07000,1.75145,-0.36040,0.3797,0.547,1.5244,-0.3788,-0.0112,0.0118,0.21070,0.12241,0.00,28.27,0.00,0.0000
25163,LOST_LONG,0.42970,-0.30964,0.93468,-0.76408,0.20000,0.07000,1.75145,-0.36040,0.3797,0.547,1.5244,-0.3788,-0.0112,0.0118,0.21025,0.12260,0.00,28.27,0.00,0.0000
25173,LOST_LONG,0.42970,-0.30964,0.93468,-0.76408,0.20000,0.07000,1.75145,-0.36040,0.3797,0.547,1.5244,-0.3788,-0.0112,0.0118,0.21028,0.12255,0.00,28.27,0.00,0.0000
25183,LOST_LONG,0.42970,-0.30964,0.93468,-0.76408,0.20000,0.07000,1.75145,-0.36040,0.3797,0.547,1.5244,-0.3788,-0.0112,0.0118,0.21077,0.12236,0.00,28.27,0.00,0.0000
25193,LOST_LONG,0.42970,-0.30964,0.93468,-0.76408,0.20000,0.07000,1.75145,-0.36040,0.3797,0.547,1.5244,-0.3788,-0.0112,0.0118,0.20995,0.12287,0.00,28.27,0.00,0.0000
25203,LOST_LONG,0.42970,-0.30964,0.93468,-0.76408,0.20000,0.07000,1.75145,-0.36040,0.3797,0.547,1.5244,-0.3788,-0.0112,0.0118,0.21049,0.12251,0.00,28.27,0.00,0.0000
25213,LOST_LONG,0.42970,-0.30964,0.93468,-0.76408,0.20000,0.07000,1.75145,-0.36040,0.3797,0.547,1.5244,-0.3788,-0.0112,0.0118,0.21050,0.12253,0.00,28.27,0.00,0.0000
25223,LOST_LONG,0.42970,-0.30964,0.93468,-0.76408,0.20000,0.07000,1.75145,-0.36040,0.3797,0.547,1.5244,-0.3788,-0.0112,0.0118,0.21039,0.12259,0.00,28.27,0.00,0.0000
25233,LOST_LONG,0.42970,-0.30964,0.93468,-0.76408,0.20000,0.07000,1.75145,-0.36040,0.3797,0.547,1.5244,-0.3788,-0.0112,0.0118,0.21009,0.12285,0.00,28.27,0.00,0.0000
25243,LOST_LONG,0.42970,-0.30964,0.93468,-0.76408,0.20000,0.07000,1.75145,-0.36040,0.3797,0.547,1.5244,-0.3788,-0.0112,0.0118,0.21190,0.12147,0.00,28.27,0.00,0.0000
25253,LOST_LONG,0.42970,-0.30964,0.93468,-0.76408,0.20000,0.07000,1.75145,-0.36040,0.3797,0.547,1.5244,-0.3788,-0.0112,0.0118,0.21019,0.12269,0.00,28.27,0.00,0.0000
25263,LOST_LONG,0.42970,-0.30964,0.93468,-0.76408,0.20000,0.07000,1.75145,-0.36040,0.3797,0.547,1.5244,-0.3788,-0.0112,0.0118,0.21063,0.12244,0.00,28.27,0.00,0.0000
25273,LOST_LONG,0.42970,-0.30964,0.93468,-0.76408,0.20000,0.07000,1.75145,-0.36040,0.3797,0.547,1.5244,-0.3788,-0.0112,0.0118,0.21047,0.12249,0.00,28.27,0.00,0.0000
25283,LOST_LONG,0.42970,-0.30964,0.93468,-0.76408,0.20000,0.07000,1.75145,-0.36040,0.3797,0.547,1.5244,-0.3788,-0.0112,0.0118,0.21059,0.12245,0.00,28.27,0.00,0.0000
25293,LOST_LONG,0.42970,-0.30964,0.93468,-0.76408,0.20000,0.07000,1.75145,-0.36040,0.3797,0.547,1.5244,-0.3788,-0.0112,0.0118,0.21011,0.12271,0.00,28.27,0.00,0.0000
25303,LOST_LONG,0.42970,-0.30964,0.93468,-0.76408,0.20000,0.07000,1.75145,-0.36040,0.3797,0.547,1.5244,-0.3788,-0.0112,0.0118,0.21142,0.12180,0.00,28.27,0.00,0.0000
25313,LOST_LONG,0.42970,-0.30964,0.93468,-0.76408,0.20000,0.07000,1.75145,-0.36040,0.3797,0.547,1.5244,-0.3788,-0.0112,0.0118,0.21019,0.12279,0.00,28.27,0.00,0.0000
25323,LOST_LONG,0.42970,-0.30964,0.93468,-0.76408,0.20000,0.07000,1.75145,-0.36040,0.3797,0.547,1.5244,-0.3788,-0.0112,0.0118,0.21088,0.12222,0.00,28.27,0.00,0.0000
25333,LOST_LONG,0.42970,-0.30964,0.93468,-0.76408,0.20000,0.07000,1.75145,-0.36040,0.3797,0.547,1.5244,-0.3788,-0.0112,0.0118,0.21036,0.12261,0.00,28.27,0.00,0.0000
25343,LOST_LONG,0.42970,-0.30964,0.93468,-0.76408,0.20000,0.07000,1.75145,-0.36040,0.3797,0.547,1.5244,-0.3788,-0.0112,0.0118,0.21019,0.12276,0.00,28.27,0.00,0.0000
25353,LOST_LONG,0.42970,-0.30964,0.93468,-0.76408,0.20000,0.07000,1.75145,-0.36040,0.3797,0.547,1.5244,-0.3788,-0.0112,0.0118,0.21036,0.12259,0.00,28.27,0.00,0.0000
25363,LOST_LONG,0.42970,-0.30964,0.93468,-0.76408,0.20000,0.07000,1.75145,-0.36040,0.3797,0.547,1.5244,-0.3788,-0.0112,0.0118,0.21050,0.12256,0.00,28.27,0.00,0.0000
25373,LOST_LONG,0.42970,-0.30964,0.93468,-0.76408,0.20000,0.07000,1.75145,-0.36040,0.3797,0.547,1.5244,-0.3788,-0.0112,0.0118,0.21029,0.12268,0.00,28.27,0.00,0.0000
25383,LOST_LONG,0.42970,-0.30964,0.93468,-0.76408,0.20000,0.07000,1.75145,-0.36040,0.3797,0.547,1.5244,-0.3788,-0.0112,0.0118,0.21086,0.12224,0.00,28.27,0.00,0.0000
25393,LOST_LONG,0.42970,-0.30964,0.93468,-0.76408,0.20000,0.07000,1.75145,-0.36040,0.3797,0.547,1.5244,-0.3788,-0.0112,0.0118,0.21006,0.12296,0.00,28.27,0.00,0.0000
25403,LOST_LONG,0.42970,-0.30964,0.93468,-0.76408,0.20000,0.07000,1.75145,-0.36040,0.3797,0.547,1.5244,-0.3788,-0.0112,0.0118,0.21054,0.12247,0.00,28.27,0.00,0.0000
25413,LOST_LONG,0.42970,-0.30964,0.93468,-0.76408,0.20000,0.07000,1.75145,-0.36040,0.3797,0.547,1.5244,-0.3788,-0.0112,0.0118,0.21038,0.12253,0.00,28.27,0.00,0.0000
25423,LOST_LONG,0.42970,-0.30964,0.93468,-0.76408,0.20000,0.07000,1.75145,-0.36040,0.3797,0.547,1.5244,-0.3788,-0.0112,0.0118,0.21115,0.12225,0.00,28.27,0.00,0.0000
25433,LOST_LONG,0.42970,-0.30964,0.93468,-0.76408,0.20000,0.07000,1.75145,-0.36040,0.3797,0.547,1.5244,-0.3788,-0.0112,0.0118,0.21040,0.12249,0.00,28.27,0.00,0.0000
25443,LOST_LONG,0.42970,-0.30964,0.93468,-0.76408,0.20000,0.07000,1.75145,-0.36040,0.3797,0.547,1.5244,-0.3788,-0.0112,0.0118,0.21041,0.12246,0.00,28.27,0.00,0.0000
25453,LOST_LONG,0.42970,-0.30964,0.93468,-0.76408,0.20000,0.07000,1.75145,-0.36040,0.3797,0.547,1.5244,-0.3788,-0.0112,0.0118,0.21098,0.12215,0.00,28.27,0.00,0.0000
25463,LOST_LONG,0.42970,-0.30964,0.93468,-0.76408,0.20000,0.07000,1.75145,-0.36040,0.3797,0.547,1.5244,-0.3788,-0.0112,0.0118,0.21062,0.12256,0.00,28.27,0.00,0.0000
25473,LOST_LONG,0.42970,-0.30964,0.93468,-0.76408,0.20000,0.07000,1.75145,-0.36040,0.3797,0.547,1.5244,-0.3788,-0.0112,0.0118,0.21066,0.12249,0.00,28.27,0.00,0.0000
25483,LOST_LONG,0.42970,-0.30964,0.93468,-0.76408,0.20000,0.07000,1.75145,-0.36040,0.3797,0.547,1.5244,-0.3788,-0.0112,0.0118,0.21050,0.12255,0.00,28.27,0.00,0.0000
25493,LOST_LONG,0.42970,-0.30964,0.93468,-0.76408,0.20000,0.07000,1.75145,-0.36040,0.3797,0.547,1.5244,-0.3788,-0.0112,0.0118,0.21045,0.12255,0.00,28.27,0.00,0.0000
25503,LOST_LONG,0.42970,-0.30964,0.93468,-0.76408,0.20000,0.07000,1.75145,-0.36040,0.3797,0.547,1.5244,-0.3788,-0.0112,0.0118,0.20974,0.12310,0.00,28.27,0.00,0.0000
25513,LOST_LONG,0.42970,-0.30964,0.93468,-0.76408,0.20000,0.07000,1.75145,-0.36040,0.3797,0.547,1.5244,-0.3788,-0.0112,0.0118,0.21033,0.12264,0.00,28.27,0.00,0.0000
25523,LOST_LONG,0.42970,-0.30964,0.93468,-0.76408,0.20000,0.07000,1.75145,-0.36040,0.3797,0.547,1.5244,-0.3788,-0.0112,0.0118,0.21058,0.12244,0.00,28.27,0.00,0.0000
25533,LOST_LONG,0.42970,-0.30964,0.93468,-0.76408,0.20000,0.07000,1.75145,-0.36040,0.3797,0.547,1.5244,-0.3788,-0.0112,0.0118,0.21066,0.12239,0.00,28.27,0.00,0.0000
25543,LOST_LONG,0.42970,-0.30964,0.93468,-0.76408,0.20000,0.07000,1.75145,-0.36040,0.3797,0.547,1.5244,-0.3788,-0.0112,0.0118,0.21070,0.12253,0.00,28.27,0.00,0.0000
25553,LOST_LONG,0.42970,-0.30964,0.93468,-0.76408,0.20000,0.07000,1.75145,-0.36040,0.3797,0.547,1.5244,-0.3788,-0.0112,0.0118,0.21067,0.12240,0.00,28.27,0.00,0.0000
25563,LOST_LONG,0.42970,-0.30964,0.93468,-0.76408,0.20000,0.07000,1.75145,-0.36040,0.3797,0.547,1.5244,-0.3788,-0.0112,0.0118,0.21006,0.12277,0.00,28.27,0.00,0.0000
25573,LOST_LONG,0.42970,-0.30964,0.93468,-0.76408,0.20000,0.07000,1.75145,-0.36040,0.3797,0.547,1.5244,-0.3788,-0.0112,0.0118,0.21048,0.12266,0.00,28.27,0.00,0.0000
25583,LOST_LONG,0.42970,-0.30964,0.93468,-0.76408,0.20000,0.07000,1.75145,-0.36040,0.3797,0.547,1.5244,-0.3788,-0.0112,0.0118,0.21036,0.12267,0.00,28.27,0.00,0.0000
25593,LOST_LONG,0.42970,-0.30964,0.93468,-0.76408,0.20000,0.07000,1.75145,-0.36040,0.3797,0.547,1.5244,-0.3788,-0.0112,0.0118,0.21055,0.12248,0.00,28.27,0.00,0.0000
25603,LOST_LONG,0.42970,-0.30964,0.93468,-0.76408,0.20000,0.07000,1.75145,-0.36040,0.3797,0.547,1.5244,-0.3788,-0.0112,0.0118,0.21037,0.12253,0.00,28.27,0.00,0.0000
25613,LOST_LONG,0.42970,-0.30964,0.93468,-0.76408,0.20000,0.07000,1.75145,-0.36040,0.3797,0.547,1.5244,-0.3788,-0.0112,0.0118,0.21042,0.12267,0.00,28.27,0.00,0.0000
25623,LOST_LONG,0.42970,-0.30964,0.93468,-0.76408,0.20000,0.07000,1.75145,-0.36040,0.3797,0.547,1.5244,-0.3788,-0.0112,0.0118,0.21032,0.12262,0.00,28.27,0.00,0.0000
25633,LOST_LONG,0.42970,-0.30964,0.93468,-0.76408,0.20000,0.07000,1.75145,-0.36040,0.3797,0.547,1.5244,-0.3788,-0.0112,0.0118,0.21086,0.12222,0.00,28.27,0.00,0.0000
25643,LOST_LONG,0.42970,-0.30964,0.93468,-0.76408,0.20000,0.07000,1.75145,-0.36040,0.3797,0.547,1.5244,-0.3788,-0.0112,0.0118,0.21044,0.12252,0.00,28.27,0.00,0.0000
25653,LOST_LONG,0.42970,-0.30964,0.93468,-0.76408,0.20000,0.07000,1.75145,-0.36040,0.3797,0.547,1.5244,-0.3788,-0.0112,0.0118,0.21072,0.12236,0.00,28.27,0.00,0.0000
25663,LOST_LONG,0.42970,-0.30964,0.93468,-0.76408,0.20000,0.07000,1.75145,-0.36040,0.3797,0.547,1.5244,-0.3788,-0.0112,0.0118,0.21058,0.12249,0.00,28.27,0.00,0.0000
25673,LOST_LONG,0.42970,-0.30964,0.93468,-0.76408,0.20000,0.07000,1.75145,-0.36040,0.3797,0.547,1.5244,-0.3788,-0.0112,0.0118,0.21061,0.12251,0.00,28.27,0.00,0.0000
25683,LOST_LONG,0.42970,-0.30964,0.93468,-0.76408,0.20000,0.07000,1.75145,-0.36040,0.3797,0.547,1.5244,-0.3788,-0.0112,0.0118,0.21007,0.12298,0.00,28.27,0.00,0.0000
25693,LOST_LONG,0.42970,-0.30964,0.93468,-0.76408,0.20000,0.07000,1.75145,-0.36040,0.3797,0.547,1.5244,-0.3788,-0.0112,0.0118,0.21120,0.12202,0.00,28.27,0.00,0.0000
25703,LOST_LONG,0.42970,-0.30964,0.93468,-0.76408,0.20000,0.07000,1.75145,-0.36040,0.3797,0.547,1.5244,-0.3788,-0.0112,0.0118,0.20992,0.12287,0.00,28.27,0.00,0.0000
25713,LOST_LONG,0.42970,-0.30964,0.93468,-0.76408,0.20000,0.07000,1.75145,-0.36040,0.3797,0.547,1.5244,-0.3788,-0.0112,0.0118,0.21055,0.12253,0.00,28.27,0.00,0.0000
25723,LOST_LONG,0.42970,-0.30964,0.93468,-0.76408,0.20000,0.07000,1.75145,-0.36040,0.3797,0.547,1.5244,-0.3788,-0.0112,0.0118,0.21057,0.12248,0.00,28.27,0.00,0.0000
25733,LOST_LONG,0.42970,-0.30964,0.93468,-0.76408,0.20000,0.07000,1.75145,-0.36040,0.3797,0.547,1.5244,-0.3788,-0.0112,0.0118,0.21064,0.12246,0.00,28.27,0.00,0.0000
25743,LOST_LONG,0.42970,-0.30964,0.93468,-0.76408,0.20000,0.07000,1.75145,-0.36040,0.3797,0.547,1.5244,-0.3788,-0.0112,0.0118,0.21055,0.12253,0.00,28.27,0.00,0.0000
25753,LOST_LONG,0.42970,-0.30964,0.93468,-0.76408,0.20000,0.07000,1.75145,-0.36040,0.3797,0.547,1.5244,-0.3788,-0.0112,0.0118,0.21067,0.12244,0.00,28.27,0.00,0.0000
25763,LOST_LONG,0.42970,-0.30964,0.93468,-0.76408,0.20000,0.07000,1.75145,-0.36040,0.3797,0.547,1.5244,-0.3788,-0.0112,0.0118,0.20983,0.12287,0.00,28.27,0.00,0.0000
25773,LOST_LONG,0.42970,-0.30964,0.93468,-0.76408,0.20000,0.07000,1.75145,-0.36040,0.3797,0.547,1.5244,-0.3788,-0.0112,0.0118,0.21066,0.12240,0.00,28.27,0.00,0.0000
25783,LOST_LONG,0.42970,-0.30964,0.93468,-0.76408,0.20000,0.07000,1.75145,-0.36040,0.3797,0.547,1.5244,-0.3788,-0.0112,0.0118,0.21068,0.12240,0.00,28.27,0.00,0.0000
25793,LOST_LONG,0.42970,-0.30964,0.93468,-0.76408,0.20000,0.07000,1.75145,-0.36040,0.3797,0.547,1.5244,-0.3788,-0.0112,0.0118,0.21042,0.12259,0.00,28.27,0.00,0.0000
25803,LOST_LONG,0.42970,-0.30964,0.93468,-0.76408,0.20000,0.07000,1.75145,-0.36040,0.3797,0.547,1.5244,-0.3788,-0.0112,0.0118,0.21018,0.12267,0.00,28.27,0.00,0.0000
25813,LOST_LONG,0.42970,-0.30964,0.93468,-0.76408,0.20000,0.07000,1.75145,-0.36040,0.3797,0.547,1.5244,-0.3788,-0.0112,0.0118,0.21093,0.12219,0.00,28.27,0.00,0.0000
25823,LOST_LONG,0.42970,-0.30964,0.93468,-0.76408,0.20000,0.07000,1.75145,-0.36040,0.3797,0.547,1.5244,-0.3788,-0.0112,0.0118,0.20974,0.12295,0.00,28.27,0.00,0.0000
25833,LOST_LONG,0.42970,-0.30964,0.93468,-0.76408,0.20000,0.07000,1.75145,-0.36040,0.3797,0.547,1.5244,-0.3788,-0.0112,0.0118,0.21035,0.12272,0.00,28.27,0.00,0.0000
25843,LOST_LONG,0.42970,-0.30964,0.93468,-0.76408,0.20000,0.07000,1.75145,-0.36040,0.3797,0.547,1.5244,-0.3788,-0.0112,0.0118,0.21081,0.12250,0.00,28.27,0.00,0.0000
25853,LOST_LONG,0.42970,-0.30964,0.93468,-0.76408,0.20000,0.07000,1.75145,-0.36040,0.3797,0.547,1.5244,-0.3788,-0.0112,0.0118,0.21011,0.12268,-27.51,28.27,17.24,0.0000
25863,LOST_LONG,0.42970,-0.30964,0.93468,-0.76408,0.20000,0.07000,1.75145,-0.36040,0.3797,0.547,1.5244,-0.3788,-0.0112,0.0118,0.21085,0.12221,-17.64,28.27,17.44,0.0000
25873,LOST_SHORT,-0.88787,0.26898,-0.45519,0.25406,0.47000,0.36773,1.89944,-1.71878,0.5902,0.529,1.8321,-1.3711,-0.1851,1.1785,0.21116,0.12260,5.16,8.73,156.39,0.9468
25883,TRACKING,-0.56929,-0.15070,-0.12473,-0.38747,0.37650,0.15720,1.86328,-0.99492,0.0731,0.762,1.8665,-1.0387,0.0784,1.4946,0.25726,0.11950,-21.01,-19.97,111.30,0.5658
25893,TRACKING,-0.49851,-0.11095,-0.09126,-0.29483,0.36478,0.18962,1.75495,-0.96585,0.0078,0.654,1.7628,-0.9659,0.0742,1.4946,0.29554,0.13294,-20.30,-19.48,120.35,0.5077
25903,TRACKING,-0.43271,-0.09170,-0.01177,-0.26100,0.33984,0.20146,1.65317,-0.87900,0.0387,0.903,1.6757,-0.8847,0.0840,1.4946,0.34274,0.16631,-16.54,-18.46,133.04,0.4232
25913,TRACKING,-0.43312,-0.01705,-0.03421,-0.19570,0.34481,0.22432,1.62100,-0.92052,0.0157,0.525,1.6238,-0.9112,0.0624,1.4946,0.33660,0.20361,-17.99,-17.73,131.27,0.4397
25923,TRACKING,-0.43876,0.01069,-0.03086,-0.17485,0.34364,0.23162,1.60320,-0.92449,0.0132,0.657,1.6109,-0.9275,0.0618,1.4946,0.34318,0.22104,-16.66,-17.68,133.61,0.4366
25933,TRACKING,-0.37546,0.01077,0.05483,-0.18130,0.32765,0.22936,1.55535,-0.86232,0.0489,0.932,1.5741,-0.8849,0.0217,1.4946,0.33964,0.22938,-12.29,-13.41,146.11,0.3507
25943,TRACKING,-0.28133,0.01379,0.13418,-0.17633,0.29988,0.23110,1.45815,-0.76427,0.0216,0.624,1.4669,-0.7739,-0.0338,1.4946,0.31779,0.23023,-8.46,-8.73,152.65,0.2716
25953,TRACKING,-0.26228,-0.00707,0.14554,-0.20187,0.29590,0.22216,1.46369,-0.73919,0.0092,0.636,1.4594,-0.7440,-0.0338,1.4946,0.30081,0.23114,-9.22,-8.73,152.55,0.2602
25963,TRACKING,-0.22506,-0.01731,0.18437,-0.20736,0.28231,0.22024,1.42059,-0.68908,0.0110,0.939,1.4261,-0.6951,0.0138,1.4946,0.29142,0.22363,-15.18,-14.19,156.34,0.2218
25973,TRACKING,-0.13878,0.03812,0.29399,-0.11648,0.24394,0.25204,1.20626,-0.60632,0.0923,0.638,1.2608,-0.6163,-0.0053,1.4946,0.27186,0.22218,-10.77,-11.30,174.53,0.1335
25983,TRACKING,0.03756,0.23186,0.47376,0.07278,0.20000,0.30429,0.94026,-0.58446,0.0335,0.772,0.9580,-0.5749,0.0113,1.4946,0.24873,0.24545,-17.93,-15.61,155.94,0.2715
25993,TRACKING,0.12224,0.26609,0.53755,0.08258,0.20000,0.30772,0.93716,-0.59284,0.0112,0.809,0.9446,-0.5878,0.0318,1.4946,0.22339,0.26522,0.00,-15.61,150.63,0.3029
26003,TRACKING,0.18257,0.28444,0.59690,0.09638,0.20000,0.31255,0.93314,-0.60479,0.0114,0.756,0.9380,-0.6000,-0.0237,-1.4698,0.20429,0.30416,-10.01,-9.67,141.96,0.3444
26013,TRACKING,0.41779,0.43576,0.87865,0.29072,0.20000,0.38056,0.91222,-0.79196,0.0626,0.631,0.9184,-0.7546,-0.1816,-1.4667,0.20190,0.33153,9.91,6.80,89.49,0.6745
26023,TRACKING,0.58343,0.47701,1.02234,0.26438,0.20000,0.37135,0.91157,-0.76466,0.0350,0.661,0.9184,-0.7852,-0.2386,-1.0720,0.20038,0.39612,9.21,9.69,79.71,0.7661
26033,TRACKING,0.65498,0.40689,1.06337,0.20350,0.20000,0.35004,0.91397,-0.70380,0.0187,0.739,0.9184,-0.7147,-0.2415,-0.8660,0.20094,0.38342,10.16,9.16,80.18,0.7666
26043,TRACKING,0.68815,0.40865,1.10507,0.22857,0.20000,0.35881,0.91230,-0.72847,0.0137,0.538,0.9184,-0.7211,-0.2415,-0.9126,0.20113,0.37024,8.59,9.16,69.66,0.8152
26053,TRACKING,0.73203,0.45568,1.16637,0.30889,0.20000,0.38692,0.91323,-0.81114,0.0669,0.687,0.9184,-0.7711,-0.2705,-0.7306,0.20106,0.37878,17.52,14.09,36.52,0.9099
26063,TRACKING,0.72929,0.58097,1.11421,0.41593,0.20000,0.42439,0.92772,-0.92967,0.0385,0.873,0.9221,-0.9073,-0.2010,-0.8408,0.19802,0.41345,-0.13,2.96,43.11,0.9324
26073,TRACKING,0.63324,0.68081,1.02568,0.50374,0.20000,0.45512,0.94954,-1.03417,0.0224,0.691,0.9441,-1.0219,-0.1415,-0.8362,0.19749,0.44507,1.10,0.31,43.32,0.9305
26083,TRACKING,0.45293,0.75716,0.81233,0.58546,0.20000,0.48372,0.97721,-1.13774,0.0389,0.739,0.9689,-1.1159,-0.1222,-0.6718,0.19576,0.47982,-1.49,-1.72,54.57,0.8757
26093,TRACKING,0.33006,0.87835,0.72135,0.70215,0.20000,0.50000,0.99602,-1.19968,0.0095,0.547,0.9898,-1.1926,-0.1956,-0.6739,0.19432,0.50837,6.68,5.85,36.71,0.9464
26103,TRACKING,0.22708,0.91584,0.61324,0.73188,0.20000,0.50000,0.99602,-1.19968,0.0095,0.622,0.9898,-1.1926,-0.1389,-0.7739,0.19258,0.51365,-1.84,-0.50,37.34,0.9450
26113,TRACKING,0.17618,0.93076,0.58187,0.74173,0.20000,0.50000,0.99602,-1.19968,0.0095,0.707,0.9898,-1.1926,-0.1091,-0.7785,0.19472,0.50910,-3.10,-2.91,36.76,0.9482
26123,TRACKING,0.17877,0.91858,0.58237,0.72543,0.20000,0.50000,0.99602,-1.19968,0.0095,0.673,0.9898,-1.1926,-0.1523,-0.2069,0.19482,0.50890,-1.44,1.08,44.52,0.9323
26133,TRACKING,0.17925,0.91007,0.59192,0.71539,0.20000,0.50000,0.99602,-1.19968,0.0095,0.642,0.9898,-1.1926,-0.2161,1.3576,0.19360,0.51161,10.26,8.74,46.97,0.9244
26143,TRACKING,0.20192,0.90853,0.61040,0.71601,0.20000,0.50000,0.99602,-1.19968,0.0095,0.663,0.9898,-1.1926,-0.2625,1.4934,0.18889,0.52029,9.20,10.63,44.65,0.9289
26153,TRACKING,0.22292,0.92064,0.63229,0.73276,0.20000,0.50000,0.99602,-1.19968,0.0095,0.571,0.9898,-1.1926,-0.2440,1.4934,0.18938,0.51951,8.27,9.06,35.83,0.9502
26163,TRACKING,0.23992,0.93098,0.64771,0.74267,0.20000,0.50000,0.99602,-1.19968,0.0095,0.634,0.9898,-1.1926,-0.2440,1.4934,0.18964,0.51908,9.07,9.06,30.69,0.9636
26173,TRACKING,0.26115,0.92727,0.66743,0.73606,0.20000,0.50000,0.99602,-1.19968,0.0095,0.703,0.9898,-1.1926,-0.2240,1.4934,0.18986,0.51871,6.64,7.46,31.88,0.9624
26183,TRACKING,0.24086,0.91523,0.63511,0.72283,0.20000,0.50000,0.99602,-1.19968,0.0095,0.621,0.9898,-1.1926,-0.2392,1.4934,0.19054,0.51762,10.58,9.74,40.28,0.9412
26193,TRACKING,0.10548,0.67252,0.49619,0.41458,0.20000,0.42392,0.92745,-0.92811,0.1069,0.626,0.9413,-0.9907,-0.3139,1.4754,0.18871,0.52033,18.81,17.42,109.34,0.6113
26203,TRACKING,0.16454,0.43178,0.56290,0.22743,0.20000,0.35841,0.91235,-0.72734,0.0163,0.680,0.9173,-0.7366,-0.2274,1.4947,0.18068,0.48743,4.52,6.48,127.07,0.4461
26213,TRACKING,0.05618,0.32896,0.43721,0.09925,0.20000,0.31355,0.93235,-0.60730,0.0524,0.681,0.9258,-0.6381,-0.1397,1.4947,0.19541,0.43339,-3.28,-1.50,150.27,0.2910
26223,TRACKING,0.06127,0.19986,0.48479,0.01102,0.20000,0.28581,0.96047,-0.54111,0.0099,0.616,0.9530,-0.5477,-0.2535,1.4947,0.20979,0.37157,15.95,13.39,154.09,0.2161
26233,TRACKING,0.19199,0.23735,0.62942,0.05764,0.20000,0.29899,0.94544,-0.57172,0.0128,0.778,0.9530,-0.5656,-0.3404,1.4947,0.20713,0.33662,22.64,20.51,140.77,0.3339
26243,TRACKING,0.33637,0.22128,0.76331,0.02770,0.20000,0.28851,0.95713,-0.54724,0.0082,0.609,0.9530,-0.5543,-0.4350,1.4947,0.20457,0.32957,30.84,28.19,131.68,0.4188
26253,TRACKING,0.38394,0.16116,0.80816,-0.03705,0.20000,0.27985,0.96833,-0.52777,0.0125,0.633,0.9607,-0.5338,-0.4949,1.4947,0.20313,0.33085,34.90,33.46,130.04,0.4307
26263,TRACKING,0.42891,0.14745,0.83893,-0.04555,0.20000,0.27687,0.97251,-0.52124,0.0124,0.712,0.9675,-0.5267,-0.5068,1.4947,0.20382,0.32684,32.15,32.71,131.78,0.4569
26273,TRACKING,0.39067,0.13754,0.78920,-0.05487,0.20000,0.27361,0.97730,-0.51418,0.0113,0.598,0.9707,-0.5197,-0.4367,1.4947,0.20493,0.32101,22.62,25.24,139.72,0.4068
26283,TRACKING,0.27408,0.12072,0.65743,-0.08670,0.20000,0.26247,0.99527,-0.49087,0.0215,0.630,0.9871,-0.5009,-0.3475,0.9525,0.20623,0.30560,17.41,18.37,156.27,0.2723
26293,TRACKING,0.24913,0.08154,0.65809,-0.10568,0.20000,0.25582,1.00723,-0.47757,0.0027,0.679,1.0069,-0.4749,-0.4328,-1.3943,0.20837,0.29014,29.33,27.85,154.65,0.2663
26303,TRACKING,0.24982,0.10645,0.65358,-0.07327,0.20000,0.26717,0.98737,-0.50055,0.0146,0.608,0.9931,-0.4939,-0.4562,-0.8506,0.20845,0.29447,30.49,29.48,152.12,0.2742
26313,TRACKING,0.28054,0.15749,0.68761,-0.02910,0.20000,0.28263,0.96458,-0.53394,0.0084,0.625,0.9702,-0.5277,-0.5344,0.8417,0.20522,0.32389,35.24,35.36,145.89,0.3248
26323,TRACKING,0.28575,0.16705,0.68791,-0.02205,0.20000,0.28509,0.96138,-0.53949,0.0076,0.723,0.9668,-0.5342,-0.5344,0.8830,0.20462,0.32807,35.42,35.36,145.46,0.3286
26333,TRACKING,0.26742,0.15782,0.66825,-0.03526,0.20000,0.28047,0.96748,-0.52915,0.0051,0.632,0.9668,-0.5342,-0.5344,0.7886,0.20413,0.32997,34.88,35.92,148.19,0.3049
26343,TRACKING,0.25871,0.15305,0.66795,-0.03634,0.20000,0.28009,0.96799,-0.52831,0.0060,0.591,0.9668,-0.5342,-0.5299,0.6412,0.20418,0.32968,35.71,34.85,147.52,0.3041
26353,TRACKING,0.22918,0.14310,0.60809,-0.05104,0.20000,0.27495,0.97531,-0.51707,0.0129,0.707,0.9702,-0.5229,-0.5292,0.6213,0.20406,0.32858,39.02,35.97,155.79,0.2457
26363,TRACKING,-0.52457,0.03723,-0.33701,-0.17314,0.45079,0.23221,1.94142,-1.36898,0.4934,0.534,1.7459,-1.1467,-0.3430,-1.1569,0.21631,0.32318,0.00,12.64,89.72,0.7427
26373,TRACKING,-0.92793,-0.02213,-0.55241,-0.21765,0.47000,0.21663,2.02603,-1.44397,0.0068,0.622,2.0205,-1.4401,-0.2382,-1.1216,0.25329,0.31806,23.60,13.20,36.75,0.9583
26383,TRACKING,-0.97527,0.02088,-0.56773,-0.15216,0.47000,0.23956,1.99406,-1.46903,0.0146,0.400,2.0004,-1.4630,-0.3355,0.8097,0.29113,0.32786,21.06,19.13,31.98,0.9739
26393,TRACKING,-0.98918,0.07239,-0.58371,-0.11984,0.47000,0.25087,1.97984,-1.48346,0.0019,0.631,1.9816,-1.4826,-0.3330,0.6187,0.33132,0.33339,9.99,15.60,18.61,0.9917
26403,TRACKING,-0.99122,0.07841,-0.58545,-0.11207,0.47000,0.25359,1.97657,-1.48713,0.0067,0.636,1.9816,-1.4826,-0.3620,0.3251,0.37154,0.32589,25.47,22.58,15.06,0.9940
26413,TRACKING,-0.99149,0.09861,-0.58566,-0.08792,0.47000,0.26204,1.96682,-1.49907,0.0094,0.659,1.9730,-1.4920,-0.4997,0.6933,0.41072,0.32641,35.94,34.66,13.22,0.9964
26423,TRACKING,-0.99369,0.08988,-0.58901,-0.10643,0.47000,0.25556,1.97425,-1.48985,0.0077,0.601,1.9697,-1.4961,-0.5369,0.9984,0.44733,0.32627,28.04,32.65,8.58,0.9980
26433,TRACKING,-0.99056,0.10716,-0.58565,-0.09029,0.47000,0.26121,1.96775,-1.49786,0.0114,0.621,1.9629,-1.5027,-0.2826,-0.6215,0.47529,0.30547,14.49,11.45,12.05,0.9961
26443,TRACKING,-0.96297,0.05979,-0.54453,-0.13058,0.47000,0.24711,1.98445,-1.47851,0.0044,0.672,1.9815,-1.4818,-0.0662,-1.4619,0.47610,0.28063,-6.84,-7.88,48.83,0.9519
26453,TRACKING,-0.75947,0.04527,-0.30658,-0.14490,0.44014,0.24210,1.89312,-1.33185,0.0953,0.615,1.9258,-1.3788,-0.1597,-1.1254,0.47245,0.25265,20.72,8.38,130.08,0.7135
26463,TRACKING,-0.18501,0.09494,0.30290,-0.09960,0.24082,0.25795,1.18228,-0.60663,0.1816,0.716,1.2610,-0.6820,-0.3719,-0.9601,0.44607,0.27559,33.73,25.17,174.48,0.1367
26473,TRACKING,0.02003,0.10637,0.44842,-0.07934,0.20000,0.26504,0.99088,-0.49614,0.0218,0.710,1.0032,-0.5031,-0.4728,0.4820,0.40396,0.31265,32.09,30.11,165.17,0.1187
26483,TRACKING,0.09961,0.09927,0.52640,-0.09655,0.20000,0.25902,1.00136,-0.48391,0.0109,0.643,0.9937,-0.4918,-0.5040,0.7109,0.36451,0.32072,36.79,34.67,162.24,0.1528
26493,TRACKING,0.16592,0.10693,0.57754,-0.08089,0.20000,0.26450,0.99180,-0.49503,0.0086,0.633,0.9971,-0.4883,-0.5760,0.7946,0.32454,0.32779,40.53,40.40,157.28,0.2037
26503,TRACKING,0.18514,0.10672,0.58509,-0.08527,0.20000,0.26297,0.99441,-0.49189,0.0027,0.672,0.9971,-0.4916,-0.5614,0.7370,0.28450,0.32672,40.30,38.57,158.17,0.2079
26513,TRACKING,0.20123,0.10193,0.60900,-0.08917,0.20000,0.26160,0.99677,-0.48911,0.0026,0.586,0.9971,-0.4916,-0.6078,0.9641,0.24435,0.31919,43.15,43.12,156.19,0.2271
26523,TRACKING,0.19952,0.09033,0.60094,-0.10807,0.20000,0.25499,1.00880,-0.47594,0.0169,0.600,1.0018,-0.4833,-0.6140,1.0379,0.20874,0.31578,36.79,41.71,159.71,0.2119
26533,TRACKING,0.13082,0.06139,0.53834,-0.12816,0.20000,0.24796,1.02265,-0.46245,0.0004,0.787,1.0225,-0.4629,-0.3341,-0.3352,0.20986,0.29229,4.78,12.40,162.54,0.1465
26543,TRACKING,0.14893,-0.02858,0.53714,-0.23433,0.20000,0.21080,1.11517,-0.40093,0.0212,0.601,1.1041,-0.4073,0.0177,0.7521,0.20968,0.26084,-19.58,-17.37,167.03,0.1390
26553,TRACKING,0.03561,0.05912,0.45741,-0.10281,0.20000,0.25683,1.00536,-0.47955,0.0384,0.593,1.0233,-0.4651,0.1535,1.4925,0.20375,0.23169,-25.53,-26.52,168.62,0.1015
26563,TRACKING,0.10558,0.12892,0.52614,-0.05693,0.20000,0.27289,0.97838,-0.51263,0.0098,0.648,0.9839,-0.5078,0.2067,1.4925,0.19471,0.25448,-30.56,-31.35,160.45,0.1796
26573,TRACKING,0.21224,0.14624,0.64665,-0.03767,0.20000,0.27963,0.96863,-0.52729,0.0115,0.587,0.9737,-0.5195,0.2116,1.4925,0.19112,0.25326,-29.71,-30.66,145.28,0.2852
26583,TRACKING,0.27206,0.10451,0.68061,-0.09824,0.20000,0.25843,1.00243,-0.48273,0.0164,0.629,0.9960,-0.4902,0.0053,1.4925,0.19502,0.26334,-1.96,-8.75,146.91,0.2900
26593,TRACKING,0.19142,0.03510,0.58635,-0.15643,0.20000,0.23806,1.04404,-0.44441,0.0026,0.793,1.0423,-0.4464,-0.2225,-0.9548,0.20338,0.25771,11.52,9.98,159.27,0.1840
26603,TRACKING,0.16157,0.03218,0.56312,-0.15542,0.20000,0.23842,1.04323,-0.44504,0.0039,0.712,1.0465,-0.4430,-0.2463,-1.4567,0.20852,0.25758,8.86,9.33,161.59,0.1614
26613,TRACKING,0.13954,0.05878,0.53640,-0.13326,0.20000,0.24617,1.02634,-0.45911,0.0010,0.719,1.0258,-0.4582,-0.2337,-1.2306,0.20753,0.26470,10.12,9.03,164.21,0.1427
26623,TRACKING,0.13097,0.07452,0.53840,-0.10947,0.20000,0.25450,1.00973,-0.47498,0.0125,0.682,1.0149,-0.4696,-0.2337,-1.0144,0.20748,0.26620,8.01,9.03,161.96,0.1554
26633,TRACKING,0.12611,0.07579,0.52840,-0.11430,0.20000,0.25281,1.01298,-0.47169,0.0029,0.691,1.0149,-0.4696,-0.2299,-0.9808,0.20702,0.27154,7.34,7.92,163.83,0.1444
26643,TRACKING,0.10819,0.06554,0.50861,-0.12671,0.20000,0.24846,1.02161,-0.46340,0.0091,0.712,1.0149,-0.4696,-0.1967,-1.3250,0.20653,0.26954,2.49,4.53,166.82,0.1210
26653,TRACKING,-0.00533,0.06173,0.35071,-0.13128,0.22409,0.24686,1.13366,-0.53449,0.1072,0.796,1.0782,-0.5018,-0.0662,-1.4950,0.20476,0.26327,-14.32,-9.28,178.39,0.0803
26663,TRACKING,-0.19261,0.03239,0.18932,-0.15658,0.28058,0.23801,1.37531,-0.70628,0.0515,0.823,1.3530,-0.6849,0.0250,1.3603,0.23185,0.25887,-13.71,-14.89,169.47,0.2187
26673,TRACKING,-0.27967,0.00844,0.11053,-0.18384,0.30815,0.22847,1.49201,-0.79047,0.0368,0.623,1.4755,-0.7759,0.0749,1.4935,0.26615,0.26146,-18.19,-19.07,155.42,0.2950
26683,TRACKING,-0.36703,-0.05305,0.02886,-0.25006,0.33674,0.20529,1.63502,-0.87072,0.0235,1.015,1.6231,-0.8632,-0.0027,-0.9100,0.30428,0.25516,-9.44,-10.57,140.12,0.3814
26693,TRACKING,-0.40281,-0.05704,-0.00493,-0.24459,0.33984,0.20720,1.64055,-0.88420,0.0070,0.819,1.6435,-0.8779,-0.0574,-1.4941,0.33249,0.23242,-5.83,-6.54,134.15,0.4140
26703,TRACKING,-0.44012,-0.02955,-0.03856,-0.21849,0.34634,0.21634,1.64178,-0.91777,0.0086,0.622,1.6364,-0.9111,-0.0574,-1.4941,0.34467,0.21589,-6.98,-6.54,129.18,0.4449
26713,TRACKING,-0.43292,-0.01315,-0.02539,-0.19687,0.34173,0.22391,1.61191,-0.90842,0.0103,0.726,1.6179,-0.9111,-0.0492,-0.4026,0.34832,0.22168,-12.05,-9.58,131.53,0.4309
26723,TRACKING,-0.44647,-0.00482,-0.03942,-0.19779,0.34663,0.22358,1.62826,-0.92660,0.0041,0.633,1.6249,-0.9288,0.0353,-1.2852,0.34608,0.22633,-21.11,-17.73,132.91,0.4450
26733,TRACKING,-0.42546,-0.01766,-0.01574,-0.20992,0.33984,0.21934,1.61504,-0.89635,0.0064,0.844,1.6174,-0.9023,0.1440,-1.4940,0.33811,0.21590,-24.82,-25.70,136.92,0.4217
26743,TRACKING,-0.41517,-0.02367,-0.01047,-0.21468,0.33984,0.21767,1.61845,-0.89459,0.0078,1.055,1.6174,-0.9023,0.1221,-1.4940,0.33289,0.21029,-21.48,-22.41,136.66,0.4167
26753,TRACKING,-0.43329,-0.03488,-0.02872,-0.22685,0.34289,0.21341,1.63695,-0.90175,0.0072,0.850,1.6303,-0.8989,0.1184,-1.4940,0.33425,0.20836,-23.27,-22.84,134.68,0.4358
26763,TRACKING,-0.41122,-0.03920,-0.00630,-0.22793,0.33984,0.21303,1.62810,-0.88984,0.0055,0.721,1.6303,-0.8949,0.1184,-1.4940,0.33397,0.20542,-22.62,-22.84,137.69,0.4135
26773,TRACKING,-0.41837,-0.03307,-0.01606,-0.21964,0.33984,0.21594,1.62203,-0.89278,0.0085,0.883,1.6270,-0.8949,0.1184,-1.4940,0.33395,0.20537,-21.38,-22.33,136.80,0.4226
26783,TRACKING,-0.43148,-0.01354,-0.02786,-0.19935,0.34259,0.22304,1.61544,-0.91000,0.0115,0.426,1.6234,-0.9050,0.1078,-1.4940,0.33406,0.20821,-20.15,-21.24,136.67,0.4334
26793,TRACKING,-0.43327,-0.00307,-0.02681,-0.19423,0.34222,0.22483,1.61111,-0.91167,0.0066,0.392,1.6167,-0.9083,0.1026,-1.4940,0.33611,0.21435,-19.83,-20.78,136.86,0.4323
26803,TRACKING,-0.43094,-0.00728,-0.02535,-0.19762,0.34171,0.22364,1.61239,-0.90808,0.0011,0.819,1.6135,-0.9083,0.0933,-1.4940,0.33656,0.21507,-20.56,-20.17,137.16,0.4309
26813,TRACKING,-0.42532,-0.00740,-0.01940,-0.19812,0.33984,0.22347,1.60672,-0.90084,0.0100,0.701,1.6135,-0.9083,0.0933,-1.4940,0.33657,0.21647,-19.42,-20.17,137.50,0.4249
26823,TRACKING,-0.42262,-0.01762,-0.01243,-0.21026,0.33984,0.21922,1.61528,-0.89622,0.0056,0.820,1.6135,-0.9016,0.0939,-1.1658,0.33650,0.21622,-27.76,-22.12,138.37,0.4184
26833,TRACKING,-0.42028,0.00041,-0.01408,-0.18487,0.33984,0.22811,1.59797,-0.90687,0.0101,0.580,1.6031,-0.9016,0.2491,-0.5162,0.32949,0.20948,-38.63,-36.31,139.65,0.4196
26843,TRACKING,-0.41608,0.01284,-0.01005,-0.17766,0.33984,0.23063,1.59212,-0.90925,0.0060,0.593,1.5962,-0.9048,0.2509,-0.3124,0.32289,0.20922,-34.23,-34.29,139.70,0.4157
26853,TRACKING,-0.41707,0.01364,-0.01080,-0.17522,0.33984,0.23148,1.59071,-0.91024,0.0077,0.428,1.5962,-0.9048,0.2700,-0.4355,0.32399,0.21084,-37.83,-36.99,139.73,0.4165
26863,TRACKING,-0.41639,0.01678,-0.01119,-0.17449,0.33984,0.23174,1.59029,-0.91053,0.0082,0.510,1.5962,-0.9048,0.2735,-0.5911,0.32190,0.20911,-37.49,-36.39,139.39,0.4169
26873,TRACKING,-0.40836,0.01780,-0.00312,-0.16976,0.33984,0.23339,1.58758,-0.91246,0.0115,0.562,1.5928,-0.9048,0.2886,-0.8515,0.32174,0.20899,-39.42,-38.91,140.63,0.4091
26883,TRACKING,-0.41362,0.01013,-0.00981,-0.18452,0.33984,0.22823,1.59736,-0.90624,0.0048,0.821,1.5928,-0.9048,0.3863,-0.0823,0.31923,0.20834,-53.20,-50.02,138.82,0.4153
26893,TRACKING,-0.40925,0.04657,0.00014,-0.14227,0.33984,0.24302,1.56955,-0.92437,0.0080,0.513,1.5746,-0.9182,0.2738,1.4904,0.31905,0.21411,-32.90,-35.52,143.22,0.4081
26903,TRACKING,-0.39251,0.04976,0.01528,-0.13905,0.33984,0.24414,1.56816,-0.92645,0.0082,0.419,1.5746,-0.9214,0.2196,1.4943,0.32611,0.22313,-31.57,-31.39,143.37,0.3935
26913,TRACKING,-0.37792,0.05056,0.03126,-0.13836,0.33590,0.24439,1.55439,-0.91174,0.0154,0.649,1.5615,-0.9176,0.1993,1.4943,0.32707,0.22571,-29.86,-29.54,145.61,0.3777
26923,TRACKING,-0.37627,0.04442,0.02823,-0.14600,0.33696,0.24171,1.56269,-0.91213,0.0052,1.050,1.5578,-0.9139,0.2002,1.4943,0.32549,0.22926,-29.54,-29.70,143.85,0.3798
26933,TRACKING,-0.39043,0.05083,0.00794,-0.13603,0.33984,0.24520,1.56602,-0.92742,0.0072,0.606,1.5615,-0.9219,0.1860,1.4943,0.32784,0.23110,-30.50,-29.59,141.96,0.4012
26943,TRACKING,-0.39326,0.04607,0.01571,-0.14561,0.33984,0.24185,1.57196,-0.92300,0.0070,0.626,1.5650,-0.9219,0.2033,1.4943,0.32747,0.22941,-30.72,-31.08,144.10,0.3923
26953,TRACKING,-0.38737,0.04234,0.01390,-0.14745,0.33984,0.24120,1.57311,-0.92217,0.0060,0.996,1.5685,-0.9182,0.2033,1.4943,0.32740,0.22891,-31.00,-31.08,142.08,0.3939
26963,TRACKING,-0.39124,0.03361,0.01864,-0.15740,0.33984,0.23772,1.57944,-0.91772,0.0041,0.593,1.5754,-0.9182,0.0429,1.4943,0.32827,0.22685,1.11,-8.85,143.58,0.3882
26973,TRACKING,-0.37126,0.02266,0.03437,-0.17169,0.33481,0.23272,1.57233,-0.89283,0.0047,0.809,1.5711,-0.8974,-0.2431,0.4335,0.33808,0.23864,11.74,10.94,143.36,0.3715
26983,TRACKING,-0.36136,0.01917,0.04618,-0.17018,0.33068,0.23325,1.55773,-0.87818,0.0101,0.907,1.5638,-0.8831,-0.2826,0.3297,0.34407,0.25135,14.52,13.63,144.95,0.3598
26993,TRACKING,-0.36301,0.01778,0.04329,-0.17214,0.33169,0.23256,1.56237,-0.88107,0.0024,1.135,1.5638,-0.8831,-0.2826,0.5135,0.34337,0.25552,13.73,13.63,144.84,0.3626
27003,TRACKING,-0.33630,0.02110,0.07733,-0.17066,0.31977,0.23308,1.52182,-0.83809,0.0198,0.607,1.5288,-0.8476,-0.2666,-1.3612,0.34015,0.25608,11.12,11.26,147.76,0.3287
27013,TRACKING,-0.34262,0.02115,0.05679,-0.16442,0.32696,0.23526,1.54156,-0.86704,0.0167,0.871,1.5363,-0.8585,-0.1030,0.9734,0.32895,0.24808,-4.01,-4.81,145.34,0.3496
27023,TRACKING,-0.33891,0.03813,0.07146,-0.15009,0.32183,0.24028,1.51486,-0.85480,0.0156,0.618,1.5226,-0.8601,-0.0358,1.4947,0.32974,0.24275,-8.53,-9.39,148.30,0.3364
27033,TRACKING,-0.33590,0.01685,0.07396,-0.17680,0.32095,0.23093,1.53004,-0.83972,0.0131,0.597,1.5309,-0.8476,0.0227,1.4947,0.32245,0.23783,0.53,-10.46,147.53,0.3318
27043,TRACKING,-0.33354,0.02430,0.04891,-0.16760,0.32972,0.23415,1.55284,-0.87579,0.0585,0.692,1.5277,-0.8513,-0.3185,1.4947,0.31750,0.24398,-1.27,9.67,142.93,0.3573
27053,TRACKING,-0.38973,0.01020,0.01075,-0.19096,0.33984,0.22598,1.60176,-0.90366,0.0137,0.716,1.5935,-0.9043,0.1991,1.4947,0.34110,0.24690,-46.66,-36.67,139.35,0.3947
27063,TRACKING,-0.40624,0.02401,0.02075,-0.14841,0.33958,0.24087,1.57286,-0.92076,0.0212,0.631,1.5845,-0.9156,-0.2015,1.3281,0.33574,0.21678,34.11,19.46,143.64,0.3870
27073,TRACKING,-0.41928,-0.03304,-0.02433,-0.24142,0.34136,0.20832,1.64290,-0.89098,0.0222,0.945,1.6298,-0.8944,-0.4637,1.4952,0.34568,0.24471,16.82,23.28,133.36,0.4329
27083,TRACKING,-0.51672,-0.08000,-0.10250,-0.25784,0.36872,0.20257,1.73919,-0.99152,0.0323,0.668,1.7557,-1.0016,0.1727,0.4348,0.37250,0.21957,-33.29,-31.16,125.98,0.5125
27093,TRACKING,-0.43303,0.00746,-0.00756,-0.16036,0.33984,0.23669,1.58135,-0.91642,0.0393,0.638,1.6043,-0.9217,0.0729,-0.8170,0.35414,0.20900,-1.86,-11.78,139.55,0.4141
27103,TRACKING,-0.35243,0.00712,0.05823,-0.18834,0.32646,0.22689,1.55637,-0.85504,0.0091,0.724,1.5583,-0.8603,-0.6462,1.4687,0.34115,0.23974,60.38,54.40,143.81,0.3472
27113,TRACKING,-0.36704,0.00611,0.03973,-0.18455,0.33293,0.22822,1.57494,-0.88050,0.0012,0.828,1.5739,-0.8810,-0.8150,1.4932,0.34402,0.25165,62.12,61.56,142.56,0.3658
27123,TRACKING,-0.35874,0.02250,0.04852,-0.16637,0.32986,0.23458,1.55247,-0.87682,0.0104,0.621,1.5582,-0.8810,-0.8190,1.4932,0.34710,0.27307,62.81,62.00,144.08,0.3577
27133,TRACKING,-0.35604,0.01839,0.05029,-0.17143,0.32924,0.23281,1.55383,-0.87236,0.0069,0.675,1.5582,-0.8778,-0.8190,1.4932,0.34565,0.29413,61.53,61.55,144.50,0.3557
27143,TRACKING,-0.35872,0.01750,0.04291,-0.17149,0.33182,0.23279,1.56238,-0.88185,0.0059,0.606,1.5582,-0.8778,-0.8190,1.4932,0.34395,0.30405,60.11,61.05,142.65,0.3630
27153,TRACKING,-0.40954,-0.03331,-0.00408,-0.23105,0.33984,0.21194,1.63040,-0.88875,0.0095,0.887,1.6247,-0.8885,-0.0878,1.4932,0.35137,0.28565,-29.24,-15.66,138.24,0.4116
27163,TRACKING,-0.41027,-0.04303,-0.00815,-0.23357,0.33984,0.21106,1.63227,-0.88789,0.0076,0.942,1.6247,-0.8885,0.3285,-0.3369,0.35654,0.25368,-46.51,-44.13,135.19,0.4159
27173,TRACKING,-0.40784,-0.03692,-0.00170,-0.22739,0.33984,0.21322,1.62770,-0.89003,0.0016,0.721,1.6283,-0.8885,0.3825,-0.7698,0.35204,0.23461,-48.53,-47.45,136.12,0.4089
27183,TRACKING,-0.40755,-0.03588,-0.00304,-0.22613,0.33984,0.21367,1.62677,-0.89047,0.0024,0.928,1.6283,-0.8885,0.3902,-1.3609,0.34317,0.21747,-49.06,-47.92,135.91,0.4101
27193,TRACKING,-0.41004,-0.03646,-0.00314,-0.22646,0.33984,0.21355,1.62701,-0.89036,0.0022,0.937,1.6283,-0.8885,0.3902,-1.3237,0.33127,0.20307,-47.08,-47.36,135.80,0.4102
27203,TRACKING,-0.42448,-0.03897,-0.02645,-0.22870,0.34210,0.21277,1.63579,-0.89810,0.0092,0.886,1.6283,-0.8928,0.3854,-0.9133,0.31742,0.19231,-45.51,-46.70,131.98,0.4336
27213,TRACKING,-0.43022,-0.04414,-0.02010,-0.23395,0.33987,0.21093,1.63266,-0.88789,0.0143,0.765,1.6384,-0.8943,0.3494,-0.9195,0.31768,0.18863,-43.55,-43.25,134.45,0.4278
27223,TRACKING,-0.42436,-0.05264,-0.01403,-0.24960,0.33984,0.20545,1.64436,-0.88257,0.0104,0.876,1.6414,-0.8886,0.3292,-1.4159,0.32089,0.18900,-31.49,-39.14,133.45,0.4237
27233,TRACKING,-0.35657,-0.04238,0.04264,-0.22307,0.33192,0.21474,1.59928,-0.86187,0.0234,0.787,1.5931,-0.8484,0.0819,0.9229,0.32012,0.19356,61.06,-17.70,140.88,0.3643
27243,TRACKING,-0.38498,-0.02751,0.01997,-0.21877,0.33984,0.21624,1.62140,-0.89310,0.0092,0.846,1.6137,-0.8881,0.0683,1.4942,0.33346,0.21336,66.07,-17.70,138.96,0.3866
27253,TRACKING,-0.38915,-0.03655,0.01554,-0.22728,0.33984,0.21327,1.62761,-0.89007,0.0065,0.947,1.6215,-0.8881,0.0683,1.4942,0.33491,0.20991,64.82,-17.70,137.96,0.3917
27263,TRACKING,-0.38869,-0.03636,0.01865,-0.22541,0.33984,0.21392,1.62624,-0.89073,0.0030,0.839,1.6248,-0.8881,0.0683,1.4942,0.33522,0.20876,64.71,-17.70,139.08,0.3884
27273,TRACKING,-0.38173,-0.01681,0.03372,-0.20344,0.33504,0.22161,1.59501,-0.88082,0.0203,0.829,1.6053,-0.8874,0.0683,1.4942,0.33531,0.21116,47.88,-17.70,142.62,0.3720
27283,TRACKING,-0.40404,-0.03911,0.00234,-0.23782,0.33984,0.20957,1.63544,-0.88645,0.0114,0.914,1.6297,-0.8926,-0.0804,1.4942,0.33798,0.22442,-19.78,-10.89,136.58,0.4060
27293,TRACKING,-0.38142,-0.04204,0.02267,-0.23317,0.33890,0.21120,1.62902,-0.88450,0.0030,0.723,1.6261,-0.8852,0.1720,1.4942,0.33619,0.20875,-29.82,-29.03,138.32,0.3852
27303,TRACKING,-0.38250,-0.04212,0.02189,-0.23154,0.33918,0.21177,1.62867,-0.88609,0.0027,0.871,1.6261,-0.8852,0.1858,1.4942,0.32771,0.20024,-30.59,-29.58,138.42,0.3858
27313,TRACKING,-0.36041,-0.07978,0.07251,-0.29010,0.32146,0.19128,1.61991,-0.80157,0.0541,0.889,1.6285,-0.8329,0.1569,1.4942,0.32825,0.19971,0.00,-24.91,141.65,0.3477
27323,TRACKING,-0.38167,-0.05918,0.01994,-0.25219,0.33984,0.20455,1.64635,-0.88174,0.0121,0.840,1.6411,-0.8768,0.1466,1.4942,0.32568,0.19764,62.50,-24.91,137.52,0.3905
27333,TRACKING,-0.38421,-0.06223,0.01864,-0.24962,0.33984,0.20545,1.64437,-0.88257,0.0067,0.850,1.6411,-0.8768,0.1466,1.4942,0.32926,0.19502,60.68,-24.91,137.08,0.3914
27343,TRACKING,-0.36931,-0.05382,0.03901,-0.24393,0.33318,0.20744,1.61911,-0.85938,0.0095,0.927,1.6255,-0.8665,0.1466,1.4942,0.32776,0.19565,60.16,-24.91,140.23,0.3704
27353,TRACKING,-0.38317,-0.07725,0.01347,-0.28087,0.33984,0.19451,1.66890,-0.87318,0.0250,0.829,1.6542,-0.8682,0.1466,1.4942,0.32558,0.19552,44.42,-24.91,136.97,0.4024
27363,TRACKING,-0.40292,-0.09012,-0.00021,-0.27570,0.33984,0.19632,1.66476,-0.87464,0.0079,0.812,1.6694,-0.8682,0.1466,1.4942,0.32970,0.18144,59.02,-24.91,138.65,0.4146
27373,TRACKING,-0.41247,-0.09121,-0.00499,-0.27986,0.33984,0.19486,1.66809,-0.87346,0.0054,1.012,1.6694,-0.8682,0.1466,1.4942,0.32935,0.18340,55.16,-24.91,137.53,0.4202
27383,TRACKING,-0.39311,-0.09511,0.01230,-0.27328,0.33984,0.19716,1.66236,-0.87537,0.0160,0.446,1.6701,-0.8697,-0.1552,1.4942,0.33534,0.18893,-15.54,-2.17,136.45,0.4019
27393,TRACKING,-0.37228,-0.03328,0.03517,-0.21595,0.33453,0.21723,1.60240,-0.87421,0.0098,1.186,1.6083,-0.8733,0.1624,1.4942,0.33467,0.20405,-27.87,-27.68,138.59,0.3712
27403,TRACKING,-0.38545,-0.03790,0.01125,-0.22894,0.33984,0.21268,1.62884,-0.88949,0.0107,1.510,1.6239,-0.8827,0.1660,1.4942,0.32781,0.20487,-27.99,-27.68,133.06,0.3961
27413,TRACKING,-0.43310,-0.08358,-0.04719,-0.29030,0.34935,0.19121,1.70532,-0.90699,0.0526,0.850,1.6773,-0.8924,0.3339,1.1177,0.32573,0.19147,-54.97,-46.79,120.47,0.4636
27423,TRACKING,-0.48011,-0.10435,-0.07048,-0.28541,0.35751,0.19292,1.72578,-0.94110,0.0159,0.412,1.7351,-0.9444,0.4894,1.1952,0.32631,0.16354,-56.99,-56.78,123.58,0.4854
27433,LOST_SHORT,-0.48721,-0.11777,-0.09686,-0.32335,0.36674,0.17964,1.78305,-0.96694,0.0481,0.627,1.7577,-0.9531,0.4290,0.7645,0.32194,0.16677,0.00,-47.16,120.84,0.0000
27443,TRACKING,-0.40260,-0.07008,0.01566,-0.24895,0.33984,0.20568,1.64386,-0.88278,0.0204,0.805,1.6557,-0.8884,0.0261,1.4603,0.33260,0.17761,55.22,-12.34,135.12,0.3942
27453,TRACKING,-0.39849,-0.04508,0.00663,-0.23393,0.33984,0.21094,1.63254,-0.88776,0.0064,0.814,1.6389,-0.8884,0.0065,1.4948,0.33558,0.20234,54.74,-12.34,134.46,0.4013
27463,TRACKING,-0.40236,-0.03866,0.00380,-0.22728,0.33984,0.21326,1.62765,-0.89128,0.0083,0.656,1.6354,-0.8884,0.0065,1.4948,0.33987,0.20918,56.79,-12.34,134.32,0.4034
27473,TRACKING,-0.39616,-0.03855,0.01323,-0.22882,0.33984,0.21272,1.62861,-0.89073,0.0072,0.440,1.6354,-0.8884,0.0065,1.4948,0.33981,0.20954,54.66,-12.34,135.83,0.3942
27483,TRACKING,-0.43754,-0.03175,-0.03871,-0.22095,0.34639,0.21548,1.64371,-0.91709,0.0116,0.634,1.6361,-0.9118,-0.3231,1.4948,0.34493,0.21822,12.83,16.10,128.42,0.4453
27493,TRACKING,-0.44729,-0.03565,-0.04435,-0.22107,0.34836,0.21544,1.65000,-0.92456,0.0084,0.671,1.6507,-0.9195,-0.0826,1.4948,0.35293,0.22213,-5.44,-5.43,128.18,0.4509
27503,TRACKING,-0.44817,-0.04011,-0.03987,-0.22491,0.34679,0.21409,1.64783,-0.91724,0.0067,0.627,1.6542,-0.9195,-0.0692,1.4948,0.35140,0.21769,-6.59,-6.62,129.32,0.4467
27513,TRACKING,-0.44998,-0.04072,-0.04517,-0.22702,0.34865,0.21335,1.65517,-0.92358,0.0041,0.622,1.6556,-0.9195,-0.0692,1.4948,0.35102,0.21887,-7.30,-6.62,128.12,0.4522
27523,TRACKING,-0.44806,-0.04024,-0.04302,-0.23466,0.34790,0.21068,1.65836,-0.91809,0.0051,0.729,1.6535,-0.9195,-0.0569,1.4948,0.35069,0.21996,-9.73,-8.08,127.81,0.4507
27533,TRACKING,-0.44661,-0.07069,-0.03218,-0.26244,0.34410,0.20096,1.66746,-0.89475,0.0202,0.608,1.6742,-0.9048,0.2867,1.4948,0.35205,0.20001,-49.10,-43.17,128.34,0.4436
27543,TRACKING,-0.43921,-0.08891,-0.03368,-0.28187,0.34463,0.19416,1.68431,-0.89114,0.0087,0.825,1.6781,-0.8972,0.3980,1.4948,0.32820,0.18363,-47.76,-48.52,126.96,0.4487
27553,TRACKING,-0.44441,-0.09081,-0.04050,-0.28148,0.34701,0.19429,1.69125,-0.90038,0.0072,0.991,1.6847,-0.8972,0.3980,1.4948,0.31757,0.17433,-48.99,-48.52,126.35,0.4553
27563,TRACKING,-0.42541,-0.07567,0.00450,-0.26832,0.33984,0.19890,1.65890,-0.87679,0.0216,0.847,1.6640,-0.8887,0.1260,1.4948,0.32067,0.17413,0.00,-13.89,136.24,0.4085
27573,TRACKING,-0.41175,-0.07295,-0.00294,-0.26094,0.33984,0.20148,1.65198,-0.87896,0.0106,0.669,1.6568,-0.8720,0.0233,1.4948,0.32946,0.18737,65.94,-13.89,132.49,0.4145
27583,TRACKING,-0.41498,-0.07265,-0.01179,-0.26430,0.33984,0.20031,1.65574,-0.87799,0.0061,0.933,1.6568,-0.8720,0.0233,1.3688,0.33725,0.19647,63.30,-13.89,130.25,0.4238
27593,TRACKING,-0.42207,-0.07422,-0.01729,-0.26403,0.33984,0.20040,1.65553,-0.87808,0.0062,0.795,1.6568,-0.8720,0.0233,1.2754,0.33730,0.19653,63.09,-13.89,130.18,0.4292
27603,TRACKING,-0.43715,-0.16404,-0.03367,-0.41773,0.34462,0.14660,1.80324,-0.86601,0.0856,0.832,1.7527,-0.8752,-0.2418,1.4417,0.34095,0.19759,0.00,21.78,117.36,0.4947
27613,LOST_SHORT,-0.43728,-0.19517,-0.03206,-0.44296,0.34406,0.13778,1.82605,-0.86193,0.0745,0.803,1.7821,-0.8699,-0.2418,1.4417,0.35832,0.17160,0.00,21.78,61.21,0.0000
27623,TRACKING,0.09441,-0.77324,0.50204,-0.96106,0.20000,0.07000,1.75145,-0.36040,0.0113,0.820,1.7581,-0.3659,-0.2418,1.4417,0.33459,0.15289,0.00,21.78,90.13,0.7771
27633,TRACKING,-0.13605,-0.66271,0.21717,-0.84267,0.27083,0.07000,1.88607,-0.60630,0.0921,0.810,1.8598,-0.5577,-0.2418,1.4417,0.29474,0.11888,0.00,21.78,96.58,0.6793
27643,LOST_SHORT,-0.15795,-0.65995,0.20684,-0.84481,0.27445,0.07000,1.89305,-0.61920,0.0700,0.922,1.8731,-0.5823,-0.2418,1.4417,0.27540,0.12358,0.00,21.78,98.80,0.0000
27653,LOST_LONG,-0.15795,-0.65995,0.20684,-0.84481,0.27445,0.07000,1.89305,-0.61920,0.0700,0.922,1.8731,-0.5823,-0.2418,1.4417,0.27311,0.11437,0.00,21.78,109.10,0.0000
27663,LOST_LONG,-0.15795,-0.65995,0.20684,-0.84481,0.27445,0.07000,1.89305,-0.61920,0.0700,0.922,1.8731,-0.5823,-0.2418,1.4417,0.27325,0.10948,0.00,21.78,101.64,0.0000
27673,LOST_LONG,-0.15795,-0.65995,0.20684,-0.84481,0.27445,0.07000,1.89305,-0.61920,0.0700,0.922,1.8731,-0.5823,-0.0155,0.0927,0.26535,0.12460,0.00,21.78,117.90,0.0000
27683,LOST_LONG,-0.15795,-0.65995,0.20684,-0.84481,0.27445,0.07000,1.89305,-0.61920,0.0700,0.922,1.8731,-0.5823,-0.0118,0.0103,0.26595,0.11952,0.00,21.78,115.54,0.0000
27693,LOST_LONG,-0.15795,-0.65995,0.20684,-0.84481,0.27445,0.07000,1.89305,-0.61920,0.0700,0.922,1.8731,-0.5823,-0.0118,0.0103,0.26744,0.12000,0.00,21.78,108.35,0.0000
27703,LOST_LONG,-0.15795,-0.65995,0.20684,-0.84481,0.27445,0.07000,1.89305,-0.61920,0.0700,0.922,1.8731,-0.5823,-0.0118,0.0103,0.26853,0.12157,0.00,21.78,113.43,0.0000
27713,LOST_LONG,-0.15795,-0.65995,0.20684,-0.84481,0.27445,0.07000,1.89305,-0.61920,0.0700,0.922,1.8731,-0.5823,-0.0118,0.0103,0.27248,0.12605,0.00,21.78,124.57,0.0000
27723,LOST_LONG,-0.15795,-0.65995,0.20684,-0.84481,0.27445,0.07000,1.89305,-0.61920,0.0700,0.922,1.8731,-0.5823,-0.0118,0.0103,0.26238,0.12778,0.00,21.78,127.26,0.0000
27733,LOST_LONG,-0.15795,-0.65995,0.20684,-0.84481,0.27445,0.07000,1.89305,-0.61920,0.0700,0.922,1.8731,-0.5823,-0.0118,0.0103,0.24736,0.13993,0.00,21.78,128.16,0.0000
27743,LOST_LONG,-0.15795,-0.65995,0.20684,-0.84481,0.27445,0.07000,1.89305,-0.61920,0.0700,0.922,1.8731,-0.5823,-0.0118,0.0103,0.25131,0.13890,0.00,21.78,126.21,0.0000
27753,LOST_LONG,-0.15795,-0.65995,0.20684,-0.84481,0.27445,0.07000,1.89305,-0.61920,0.0700,0.922,1.8731,-0.5823,-0.0118,0.0103,0.26721,0.13861,0.00,21.78,127.33,0.0000
27763,LOST_LONG,-0.15795,-0.65995,0.20684,-0.84481,0.27445,0.07000,1.89305,-0.61920,0.0700,0.922,1.8731,-0.5823,-0.0118,0.0103,0.28771,0.13765,0.00,21.78,124.92,0.0000
27773,LOST_LONG,-0.15795,-0.65995,0.20684,-0.84481,0.27445,0.07000,1.89305,-0.61920,0.0700,0.922,1.8731,-0.5823,-0.0118,0.0103,0.30183,0.13772,0.00,21.78,125.61,0.0000
27783,LOST_LONG,-0.15795,-0.65995,0.20684,-0.84481,0.27445,0.07000,1.89305,-0.61920,0.0700,0.922,1.8731,-0.5823,-0.0118,0.0103,0.30511,0.13676,0.00,21.78,126.33,0.0000
27793,LOST_LONG,-0.15795,-0.65995,0.20684,-0.84481,0.27445,0.07000,1.89305,-0.61920,0.0700,0.922,1.8731,-0.5823,-0.0118,0.0103,0.30633,0.13749,0.00,21.78,129.74,0.0000
27803,LOST_LONG,-0.15795,-0.65995,0.20684,-0.84481,0.27445,0.07000,1.89305,-0.61920,0.0700,0.922,1.8731,-0.5823,-0.0118,0.0103,0.30690,0.13707,0.00,21.78,126.43,0.0000
27813,LOST_LONG,-0.15795,-0.65995,0.20684,-0.84481,0.27445,0.07000,1.89305,-0.61920,0.0700,0.922,1.8731,-0.5823,-0.0118,0.0103,0.30687,0.13689,0.00,21.78,126.79,0.0000
27823,LOST_LONG,-0.15795,-0.65995,0.20684,-0.84481,0.27445,0.07000,1.89305,-0.61920,0.0700,0.922,1.8731,-0.5823,-0.0118,0.0103,0.30723,0.13810,0.00,21.78,125.01,0.0000
27833,LOST_LONG,-0.15795,-0.65995,0.20684,-0.84481,0.27445,0.07000,1.89305,-0.61920,0.0700,0.922,1.8731,-0.5823,-0.0118,0.0103,0.30733,0.13869,0.00,21.78,125.83,0.0000
27843,LOST_LONG,-0.15795,-0.65995,0.20684,-0.84481,0.27445,0.07000,1.89305,-0.61920,0.0700,0.922,1.8731,-0.5823,-0.0118,0.0103,0.30707,0.13765,0.00,21.78,118.60,0.0000
27853,LOST_LONG,-0.15795,-0.65995,0.20684,-0.84481,0.27445,0.07000,1.89305,-0.61920,0.0700,0.922,1.8731,-0.5823,-0.0118,0.0103,0.30725,0.13767,0.00,21.78,128.09,0.0000
27863,LOST_LONG,-0.15795,-0.65995,0.20684,-0.84481,0.27445,0.07000,1.89305,-0.61920,0.0700,0.922,1.8731,-0.5823,-0.0118,0.0103,0.30693,0.13737,0.00,21.78,122.96,0.0000
27873,LOST_LONG,-0.15795,-0.65995,0.20684,-0.84481,0.27445,0.07000,1.89305,-0.61920,0.0700,0.922,1.8731,-0.5823,-0.0118,0.0103,0.30700,0.13812,0.00,21.78,123.47,0.0000
27883,LOST_LONG,-0.15795,-0.65995,0.20684,-0.84481,0.27445,0.07000,1.89305,-0.61920,0.0700,0.922,1.8731,-0.5823,-0.0118,0.0103,0.30719,0.13752,0.00,21.78,131.28,0.0000
27893,LOST_LONG,-0.15795,-0.65995,0.20684,-0.84481,0.27445,0.07000,1.89305,-0.61920,0.0700,0.922,1.8731,-0.5823,-0.0118,0.0103,0.30719,0.13836,0.00,21.78,126.80,0.0000
27903,LOST_LONG,-0.15795,-0.65995,0.20684,-0.84481,0.27445,0.07000,1.89305,-0.61920,0.0700,0.922,1.8731,-0.5823,-0.0118,0.0103,0.30560,0.13473,0.00,21.78,126.74,0.0000
27913,LOST_LONG,-0.15795,-0.65995,0.20684,-0.84481,0.27445,0.07000,1.89305,-0.61920,0.0700,0.922,1.8731,-0.5823,-0.0118,0.0103,0.30608,0.13691,0.00,21.78,125.94,0.0000
27923,LOST_LONG,-0.15795,-0.65995,0.20684,-0.84481,0.27445,0.07000,1.89305,-0.61920,0.0700,0.922,1.8731,-0.5823,-0.0118,0.0103,0.30610,0.13629,0.00,21.78,126.99,0.0000
27933,LOST_LONG,-0.15795,-0.65995,0.20684,-0.84481,0.27445,0.07000,1.89305,-0.61920,0.0700,0.922,1.8731,-0.5823,-0.0118,0.0103,0.30490,0.13270,0.00,21.78,128.72,0.0000
27943,LOST_LONG,-0.15795,-0.65995,0.20684,-0.84481,0.27445,0.07000,1.89305,-0.61920,0.0700,0.922,1.8731,-0.5823,-0.0118,0.0103,0.30726,0.13854,0.00,21.78,127.97,0.0000
27953,LOST_LONG,-0.15795,-0.65995,0.20684,-0.84481,0.27445,0.07000,1.89305,-0.61920,0.0700,0.922,1.8731,-0.5823,-0.0118,0.0103,0.30688,0.13679,0.00,21.78,126.66,0.0000
27963,LOST_LONG,-0.15795,-0.65995,0.20684,-0.84481,0.27445,0.07000,1.89305,-0.61920,0.0700,0.922,1.8731,-0.5823,-0.0118,0.0103,0.30660,0.13660,0.00,21.78,128.02,0.0000
27973,LOST_LONG,-0.15795,-0.65995,0.20684,-0.84481,0.27445,0.07000,1.89305,-0.61920,0.0700,0.922,1.8731,-0.5823,-0.0118,0.0103,0.30671,0.13820,0.00,21.78,128.91,0.0000
27983,LOST_LONG,-0.15795,-0.65995,0.20684,-0.84481,0.27445,0.07000,1.89305,-0.61920,0.0700,0.922,1.8731,-0.5823,-0.0118,0.0103,0.30736,0.13943,0.00,21.78,128.12,0.0000
27993,LOST_LONG,-0.15795,-0.65995,0.20684,-0.84481,0.27445,0.07000,1.89305,-0.61920,0.0700,0.922,1.8731,-0.5823,-0.0118,0.0103,0.30712,0.13826,0.00,21.78,129.29,0.0000
28003,LOST_LONG,-0.15795,-0.65995,0.20684,-0.84481,0.27445,0.07000,1.89305,-0.61920,0.0700,0.922,1.8731,-0.5823,-0.0118,0.0103,0.30719,0.13760,0.00,21.78,126.98,0.0000
28013,LOST_LONG,-0.15795,-0.65995,0.20684,-0.84481,0.27445,0.07000,1.89305,-0.61920,0.0700,0.922,1.8731,-0.5823,-0.0118,0.0103,0.30757,0.13854,0.00,21.78,128.32,0.0000
28023,LOST_LONG,-0.15795,-0.65995,0.20684,-0.84481,0.27445,0.07000,1.89305,-0.61920,0.0700,0.922,1.8731,-0.5823,-0.0118,0.0103,0.30717,0.13735,0.00,21.78,129.49,0.0000
28033,LOST_LONG,-0.15795,-0.65995,0.20684,-0.84481,0.27445,0.07000,1.89305,-0.61920,0.0700,0.922,1.8731,-0.5823,-0.0118,0.0103,0.30695,0.13664,0.00,21.78,127.72,0.0000
28043,LOST_LONG,-0.15795,-0.65995,0.20684,-0.84481,0.27445,0.07000,1.89305,-0.61920,0.0700,0.922,1.8731,-0.5823,-0.0118,0.0103,0.30737,0.13758,0.00,21.78,128.43,0.0000
28053,LOST_LONG,-0.15795,-0.65995,0.20684,-0.84481,0.27445,0.07000,1.89305,-0.61920,0.0700,0.922,1.8731,-0.5823,-0.0118,0.0103,0.30673,0.13747,0.00,21.78,129.13,0.0000
28063,LOST_LONG,-0.15795,-0.65995,0.20684,-0.84481,0.27445,0.07000,1.89305,-0.61920,0.0700,0.922,1.8731,-0.5823,-0.0118,0.0103,0.30677,0.13735,0.00,21.78,128.71,0.0000
28073,LOST_LONG,-0.15795,-0.65995,0.20684,-0.84481,0.27445,0.07000,1.89305,-0.61920,0.0700,0.922,1.8731,-0.5823,-0.0118,0.0103,0.30689,0.13828,0.00,21.78,127.55,0.0000
28083,LOST_LONG,-0.15795,-0.65995,0.20684,-0.84481,0.27445,0.07000,1.89305,-0.61920,0.0700,0.922,1.8731,-0.5823,-0.0118,0.0103,0.30709,0.13792,0.00,21.78,127.92,0.0000
28093,LOST_LONG,-0.15795,-0.65995,0.20684,-0.84481,0.27445,0.07000,1.89305,-0.61920,0.0700,0.922,1.8731,-0.5823,-0.0118,0.0103,0.30682,0.13897,0.00,21.78,126.70,0.0000
28103,LOST_LONG,-0.15795,-0.65995,0.20684,-0.84481,0.27445,0.07000,1.89305,-0.61920,0.0700,0.922,1.8731,-0.5823,-0.0118,0.0103,0.30641,0.13681,0.00,21.78,127.54,0.0000
28113,LOST_LONG,-0.15795,-0.65995,0.20684,-0.84481,0.27445,0.07000,1.89305,-0.61920,0.0700,0.922,1.8731,-0.5823,-0.0118,0.0103,0.30652,0.13677,0.00,21.78,127.11,0.0000
28123,LOST_LONG,-0.15795,-0.65995,0.20684,-0.84481,0.27445,0.07000,1.89305,-0.61920,0.0700,0.922,1.8731,-0.5823,-0.0118,0.0103,0.30651,0.13678,0.00,21.78,127.99,0.0000
28133,LOST_LONG,-0.15795,-0.65995,0.20684,-0.84481,0.27445,0.07000,1.89305,-0.61920,0.0700,0.922,1.8731,-0.5823,-0.0118,0.0103,0.30672,0.13715,0.00,21.78,127.86,0.0000
28143,LOST_LONG,-0.15795,-0.65995,0.20684,-0.84481,0.27445,0.07000,1.89305,-0.61920,0.0700,0.922,1.8731,-0.5823,-0.0118,0.0103,0.30692,0.13739,0.00,21.78,125.88,0.0000
28153,LOST_LONG,-0.15795,-0.65995,0.20684,-0.84481,0.27445,0.07000,1.89305,-0.61920,0.0700,0.922,1.8731,-0.5823,-0.0118,0.0103,0.30674,0.13718,0.00,21.78,125.45,0.0000
28163,LOST_LONG,-0.15795,-0.65995,0.20684,-0.84481,0.27445,0.07000,1.89305,-0.61920,0.0700,0.922,1.8731,-0.5823,-0.0118,0.0103,0.30628,0.13587,0.00,21.78,126.17,0.0000
28173,LOST_LONG,-0.15795,-0.65995,0.20684,-0.84481,0.27445,0.07000,1.89305,-0.61920,0.0700,0.922,1.8731,-0.5823,-0.0118,0.0103,0.30523,0.13509,0.00,21.78,127.68,0.0000
28183,LOST_LONG,-0.15795,-0.65995,0.20684,-0.84481,0.27445,0.07000,1.89305,-0.61920,0.0700,0.922,1.8731,-0.5823,-0.0118,0.0103,0.30647,0.13704,0.00,21.78,126.52,0.0000
28193,LOST_LONG,-0.15795,-0.65995,0.20684,-0.84481,0.27445,0.07000,1.89305,-0.61920,0.0700,0.922,1.8731,-0.5823,-0.0118,0.0103,0.30725,0.13831,0.00,21.78,129.49,0.0000
28203,LOST_LONG,-0.15795,-0.65995,0.20684,-0.84481,0.27445,0.07000,1.89305,-0.61920,0.0700,0.922,1.8731,-0.5823,-0.0118,0.0103,0.30762,0.13786,0.00,21.78,120.05,0.0000
28213,LOST_LONG,-0.15795,-0.65995,0.20684,-0.84481,0.27445,0.07000,1.89305,-0.61920,0.0700,0.922,1.8731,-0.5823,-0.0118,0.0103,0.30717,0.13718,0.00,21.78,89.49,0.0000
28223,LOST_LONG,-0.15795,-0.65995,0.20684,-0.84481,0.27445,0.07000,1.89305,-0.61920,0.0700,0.922,1.8731,-0.5823,-0.0118,0.0103,0.30687,0.13687,0.00,21.78,89.74,0.0000
28233,LOST_LONG,-0.15795,-0.65995,0.20684,-0.84481,0.27445,0.07000,1.89305,-0.61920,0.0700,0.922,1.8731,-0.5823,-0.0118,0.0103,0.30600,0.13631,0.00,21.78,103.74,0.0000
28243,TRACKING,-0.62783,-0.13577,-0.22581,-0.31998,0.41187,0.18082,1.91124,-1.15254,0.0155,0.725,1.9091,-1.1433,0.2984,1.4850,0.33237,0.14043,-39.65,-39.72,109.38,0.6445
28253,TRACKING,-0.63189,-0.10860,-0.22667,-0.28300,0.41217,0.19376,1.88665,-1.16241,0.0166,0.710,1.8947,-1.1566,0.2876,1.4946,0.36573,0.15227,-35.38,-37.22,120.09,0.6389
28263,TRACKING,-0.59068,-0.04289,-0.18293,-0.21838,0.39686,0.21638,1.79839,-1.11752,0.0213,0.649,1.8112,-1.1172,0.2631,1.4946,0.37226,0.17563,-34.40,-35.40,128.21,0.5891
28273,TRACKING,-0.53947,-0.00335,-0.09575,-0.18651,0.36635,0.22753,1.68331,-1.00677,0.0983,0.679,1.7230,-1.0504,0.2973,1.4946,0.38155,0.20453,-36.51,-38.99,138.06,0.5012
28283,TRACKING,-0.50085,0.01888,-0.11009,-0.16370,0.37137,0.23552,1.68502,-1.03561,0.0398,0.631,1.6739,-1.0145,0.2509,1.4946,0.34599,0.21187,-32.43,-33.71,138.97,0.5162
28293,TRACKING,-0.51966,-0.02275,-0.11036,-0.22560,0.37147,0.21385,1.72505,-1.01263,0.0148,0.538,1.7199,-1.0209,0.2606,1.4946,0.35568,0.20945,-34.10,-35.00,137.53,0.5171
28303,TRACKING,-0.44679,-0.00584,-0.01980,-0.18276,0.33984,0.22884,1.59617,-0.90696,0.0561,0.728,1.6238,-0.9262,0.2217,1.4946,0.34660,0.20265,-29.97,-31.22,156.39,0.4253
28313,TRACKING,-0.39938,0.03001,0.00339,-0.15023,0.33984,0.24023,1.57562,-0.92112,0.0142,0.507,1.5823,-0.9159,0.1660,1.4946,0.32913,0.21579,-24.63,-25.94,159.68,0.4040
28323,TRACKING,-0.39370,0.00046,0.00680,-0.19936,0.33984,0.22304,1.60758,-0.90036,0.0146,0.795,1.5989,-0.9015,0.1223,1.4946,0.32862,0.22102,-5.16,-18.56,152.56,0.3988
28333,TRACKING,-0.37945,-0.05824,0.02684,-0.25234,0.33745,0.20449,1.63899,-0.87266,0.0102,0.897,1.6332,-0.8762,0.0573,-1.0231,0.33678,0.20986,-14.43,-16.44,154.28,0.3837
28343,TRACKING,-0.35982,-0.06554,0.04875,-0.25568,0.32978,0.20332,1.61755,-0.84280,0.0119,0.842,1.6244,-0.8486,-0.0646,0.0258,0.33283,0.20384,-6.04,-5.38,156.69,0.3627
28353,TRACKING,-0.34177,-0.07003,0.06521,-0.26085,0.32402,0.20152,1.60351,-0.81972,0.0089,0.985,1.6090,-0.8267,-0.0857,0.2352,0.33152,0.20738,-3.29,-4.02,157.14,0.3476
28363,TRACKING,-0.33511,-0.05033,0.07105,-0.23692,0.32197,0.20989,1.57791,-0.82009,0.0092,0.698,1.5843,-0.8267,-0.1299,0.3688,0.33074,0.21477,0.85,-0.12,159.38,0.3377
28373,TRACKING,-0.33036,-0.02188,0.07255,-0.21354,0.32145,0.21807,1.55827,-0.82667,0.0067,0.627,1.5523,-0.8235,-0.2594,0.7282,0.32919,0.22870,14.43,12.73,161.81,0.3337
28383,TRACKING,-0.34081,-0.02554,0.06091,-0.21760,0.32552,0.21665,1.57458,-0.84014,0.0177,0.622,1.5655,-0.8346,-0.2972,0.6915,0.33490,0.24219,14.78,15.19,161.52,0.3457
28393,TRACKING,-0.34684,-0.04147,0.05987,-0.22919,0.32588,0.21260,1.58452,-0.83727,0.0098,0.680,1.5898,-0.8416,-0.2930,0.3832,0.34136,0.23372,15.77,14.67,161.09,0.3478
28403,TRACKING,-0.31031,0.00798,0.08561,-0.15854,0.31687,0.23732,1.50378,-0.83301,0.0344,0.631,1.5091,-0.8126,-0.4083,1.1644,0.33036,0.24153,31.34,27.63,168.92,0.3214
28413,TRACKING,-0.32243,0.02804,0.09796,-0.17027,0.31255,0.23322,1.49723,-0.81219,0.0371,0.536,1.5075,-0.8320,-0.3349,1.4943,0.33625,0.27216,18.06,17.38,169.95,0.3081
28423,TRACKING,-0.33585,0.07057,0.05688,-0.10579,0.32693,0.25578,1.50457,-0.89493,0.0355,0.933,1.4980,-0.8747,-0.3930,1.4943,0.32894,0.27469,26.51,24.37,175.48,0.3586
28433,TRACKING,-0.32585,0.05808,0.08161,-0.13749,0.31828,0.24469,1.49462,-0.84792,0.0067,0.549,1.4961,-0.8544,-0.3848,1.4943,0.33491,0.28804,18.47,20.60,175.07,0.3281
28443,TRACKING,-0.32521,0.08715,0.07490,-0.09556,0.32062,0.25937,1.47616,-0.87649,0.0149,0.463,1.4725,-0.8678,-0.3466,0.6492,0.32728,0.27698,19.75,19.34,177.90,0.3438
28453,TRACKING,-0.32051,0.12493,0.08741,-0.05791,0.31624,0.27254,1.44098,-0.88305,0.0093,0.937,1.4466,-0.8829,-0.4117,-0.0775,0.32817,0.29207,23.22,24.98,176.91,0.3444
28463,TRACKING,-0.29519,0.11479,0.11688,-0.07699,0.30593,0.26587,1.41510,-0.83601,0.0156,0.859,1.4210,-0.8433,-0.3723,-0.7444,0.32419,0.30221,20.98,20.77,177.08,0.3099
28473,TRACKING,-0.29648,0.12318,0.10971,-0.06671,0.30844,0.26946,1.41827,-0.85063,0.0036,0.848,1.4210,-0.8529,-0.3961,-0.5077,0.31784,0.29827,24.89,23.89,177.68,0.3204
28483,TRACKING,-0.29592,0.11139,0.10650,-0.07630,0.30956,0.26611,1.42833,-0.85020,0.0126,0.589,1.4210,-0.8440,-0.3961,0.0782,0.31792,0.29981,24.38,23.35,176.70,0.3198
28493,TRACKING,-0.28997,0.11139,0.11789,-0.07858,0.30558,0.26531,1.41475,-0.83387,0.0089,0.821,1.4210,-0.8401,-0.4132,0.4886,0.31860,0.30253,24.59,25.41,177.53,0.3084
28503,TRACKING,-0.28729,0.11045,0.11978,-0.07830,0.30492,0.26541,1.41225,-0.83173,0.0069,0.872,1.4173,-0.8365,-0.4046,0.4372,0.31789,0.30055,25.49,24.69,178.37,0.3067
28513,TRACKING,-0.30697,0.12007,0.10036,-0.07451,0.31171,0.26673,1.43410,-0.85760,0.0110,0.924,1.4324,-0.8641,-0.4270,1.0062,0.31999,0.30422,24.36,25.48,178.26,0.3262
28523,TRACKING,-0.32081,0.12085,0.08604,-0.07370,0.31673,0.26702,1.45117,-0.87570,0.0061,0.869,1.4465,-0.8796,-0.4677,1.2428,0.32652,0.30970,29.61,30.50,179.96,0.3399
28533,TRACKING,-0.30792,0.10604,0.10318,-0.08862,0.31072,0.26179,1.43864,-0.84625,0.0154,0.868,1.4458,-0.8544,-0.4605,1.4915,0.32660,0.30623,29.39,29.92,179.90,0.3188
28543,TRACKING,-0.30844,0.09613,0.10288,-0.10368,0.31083,0.25652,1.44790,-0.83850,0.0175,0.917,1.4497,-0.8490,-0.2972,0.2475,0.32644,0.30471,3.13,8.81,175.01,0.3147
28553,TRACKING,-0.23930,0.08805,0.17430,-0.09628,0.28583,0.25911,1.35415,-0.75610,0.0183,0.816,1.3643,-0.7630,-0.3121,-1.4879,0.31082,0.27848,18.20,17.08,177.88,0.2494
28563,TRACKING,-0.20994,0.08466,0.19948,-0.10545,0.27702,0.25590,1.32735,-0.72121,0.0112,0.824,1.3324,-0.7285,-0.3581,-1.4928,0.29252,0.28424,21.58,20.42,178.08,0.2226
28573,TRACKING,-0.16207,0.10399,0.25874,-0.08181,0.25628,0.26418,1.23320,-0.66701,0.0408,0.790,1.2530,-0.6813,-0.3912,-1.4928,0.28013,0.29033,23.52,23.52,175.91,0.1823
28583,TRACKING,-0.10369,0.16496,0.31099,-0.02575,0.23799,0.28380,1.12845,-0.64732,0.0247,0.712,1.1390,-0.6577,-0.5238,1.1040,0.25838,0.31460,32.78,35.62,170.37,0.1895
28593,TRACKING,-0.08234,0.17025,0.32649,-0.02449,0.23257,0.28424,1.10528,-0.63187,0.0109,0.597,1.1122,-0.6369,-0.5592,1.3271,0.24262,0.33046,37.05,38.07,168.82,0.1834
28603,TRACKING,-0.05299,0.15664,0.35307,-0.02503,0.22327,0.28405,1.06610,-0.60386,0.0108,0.832,1.0726,-0.5986,-0.5053,1.4949,0.23389,0.31958,34.59,33.67,165.95,0.1731
28613,TRACKING,-0.06714,0.16913,0.33806,-0.02139,0.22852,0.28532,1.08673,-0.62206,0.0034,0.626,1.0854,-0.6189,-0.5053,1.4949,0.23182,0.32794,33.65,33.67,167.04,0.1815
28623,TRACKING,-0.06471,0.15629,0.34066,-0.03683,0.22761,0.27992,1.09052,-0.60809,0.0062,0.714,1.0847,-0.6102,-0.5053,1.4949,0.23215,0.32743,33.55,32.64,168.20,0.1663
28633,TRACKING,-0.06805,0.15822,0.33442,-0.03132,0.22979,0.28185,1.09699,-0.61860,0.0122,0.779,1.0917,-0.6135,-0.5456,1.4949,0.23341,0.32824,38.49,37.51,167.97,0.1738
28643,TRACKING,-0.07308,0.16432,0.33245,-0.02226,0.23048,0.28502,1.09544,-0.62726,0.0080,0.770,1.1000,-0.6206,-0.5456,1.4949,0.23615,0.33002,37.77,36.76,166.81,0.1829
28653,TRACKING,-0.06734,0.15737,0.33375,-0.03254,0.23003,0.28142,1.09859,-0.61842,0.0149,0.711,1.0914,-0.6131,-0.5332,1.4949,0.23650,0.33148,34.01,34.93,167.61,0.1730
28663,TRACKING,-0.07610,0.15182,0.32064,-0.03536,0.23461,0.28044,1.11928,-0.63022,0.0235,0.790,1.1089,-0.6206,-0.4930,1.4949,0.23598,0.32739,24.98,29.38,168.51,0.1763
28673,TRACKING,-0.06235,0.08330,0.35513,-0.10369,0.22254,0.25652,1.10783,-0.54698,0.0310,0.752,1.1247,-0.5549,-0.3179,-1.4210,0.24878,0.29298,22.55,18.03,172.40,0.0999
28683,TRACKING,0.05878,0.14630,0.53243,-0.04116,0.20000,0.27841,0.97033,-0.52460,0.0154,0.629,0.9777,-0.5302,-0.4831,-0.4375,0.22424,0.30453,22.32,29.49,150.12,0.1956
28693,TRACKING,0.29637,0.04985,0.69624,-0.16053,0.20000,0.23663,1.04733,-0.44190,0.0268,0.784,1.0352,-0.4525,0.0627,1.4849,0.20827,0.29288,-34.07,-26.77,149.15,0.2923
28703,TRACKING,0.22984,-0.10816,0.63630,-0.32697,0.20000,0.17837,1.22430,-0.36259,0.0497,0.720,1.1959,-0.3716,0.3088,1.4946,0.20732,0.22227,-41.02,-40.50,159.26,0.2684
28713,TRACKING,0.20150,-0.37578,0.56877,-0.70434,0.20000,0.07000,1.75145,-0.36040,0.2424,0.638,1.6063,-0.3513,0.3341,1.4946,0.19440,0.16566,0.00,-42.85,134.71,0.5397
28723,TRACKING,0.13085,-0.32998,0.50523,-0.49940,0.20000,0.11802,1.49482,-0.33638,0.0404,0.699,1.5188,-0.3425,0.4905,1.4946,0.18044,0.13110,-54.45,-56.99,162.54,0.3251
28733,TRACKING,-0.34761,-0.19526,-0.00142,-0.38392,0.33984,0.15844,1.75827,-0.85152,0.0900,0.962,1.7251,-0.8089,0.2391,-0.8243,0.19956,0.13815,-21.46,-27.54,139.16,0.4508
28743,TRACKING,-0.52472,-0.14723,-0.13331,-0.33246,0.37950,0.17645,1.82709,-1.01600,0.0345,0.721,1.8173,-0.9977,0.0348,-1.4932,0.26058,0.14053,-5.82,-12.74,142.14,0.5573
28753,TRACKING,-0.31969,-0.09222,0.16191,-0.25326,0.29017,0.20417,1.48659,-0.69915,0.1863,0.914,1.5746,-0.7680,-0.2158,-1.4932,0.31621,0.14545,18.19,11.63,165.47,0.2516
28763,TRACKING,-0.11174,-0.04295,0.31524,-0.21679,0.23651,0.21694,1.25617,-0.52888,0.0628,0.610,1.2915,-0.5420,-0.3473,-1.4932,0.30212,0.18130,27.13,22.23,173.43,0.0941
28773,TRACKING,0.03078,-0.01225,0.46238,-0.19504,0.20000,0.22455,1.07700,-0.42168,0.0266,0.623,1.0924,-0.4290,-0.4762,-1.4932,0.27171,0.19959,33.90,32.69,175.08,0.0571
28783,TRACKING,0.04792,0.01183,0.46138,-0.16563,0.20000,0.23484,1.05149,-0.43880,0.0193,0.792,1.0615,-0.4329,-0.4883,-1.4932,0.24219,0.21945,36.08,33.01,171.45,0.0610
28793,TRACKING,0.03644,0.00841,0.44367,-0.18486,0.20000,0.22811,1.06788,-0.42746,0.0020,0.748,1.0664,-0.4289,-0.2876,-1.4932,0.22426,0.24307,8.20,10.95,177.82,0.0385
28803,TRACKING,0.05731,0.01658,0.46776,-0.17554,0.20000,0.23137,1.05980,-0.43288,0.0051,0.667,1.0630,-0.4289,-0.2734,-1.4932,0.20974,0.25183,10.66,12.21,175.03,0.0639
28813,TRACKING,0.16545,0.02982,0.58504,-0.15896,0.20000,0.23718,1.04606,-0.44286,0.0103,0.801,1.0540,-0.4364,-0.5835,-1.4932,0.21126,0.26412,43.21,42.25,160.23,0.1822
28823,TRACKING,0.21714,0.03203,0.63100,-0.16407,0.20000,0.23539,1.05021,-0.43974,0.0122,0.676,1.0445,-0.4474,-0.7318,-1.2414,0.21144,0.28871,56.14,55.12,156.64,0.2270
28833,TRACKING,0.27688,0.01793,0.69769,-0.17486,0.20000,0.23161,1.05922,-0.43328,0.0132,0.739,1.0526,-0.4404,-0.6506,-0.5521,0.21085,0.29562,46.91,45.87,148.62,0.2926
28843,TRACKING,0.31361,0.01109,0.70283,-0.17667,0.20000,0.23098,1.06077,-0.43222,0.0063,0.822,1.0663,-0.4292,-0.6210,-0.4523,0.21294,0.28544,36.13,41.20,154.29,0.2977
28853,TRACKING,0.31232,0.04769,0.71223,-0.14692,0.20000,0.24139,1.03659,-0.45035,0.0033,0.628,1.0350,-0.4533,-0.6344,-0.1560,0.21046,0.29484,38.55,43.60,152.18,0.3098
28863,TRACKING,0.24415,0.04021,0.63320,-0.14558,0.20000,0.24186,1.03556,-0.45120,0.0029,0.725,1.0383,-0.4500,-0.5159,-0.1885,0.21074,0.29465,30.44,31.99,157.78,0.2320
28873,TRACKING,0.17098,0.07824,0.57566,-0.10443,0.20000,0.25626,1.00641,-0.47843,0.0103,0.710,1.0136,-0.4711,-0.5487,0.4177,0.21054,0.28247,35.88,39.09,160.93,0.1905
28883,TRACKING,-0.08990,-0.01304,0.14622,-0.20104,0.29566,0.22245,1.46222,-0.73868,0.3582,0.638,1.3032,-0.5941,-0.2002,0.4770,0.21352,0.26864,0.00,-8.40,165.45,0.2595
28893,TRACKING,-0.37249,0.01227,0.02066,-0.17083,0.33961,0.23302,1.58744,-0.91105,0.0244,0.828,1.5814,-0.8977,0.2011,1.4828,0.24472,0.25742,-33.13,-32.30,159.02,0.3853
28903,TRACKING,-0.42484,0.03296,-0.02158,-0.15692,0.34039,0.23789,1.58037,-0.92069,0.0011,0.509,1.5814,-0.9202,0.2098,1.4938,0.27727,0.24641,-31.30,-31.74,152.72,0.4283
28913,TRACKING,-0.46029,0.02208,-0.05821,-0.17367,0.35321,0.23203,1.63327,-0.96122,0.0111,0.860,1.6274,-0.9559,0.2360,1.4938,0.30535,0.23160,-33.60,-33.25,147.92,0.4640
28923,TRACKING,-0.46992,0.01430,-0.06247,-0.17668,0.35470,0.23097,1.63999,-0.96569,0.0025,0.614,1.6393,-0.9681,0.2467,1.4938,0.33837,0.21854,-35.84,-34.60,147.04,0.4681
28933,TRACKING,-0.52912,0.02219,-0.14626,-0.16931,0.38403,0.23355,1.72845,-1.08355,0.0552,0.710,1.7069,-1.0584,0.2406,1.4938,0.34237,0.21406,-28.46,-31.38,132.90,0.5521
28943,TRACKING,-0.88492,0.12929,-0.52033,-0.05993,0.47000,0.27184,1.95628,-1.51388,0.0168,0.524,1.9501,-1.5060,0.1583,1.4938,0.38456,0.21083,-29.30,-26.89,67.70,0.9349
28953,TRACKING,-0.97218,0.03252,-0.56394,-0.17757,0.47000,0.23066,2.00598,-1.45864,0.0168,0.671,1.9985,-1.4654,0.1962,1.4938,0.42098,0.19644,-31.38,-30.57,41.40,0.9695
28963,TRACKING,-0.98514,0.06544,-0.58027,-0.10927,0.47000,0.25457,1.97541,-1.48848,0.0172,0.699,1.9819,-1.4805,0.1817,1.4938,0.45022,0.20287,-22.16,-26.15,19.73,0.9890
28973,TRACKING,-0.95768,0.14226,-0.54168,-0.03655,0.47000,0.28002,1.94810,-1.52707,0.0096,0.487,1.9535,-1.5191,-0.0268,1.4938,0.46635,0.25266,-1.42,-6.08,36.09,0.9595
28983,TRACKING,-0.90621,0.17252,-0.47916,-0.00578,0.47000,0.28581,1.94267,-1.53686,0.0093,0.619,1.9491,-1.5302,-0.1196,1.4938,0.47234,0.28185,5.26,0.84,56.56,0.9036
28993,TRACKING,-0.85454,0.19105,-0.44799,0.00275,0.47000,0.28581,1.94267,-1.53686,0.0093,0.675,1.9491,-1.5302,-0.1787,1.4938,0.47439,0.29636,1.83,3.10,59.45,0.8749
29003,TRACKING,-0.89174,0.18536,-0.47119,-0.00860,0.47000,0.28581,1.94267,-1.53686,0.0093,0.616,1.9491,-1.5302,-0.1013,1.4938,0.47335,0.29069,1.05,-1.53,57.70,0.8952
29013,TRACKING,-0.91369,0.18841,-0.52580,-0.00148,0.47000,0.28581,1.94267,-1.53686,0.0093,0.629,1.9491,-1.5302,-0.0671,1.4938,0.47380,0.29284,-9.57,-8.07,34.79,0.9501
29023,TRACKING,-0.82360,0.16148,-0.38243,-0.03166,0.46669,0.28173,1.93494,-1.51358,0.0219,0.547,1.9435,-1.5236,-0.1003,1.4938,0.47264,0.28768,-6.05,-3.64,76.84,0.8036
29033,TRACKING,-0.77324,0.16772,-0.35417,-0.02177,0.45680,0.28519,1.89743,-1.47156,0.0316,0.534,1.9095,-1.4862,-0.0973,1.4938,0.46975,0.28992,-2.97,-2.70,79.12,0.7780
29043,TRACKING,-0.82657,0.19290,-0.42154,0.00248,0.47000,0.28581,1.94267,-1.53686,0.0091,0.502,1.9376,-1.5292,0.0084,1.4938,0.46870,0.28699,-11.49,-12.86,67.55,0.8491
29053,TRACKING,-0.81501,0.19656,-0.40860,0.00432,0.47000,0.28581,1.94267,-1.53686,0.0091,0.554,1.9376,-1.5292,-0.0002,1.4938,0.46828,0.28474,-14.06,-12.59,68.61,0.8369
29063,TRACKING,-0.82076,0.18812,-0.41751,-0.00742,0.47000,0.28581,1.94267,-1.53686,0.0091,0.479,1.9376,-1.5292,0.0218,1.4938,0.46841,0.28511,-16.22,-15.11,69.25,0.8430
29073,TRACKING,-0.77294,0.01674,-0.32449,-0.26860,0.44641,0.19880,1.98050,-1.31707,0.1341,0.607,1.9751,-1.3975,0.0466,1.4938,0.46715,0.28094,0.00,-18.14,96.15,0.7342
29083,TRACKING,-0.58735,-0.44752,-0.13037,-0.74945,0.37847,0.07000,2.10341,-1.01160,0.1009,0.813,2.1073,-1.0721,0.2351,1.4938,0.45767,0.19153,0.00,-41.87,70.73,0.7747
29093,TRACKING,-0.36913,-0.63219,0.03860,-0.81320,0.33333,0.07000,2.00935,-0.83550,0.0016,0.788,2.0080,-0.8346,0.2351,1.4938,0.42225,0.14700,0.00,-41.87,89.70,0.7232
29103,LOST_SHORT,-0.36864,-0.62838,0.03774,-0.81127,0.33363,0.07000,2.00996,-0.83664,0.0028,0.755,2.0080,-0.8346,0.2351,1.4938,0.38438,0.13215,0.00,-41.87,109.81,0.0000
29113,LOST_LONG,-0.36864,-0.62838,0.03774,-0.81127,0.33363,0.07000,2.00996,-0.83664,0.0028,0.755,2.0080,-0.8346,0.2351,1.4938,0.36180,0.13580,0.00,-41.87,116.61,0.0000
29123,LOST_LONG,-0.36864,-0.62838,0.03774,-0.81127,0.33363,0.07000,2.00996,-0.83664,0.0028,0.755,2.0080,-0.8346,0.2351,1.4938,0.35385,0.14006,0.00,-41.87,112.56,0.0000
29133,LOST_LONG,-0.36864,-0.62838,0.03774,-0.81127,0.33363,0.07000,2.00996,-0.83664,0.0028,0.755,2.0080,-0.8346,0.0151,0.0960,0.35269,0.13943,0.00,-41.87,119.43,0.0000
29143,LOST_LONG,-0.36864,-0.62838,0.03774,-0.81127,0.33363,0.07000,2.00996,-0.83664,0.0028,0.755,2.0080,-0.8346,0.0115,0.0107,0.35018,0.12839,0.00,-41.87,118.41,0.0000
29153,LOST_LONG,-0.36864,-0.62838,0.03774,-0.81127,0.33363,0.07000,2.00996,-0.83664,0.0028,0.755,2.0080,-0.8346,0.0115,0.0107,0.35480,0.13697,0.00,-41.87,117.82,0.0000
29163,LOST_LONG,-0.36864,-0.62838,0.03774,-0.81127,0.33363,0.07000,2.00996,-0.83664,0.0028,0.755,2.0080,-0.8346,0.0115,0.0107,0.35427,0.13722,0.00,-41.87,105.19,0.0000
29173,LOST_LONG,-0.36864,-0.62838,0.03774,-0.81127,0.33363,0.07000,2.00996,-0.83664,0.0028,0.755,2.0080,-0.8346,0.0115,0.0107,0.35367,0.13787,0.00,-41.87,99.46,0.0000
29183,LOST_LONG,-0.36864,-0.62838,0.03774,-0.81127,0.33363,0.07000,2.00996,-0.83664,0.0028,0.755,2.0080,-0.8346,0.0115,0.0107,0.35430,0.13902,0.00,-41.87,102.19,0.0000
29193,LOST_LONG,-0.36864,-0.62838,0.03774,-0.81127,0.33363,0.07000,2.00996,-0.83664,0.0028,0.755,2.0080,-0.8346,0.0115,0.0107,0.35476,0.13744,0.00,-41.87,106.19,0.0000
29203,LOST_LONG,-0.36864,-0.62838,0.03774,-0.81127,0.33363,0.07000,2.00996,-0.83664,0.0028,0.755,2.0080,-0.8346,0.0115,0.0107,0.35550,0.13931,0.00,-41.87,99.51,0.0000
29213,LOST_LONG,-0.36864,-0.62838,0.03774,-0.81127,0.33363,0.07000,2.00996,-0.83664,0.0028,0.755,2.0080,-0.8346,0.0115,0.0107,0.35522,0.13629,0.00,-41.87,120.70,0.0000
29223,LOST_LONG,-0.36864,-0.62838,0.03774,-0.81127,0.33363,0.07000,2.00996,-0.83664,0.0028,0.755,2.0080,-0.8346,0.0115,0.0107,0.35516,0.13753,0.00,-41.87,118.74,0.0000
29233,LOST_LONG,-0.36864,-0.62838,0.03774,-0.81127,0.33363,0.07000,2.00996,-0.83664,0.0028,0.755,2.0080,-0.8346,0.0115,0.0107,0.35571,0.13695,0.00,-41.87,129.16,0.0000
29243,LOST_LONG,-0.36864,-0.62838,0.03774,-0.81127,0.33363,0.07000,2.00996,-0.83664,0.0028,0.755,2.0080,-0.8346,0.0115,0.0107,0.35545,0.13659,0.00,-41.87,126.85,0.0000
29253,LOST_LONG,-0.36864,-0.62838,0.03774,-0.81127,0.33363,0.07000,2.00996,-0.83664,0.0028,0.755,2.0080,-0.8346,0.0115,0.0107,0.35629,0.13927,0.00,-41.87,127.17,0.0000
29263,LOST_LONG,-0.36864,-0.62838,0.03774,-0.81127,0.33363,0.07000,2.00996,-0.83664,0.0028,0.755,2.0080,-0.8346,0.0115,0.0107,0.35664,0.13741,0.00,-41.87,111.77,0.0000
29273,LOST_LONG,-0.36864,-0.62838,0.03774,-0.81127,0.33363,0.07000,2.00996,-0.83664,0.0028,0.755,2.0080,-0.8346,0.0115,0.0107,0.35658,0.13711,0.00,-41.87,111.79,0.0000
29283,LOST_LONG,-0.36864,-0.62838,0.03774,-0.81127,0.33363,0.07000,2.00996,-0.83664,0.0028,0.755,2.0080,-0.8346,0.0115,0.0107,0.35652,0.13762,0.00,-41.87,112.29,0.0000
29293,LOST_LONG,-0.36864,-0.62838,0.03774,-0.81127,0.33363,0.07000,2.00996,-0.83664,0.0028,0.755,2.0080,-0.8346,0.0115,0.0107,0.35691,0.13842,0.00,-41.87,98.07,0.0000
29303,LOST_LONG,-0.36864,-0.62838,0.03774,-0.81127,0.33363,0.07000,2.00996,-0.83664,0.0028,0.755,2.0080,-0.8346,0.0115,0.0107,0.35699,0.13810,0.00,-41.87,98.10,0.0000
29313,LOST_LONG,-0.36864,-0.62838,0.03774,-0.81127,0.33363,0.07000,2.00996,-0.83664,0.0028,0.755,2.0080,-0.8346,0.0115,0.0107,0.35676,0.13765,0.00,-41.87,99.69,0.0000
29323,LOST_LONG,-0.36864,-0.62838,0.03774,-0.81127,0.33363,0.07000,2.00996,-0.83664,0.0028,0.755,2.0080,-0.8346,0.0115,0.0107,0.35600,0.13581,0.00,-41.87,99.51,0.0000
29333,LOST_LONG,-0.36864,-0.62838,0.03774,-0.81127,0.33363,0.07000,2.00996,-0.83664,0.0028,0.755,2.0080,-0.8346,0.0115,0.0107,0.35632,0.13763,0.00,-41.87,99.28,0.0000
29343,LOST_LONG,-0.36864,-0.62838,0.03774,-0.81127,0.33363,0.07000,2.00996,-0.83664,0.0028,0.755,2.0080,-0.8346,0.0115,0.0107,0.35611,0.13670,0.00,-41.87,101.02,0.0000
29353,LOST_LONG,-0.36864,-0.62838,0.03774,-0.81127,0.33363,0.07000,2.00996,-0.83664,0.0028,0.755,2.0080,-0.8346,0.0115,0.0107,0.35637,0.13783,0.00,-41.87,97.98,0.0000
29363,LOST_LONG,-0.36864,-0.62838,0.03774,-0.81127,0.33363,0.07000,2.00996,-0.83664,0.0028,0.755,2.0080,-0.8346,0.0115,0.0107,0.35633,0.13755,0.00,-41.87,103.60,0.0000
29373,LOST_LONG,-0.36864,-0.62838,0.03774,-0.81127,0.33363,0.07000,2.00996,-0.83664,0.0028,0.755,2.0080,-0.8346,0.0115,0.0107,0.35650,0.13754,0.00,-41.87,104.25,0.0000
29383,LOST_LONG,-0.36864,-0.62838,0.03774,-0.81127,0.33363,0.07000,2.00996,-0.83664,0.0028,0.755,2.0080,-0.8346,0.0115,0.0107,0.35656,0.13731,0.00,-41.87,101.73,0.0000
29393,LOST_LONG,-0.36864,-0.62838,0.03774,-0.81127,0.33363,0.07000,2.00996,-0.83664,0.0028,0.755,2.0080,-0.8346,0.0115,0.0107,0.35648,0.13752,0.00,-41.87,99.22,0.0000
29403,LOST_LONG,-0.36864,-0.62838,0.03774,-0.81127,0.33363,0.07000,2.00996,-0.83664,0.0028,0.755,2.0080,-0.8346,0.0115,0.0107,0.35619,0.13685,0.00,-41.87,101.61,0.0000
29413,LOST_LONG,-0.36864,-0.62838,0.03774,-0.81127,0.33363,0.07000,2.00996,-0.83664,0.0028,0.755,2.0080,-0.8346,0.0115,0.0107,0.35653,0.13859,0.00,-41.87,99.27,0.0000
29423,LOST_LONG,-0.36864,-0.62838,0.03774,-0.81127,0.33363,0.07000,2.00996,-0.83664,0.0028,0.755,2.0080,-0.8346,0.0115,0.0107,0.35552,0.13493,0.00,-41.87,115.55,0.0000
29433,LOST_LONG,-0.36864,-0.62838,0.03774,-0.81127,0.33363,0.07000,2.00996,-0.83664,0.0028,0.755,2.0080,-0.8346,0.0115,0.0107,0.35642,0.13715,0.00,-41.87,112.05,0.0000
29443,LOST_LONG,-0.36864,-0.62838,0.03774,-0.81127,0.33363,0.07000,2.00996,-0.83664,0.0028,0.755,2.0080,-0.8346,0.0115,0.0107,0.35581,0.13502,0.00,-41.87,109.57,0.0000
29453,TRACKING,-0.64787,-0.11222,-0.32958,-0.26510,0.44819,0.20003,1.98387,-1.32622,0.2345,0.617,1.9248,-1.1985,0.3742,1.4583,0.34673,0.14730,-53.97,-48.52,96.26,0.7389
29463,TRACKING,-0.96038,-0.00311,-0.56004,-0.18972,0.47000,0.22641,2.01189,-1.45398,0.0061,0.623,2.0093,-1.4485,0.3151,-1.4499,0.39248,0.14100,-33.17,-37.20,42.59,0.9655
29473,TRACKING,-0.99192,0.05999,-0.59028,-0.12309,0.47000,0.24973,1.98122,-1.48195,0.0081,0.427,1.9868,-1.4761,0.2363,-1.4935,0.43781,0.18795,-31.72,-32.81,1.11,0.9980
29483,TRACKING,-0.99110,0.10670,-0.58304,-0.06442,0.47000,0.27026,1.95792,-1.51143,0.0185,0.649,1.9646,-1.5026,0.2418,-1.4935,0.45891,0.22846,-35.86,-34.76,13.93,0.9964
29493,TRACKING,-0.95914,0.20793,-0.55625,0.02310,0.47000,0.28690,1.94168,-1.53873,0.0035,0.612,1.9444,-1.5366,0.1256,1.3294,0.46086,0.25740,-23.62,-22.17,13.99,0.9850
29503,TRACKING,-0.96617,0.22957,-0.56201,0.04103,0.47000,0.29317,1.93619,-1.54985,0.0057,0.714,1.9405,-1.5461,0.0637,1.4920,0.46701,0.27682,-16.44,-17.26,12.00,0.9947
29513,TRACKING,-0.96420,0.26375,-0.55725,0.08001,0.47000,0.30681,1.92547,-1.57558,0.0127,0.691,1.9334,-1.5696,0.0710,1.4581,0.46917,0.29116,-16.93,-18.09,3.18,0.9999
29523,TRACKING,-0.95568,0.29350,-0.55008,0.10468,0.47000,0.31545,1.91958,-1.59301,0.0074,0.637,1.9263,-1.5898,0.0530,1.4946,0.46923,0.30256,-17.26,-17.64,2.11,0.9999
29533,TRACKING,-0.95399,0.29890,-0.54784,0.11154,0.47000,0.31785,1.91806,-1.59802,0.0096,0.695,1.9231,-1.5931,0.0530,1.4946,0.46977,0.30638,-15.76,-16.37,1.71,0.9998
29543,TRACKING,-0.95310,0.30147,-0.54755,0.11149,0.47000,0.31783,1.91807,-1.59797,0.0070,0.622,1.9231,-1.5931,0.0530,1.0167,0.46940,0.30899,-16.99,-16.37,4.15,0.9996
29553,TRACKING,-0.95253,0.30379,-0.54890,0.10784,0.47000,0.31655,1.91887,-1.59530,0.0066,0.622,1.9231,-1.6004,0.0825,1.2508,0.46986,0.31135,-24.73,-21.77,4.82,0.9997
29563,TRACKING,-0.96215,0.27139,-0.55746,0.07865,0.47000,0.30634,1.92582,-1.57465,0.0066,1.037,1.9231,-1.5807,0.2372,1.4930,0.46411,0.29431,-34.18,-34.24,3.30,0.9997
29573,TRACKING,-0.96550,0.26030,-0.56100,0.06678,0.47000,0.30219,1.92892,-1.56661,0.0094,0.609,1.9231,-1.5740,0.2049,-0.2644,0.46166,0.28778,-28.28,-29.58,1.62,1.0000
29583,TRACKING,-0.96481,0.26134,-0.55769,0.07644,0.47000,0.30556,1.92638,-1.57313,0.0049,0.616,1.9231,-1.5696,0.1166,-1.4925,0.46491,0.29379,-23.18,-22.05,5.99,0.9993
29593,TRACKING,-0.96233,0.26809,-0.55716,0.07624,0.47000,0.30549,1.92644,-1.57300,0.0048,0.679,1.9231,-1.5696,0.0681,-1.4925,0.46578,0.29571,-12.70,-16.26,7.74,0.9988
29603,TRACKING,-0.95862,0.27801,-0.55228,0.09120,0.47000,0.31073,1.92271,-1.58337,0.0069,0.619,1.9231,-1.5765,-0.0146,-1.1688,0.46855,0.30383,-7.75,-9.33,7.66,0.9982
29613,TRACKING,-0.95573,0.28448,-0.54911,0.09746,0.47000,0.31292,1.92123,-1.58782,0.0080,0.783,1.9231,-1.5800,-0.0514,-0.8325,0.47058,0.31212,-5.34,-6.59,10.41,0.9969
29623,TRACKING,-0.95410,0.28900,-0.54856,0.10083,0.47000,0.31410,1.92045,-1.59023,0.0075,0.955,1.9231,-1.5832,-0.0606,-0.7853,0.47126,0.31545,-5.89,-6.16,9.02,0.9974
29633,TRACKING,-0.95202,0.30096,-0.54639,0.11242,0.47000,0.31816,1.91787,-1.59866,0.0097,0.535,1.9231,-1.5937,-0.0828,-0.7316,0.47197,0.31953,-3.22,-4.16,6.35,0.9987
29643,TRACKING,-0.94764,0.30736,-0.54124,0.11965,0.47000,0.32069,1.91634,-1.60402,0.0096,0.609,1.9231,-1.5972,-0.0828,-0.5807,0.47225,0.32129,-4.51,-5.32,11.39,0.9960
29653,TRACKING,-0.94532,0.30723,-0.54028,0.11477,0.47000,0.31898,1.91736,-1.60040,0.0066,0.667,1.9231,-1.6038,-0.0876,-0.5817,0.47276,0.32458,-5.89,-4.83,14.59,0.9936
29663,TRACKING,-0.94282,0.31096,-0.53813,0.12112,0.47000,0.32120,1.91603,-1.60512,0.0072,0.656,1.9231,-1.6038,-0.1114,-0.3768,0.47289,0.32546,-0.22,-1.33,13.55,0.9935
29673,TRACKING,-0.94625,0.30508,-0.54078,0.11300,0.47000,0.31836,1.91774,-1.59909,0.0071,0.634,1.9231,-1.6038,-0.1240,-0.2755,0.47320,0.32792,-2.65,-1.52,14.90,0.9936
29683,TRACKING,-0.94831,0.29428,-0.54309,0.10306,0.47000,0.31488,1.91994,-1.59184,0.0062,0.719,1.9231,-1.5972,-0.0859,-0.1606,0.47257,0.32344,-5.26,-5.03,15.30,0.9928
29693,TRACKING,-0.95451,0.28129,-0.55322,0.08650,0.47000,0.30909,1.92385,-1.58008,0.0063,0.610,1.9231,-1.5863,-0.0377,0.1184,0.47233,0.32178,-11.54,-10.68,1.85,0.9978
29703,TRACKING,-0.95141,0.28512,-0.54499,0.09597,0.47000,0.31240,1.92158,-1.58676,0.0016,0.647,1.9231,-1.5863,0.0633,-0.1305,0.47013,0.31097,-24.51,-20.18,17.64,0.9925
29713,TRACKING,-0.94962,0.28242,-0.54313,0.09450,0.47000,0.31188,1.92193,-1.58571,0.0013,0.958,1.9231,-1.5863,0.2726,-1.3745,0.46531,0.29708,-41.02,-38.96,18.24,0.9903
29723,TRACKING,-0.93114,0.33072,-0.52172,0.15388,0.47000,0.33267,1.90992,-1.63048,0.0155,0.533,1.9163,-1.6220,0.3314,1.4168,0.45856,0.28812,-36.62,-40.09,17.99,0.9889
29733,TRACKING,-0.91988,0.36764,-0.51441,0.17764,0.47000,0.34099,1.90630,-1.64992,0.0078,0.490,1.9131,-1.6461,0.2026,1.4935,0.46473,0.31435,-29.03,-29.77,17.01,0.9906
29743,TRACKING,-0.91839,0.37237,-0.51344,0.18166,0.47000,0.34239,1.90575,-1.65329,0.0083,0.579,1.9131,-1.6495,0.1502,1.4935,0.46724,0.32187,-26.24,-25.33,17.01,0.9912
29753,TRACKING,-0.90813,0.37982,-0.49856,0.19515,0.47000,0.34711,1.90407,-1.66483,0.0097,0.610,1.9098,-1.6570,0.2004,1.4935,0.46691,0.32112,-31.90,-30.93,23.68,0.9826
29763,TRACKING,-0.90689,0.38583,-0.50202,0.19515,0.47000,0.34711,1.90407,-1.66482,0.0071,0.510,1.9098,-1.6606,0.2138,1.4935,0.46614,0.32438,-32.97,-32.06,20.69,0.9858
29773,TRACKING,-0.90483,0.39083,-0.49946,0.20030,0.47000,0.34892,1.90349,-1.66931,0.0066,0.669,1.9098,-1.6674,0.2138,1.4935,0.46614,0.32522,-32.06,-32.06,21.03,0.9855
29783,TRACKING,-0.90486,0.38957,-0.49914,0.19819,0.47000,0.34818,1.90372,-1.66747,0.0061,0.525,1.9098,-1.6674,0.2267,1.4935,0.46605,0.32564,-34.18,-33.22,22.67,0.9844
29793,TRACKING,-0.90001,0.39238,-0.49376,0.20301,0.47000,0.34987,1.90319,-1.67169,0.0079,0.602,1.9098,-1.6674,0.2267,1.4935,0.46591,0.32521,-34.21,-33.22,24.08,0.9813
29803,TRACKING,-0.89790,0.39531,-0.49322,0.20404,0.47000,0.35023,1.90309,-1.67259,0.0069,0.656,1.9098,-1.6713,0.2313,1.4935,0.46608,0.32634,-34.16,-33.67,22.27,0.9813
29813,TRACKING,-0.90349,0.38855,-0.50165,0.19687,0.47000,0.34772,1.90387,-1.66632,0.0077,0.611,1.9098,-1.6713,0.2398,1.4935,0.46565,0.32545,-32.80,-33.75,18.18,0.9862
29823,TRACKING,-0.90122,0.39513,-0.49562,0.20549,0.47000,0.35073,1.90293,-1.67387,0.0074,0.629,1.9098,-1.6713,0.2398,1.4935,0.46565,0.32543,-34.40,-33.75,22.59,0.9840
29833,TRACKING,-0.89786,0.40221,-0.49324,0.21250,0.47000,0.35319,1.90224,-1.68010,0.0090,0.656,1.9098,-1.6752,0.2398,1.4935,0.46565,0.32545,-32.87,-33.71,20.39,0.9847
29843,TRACKING,-0.89667,0.40295,-0.49088,0.21462,0.47000,0.35393,1.90204,-1.68200,0.0103,0.608,1.9098,-1.6752,0.2398,1.4935,0.46585,0.32673,-34.19,-33.71,22.04,0.9834
29853,TRACKING,-0.89548,0.43365,-0.49385,0.23897,0.47000,0.36245,1.90020,-1.70438,0.0060,0.591,1.9062,-1.7053,0.0476,1.4935,0.46906,0.34609,-14.43,-15.35,8.56,0.9964
29863,TRACKING,-0.90721,0.41236,-0.50318,0.21940,0.47000,0.35560,1.90162,-1.68631,0.0093,0.695,1.9062,-1.6912,0.0576,1.1421,0.47075,0.35354,-18.85,-17.94,10.37,0.9966
29873,TRACKING,-0.90803,0.41341,-0.50638,0.21789,0.47000,0.35507,1.90175,-1.68494,0.0076,0.577,1.9062,-1.6912,0.0831,0.8889,0.47029,0.34941,-30.26,-22.57,8.56,0.9989
29883,TRACKING,-0.92154,0.36582,-0.51895,0.16679,0.47000,0.33719,1.90787,-1.64093,0.0110,0.528,1.9117,-1.6471,0.0983,0.8925,0.46934,0.34498,-20.41,-20.41,11.21,0.9909
29893,TRACKING,-0.89780,0.40343,-0.49051,0.20866,0.47000,0.35184,1.90261,-1.67667,0.0087,0.685,1.9084,-1.6831,0.2123,1.4921,0.46992,0.34347,-37.46,-34.67,24.69,0.9806
29903,TRACKING,-0.89683,0.41037,-0.49173,0.22197,0.47000,0.35650,1.90141,-1.68865,0.0089,0.608,1.9084,-1.6831,0.2743,1.4921,0.46488,0.32757,-36.93,-37.52,19.74,0.9872
29913,TRACKING,-0.89823,0.41139,-0.49282,0.21995,0.47000,0.35579,1.90157,-1.68681,0.0068,0.906,1.9084,-1.6864,0.2743,1.4921,0.46473,0.32720,-38.14,-37.52,20.15,0.9874
29923,TRACKING,-0.89774,0.41222,-0.49126,0.22292,0.47000,0.35683,1.90133,-1.68951,0.0077,0.671,1.9084,-1.6864,0.2743,1.4921,0.46488,0.32826,-36.15,-37.04,20.87,0.9872
29933,TRACKING,-0.89652,0.43177,-0.48553,0.25834,0.47000,0.36923,1.89928,-1.72294,0.0268,0.587,1.9049,-1.7072,0.1582,1.4921,0.46490,0.32835,-10.60,-19.96,7.68,0.9974
29943,TRACKING,-0.89681,0.43522,-0.49096,0.24498,0.47000,0.36456,1.89986,-1.71007,0.0077,0.527,1.9049,-1.7159,0.0929,0.4600,0.46994,0.35481,-21.09,-20.75,12.81,0.9964
29953,TRACKING,-0.89723,0.43148,-0.49203,0.23993,0.47000,0.36279,1.90014,-1.70529,0.0049,0.650,1.9049,-1.7045,0.0929,0.3425,0.46986,0.35247,-21.70,-20.75,12.62,0.9951
29963,TRACKING,-0.89726,0.42549,-0.49251,0.22617,0.47000,0.35797,1.90107,-1.69249,0.0127,0.610,1.9049,-1.6997,0.1209,0.6670,0.46981,0.35173,-37.55,-26.91,24.04,0.9897
29973,TRACKING,-0.89912,0.40395,-0.49443,0.21386,0.47000,0.35366,1.90211,-1.68131,0.0036,0.614,1.9049,-1.6835,0.2619,1.4942,0.46532,0.33220,-37.39,-36.51,20.46,0.9864
29983,TRACKING,-0.89919,0.40284,-0.49517,0.20794,0.47000,0.35159,1.90268,-1.67604,0.0078,0.670,1.9049,-1.6835,0.2673,1.4942,0.46448,0.32998,-37.99,-37.03,23.31,0.9846
29993,TRACKING,-0.90003,0.40463,-0.49557,0.21255,0.47000,0.35321,1.90224,-1.68015,0.0028,0.603,1.9049,-1.6794,0.2705,1.4942,0.46398,0.32787,-37.14,-36.47,21.03,0.9869
30003,TRACKING,-0.89872,0.40394,-0.49333,0.21467,0.47000,0.35394,1.90204,-1.68204,0.0039,0.637,1.9049,-1.6794,0.2705,1.4942,0.46397,0.32782,-36.11,-36.47,21.15,0.9857
30013,TRACKING,-0.90087,0.39636,-0.49673,0.20396,0.47000,0.35020,1.90309,-1.67252,0.0071,0.659,1.9049,-1.6794,0.2748,1.4942,0.46383,0.32751,-36.36,-37.09,21.81,0.9845
30023,TRACKING,-0.90587,0.41158,-0.50252,0.22242,0.47000,0.35666,1.90137,-1.68906,0.0063,0.611,1.9049,-1.6839,0.1107,1.4942,0.46588,0.33253,-16.82,-19.75,7.29,0.9972
30033,TRACKING,-0.90107,0.39591,-0.48170,0.17362,0.47000,0.33958,1.90686,-1.64657,0.0438,0.619,1.9049,-1.6728,0.0634,1.2378,0.46973,0.34706,0.00,-16.77,72.99,0.9588
30043,TRACKING,-0.71330,0.28459,-0.22968,0.10164,0.41323,0.31439,1.72206,-1.32916,0.2098,0.519,1.8034,-1.4252,0.1056,-0.3656,0.46029,0.32331,-27.21,-23.28,115.57,0.6989
30053,TRACKING,-0.63473,0.24749,-0.19629,0.02636,0.40154,0.28804,1.70855,-1.23225,0.0925,0.526,1.7267,-1.2847,0.1277,0.3551,0.43017,0.31885,-23.34,-24.20,116.38,0.6395
30063,TRACKING,-0.59661,0.20322,-0.19284,0.01535,0.40033,0.28581,1.70706,-1.22353,0.0030,0.634,1.7052,-1.2212,0.0454,-0.4657,0.40688,0.30172,-18.28,-16.32,117.10,0.6326
30073,TRACKING,-0.60169,0.20069,-0.18880,0.01669,0.39892,0.28581,1.70236,-1.21773,0.0197,0.876,1.7100,-1.2267,0.0972,0.5014,0.40024,0.28084,-21.35,-21.54,116.70,0.6292
30083,TRACKING,-0.56946,0.22391,-0.16208,0.03714,0.38957,0.29181,1.66439,-1.19006,0.0107,0.610,1.6693,-1.1969,0.0876,0.9239,0.38949,0.28040,-18.30,-19.42,119.99,0.6113
30093,TRACKING,-0.57939,0.25491,-0.17942,0.07037,0.39564,0.30344,1.67250,-1.23541,0.0208,0.559,1.6659,-1.2235,0.0825,1.0101,0.38835,0.28892,-19.07,-18.98,116.79,0.6402
30103,TRACKING,-0.58902,0.26735,-0.18264,0.07524,0.39676,0.30515,1.67462,-1.24314,0.0018,0.655,1.6740,-1.2448,0.0734,1.1478,0.39383,0.29858,-17.62,-18.38,117.67,0.6451
30113,TRACKING,-0.57357,0.25680,-0.16436,0.06575,0.39037,0.30182,1.65637,-1.21116,0.0112,0.592,1.6630,-1.2166,0.0645,1.0956,0.39298,0.29743,-17.47,-17.44,120.17,0.6246
30123,TRACKING,-0.57470,0.25768,-0.16229,0.06513,0.38964,0.30161,1.65262,-1.20613,0.0224,0.445,1.6588,-1.2181,0.0519,1.0085,0.39102,0.29900,-14.76,-16.40,122.12,0.6224
30133,TRACKING,-0.58808,0.26527,-0.18769,0.07852,0.39853,0.30629,1.67948,-1.25251,0.0138,0.631,1.6730,-1.2452,0.0631,1.0443,0.39007,0.29787,-19.54,-18.43,118.43,0.6511
30143,TRACKING,-0.58630,0.28941,-0.18341,0.10516,0.39703,0.31562,1.66589,-1.26435,0.0110,0.599,1.6656,-1.2578,0.0631,0.9902,0.39433,0.30571,-17.81,-18.43,118.91,0.6587
30153,TRACKING,-0.56778,0.39277,-0.15061,0.25976,0.38555,0.36973,1.59298,-1.34015,0.0557,0.443,1.6145,-1.3146,0.1550,1.4674,0.39200,0.30845,-30.41,-27.58,158.06,0.7152
30163,TRACKING,-0.27612,0.42253,0.14034,0.25769,0.29772,0.36900,1.28397,-1.02809,0.0298,0.761,1.2948,-1.0139,0.1279,1.4930,0.36489,0.35040,-27.81,-24.13,153.27,0.5203
30173,TRACKING,-0.17186,0.51845,0.26712,0.34227,0.25335,0.39861,1.11709,-0.98006,0.0654,0.762,1.1525,-0.9971,0.1446,1.4930,0.32432,0.34920,-26.58,-25.72,130.00,0.5499
30183,TRACKING,0.01224,0.52922,0.44323,0.33100,0.20000,0.39466,0.91505,-0.83484,0.0311,0.614,0.9266,-0.8495,0.1446,1.4930,0.28493,0.34540,-24.61,-25.72,124.65,0.5223
30193,TRACKING,0.09207,0.52131,0.50689,0.33393,0.20000,0.39569,0.91534,-0.83801,0.0081,0.659,0.9218,-0.8333,0.1249,1.4930,0.24633,0.33908,-20.71,-22.33,119.47,0.5336
30203,TRACKING,0.13500,0.52855,0.54718,0.33950,0.20000,0.39764,0.91592,-0.84406,0.0094,0.661,0.9218,-0.8368,0.0824,1.4930,0.21430,0.37341,-18.27,-19.21,116.65,0.5481
