frame,state,human_u_flt,human_v_flt,du,dv,tcp_target_x,tcp_target_z,ik_q2,ik_q3,ik_jump,ik_time_ms,joint2,joint3,joint5,joint6,tcp_actual_x,tcp_actual_z,raw_wrist_pitch,flt_wrist_pitch,raw_elbow,reach_raw
33,TRACKING,0.00000,0.00000,0.00000,0.00000,0.00000,0.00000,0.00000,0.00000,0.0000,0.000,1.5040,-0.9900,0.0000,0.0000,0.35610,0.46173,0.00,0.00,114.93,0.0000
43,TRACKING,0.00000,0.00000,0.00000,0.00000,0.00000,0.00000,0.00000,0.00000,0.0000,0.000,1.5040,-0.9900,0.0000,0.0000,0.36170,0.42424,0.00,0.00,119.96,0.0000
53,TRACKING,0.00000,0.00000,0.00000,0.00000,0.00000,0.00000,0.00000,0.00000,0.0000,0.000,1.5040,-0.9900,0.0000,0.0000,0.36068,0.37578,0.00,0.00,99.46,0.0000
63,LOST_SHORT,0.00000,0.00000,0.00000,0.00000,0.00000,0.00000,0.00000,0.00000,0.0000,0.000,1.5040,-0.9900,0.0000,0.0000,0.35257,0.32688,0.00,0.00,82.91,0.0000
73,LOST_LONG,0.00000,0.00000,0.00000,0.00000,0.00000,0.00000,0.00000,0.00000,0.0000,0.000,1.5040,-0.9900,0.0000,0.0000,0.34033,0.28699,0.00,0.00,64.37,0.0000
83,LOST_LONG,0.00000,0.00000,0.00000,0.00000,0.00000,0.00000,0.00000,0.00000,0.0000,0.000,1.5040,-0.9900,0.0000,0.0000,0.33981,0.28562,0.00,0.00,80.45,0.0000
93,LOST_LONG,0.00000,0.00000,0.00000,0.00000,0.00000,0.00000,0.00000,0.00000,0.0000,0.000,1.5040,-0.9900,0.0000,0.0000,0.33980,0.28560,0.00,0.00,115.55,0.0000
103,LOST_SHORT,-0.81441,0.24315,-0.49037,0.61546,0.47000,0.49422,2.00428,-2.24614,0.4449,0.848,1.9010,-2.0000,-0.2027,1.2132,0.36237,0.29159,0.00,-29.32,72.27,0.0000
113,TRACKING,-0.87350,0.21017,-0.45862,0.52866,0.47000,0.46384,1.94976,-2.07287,0.0153,0.882,1.9504,-2.0820,-0.2275,1.4952,0.40627,0.29375,-27.31,-27.25,57.61,0.8954
123,TRACKING,-0.86458,0.19805,-0.44744,0.52028,0.47000,0.46091,1.94590,-2.05851,0.0057,0.827,1.9504,-2.0620,-0.2040,1.4686,0.44399,0.27864,-23.30,-24.77,60.60,0.8827
133,TRACKING,-0.87230,0.21167,-0.45915,0.53738,0.47000,0.46689,1.95399,-2.08819,0.0074,0.827,1.9504,-2.0817,-0.1939,0.1076,0.47106,0.28259,-25.27,-25.47,55.93,0.8980
143,TRACKING,-0.90966,0.22617,-0.50865,0.55451,0.47000,0.47289,1.96300,-2.11944,0.0163,0.878,1.9575,-2.1114,-0.1767,0.2549,0.47963,0.32131,-65.77,-49.08,36.90,0.9502
153,TRACKING,-0.88022,0.29802,-0.46018,0.63351,0.47000,0.50000,2.01869,-2.28603,0.0290,0.904,2.0127,-2.2697,-0.4892,-0.0527,0.48421,0.37663,-75.68,-72.99,47.26,0.9265
163,TRACKING,-0.85692,0.32090,-0.43551,0.64366,0.47000,0.50000,2.01869,-2.28603,0.0084,1.066,2.0127,-2.2802,-0.5301,-0.2231,0.48951,0.41481,-73.72,-73.53,56.14,0.9068
173,LOST_SHORT,-0.85467,0.31594,-0.44271,0.64034,0.47000,0.50000,2.01869,-2.28603,0.0084,1.072,2.0127,-2.2802,-0.5301,0.0288,0.47510,0.46674,0.00,-73.53,53.79,0.0000
183,TRACKING,-0.85308,0.31357,-0.44200,0.63630,0.47000,0.50000,2.01869,-2.28603,0.0084,1.078,2.0127,-2.2802,-0.5301,-0.0763,0.45693,0.51108,-75.68,-73.47,53.79,0.9104
193,TRACKING,-0.85597,0.29575,-0.43922,0.59409,0.47000,0.48674,1.98791,-2.19847,0.0766,0.747,2.0028,-2.2420,-0.3501,0.5714,0.44068,0.53966,-4.23,-39.89,63.97,0.8941
203,TRACKING,-0.79234,0.22055,-0.38827,0.53960,0.46873,0.46767,1.94896,-2.08338,0.0369,0.879,1.9344,-2.0666,0.4416,1.4944,0.45016,0.51824,17.17,16.32,71.67,0.8299
213,TRACKING,-0.78336,0.20727,-0.35500,0.52475,0.45709,0.46248,1.88856,-1.98302,0.0758,0.669,1.9115,-2.0223,0.4929,1.3858,0.46230,0.48309,21.79,20.34,85.43,0.7939
223,LOST_SHORT,-0.77723,0.19799,-0.36454,0.52167,0.46043,0.46140,1.90230,-1.99874,0.0031,0.594,1.9001,-1.9966,0.5542,1.4852,0.46240,0.45998,0.00,26.43,89.38,0.0000
233,LOST_SHORT,-0.77575,0.19434,-0.35991,0.51155,0.45881,0.45785,1.89118,-1.97273,0.0255,0.698,1.8965,-1.9871,0.5673,1.4911,0.46066,0.43650,0.00,27.56,88.64,0.0000
243,TRACKING,-0.77789,0.19024,-0.36699,0.51488,0.46129,0.45902,1.90348,-1.99324,0.0093,0.958,1.8965,-1.9871,0.6195,1.4258,0.45699,0.41754,33.13,33.13,79.37,0.8031
253,TRACKING,-0.74989,0.16010,-0.35535,0.49783,0.45721,0.45305,1.87942,-1.94221,0.1040,0.638,1.8490,-1.8877,0.4187,1.4931,0.45217,0.40400,-13.61,1.60,72.64,0.7879
263,TRACKING,-0.75512,0.19282,-0.32685,0.50563,0.44724,0.45578,1.83939,-1.89632,0.0871,0.661,1.8626,-1.9431,0.1733,0.5607,0.45298,0.42410,-11.59,-11.57,83.70,0.7619
273,LOST_SHORT,-0.80866,0.18990,-0.41097,0.51157,0.47000,0.45786,1.94211,-2.04391,0.0209,0.840,1.9337,-2.0347,0.0641,0.3413,0.46344,0.43748,0.00,-21.12,84.67,0.0000
283,TRACKING,-0.82262,0.20403,-0.42016,0.53746,0.47000,0.46692,1.95403,-2.08834,0.0328,0.825,1.9470,-2.0700,0.0903,0.5452,0.46893,0.45259,-10.37,-14.90,66.81,0.8602
293,LOST_SHORT,-0.86736,0.25492,-0.46070,0.58382,0.47000,0.48315,1.98084,-2.17694,0.0127,0.978,1.9750,-2.1702,-0.1005,1.2197,0.47139,0.46653,0.00,-39.65,64.96,0.0000
303,TRACKING,-0.80228,0.30917,-0.36947,0.64238,0.46215,0.50000,1.97404,-2.21982,0.0480,0.960,1.9915,-2.2427,-0.4762,0.1846,0.46494,0.49928,-74.91,-72.67,72.14,0.8449
313,LOST_SHORT,-0.78123,0.32296,-0.36671,0.64797,0.46119,0.50000,1.96879,-2.21216,0.0079,0.732,1.9734,-2.2186,-0.5471,0.1652,0.44866,0.52667,0.00,-74.95,62.79,0.0000
323,LOST_SHORT,-0.78123,0.32296,-0.36671,0.64797,0.46119,0.50000,1.96879,-2.21216,0.0079,0.732,1.9734,-2.2186,-0.5471,0.1652,0.43480,0.53968,0.00,-74.95,60.04,0.0000
333,TRACKING,-0.77358,0.21582,-0.34706,0.51901,0.45431,0.46047,1.87306,-1.95458,0.1003,0.585,1.8990,-2.0089,-0.5471,1.4834,0.44028,0.53133,23.36,-74.95,84.65,0.7848
343,LOST_SHORT,-0.76975,0.16704,-0.35919,0.48818,0.45856,0.44968,1.88214,-1.93586,0.0069,0.591,1.8758,-1.9331,-0.5471,1.4940,0.42266,0.53034,0.00,-74.95,101.78,0.0000
353,TRACKING,-0.80467,0.13717,-0.40351,0.46628,0.47000,0.44201,1.92547,-1.97297,0.0341,0.665,1.9166,-1.9545,-0.5471,1.4940,0.44210,0.49174,17.29,-74.95,69.78,0.8289
363,TRACKING,-0.89006,0.10943,-0.49877,0.42525,0.47000,0.42765,1.91435,-1.91488,0.0166,0.619,1.9220,-1.9237,-0.3448,0.5928,0.45079,0.48583,-16.31,-40.61,44.95,0.9175
373,TRACKING,-0.93822,0.12120,-0.52736,0.45210,0.47000,0.43705,1.92123,-1.95229,0.0135,0.521,1.9187,-1.9443,-0.1191,0.6757,0.46267,0.45783,-39.62,-37.87,36.62,0.9492
383,TRACKING,-0.95411,0.12428,-0.54073,0.44535,0.47000,0.43469,1.91937,-1.94269,0.0052,0.631,1.9187,-1.9478,-0.2066,1.3876,0.46603,0.45282,-43.18,-44.33,32.35,0.9615
393,TRACKING,-0.94996,0.10193,-0.53706,0.42302,0.47000,0.42687,1.91384,-1.91187,0.0092,0.922,1.9187,-1.9196,-0.2066,1.4936,0.46652,0.45031,-45.04,-44.33,34.75,0.9553
403,TRACKING,-0.89495,0.09050,-0.47366,0.41033,0.47000,0.42243,1.91113,-1.89501,0.0118,0.615,1.9187,-1.9004,-0.1294,1.4794,0.46890,0.44009,-35.14,-36.28,56.76,0.8910
413,TRACKING,-0.93512,0.07956,-0.53127,0.39940,0.47000,0.41860,1.90903,-1.88084,0.0116,0.636,1.9155,-1.8866,-0.2339,1.4847,0.46931,0.43457,-52.23,-49.47,36.34,0.9474
423,TRACKING,-0.95012,0.07656,-0.53705,0.40155,0.47000,0.41935,1.90943,-1.88361,0.0061,0.692,1.9155,-1.8833,-0.2844,1.1228,0.46710,0.44073,-52.53,-51.58,35.36,0.9533
433,TRACKING,-0.95439,0.08710,-0.54287,0.41155,0.47000,0.42285,1.91138,-1.89661,0.0051,0.613,1.9155,-1.8936,-0.2844,1.0963,0.46666,0.44234,-52.40,-51.58,32.45,0.9600
443,TRACKING,-0.95779,0.08314,-0.54391,0.40610,0.47000,0.42095,1.91029,-1.88949,0.0067,0.622,1.9155,-1.8936,-0.2936,1.0467,0.46587,0.44563,-52.88,-52.17,33.73,0.9605
453,TRACKING,-0.95649,0.08019,-0.54434,0.40539,0.47000,0.42070,1.91016,-1.88856,0.0056,0.630,1.9155,-1.8901,-0.3046,1.0840,0.46599,0.44497,-49.40,-52.09,32.33,0.9609
463,TRACKING,-0.95967,0.08665,-0.54696,0.41105,0.47000,0.42268,1.91128,-1.89595,0.0072,0.680,1.9155,-1.8901,-0.2819,1.3265,0.46637,0.44377,-52.81,-50.96,31.09,0.9640
473,TRACKING,-0.95437,0.10688,-0.53168,0.44347,0.47000,0.43403,1.91886,-1.94003,0.0266,0.660,1.9155,-1.9242,-0.2480,1.4835,0.46581,0.44580,-35.69,-43.85,41.73,0.9523
483,TRACKING,-0.92794,0.10806,-0.51214,0.42485,0.47000,0.42751,1.91426,-1.91435,0.0174,0.608,1.9155,-1.9248,-0.1004,1.4941,0.46636,0.44941,-32.90,-33.85,44.32,0.9307
493,TRACKING,-0.92219,0.09646,-0.50997,0.41673,0.47000,0.42467,1.91246,-1.90346,0.0068,0.634,1.9155,-1.9095,-0.0955,1.4941,0.46948,0.43419,-34.35,-33.21,44.40,0.9277
503,TRACKING,-0.92312,0.09880,-0.50401,0.41947,0.47000,0.42563,1.91306,-1.90712,0.0034,0.616,1.9155,-1.9095,-0.0864,1.4941,0.46956,0.43373,-29.21,-31.81,49.72,0.9221
513,TRACKING,-0.92689,0.09751,-0.51640,0.42130,0.47000,0.42627,1.91346,-1.90956,0.0020,0.620,1.9155,-1.9095,-0.0857,1.4941,0.46989,0.43177,-36.28,-34.07,40.90,0.9346
523,TRACKING,-0.95552,0.07602,-0.54237,0.39932,0.47000,0.41857,1.90902,-1.88074,0.0065,0.627,1.9155,-1.8801,-0.3601,1.4941,0.46937,0.43313,-57.99,-58.69,33.82,0.9584
533,TRACKING,-0.95782,0.08180,-0.54485,0.40786,0.47000,0.42156,1.91064,-1.89178,0.0091,0.841,1.9155,-1.8841,-0.3548,1.4895,0.46467,0.44652,-56.50,-56.50,32.29,0.9616
543,TRACKING,-0.95903,0.08488,-0.54599,0.40958,0.47000,0.42216,1.91098,-1.89403,0.0075,0.642,1.9155,-1.8881,-0.3465,1.4575,0.46433,0.44841,-55.43,-55.81,31.51,0.9629
553,LOST_SHORT,-0.91902,0.13122,-0.49791,0.46712,0.47000,0.44230,1.92573,-1.97422,0.0235,0.629,1.9192,-1.9607,-0.2977,1.4933,0.46346,0.45413,0.00,-51.52,47.34,0.0000
563,LOST_SHORT,-0.84972,0.23820,-0.40990,0.59797,0.47000,0.48810,1.99071,-2.20683,0.0905,1.154,1.9750,-2.1548,-0.3802,1.4933,0.46893,0.46976,0.00,-62.05,54.57,0.0000
573,LOST_LONG,-0.84972,0.23820,-0.40990,0.59797,0.47000,0.48810,1.99071,-2.20683,0.0905,1.154,1.9750,-2.1548,-0.3802,1.4933,0.45629,0.50739,0.00,-62.05,45.69,0.0000
583,LOST_LONG,-0.84972,0.23820,-0.40990,0.59797,0.47000,0.48810,1.99071,-2.20683,0.0905,1.154,1.9750,-2.1548,-0.3802,1.4933,0.45535,0.50947,0.00,-62.05,49.02,0.0000
593,LOST_LONG,-0.84972,0.23820,-0.40990,0.59797,0.47000,0.48810,1.99071,-2.20683,0.0905,1.154,1.5948,-1.2145,-0.0733,0.2878,0.44683,0.51128,0.00,-62.05,41.84,0.0000
603,LOST_LONG,-0.84972,0.23820,-0.40990,0.59797,0.47000,0.48810,1.99071,-2.20683,0.0905,1.154,1.5173,-1.0044,-0.0107,0.0185,0.42247,0.51045,0.00,-62.05,57.23,0.0000
613,LOST_SHORT,-0.86485,0.06816,-0.45831,0.27367,0.47000,0.37460,1.89892,-1.73812,0.4169,0.524,1.7672,-1.5255,-0.0107,0.0107,0.38713,0.51196,0.00,0.00,56.44,0.0000
623,LOST_SHORT,-0.86485,0.06816,-0.45831,0.27367,0.47000,0.37460,1.89892,-1.73812,0.4169,0.524,1.7672,-1.5255,-0.0107,0.0107,0.43246,0.42263,0.00,0.00,55.30,0.0000
633,LOST_SHORT,-0.73824,0.33016,-0.21622,0.74385,0.40851,0.50000,1.72770,-1.88539,0.2435,0.875,1.8337,-1.9859,-0.1383,0.9143,0.45260,0.39414,0.00,-35.11,103.10,0.0000
643,TRACKING,-0.71022,0.54508,-0.30803,0.87221,0.44065,0.50000,1.86638,-2.06728,0.0452,0.841,1.8506,-2.0453,-0.2448,-0.3037,0.43543,0.46483,-47.01,-48.09,54.19,0.9059
653,TRACKING,-0.73595,0.54330,-0.32592,0.86049,0.44691,0.50000,1.89605,-2.10832,0.0148,0.829,1.8902,-2.1016,-0.2083,0.1907,0.44711,0.48445,-36.41,-41.24,53.05,0.9132
663,TRACKING,-0.76086,0.51881,-0.34825,0.84779,0.45473,0.50000,1.93485,-2.16314,0.0016,0.660,1.9338,-2.1619,-0.1658,0.6705,0.44613,0.50955,-39.69,-40.06,47.14,0.9241
673,LOST_SHORT,-0.75942,0.50636,-0.34530,0.82186,0.45369,0.50000,1.92959,-2.15564,0.0076,0.621,1.9338,-2.1619,-0.1658,0.5889,0.44873,0.51380,0.00,-40.06,77.56,0.0000
683,LOST_LONG,-0.75942,0.50636,-0.34530,0.82186,0.45369,0.50000,1.92959,-2.15564,0.0076,0.621,1.9338,-2.1619,-0.1658,0.5889,0.44874,0.51383,0.00,-40.06,103.22,0.0000
693,LOST_LONG,-0.75942,0.50636,-0.34530,0.82186,0.45369,0.50000,1.92959,-2.15564,0.0076,0.621,1.9338,-2.1619,-0.1658,0.5889,0.44874,0.51382,0.00,-40.06,99.59,0.0000
703,TRACKING,-0.79512,0.48562,-0.38202,0.80961,0.46654,0.50000,1.99854,-2.25594,1.1186,0.720,1.7515,-1.6319,-0.1222,0.3954,0.43770,0.51591,-48.46,-48.46,53.85,0.9317
713,TRACKING,-0.77537,0.45076,-0.36657,0.76649,0.46114,0.50000,1.96852,-2.21177,0.0273,0.721,1.9600,-2.1978,-0.2272,0.5338,0.44423,0.50850,-43.31,-45.19,54.22,0.8965
723,TRACKING,-0.78307,0.43134,-0.37038,0.74881,0.46247,0.50000,1.97578,-2.22237,0.0007,0.702,1.9751,-2.2223,-0.2169,0.6025,0.45345,0.51707,-44.50,-44.20,55.89,0.8913
733,TRACKING,-0.79403,0.40674,-0.38350,0.72511,0.46706,0.50000,2.00152,-2.26036,0.0143,0.814,1.9965,-2.2534,-0.2169,0.5852,0.45466,0.51854,-45.62,-44.81,55.33,0.8919
743,TRACKING,-0.80491,0.37568,-0.39384,0.69129,0.47000,0.50000,2.01869,-2.28603,0.0102,1.042,2.0118,-2.2785,-0.0668,-0.1759,0.45837,0.51814,-16.99,-24.40,56.65,0.8866
753,TRACKING,-0.79208,0.36139,-0.37919,0.68473,0.46555,0.50000,1.99291,-2.24760,0.0007,0.735,1.9923,-2.2471,0.6049,0.2735,0.46507,0.50340,35.96,33.49,60.20,0.8706
763,TRACKING,-0.79263,0.36335,-0.38082,0.69037,0.46613,0.50000,1.99616,-2.25241,0.0065,0.727,1.9923,-2.2471,0.7400,0.8542,0.46948,0.48442,43.08,41.96,59.76,0.8744
773,TRACKING,-0.79623,0.35464,-0.38426,0.67836,0.46733,0.50000,2.00304,-2.26263,0.0099,0.749,1.9957,-2.2560,0.7994,0.4304,0.47086,0.46644,49.21,47.89,61.31,0.8726
783,TRACKING,-0.80558,0.37868,-0.39499,0.70819,0.47000,0.50000,2.01869,-2.28603,0.0091,1.061,2.0116,-2.2802,0.7452,0.9511,0.47072,0.44676,-28.98,40.21,52.91,0.8948
793,TRACKING,-0.80005,0.40906,-0.38323,0.73914,0.46697,0.50000,2.00097,-2.25954,0.0130,0.747,2.0082,-2.2661,0.7340,-0.0917,0.46744,0.43608,-58.25,40.21,54.12,0.8981
803,TRACKING,-0.79617,0.42146,-0.38324,0.73737,0.46697,0.50000,2.00099,-2.25958,0.0076,0.894,2.0050,-2.2661,0.7340,0.5839,0.46733,0.43327,-63.09,40.21,55.17,0.8972
813,TRACKING,-0.79618,0.40454,-0.38210,0.72860,0.46657,0.50000,1.99872,-2.25620,0.0071,0.955,2.0015,-2.2628,0.7340,0.6222,0.46508,0.43464,-62.90,40.21,54.71,0.8922
823,TRACKING,-0.79315,0.39867,-0.38028,0.72293,0.46594,0.50000,1.99508,-2.25081,0.0029,0.746,1.9980,-2.2502,0.7340,0.5548,0.46530,0.43341,-66.28,40.21,55.51,0.8880
833,TRACKING,-0.78863,0.40324,-0.37428,0.72794,0.46384,0.50000,1.98330,-2.23341,0.0094,0.731,1.9908,-2.2392,0.7340,0.3542,0.46450,0.43365,-73.70,40.21,56.52,0.8850
843,TRACKING,-0.77968,0.41197,-0.36652,0.73725,0.46112,0.50000,1.96842,-2.21161,0.0004,0.728,1.9684,-2.2112,0.7340,0.4197,0.46288,0.43351,-68.45,40.21,56.85,0.8824
853,TRACKING,-0.78012,0.39225,-0.36193,0.71871,0.45952,0.50000,1.95982,-2.19911,0.0234,0.786,1.9676,-2.2108,0.5388,1.4912,0.45939,0.43492,-14.30,8.33,61.10,0.8698
863,TRACKING,-0.76054,0.39051,-0.34530,0.71418,0.45369,0.50000,1.92959,-2.15564,0.0107,0.613,1.9363,-2.1606,0.2315,1.4947,0.45917,0.44982,-3.48,-4.53,64.39,0.8529
873,TRACKING,-0.76459,0.38161,-0.34992,0.70413,0.45531,0.50000,1.93784,-2.16741,0.0080,0.977,1.9428,-2.1737,0.3816,1.4947,0.45982,0.47013,36.84,18.10,65.73,0.8525
883,TRACKING,-0.78000,0.36536,-0.37034,0.68938,0.46246,0.50000,1.97569,-2.22224,0.0142,0.781,1.9709,-2.2152,0.6958,1.4947,0.46080,0.45894,32.54,36.01,62.47,0.8645
893,TRACKING,-0.78453,0.37202,-0.37255,0.69623,0.46323,0.50000,1.97994,-2.22848,0.0113,0.684,1.9745,-2.2217,0.6272,1.4937,0.46177,0.44412,27.68,29.69,61.50,0.8694
903,TRACKING,-0.78315,0.37743,-0.36849,0.70492,0.46181,0.50000,1.97216,-2.21709,0.0101,0.752,1.9778,-2.2221,0.5482,1.4937,0.46500,0.44984,25.40,24.54,61.57,0.8695
913,TRACKING,-0.79315,0.38707,-0.38510,0.70840,0.46762,0.50000,2.00474,-2.26516,0.0235,0.752,1.9971,-2.2534,0.3725,1.4251,0.46614,0.44972,-8.33,0.75,57.54,0.8859
923,TRACKING,-0.76732,0.43191,-0.33690,0.76588,0.45075,0.50000,1.91484,-2.13471,0.0805,1.002,1.9427,-2.1742,-0.2413,0.3499,0.47139,0.46708,-53.67,-51.48,61.96,0.8705
933,TRACKING,-0.72440,0.46797,-0.30987,0.79506,0.44129,0.50000,1.86938,-2.07139,0.0080,0.845,1.8754,-2.0766,-0.3430,0.1176,0.44750,0.49324,-57.63,-56.82,61.60,0.8629
943,TRACKING,-0.72054,0.47543,-0.30550,0.79811,0.43976,0.50000,1.86227,-2.06165,0.0133,0.836,1.8675,-2.0677,-0.3798,0.2630,0.44099,0.50493,-61.89,-60.52,62.63,0.8609
953,TRACKING,-0.71700,0.47157,-0.30273,0.79374,0.43880,0.50000,1.85781,-2.05555,0.0100,0.879,1.8640,-2.0634,-0.4176,0.2023,0.43036,0.52298,-64.18,-63.39,63.46,0.8562
963,TRACKING,-0.71602,0.46965,-0.30254,0.79277,0.43873,0.50000,1.85749,-2.05513,0.0058,0.852,1.8607,-2.0600,-0.4309,0.2647,0.42173,0.53357,-63.60,-64.49,63.89,0.8555
973,TRACKING,-0.72094,0.46933,-0.30989,0.79274,0.44130,0.50000,1.86942,-2.07144,0.0144,0.860,1.8642,-2.0646,-0.4309,0.2651,0.42077,0.53409,-65.67,-64.49,61.82,0.8617
983,TRACKING,-0.72394,0.46554,-0.31825,0.78606,0.44423,0.50000,1.88318,-2.09043,0.0291,0.829,1.8730,-2.0762,-0.4760,1.0377,0.42143,0.53405,-73.91,-70.52,60.69,0.8651
993,TRACKING,-0.72870,0.45304,-0.31463,0.77779,0.44296,0.50000,1.87720,-2.08215,0.0090,0.830,1.8825,-2.0894,-0.5438,1.4922,0.41873,0.54028,-72.86,-73.66,63.57,0.8576
1003,TRACKING,-0.72642,0.46006,-0.31221,0.78354,0.44211,0.50000,1.87321,-2.07665,0.0084,0.817,1.8790,-2.0827,-0.5394,1.4922,0.41800,0.54106,-72.45,-73.23,63.68,0.8586
1013,TRACKING,-0.72570,0.45612,-0.31292,0.77905,0.44236,0.50000,1.87437,-2.07826,0.0064,1.178,1.8790,-2.0827,-0.5394,1.4922,0.41790,0.54032,-73.22,-73.23,64.21,0.8569
1023,TRACKING,-0.72283,0.46936,-0.30992,0.79733,0.44131,0.50000,1.86946,-2.07150,0.0035,0.824,1.8719,-2.0741,-0.5394,1.4922,0.41636,0.54076,-72.57,-73.23,61.68,0.8642
1033,TRACKING,-0.72545,0.46354,-0.31632,0.78424,0.44355,0.50000,1.87998,-2.08600,0.0140,0.859,1.8752,-2.0791,-0.4272,1.4922,0.41922,0.53747,-62.09,-63.29,62.48,0.8625
1043,TRACKING,-0.75697,0.43347,-0.34550,0.75626,0.45376,0.50000,1.92994,-2.15613,0.0090,0.692,1.9248,-2.1488,-0.4308,0.2651,0.43083,0.53339,-66.00,-64.54,59.62,0.8731
1053,TRACKING,-0.76243,0.43170,-0.35060,0.75544,0.45555,0.50000,1.93907,-2.16918,0.0097,0.623,1.9317,-2.1628,-0.4402,0.1962,0.43240,0.53496,-65.62,-65.56,58.72,0.8772
1063,TRACKING,-0.76184,0.42960,-0.35028,0.75234,0.45544,0.50000,1.93849,-2.16836,0.0088,0.620,1.9317,-2.1628,-0.4529,0.3835,0.43275,0.53589,-67.47,-66.56,59.09,0.8754
1073,TRACKING,-0.74624,0.43934,-0.32824,0.76415,0.44772,0.50000,1.89998,-2.11382,0.0191,0.822,1.9066,-2.1232,-0.3584,1.4786,0.43363,0.53465,-47.95,-54.50,64.01,0.8622
1083,TRACKING,-0.73498,0.44843,-0.32128,0.77742,0.44529,0.50000,1.88823,-2.09744,0.0091,0.815,1.8958,-2.1025,-0.2068,1.4720,0.43667,0.52244,-40.21,-42.05,62.08,0.8631
1093,TRACKING,-0.72797,0.44523,-0.31429,0.76469,0.44284,0.50000,1.87662,-2.08136,0.0088,1.236,1.8818,-2.0886,0.1054,0.2756,0.44166,0.50891,-6.87,-11.13,65.61,0.8505
1103,TRACKING,-0.73641,0.43852,-0.32612,0.76041,0.44698,0.50000,1.89639,-2.10879,0.0120,0.853,1.8893,-2.1029,0.3012,-0.4511,0.44616,0.49117,3.40,2.35,64.56,0.8584
1113,TRACKING,-0.73531,0.44501,-0.32314,0.77136,0.44594,0.50000,1.89135,-2.10177,0.0029,0.824,1.8893,-2.0996,0.4034,-0.4771,0.44911,0.47292,12.80,11.84,61.96,0.8615
1123,TRACKING,-0.73643,0.43717,-0.32601,0.75724,0.44694,0.50000,1.89619,-2.10852,0.0112,0.879,1.8893,-2.1032,0.4083,-0.3445,0.44892,0.46345,10.03,11.03,64.42,0.8567
1133,TRACKING,-0.73706,0.43431,-0.32455,0.75812,0.44643,0.50000,1.89373,-2.10509,0.0022,0.854,1.8927,-2.1032,0.3902,-0.4972,0.44972,0.46296,8.01,9.17,65.11,0.8559
1143,TRACKING,-0.73244,0.43048,-0.31786,0.75766,0.44409,0.50000,1.88253,-2.08953,0.0097,0.865,1.8894,-2.0963,0.3768,-1.2594,0.44990,0.46456,7.30,8.09,66.34,0.8499
1153,TRACKING,-0.73596,0.43534,-0.32298,0.76051,0.44588,0.50000,1.89109,-2.10141,0.0044,0.824,1.8894,-2.0973,0.3437,-1.4933,0.44984,0.46524,5.20,5.11,65.11,0.8558
1163,TRACKING,-0.73908,0.43660,-0.32601,0.75947,0.44694,0.50000,1.89620,-2.10853,0.0053,0.861,1.8928,-2.1045,0.3437,-1.4933,0.44960,0.46842,4.06,5.11,64.92,0.8579
1173,TRACKING,-0.73475,0.43043,-0.32086,0.75329,0.44514,0.50000,1.88754,-2.09647,0.0069,0.876,1.8928,-2.1010,0.3384,-1.4933,0.45014,0.46951,3.65,4.48,66.34,0.8503
1183,TRACKING,-0.73767,0.42869,-0.32621,0.75078,0.44701,0.50000,1.89653,-2.10900,0.0085,0.829,1.8895,-2.1042,0.3157,-1.4933,0.44968,0.46889,2.61,2.70,65.64,0.8537
1193,TRACKING,-0.74036,0.42771,-0.32721,0.75131,0.44736,0.50000,1.89823,-2.11136,0.0065,1.011,1.8930,-2.1076,0.3157,-1.4933,0.45004,0.47243,2.65,2.70,65.55,0.8548
1203,TRACKING,-0.73323,0.42841,-0.31829,0.75552,0.44424,0.50000,1.88326,-2.09053,0.0130,0.751,1.8891,-2.0957,0.3157,-1.4933,0.45019,0.47195,4.45,3.31,65.42,0.8492
1213,TRACKING,-0.73275,0.43308,-0.31939,0.75869,0.44463,0.50000,1.88509,-2.09307,0.0048,0.863,1.8891,-2.0957,0.3157,-1.4933,0.44974,0.47056,3.12,3.31,66.03,0.8518
1223,TRACKING,-0.73269,0.43319,-0.31911,0.75800,0.44453,0.50000,1.88461,-2.09241,0.0056,0.868,1.8891,-2.0957,0.3123,-1.4933,0.44973,0.47078,2.95,2.37,65.23,0.8512
1233,TRACKING,-0.73073,0.43864,-0.31786,0.76201,0.44409,0.50000,1.88253,-2.08953,0.0020,0.837,1.8819,-2.0876,0.3363,-1.4933,0.44809,0.47066,2.95,4.57,65.49,0.8522
1243,TRACKING,-0.73890,0.43877,-0.32729,0.76479,0.44739,0.50000,1.89835,-2.11154,0.0063,0.832,1.8944,-2.1066,0.2745,-1.4594,0.44780,0.47145,-1.89,-1.42,64.32,0.8617
1253,TRACKING,-0.73473,0.44352,-0.32144,0.76865,0.44534,0.50000,1.88851,-2.09781,0.0044,0.779,1.8909,-2.1015,0.2707,-0.8542,0.45053,0.47572,-0.28,-0.25,63.58,0.8587
1263,TRACKING,-0.73366,0.44576,-0.32007,0.76951,0.44486,0.50000,1.88621,-2.09463,0.0014,0.936,1.8873,-2.0938,0.2707,-0.8075,0.44944,0.47508,-0.40,-0.25,64.19,0.8579
1273,TRACKING,-0.73492,0.44054,-0.32179,0.76633,0.44547,0.50000,1.88909,-2.09863,0.0023,0.847,1.8873,-2.0971,0.2696,-0.7205,0.44926,0.47435,-1.23,-1.64,63.65,0.8578
1283,TRACKING,-0.73625,0.44002,-0.32411,0.76446,0.44628,0.50000,1.89299,-2.10405,0.0090,0.893,1.8873,-2.0971,0.2654,-0.5320,0.44897,0.47621,-2.03,-0.92,63.29,0.8588
1293,TRACKING,-0.73977,0.44101,-0.32671,0.76516,0.44719,0.50000,1.89738,-2.11018,0.0045,0.855,1.8940,-2.1073,0.2704,-0.5085,0.45004,0.47679,0.74,-0.26,62.97,0.8614
1303,TRACKING,-0.73788,0.44071,-0.32540,0.76412,0.44673,0.50000,1.89517,-2.10709,0.0012,0.831,1.8940,-2.1073,0.2854,-0.4695,0.45036,0.47502,1.20,0.87,62.87,0.8597
1313,TRACKING,-0.74018,0.44481,-0.32510,0.77306,0.44662,0.50000,1.89466,-2.10638,0.0011,0.828,1.8940,-2.1073,0.2534,-0.5088,0.45038,0.47488,-2.46,-3.02,61.90,0.8641
1323,TRACKING,-0.72953,0.44544,-0.31161,0.76818,0.44190,0.50000,1.87223,-2.07531,0.0179,0.794,1.8785,-2.0840,0.2489,-1.4340,0.45157,0.47943,1.06,-1.38,66.11,0.8500
1333,TRACKING,-0.74085,0.43588,-0.32785,0.76191,0.44758,0.50000,1.89930,-2.11287,0.0068,0.837,1.8947,-2.1078,0.2650,-1.4949,0.44925,0.47716,0.60,-0.69,62.70,0.8607
1343,TRACKING,-0.73794,0.44047,-0.32927,0.75997,0.44808,0.50000,1.90173,-2.11627,0.0136,0.707,1.8947,-2.1093,0.2943,-1.4949,0.45058,0.47541,1.78,1.67,61.53,0.8609
1353,TRACKING,-0.74798,0.40753,-0.33366,0.72842,0.44962,0.50000,1.90924,-2.12681,0.0052,0.859,1.9097,-2.1320,0.3679,-0.4632,0.45344,0.47276,10.92,9.37,66.07,0.8492
1363,TRACKING,-0.75786,0.40324,-0.34587,0.72458,0.45389,0.50000,1.93060,-2.15707,0.0079,0.582,1.9258,-2.1508,0.4081,0.1302,0.45407,0.46546,12.17,11.91,63.85,0.8582
1373,TRACKING,-0.75841,0.39799,-0.34380,0.71840,0.45317,0.50000,1.92694,-2.15186,0.0091,0.686,1.9333,-2.1583,0.1075,0.5987,0.45734,0.46781,-28.96,-22.76,65.05,0.8535
1383,LOST_SHORT,-0.73231,0.37661,-0.31392,0.70232,0.44271,0.50000,1.87603,-2.08054,0.0192,0.879,1.8828,-2.0898,0.0051,0.9784,0.45384,0.48577,0.00,-25.41,77.02,0.0000
1393,TRACKING,-0.76247,0.37986,-0.34962,0.70872,0.45521,0.50000,1.93730,-2.16665,0.0056,0.631,1.9343,-2.1619,-0.0061,1.1280,0.45373,0.50094,-24.15,-25.20,65.11,0.8543
1403,TRACKING,-0.76327,0.40181,-0.34958,0.72900,0.45519,0.50000,1.93723,-2.16655,0.0032,0.617,1.9343,-2.1652,0.0124,0.9294,0.45458,0.50000,-23.88,-23.58,63.53,0.8636
1413,TRACKING,-0.76218,0.40514,-0.34831,0.73011,0.45475,0.50000,1.93496,-2.16330,0.0058,0.665,1.9376,-2.1685,0.0124,1.1689,0.45520,0.49954,-22.64,-23.58,63.97,0.8630
1423,TRACKING,-0.76883,0.39547,-0.35695,0.71695,0.45777,0.50000,1.95061,-2.18578,0.0070,1.062,1.9481,-2.1792,0.0127,1.0961,0.45717,0.49919,-24.63,-23.47,65.10,0.8645
1433,TRACKING,-0.76982,0.40298,-0.35785,0.73038,0.45809,0.50000,1.95226,-2.18817,0.0013,0.930,1.9514,-2.1872,0.0081,1.0799,0.45810,0.49768,-27.76,-25.54,60.12,0.8715
1443,LOST_SHORT,-0.76888,0.41400,-0.35606,0.73630,0.45746,0.50000,1.94898,-2.18343,0.0045,0.951,1.9514,-2.1872,0.1076,1.4910,0.45968,0.49421,0.00,-14.47,70.93,0.0000
1453,TRACKING,-0.79098,0.37307,-0.37502,0.70311,0.46409,0.50000,1.98473,-2.23552,0.0201,0.796,1.9915,-2.2455,0.0954,0.9637,0.46543,0.49160,-12.54,-15.30,61.77,0.8746
1463,LOST_SHORT,-0.77612,0.37970,-0.36370,0.70471,0.46013,0.50000,1.96311,-2.20389,0.0035,0.747,1.9611,-2.2010,0.1701,-0.3821,0.46459,0.48539,0.00,-10.61,66.53,0.0000
1473,TRACKING,-0.78710,0.39612,-0.37568,0.72519,0.46432,0.50000,1.98601,-2.23741,0.0101,0.764,1.9795,-2.2297,-0.0871,1.4590,0.46395,0.49126,-42.15,-37.27,59.17,0.8850
1483,TRACKING,-0.77424,0.42427,-0.35709,0.75113,0.45782,0.50000,1.95087,-2.18615,0.0217,0.898,1.9581,-2.1970,-0.2342,1.4947,0.45811,0.51034,-44.74,-46.07,62.37,0.8807
1493,TRACKING,-0.76780,0.42649,-0.35451,0.75018,0.45692,0.50000,1.94614,-2.17933,0.0049,1.041,1.9503,-2.1820,-0.2152,1.4947,0.45013,0.51682,-44.93,-44.67,61.79,0.8780
1503,TRACKING,-0.76069,0.43507,-0.34562,0.75976,0.45380,0.50000,1.93015,-2.15643,0.0099,0.809,1.9359,-2.1612,-0.1940,1.4947,0.44950,0.51687,-43.10,-42.25,62.68,0.8750
1513,TRACKING,-0.76091,0.44458,-0.34788,0.76948,0.45460,0.50000,1.93419,-2.16220,0.0020,0.601,1.9359,-2.1612,-0.1940,1.4947,0.44845,0.51495,-42.05,-42.25,61.13,0.8818
1523,TRACKING,-0.76074,0.44195,-0.34572,0.76169,0.45384,0.50000,1.93033,-2.15669,0.0102,0.531,1.9359,-2.1618,-0.2050,1.4947,0.44741,0.51697,-43.74,-43.24,63.11,0.8760
1533,TRACKING,-0.77305,0.41513,-0.35943,0.73813,0.45864,0.50000,1.95517,-2.19237,0.0074,0.945,1.9598,-2.1982,-0.0730,1.4947,0.44799,0.51578,-23.09,-28.64,64.16,0.8765
1543,TRACKING,-0.75303,0.40908,-0.33972,0.73234,0.45174,0.50000,1.91976,-2.14167,0.0053,0.658,1.9241,-2.1447,0.0057,1.4947,0.45400,0.50060,-23.94,-24.23,64.08,0.8564
1553,TRACKING,-0.78240,0.40480,-0.37653,0.72800,0.46462,0.50000,1.98768,-2.23987,0.0323,0.698,1.9768,-2.2238,-0.1254,1.4947,0.45456,0.49935,-43.96,-40.21,64.36,0.8870
1563,LOST_SHORT,-0.75144,0.37008,-0.32271,0.67453,0.44579,0.50000,1.89064,-2.10078,0.0662,0.693,1.9135,-2.1332,-0.0606,1.0801,0.45137,0.51009,0.00,-27.14,98.08,0.0000
1573,LOST_SHORT,-0.75144,0.37008,-0.32271,0.67453,0.44579,0.50000,1.89064,-2.10078,0.0662,0.693,1.9135,-2.1332,-0.0606,1.0801,0.44871,0.50517,0.00,-27.14,49.67,0.0000
1583,TRACKING,-0.00354,-0.54914,0.64152,-0.39796,0.20000,0.15353,1.32595,-0.34429,0.5252,0.731,1.3503,-0.6585,-0.0606,1.0801,0.44836,0.50535,0.00,0.00,60.41,0.7572
1593,TRACKING,0.47458,-0.69617,0.94198,-0.34316,0.20000,0.17271,1.24615,-0.35752,0.0642,0.760,1.2843,-0.3525,-0.0606,1.0801,0.40841,0.52184,0.00,0.00,80.75,0.8513
1603,TRACKING,0.36686,-0.60207,0.87818,-0.33025,0.20000,0.17722,1.22867,-0.36152,0.0977,0.745,1.1740,-0.3827,-0.0606,1.0801,0.37200,0.53110,0.00,0.00,77.00,0.8027
1613,TRACKING,0.49128,-0.60489,0.98849,-0.31390,0.20000,0.18295,1.20727,-0.36704,0.0578,0.778,1.1752,-0.3803,-0.0606,1.0801,0.33161,0.53543,0.00,0.00,60.33,0.8591
1623,TRACKING,0.53573,-0.62580,0.96365,-0.27771,0.20000,0.19561,1.16290,-0.38105,0.0508,0.627,1.1927,-0.3745,-0.0606,1.0801,0.29043,0.53384,0.00,0.00,85.95,0.8156
1633,TRACKING,0.68239,-0.51784,1.12463,-0.18538,0.20000,0.22793,1.06834,-0.42715,0.0101,0.725,1.0736,-0.4224,-0.0606,1.0801,0.25083,0.52654,0.00,0.00,71.77,0.8751
1643,TRACKING,0.64123,-0.53816,1.03837,-0.21380,0.20000,0.21798,1.09463,-0.41146,0.0024,0.651,1.0962,-0.4132,-0.0606,1.0801,0.22307,0.50749,0.00,0.00,102.59,0.8247
1653,TRACKING,0.85229,-0.44811,1.27055,-0.11789,0.20000,0.25155,1.01543,-0.46928,0.0064,0.734,1.0204,-0.4652,-0.0606,1.0801,0.22868,0.46639,0.00,0.00,40.64,0.9646
1663,TRACKING,0.80589,-0.47718,1.21222,-0.16219,0.20000,0.23604,1.04868,-0.44088,0.0121,1.005,1.0432,-0.4488,-0.0606,1.0801,0.22403,0.42940,0.00,0.00,51.27,0.9354
1673,TRACKING,0.77253,-0.50915,1.17430,-0.18622,0.20000,0.22763,1.06909,-0.42667,0.0031,0.713,1.0678,-0.4239,-0.0606,1.0801,0.23861,0.36837,0.00,0.00,58.08,0.9164
1683,TRACKING,0.79600,-0.51343,1.21376,-0.18492,0.20000,0.22809,1.06794,-0.42742,0.0094,1.165,1.0742,-0.4205,-0.0606,1.0801,0.23530,0.31471,0.00,0.00,43.31,0.9487
1693,TRACKING,0.76781,-0.51959,1.17916,-0.19880,0.20000,0.22323,1.08045,-0.41959,0.0063,0.540,1.0742,-0.4205,-0.0606,1.0801,0.22112,0.27162,0.00,0.00,52.21,0.9274
1703,TRACKING,0.76553,-0.52117,1.18000,-0.20094,0.20000,0.22248,1.08243,-0.41841,0.0085,0.630,1.0775,-0.4205,-0.0606,1.0801,0.20313,0.23098,0.00,0.00,50.42,0.9293
1713,TRACKING,0.73201,-0.50316,1.12283,-0.17275,0.20000,0.23235,1.05744,-0.43453,0.0155,0.716,1.0644,-0.4284,-0.0606,1.0801,0.20260,0.22873,0.00,0.00,78.62,0.8663
1723,TRACKING,0.78607,-0.50338,1.20773,-0.18240,0.20000,0.22897,1.06572,-0.42888,0.0089,0.741,1.0607,-0.4320,-0.0606,1.0801,0.20220,0.23597,0.00,0.00,45.93,0.9423
1733,TRACKING,0.73100,-0.50394,1.15338,-0.18357,0.20000,0.22856,1.06675,-0.42820,0.0073,0.736,1.0605,-0.4320,-0.0606,1.0801,0.20226,0.23606,0.00,0.00,61.40,0.8976
1743,TRACKING,0.64737,-0.42969,1.01296,-0.07897,0.20000,0.26517,0.99067,-0.49641,0.0354,0.557,1.0055,-0.4812,-0.0606,1.0801,0.20256,0.23578,0.00,0.00,122.13,0.7226
1753,TRACKING,0.70120,-0.42879,1.10765,-0.10344,0.20000,0.25661,1.00577,-0.47912,0.0026,0.622,1.0037,-0.4807,-0.0606,1.0801,0.20201,0.26504,0.00,0.00,99.07,0.8155
1763,TRACKING,0.73017,-0.47175,1.13710,-0.15045,0.20000,0.24016,1.03932,-0.44814,0.0059,0.782,1.0349,-0.4520,-0.0606,1.0801,0.20225,0.25608,0.00,0.00,81.12,0.8656
1773,TRACKING,0.74400,-0.48658,1.16816,-0.16263,0.20000,0.23589,1.04904,-0.44061,0.0054,0.770,1.0465,-0.4454,-0.0606,1.0801,0.20247,0.24563,0.00,0.00,60.75,0.8983
1783,TRACKING,0.77322,-0.49338,1.19310,-0.16811,0.20000,0.23397,1.05355,-0.43730,0.0057,0.717,1.0505,-0.4421,-0.0606,1.0801,0.20259,0.24180,0.00,0.00,56.75,0.9223
1793,TRACKING,0.74540,-0.50617,1.15034,-0.18114,0.20000,0.22941,1.06462,-0.42960,0.0015,0.644,1.0660,-0.4302,-0.0606,1.0801,0.20286,0.23948,0.00,0.00,69.18,0.8937
1803,TRACKING,0.76758,-0.49420,1.20143,-0.16570,0.20000,0.23482,1.05155,-0.43875,0.0088,0.724,1.0588,-0.4337,-0.0606,1.0801,0.20256,0.23616,0.00,0.00,50.86,0.9280
1813,TRACKING,0.79560,-0.47511,1.20560,-0.15127,0.20000,0.23987,1.03997,-0.44762,0.0026,0.766,1.0395,-0.4451,-0.0606,1.0801,0.20233,0.23711,0.00,0.00,66.77,0.9241
1823,TRACKING,0.80550,-0.50133,1.22090,-0.18014,0.20000,0.22976,1.06376,-0.43018,0.0078,0.691,1.0575,-0.4348,-0.0606,1.0801,0.20230,0.24331,0.00,0.00,42.71,0.9522
1833,TRACKING,0.78867,-0.51952,1.19968,-0.19945,0.20000,0.22300,1.08105,-0.41923,0.0097,0.615,1.0762,-0.4247,-0.0606,1.0801,0.20267,0.23554,0.00,0.00,46.46,0.9448
1843,TRACKING,0.78060,-0.52799,1.19636,-0.20276,0.20000,0.22185,1.08413,-0.41741,0.0056,0.606,1.0801,-0.4214,-0.0606,1.0801,0.20305,0.22857,0.00,0.00,46.82,0.9439
1853,TRACKING,0.82227,-0.50746,1.24412,-0.17859,0.20000,0.23030,1.06242,-0.43109,0.0096,0.724,1.0696,-0.4247,-0.0606,1.0801,0.20305,0.22845,0.00,0.00,33.69,0.9712
1863,TRACKING,0.82642,-0.50051,1.23745,-0.17430,0.20000,0.23181,1.05875,-0.43361,0.0093,0.745,1.0663,-0.4282,-0.0606,1.0801,0.20206,0.23214,0.00,0.00,44.88,0.9632
1873,TRACKING,0.82626,-0.50292,1.23981,-0.17876,0.20000,0.23025,1.06256,-0.43099,0.0028,0.715,1.0626,-0.4282,-0.0606,1.0801,0.20232,0.23375,0.00,0.00,37.58,0.9676
1883,TRACKING,0.82748,-0.49980,1.24004,-0.17238,0.20000,0.23248,1.05712,-0.43475,0.0086,0.724,1.0626,-0.4282,-0.0606,1.0801,0.20220,0.23400,0.00,0.00,38.08,0.9645
1893,TRACKING,0.82647,-0.49166,1.22722,-0.17087,0.20000,0.23301,1.05585,-0.43565,0.0078,0.741,1.0493,-0.4399,-0.0606,1.0801,0.20238,0.23730,0.00,0.00,46.86,0.9527
1903,TRACKING,0.80996,-0.50318,1.21332,-0.18295,0.20000,0.22878,1.06621,-0.42855,0.0111,0.754,1.0612,-0.4360,-0.0606,1.0801,0.20280,0.23962,0.00,0.00,51.24,0.9473
1913,TRACKING,0.81083,-0.50014,1.22505,-0.17359,0.20000,0.23206,1.05814,-0.43403,0.0084,0.736,1.0651,-0.4294,-0.0606,1.0801,0.20317,0.23533,0.00,0.00,47.01,0.9523
1923,TRACKING,0.81271,-0.49490,1.21324,-0.17889,0.20000,0.23020,1.06268,-0.43091,0.0131,0.726,1.0569,-0.4362,-0.0606,1.0801,0.20240,0.23675,0.00,0.00,53.07,0.9450
1933,TRACKING,0.80189,-0.48939,1.21805,-0.16010,0.20000,0.23678,1.04698,-0.44216,0.0116,1.098,1.0529,-0.4362,-0.0606,1.0801,0.20282,0.23774,0.00,0.00,61.08,0.9393
1943,TRACKING,0.82960,-0.48592,1.24696,-0.16096,0.20000,0.23648,1.04768,-0.44163,0.0017,0.720,1.0469,-0.4432,-0.0606,1.0801,0.20226,0.24222,0.00,0.00,37.63,0.9646
1953,TRACKING,0.83708,-0.48154,1.24807,-0.15902,0.20000,0.23716,1.04611,-0.44282,0.0032,0.715,1.0470,-0.4398,-0.0606,1.0801,0.20263,0.24007,0.00,0.00,45.57,0.9646
1963,TRACKING,0.81519,-0.48300,1.22112,-0.16234,0.20000,0.23599,1.04880,-0.44079,0.0030,0.679,1.0470,-0.4431,-0.0606,1.0801,0.20253,0.24154,0.00,0.00,54.15,0.9431
1973,TRACKING,0.79119,-0.49468,1.21706,-0.16758,0.20000,0.23416,1.05311,-0.43762,0.0059,0.755,1.0589,-0.4363,-0.0606,1.0801,0.20268,0.24186,0.00,0.00,47.70,0.9423
1983,TRACKING,0.81194,-0.48566,1.21796,-0.15893,0.20000,0.23718,1.04604,-0.44287,0.0033,0.706,1.0477,-0.4400,-0.0606,1.0801,0.20243,0.24007,0.00,0.00,57.10,0.9386
1993,TRACKING,0.83070,-0.48680,1.23587,-0.17029,0.20000,0.23321,1.05537,-0.43599,0.0135,0.748,1.0488,-0.4439,-0.0606,1.0801,0.20237,0.24405,0.00,0.00,45.22,0.9598
2003,TRACKING,0.82330,-0.49606,1.23572,-0.17697,0.20000,0.23087,1.06103,-0.43204,0.0116,0.778,1.0531,-0.4371,-0.0606,1.0801,0.20302,0.24177,0.00,0.00,42.42,0.9631
2013,TRACKING,0.80349,-0.50786,1.22621,-0.18258,0.20000,0.22891,1.06588,-0.42877,0.0017,0.736,1.0645,-0.4297,-0.0606,1.0801,0.20258,0.23699,0.00,0.00,36.35,0.9580
2023,TRACKING,0.81222,-0.49829,1.22406,-0.17422,0.20000,0.23184,1.05868,-0.43366,0.0070,0.720,1.0645,-0.4297,-0.0606,1.0801,0.20265,0.23411,0.00,0.00,45.01,0.9518
2033,TRACKING,0.80358,-0.51552,1.21436,-0.19465,0.20000,0.22468,1.07665,-0.42189,0.0117,0.681,1.0714,-0.4297,-0.0606,1.0801,0.20268,0.23416,0.00,0.00,44.32,0.9545
2043,TRACKING,0.82669,-0.50220,1.24058,-0.17803,0.20000,0.23050,1.06193,-0.43142,0.0030,0.737,1.0644,-0.4297,-0.0606,1.0801,0.20339,0.23271,0.00,0.00,37.57,0.9678
2053,TRACKING,0.81848,-0.49125,1.22546,-0.17005,0.20000,0.23330,1.05516,-0.43614,0.0032,0.728,1.0537,-0.4333,-0.0606,1.0801,0.20236,0.23629,0.00,0.00,52.14,0.9508
2063,TRACKING,0.80890,-0.50011,1.21925,-0.17797,0.20000,0.23052,1.06189,-0.43145,0.0049,0.799,1.0573,-0.4333,-0.0606,1.0801,0.20241,0.23677,0.00,0.00,51.19,0.9496
2073,TRACKING,0.81289,-0.50822,1.22822,-0.18479,0.20000,0.22814,1.06782,-0.42749,0.0080,0.752,1.0623,-0.4333,-0.0606,1.0801,0.20284,0.23591,0.00,0.00,43.28,0.9609
2083,TRACKING,0.81381,-0.50752,1.23031,-0.18066,0.20000,0.22958,1.06421,-0.42988,0.0038,0.738,1.0658,-0.4333,-0.0606,1.0801,0.20295,0.23563,0.00,0.00,39.80,0.9605
2093,TRACKING,0.81059,-0.51519,1.23167,-0.18816,0.20000,0.22695,1.07081,-0.42556,0.0028,0.775,1.0735,-0.4261,-0.0606,1.0801,0.20292,0.23387,0.00,0.00,35.75,0.9656
2103,TRACKING,0.80543,-0.51288,1.22315,-0.18540,0.20000,0.22792,1.06836,-0.42714,0.0057,0.723,1.0740,-0.4261,-0.0606,1.0801,0.20283,0.23160,0.00,0.00,41.58,0.9569
2113,TRACKING,0.80639,-0.49979,1.21338,-0.17616,0.20000,0.23115,1.06034,-0.43251,0.0049,0.729,1.0642,-0.4295,-0.0606,1.0801,0.20263,0.23351,0.00,0.00,57.39,0.9437
2123,TRACKING,0.81449,-0.51137,1.23239,-0.18667,0.20000,0.22748,1.06948,-0.42641,0.0032,0.784,1.0690,-0.4295,-0.0606,1.0801,0.20263,0.23418,0.00,0.00,38.14,0.9654
2133,TRACKING,0.81725,-0.50255,1.23556,-0.17239,0.20000,0.23248,1.05713,-0.43475,0.0129,0.744,1.0642,-0.4295,-0.0606,1.0801,0.20315,0.23320,0.00,0.00,38.60,0.9606
2143,TRACKING,0.80537,-0.51049,1.21459,-0.18817,0.20000,0.22695,1.07081,-0.42556,0.0046,0.709,1.0685,-0.4295,-0.0606,1.0801,0.20261,0.23409,0.00,0.00,44.74,0.9511
2153,TRACKING,0.80384,-0.51105,1.21784,-0.18583,0.20000,0.22777,1.06874,-0.42690,0.0027,0.753,1.0685,-0.4295,-0.0606,1.0801,0.20307,0.23324,0.00,0.00,44.22,0.9526
2163,TRACKING,0.79699,-0.52185,1.20804,-0.20357,0.20000,0.22156,1.08488,-0.41696,0.0102,0.667,1.0799,-0.4229,-0.0606,1.0801,0.20298,0.23193,0.00,0.00,40.84,0.9541
2173,TRACKING,0.79387,-0.52169,1.19687,-0.20335,0.20000,0.22164,1.08468,-0.41708,0.0111,0.615,1.0790,-0.4229,-0.0606,1.0801,0.20288,0.22964,0.00,0.00,51.96,0.9447
2183,TRACKING,0.81007,-0.50688,1.23897,-0.18078,0.20000,0.22954,1.06431,-0.42981,0.0097,0.746,1.0712,-0.4229,-0.0606,1.0801,0.20313,0.22911,0.00,0.00,32.63,0.9679
2193,TRACKING,0.83243,-0.49995,1.25224,-0.17407,0.20000,0.23189,1.05855,-0.43375,0.0116,0.790,1.0639,-0.4263,-0.0606,1.0801,0.20245,0.23240,0.00,0.00,30.64,0.9758
2203,TRACKING,0.79671,-0.51582,1.21604,-0.19303,0.20000,0.22525,1.07517,-0.42281,0.0059,0.623,1.0704,-0.4263,-0.0606,1.0801,0.20233,0.23267,0.00,0.00,45.71,0.9550
2213,TRACKING,0.81562,-0.50926,1.22682,-0.18571,0.20000,0.22781,1.06863,-0.42697,0.0019,0.720,1.0704,-0.4263,-0.0606,1.0801,0.20278,0.23189,0.00,0.00,42.62,0.9602
2223,TRACKING,0.81710,-0.50852,1.22580,-0.18694,0.20000,0.22738,1.06972,-0.42626,0.0007,0.764,1.0704,-0.4263,-0.0606,1.0801,0.20281,0.23193,0.00,0.00,42.73,0.9600
2233,TRACKING,0.82423,-0.50367,1.24529,-0.17339,0.20000,0.23213,1.05797,-0.43415,0.0147,0.697,1.0654,-0.4263,-0.0606,1.0801,0.20278,0.23187,0.00,0.00,35.16,0.9695
2243,TRACKING,0.81858,-0.50222,1.23420,-0.17896,0.20000,0.23018,1.06273,-0.43088,0.0014,0.737,1.0616,-0.4300,-0.0606,1.0801,0.20234,0.23425,0.00,0.00,37.80,0.9629
2253,TRACKING,0.82822,-0.50005,1.23917,-0.17769,0.20000,0.23062,1.06164,-0.43162,0.0016,0.712,1.0616,-0.4300,-0.0606,1.0801,0.20238,0.23478,0.00,0.00,38.74,0.9665
2263,TRACKING,0.83256,-0.48920,1.24977,-0.16044,0.20000,0.23666,1.04726,-0.44195,0.0070,2.911,1.0527,-0.4375,-0.0606,1.0801,0.20238,0.23478,0.00,0.00,37.47,0.9668
2273,TRACKING,0.82443,-0.50303,1.23151,-0.18092,0.20000,0.22949,1.06443,-0.42973,0.0047,0.749,1.0616,-0.4335,-0.0606,1.0801,0.20291,0.23638,0.00,0.00,42.79,0.9616
2283,TRACKING,0.82249,-0.50020,1.22941,-0.17626,0.20000,0.23112,1.06042,-0.43245,0.0016,0.817,1.0616,-0.4335,-0.0606,1.0801,0.20290,0.23583,0.00,0.00,50.34,0.9574
2293,TRACKING,0.80780,-0.50931,1.21285,-0.18914,0.20000,0.22661,1.07168,-0.42501,0.0129,1.823,1.0659,-0.4301,-0.0606,1.0801,0.20259,0.23642,0.00,0.00,51.62,0.9502
2303,TRACKING,0.80059,-0.51463,1.21819,-0.19204,0.20000,0.22560,1.07428,-0.42336,0.0080,0.910,1.0700,-0.4301,-0.0606,1.0801,0.20285,0.23397,0.00,0.00,41.53,0.9563
2313,TRACKING,0.80927,-0.50210,1.21988,-0.17531,0.20000,0.23145,1.05960,-0.43302,0.0068,0.957,1.0657,-0.4301,-0.0606,1.0801,0.20327,0.23313,0.00,0.00,50.96,0.9488
2323,TRACKING,0.82659,-0.50263,1.23109,-0.18647,0.20000,0.22755,1.06930,-0.42653,0.0076,0.960,1.0625,-0.4301,-0.0606,1.0801,0.20262,0.23445,0.00,0.00,41.68,0.9642
2333,TRACKING,0.82397,-0.50699,1.23117,-0.18483,0.20000,0.22812,1.06786,-0.42747,0.0030,0.822,1.0663,-0.4301,-0.0606,1.0801,0.20289,0.23383,0.00,0.00,43.10,0.9634
2343,TRACKING,0.81548,-0.50558,1.22885,-0.18045,0.20000,0.22966,1.06402,-0.43001,0.0023,0.893,1.0663,-0.4301,-0.0606,1.0801,0.20292,0.23384,0.00,0.00,42.07,0.9591
2353,TRACKING,0.82611,-0.50061,1.23469,-0.17807,0.20000,0.23049,1.06197,-0.43139,0.0017,0.901,1.0630,-0.4301,-0.0606,1.0801,0.20264,0.23430,0.00,0.00,42.45,0.9628
2363,TRACKING,0.81815,-0.50314,1.23902,-0.17765,0.20000,0.23063,1.06161,-0.43164,0.0033,1.086,1.0642,-0.4296,-0.0606,1.0801,0.20313,0.23177,0.00,0.00,41.96,0.9663
2373,TRACKING,0.82160,-0.50139,1.23368,-0.17294,0.20000,0.23228,1.05759,-0.43442,0.0081,0.846,1.0642,-0.4296,-0.0606,1.0801,0.20261,0.23412,0.00,0.00,45.75,0.9593
2383,TRACKING,0.82315,-0.50263,1.23865,-0.18024,0.20000,0.22973,1.06384,-0.43013,0.0038,0.901,1.0600,-0.4296,-0.0606,1.0801,0.20215,0.23493,0.00,0.00,36.39,0.9674
2393,TRACKING,0.79968,-0.51160,1.20037,-0.18877,0.20000,0.22674,1.07135,-0.42522,0.0005,0.756,1.0716,-0.4256,-0.0606,1.0801,0.20284,0.23202,0.00,0.00,56.28,0.9395
2403,TRACKING,0.80387,-0.51095,1.21899,-0.18366,0.20000,0.22853,1.06682,-0.42815,0.0054,0.900,1.0716,-0.4256,-0.0606,1.0801,0.20281,0.23144,0.00,0.00,43.87,0.9524
2413,TRACKING,0.78531,-0.51930,1.20378,-0.19673,0.20000,0.22396,1.07854,-0.42074,0.0026,0.719,1.0806,-0.4224,-0.0606,1.0801,0.20322,0.22881,0.00,0.00,46.06,0.9467
2423,TRACKING,0.78220,-0.52386,1.21078,-0.19526,0.20000,0.22447,1.07720,-0.42155,0.0068,0.745,1.0839,-0.4224,-0.0606,1.0801,0.20357,0.22815,0.00,0.00,35.86,0.9518
2433,TRACKING,0.80621,-0.51189,1.21401,-0.19088,0.20000,0.22600,1.07324,-0.42402,0.0034,0.734,1.0762,-0.4224,-0.0606,1.0801,0.20280,0.22940,0.00,0.00,41.53,0.9521
2443,TRACKING,0.78126,-0.52406,1.19228,-0.20377,0.20000,0.22149,1.08507,-0.41685,0.0105,0.751,1.0797,-0.4224,-0.0606,1.0801,0.20277,0.22950,0.00,0.00,49.54,0.9411
2453,TRACKING,0.77079,-0.52794,1.18042,-0.20604,0.20000,0.22070,1.08721,-0.41562,0.0101,0.733,1.0797,-0.4224,-0.0606,1.0801,0.20314,0.22880,0.00,0.00,50.95,0.9326
2463,TRACKING,0.80480,-0.51347,1.22354,-0.18719,0.20000,0.22730,1.06994,-0.42612,0.0073,0.882,1.0763,-0.4224,-0.0606,1.0801,0.20316,0.22879,0.00,0.00,40.81,0.9582
2473,TRACKING,0.81019,-0.51425,1.23190,-0.18574,0.20000,0.22780,1.06866,-0.42695,0.0085,0.799,1.0758,-0.4224,-0.0606,1.0801,0.20279,0.22945,0.00,0.00,37.16,0.9645
2483,TRACKING,0.79365,-0.52070,1.19317,-0.19720,0.20000,0.22379,1.07898,-0.42047,0.0037,0.700,1.0758,-0.4224,-0.0606,1.0801,0.20272,0.22954,0.00,0.00,63.86,0.9382
2493,TRACKING,0.79238,-0.52235,1.20811,-0.20360,0.20000,0.22155,1.08491,-0.41695,0.0106,1.009,1.0795,-0.4224,-0.0606,1.0801,0.20278,0.22967,0.00,0.00,42.27,0.9541
2503,TRACKING,0.79123,-0.52271,1.20015,-0.20166,0.20000,0.22223,1.08310,-0.41801,0.0057,0.749,1.0795,-0.4224,-0.0606,1.0801,0.20312,0.22887,0.00,0.00,46.88,0.9464
2513,TRACKING,0.78262,-0.52549,1.19483,-0.20195,0.20000,0.22213,1.08338,-0.41785,0.0060,0.750,1.0795,-0.4224,-0.0606,1.0801,0.20311,0.22882,0.00,0.00,53.22,0.9422
2523,TRACKING,0.69597,-0.54401,1.09732,-0.22831,0.20000,0.21290,1.10901,-0.40395,0.0167,0.778,1.1010,-0.4099,-0.0606,1.0801,0.20330,0.22638,0.00,0.00,71.42,0.8793
2533,TRACKING,0.17921,-0.36149,0.25068,0.25534,0.25910,0.36818,1.14225,-0.91000,0.4512,0.620,1.1419,-0.6393,0.2592,-0.1275,0.20293,0.20018,14.25,14.25,164.63,0.1763
2543,LOST_SHORT,0.05707,-0.56876,0.57442,-0.47480,0.20000,0.12663,1.45167,-0.33627,0.3193,0.744,1.3041,-0.4585,0.3744,-0.5622,0.21652,0.21115,0.00,14.25,89.71,0.0000
2553,LOST_SHORT,0.05707,-0.56876,0.57442,-0.47480,0.20000,0.12663,1.45167,-0.33627,0.3193,0.744,1.3041,-0.4585,0.3744,-0.5622,0.20120,0.16822,0.00,14.25,90.57,0.0000
2563,LOST_LONG,0.05707,-0.56876,0.57442,-0.47480,0.20000,0.12663,1.45167,-0.33627,0.3193,0.744,1.3041,-0.4585,0.3744,-0.5622,0.19843,0.16650,0.00,14.25,90.98,0.0000
2573,LOST_LONG,0.05707,-0.56876,0.57442,-0.47480,0.20000,0.12663,1.45167,-0.33627,0.3193,0.744,1.4533,-0.8552,0.0949,-0.1426,0.19849,0.16657,0.00,14.25,92.11,0.0000
2583,LOST_LONG,0.05707,-0.56876,0.57442,-0.47480,0.20000,0.12663,1.45167,-0.33627,0.3193,0.744,1.4912,-0.9786,0.0106,-0.0121,0.25422,0.17841,0.00,14.25,92.95,0.0000
2593,LOST_LONG,0.05707,-0.56876,0.57442,-0.47480,0.20000,0.12663,1.45167,-0.33627,0.3193,0.744,1.4912,-0.9786,0.0106,-0.0121,0.29815,0.21353,0.00,14.25,93.59,0.0000
2603,LOST_LONG,0.05707,-0.56876,0.57442,-0.47480,0.20000,0.12663,1.45167,-0.33627,0.3193,0.744,1.4912,-0.9786,0.0106,-0.0121,0.32222,0.25434,0.00,14.25,95.01,0.0000
2613,LOST_LONG,0.05707,-0.56876,0.57442,-0.47480,0.20000,0.12663,1.45167,-0.33627,0.3193,0.744,1.4912,-0.9786,0.0106,-0.0121,0.33587,0.28538,0.00,14.25,93.76,0.0000
2623,LOST_LONG,0.05707,-0.56876,0.57442,-0.47480,0.20000,0.12663,1.45167,-0.33627,0.3193,0.744,1.4912,-0.9786,0.0106,-0.0121,0.33593,0.28550,0.00,14.25,94.36,0.0000
2633,LOST_LONG,0.05707,-0.56876,0.57442,-0.47480,0.20000,0.12663,1.45167,-0.33627,0.3193,0.744,1.4912,-0.9786,0.0106,-0.0121,0.33592,0.28543,0.00,14.25,92.69,0.0000
2643,LOST_LONG,0.05707,-0.56876,0.57442,-0.47480,0.20000,0.12663,1.45167,-0.33627,0.3193,0.744,1.4912,-0.9786,0.0106,-0.0121,0.33594,0.28551,0.00,14.25,94.18,0.0000
2653,LOST_LONG,0.05707,-0.56876,0.57442,-0.47480,0.20000,0.12663,1.45167,-0.33627,0.3193,0.744,1.4912,-0.9786,0.0106,-0.0121,0.33593,0.28551,0.00,14.25,85.75,0.0000
2663,TRACKING,-0.15652,-0.77877,0.23976,-0.44759,0.26292,0.13615,1.60846,-0.56037,0.0869,0.927,1.5912,-0.6096,0.0106,-0.0121,0.33588,0.28454,0.00,0.00,79.14,0.7908
2673,TRACKING,-0.16080,-0.73470,0.25926,-0.41409,0.25610,0.14788,1.54525,-0.53901,0.0140,0.899,1.5476,-0.5473,0.0106,-0.0121,0.32318,0.20989,0.00,0.00,86.10,0.7539
2683,TRACKING,-0.13096,-0.75601,0.28184,-0.43483,0.24820,0.14062,1.54752,-0.50867,0.0072,0.905,1.5408,-0.5113,0.0106,-0.0121,0.29204,0.18552,0.00,0.00,84.64,0.7701
2693,TRACKING,-0.51126,-0.25552,-0.09796,0.10695,0.36713,0.31624,1.56352,-1.14812,0.0313,0.718,1.5789,-1.1373,0.1299,-0.8962,0.29180,0.17016,-11.07,-12.34,118.60,0.5552
2703,TRACKING,-0.48862,-0.10768,-0.08360,0.25627,0.36210,0.36851,1.51160,-1.24721,0.0633,0.706,1.5070,-1.2093,0.0103,1.3637,0.31924,0.22212,-28.69,-26.29,133.14,0.5013
2713,LOST_SHORT,-0.55717,0.01026,-0.16860,0.36934,0.39185,0.40808,1.60918,-1.47075,0.0969,0.548,1.5861,-1.4174,0.0143,1.4894,0.34795,0.25976,0.00,-23.22,121.82,0.0000
2723,TRACKING,-0.65162,0.18368,-0.24047,0.51540,0.41700,0.45920,1.72065,-1.75368,0.0019,0.865,1.7225,-1.7531,0.0051,1.4936,0.37540,0.28104,-24.38,-25.45,114.87,0.6810
2733,TRACKING,-0.66826,0.17997,-0.26651,0.50259,0.42612,0.45472,1.75297,-1.78083,0.0310,1.095,1.7402,-1.7673,0.0051,1.4936,0.40586,0.29017,-24.10,-24.98,108.66,0.7027
2743,LOST_SHORT,-0.68118,0.19722,-0.25928,0.52468,0.42359,0.46245,1.74886,-1.79861,0.0252,3.941,1.7590,-1.8098,0.0658,1.3143,0.42697,0.31743,0.00,-17.34,99.61,0.0000
2753,TRACKING,-0.67818,0.26569,-0.30660,0.59377,0.44015,0.48663,1.84355,-1.99503,0.1440,0.861,1.7916,-1.9260,0.1535,1.0037,0.41771,0.37732,-19.30,-15.30,80.50,0.7686
2763,TRACKING,-0.74582,0.23900,-0.33524,0.55939,0.45017,0.47460,1.87216,-1.99717,0.0079,0.725,1.8643,-1.9980,0.1164,0.5738,0.44326,0.38699,-13.88,-14.80,79.71,0.7845
2773,TRACKING,-0.85781,0.23739,-0.47745,0.55099,0.47000,0.47166,1.96107,-2.11288,0.0224,1.105,1.9632,-2.1262,0.0376,0.4729,0.47435,0.37979,-32.18,-26.06,42.74,0.9190
2783,TRACKING,-0.90053,0.24346,-0.51005,0.57178,0.47000,0.47894,1.97311,-2.15264,0.0133,1.047,1.9666,-2.1457,-0.0017,0.4437,0.48150,0.42388,-29.44,-27.43,32.09,0.9558
2793,LOST_SHORT,-0.92005,0.25175,-0.50675,0.57568,0.47000,0.48030,1.97554,-2.16039,0.0055,1.835,1.9701,-2.1598,-0.0244,0.8645,0.47144,0.47318,0.00,-28.03,74.22,0.0000
2803,TRACKING,-0.85778,0.25283,-0.40987,0.57557,0.47000,0.48026,1.97547,-2.16017,0.0088,0.998,1.9774,-2.1654,0.0924,1.1419,0.46933,0.48328,-7.95,-12.62,66.97,0.8606
2813,TRACKING,-0.82326,0.25155,-0.44713,0.57995,0.47000,0.48179,1.97828,-2.16901,0.0217,0.710,1.9707,-2.1568,0.1187,1.4326,0.47333,0.46522,-37.24,-19.81,38.67,0.8975
2823,TRACKING,-0.91000,0.25410,-0.49672,0.58147,0.47000,0.48233,1.97927,-2.17210,0.0128,0.752,1.9742,-2.1650,-0.1706,1.4948,0.46943,0.48125,-40.13,-41.24,40.59,0.9456
2833,TRACKING,-0.90863,0.27039,-0.49394,0.59404,0.47000,0.48673,1.98788,-2.19838,0.0037,0.996,1.9846,-2.1999,-0.1371,1.3761,0.46304,0.50092,-34.44,-36.30,41.12,0.9464
2843,TRACKING,-0.84620,0.25851,-0.46801,0.58906,0.47000,0.48498,1.98438,-2.18782,0.0496,1.360,1.9708,-2.1614,0.0272,1.0918,0.46807,0.48946,-42.11,-28.99,38.21,0.9201
2853,TRACKING,-0.88828,0.26812,-0.49107,0.59766,0.47000,0.48799,1.99048,-2.20616,0.0217,0.806,1.9848,-2.1944,-0.0880,1.2997,0.46866,0.48712,-36.44,-35.30,38.45,0.9447
2863,TRACKING,-0.90601,0.28179,-0.49255,0.60455,0.47000,0.49040,1.99562,-2.22129,0.0049,0.858,1.9915,-2.2240,-0.1206,1.3809,0.46485,0.50165,-37.50,-36.57,41.08,0.9481
2873,LOST_SHORT,-0.90749,0.28214,-0.49155,0.60692,0.47000,0.49123,1.99745,-2.22659,0.0065,0.866,1.9915,-2.2240,-0.1155,1.3334,0.46425,0.50304,0.00,-34.98,59.39,0.0000
2883,TRACKING,-0.92731,0.23172,-0.50404,0.58167,0.47000,0.48240,1.97941,-2.17251,0.0719,1.033,1.9672,-2.1312,-0.1451,1.2493,0.46006,0.49188,-36.95,-37.77,40.28,0.9527
2893,LOST_SHORT,-0.91929,0.25087,-0.49970,0.59004,0.47000,0.48532,1.98506,-2.18988,0.0394,1.068,1.9781,-2.1673,-0.1451,1.2102,0.46576,0.49326,0.00,-37.77,71.67,0.0000
2903,TRACKING,-0.89429,0.28092,-0.48330,0.60331,0.47000,0.48997,1.99468,-2.21854,0.0081,0.839,1.9985,-2.2257,-0.0462,1.4903,0.46837,0.49596,-30.49,-29.54,44.40,0.9389
2913,TRACKING,-0.90869,0.26944,-0.49660,0.59109,0.47000,0.48569,1.98579,-2.19209,0.0091,1.069,1.9915,-2.1992,-0.0547,1.4717,0.46992,0.49141,-31.38,-30.82,40.46,0.9481
2923,TRACKING,-0.89445,0.27539,-0.47574,0.60371,0.47000,0.49011,1.99499,-2.21943,0.0150,0.841,1.9915,-2.2107,-0.0287,1.4834,0.47068,0.48706,-23.93,-26.58,46.13,0.9318
2933,TRACKING,-0.86580,0.22372,-0.45704,0.53332,0.47000,0.46547,1.95199,-2.08102,0.0372,1.009,1.9583,-2.1025,0.1229,-1.4162,0.47000,0.48501,-18.78,-14.37,50.42,0.8950
2943,TRACKING,-0.93620,0.18469,-0.53415,0.49547,0.47000,0.45223,1.93562,-2.01778,0.0319,0.944,1.9419,-2.0359,0.0574,-1.4935,0.47191,0.45563,-20.72,-20.57,34.24,0.9627
2953,TRACKING,-0.95444,0.15733,-0.54142,0.47979,0.47000,0.44674,1.92992,-1.99332,0.0095,0.678,1.9351,-2.0012,0.0574,-1.4935,0.47245,0.44195,-19.25,-20.11,33.22,0.9672
2963,TRACKING,-0.94691,0.16442,-0.53233,0.49129,0.47000,0.45076,1.93404,-2.01116,0.0087,0.791,1.9351,-2.0060,0.0574,-1.4935,0.47201,0.44054,-18.69,-19.56,35.56,0.9601
2973,TRACKING,-0.94729,0.16517,-0.53649,0.48867,0.47000,0.44984,1.93307,-2.00705,0.0033,1.912,1.9351,-2.0096,0.0574,-1.4935,0.47124,0.44428,-19.90,-19.56,32.70,0.9638
2983,TRACKING,-0.94594,0.16793,-0.53080,0.49428,0.47000,0.45181,1.93516,-2.01589,0.0063,0.831,1.9351,-2.0096,0.0334,-1.4935,0.47122,0.44438,-27.90,-23.98,38.31,0.9591
2993,TRACKING,-0.93578,0.22547,-0.51810,0.56149,0.47000,0.47533,1.96695,-2.13263,0.0301,0.916,1.9618,-2.1153,-0.0834,-1.4935,0.46820,0.45981,-33.05,-33.29,38.49,0.9610
3003,LOST_SHORT,-0.93380,0.23049,-0.51702,0.56378,0.47000,0.47614,1.96829,-2.13703,0.0227,2.644,1.9618,-2.1240,-0.0834,-1.4935,0.46707,0.48175,0.00,-33.29,73.15,0.0000
3013,LOST_LONG,-0.93380,0.23049,-0.51702,0.56378,0.47000,0.47614,1.96829,-2.13703,0.0227,2.644,1.9618,-2.1240,-0.0834,-1.4935,0.46701,0.48201,0.00,-33.29,100.46,0.0000
3023,TRACKING,-0.88227,0.30192,-0.46546,0.62340,0.47000,0.49700,2.01099,-2.26494,0.7376,2.062,1.8476,-1.8537,0.1370,-1.0198,0.44080,0.48963,-6.15,-5.39,54.32,0.9282
3033,TRACKING,-0.84279,0.32237,-0.42664,0.64836,0.47000,0.50000,2.01869,-2.28603,0.0080,1.637,2.0128,-2.2806,0.5400,-1.1852,0.47001,0.45649,28.87,26.45,66.11,0.9002
3043,TRACKING,-0.82142,0.31695,-0.40676,0.65878,0.47000,0.50000,2.01869,-2.28603,0.0216,1.168,2.0112,-2.2739,0.6285,-1.0732,0.47769,0.45692,36.67,33.52,65.81,0.8856
3053,LOST_SHORT,-0.82060,0.32573,-0.40597,0.66604,0.47000,0.50000,2.01869,-2.28603,0.0143,1.572,2.0112,-2.2787,0.6433,-0.9422,0.47177,0.44940,0.00,34.63,104.96,0.0000
3063,LOST_LONG,-0.82060,0.32573,-0.40597,0.66604,0.47000,0.50000,2.01869,-2.28603,0.0143,1.572,2.0112,-2.2787,0.6433,-0.9422,0.47011,0.44353,0.00,34.63,103.56,0.0000
3073,LOST_LONG,-0.82060,0.32573,-0.40597,0.66604,0.47000,0.50000,2.01869,-2.28603,0.0143,1.572,2.0112,-2.2787,0.6433,-0.9422,0.47010,0.44354,0.00,34.63,98.65,0.0000
3083,LOST_LONG,-0.82060,0.32573,-0.40597,0.66604,0.47000,0.50000,2.01869,-2.28603,0.0143,1.572,1.5469,-1.0990,0.0544,-0.0797,0.45942,0.45781,0.00,34.63,100.34,0.0000
3093,LOST_LONG,-0.82060,0.32573,-0.40597,0.66604,0.47000,0.50000,2.01869,-2.28603,0.0143,1.572,1.5149,-1.0021,0.0105,-0.0117,0.42426,0.49534,0.00,34.63,98.75,0.0000
3103,LOST_LONG,-0.82060,0.32573,-0.40597,0.66604,0.47000,0.50000,2.01869,-2.28603,0.0143,1.572,1.5149,-1.0021,0.0105,-0.0117,0.38350,0.52658,0.00,34.63,89.66,0.0000
3113,LOST_LONG,-0.82060,0.32573,-0.40597,0.66604,0.47000,0.50000,2.01869,-2.28603,0.0143,1.572,1.5149,-1.0021,0.0105,-0.0117,0.34146,0.54289,0.00,34.63,100.17,0.0000
3123,LOST_LONG,-0.82060,0.32573,-0.40597,0.66604,0.47000,0.50000,2.01869,-2.28603,0.0143,1.572,1.5149,-1.0021,0.0105,-0.0117,0.35169,0.50218,0.00,34.63,99.90,0.0000
3133,LOST_LONG,-0.82060,0.32573,-0.40597,0.66604,0.47000,0.50000,2.01869,-2.28603,0.0143,1.572,1.5149,-1.0021,0.0105,-0.0117,0.36172,0.45541,0.00,34.63,93.37,0.0000
3143,LOST_SHORT,-0.78207,0.33883,-0.36195,0.64960,0.45952,0.50000,1.95985,-2.19915,0.7522,0.834,1.8046,-1.7754,-0.1774,-0.2510,0.36572,0.40772,0.00,-50.75,67.27,0.0000
3153,TRACKING,-0.85392,0.30603,-0.46957,0.62710,0.47000,0.49830,2.01426,-2.27396,0.0492,0.939,2.0030,-2.2466,-0.3163,-0.6929,0.40728,0.42479,-58.42,-55.38,39.33,0.9333
3163,TRACKING,-0.91399,0.24130,-0.50772,0.54957,0.47000,0.47116,1.96030,-2.11026,0.0427,0.720,1.9682,-2.1347,-0.3376,-1.1788,0.44473,0.42188,-55.18,-55.00,37.19,0.9481
3173,TRACKING,-0.92882,0.17717,-0.51742,0.50043,0.47000,0.45396,1.93754,-2.02571,0.0062,0.970,1.9427,-2.0291,-0.3122,-1.4431,0.47634,0.40932,-53.11,-52.69,37.41,0.9471
3183,TRACKING,-0.93212,0.17380,-0.51845,0.50026,0.47000,0.45390,1.93748,-2.02544,0.0100,0.788,1.9394,-2.0195,-0.3214,-1.4932,0.46885,0.45670,-55.78,-54.84,38.19,0.9481
3193,TRACKING,-0.92870,0.20880,-0.51509,0.54202,0.47000,0.46852,1.95634,-2.09651,0.0242,1.033,1.9506,-2.0832,-0.3638,-1.4215,0.45935,0.48539,-58.57,-58.61,37.34,0.9535
3203,TRACKING,-0.92925,0.21935,-0.51954,0.54845,0.47000,0.47077,1.95970,-2.10821,0.0175,1.002,1.9577,-2.0978,-0.4240,-1.0901,0.45417,0.50443,-65.19,-64.03,31.81,0.9593
3213,TRACKING,-0.92241,0.23331,-0.50255,0.55099,0.47000,0.47166,1.96107,-2.11289,0.0151,1.445,1.9612,-2.1220,-0.2263,-1.3981,0.45225,0.50832,-10.21,-34.64,46.11,0.9434
3223,TRACKING,-0.89098,0.18908,-0.46948,0.49849,0.47000,0.45328,1.93678,-2.02260,0.0370,0.956,1.9443,-2.0435,0.3937,-1.4759,0.46456,0.48525,26.26,16.42,61.71,0.8997
3233,TRACKING,-0.89756,0.14462,-0.48950,0.46820,0.47000,0.44268,1.92608,-1.97582,0.0067,0.713,1.9328,-1.9763,0.6020,-0.3760,0.47075,0.44822,33.23,30.78,50.47,0.9141
3243,TRACKING,-0.90365,0.13987,-0.49356,0.46067,0.47000,0.44005,1.92374,-1.96471,0.0100,0.735,1.9294,-1.9696,0.6857,0.9128,0.47272,0.42183,37.86,36.87,50.00,0.9169
3253,TRACKING,-0.91004,0.12913,-0.49563,0.45254,0.47000,0.43720,1.92136,-1.95292,0.0117,0.742,1.9262,-1.9580,0.7241,1.0043,0.46907,0.40020,43.20,40.94,52.05,0.9178
3263,TRACKING,-0.92427,0.16531,-0.50823,0.52924,0.47000,0.46405,1.95003,-2.07388,0.0996,1.373,1.9357,-2.0159,0.6396,0.4794,0.46091,0.38249,0.00,29.56,40.17,0.9439
3273,TRACKING,-0.91860,0.23927,-0.50482,0.57294,0.47000,0.47934,1.97383,-2.15493,0.0291,0.961,1.9673,-2.1388,0.6158,-1.2228,0.47000,0.39684,-57.35,29.56,37.26,0.9511
3283,TRACKING,-0.91635,0.25269,-0.50049,0.57913,0.47000,0.48151,1.97775,-2.16735,0.0126,0.726,1.9707,-2.1611,0.6158,-1.4922,0.46705,0.42421,-57.81,29.56,39.12,0.9486
3293,TRACKING,-0.91355,0.25418,-0.49947,0.57663,0.47000,0.48063,1.97615,-2.16230,0.0030,0.752,1.9741,-2.1644,0.6158,-1.4668,0.46654,0.42739,-58.66,29.56,39.81,0.9469
3303,TRACKING,-0.91142,0.26144,-0.49838,0.58566,0.47000,0.48379,1.98206,-2.18072,0.0066,2.018,1.9774,-2.1761,0.6158,-1.3885,0.46703,0.42885,-57.35,29.56,38.14,0.9483
3313,TRACKING,-0.90940,0.25312,-0.49377,0.56560,0.47000,0.47677,1.96936,-2.14053,0.0372,0.755,1.9742,-2.1623,0.6158,-0.8182,0.46815,0.42654,-58.74,29.56,44.84,0.9385
3323,TRACKING,-0.92559,0.22422,-0.51631,0.54684,0.47000,0.47021,1.95884,-2.10525,0.0082,0.903,1.9657,-2.1099,0.6158,-0.4951,0.46773,0.41909,-37.10,29.56,34.70,0.9558
3333,TRACKING,-0.88622,0.16200,-0.46926,0.47898,0.47000,0.44646,1.92964,-1.99209,0.0157,0.693,1.9345,-2.0001,0.3543,-0.3179,0.46888,0.41678,8.10,7.11,56.41,0.8959
3343,TRACKING,-0.85442,0.22180,-0.43211,0.55830,0.47000,0.47422,1.96512,-2.12656,0.0314,0.986,1.9594,-2.1086,0.3152,-0.4639,0.47068,0.42530,4.76,3.81,62.15,0.8771
3353,TRACKING,-0.86523,0.26125,-0.45735,0.59432,0.47000,0.48682,1.98807,-2.19896,0.0312,0.885,1.9796,-2.1823,0.1123,-0.6302,0.47222,0.45092,-33.04,-22.74,51.20,0.9115
3363,TRACKING,-0.85456,0.31197,-0.44120,0.64138,0.47000,0.50000,2.01869,-2.28603,0.0077,1.406,2.0130,-2.2808,-0.1900,-0.5472,0.47215,0.48401,-45.86,-44.38,51.75,0.9114
3373,TRACKING,-0.84983,0.31911,-0.43769,0.63973,0.47000,0.50000,2.01869,-2.28603,0.0077,1.258,2.0130,-2.2808,-0.2369,-0.6022,0.46492,0.50960,-48.49,-47.31,53.10,0.9075
3383,TRACKING,-0.85099,0.30505,-0.44040,0.62807,0.47000,0.49864,2.01513,-2.27635,0.0049,1.639,2.0130,-2.2808,-0.2711,-0.6389,0.45832,0.52086,-50.35,-50.20,52.45,0.9061
3393,TRACKING,-0.85835,0.30226,-0.44805,0.62442,0.47000,0.49736,2.01189,-2.26742,0.0064,0.925,2.0130,-2.2737,-0.2711,-0.6114,0.45708,0.52264,-49.46,-50.20,50.63,0.9121
3403,TRACKING,-0.87523,0.27765,-0.46208,0.60268,0.47000,0.48975,1.99421,-2.21715,0.0059,0.885,1.9971,-2.2119,-0.2298,-0.0661,0.45921,0.51394,-42.64,-44.32,48.84,0.9185
3413,TRACKING,-0.86449,0.29020,-0.44973,0.61673,0.47000,0.49467,2.00533,-2.24911,0.0115,2.419,2.0004,-2.2443,-0.2062,0.1831,0.46257,0.50772,-42.41,-43.27,51.27,0.9112
3423,TRACKING,-0.86179,0.29492,-0.44872,0.61897,0.47000,0.49545,2.00720,-2.25438,0.0041,0.873,2.0039,-2.2568,-0.1820,0.2117,0.46157,0.51259,-40.03,-41.14,51.39,0.9109
3433,TRACKING,-0.86173,0.29434,-0.44963,0.61960,0.47000,0.49567,2.00773,-2.25586,0.0070,0.886,2.0039,-2.2500,-0.1776,0.2265,0.46228,0.51136,-40.74,-40.66,51.23,0.9120
3443,TRACKING,-0.87867,0.27215,-0.47453,0.58586,0.47000,0.48386,1.98220,-2.18114,0.0354,1.786,1.9899,-2.2009,-0.1478,0.2615,0.46484,0.50591,-33.37,-36.45,45.04,0.9255
3453,LOST_SHORT,-0.87769,0.23600,-0.45976,0.54222,0.47000,0.46859,1.95644,-2.09686,0.0489,1.302,1.9651,-2.1249,-0.0503,0.0007,0.46682,0.48628,0.00,-26.31,90.99,0.0000
3463,TRACKING,-0.68376,0.00706,-0.20538,0.31717,0.40472,0.38982,1.65581,-1.47167,0.1721,0.572,1.7162,-1.5554,0.0675,0.8393,0.46785,0.46947,-16.06,-17.36,122.77,0.6185
3473,LOST_SHORT,-0.68376,0.00706,-0.20538,0.31717,0.40472,0.38982,1.65581,-1.47167,0.1721,0.572,1.7162,-1.5554,0.0675,0.8393,0.43228,0.48073,0.00,-17.36,151.68,0.0000
3483,LOST_LONG,-0.68376,0.00706,-0.20538,0.31717,0.40472,0.38982,1.65581,-1.47167,0.1721,0.572,1.7162,-1.5554,0.0675,0.8393,0.41330,0.47012,0.00,-17.36,49.82,0.0000
3493,LOST_LONG,-0.68376,0.00706,-0.20538,0.31717,0.40472,0.38982,1.65581,-1.47167,0.1721,0.572,1.6653,-1.4197,0.0513,0.6379,0.42012,0.42191,0.00,-17.36,101.22,0.0000
3503,LOST_LONG,-0.68376,0.00706,-0.20538,0.31717,0.40472,0.38982,1.65581,-1.47167,0.1721,0.572,1.5144,-1.0176,0.0130,0.0410,0.39380,0.41924,0.00,-17.36,116.73,0.0000
3513,LOST_LONG,-0.68376,0.00706,-0.20538,0.31717,0.40472,0.38982,1.65581,-1.47167,0.1721,0.572,1.5144,-1.0021,0.0130,0.0104,0.36554,0.40943,0.00,-17.36,121.53,0.0000
3523,LOST_LONG,-0.68376,0.00706,-0.20538,0.31717,0.40472,0.38982,1.65581,-1.47167,0.1721,0.572,1.5144,-1.0021,0.0130,0.0104,0.36184,0.36063,0.00,-17.36,123.21,0.0000
3533,LOST_SHORT,-0.55573,0.04452,-0.07067,0.35608,0.35757,0.40344,1.48807,-1.32466,0.0831,0.562,1.5337,-1.3047,0.0130,0.0104,0.36716,0.34346,0.00,0.00,121.04,0.0000
3543,LOST_SHORT,-0.55573,0.04452,-0.07067,0.35608,0.35757,0.40344,1.48807,-1.32466,0.0831,0.562,1.5337,-1.3047,0.0130,0.0104,0.36934,0.37841,0.00,0.00,159.78,0.0000
3553,TRACKING,-0.45652,0.05952,-0.05627,0.37790,0.35253,0.41108,1.47032,-1.32856,0.0205,0.851,1.4767,-1.3181,0.0130,0.0104,0.36936,0.37859,0.00,0.00,144.43,0.4725
3563,TRACKING,-0.49260,0.05562,-0.07473,0.38027,0.35899,0.41191,1.49307,-1.35461,0.0107,0.665,1.4980,-1.3614,0.0471,0.7349,0.36058,0.40709,-21.79,-20.68,146.84,0.4911
3573,TRACKING,-0.43889,0.02809,-0.01045,0.34245,0.33984,0.39867,1.42618,-1.24769,0.0334,0.643,1.4358,-1.2653,0.0608,1.2397,0.35555,0.40318,-21.00,-19.94,151.05,0.4240
3583,TRACKING,-0.37027,0.00058,0.05399,0.32173,0.32794,0.39142,1.38533,-1.18663,0.0281,0.737,1.3969,-1.1989,0.0208,0.6446,0.33929,0.39000,-25.08,-24.06,156.61,0.3591
3593,TRACKING,-0.34229,-0.04032,0.06878,0.27830,0.32276,0.37622,1.37067,-1.12676,0.0085,0.562,1.3641,-1.1322,-0.0124,0.1198,0.32531,0.38377,-27.91,-26.98,156.16,0.3473
3603,TRACKING,-0.33005,-0.04725,0.08784,0.27187,0.31609,0.37397,1.34791,-1.10025,0.0163,0.645,1.3530,-1.1086,-0.0635,0.2642,0.32171,0.38467,-32.92,-31.88,160.62,0.3294
3613,TRACKING,-0.31456,-0.04361,0.10869,0.28283,0.30880,0.37780,1.32071,-1.08657,0.0287,0.978,1.3357,-1.0951,-0.0399,0.4969,0.31750,0.37913,-26.52,-28.04,162.91,0.3072
3623,TRACKING,-0.28188,-0.03243,0.13642,0.29469,0.29909,0.38195,1.28490,-1.06685,0.0139,1.959,1.2916,-1.0718,-0.0160,0.3187,0.30646,0.38108,-25.38,-26.28,163.34,0.2782
3633,TRACKING,-0.29027,-0.03724,0.12502,0.28127,0.30308,0.37726,1.30045,-1.06682,0.0125,0.858,1.2986,-1.0743,-0.0012,0.3287,0.30281,0.38309,-26.37,-25.42,160.23,0.2912
3643,TRACKING,-0.27394,-0.04398,0.14543,0.28319,0.29594,0.37793,1.27462,-1.04612,0.0123,1.059,1.2810,-1.0522,-0.0073,0.3212,0.30245,0.37768,-25.55,-26.56,162.40,0.2708
3653,TRACKING,-0.23744,-0.03486,0.18522,0.28993,0.28201,0.38029,1.22363,-1.00990,0.0223,0.895,1.2341,-1.0182,-0.0073,0.1788,0.29380,0.38095,-24.11,-25.70,165.44,0.2304
3663,TRACKING,-0.21804,-0.03780,0.19936,0.28454,0.27706,0.37840,1.20602,-0.98997,0.0164,0.868,1.2124,-0.9975,-0.0038,0.0283,0.28155,0.38135,-26.83,-25.73,165.28,0.2174
3673,TRACKING,-0.22603,-0.05224,0.18377,0.26620,0.28252,0.37198,1.22776,-0.98899,0.0082,0.803,1.2208,-0.9933,-0.0343,0.1884,0.27797,0.37980,-30.08,-29.01,162.00,0.2365
3683,TRACKING,-0.23468,-0.05771,0.17624,0.26572,0.28515,0.37181,1.23743,-0.99654,0.0097,1.025,1.2320,-0.9933,-0.0343,-0.0144,0.28240,0.37697,-28.24,-28.03,161.11,0.2439
3693,TRACKING,-0.23513,-0.06106,0.17717,0.26124,0.28483,0.37024,1.23677,-0.99139,0.0023,1.037,1.2355,-0.9933,-0.0343,0.2222,0.28484,0.37424,-28.81,-28.03,161.18,0.2441
3703,TRACKING,-0.23203,-0.01262,0.17747,0.32904,0.28472,0.39397,1.23130,-1.05626,0.0309,0.900,1.2276,-1.0379,-0.0423,0.2399,0.28503,0.37525,-33.02,-30.17,170.25,0.2357
3713,TRACKING,-0.13779,0.17585,0.29277,0.57279,0.24437,0.47929,1.12335,-1.22294,0.1045,0.708,1.1267,-1.1603,-0.1084,1.0914,0.27935,0.41318,-40.22,-37.14,158.24,0.2764
3723,TRACKING,-0.08511,0.34914,0.33890,0.68462,0.22822,0.50000,1.08956,-1.26168,0.0224,0.736,1.0995,-1.2707,-0.3649,1.4931,0.24372,0.48480,-60.24,-59.73,148.67,0.3682
3733,TRACKING,-0.06054,0.36701,0.35338,0.69156,0.22316,0.50000,1.07271,-1.24996,0.0069,4.586,1.0778,-1.2546,-0.3814,1.4831,0.21139,0.53096,-59.97,-59.64,147.47,0.3724
3743,TRACKING,-0.05891,0.38051,0.35502,0.70695,0.22258,0.50000,1.07081,-1.24865,0.0092,0.658,1.0778,-1.2546,-0.3814,1.4600,0.20947,0.53115,-61.31,-60.22,145.60,0.3873
3753,TRACKING,-0.04995,0.38224,0.36286,0.71028,0.21984,0.50000,1.06170,-1.24243,0.0050,0.688,1.0640,-1.2469,-0.3814,1.4921,0.20553,0.53148,-60.96,-60.09,144.17,0.3895
3763,TRACKING,-0.00240,0.51731,0.42221,0.85606,0.20000,0.50000,0.99602,-1.19968,0.0176,0.717,1.0049,-1.2054,-0.3466,-0.4228,0.20462,0.53126,-53.78,-55.20,121.98,0.5322
3773,TRACKING,0.02864,0.51863,0.44497,0.83996,0.20000,0.50000,0.99602,-1.19968,0.0078,0.787,1.0014,-1.2054,-0.3292,-1.4162,0.18806,0.52768,0.00,-54.26,122.38,0.5170
3783,TRACKING,0.02760,0.48711,0.43908,0.80430,0.20000,0.50000,0.99602,-1.19968,0.0078,0.774,1.0014,-1.2054,-0.3104,-1.4935,0.18878,0.52656,-52.03,-52.62,128.99,0.4810
3793,TRACKING,0.02553,0.47248,0.43656,0.79446,0.20000,0.50000,0.99602,-1.19968,0.0078,1.005,1.0014,-1.2054,-0.3003,-1.4935,0.18946,0.52568,-50.83,-51.60,130.67,0.4711
3803,TRACKING,0.02063,0.47904,0.43407,0.81567,0.20000,0.50000,0.99602,-1.19968,0.0078,0.743,1.0014,-1.2054,-0.1267,-1.4935,0.19144,0.52252,-18.26,-30.11,126.37,0.4921
3813,TRACKING,0.06207,0.54382,0.48143,0.87323,0.20000,0.50000,0.99602,-1.19968,0.0078,1.173,1.0014,-1.2054,0.2237,-0.8222,0.19948,0.50612,-2.14,-3.37,117.60,0.5535
3823,TRACKING,0.07412,0.54460,0.48789,0.86785,0.20000,0.50000,0.99602,-1.19968,0.0078,0.760,1.0014,-1.2054,0.2429,-1.4686,0.20410,0.48831,-3.39,-2.94,118.56,0.5490
3833,TRACKING,0.06813,0.54545,0.47747,0.86810,0.20000,0.50000,0.99602,-1.19968,0.0078,0.758,1.0014,-1.2054,0.2429,-1.4803,0.20504,0.47884,-4.52,-3.49,118.85,0.5479
3843,TRACKING,0.02503,0.51806,0.43025,0.83793,0.20000,0.50000,0.99602,-1.19968,0.0078,0.815,1.0014,-1.2054,0.0756,-0.8444,0.20457,0.48478,-15.32,-17.62,124.28,0.5142
3853,TRACKING,0.01592,0.49214,0.43245,0.81667,0.20000,0.50000,0.99602,-1.19968,0.0078,0.735,1.0014,-1.2054,0.2553,-1.2046,0.20445,0.48576,0.84,-0.69,126.21,0.4931
3863,TRACKING,0.01942,0.49042,0.43247,0.81800,0.20000,0.50000,0.99602,-1.19968,0.0078,0.967,1.0014,-1.2054,0.2744,-0.8292,0.20513,0.47616,0.45,-0.11,126.13,0.4944
3873,TRACKING,0.02054,0.49328,0.43421,0.81562,0.20000,0.50000,0.99602,-1.19968,0.0078,0.756,1.0014,-1.2054,0.2744,-0.7128,0.20514,0.47594,-0.18,-0.11,127.21,0.4921
3883,TRACKING,0.01746,0.48772,0.42911,0.81094,0.20000,0.50000,0.99602,-1.19968,0.0078,0.756,1.0014,-1.2054,0.3371,-0.5795,0.20515,0.47430,6.40,5.77,129.15,0.4872
3893,TRACKING,0.00799,0.48208,0.41913,0.80158,0.20014,0.50000,0.99649,-1.19997,0.0073,0.737,1.0014,-1.2054,0.3838,-0.0147,0.20495,0.46862,12.07,10.48,131.55,0.4776
3903,TRACKING,-0.05982,0.41114,0.33670,0.71618,0.22899,0.50000,1.09213,-1.26349,0.0317,0.790,1.0765,-1.2527,0.3604,-1.1358,0.21099,0.45919,-6.77,0.70,145.10,0.3996
3913,TRACKING,-0.08808,0.39078,0.32410,0.71762,0.23340,0.50000,1.10681,-1.27393,0.0102,1.457,1.0999,-1.2664,0.1138,1.4536,0.23366,0.47229,-13.74,-14.92,145.51,0.4036
3923,TRACKING,-0.09381,0.39552,0.31627,0.71910,0.23614,0.50000,1.11595,-1.28053,0.0103,0.856,1.1081,-1.2739,0.1221,1.4940,0.23371,0.48819,-13.43,-13.67,145.93,0.4068
3933,TRACKING,-0.09728,0.40263,0.31993,0.73199,0.23486,0.50000,1.11168,-1.27744,0.0121,0.925,1.1167,-1.2827,0.1083,1.4940,0.23828,0.48938,-21.36,-17.19,142.38,0.4185
3943,TRACKING,-0.07725,0.38322,0.33543,0.70965,0.22944,0.50000,1.09361,-1.26454,0.0050,0.723,1.0960,-1.2690,-0.0887,1.4940,0.23120,0.49904,-33.49,-33.92,146.45,0.3934
3953,TRACKING,-0.08154,0.40663,0.33045,0.73296,0.23118,0.50000,1.09942,-1.26865,0.0034,0.745,1.0960,-1.2690,-0.0605,1.4940,0.22773,0.50768,-29.24,-30.18,144.65,0.4172
3963,TRACKING,-0.08903,0.40998,0.32251,0.73401,0.23396,0.50000,1.10867,-1.27527,0.0083,0.722,1.1033,-1.2690,-0.0407,1.4940,0.22863,0.50505,-27.36,-28.47,145.52,0.4199
3973,TRACKING,-0.09615,0.39967,0.31487,0.72072,0.23664,0.50000,1.11759,-1.28172,0.0142,0.749,1.1111,-1.2762,-0.0366,1.4940,0.23230,0.50281,-27.56,-28.00,147.83,0.4087
3983,TRACKING,-0.10336,0.38501,0.30908,0.70905,0.23866,0.50000,1.12435,-1.28665,0.0097,0.725,1.1178,-1.2795,-0.0120,1.4940,0.23497,0.50240,-25.26,-25.84,148.92,0.3989
3993,TRACKING,-0.10267,0.39013,0.31272,0.71405,0.23739,0.50000,1.12010,-1.28354,0.0012,0.769,1.1211,-1.2829,-0.0078,1.4940,0.23760,0.50011,-24.98,-25.42,148.05,0.4028
4003,TRACKING,-0.10263,0.39383,0.30912,0.71981,0.23865,0.50000,1.12430,-1.28661,0.0049,1.008,1.1211,-1.2829,0.0286,1.4940,0.23774,0.49973,-17.15,-20.43,147.71,0.4092
4013,TRACKING,-0.08452,0.40423,0.33123,0.72778,0.23091,0.50000,1.09850,-1.26800,0.0098,0.714,1.1042,-1.2759,0.0865,1.4940,0.23810,0.49184,-19.38,-18.19,145.92,0.4120
4023,TRACKING,-0.07446,0.40137,0.33836,0.72421,0.22841,0.50000,1.09019,-1.26213,0.0037,1.061,1.0914,-1.2656,0.0865,1.4940,0.23062,0.49281,-15.95,-16.85,145.60,0.4071
4033,TRACKING,-0.08867,0.39556,0.32059,0.71994,0.23463,0.50000,1.11091,-1.27688,0.0106,0.747,1.1038,-1.2691,0.0916,1.4940,0.23031,0.49253,-15.41,-16.34,146.99,0.4066
4043,TRACKING,-0.08544,0.40567,0.33196,0.73031,0.23065,0.50000,1.09765,-1.26739,0.0107,0.801,1.1033,-1.2725,0.1077,1.4940,0.23537,0.49121,-14.48,-15.09,145.06,0.4143
4053,TRACKING,-0.08014,0.40042,0.33311,0.72420,0.23025,0.50000,1.09631,-1.26645,0.0026,0.725,1.0965,-1.2690,0.1077,1.4940,0.23202,0.49120,-15.98,-15.09,145.68,0.4081
4063,TRACKING,-0.07822,0.39780,0.33354,0.72118,0.23010,0.50000,1.09581,-1.26609,0.0030,0.752,1.0965,-1.2690,0.1077,1.4940,0.23203,0.49102,-15.41,-15.09,145.98,0.4051
4073,TRACKING,-0.07307,0.38597,0.34155,0.70909,0.22730,0.50000,1.08648,-1.25952,0.0089,0.743,1.0930,-1.2656,0.1077,1.4940,0.23201,0.49103,-15.09,-15.09,146.74,0.3917
4083,TRACKING,-0.14844,0.36269,0.24357,0.67828,0.26159,0.50000,1.20115,-1.34545,0.0420,0.582,1.1814,-1.3298,0.0526,1.4940,0.23632,0.49150,-22.10,-21.13,157.80,0.3928
4093,LOST_SHORT,-0.33883,0.20737,0.02396,0.53261,0.33845,0.46522,1.43774,-1.45436,0.1091,0.600,1.3908,-1.4088,0.1478,1.1470,0.26536,0.47114,0.00,-10.00,146.12,0.0000
4103,TRACKING,-0.90307,0.08953,-0.57751,0.41143,0.47000,0.42281,1.91136,-1.89646,0.1124,0.733,1.8688,-1.8441,-0.1672,1.4646,0.30121,0.47889,-52.71,-47.33,9.69,0.9945
4113,TRACKING,-0.98255,0.13324,-0.56655,0.46927,0.47000,0.44305,1.92642,-1.97742,0.0253,0.758,1.9199,-1.9628,-0.3219,1.4924,0.33922,0.49947,-53.65,-54.70,20.91,0.9904
4123,TRACKING,-0.96500,0.17265,-0.54939,0.50422,0.47000,0.45529,1.93906,-2.03185,0.0182,0.764,1.9340,-2.0222,-0.2758,1.3663,0.37089,0.50894,-49.44,-49.66,26.69,0.9792
4133,TRACKING,-0.95501,0.19325,-0.54209,0.51623,0.47000,0.45949,1.94411,-2.05167,0.0071,1.021,1.9411,-2.0582,-0.2758,1.4785,0.42597,0.49398,-50.67,-49.66,29.83,0.9744
4143,TRACKING,-0.95967,0.17644,-0.54711,0.49606,0.47000,0.45243,1.93584,-2.01871,0.0118,0.736,1.9411,-2.0250,-0.2758,1.2415,0.45946,0.48023,-51.58,-50.77,28.49,0.9755
4153,TRACKING,-0.95868,0.17525,-0.54037,0.50021,0.47000,0.45389,1.93746,-2.02536,0.0046,0.771,1.9411,-2.0227,-0.2795,1.1053,0.46315,0.47776,-47.66,-49.57,34.51,0.9696
4163,TRACKING,-0.96373,0.16641,-0.54527,0.49462,0.47000,0.45193,1.93529,-2.01642,0.0089,1.067,1.9377,-2.0113,-0.3003,0.8334,0.46381,0.47448,-49.30,-51.60,34.67,0.9735
4173,TRACKING,-0.94843,0.18038,-0.53287,0.50167,0.47000,0.45440,1.93804,-2.02771,0.0044,0.960,1.9377,-2.0321,-0.2678,0.8656,0.46225,0.47777,-48.49,-48.89,33.37,0.9625
4183,TRACKING,-0.98040,0.13796,-0.56851,0.46041,0.47000,0.43996,1.92366,-1.96434,0.0095,1.044,1.9310,-1.9705,-0.4117,1.4847,0.46200,0.47168,-64.46,-63.63,17.31,0.9910
4193,TRACKING,-0.97108,0.15460,-0.55046,0.48149,0.47000,0.44733,1.93051,-1.99593,0.0097,0.752,1.9310,-1.9901,-0.3884,1.4945,0.45875,0.47711,-55.83,-58.51,32.09,0.9764
4203,TRACKING,-0.95600,0.16444,-0.54267,0.48876,0.47000,0.44988,1.93310,-2.00720,0.0038,0.723,1.9310,-2.0041,-0.3398,1.4897,0.45963,0.47784,-55.41,-55.23,30.85,0.9699
4213,TRACKING,-0.95609,0.16713,-0.54194,0.49159,0.47000,0.45087,1.93415,-2.01164,0.0032,0.813,1.9310,-2.0113,-0.3398,1.4952,0.45890,0.48106,-55.27,-55.23,31.53,0.9696
4223,TRACKING,-0.95899,0.16373,-0.54317,0.49087,0.47000,0.45062,1.93388,-2.01051,0.0076,0.735,1.9310,-2.0035,-0.3463,1.4765,0.45921,0.48012,-54.64,-55.87,32.58,0.9707
4233,TRACKING,-0.96474,0.17515,-0.56079,0.49081,0.47000,0.45059,1.93386,-2.01041,0.0205,0.773,1.9342,-2.0227,-0.2837,1.4949,0.46027,0.48112,-55.26,-51.60,16.46,0.9881
4243,TRACKING,-0.96390,0.16084,-0.54711,0.48418,0.47000,0.44828,1.93146,-2.00008,0.0029,0.723,1.9342,-2.0011,-0.2950,1.4949,0.46244,0.47386,-50.24,-51.12,29.79,0.9735
4253,TRACKING,-0.97853,0.15166,-0.57181,0.46855,0.47000,0.44281,1.92619,-1.97636,0.0191,0.987,1.9310,-1.9867,-0.3182,1.4949,0.46357,0.47141,-65.94,-57.21,8.33,0.9955
4263,TRACKING,-0.98571,0.14411,-0.57135,0.47157,0.47000,0.44386,1.92716,-1.98087,0.0077,0.688,1.9276,-1.9732,-0.4585,1.4949,0.45890,0.47313,-65.04,-66.43,14.16,0.9955
4273,TRACKING,-0.98085,0.14010,-0.56239,0.46559,0.47000,0.44177,1.92525,-1.97196,0.0037,0.708,1.9276,-1.9691,-0.4359,1.4949,0.45664,0.47819,-61.17,-63.13,25.20,0.9857
4283,TRACKING,-0.98554,0.12150,-0.57366,0.44093,0.47000,0.43314,1.91819,-1.93646,0.0106,0.813,1.9242,-1.9417,-0.4382,1.4949,0.45838,0.47433,-65.85,-65.31,12.76,0.9937
4293,TRACKING,-0.97837,0.14193,-0.56113,0.47378,0.47000,0.44464,1.92789,-1.98419,0.0165,0.986,1.9242,-1.9745,-0.4497,1.4949,0.45901,0.46896,-64.11,-65.17,23.51,0.9857
4303,TRACKING,-0.63667,0.03518,-0.11883,0.34311,0.37443,0.39890,1.54760,-1.37503,0.2719,0.545,1.6468,-1.5045,-0.1807,1.1625,0.46216,0.45725,-33.84,-37.37,146.14,0.5323
4313,TRACKING,0.14966,-0.01159,0.77725,0.24148,0.20000,0.36333,0.91181,-0.74139,0.1684,0.778,0.9482,-0.8357,0.0568,-1.4553,0.42455,0.45911,-6.23,-14.16,142.21,0.3734
4323,TRACKING,0.84407,-0.32140,1.30335,-0.02327,0.20000,0.28467,0.96192,-0.53853,0.0150,3.411,0.9564,-0.5456,0.1686,0.1997,0.38656,0.44958,63.53,-9.55,33.44,0.9556
4333,LOST_SHORT,0.80300,-0.55746,1.16810,-0.32236,0.20000,0.17999,1.21823,-0.36412,0.1354,0.883,1.1460,-0.4013,0.1686,0.4135,0.34887,0.44757,0.00,-9.55,109.31,0.0000
4343,LOST_SHORT,0.73874,-0.65688,1.11831,-0.38009,0.20000,0.15978,1.29896,-0.34793,0.0751,0.884,1.2559,-0.3612,0.1686,0.4135,0.30909,0.44556,0.00,-9.55,0.00,0.0000
4353,LOST_LONG,0.73874,-0.65688,1.11831,-0.38009,0.20000,0.15978,1.29896,-0.34793,0.0751,0.884,1.2559,-0.3612,0.1686,0.4135,0.28964,0.41792,0.00,-9.55,179.61,0.0000
4363,LOST_LONG,0.73874,-0.65688,1.11831,-0.38009,0.20000,0.15978,1.29896,-0.34793,0.0751,0.884,1.4411,-0.8306,0.0428,0.1049,0.30048,0.35346,0.00,-9.55,0.00,0.0000
4373,LOST_LONG,0.73874,-0.65688,1.11831,-0.38009,0.20000,0.15978,1.29896,-0.34793,0.0751,0.884,1.4919,-0.9797,0.0108,0.0117,0.32556,0.29160,0.00,-9.55,17.57,0.0000
4383,TRACKING,0.68639,-0.70724,1.09202,-0.38341,0.20000,0.15862,1.30390,-0.34721,0.3959,0.864,1.3715,-0.5749,0.0108,0.0117,0.33613,0.28555,0.00,0.00,49.37,0.9805
4393,LOST_SHORT,0.68134,-0.70712,1.08506,-0.38289,0.20000,0.15880,1.30313,-0.34732,0.2377,0.882,1.3441,-0.4839,0.0108,0.0117,0.29837,0.28476,0.00,0.00,68.79,0.0000
4403,TRACKING,0.53000,-0.78763,0.94311,-0.46364,0.20000,0.13054,1.43253,-0.33666,0.1717,0.672,1.3795,-0.4250,0.0108,0.0117,0.27539,0.24402,0.00,0.00,66.78,0.9493
4413,LOST_SHORT,0.49259,-0.78176,0.88305,-0.45405,0.20000,0.13389,1.41629,-0.33720,0.0331,0.767,1.4102,-0.3561,0.0108,0.0117,0.25174,0.18396,0.00,0.00,69.58,0.0000
4423,LOST_SHORT,0.43526,-0.78119,0.84788,-0.46221,0.20000,0.13104,1.43009,-0.33672,0.0173,1.690,1.4208,-0.3443,0.0108,0.0117,0.21775,0.14761,0.00,0.00,84.19,0.0000
4433,LOST_LONG,0.43526,-0.78119,0.84788,-0.46221,0.20000,0.13104,1.43009,-0.33672,0.0173,1.690,1.4208,-0.3443,0.0108,0.0117,0.20118,0.13390,0.00,0.00,0.00,0.0000
4443,LOST_LONG,0.43526,-0.78119,0.84788,-0.46221,0.20000,0.13104,1.43009,-0.33672,0.0173,1.690,1.4208,-0.3443,0.0108,0.0117,0.20107,0.13379,0.00,0.00,0.00,0.0000
4453,LOST_LONG,0.43526,-0.78119,0.84788,-0.46221,0.20000,0.13104,1.43009,-0.33672,0.0173,1.690,1.4880,-0.8656,0.0108,0.0117,0.21294,0.13766,0.00,0.00,150.82,0.0000
4463,LOST_LONG,0.43526,-0.78119,0.84788,-0.46221,0.20000,0.13104,1.43009,-0.33672,0.0173,1.690,1.4918,-0.9795,0.0108,0.0117,0.24793,0.15553,0.00,0.00,85.26,0.0000
4473,LOST_LONG,0.43526,-0.78119,0.84788,-0.46221,0.20000,0.13104,1.43009,-0.33672,0.0173,1.690,1.4918,-0.9795,0.0108,0.0117,0.28151,0.19104,0.00,0.00,89.95,0.0000
4483,LOST_LONG,0.43526,-0.78119,0.84788,-0.46221,0.20000,0.13104,1.43009,-0.33672,0.0173,1.690,1.4918,-0.9795,0.0108,0.0117,0.30898,0.23000,0.00,0.00,81.36,0.0000
4493,LOST_LONG,0.43526,-0.78119,0.84788,-0.46221,0.20000,0.13104,1.43009,-0.33672,0.0173,1.690,1.4918,-0.9795,0.0108,0.0117,0.33063,0.27193,0.00,0.00,89.66,0.0000
4503,LOST_LONG,0.43526,-0.78119,0.84788,-0.46221,0.20000,0.13104,1.43009,-0.33672,0.0173,1.690,1.4918,-0.9795,0.0108,0.0117,0.33614,0.28555,0.00,0.00,104.49,0.0000
4513,LOST_LONG,0.43526,-0.78119,0.84788,-0.46221,0.20000,0.13104,1.43009,-0.33672,0.0173,1.690,1.4918,-0.9795,0.0108,0.0117,0.33615,0.28559,0.00,0.00,96.14,0.0000
4523,LOST_LONG,0.43526,-0.78119,0.84788,-0.46221,0.20000,0.13104,1.43009,-0.33672,0.0173,1.690,1.4918,-0.9795,0.0108,0.0117,0.33613,0.28552,0.00,0.00,100.71,0.0000
4533,LOST_LONG,0.43526,-0.78119,0.84788,-0.46221,0.20000,0.13104,1.43009,-0.33672,0.0173,1.690,1.4918,-0.9795,0.0108,0.0117,0.33613,0.28552,0.00,0.00,78.02,0.0000
4543,LOST_LONG,0.43526,-0.78119,0.84788,-0.46221,0.20000,0.13104,1.43009,-0.33672,0.0173,1.690,1.4918,-0.9795,0.0108,0.0117,0.33615,0.28558,0.00,0.00,86.22,0.0000
4553,LOST_LONG,0.43526,-0.78119,0.84788,-0.46221,0.20000,0.13104,1.43009,-0.33672,0.0173,1.690,1.4918,-0.9795,0.0108,0.0117,0.33612,0.28543,0.00,0.00,100.46,0.0000
4563,LOST_LONG,0.43526,-0.78119,0.84788,-0.46221,0.20000,0.13104,1.43009,-0.33672,0.0173,1.690,1.4918,-0.9795,0.0108,0.0117,0.33613,0.28549,0.00,0.00,90.01,0.0000
4573,LOST_LONG,0.43526,-0.78119,0.84788,-0.46221,0.20000,0.13104,1.43009,-0.33672,0.0173,1.690,1.4918,-0.9795,0.0108,0.0117,0.33612,0.28544,0.00,0.00,111.36,0.0000
4583,LOST_LONG,0.43526,-0.78119,0.84788,-0.46221,0.20000,0.13104,1.43009,-0.33672,0.0173,1.690,1.4918,-0.9795,0.0108,0.0117,0.33614,0.28557,0.00,0.00,88.78,0.0000
4593,LOST_LONG,0.43526,-0.78119,0.84788,-0.46221,0.20000,0.13104,1.43009,-0.33672,0.0173,1.690,1.4918,-0.9795,0.0108,0.0117,0.33613,0.28549,0.00,0.00,100.52,0.0000
4603,LOST_LONG,0.43526,-0.78119,0.84788,-0.46221,0.20000,0.13104,1.43009,-0.33672,0.0173,1.690,1.4918,-0.9795,0.0108,0.0117,0.33614,0.28554,0.00,0.00,95.19,0.0000
4613,LOST_LONG,0.43526,-0.78119,0.84788,-0.46221,0.20000,0.13104,1.43009,-0.33672,0.0173,1.690,1.4918,-0.9795,0.0108,0.0117,0.33613,0.28550,0.00,0.00,94.73,0.0000
4623,LOST_LONG,0.43526,-0.78119,0.84788,-0.46221,0.20000,0.13104,1.43009,-0.33672,0.0173,1.690,1.4918,-0.9795,0.0108,0.0117,0.33612,0.28544,0.00,0.00,0.00,0.0000
4633,LOST_LONG,0.43526,-0.78119,0.84788,-0.46221,0.20000,0.13104,1.43009,-0.33672,0.0173,1.690,1.4918,-0.9795,0.0108,0.0117,0.33613,0.28549,0.00,0.00,0.00,0.0000
4643,LOST_LONG,0.43526,-0.78119,0.84788,-0.46221,0.20000,0.13104,1.43009,-0.33672,0.0173,1.690,1.4918,-0.9795,0.0108,0.0117,0.33612,0.28545,0.00,0.00,0.00,0.0000
4653,LOST_LONG,0.43526,-0.78119,0.84788,-0.46221,0.20000,0.13104,1.43009,-0.33672,0.0173,1.690,1.4918,-0.9795,0.0108,0.0117,0.33612,0.28545,0.00,0.00,0.00,0.0000
4663,LOST_LONG,0.43526,-0.78119,0.84788,-0.46221,0.20000,0.13104,1.43009,-0.33672,0.0173,1.690,1.4918,-0.9795,0.0108,0.0117,0.33612,0.28547,0.00,0.00,0.00,0.0000
4673,LOST_LONG,0.43526,-0.78119,0.84788,-0.46221,0.20000,0.13104,1.43009,-0.33672,0.0173,1.690,1.4918,-0.9795,0.0108,0.0117,0.33613,0.28549,0.00,0.00,0.00,0.0000
4683,LOST_LONG,0.43526,-0.78119,0.84788,-0.46221,0.20000,0.13104,1.43009,-0.33672,0.0173,1.690,1.4918,-0.9795,0.0108,0.0117,0.33615,0.28559,0.00,0.00,0.00,0.0000
4693,LOST_LONG,0.43526,-0.78119,0.84788,-0.46221,0.20000,0.13104,1.43009,-0.33672,0.0173,1.690,1.4918,-0.9795,0.0108,0.0117,0.33613,0.28549,0.00,0.00,0.00,0.0000
4703,LOST_LONG,0.43526,-0.78119,0.84788,-0.46221,0.20000,0.13104,1.43009,-0.33672,0.0173,1.690,1.4918,-0.9795,0.0108,0.0117,0.33615,0.28559,0.00,0.00,0.00,0.0000
4713,LOST_LONG,0.43526,-0.78119,0.84788,-0.46221,0.20000,0.13104,1.43009,-0.33672,0.0173,1.690,1.4918,-0.9795,0.0108,0.0117,0.33612,0.28545,0.00,0.00,97.28,0.0000
4723,LOST_LONG,0.43526,-0.78119,0.84788,-0.46221,0.20000,0.13104,1.43009,-0.33672,0.0173,1.690,1.4918,-0.9795,0.0108,0.0117,0.33614,0.28554,0.00,0.00,0.00,0.0000
4733,LOST_LONG,0.43526,-0.78119,0.84788,-0.46221,0.20000,0.13104,1.43009,-0.33672,0.0173,1.690,1.4918,-0.9795,0.0108,0.0117,0.33613,0.28548,0.00,0.00,124.65,0.0000
4743,LOST_LONG,0.43526,-0.78119,0.84788,-0.46221,0.20000,0.13104,1.43009,-0.33672,0.0173,1.690,1.4918,-0.9795,0.0108,0.0117,0.33615,0.28559,0.00,0.00,54.73,0.0000
4753,LOST_LONG,0.43526,-0.78119,0.84788,-0.46221,0.20000,0.13104,1.43009,-0.33672,0.0173,1.690,1.4918,-0.9795,0.0108,0.0117,0.33612,0.28546,0.00,0.00,113.30,0.0000
4763,LOST_LONG,0.43526,-0.78119,0.84788,-0.46221,0.20000,0.13104,1.43009,-0.33672,0.0173,1.690,1.4918,-0.9795,0.0108,0.0117,0.33612,0.28546,0.00,0.00,0.00,0.0000
4773,LOST_LONG,0.43526,-0.78119,0.84788,-0.46221,0.20000,0.13104,1.43009,-0.33672,0.0173,1.690,1.4918,-0.9795,0.0108,0.0117,0.33613,0.28549,0.00,0.00,130.34,0.0000
4783,LOST_LONG,0.43526,-0.78119,0.84788,-0.46221,0.20000,0.13104,1.43009,-0.33672,0.0173,1.690,1.4918,-0.9795,0.0108,0.0117,0.33616,0.28566,0.00,0.00,156.33,0.0000
4793,LOST_LONG,0.43526,-0.78119,0.84788,-0.46221,0.20000,0.13104,1.43009,-0.33672,0.0173,1.690,1.4918,-0.9795,0.0108,0.0117,0.33612,0.28542,0.00,0.00,130.52,0.0000
4803,LOST_LONG,0.43526,-0.78119,0.84788,-0.46221,0.20000,0.13104,1.43009,-0.33672,0.0173,1.690,1.4918,-0.9795,0.0108,0.0117,0.33613,0.28549,0.00,0.00,77.50,0.0000
4813,TRACKING,0.39770,-0.80569,0.88116,-0.47193,0.20000,0.12764,1.44672,-0.33635,0.0856,1.362,1.4585,-0.3863,0.0108,0.0117,0.33578,0.28464,0.00,0.00,56.41,0.9233
4823,TRACKING,0.48860,-0.73085,0.86730,-0.40991,0.20000,0.14934,1.34450,-0.34222,0.0141,0.809,1.3372,-0.3495,0.0108,0.0117,0.29788,0.26498,0.00,0.00,94.81,0.8631
4833,TRACKING,0.43566,-0.75627,0.87892,-0.46084,0.20000,0.13152,1.42777,-0.33679,0.0640,0.689,1.3897,-0.3418,0.0108,0.0117,0.26748,0.25106,0.00,0.00,86.75,0.9127
4843,TRACKING,0.48157,-0.84374,0.90692,-0.52616,0.20000,0.10865,1.54304,-0.33796,0.0165,0.795,1.5334,-0.3418,0.0108,0.0117,0.25103,0.17853,0.00,0.00,27.60,0.9832
4853,TRACKING,0.43627,-0.84616,0.80735,-0.52614,0.20000,0.10866,1.54299,-0.33796,0.0093,1.051,1.5379,-0.3418,0.0108,0.0117,0.21729,0.12245,0.00,0.00,72.90,0.9371
4863,LOST_SHORT,0.29198,-0.90149,0.65677,-0.59320,0.20000,0.08519,1.66827,-0.34859,0.0392,1.059,1.6451,-0.3418,0.0108,0.0117,0.19517,0.12826,0.00,0.00,111.23,0.0000
4873,LOST_SHORT,0.29198,-0.90149,0.65677,-0.59320,0.20000,0.08519,1.66827,-0.34859,0.0392,1.059,1.6451,-0.3418,0.0108,0.0117,0.18885,0.13608,0.00,0.00,115.83,0.0000
4883,LOST_LONG,0.29198,-0.90149,0.65677,-0.59320,0.20000,0.08519,1.66827,-0.34859,0.0392,1.059,1.6451,-0.3418,0.0108,0.0117,0.20027,0.13628,0.00,0.00,111.04,0.0000
4893,LOST_LONG,0.29198,-0.90149,0.65677,-0.59320,0.20000,0.08519,1.66827,-0.34859,0.0392,1.059,1.5855,-0.6156,0.0108,0.0117,0.21370,0.13504,0.00,0.00,106.31,0.0000
4903,LOST_SHORT,-0.02934,-0.76691,0.36050,-0.42360,0.22066,0.14455,1.44158,-0.41254,0.2369,0.906,1.4775,-0.5500,0.0108,0.0117,0.22595,0.15419,0.00,0.00,111.13,0.0000
4913,LOST_LONG,-0.02934,-0.76691,0.36050,-0.42360,0.22066,0.14455,1.44158,-0.41254,0.2369,0.906,1.4775,-0.5500,0.0108,0.0117,0.21798,0.14773,0.00,0.00,109.11,0.0000
4923,TRACKING,0.09581,-0.76430,0.49318,-0.41618,0.20000,0.14715,1.35439,-0.34126,0.0564,0.764,1.3847,-0.3563,0.0108,0.0117,0.23324,0.15230,0.00,0.00,99.72,0.7445
4933,LOST_SHORT,0.11422,-0.73248,0.53384,-0.40294,0.20000,0.15178,1.33363,-0.34339,0.0119,0.828,1.3393,-0.3507,0.0108,0.0117,0.20705,0.15530,0.00,0.00,103.36,0.0000
4943,LOST_LONG,0.11422,-0.73248,0.53384,-0.40294,0.20000,0.15178,1.33363,-0.34339,0.0119,0.828,1.3393,-0.3507,0.0108,0.0117,0.20115,0.15156,0.00,0.00,109.49,0.0000
4953,LOST_LONG,0.11422,-0.73248,0.53384,-0.40294,0.20000,0.15178,1.33363,-0.34339,0.0119,0.828,1.3393,-0.3507,0.0108,0.0117,0.20119,0.15163,0.00,0.00,109.51,0.0000
4963,LOST_LONG,0.11422,-0.73248,0.53384,-0.40294,0.20000,0.15178,1.33363,-0.34339,0.0119,0.828,1.4723,-0.8668,0.0108,0.0117,0.21285,0.15538,0.00,0.00,109.90,0.0000
4973,LOST_LONG,0.11422,-0.73248,0.53384,-0.40294,0.20000,0.15178,1.33363,-0.34339,0.0119,0.828,1.4934,-0.9796,0.0108,0.0117,0.25186,0.15987,0.00,0.00,127.08,0.0000
4983,LOST_LONG,0.11422,-0.73248,0.53384,-0.40294,0.20000,0.15178,1.33363,-0.34339,0.0119,0.828,1.4934,-0.9796,0.0108,0.0117,0.28362,0.19306,0.00,0.00,125.65,0.0000
4993,LOST_LONG,0.11422,-0.73248,0.53384,-0.40294,0.20000,0.15178,1.33363,-0.34339,0.0119,0.828,1.4934,-0.9796,0.0108,0.0117,0.31076,0.23212,0.00,0.00,104.29,0.0000
5003,LOST_LONG,0.11422,-0.73248,0.53384,-0.40294,0.20000,0.15178,1.33363,-0.34339,0.0119,0.828,1.4934,-0.9796,0.0108,0.0117,0.33285,0.27612,0.00,0.00,128.12,0.0000
5013,LOST_LONG,0.11422,-0.73248,0.53384,-0.40294,0.20000,0.15178,1.33363,-0.34339,0.0119,0.828,1.4934,-0.9796,0.0108,0.0117,0.33641,0.28505,0.00,0.00,106.65,0.0000
5023,LOST_LONG,0.11422,-0.73248,0.53384,-0.40294,0.20000,0.15178,1.33363,-0.34339,0.0119,0.828,1.4934,-0.9796,0.0108,0.0117,0.33640,0.28498,0.00,0.00,107.35,0.0000
5033,LOST_LONG,0.11422,-0.73248,0.53384,-0.40294,0.20000,0.15178,1.33363,-0.34339,0.0119,0.828,1.4934,-0.9796,0.0108,0.0117,0.33642,0.28507,0.00,0.00,106.41,0.0000
5043,LOST_LONG,0.11422,-0.73248,0.53384,-0.40294,0.20000,0.15178,1.33363,-0.34339,0.0119,0.828,1.4934,-0.9796,0.0108,0.0117,0.33640,0.28498,0.00,0.00,105.15,0.0000
5053,LOST_LONG,0.11422,-0.73248,0.53384,-0.40294,0.20000,0.15178,1.33363,-0.34339,0.0119,0.828,1.4934,-0.9796,0.0108,0.0117,0.33639,0.28495,0.00,0.00,121.83,0.0000
5063,LOST_LONG,0.11422,-0.73248,0.53384,-0.40294,0.20000,0.15178,1.33363,-0.34339,0.0119,0.828,1.4934,-0.9796,0.0108,0.0117,0.33639,0.28495,0.00,0.00,119.69,0.0000
5073,LOST_LONG,0.11422,-0.73248,0.53384,-0.40294,0.20000,0.15178,1.33363,-0.34339,0.0119,0.828,1.4934,-0.9796,0.0108,0.0117,0.33640,0.28496,0.00,0.00,120.39,0.0000
5083,LOST_LONG,0.11422,-0.73248,0.53384,-0.40294,0.20000,0.15178,1.33363,-0.34339,0.0119,0.828,1.4934,-0.9796,0.0108,0.0117,0.33642,0.28508,0.00,0.00,127.35,0.0000
5093,LOST_LONG,0.11422,-0.73248,0.53384,-0.40294,0.20000,0.15178,1.33363,-0.34339,0.0119,0.828,1.4934,-0.9796,0.0108,0.0117,0.33642,0.28509,0.00,0.00,130.68,0.0000
5103,LOST_LONG,0.11422,-0.73248,0.53384,-0.40294,0.20000,0.15178,1.33363,-0.34339,0.0119,0.828,1.4934,-0.9796,0.0108,0.0117,0.33640,0.28497,0.00,0.00,134.22,0.0000
5113,LOST_SHORT,0.02816,-0.71628,0.48147,-0.43007,0.20000,0.14229,1.37667,-0.33941,0.1522,0.811,1.3680,-0.4303,0.0108,0.0117,0.32200,0.28524,0.00,0.00,110.51,0.0000
5123,LOST_SHORT,-0.13856,-0.64904,0.23841,-0.31193,0.26340,0.18364,1.45129,-0.58573,0.0384,0.853,1.4394,-0.5660,0.0108,0.0117,0.29949,0.24957,-69.35,0.00,105.07,0.6098
5133,TRACKING,-0.31300,-0.53315,0.05464,-0.18238,0.32772,0.22898,1.55632,-0.86212,0.0930,0.715,1.5329,-0.8114,-0.2900,1.1785,0.27789,0.19636,-58.83,-58.83,102.29,0.6204
5143,TRACKING,-0.36013,-0.45224,0.05911,-0.11222,0.32615,0.25353,1.50572,-0.88882,0.0274,4.342,1.5221,-0.8877,-0.3040,1.4946,0.31573,0.21526,-49.21,-51.26,113.51,0.5618
5153,TRACKING,-0.21911,-0.46102,0.21016,-0.14383,0.27328,0.24247,1.33931,-0.68787,0.0339,0.904,1.3506,-0.7048,-0.3564,1.4946,0.32075,0.26849,-61.66,-59.60,122.74,0.5099
5163,TRACKING,-0.07728,-0.67260,0.37453,-0.39421,0.21575,0.15484,1.38128,-0.39976,0.0808,0.836,1.3762,-0.4480,-0.5310,0.5493,0.28679,0.27155,-75.59,-74.53,105.20,0.7192
5173,TRACKING,0.06258,-0.87572,0.52288,-0.60427,0.20000,0.08132,1.68940,-0.35125,0.1297,0.934,1.6117,-0.3447,-0.6601,-1.1004,0.27704,0.22377,70.54,-91.78,0.00,0.0000
5183,TRACKING,0.30910,-0.40474,0.74285,0.02923,0.20000,0.28904,0.95649,-0.54847,0.1079,0.758,1.0108,-0.5133,-0.7328,-1.4888,0.25607,0.18040,12.61,-91.78,149.79,0.4423
5193,TRACKING,0.30240,-0.14513,0.71292,0.19606,0.20000,0.34743,0.91466,-0.69659,0.0240,0.734,0.9201,-0.6833,-0.7328,-1.4933,0.26888,0.25413,7.25,-91.78,155.81,0.3260
5203,TRACKING,0.18990,0.01511,0.58267,0.36961,0.20000,0.40817,0.91972,-0.87720,0.0439,0.722,0.9167,-0.8509,-0.7328,-1.4933,0.25975,0.33666,-5.84,-91.78,164.20,0.1756
5213,TRACKING,0.40129,0.44168,0.87590,0.89064,0.20000,0.50000,0.99602,-1.19968,0.0278,0.869,0.9889,-1.1835,-0.7328,-1.4933,0.22934,0.41215,57.91,-91.78,65.59,0.7316
5223,TRACKING,0.39864,0.59295,0.80983,0.90672,0.20000,0.50000,0.99602,-1.19968,0.0092,0.772,0.9889,-1.1939,-0.7328,-0.8551,0.19203,0.47557,45.92,-91.78,91.11,0.7050
5233,TRACKING,0.31826,0.21259,0.65644,0.40108,0.20000,0.41919,0.92488,-0.91266,0.1960,0.745,0.9503,-1.0275,-0.7328,-0.5539,0.17626,0.51666,13.73,-91.78,171.93,0.2553
5243,TRACKING,0.05786,-0.15238,0.43778,0.11928,0.20000,0.32056,0.92728,-0.62505,0.0677,0.835,0.9212,-0.6652,-0.5732,0.0458,0.16067,0.50399,-45.63,-64.62,159.57,0.2062
5253,TRACKING,-0.08696,-0.49990,0.29553,-0.22382,0.24340,0.21447,1.29013,-0.54877,0.1043,2.858,1.2279,-0.5416,-0.3530,-0.9047,0.20095,0.44121,-60.80,-58.04,110.31,0.5603
5263,LOST_SHORT,-0.08696,-0.49990,0.29553,-0.22382,0.24340,0.21447,1.29013,-0.54877,0.1043,2.858,1.2279,-0.5416,-0.3530,-0.9047,0.24439,0.34391,0.00,-58.04,67.08,0.0000
5273,LOST_LONG,-0.08696,-0.49990,0.29553,-0.22382,0.24340,0.21447,1.29013,-0.54877,0.1043,2.858,1.2279,-0.5416,-0.3530,-0.9047,0.25312,0.26739,0.00,-58.04,81.86,0.0000
5283,LOST_LONG,-0.08696,-0.49990,0.29553,-0.22382,0.24340,0.21447,1.29013,-0.54877,0.1043,2.858,1.2279,-0.5416,-0.3530,-0.9047,0.24908,0.25629,0.00,-58.04,123.65,0.0000
5293,LOST_LONG,-0.08696,-0.49990,0.29553,-0.22382,0.24340,0.21447,1.29013,-0.54877,0.1043,2.858,1.4863,-0.9612,-0.0227,-0.0582,0.27167,0.24809,0.00,-58.04,109.57,0.0000
5303,LOST_LONG,-0.08696,-0.49990,0.29553,-0.22382,0.24340,0.21447,1.29013,-0.54877,0.1043,2.858,1.4937,-0.9773,-0.0131,-0.0112,0.30547,0.23408,0.00,-58.04,99.04,0.0000
5313,LOST_LONG,-0.08696,-0.49990,0.29553,-0.22382,0.24340,0.21447,1.29013,-0.54877,0.1043,2.858,1.4937,-0.9773,-0.0131,-0.0112,0.32912,0.26688,0.00,-58.04,101.78,0.0000
5323,LOST_LONG,-0.08696,-0.49990,0.29553,-0.22382,0.24340,0.21447,1.29013,-0.54877,0.1043,2.858,1.4937,-0.9773,-0.0131,-0.0112,0.33706,0.28603,0.00,-58.04,115.74,0.0000
5333,LOST_LONG,-0.08696,-0.49990,0.29553,-0.22382,0.24340,0.21447,1.29013,-0.54877,0.1043,2.858,1.4937,-0.9773,-0.0131,-0.0112,0.33708,0.28609,0.00,-58.04,118.97,0.0000
5343,LOST_LONG,-0.08696,-0.49990,0.29553,-0.22382,0.24340,0.21447,1.29013,-0.54877,0.1043,2.858,1.4937,-0.9773,-0.0131,-0.0112,0.33709,0.28613,0.00,-58.04,113.38,0.0000
5353,LOST_LONG,-0.08696,-0.49990,0.29553,-0.22382,0.24340,0.21447,1.29013,-0.54877,0.1043,2.858,1.4937,-0.9773,-0.0131,-0.0112,0.33709,0.28612,0.00,-58.04,111.83,0.0000
5363,LOST_LONG,-0.08696,-0.49990,0.29553,-0.22382,0.24340,0.21447,1.29013,-0.54877,0.1043,2.858,1.4937,-0.9773,-0.0131,-0.0112,0.33709,0.28616,0.00,-58.04,100.21,0.0000
5373,LOST_LONG,-0.08696,-0.49990,0.29553,-0.22382,0.24340,0.21447,1.29013,-0.54877,0.1043,2.858,1.4937,-0.9773,-0.0131,-0.0112,0.33709,0.28617,0.00,-58.04,100.74,0.0000
5383,LOST_LONG,-0.08696,-0.49990,0.29553,-0.22382,0.24340,0.21447,1.29013,-0.54877,0.1043,2.858,1.4937,-0.9773,-0.0131,-0.0112,0.33708,0.28610,0.00,-58.04,102.17,0.0000
5393,LOST_LONG,-0.08696,-0.49990,0.29553,-0.22382,0.24340,0.21447,1.29013,-0.54877,0.1043,2.858,1.4937,-0.9773,-0.0131,-0.0112,0.33708,0.28608,0.00,-58.04,102.90,0.0000
5403,LOST_LONG,-0.08696,-0.49990,0.29553,-0.22382,0.24340,0.21447,1.29013,-0.54877,0.1043,2.858,1.4937,-0.9773,-0.0131,-0.0112,0.33709,0.28613,0.00,-58.04,104.52,0.0000
5413,LOST_LONG,-0.08696,-0.49990,0.29553,-0.22382,0.24340,0.21447,1.29013,-0.54877,0.1043,2.858,1.4937,-0.9773,-0.0131,-0.0112,0.33707,0.28606,0.00,-58.04,102.82,0.0000
5423,LOST_LONG,-0.08696,-0.49990,0.29553,-0.22382,0.24340,0.21447,1.29013,-0.54877,0.1043,2.858,1.4937,-0.9773,-0.0131,-0.0112,0.33708,0.28610,0.00,-58.04,102.07,0.0000
5433,LOST_LONG,-0.08696,-0.49990,0.29553,-0.22382,0.24340,0.21447,1.29013,-0.54877,0.1043,2.858,1.4937,-0.9773,-0.0131,-0.0112,0.33708,0.28611,0.00,-58.04,103.73,0.0000
5443,LOST_LONG,-0.08696,-0.49990,0.29553,-0.22382,0.24340,0.21447,1.29013,-0.54877,0.1043,2.858,1.4937,-0.9773,-0.0131,-0.0112,0.33708,0.28609,0.00,-58.04,105.50,0.0000
5453,LOST_LONG,-0.08696,-0.49990,0.29553,-0.22382,0.24340,0.21447,1.29013,-0.54877,0.1043,2.858,1.4937,-0.9773,-0.0131,-0.0112,0.33708,0.28610,0.00,-58.04,107.39,0.0000
5463,LOST_LONG,-0.08696,-0.49990,0.29553,-0.22382,0.24340,0.21447,1.29013,-0.54877,0.1043,2.858,1.4937,-0.9773,-0.0131,-0.0112,0.33709,0.28616,0.00,-58.04,107.23,0.0000
5473,LOST_LONG,-0.08696,-0.49990,0.29553,-0.22382,0.24340,0.21447,1.29013,-0.54877,0.1043,2.858,1.4937,-0.9773,-0.0131,-0.0112,0.33711,0.28624,0.00,-58.04,119.65,0.0000
5483,LOST_LONG,-0.08696,-0.49990,0.29553,-0.22382,0.24340,0.21447,1.29013,-0.54877,0.1043,2.858,1.4937,-0.9773,-0.0131,-0.0112,0.33709,0.28616,0.00,-58.04,105.62,0.0000
5493,LOST_LONG,-0.08696,-0.49990,0.29553,-0.22382,0.24340,0.21447,1.29013,-0.54877,0.1043,2.858,1.4937,-0.9773,-0.0131,-0.0112,0.33710,0.28618,0.00,-58.04,106.48,0.0000
5503,LOST_LONG,-0.08696,-0.49990,0.29553,-0.22382,0.24340,0.21447,1.29013,-0.54877,0.1043,2.858,1.4937,-0.9773,-0.0131,-0.0112,0.33710,0.28618,0.00,-58.04,102.76,0.0000
5513,TRACKING,-0.16609,-0.64319,0.24702,-0.31920,0.26038,0.18109,1.44858,-0.57309,0.4068,0.874,1.4757,-0.8156,0.3078,0.5933,0.33708,0.28609,45.75,45.75,69.76,0.6643
5523,TRACKING,0.18154,-0.87602,0.68789,-0.61906,0.20000,0.07614,1.71773,-0.35518,0.1277,0.719,1.6491,-0.3894,0.6159,1.1736,0.30319,0.25214,0.00,45.75,19.76,0.9823
5533,LOST_SHORT,0.28941,-0.90159,0.75260,-0.58129,0.20000,0.08936,1.64567,-0.34602,0.0237,0.759,1.6555,-0.3563,0.6159,1.1736,0.27255,0.15940,0.00,45.75,44.31,0.0000
5543,TRACKING,0.30514,-0.86894,0.81135,-0.53907,0.20000,0.10414,1.56672,-0.33927,0.0303,0.967,1.5844,-0.3465,0.6159,1.1736,0.21819,0.13591,0.00,45.75,36.58,0.9505
5553,TRACKING,0.57543,-0.76356,0.99007,-0.42052,0.20000,0.14563,1.36129,-0.34064,0.0425,1.346,1.3868,-0.3426,0.6159,1.1736,0.19713,0.13779,0.00,45.75,45.86,0.9419
5563,TRACKING,0.59150,-0.72765,0.99300,-0.40936,0.20000,0.14954,1.34363,-0.34231,0.0103,0.838,1.3374,-0.3426,0.6159,1.1736,0.15768,0.13797,0.00,45.75,44.58,0.9349
5573,TRACKING,0.57628,-0.72827,0.99774,-0.39277,0.20000,0.15534,1.31801,-0.34528,0.0247,0.949,1.3327,-0.3426,0.6159,1.1736,0.15073,0.13673,0.00,45.75,50.03,0.9250
5583,TRACKING,0.54209,-0.72591,0.92045,-0.39179,0.20000,0.15569,1.31653,-0.34547,0.0250,1.245,1.3314,-0.3426,0.6159,1.1736,0.14757,0.13659,0.00,45.75,69.67,0.8773
5593,TRACKING,0.52673,-0.69917,0.94675,-0.36712,0.20000,0.16432,1.27994,-0.35099,0.0183,0.921,1.2897,-0.3459,0.6159,1.1736,0.14759,0.13710,0.00,45.75,67.39,0.8732
5603,TRACKING,0.50195,-0.69434,0.90969,-0.37696,0.20000,0.16087,1.29433,-0.34864,0.0179,0.889,1.2837,-0.3459,0.6159,1.1736,0.14820,0.14109,0.00,45.75,65.08,0.8590
5613,TRACKING,0.48954,-0.69804,0.90362,-0.36858,0.20000,0.16381,1.28206,-0.35063,0.0145,0.919,1.2903,-0.3459,0.6159,1.1736,0.14834,0.13850,0.00,45.75,71.11,0.8487
5623,TRACKING,0.49588,-0.69113,0.90679,-0.35993,0.20000,0.16684,1.26962,-0.35283,0.0175,0.830,1.2793,-0.3459,0.6159,1.1736,0.14834,0.13981,0.00,45.75,73.68,0.8435
5633,TRACKING,0.49077,-0.69133,0.91533,-0.37601,0.20000,0.16121,1.29292,-0.34886,0.0226,1.724,1.2794,-0.3498,0.6159,1.1736,0.14892,0.14375,0.00,45.75,62.21,0.8615
5643,TRACKING,0.53544,-0.70335,0.95317,-0.37615,0.20000,0.16116,1.29312,-0.34883,0.0098,0.829,1.2990,-0.3498,0.6159,1.1736,0.14951,0.13899,0.00,45.75,63.89,0.8842
5653,TRACKING,0.55393,-0.69547,0.97586,-0.37058,0.20000,0.16311,1.28497,-0.35014,0.0032,0.951,1.2882,-0.3498,0.6159,1.1736,0.14945,0.14006,0.00,45.75,60.57,0.8939
5663,TRACKING,0.56077,-0.69925,0.97749,-0.37559,0.20000,0.16136,1.29230,-0.34896,0.0042,2.022,1.2882,-0.3498,0.6159,1.1736,0.14942,0.14025,0.00,45.75,58.74,0.8988
5673,TRACKING,0.59442,-0.68914,1.01340,-0.37206,0.20000,0.16259,1.28713,-0.34979,0.0135,0.804,1.2791,-0.3498,0.6159,1.1736,0.14885,0.14464,0.00,45.75,49.19,0.9191
5683,TRACKING,0.56441,-0.73225,0.97413,-0.40866,0.20000,0.14978,1.34254,-0.34242,0.0041,0.887,1.3422,-0.3465,0.6159,1.1736,0.14942,0.13800,0.00,45.75,48.20,0.9228
5693,TRACKING,0.59781,-0.75387,0.99137,-0.43992,0.20000,0.13884,1.39278,-0.33836,0.0252,0.831,1.3785,-0.3433,0.6159,1.1736,0.15194,0.13649,0.00,45.75,38.60,0.9581
5703,TRACKING,0.53361,-0.76910,0.95389,-0.43941,0.20000,0.13902,1.39194,-0.33841,0.0160,3.057,1.4011,-0.3433,0.6159,1.1736,0.15536,0.13643,0.00,45.75,44.55,0.9355
5713,TRACKING,0.49502,-0.74556,0.89827,-0.42563,0.20000,0.14384,1.36949,-0.33996,0.0085,1.016,1.3617,-0.3433,0.6159,1.1736,0.15110,0.13681,0.00,45.75,55.30,0.8929
5723,TRACKING,0.53977,-0.72973,0.97497,-0.39707,0.20000,0.15384,1.32458,-0.34446,0.0210,0.998,1.3372,-0.3433,0.6159,1.1736,0.15106,0.13526,0.00,45.75,52.02,0.9141
5733,TRACKING,0.54951,-0.73019,0.96278,-0.40929,0.20000,0.14956,1.34352,-0.34232,0.0091,0.911,1.3381,-0.3433,0.6159,1.1736,0.14781,0.13654,0.00,45.75,50.83,0.9164
5743,TRACKING,0.61793,-0.71558,1.04033,-0.39071,0.20000,0.15606,1.31489,-0.34569,0.0070,0.818,1.3214,-0.3433,0.6159,1.1736,0.14798,0.13673,0.00,45.75,43.55,0.9509
5753,TRACKING,0.58482,-0.75046,1.03962,-0.41767,0.20000,0.14663,1.35675,-0.34104,0.0231,2.479,1.3705,-0.3433,0.6159,1.1736,0.15124,0.13717,0.00,45.75,23.05,0.9709
5763,TRACKING,0.60129,-0.75607,1.00891,-0.43150,0.20000,0.14179,1.37899,-0.33925,0.0041,0.842,1.3783,-0.3433,0.6159,1.1736,0.15245,0.13547,0.00,45.75,33.98,0.9622
5773,TRACKING,0.62048,-0.74195,1.03976,-0.41386,0.20000,0.14796,1.35072,-0.34160,0.0113,0.947,1.3574,-0.3433,0.6159,1.1736,0.15259,0.13603,0.00,45.75,28.83,0.9680
5783,TRACKING,0.64521,-0.73410,1.06499,-0.40828,0.20000,0.14991,1.34195,-0.34249,0.0043,0.947,1.3461,-0.3433,0.6159,1.1736,0.14962,0.13614,0.00,45.75,22.24,0.9804
5793,TRACKING,0.63048,-0.70009,1.01756,-0.38118,0.20000,0.15940,1.30057,-0.34769,0.0085,0.823,1.2955,-0.3465,0.6159,1.1736,0.14847,0.13907,0.00,45.75,47.45,0.9288
5803,TRACKING,0.51796,-0.78226,0.92043,-0.46992,0.20000,0.12834,1.44327,-0.33641,0.0246,0.812,1.4291,-0.3431,0.6159,1.1736,0.14864,0.13468,0.00,45.75,40.56,0.9422
5813,TRACKING,0.49288,-0.80108,0.89996,-0.47922,0.20000,0.12508,1.45933,-0.33620,0.0104,0.757,1.4515,-0.3431,0.6159,1.1736,0.15658,0.13097,0.00,45.75,41.76,0.9392
5823,TRACKING,0.51233,-0.79421,0.93005,-0.47577,0.20000,0.12629,1.45335,-0.33625,0.0153,0.717,1.4452,-0.3431,0.6159,1.1736,0.16335,0.13717,0.00,45.75,36.99,0.9523
5833,TRACKING,0.50190,-0.78491,0.91349,-0.45274,0.20000,0.13435,1.41409,-0.33729,0.0222,1.096,1.4270,-0.3431,0.6159,1.1736,0.16512,0.13722,0.00,45.75,50.59,0.9240
5843,TRACKING,0.53904,-0.75341,0.95528,-0.42948,0.20000,0.14249,1.37572,-0.33948,0.0036,2.296,1.3757,-0.3431,0.6159,1.1736,0.15511,0.13550,0.00,45.75,46.91,0.9283
5853,TRACKING,0.52844,-0.75588,0.93377,-0.43732,0.20000,0.13975,1.38849,-0.33862,0.0136,0.882,1.3808,-0.3431,0.6159,1.1736,0.15307,0.13682,0.00,45.75,49.78,0.9223
5863,TRACKING,0.56187,-0.70555,1.00013,-0.36209,0.20000,0.16608,1.27271,-0.35227,0.0421,0.868,1.2973,-0.3468,0.6159,1.1736,0.15000,0.13634,0.00,45.75,64.31,0.9029
5873,TRACKING,0.59757,-0.64891,1.02407,-0.30981,0.20000,0.18438,1.20205,-0.36850,0.0305,0.885,1.2192,-0.3620,0.6159,1.1736,0.14907,0.14423,0.00,45.75,73.89,0.8803
5883,TRACKING,0.75300,-0.57910,1.18812,-0.24534,0.20000,0.20694,1.12672,-0.39558,0.0156,0.760,1.1351,-0.3885,0.6159,1.1736,0.15277,0.16341,0.00,45.75,43.04,0.9617
5893,TRACKING,0.76880,-0.56018,1.15539,-0.24474,0.20000,0.20715,1.12609,-0.39586,0.0175,0.793,1.1160,-0.4010,0.6159,1.1736,0.15505,0.17879,0.00,45.75,62.85,0.9351
5903,TRACKING,0.72011,-0.58406,1.15275,-0.26156,0.20000,0.20127,1.14444,-0.38807,0.0066,0.736,1.1415,-0.3940,0.6159,1.1736,0.15533,0.17255,0.00,45.75,43.72,0.9434
5913,TRACKING,0.69430,-0.60846,1.10114,-0.28956,0.20000,0.19147,1.17697,-0.37619,0.0120,0.720,1.1709,-0.3827,0.6159,1.1736,0.15457,0.16878,0.00,45.75,57.60,0.9219
5923,TRACKING,0.69455,-0.61263,1.11242,-0.28956,0.20000,0.19146,1.17698,-0.37619,0.0071,0.682,1.1742,-0.3827,0.6159,1.1736,0.15428,0.16448,0.00,45.75,54.31,0.9303
5933,TRACKING,0.69279,-0.61081,1.10645,-0.30280,0.20000,0.18683,1.19322,-0.37108,0.0326,0.863,1.1749,-0.3781,0.6159,1.1736,0.15345,0.16739,0.00,45.75,49.25,0.9347
5943,TRACKING,0.59099,-0.70111,0.98882,-0.39166,0.20000,0.15573,1.31633,-0.34550,0.0282,0.923,1.2997,-0.3512,0.6159,1.1736,0.15133,0.15031,0.00,45.75,52.26,0.9185
5953,TRACKING,0.06859,-0.59871,0.22444,-0.20588,0.26828,0.22075,1.36880,-0.64116,0.2280,0.757,1.3125,-0.5165,0.7518,0.6940,0.14916,0.13681,-166.15,45.75,114.65,0.5625
5963,TRACKING,-0.31036,-0.40440,0.08624,-0.05843,0.31665,0.27236,1.44269,-0.88418,0.0382,1.281,1.4376,-0.8615,0.7843,-0.1204,0.17343,0.14849,-130.83,45.75,125.71,0.5031
5973,TRACKING,0.19812,-0.64708,0.74410,-0.36366,0.20000,0.16553,1.27495,-0.35186,0.0973,0.841,1.3000,-0.4046,0.7843,-0.3825,0.20440,0.17370,-100.46,45.75,93.68,0.7632
5983,TRACKING,0.17209,-0.49102,0.54904,-0.13212,0.20000,0.24657,1.02551,-0.45985,0.0490,0.833,1.0498,-0.4433,0.7843,-1.4924,0.15926,0.16394,-40.71,45.75,138.09,0.4759
5993,TRACKING,-0.01336,-0.31637,0.37206,0.03625,0.21662,0.29150,1.02763,-0.60075,0.0477,0.746,1.0129,-0.5762,0.7843,-1.4924,0.16109,0.19664,-30.65,45.75,148.17,0.2907
6003,TRACKING,-0.25742,-0.15123,0.11301,0.18111,0.30729,0.34220,1.33275,-0.99254,0.0991,0.585,1.2906,-0.9506,0.7843,-1.4924,0.18802,0.23262,-26.33,45.75,147.34,0.3324
6013,TRACKING,-0.48915,-0.08234,-0.13040,0.26563,0.37848,0.37178,1.56753,-1.31765,0.1461,0.783,1.5188,-1.2448,0.7843,1.3604,0.22635,0.24154,-39.59,45.75,128.07,0.5466
6023,TRACKING,-0.63335,0.00208,-0.23917,0.33905,0.41655,0.39748,1.69788,-1.54450,0.0640,1.167,1.6790,-1.5111,0.7843,1.4935,0.26708,0.24481,-48.85,45.75,119.38,0.6525
6033,TRACKING,-0.64426,0.04240,-0.22263,0.37355,0.41076,0.40956,1.67742,-1.55505,0.0165,0.569,1.6860,-1.5599,0.7843,1.4935,0.30672,0.24238,-44.28,45.75,121.28,0.6377
6043,TRACKING,-0.69069,0.07066,-0.30035,0.41677,0.43796,0.42468,1.78280,-1.73026,0.1006,0.705,1.7555,-1.6764,0.7843,-0.9342,0.34511,0.23663,-21.13,45.75,104.90,0.7195
6053,TRACKING,-0.71608,0.12041,-0.27925,0.43952,0.43058,0.43264,1.75760,-1.72150,0.0896,0.600,1.7883,-1.7656,0.7843,-1.4943,0.38011,0.22440,-16.59,45.75,110.43,0.7019
6063,TRACKING,-0.56039,0.10586,-0.13262,0.43377,0.37926,0.43063,1.56764,-1.48985,0.0326,0.511,1.5820,-1.5032,0.7843,-0.8350,0.38372,0.30725,-26.15,45.75,133.80,0.5567
6073,TRACKING,-0.51883,0.08707,-0.09360,0.41605,0.36560,0.42443,1.51775,-1.41733,0.0261,0.494,1.5310,-1.4257,0.7843,-0.8888,0.35332,0.35474,-19.63,45.75,137.05,0.5150
6083,TRACKING,-0.49119,0.09219,-0.07649,0.41464,0.35961,0.42394,1.49653,-1.39339,0.0113,0.553,1.5037,-1.3987,0.7843,-1.0601,0.33542,0.36121,-16.40,45.75,136.52,0.4979
6093,TRACKING,-0.47381,0.08234,-0.05149,0.40118,0.35086,0.41922,1.46506,-1.34695,0.0302,0.569,1.4754,-1.3619,0.7843,-0.6495,0.33315,0.36012,-21.75,45.75,141.13,0.4710
6103,TRACKING,-0.20311,-0.19110,0.25451,0.09901,0.25776,0.31346,1.17216,-0.77080,0.1196,0.822,1.2118,-0.8306,0.7843,-1.3689,0.30436,0.35761,-17.43,45.75,150.18,0.2753
6113,TRACKING,-0.04495,-0.36247,0.38886,-0.10104,0.21074,0.25745,1.05375,-0.51278,0.0798,0.821,1.0546,-0.5606,0.7843,-0.9104,0.26391,0.35284,-56.68,45.75,131.93,0.4257
6123,TRACKING,0.32250,-0.64029,0.93535,-0.43808,0.20000,0.13948,1.38974,-0.33854,0.1867,0.988,1.2877,-0.3848,0.7843,-0.6906,0.22429,0.34163,0.00,45.75,36.79,0.9238
6133,TRACKING,0.56178,-0.66368,0.96928,-0.34587,0.20000,0.17176,1.24989,-0.35673,0.0133,0.877,1.2421,-0.3593,0.7843,-0.6906,0.23355,0.27111,0.00,45.75,62.84,0.8707
6143,TRACKING,0.51859,-0.68524,0.90496,-0.37296,0.20000,0.16228,1.28844,-0.34957,0.0229,1.067,1.2751,-0.3552,0.7843,-0.6906,0.21048,0.23196,0.00,45.75,68.38,0.8530
6153,TRACKING,0.30097,-0.75174,0.70019,-0.44895,0.20000,0.13568,1.40774,-0.33757,0.0514,1.036,1.3772,-0.3443,0.7843,-0.6906,0.19041,0.17781,0.00,45.75,68.56,0.8245
6163,TRACKING,0.44059,-0.80408,0.90811,-0.47707,0.20000,0.12584,1.45560,-0.33623,0.0107,1.328,1.4613,-0.3410,0.7305,-1.0144,0.16162,0.13570,9.39,33.20,37.44,0.9417
6173,TRACKING,0.04669,-0.49559,0.35960,-0.08647,0.22098,0.26255,1.09000,-0.55354,0.1115,0.832,1.1120,-0.4904,0.5065,-1.2617,0.15562,0.13923,-52.12,19.15,136.66,0.4139
6183,TRACKING,-0.25815,-0.19684,0.11989,0.15195,0.30488,0.33200,1.33167,-0.96113,0.0867,1.068,1.3029,-0.9178,0.0166,1.3929,0.19779,0.19239,-27.82,-26.96,145.04,0.3400
6193,TRACKING,-0.49124,-0.10236,-0.12399,0.23186,0.37624,0.35996,1.56453,-1.27956,0.1103,0.979,1.5231,-1.2280,0.0166,1.4950,0.25281,0.20876,-22.38,-23.32,125.20,0.5449
6203,TRACKING,-0.65453,-0.06358,-0.26166,0.26819,0.42442,0.37268,1.72944,-1.51082,0.0575,0.878,1.7108,-1.4818,0.0614,1.0048,0.30340,0.21997,-16.23,-18.01,109.93,0.6771
6213,TRACKING,-0.73507,-0.02313,-0.33790,0.31685,0.45110,0.38971,1.82605,-1.68423,0.0622,0.786,1.8102,-1.6504,0.1150,1.1010,0.34686,0.21616,-13.82,-14.31,99.48,0.7510
6223,TRACKING,-0.90889,0.10977,-0.51185,0.44446,0.47000,0.43437,1.91913,-1.94143,0.0197,0.765,1.9126,-1.9303,0.1303,0.9953,0.38505,0.20156,-14.58,-13.61,44.85,0.9328
6233,TRACKING,-0.91644,0.18269,-0.50867,0.51705,0.47000,0.45978,1.94447,-2.05305,0.0232,0.994,1.9377,-2.0397,0.1334,0.5259,0.41824,0.18854,-15.73,-14.37,40.50,0.9418
6243,TRACKING,-0.92015,0.19082,-0.50794,0.51106,0.47000,0.45768,1.94189,-2.04307,0.0096,1.017,1.9409,-2.0488,0.1300,0.8536,0.44372,0.21980,-11.36,-12.42,40.95,0.9399
6253,TRACKING,-0.94662,-0.06046,-0.55091,0.21426,0.47000,0.35380,1.90208,-1.68168,0.0666,0.744,1.9049,-1.7216,0.4099,-0.7456,0.45356,0.27021,9.94,11.84,22.41,0.9702
6263,TRACKING,-0.97700,-0.09868,-0.56458,0.23769,0.47000,0.36200,1.90027,-1.70318,0.0187,0.789,1.9049,-1.6923,0.5032,1.2769,0.45523,0.30520,22.80,21.56,23.10,0.9815
6273,TRACKING,-0.99154,-0.00104,-0.57839,0.33628,0.47000,0.39651,1.90090,-1.80485,0.0193,0.746,1.9049,-1.7936,0.5162,1.4938,0.45647,0.32849,26.28,22.33,17.77,0.9916
6283,TRACKING,-0.99469,0.06154,-0.58175,0.39793,0.47000,0.41809,1.90877,-1.87896,0.0203,0.750,1.9049,-1.8670,0.5010,1.4938,0.45842,0.35283,18.73,19.17,7.84,0.9976
6293,TRACKING,-0.98171,0.09035,-0.56329,0.41897,0.47000,0.42545,1.91295,-1.90645,0.0118,1.007,1.9081,-1.9012,0.3455,1.4938,0.46104,0.37738,-1.58,1.80,24.15,0.9810
6303,TRACKING,-0.95111,0.23762,-0.54117,0.56019,0.47000,0.47488,1.96620,-2.13014,0.0096,1.056,1.9695,-2.1355,0.0145,1.1096,0.47615,0.40779,-28.54,-27.24,21.21,0.9831
6313,TRACKING,-0.95760,0.21045,-0.54612,0.52825,0.47000,0.46370,1.94956,-2.07217,0.0163,4.227,1.9560,-2.0811,0.0112,1.2489,0.47312,0.46004,-22.72,-23.71,22.26,0.9807
6323,TRACKING,-0.95876,0.21867,-0.54577,0.54417,0.47000,0.46927,1.95745,-2.10039,0.0057,0.951,1.9560,-2.0949,0.0409,1.3276,0.47194,0.46085,-20.33,-20.96,20.53,0.9838
6333,TRACKING,-0.95893,0.22060,-0.54552,0.54007,0.47000,0.46784,1.95534,-2.09300,0.0109,0.947,1.9560,-2.0996,0.0451,1.2196,0.46988,0.46774,-19.59,-20.64,22.08,0.9827
6343,TRACKING,-0.95785,0.20311,-0.54551,0.52606,0.47000,0.46293,1.94854,-2.06839,0.0095,1.897,1.9560,-2.0741,0.0502,1.3180,0.47182,0.46087,-19.18,-20.08,22.91,0.9797
6353,TRACKING,-0.95996,0.20158,-0.54755,0.52402,0.47000,0.46222,1.94760,-2.06488,0.0080,1.401,1.9528,-2.0709,0.0452,1.3408,0.47290,0.45664,-22.27,-21.89,22.22,0.9813
6363,TRACKING,-0.96411,0.22732,-0.55035,0.55979,0.47000,0.47474,1.96597,-2.12939,0.0214,0.992,1.9608,-2.1176,-0.0095,1.2841,0.47197,0.45650,-27.52,-26.72,14.35,0.9919
6373,LOST_SHORT,-0.90478,0.40959,-0.47459,0.77925,0.47000,0.50000,2.01869,-2.28603,0.0231,1.256,2.0112,-2.2729,-0.0095,1.2841,0.47813,0.47409,0.00,-26.72,111.37,0.0000
6383,TRACKING,-0.26619,0.89822,0.18668,1.23429,0.28150,0.50000,1.26838,-1.40107,0.0671,1.022,1.2968,-1.4296,0.0480,-1.4664,0.45257,0.51162,-24.18,-19.37,48.11,0.9380
6393,TRACKING,-0.22953,0.90823,0.18306,1.23174,0.28277,0.50000,1.27268,-1.40476,0.0026,0.646,1.2714,-1.4071,0.0757,-1.4927,0.41929,0.51675,-18.96,-17.85,51.29,0.9365
6403,TRACKING,-0.24051,0.89980,0.16998,1.22093,0.28735,0.50000,1.28822,-1.41823,0.0117,0.641,1.2827,-1.4110,0.0757,-1.4927,0.38159,0.52501,-19.39,-18.44,51.87,0.9293
6413,TRACKING,-0.22956,0.89810,0.18580,1.22357,0.28181,0.50000,1.26942,-1.40196,0.0021,0.639,1.2707,-1.4036,0.0480,-1.4927,0.34177,0.53166,-20.49,-21.41,52.73,0.9279
6423,TRACKING,-0.24368,0.89604,0.17199,1.21557,0.28664,0.50000,1.28584,-1.41615,0.0025,0.581,1.2877,-1.4179,0.0662,-1.4927,0.30223,0.53243,-17.70,-18.85,63.32,0.9236
6433,TRACKING,-0.15871,0.85368,0.27486,1.17638,0.25064,0.50000,1.16440,-1.31668,0.0416,0.566,1.1840,-1.3321,0.0500,-1.4927,0.27109,0.52035,-19.44,-20.30,65.93,0.8635
6443,TRACKING,-0.08576,0.84648,0.33430,1.17190,0.22983,0.50000,1.09493,-1.26546,0.0120,0.979,1.1007,-1.2725,0.0737,-1.4927,0.24332,0.50463,-16.62,-17.63,67.41,0.8516
6453,TRACKING,0.04994,0.76623,0.48122,1.07596,0.20000,0.50000,0.99602,-1.19968,0.0076,0.734,1.0011,-1.2053,0.2292,-1.4927,0.21756,0.48273,-2.81,-3.99,84.72,0.7551
6463,TRACKING,0.15344,0.71794,0.57847,1.04487,0.20000,0.50000,0.99602,-1.19968,0.0076,0.823,1.0011,-1.2053,0.2539,-1.4927,0.20505,0.47807,-2.38,-1.91,84.42,0.7396
6473,TRACKING,0.17530,0.75450,0.58090,1.09496,0.20000,0.50000,0.99602,-1.19968,0.0076,0.805,1.0011,-1.2053,0.2721,-1.4927,0.20503,0.47745,1.20,0.12,75.17,0.7890
6483,TRACKING,0.14400,0.76139,0.55706,1.07855,0.20000,0.50000,0.99602,-1.19968,0.0076,0.733,1.0011,-1.2053,0.2633,-1.4927,0.20505,0.47666,-3.17,-2.28,81.33,0.7682
6493,TRACKING,0.14804,0.76958,0.56252,1.09721,0.20000,0.50000,0.99602,-1.19968,0.0076,0.766,1.0011,-1.2053,0.2264,-1.4927,0.20501,0.47781,-6.88,-5.76,76.13,0.7875
6503,TRACKING,0.10307,0.77534,0.50068,1.09319,0.20000,0.50000,0.99602,-1.19968,0.0076,1.728,1.0011,-1.2053,0.0821,-1.4927,0.20458,0.48396,-22.93,-20.50,81.45,0.7742
6513,TRACKING,0.01835,0.74452,0.42432,1.07006,0.20000,0.50000,0.99602,-1.19968,0.0076,0.662,1.0011,-1.2053,0.0399,-1.4927,0.20236,0.49655,-21.42,-22.16,87.33,0.7462
6523,TRACKING,-0.00186,0.75638,0.40690,1.08512,0.20442,0.50000,1.01063,-1.20887,0.0102,0.806,1.0049,-1.2053,0.0756,-1.4927,0.20241,0.49645,-15.99,-17.36,87.10,0.7612
6533,TRACKING,0.01473,0.74977,0.42800,1.07699,0.20000,0.50000,0.99602,-1.19968,0.0092,0.757,1.0033,-1.2053,0.0455,-1.4927,0.20416,0.49320,-23.23,-22.04,84.86,0.7532
6543,TRACKING,-0.00756,0.78409,0.40088,1.11244,0.20653,0.50000,1.01760,-1.21332,0.0130,0.724,1.0115,-1.2085,0.0417,-1.4927,0.20311,0.49642,-22.54,-22.04,82.14,0.7885
6553,TRACKING,-0.01351,0.79711,0.40129,1.12121,0.20639,0.50000,1.01713,-1.21301,0.0022,0.763,1.0154,-1.2117,0.0181,-1.4927,0.20644,0.49720,-25.13,-24.22,79.96,0.7973
6563,TRACKING,-0.00174,0.78890,0.41824,1.10704,0.20046,0.50000,0.99752,-1.20062,0.0149,0.731,1.0051,-1.2085,0.0134,-1.4927,0.20634,0.49827,-25.57,-24.69,81.13,0.7831
6573,TRACKING,0.00618,0.78238,0.42359,1.09983,0.20000,0.50000,0.99602,-1.19968,0.0076,0.715,1.0015,-1.2049,-0.0005,-1.4927,0.20175,0.49958,-26.95,-25.78,82.87,0.7759
6583,TRACKING,-0.00899,0.78961,0.40051,1.11105,0.20666,0.50000,1.01803,-1.21359,0.0085,0.756,1.0112,-1.2085,0.0072,-1.4927,0.20146,0.50043,-25.31,-24.51,80.81,0.7872
6593,TRACKING,-0.03150,0.80055,0.37851,1.12481,0.21436,0.50000,1.04353,-1.23023,0.0087,0.725,1.0371,-1.2243,0.0205,-1.4927,0.21224,0.49769,-22.05,-22.79,80.00,0.8016
6603,TRACKING,-0.03338,0.79666,0.38149,1.12055,0.21332,0.50000,1.04006,-1.22794,0.0047,0.781,1.0371,-1.2243,0.0307,-1.4927,0.21321,0.49717,-21.01,-21.83,80.44,0.7972
6613,TRACKING,-0.02910,0.79478,0.38271,1.12180,0.21289,0.50000,1.03865,-1.22701,0.0031,0.736,1.0371,-1.2243,0.0478,-1.4927,0.21347,0.49608,-21.23,-20.45,79.96,0.7984
6623,TRACKING,-0.00507,0.79446,0.41136,1.11943,0.20286,0.50000,1.00547,-1.20560,0.0103,0.712,1.0106,-1.2113,0.0478,-1.4927,0.21119,0.49644,-19.58,-20.54,80.31,0.7954
6633,TRACKING,-0.00265,0.79478,0.40922,1.11995,0.20361,0.50000,1.00795,-1.20717,0.0049,0.805,1.0106,-1.2113,0.0478,-1.4927,0.20528,0.49636,-19.46,-20.44,79.34,0.7960
6643,TRACKING,-0.00108,0.79790,0.41292,1.12080,0.20232,0.50000,1.00367,-1.20447,0.0097,1.904,1.0106,-1.2113,0.0673,-1.4927,0.20534,0.49604,-17.60,-18.76,79.83,0.7968
6653,TRACKING,-0.02370,0.79384,0.37925,1.11684,0.21410,0.50000,1.04267,-1.22966,0.0178,0.703,1.0339,-1.2235,0.0632,-1.4927,0.20485,0.49430,-21.16,-20.15,82.11,0.7936
6663,TRACKING,-0.10185,0.75982,0.29830,1.05983,0.24243,0.50000,1.13694,-1.29594,0.0244,0.750,1.1251,-1.2873,0.2481,-0.2110,0.22413,0.48948,0.18,-1.09,93.65,0.7447
6673,TRACKING,-0.13729,0.74319,0.27847,1.07339,0.24937,0.50000,1.16016,-1.31343,0.0105,0.878,1.1652,-1.3196,0.2004,1.4543,0.25431,0.48031,-8.68,-7.89,89.93,0.7614
6683,TRACKING,-0.11589,0.75541,0.29890,1.07870,0.24222,0.50000,1.13624,-1.29542,0.0087,0.765,1.1434,-1.3004,0.2049,1.4941,0.24986,0.48191,-7.67,-6.74,90.03,0.7633
6693,TRACKING,-0.10923,0.75946,0.30537,1.08520,0.23996,0.50000,1.12868,-1.28983,0.0101,0.787,1.1361,-1.2967,0.1849,1.4941,0.24619,0.48295,-10.27,-9.27,88.99,0.7688
6703,TRACKING,-0.10832,0.77073,0.30296,1.09626,0.24080,0.50000,1.13150,-1.29191,0.0020,3.438,1.1328,-1.2934,0.1800,1.4939,0.24382,0.48424,-7.37,-8.52,89.72,0.7801
6713,TRACKING,-0.10259,0.76208,0.31432,1.08666,0.23683,0.50000,1.11823,-1.28218,0.0103,0.772,1.1255,-1.2895,0.1678,1.4939,0.24361,0.48486,-8.84,-9.73,90.41,0.7690
6723,TRACKING,-0.09420,0.76210,0.31720,1.08251,0.23582,0.50000,1.11486,-1.27974,0.0050,1.059,1.1105,-1.2773,0.1942,1.4939,0.23783,0.48382,-2.63,-6.23,93.33,0.7646
6733,TRACKING,-0.30747,0.69472,0.12197,0.90942,0.30415,0.50000,1.34566,-1.46982,0.0712,0.589,1.3752,-1.5006,0.0681,1.4811,0.24587,0.48168,0.00,-23.10,177.90,0.6538
6743,TRACKING,-0.92406,0.22609,-0.55680,0.52314,0.47000,0.46191,1.94720,-2.06338,0.0239,0.963,1.9333,-2.0689,-0.0975,-0.8561,0.28014,0.50657,0.00,-40.98,17.18,0.9901
6753,TRACKING,-0.97553,0.15698,-0.56661,0.47669,0.47000,0.44565,1.92886,-1.98860,0.0098,0.694,1.9333,-1.9939,-0.3959,1.1089,0.31139,0.52504,-63.67,-62.43,14.17,0.9915
6763,TRACKING,-0.97759,0.15091,-0.56479,0.47181,0.47000,0.44395,1.92724,-1.98123,0.0088,0.718,1.9333,-1.9877,-0.4098,0.5009,0.34175,0.53876,-63.94,-62.86,17.38,0.9890
6773,TRACKING,-0.97447,0.15069,-0.56072,0.47924,0.47000,0.44655,1.92973,-1.99248,0.0094,0.802,1.9333,-1.9873,-0.4098,0.7395,0.37757,0.53319,-60.88,-61.72,19.49,0.9861
6783,TRACKING,-0.97308,0.16186,-0.56044,0.48495,0.47000,0.44854,1.93173,-2.00126,0.0026,1.151,1.9333,-2.0034,-0.3906,0.7880,0.41736,0.52027,-59.09,-59.97,19.07,0.9868
6793,TRACKING,-0.97815,0.14863,-0.56586,0.47182,0.47000,0.44395,1.92724,-1.98124,0.0095,0.723,1.9333,-1.9885,-0.3906,0.8832,0.45923,0.47764,-61.61,-60.49,16.27,0.9901
6803,TRACKING,-0.98618,0.13516,-0.57222,0.45530,0.47000,0.43817,1.92215,-1.95691,0.0132,0.735,1.9300,-1.9633,-0.4159,0.9599,0.45962,0.47471,-60.75,-62.40,17.90,0.9940
6813,TRACKING,-0.98592,0.12268,-0.57489,0.44504,0.47000,0.43458,1.91928,-1.94225,0.0101,0.804,1.9266,-1.9492,-0.4008,0.9874,0.46038,0.46956,-61.97,-61.80,10.77,0.9954
6823,TRACKING,-0.98610,0.11787,-0.57280,0.43645,0.47000,0.43157,1.91705,-1.93023,0.0142,0.768,1.9231,-1.9379,-0.1999,1.4515,0.46169,0.46587,-30.66,-36.95,15.37,0.9923
6833,TRACKING,-0.98756,0.11952,-0.57621,0.44502,0.47000,0.43457,1.91928,-1.94222,0.0084,0.708,1.9231,-1.9347,0.1693,1.4937,0.46851,0.44650,-9.47,-9.11,8.12,0.9967
6843,TRACKING,-0.98678,0.14669,-0.57277,0.48133,0.47000,0.44728,1.93045,-1.99569,0.0243,0.709,1.9231,-1.9818,0.3477,1.4937,0.47097,0.43264,22.15,12.56,6.67,0.9984
6853,TRACKING,-0.98229,0.17523,-0.56938,0.50154,0.47000,0.45435,1.93798,-2.02750,0.0119,0.720,1.9301,-2.0222,0.7036,1.4937,0.46968,0.43073,41.88,40.32,5.95,0.9984
6863,TRACKING,-0.98344,0.16898,-0.57063,0.49323,0.47000,0.45144,1.93477,-2.01423,0.0014,1.110,1.9335,-2.0136,0.8865,1.4937,0.46666,0.41422,56.56,55.77,6.56,0.9982
6873,TRACKING,-0.98249,0.18318,-0.56925,0.50649,0.47000,0.45608,1.93998,-2.03555,0.0068,1.021,1.9335,-2.0332,0.8955,1.4937,0.45947,0.39721,54.88,55.30,7.65,0.9992
6883,TRACKING,-0.98244,0.18381,-0.56981,0.50542,0.47000,0.45571,1.93955,-2.03380,0.0060,0.990,1.9335,-2.0332,0.8955,1.4937,0.44881,0.38333,55.42,55.30,3.98,0.9995
6893,TRACKING,-0.98391,0.17729,-0.57132,0.49873,0.47000,0.45337,1.93688,-2.02299,0.0108,0.728,1.9335,-2.0291,0.8116,1.4937,0.44768,0.38207,31.96,41.55,2.01,0.9998
6903,TRACKING,-0.97531,0.20953,-0.55927,0.54811,0.47000,0.47065,1.95952,-2.10758,0.0352,1.510,1.9534,-2.0874,0.6873,1.4937,0.45656,0.39180,-49.41,35.97,7.47,0.9979
6913,TRACKING,-0.97000,0.22935,-0.55678,0.55381,0.47000,0.47265,1.96261,-2.11812,0.0063,0.984,1.9570,-2.1152,0.6873,1.3478,0.46231,0.41206,-50.67,35.97,9.60,0.9967
6923,TRACKING,-0.96761,0.24404,-0.55396,0.57082,0.47000,0.47860,1.97251,-2.15073,0.0114,1.268,1.9668,-2.1448,0.6873,1.2339,0.46319,0.41564,-55.97,35.97,7.34,0.9981
6933,TRACKING,-0.96667,0.24892,-0.55404,0.57079,0.47000,0.47859,1.97250,-2.15068,0.0071,0.759,1.9704,-2.1574,0.6873,1.0906,0.46431,0.41927,-64.46,35.97,7.24,0.9981
6943,TRACKING,-0.96492,0.25329,-0.55111,0.57883,0.47000,0.48140,1.97756,-2.16673,0.0094,0.747,1.9704,-2.1607,0.6873,0.9666,0.46423,0.42040,-67.26,35.97,9.14,0.9973
6953,TRACKING,-0.96419,0.25586,-0.55041,0.58146,0.47000,0.48232,1.97927,-2.17209,0.0097,0.992,1.9738,-2.1673,0.6873,1.0862,0.46406,0.42142,-65.73,35.97,9.17,0.9973
6963,TRACKING,-0.96447,0.25747,-0.55089,0.57722,0.47000,0.48084,1.97652,-2.16349,0.0111,0.733,1.9770,-2.1702,0.2905,1.4946,0.46743,0.42873,5.12,0.87,14.80,0.9967
6973,TRACKING,-0.95886,0.24017,-0.54536,0.56540,0.47000,0.47670,1.96925,-2.14016,0.0040,1.249,1.9731,-2.1392,0.3387,1.2296,0.47328,0.43833,7.75,6.28,16.98,0.9884
6983,TRACKING,-0.95813,0.23835,-0.54610,0.56314,0.47000,0.47591,1.96791,-2.13580,0.0052,0.950,1.9731,-2.1358,0.3519,0.8868,0.47386,0.44173,1.21,4.81,15.85,0.9886
6993,TRACKING,-0.95583,0.27024,-0.54017,0.60425,0.47000,0.49030,1.99540,-2.22064,0.0305,0.905,1.9898,-2.2032,0.0634,0.8129,0.47466,0.45009,-23.39,-21.77,13.01,0.9936
7003,TRACKING,-0.94718,0.29955,-0.53502,0.62475,0.47000,0.49748,2.01218,-2.26823,0.0088,1.160,2.0048,-2.2635,-0.0395,0.8232,0.47086,0.49040,-31.99,-29.92,9.17,0.9947
7013,TRACKING,-0.94675,0.30757,-0.53271,0.63458,0.47000,0.50000,2.01869,-2.28603,0.0090,1.228,2.0122,-2.2799,-0.0826,0.6375,0.46662,0.50375,-34.69,-33.71,10.90,0.9955
7023,TRACKING,-0.94594,0.31202,-0.53491,0.63333,0.47000,0.50000,2.01869,-2.28603,0.0090,1.250,2.0122,-2.2799,-0.1776,0.4734,0.46520,0.50874,-47.57,-44.34,7.92,0.9972
7033,TRACKING,-0.94920,0.30257,-0.53568,0.62145,0.47000,0.49632,2.00931,-2.26028,0.0154,0.826,2.0122,-2.2694,-0.4920,0.6851,0.45670,0.52301,-70.42,-70.83,14.42,0.9943
7043,TRACKING,-0.94741,0.29768,-0.53337,0.62110,0.47000,0.49620,2.00901,-2.25944,0.0059,0.819,2.0122,-2.2645,-0.5285,0.8458,0.44628,0.53317,-73.77,-72.81,14.83,0.9920
7053,TRACKING,-0.94851,0.29915,-0.53446,0.62279,0.47000,0.49679,2.01046,-2.26347,0.0047,0.891,2.0122,-2.2679,-0.5392,0.8764,0.44305,0.53570,-72.16,-73.13,13.59,0.9936
7063,TRACKING,-0.94552,0.30078,-0.53235,0.62488,0.47000,0.49752,2.01229,-2.26853,0.0006,0.887,2.0122,-2.2679,-0.5205,0.8336,0.44317,0.53616,-71.02,-71.55,14.25,0.9922
7073,TRACKING,-0.94639,0.30695,-0.53432,0.63560,0.47000,0.50000,2.01869,-2.28603,0.0109,1.201,2.0122,-2.2808,-0.4750,0.8171,0.44380,0.53563,-56.74,-64.77,6.33,0.9974
7083,TRACKING,-0.95703,0.28372,-0.54894,0.59033,0.47000,0.48543,1.98526,-2.19049,0.0386,1.052,1.9928,-2.2124,-0.3950,1.4486,0.44808,0.53304,41.42,-60.12,11.26,0.9982
7093,TRACKING,-0.95740,0.26878,-0.54304,0.59603,0.47000,0.48742,1.98930,-2.20263,0.0116,0.854,1.9892,-2.1957,-0.3950,1.4933,0.45457,0.51566,43.48,-60.12,13.10,0.9941
7103,TRACKING,-0.95516,0.28109,-0.54190,0.60649,0.47000,0.49108,1.99711,-2.22562,0.0105,0.868,1.9892,-2.2186,-0.3950,1.4933,0.45138,0.52188,45.80,-60.12,10.68,0.9959
7113,TRACKING,-0.95637,0.27283,-0.54364,0.59358,0.47000,0.48656,1.98755,-2.19738,0.0142,0.902,1.9892,-2.2059,-0.3950,1.4933,0.45098,0.52266,47.96,-60.12,13.24,0.9940
7123,TRACKING,-0.95849,0.26449,-0.54465,0.58806,0.47000,0.48463,1.98370,-2.18574,0.0074,1.158,1.9892,-2.1906,-0.3950,1.3844,0.45390,0.51694,36.03,-60.12,15.49,0.9935
7133,TRACKING,-0.95457,0.27510,-0.54271,0.60034,0.47000,0.48893,1.99246,-2.21200,0.0044,0.826,1.9934,-2.2077,-0.3950,1.3762,0.45319,0.52045,13.16,-60.12,11.58,0.9950
7143,TRACKING,-0.95897,0.26574,-0.54167,0.60047,0.47000,0.48898,1.99256,-2.21229,0.0369,0.855,1.9863,-2.1910,0.0993,1.4942,0.45729,0.51208,-17.57,-14.87,15.23,0.9940
7153,TRACKING,-0.95741,0.27870,-0.54582,0.59856,0.47000,0.48831,1.99115,-2.20813,0.0150,0.829,1.9969,-2.2165,-0.1682,1.4937,0.46425,0.50479,-40.32,-41.61,9.35,0.9975
7163,TRACKING,-0.96967,0.23829,-0.55965,0.55032,0.47000,0.47143,1.96071,-2.11165,0.0333,1.143,1.9671,-2.1306,-0.1949,1.4937,0.46575,0.49840,0.00,-43.81,6.25,0.9987
7173,TRACKING,-0.97627,0.21127,-0.56371,0.53264,0.47000,0.46523,1.95166,-2.07982,0.0107,1.419,1.9572,-2.0853,-0.1579,0.9421,0.46584,0.48378,-31.22,-36.53,5.69,0.9989
7183,TRACKING,-0.97625,0.21060,-0.56230,0.53663,0.47000,0.46663,1.95361,-2.08686,0.0060,0.995,1.9572,-2.0821,-0.0483,-1.4852,0.46954,0.47157,-27.07,-28.34,7.55,0.9983
7193,TRACKING,-0.98105,0.18898,-0.57032,0.50098,0.47000,0.45415,1.93776,-2.02660,0.0307,0.924,1.9442,-2.0439,-0.0588,-1.4947,0.47090,0.46674,-26.26,-29.27,5.53,0.9992
7203,TRACKING,-0.98471,0.17055,-0.57174,0.49414,0.47000,0.45176,1.93511,-2.01566,0.0076,0.688,1.9410,-2.0205,-0.0293,-1.1573,0.47131,0.45206,-26.20,-28.21,4.59,0.9994
7213,TRACKING,-0.98428,0.17388,-0.57111,0.49948,0.47000,0.45363,1.93717,-2.02418,0.0053,0.803,1.9410,-2.0205,-0.0425,-1.4656,0.47106,0.45332,-30.75,-29.63,1.76,0.9997
7223,TRACKING,-0.98242,0.18230,-0.56874,0.50898,0.47000,0.45696,1.94102,-2.03964,0.0075,1.001,1.9410,-2.0321,-0.0325,-1.4343,0.47043,0.45630,-22.83,-25.73,5.20,0.9991
7233,TRACKING,-0.98055,0.19274,-0.56712,0.51937,0.47000,0.46059,1.94550,-2.05697,0.0102,1.031,1.9410,-2.0515,0.2975,-1.2182,0.47125,0.44966,16.19,7.99,3.32,0.9995
7243,TRACKING,-0.97491,0.21614,-0.56154,0.54156,0.47000,0.46836,1.95610,-2.09567,0.0077,0.977,1.9502,-2.0907,0.4913,-1.0099,0.47010,0.44009,21.28,20.36,6.29,0.9986
7253,TRACKING,-0.96073,0.25334,-0.54372,0.58284,0.47000,0.48281,1.98018,-2.17492,0.0134,0.699,1.9753,-2.1674,0.4024,-0.7051,0.46895,0.42907,7.53,8.64,18.81,0.9912
7263,TRACKING,-0.95087,0.25800,-0.53794,0.57804,0.47000,0.48112,1.97705,-2.16513,0.0110,1.045,1.9787,-2.1717,0.3688,-1.4940,0.47212,0.45110,9.19,8.05,22.47,0.9844
7273,TRACKING,-0.95053,0.26046,-0.53746,0.58531,0.47000,0.48367,1.98183,-2.18000,0.0088,2.778,1.9787,-2.1750,0.4286,-1.4940,0.47317,0.44649,15.48,14.29,21.36,0.9858
7283,TRACKING,-0.94560,0.24756,-0.53342,0.56680,0.47000,0.47719,1.97008,-2.14286,0.0188,0.753,1.9753,-2.1529,0.4582,-1.4940,0.47210,0.44181,14.23,15.70,28.43,0.9772
7293,TRACKING,-0.94782,0.23734,-0.53580,0.56024,0.47000,0.47490,1.96623,-2.13025,0.0103,1.433,1.9721,-2.1354,0.4257,-1.4941,0.47235,0.43405,10.95,11.99,26.62,0.9779
7303,TRACKING,-0.94126,0.24518,-0.52836,0.57141,0.47000,0.47880,1.97287,-2.15189,0.0090,0.914,1.9721,-2.1465,0.3880,-1.3194,0.47331,0.43735,9.13,9.14,29.75,0.9734
7313,TRACKING,-0.94471,0.24520,-0.53308,0.56918,0.47000,0.47802,1.97151,-2.14751,0.0011,0.662,1.9721,-2.1465,0.3606,-0.6832,0.47266,0.44182,5.34,6.49,27.12,0.9774
7323,TRACKING,-0.97515,0.19347,-0.56686,0.49129,0.47000,0.45076,1.93404,-2.01116,0.0642,0.905,1.9444,-2.0483,0.2504,0.1495,0.47352,0.44791,-5.53,-4.19,15.61,0.9941
7333,TRACKING,-0.46423,-0.01000,0.07192,0.26454,0.32167,0.37140,1.36859,-1.11208,0.2755,0.592,1.4583,-1.2509,0.1530,0.1554,0.46417,0.44306,-18.13,-14.46,158.04,0.3463
7343,TRACKING,-0.25256,-0.09859,0.17806,0.22353,0.28452,0.35705,1.24116,-0.95627,0.0377,1.743,1.2578,-0.9716,0.1813,-0.4027,0.42569,0.46294,-9.37,-8.25,159.79,0.2556
7353,TRACKING,-0.19343,-0.11215,0.22550,0.20938,0.26791,0.35210,1.18200,-0.89353,0.0135,0.605,1.1873,-0.8997,0.1905,-0.5631,0.38715,0.47040,-6.97,-7.66,159.53,0.2198
7363,TRACKING,-0.15971,-0.11099,0.25553,0.21148,0.25740,0.35283,1.14187,-0.86463,0.0089,0.877,1.1480,-0.8711,0.2059,-0.8933,0.34947,0.47311,-5.57,-6.26,161.16,0.1936
7373,TRACKING,-0.13843,-0.11928,0.27789,0.20314,0.24958,0.34991,1.11328,-0.83471,0.0107,0.860,1.1207,-0.8425,0.2160,-1.2224,0.30941,0.47103,-4.29,-5.16,161.06,0.1813
7383,TRACKING,-0.13920,-0.11921,0.27524,0.20390,0.25050,0.35018,1.11672,-0.83803,0.0011,1.239,1.1174,-0.8389,0.2500,-1.2669,0.26868,0.46166,-1.90,-2.25,160.92,0.1828
7393,TRACKING,-0.10993,-0.13801,0.30578,0.18231,0.23982,0.34262,1.07898,-0.78850,0.0136,0.834,1.0840,-0.7949,0.2605,-1.4073,0.24002,0.44021,-2.56,-1.63,159.85,0.1777
7403,TRACKING,-0.10862,-0.14362,0.30098,0.18270,0.24150,0.34276,1.08553,-0.79355,0.0056,0.919,1.0840,-0.7882,0.2517,-1.4153,0.24077,0.39763,-3.02,-3.07,159.93,0.1804
7413,TRACKING,-0.12544,-0.13702,0.28671,0.18726,0.24649,0.34435,1.10421,-0.81170,0.0087,0.788,1.0980,-0.8056,0.2352,-1.4934,0.23998,0.34571,-5.76,-4.63,159.66,0.1862
7423,TRACKING,-0.11478,-0.14754,0.30317,0.17379,0.24073,0.33964,1.08430,-0.78348,0.0139,0.826,1.0896,-0.7899,0.2543,-1.4934,0.23891,0.32354,-0.56,-1.52,158.80,0.1861
7433,TRACKING,-0.11170,-0.15185,0.30108,0.17103,0.24146,0.33867,1.08778,-0.78310,0.0070,0.786,1.0896,-0.7899,0.2725,-1.4934,0.23434,0.31839,0.57,-0.31,158.31,0.1896
7443,TRACKING,-0.11333,-0.15324,0.30056,0.17182,0.24164,0.33895,1.08833,-0.78431,0.0057,0.818,1.0896,-0.7899,0.2725,-1.4934,0.23370,0.31714,-0.16,-0.31,158.53,0.1893
7453,TRACKING,-0.11650,-0.14749,0.29333,0.18077,0.24417,0.34208,1.09643,-0.79937,0.0117,0.884,1.0896,-0.7937,0.2766,-1.4934,0.23351,0.31678,-0.57,-0.26,159.23,0.1867
7463,TRACKING,-0.11280,-0.12766,0.30172,0.19443,0.24124,0.34686,1.08233,-0.80338,0.0075,1.128,1.0896,-0.8055,0.2861,-1.4934,0.23415,0.32070,-0.46,0.60,160.80,0.1709
7473,TRACKING,-0.10786,-0.12295,0.30474,0.19882,0.24018,0.34840,1.07743,-0.80442,0.0015,0.861,1.0763,-0.8055,0.2861,-1.4934,0.23204,0.32386,0.83,1.04,161.17,0.1656
7483,TRACKING,-0.11198,-0.13151,0.30014,0.19330,0.24179,0.34647,1.08470,-0.80390,0.0085,0.822,1.0797,-0.8022,0.2861,-1.4934,0.23139,0.32327,-0.55,0.49,160.92,0.1727
7493,TRACKING,-0.11267,-0.11114,0.30001,0.21633,0.24184,0.35453,1.08117,-0.82509,0.0059,0.848,1.0797,-0.8194,0.2544,-1.4934,0.23224,0.32344,-6.09,-3.53,163.32,0.1561
7503,TRACKING,-0.11063,-0.10150,0.30890,0.22307,0.23872,0.35689,1.06813,-0.82282,0.0179,0.818,1.0774,-0.8282,0.1019,1.3628,0.23904,0.33893,-14.10,-16.01,164.61,0.1451
7513,TRACKING,-0.10404,-0.10427,0.30565,0.21689,0.23986,0.35472,1.07339,-0.82017,0.0065,0.830,1.0687,-0.8247,0.1013,1.4936,0.23698,0.34782,-19.21,-16.69,163.04,0.1517
7523,TRACKING,-0.10958,-0.11923,0.30328,0.20397,0.24069,0.35020,1.07859,-0.81055,0.0073,0.916,1.0753,-0.8171,0.0673,1.4936,0.23845,0.34647,-20.60,-19.79,162.05,0.1627
7533,TRACKING,-0.12150,-0.11748,0.29002,0.20794,0.24533,0.35159,1.09604,-0.82710,0.0105,0.882,1.0912,-0.8203,0.0775,-0.7416,0.24034,0.34597,-16.88,-17.83,162.19,0.1692
7543,TRACKING,-0.13234,-0.10452,0.28020,0.22140,0.24877,0.35630,1.10726,-0.84910,0.0040,0.864,1.1059,-0.8453,0.0965,-1.4924,0.24272,0.34590,-14.97,-15.99,163.62,0.1679
7553,TRACKING,-0.12268,-0.10511,0.29392,0.22053,0.24397,0.35600,1.08885,-0.83488,0.0123,5.499,1.0950,-0.8415,0.1079,-1.4924,0.24619,0.34618,-13.45,-14.73,164.38,0.1578
7563,TRACKING,-0.11315,-0.08854,0.30206,0.23873,0.24112,0.36237,1.07557,-0.84411,0.0087,0.784,1.0805,-0.8415,0.1517,-1.4924,0.24249,0.34702,-8.60,-10.38,165.92,0.1400
7573,TRACKING,-0.09790,-0.07038,0.31915,0.25951,0.23514,0.36964,1.05060,-0.84800,0.0107,0.724,1.0557,-0.8415,0.2790,-1.4924,0.23801,0.34474,4.41,2.25,169.17,0.1140
7583,TRACKING,-0.09031,-0.04510,0.32110,0.28631,0.23445,0.37902,1.04663,-0.87268,0.0166,0.756,1.0481,-0.8628,0.3492,-1.2003,0.22664,0.34109,9.58,7.32,172.46,0.0994
7593,TRACKING,-0.09901,-0.03087,0.31193,0.29350,0.23766,0.38154,1.05866,-0.88833,0.0101,0.855,1.0519,-0.8808,0.3807,-1.3069,0.22595,0.34762,10.49,9.70,171.72,0.1057
7603,TRACKING,-0.09489,-0.03806,0.31768,0.28529,0.23565,0.37866,1.05124,-0.87480,0.0028,0.766,1.0519,-0.8776,0.3642,-1.1304,0.22645,0.34712,5.83,6.99,171.48,0.1030
7613,TRACKING,-0.09935,-0.03677,0.31475,0.28525,0.23668,0.37865,1.05516,-0.87747,0.0033,1.730,1.0519,-0.8776,0.3402,-1.0657,0.22700,0.34750,1.17,3.62,171.15,0.1057
7623,TRACKING,-0.10939,-0.04612,0.30152,0.27366,0.24131,0.37459,1.07337,-0.87834,0.0069,0.773,1.0665,-0.8776,0.2868,-0.7714,0.22932,0.34810,-10.40,-3.56,169.12,0.1224
7633,TRACKING,-0.11589,-0.04188,0.29753,0.28617,0.24270,0.37897,1.07805,-0.89444,0.0074,1.136,1.0813,-0.8879,0.0623,-1.4942,0.23925,0.35675,-16.90,-18.72,170.77,0.1216
7643,TRACKING,-0.16774,-0.04200,0.23609,0.27632,0.26421,0.37552,1.15934,-0.94458,0.0163,0.599,1.1498,-0.9413,0.1361,0.3462,0.24699,0.37733,1.41,-6.82,167.26,0.1833
7653,TRACKING,-0.18692,-0.08394,0.22154,0.23089,0.26930,0.35962,1.18362,-0.91696,0.0139,0.602,1.1770,-0.9220,0.2377,-1.4888,0.25858,0.35641,-6.76,-5.02,161.03,0.2130
7663,TRACKING,-0.22311,-0.08834,0.16898,0.23318,0.28769,0.36043,1.25118,-0.97466,0.0555,0.686,1.2241,-0.9552,0.1215,-1.4933,0.26670,0.34133,-32.25,-19.22,151.67,0.2605
7673,TRACKING,-0.42733,-0.09274,-0.09860,0.23911,0.36735,0.36250,1.53244,-1.25190,0.1751,0.665,1.4627,-1.1733,-0.1258,0.8762,0.29869,0.35795,-45.81,-40.36,124.60,0.5187
7683,TRACKING,-0.87818,0.01426,-0.52470,0.37430,0.47000,0.40982,1.90501,-1.84948,0.0881,0.876,1.8893,-1.7990,-0.0667,-0.8245,0.33966,0.37906,-19.50,-25.59,38.66,0.9392
7693,TRACKING,-0.99598,0.03619,-0.58481,0.36992,0.47000,0.40828,1.90442,-1.84416,0.0217,0.722,1.8993,-1.8322,-0.2004,-1.4932,0.38094,0.36873,-46.91,-44.91,6.48,0.9990
7703,TRACKING,-0.99620,0.06771,-0.58323,0.39186,0.47000,0.41596,1.90771,-1.87126,0.0054,0.712,1.9028,-1.8691,-0.2748,-1.4932,0.41827,0.37364,-50.33,-50.62,5.98,0.9986
7713,TRACKING,-0.99714,0.06914,-0.58372,0.39736,0.47000,0.41789,1.90867,-1.87824,0.0109,0.716,1.9028,-1.8727,-0.2748,-1.4932,0.45562,0.36205,0.00,-50.62,3.98,0.9995
7723,TRACKING,-0.99595,0.08536,-0.58283,0.40881,0.47000,0.42189,1.91083,-1.89302,0.0049,0.750,1.9061,-1.8916,-0.2748,-1.4932,0.47063,0.38284,-48.83,-49.69,3.66,0.9995
7733,TRACKING,-0.99477,0.09973,-0.58141,0.42801,0.47000,0.42861,1.91499,-1.91862,0.0101,0.769,1.9094,-1.9136,-0.2663,-1.4932,0.46703,0.42924,-48.57,-48.58,0.19,0.9999
7743,TRACKING,-0.99419,0.10699,-0.58093,0.43196,0.47000,0.43000,1.91594,-1.92403,0.0096,0.709,1.9094,-1.9170,-0.2663,-1.4932,0.46309,0.45359,-50.08,-49.10,1.99,0.9999
7753,TRACKING,-0.99455,0.10397,-0.58131,0.42940,0.47000,0.42910,1.91532,-1.92053,0.0069,0.768,1.9094,-1.9170,-0.2663,-1.4932,0.46297,0.45409,-49.12,-49.10,0.33,1.0000
7763,TRACKING,-0.99404,0.10783,-0.58081,0.43188,0.47000,0.42997,1.91592,-1.92392,0.0065,0.768,1.9094,-1.9238,-0.2532,-1.4932,0.46255,0.45588,-46.19,-47.20,3.31,0.9998
7773,TRACKING,-0.99404,0.10066,-0.58224,0.41708,0.47000,0.42479,1.91254,-1.90392,0.0151,0.747,1.9094,-1.9128,-0.1549,-1.4932,0.46363,0.45306,-37.46,-38.45,0.81,0.9997
7783,TRACKING,-0.99394,0.10387,-0.58010,0.43262,0.47000,0.43023,1.91610,-1.92494,0.0113,0.733,1.9094,-1.9195,0.0623,-1.4932,0.46814,0.43379,-16.93,-18.04,4.93,0.9991
7793,TRACKING,-0.98793,0.14098,-0.57158,0.48167,0.47000,0.44740,1.93057,-1.99621,0.0357,0.746,1.9253,-1.9754,-0.1058,-1.4932,0.46855,0.42603,-45.93,-40.46,9.54,0.9972
7803,TRACKING,-0.98035,0.18754,-0.56426,0.52378,0.47000,0.46213,1.94749,-2.06447,0.0322,0.992,1.9414,-2.0462,0.1284,-1.4932,0.46663,0.46035,0.02,-7.37,9.54,0.9976
7813,TRACKING,-0.95920,0.25972,-0.54175,0.60972,0.47000,0.49221,1.99964,-2.23292,0.0825,0.841,1.9827,-2.1864,0.3386,-1.4932,0.47171,0.45659,5.47,5.81,6.58,0.9967
7823,TRACKING,-0.86888,0.42344,-0.44011,0.76034,0.47000,0.50000,2.01869,-2.28603,0.0069,1.210,2.0138,-2.2812,0.0319,-1.4932,0.47893,0.45515,-39.37,-31.77,34.93,0.9583
7833,TRACKING,-0.95546,0.24617,-0.55687,0.54121,0.47000,0.46823,1.95592,-2.09503,0.0646,0.778,1.9673,-2.1321,0.1994,-1.4932,0.47209,0.49003,10.45,2.38,10.99,0.9940
7843,TRACKING,-0.91806,0.31688,-0.50673,0.62411,0.47000,0.49725,2.01162,-2.26667,0.0144,1.169,2.0108,-2.2753,0.0903,0.1231,0.47479,0.47312,-48.48,-29.42,29.91,0.9676
7853,TRACKING,-0.92383,0.33758,-0.50285,0.67854,0.47000,0.50000,2.01869,-2.28603,0.0118,1.282,2.0131,-2.2798,0.1963,0.0041,0.47231,0.48265,-3.82,-4.90,26.60,0.9822
7863,TRACKING,-0.93485,0.31840,-0.50300,0.70207,0.47000,0.50000,2.01869,-2.28603,0.0579,0.857,2.0066,-2.2535,0.1551,-1.4382,0.47153,0.48298,12.43,-4.26,19.49,0.9911
7873,TRACKING,-0.90895,0.34876,-0.52009,0.64361,0.47000,0.50000,2.01869,-2.28603,0.0101,2.203,2.0114,-2.2790,-0.0240,-0.8301,0.47270,0.48510,-17.44,-27.89,8.73,0.9864
7883,TRACKING,-0.85694,0.38803,-0.48252,0.68684,0.47000,0.50000,2.01869,-2.28603,0.0099,1.338,2.0114,-2.2793,-0.0723,-0.5930,0.46824,0.50128,0.00,-36.05,21.28,0.9663
7893,TRACKING,-0.88005,0.39710,-0.42330,0.73196,0.47000,0.50000,2.01869,-2.28603,0.0101,1.148,2.0113,-2.2791,0.2872,-1.3646,0.47046,0.49377,0.00,2.36,59.58,0.9306
7903,TRACKING,-0.90967,0.38483,-0.48109,0.75409,0.47000,0.50000,2.01869,-2.28603,0.0104,1.216,2.0113,-2.2787,0.1104,-1.2898,0.47014,0.49563,-3.48,-10.71,15.78,0.9923
7913,TRACKING,-0.93354,0.32039,-0.52581,0.62858,0.47000,0.49881,2.01559,-2.27759,0.0169,0.825,2.0107,-2.2687,0.1699,-1.4941,0.47132,0.49120,1.46,-5.66,34.25,0.9871
7923,TRACKING,-0.68744,0.14706,-0.26404,0.38033,0.42525,0.41193,1.73107,-1.62753,0.1883,0.653,1.7544,-1.7381,0.1899,-1.4941,0.44627,0.49615,0.00,-9.58,101.38,0.6795
7933,LOST_SHORT,0.20199,-0.78371,0.79287,-0.58694,0.20000,0.08738,1.65639,-0.34721,0.1542,0.728,1.6148,-0.4299,0.1800,-1.1801,0.39402,0.51575,0.00,-9.58,11.45,0.0000
7943,LOST_SHORT,0.22348,-0.82462,0.67650,-0.57662,0.20000,0.09100,1.63684,-0.34509,0.0876,0.849,1.6236,-0.3960,0.1800,-1.1801,0.37916,0.49363,0.00,-9.58,123.85,0.0000
7953,TRACKING,0.29830,-0.84536,0.71141,-0.52137,0.20000,0.11033,1.53431,-0.33756,0.1067,0.978,1.5879,-0.3726,0.1800,-1.1801,0.39356,0.41541,0.00,0.00,90.94,0.8964
7963,TRACKING,0.22374,-0.83849,0.62907,-0.51116,0.20000,0.11391,1.51585,-0.33688,0.0131,0.871,1.5224,-0.3441,0.1800,-1.1801,0.36717,0.39614,0.00,0.00,77.35,0.8626
7973,TRACKING,0.23487,-0.33080,0.67355,0.05955,0.20000,0.29966,0.94476,-0.57332,0.0652,0.916,0.9728,-0.5461,-0.2965,-0.2846,0.33172,0.39489,25.77,-52.32,161.48,0.3712
7983,LOST_LONG,0.05245,-0.13799,0.48260,0.20988,0.20000,0.35227,0.91345,-0.71003,0.0305,0.775,0.9185,-0.6924,0.2523,1.3962,0.28385,0.38139,0.00,2.57,134.64,0.0000
7993,LOST_LONG,0.05245,-0.13799,0.48260,0.20988,0.20000,0.35227,0.91345,-0.71003,0.0305,0.775,0.9185,-0.6924,0.2523,1.3962,0.23714,0.35584,0.00,2.57,142.65,0.0000
8003,LOST_LONG,0.05245,-0.13799,0.48260,0.20988,0.20000,0.35227,0.91345,-0.71003,0.0305,0.775,1.4388,-0.9569,0.0281,0.1554,0.23474,0.35837,0.00,2.57,115.89,0.0000
8013,LOST_LONG,0.05245,-0.13799,0.48260,0.20988,0.20000,0.35227,0.91345,-0.71003,0.0305,0.775,1.4914,-0.9789,0.0123,0.0131,0.27797,0.37026,0.00,2.57,123.70,0.0000
8023,LOST_LONG,0.05245,-0.13799,0.48260,0.20988,0.20000,0.35227,0.91345,-0.71003,0.0305,0.775,1.4914,-0.9789,0.0123,0.0131,0.31152,0.32824,-40.98,2.57,123.20,0.5758
8033,TRACKING,-0.16453,-0.42680,0.28453,-0.08281,0.24725,0.26383,1.19785,-0.63753,0.1194,0.898,1.2606,-0.6722,-0.2542,1.4750,0.30204,0.31084,0.00,-51.82,140.22,0.4266
8043,TRACKING,0.04881,-0.27934,0.47977,0.04049,0.20000,0.29298,0.95189,-0.55759,0.0167,0.704,0.9546,-0.5675,-0.0400,1.4946,0.26587,0.31061,-34.22,-29.89,158.94,0.2912
8053,TRACKING,0.00460,-0.33088,0.40792,0.00912,0.20407,0.28581,0.97902,-0.55248,0.0154,0.724,0.9731,-0.5454,0.0349,1.4946,0.22286,0.28569,-20.27,-21.07,153.40,0.3149
8063,LOST_SHORT,0.06694,-0.27847,0.49717,0.05741,0.20000,0.29891,0.94552,-0.57153,0.0111,0.854,0.9516,-0.5660,0.1361,0.4393,0.19683,0.28360,0.00,-11.13,101.83,0.0000
8073,LOST_SHORT,0.14323,-0.51722,0.58333,-0.41507,0.20000,0.14754,1.35263,-0.34142,0.3417,1.263,1.1678,-0.4301,0.1361,0.4393,0.19802,0.24600,0.00,-11.13,68.30,0.0000
8083,LOST_LONG,0.14323,-0.51722,0.58333,-0.41507,0.20000,0.14754,1.35263,-0.34142,0.3417,1.263,1.1678,-0.4301,0.1361,0.4393,0.20132,0.20018,0.00,-11.13,124.96,0.0000
8093,LOST_LONG,0.14323,-0.51722,0.58333,-0.41507,0.20000,0.14754,1.35263,-0.34142,0.3417,1.263,1.4824,-0.9540,0.0115,0.0282,0.22928,0.21012,0.00,-11.13,117.13,0.0000
8103,LOST_LONG,0.14323,-0.51722,0.58333,-0.41507,0.20000,0.14754,1.35263,-0.34142,0.3417,1.263,1.4915,-0.9780,0.0115,0.0124,0.27223,0.21660,0.00,-11.13,115.54,0.0000
8113,LOST_LONG,0.14323,-0.51722,0.58333,-0.41507,0.20000,0.14754,1.35263,-0.34142,0.3417,1.263,1.4915,-0.9780,0.0115,0.0124,0.30796,0.22847,0.00,-11.13,116.85,0.0000
8123,LOST_LONG,0.14323,-0.51722,0.58333,-0.41507,0.20000,0.14754,1.35263,-0.34142,0.3417,1.263,1.4915,-0.9780,0.0115,0.0124,0.33508,0.28304,0.00,-11.13,119.66,0.0000
8133,LOST_LONG,0.14323,-0.51722,0.58333,-0.41507,0.20000,0.14754,1.35263,-0.34142,0.3417,1.263,1.4915,-0.9780,0.0115,0.0124,0.33587,0.28503,0.00,-11.13,121.68,0.0000
8143,LOST_LONG,0.14323,-0.51722,0.58333,-0.41507,0.20000,0.14754,1.35263,-0.34142,0.3417,1.263,1.4915,-0.9780,0.0115,0.0124,0.33589,0.28516,0.00,-11.13,121.13,0.0000
8153,LOST_LONG,0.14323,-0.51722,0.58333,-0.41507,0.20000,0.14754,1.35263,-0.34142,0.3417,1.263,1.4915,-0.9780,0.0115,0.0124,0.33586,0.28499,0.00,-11.13,125.80,0.0000
8163,LOST_LONG,0.14323,-0.51722,0.58333,-0.41507,0.20000,0.14754,1.35263,-0.34142,0.3417,1.263,1.4915,-0.9780,0.0115,0.0124,0.33586,0.28500,0.00,-11.13,125.01,0.0000
8173,LOST_LONG,0.14323,-0.51722,0.58333,-0.41507,0.20000,0.14754,1.35263,-0.34142,0.3417,1.263,1.4915,-0.9780,0.0115,0.0124,0.33586,0.28501,0.00,-11.13,136.50,0.0000
8183,LOST_LONG,0.14323,-0.51722,0.58333,-0.41507,0.20000,0.14754,1.35263,-0.34142,0.3417,1.263,1.4915,-0.9780,0.0115,0.0124,0.33586,0.28499,0.00,-11.13,140.15,0.0000
8193,LOST_LONG,0.14323,-0.51722,0.58333,-0.41507,0.20000,0.14754,1.35263,-0.34142,0.3417,1.263,1.4915,-0.9780,0.0115,0.0124,0.33588,0.28507,0.00,-11.13,144.65,0.0000
8203,LOST_LONG,0.14323,-0.51722,0.58333,-0.41507,0.20000,0.14754,1.35263,-0.34142,0.3417,1.263,1.4915,-0.9780,0.0115,0.0124,0.33589,0.28515,0.00,-11.13,152.43,0.0000
8213,LOST_LONG,0.14323,-0.51722,0.58333,-0.41507,0.20000,0.14754,1.35263,-0.34142,0.3417,1.263,1.4915,-0.9780,0.0115,0.0124,0.33587,0.28505,0.00,-11.13,157.75,0.0000
8223,LOST_LONG,0.14323,-0.51722,0.58333,-0.41507,0.20000,0.14754,1.35263,-0.34142,0.3417,1.263,1.4915,-0.9780,0.0115,0.0124,0.33589,0.28512,0.00,-11.13,159.89,0.0000
8233,LOST_LONG,0.14323,-0.51722,0.58333,-0.41507,0.20000,0.14754,1.35263,-0.34142,0.3417,1.263,1.4915,-0.9780,0.0115,0.0124,0.33586,0.28499,0.00,-11.13,156.82,0.0000
8243,LOST_LONG,0.14323,-0.51722,0.58333,-0.41507,0.20000,0.14754,1.35263,-0.34142,0.3417,1.263,1.4915,-0.9780,0.0115,0.0124,0.33589,0.28516,0.00,-11.13,158.22,0.0000
8253,LOST_LONG,0.14323,-0.51722,0.58333,-0.41507,0.20000,0.14754,1.35263,-0.34142,0.3417,1.263,1.4915,-0.9780,0.0115,0.0124,0.33588,0.28509,0.00,-11.13,156.21,0.0000
8263,LOST_LONG,0.14323,-0.51722,0.58333,-0.41507,0.20000,0.14754,1.35263,-0.34142,0.3417,1.263,1.4915,-0.9780,0.0115,0.0124,0.33586,0.28501,0.00,-11.13,155.44,0.0000
8273,LOST_LONG,0.14323,-0.51722,0.58333,-0.41507,0.20000,0.14754,1.35263,-0.34142,0.3417,1.263,1.4915,-0.9780,0.0115,0.0124,0.33587,0.28506,0.00,-11.13,158.05,0.0000
8283,LOST_LONG,0.14323,-0.51722,0.58333,-0.41507,0.20000,0.14754,1.35263,-0.34142,0.3417,1.263,1.4915,-0.9780,0.0115,0.0124,0.33587,0.28504,0.00,-11.13,152.98,0.0000
8293,LOST_LONG,0.14323,-0.51722,0.58333,-0.41507,0.20000,0.14754,1.35263,-0.34142,0.3417,1.263,1.4915,-0.9780,0.0115,0.0124,0.33587,0.28502,0.00,-11.13,156.07,0.0000
8303,LOST_LONG,0.14323,-0.51722,0.58333,-0.41507,0.20000,0.14754,1.35263,-0.34142,0.3417,1.263,1.4915,-0.9780,0.0115,0.0124,0.33589,0.28515,0.00,-11.13,155.29,0.0000
8313,LOST_LONG,0.14323,-0.51722,0.58333,-0.41507,0.20000,0.14754,1.35263,-0.34142,0.3417,1.263,1.4915,-0.9780,0.0115,0.0124,0.33587,0.28505,0.00,-11.13,149.12,0.0000
8323,LOST_LONG,0.14323,-0.51722,0.58333,-0.41507,0.20000,0.14754,1.35263,-0.34142,0.3417,1.263,1.4915,-0.9780,0.0115,0.0124,0.33586,0.28501,0.00,-11.13,148.72,0.0000
8333,LOST_LONG,0.14323,-0.51722,0.58333,-0.41507,0.20000,0.14754,1.35263,-0.34142,0.3417,1.263,1.4915,-0.9780,0.0115,0.0124,0.33587,0.28504,0.00,-11.13,145.87,0.0000
8343,LOST_LONG,0.14323,-0.51722,0.58333,-0.41507,0.20000,0.14754,1.35263,-0.34142,0.3417,1.263,1.4915,-0.9780,0.0115,0.0124,0.33590,0.28523,0.00,-11.13,128.67,0.0000
8353,LOST_LONG,0.14323,-0.51722,0.58333,-0.41507,0.20000,0.14754,1.35263,-0.34142,0.3417,1.263,1.4915,-0.9780,0.0115,0.0124,0.33589,0.28513,0.00,-11.13,123.39,0.0000
8363,LOST_LONG,0.14323,-0.51722,0.58333,-0.41507,0.20000,0.14754,1.35263,-0.34142,0.3417,1.263,1.4915,-0.9780,0.0115,0.0124,0.33589,0.28513,0.00,-11.13,103.86,0.0000
8373,LOST_LONG,0.14323,-0.51722,0.58333,-0.41507,0.20000,0.14754,1.35263,-0.34142,0.3417,1.263,1.4915,-0.9780,0.0115,0.0124,0.33589,0.28517,0.00,-11.13,107.82,0.0000
8383,LOST_LONG,0.14323,-0.51722,0.58333,-0.41507,0.20000,0.14754,1.35263,-0.34142,0.3417,1.263,1.4915,-0.9780,0.0115,0.0124,0.33589,0.28515,0.00,-11.13,112.42,0.0000
8393,LOST_LONG,0.14323,-0.51722,0.58333,-0.41507,0.20000,0.14754,1.35263,-0.34142,0.3417,1.263,1.4915,-0.9780,0.0115,0.0124,0.33587,0.28504,0.00,-11.13,113.64,0.0000
8403,LOST_LONG,0.14323,-0.51722,0.58333,-0.41507,0.20000,0.14754,1.35263,-0.34142,0.3417,1.263,1.4915,-0.9780,0.0115,0.0124,0.33587,0.28505,0.00,-11.13,106.60,0.0000
8413,LOST_LONG,0.14323,-0.51722,0.58333,-0.41507,0.20000,0.14754,1.35263,-0.34142,0.3417,1.263,1.4915,-0.9780,0.0115,0.0124,0.33589,0.28514,0.00,-11.13,104.48,0.0000
8423,LOST_LONG,0.14323,-0.51722,0.58333,-0.41507,0.20000,0.14754,1.35263,-0.34142,0.3417,1.263,1.4915,-0.9780,0.0115,0.0124,0.33589,0.28515,0.00,-11.13,101.82,0.0000
8433,LOST_LONG,0.14323,-0.51722,0.58333,-0.41507,0.20000,0.14754,1.35263,-0.34142,0.3417,1.263,1.4915,-0.9780,0.0115,0.0124,0.33587,0.28502,0.00,-11.13,107.71,0.0000
8443,LOST_LONG,0.14323,-0.51722,0.58333,-0.41507,0.20000,0.14754,1.35263,-0.34142,0.3417,1.263,1.4915,-0.9780,0.0115,0.0124,0.33587,0.28502,0.00,-11.13,110.35,0.0000
8453,LOST_LONG,0.14323,-0.51722,0.58333,-0.41507,0.20000,0.14754,1.35263,-0.34142,0.3417,1.263,1.4915,-0.9780,0.0115,0.0124,0.33587,0.28506,0.00,-11.13,110.08,0.0000
8463,TRACKING,-0.32581,-0.31708,0.12453,-0.07043,0.30325,0.26816,1.40191,-0.83048,0.0987,0.595,1.4216,-0.8863,-0.3143,-0.4677,0.33587,0.28506,-97.54,-97.54,121.69,0.4887
8473,TRACKING,-0.26803,-0.41805,0.16035,-0.09070,0.29072,0.26107,1.36856,-0.77584,0.0393,0.985,1.3872,-0.7902,-0.6036,-1.2510,0.31445,0.28716,-68.38,-74.89,125.23,0.4856
8483,LOST_SHORT,-0.24741,-0.40317,0.16710,-0.07538,0.28836,0.26643,1.35094,-0.77668,0.0070,2.221,1.3579,-0.7765,-0.5220,-1.2225,0.29979,0.29443,0.00,-71.63,135.53,0.0000
8493,TRACKING,-0.29032,-0.22554,0.11349,0.12575,0.30712,0.32282,1.34764,-0.94827,0.0322,0.559,1.3434,-0.9291,-0.4950,-1.4784,0.30021,0.30982,-68.37,-69.26,137.84,0.3593
8503,TRACKING,-0.24328,-0.12059,0.18063,0.21221,0.28362,0.35309,1.23990,-0.94354,0.0215,0.949,1.2521,-0.9504,-0.3403,-1.4922,0.30038,0.36125,-52.26,-53.86,150.59,0.2580
8513,TRACKING,-0.23791,-0.00215,0.18361,0.34363,0.28258,0.39908,1.22329,-1.06454,0.0240,0.931,1.2341,-1.0551,-0.2507,-1.4922,0.28845,0.39482,-44.64,-46.50,158.33,0.2303
8523,TRACKING,-0.26479,-0.02619,0.14356,0.27882,0.29659,0.37640,1.27741,-1.04406,0.0206,0.840,1.2719,-1.0551,-0.3368,-1.4922,0.28678,0.42021,-61.77,-58.87,149.82,0.2733
8533,LOST_SHORT,-0.27173,-0.13137,0.12841,0.14315,0.30189,0.32891,1.32342,-0.94441,0.0566,0.560,1.2969,-0.9656,-0.4915,-1.4922,0.29845,0.38611,0.00,-74.10,124.38,0.0000
8543,LOST_LONG,-0.27173,-0.13137,0.12841,0.14315,0.30189,0.32891,1.32342,-0.94441,0.0566,0.560,1.2969,-0.9656,-0.4915,-1.4922,0.29764,0.38801,0.00,-74.10,134.33,0.0000
8553,TRACKING,0.19068,-0.58538,0.77270,-0.36043,0.20000,0.16666,1.27033,-0.35270,0.1841,0.807,1.2499,-0.4612,-0.1246,-0.3784,0.32317,0.34751,0.00,0.00,84.17,0.7731
8563,TRACKING,0.50363,-0.65984,0.94480,-0.32299,0.20000,0.17976,1.21907,-0.36390,0.0275,0.839,1.2354,-0.3604,-0.1246,-0.3784,0.28498,0.31787,0.00,0.00,78.59,0.8374
8573,TRACKING,0.52927,-0.62041,0.94813,-0.30799,0.20000,0.18501,1.19974,-0.36916,0.0208,0.872,1.1879,-0.3759,-0.1246,-0.3784,0.25037,0.29584,0.00,0.00,78.59,0.8280
8583,TRACKING,0.57096,-0.63007,0.98553,-0.29570,0.20000,0.18932,1.18444,-0.37378,0.0200,0.903,1.1960,-0.3686,-0.1246,-0.3784,0.24045,0.24473,0.00,0.00,83.89,0.8436
8593,TRACKING,0.64344,-0.59499,1.07193,-0.27845,0.20000,0.19535,1.16377,-0.38073,0.0145,0.726,1.1559,-0.3870,-0.1246,-0.3784,0.20992,0.21305,0.00,0.00,65.75,0.8927
8603,TRACKING,0.58273,-0.60419,0.98188,-0.27776,0.20000,0.19560,1.16296,-0.38103,0.0046,0.685,1.1673,-0.3825,-0.1246,-0.3784,0.20748,0.20615,0.00,0.00,84.89,0.8280
8613,TRACKING,0.63029,-0.58464,1.05364,-0.25865,0.20000,0.20228,1.14120,-0.38938,0.0101,0.909,1.1486,-0.3825,-0.1246,-0.3784,0.20626,0.20669,0.00,0.00,70.50,0.8659
8623,TRACKING,0.63111,-0.54530,1.04292,-0.22207,0.20000,0.21509,1.10275,-0.40714,0.0025,0.714,1.1013,-0.4051,-0.1246,-0.3784,0.20554,0.22282,0.00,0.00,90.32,0.8336
8633,TRACKING,0.62925,-0.53518,1.08538,-0.20013,0.20000,0.22276,1.08168,-0.41885,0.0201,0.831,1.0918,-0.4123,-0.1246,-0.3784,0.20591,0.23009,0.00,0.00,81.71,0.8524
8643,TRACKING,0.58671,-0.56632,1.02343,-0.25469,0.20000,0.20367,1.13683,-0.39119,0.0226,0.782,1.1251,-0.3981,-0.1246,-0.3784,0.20617,0.22547,0.00,0.00,82.39,0.8410
8653,TRACKING,0.56042,-0.65959,0.96071,-0.36679,0.20000,0.16443,1.27947,-0.35107,0.0604,0.910,1.2442,-0.3594,-0.1246,-0.3784,0.20708,0.20518,0.00,0.00,80.03,0.8815
8663,LOST_SHORT,0.31553,-0.71977,0.63655,-0.40523,0.20000,0.15098,1.33719,-0.34300,0.0164,3.228,1.3284,-0.3504,-0.1246,-0.3784,0.20849,0.16948,0.00,0.00,110.33,0.0000
8673,LOST_LONG,0.31553,-0.71977,0.63655,-0.40523,0.20000,0.15098,1.33719,-0.34300,0.0164,3.228,1.3284,-0.3504,-0.1246,-0.3784,0.20991,0.16201,0.00,0.00,110.30,0.0000
8683,LOST_LONG,0.31553,-0.71977,0.63655,-0.40523,0.20000,0.15098,1.33719,-0.34300,0.0164,3.228,1.3284,-0.3504,-0.1246,-0.3784,0.20990,0.16198,0.00,0.00,114.67,0.0000
8693,LOST_LONG,0.31553,-0.71977,0.63655,-0.40523,0.20000,0.15098,1.33719,-0.34300,0.0164,3.228,1.4702,-0.8668,-0.0240,-0.0729,0.22280,0.16030,0.00,0.00,125.49,0.0000
8703,LOST_LONG,0.31553,-0.71977,0.63655,-0.40523,0.20000,0.15098,1.33719,-0.34300,0.0164,3.228,1.4927,-0.9796,-0.0105,-0.0107,0.25622,0.16291,0.00,0.00,115.22,0.0000
8713,LOST_LONG,0.31553,-0.71977,0.63655,-0.40523,0.20000,0.15098,1.33719,-0.34300,0.0164,3.228,1.4927,-0.9796,-0.0105,-0.0107,0.29809,0.21250,0.00,0.00,127.14,0.0000
8723,LOST_LONG,0.31553,-0.71977,0.63655,-0.40523,0.20000,0.15098,1.33719,-0.34300,0.0164,3.228,1.4927,-0.9796,-0.0105,-0.0107,0.32371,0.25611,0.00,0.00,133.96,0.0000
8733,LOST_LONG,0.31553,-0.71977,0.63655,-0.40523,0.20000,0.15098,1.33719,-0.34300,0.0164,3.228,1.4927,-0.9796,-0.0105,-0.0107,0.33686,0.28635,0.00,0.00,138.29,0.0000
8743,LOST_LONG,0.31553,-0.71977,0.63655,-0.40523,0.20000,0.15098,1.33719,-0.34300,0.0164,3.228,1.4927,-0.9796,-0.0105,-0.0107,0.33710,0.28703,0.00,0.00,141.50,0.0000
8753,LOST_LONG,0.31553,-0.71977,0.63655,-0.40523,0.20000,0.15098,1.33719,-0.34300,0.0164,3.228,1.4927,-0.9796,-0.0105,-0.0107,0.33709,0.28698,0.00,0.00,143.58,0.0000
8763,LOST_LONG,0.31553,-0.71977,0.63655,-0.40523,0.20000,0.15098,1.33719,-0.34300,0.0164,3.228,1.4927,-0.9796,-0.0105,-0.0107,0.33708,0.28694,0.00,0.00,144.45,0.0000
8773,LOST_LONG,0.31553,-0.71977,0.63655,-0.40523,0.20000,0.15098,1.33719,-0.34300,0.0164,3.228,1.4927,-0.9796,-0.0105,-0.0107,0.33709,0.28697,0.00,0.00,144.45,0.0000
8783,LOST_LONG,0.31553,-0.71977,0.63655,-0.40523,0.20000,0.15098,1.33719,-0.34300,0.0164,3.228,1.4927,-0.9796,-0.0105,-0.0107,0.33708,0.28693,0.00,0.00,144.15,0.0000
8793,LOST_LONG,0.31553,-0.71977,0.63655,-0.40523,0.20000,0.15098,1.33719,-0.34300,0.0164,3.228,1.4927,-0.9796,-0.0105,-0.0107,0.33710,0.28701,0.00,0.00,144.01,0.0000
8803,LOST_LONG,0.31553,-0.71977,0.63655,-0.40523,0.20000,0.15098,1.33719,-0.34300,0.0164,3.228,1.4927,-0.9796,-0.0105,-0.0107,0.33710,0.28704,0.00,0.00,145.63,0.0000
8813,LOST_LONG,0.31553,-0.71977,0.63655,-0.40523,0.20000,0.15098,1.33719,-0.34300,0.0164,3.228,1.4927,-0.9796,-0.0105,-0.0107,0.33712,0.28716,0.00,0.00,144.50,0.0000
8823,LOST_LONG,0.31553,-0.71977,0.63655,-0.40523,0.20000,0.15098,1.33719,-0.34300,0.0164,3.228,1.4927,-0.9796,-0.0105,-0.0107,0.33711,0.28711,0.00,0.00,144.57,0.0000
8833,LOST_LONG,0.31553,-0.71977,0.63655,-0.40523,0.20000,0.15098,1.33719,-0.34300,0.0164,3.228,1.4927,-0.9796,-0.0105,-0.0107,0.33711,0.28709,0.00,0.00,138.13,0.0000
8843,LOST_LONG,0.31553,-0.71977,0.63655,-0.40523,0.20000,0.15098,1.33719,-0.34300,0.0164,3.228,1.4927,-0.9796,-0.0105,-0.0107,0.33711,0.28710,0.00,0.00,133.16,0.0000
8853,LOST_LONG,0.31553,-0.71977,0.63655,-0.40523,0.20000,0.15098,1.33719,-0.34300,0.0164,3.228,1.4927,-0.9796,-0.0105,-0.0107,0.33712,0.28716,0.00,0.00,137.60,0.0000
8863,LOST_LONG,0.31553,-0.71977,0.63655,-0.40523,0.20000,0.15098,1.33719,-0.34300,0.0164,3.228,1.4927,-0.9796,-0.0105,-0.0107,0.33709,0.28697,0.00,0.00,140.93,0.0000
8873,LOST_LONG,0.31553,-0.71977,0.63655,-0.40523,0.20000,0.15098,1.33719,-0.34300,0.0164,3.228,1.4927,-0.9796,-0.0105,-0.0107,0.33711,0.28706,0.00,0.00,143.58,0.0000
8883,LOST_LONG,0.31553,-0.71977,0.63655,-0.40523,0.20000,0.15098,1.33719,-0.34300,0.0164,3.228,1.4927,-0.9796,-0.0105,-0.0107,0.33709,0.28695,0.00,0.00,155.95,0.0000
8893,LOST_LONG,0.31553,-0.71977,0.63655,-0.40523,0.20000,0.15098,1.33719,-0.34300,0.0164,3.228,1.4927,-0.9796,-0.0105,-0.0107,0.33710,0.28705,0.00,0.00,127.64,0.0000
8903,LOST_LONG,0.31553,-0.71977,0.63655,-0.40523,0.20000,0.15098,1.33719,-0.34300,0.0164,3.228,1.4927,-0.9796,-0.0105,-0.0107,0.33709,0.28700,0.00,0.00,113.57,0.0000
8913,TRACKING,-0.24218,-0.13653,0.17886,0.19882,0.28424,0.34840,1.24483,-0.93383,0.0650,2.293,1.2834,-0.9393,-0.1574,-1.2169,0.33663,0.28790,-41.41,-41.41,150.09,0.2656
8923,TRACKING,-0.20382,-0.08569,0.21260,0.24679,0.27243,0.36519,1.19300,-0.94077,0.0116,1.180,1.2003,-0.9354,-0.1207,1.4804,0.30616,0.33512,-34.29,-35.44,155.78,0.2149
8933,TRACKING,-0.16079,-0.00478,0.25929,0.34469,0.25609,0.39945,1.12718,-0.99004,0.0315,0.837,1.1348,-0.9728,-0.0907,0.6261,0.27375,0.37565,-31.83,-32.67,168.15,0.1552
8943,TRACKING,-0.12206,0.04701,0.28235,0.34937,0.24802,0.40109,1.09765,-0.97309,0.0252,1.086,1.0904,-0.9864,-0.0647,-1.4871,0.24662,0.41872,-31.37,-31.69,165.15,0.1332
8953,TRACKING,-0.14309,-0.24592,0.27572,0.02244,0.25034,0.28667,1.17458,-0.69095,0.0696,5.043,1.1647,-0.7315,-0.2101,-1.2175,0.25777,0.37433,-48.98,-46.38,139.99,0.3314
8963,LOST_LONG,-0.13352,-0.31595,0.28454,-0.02564,0.24725,0.28384,1.16614,-0.67571,0.0244,1.238,1.1647,-0.6903,-0.2414,-0.8252,0.25541,0.31388,0.00,-47.88,139.14,0.0000
8973,LOST_LONG,-0.13352,-0.31595,0.28454,-0.02564,0.24725,0.28384,1.16614,-0.67571,0.0244,1.238,1.4543,-0.9461,-0.0354,-0.1209,0.29460,0.30235,0.00,-47.88,110.68,0.0000
8983,LOST_LONG,-0.13352,-0.31595,0.28454,-0.02564,0.24725,0.28384,1.16614,-0.67571,0.0244,1.238,1.4914,-0.9789,-0.0118,-0.0102,0.33309,0.29372,0.00,-47.88,83.93,0.0000
8993,LOST_LONG,-0.13352,-0.31595,0.28454,-0.02564,0.24725,0.28384,1.16614,-0.67571,0.0244,1.238,1.4914,-0.9789,-0.0118,-0.0102,0.33687,0.28748,0.00,-47.88,41.69,0.0000
9003,TRACKING,0.22736,-0.80524,0.74563,-0.54478,0.20000,0.10214,1.57726,-0.33997,0.2540,0.843,1.5117,-0.4776,-0.0118,-0.0102,0.33685,0.28736,0.00,0.00,31.56,0.9302
9013,TRACKING,0.34869,-0.90620,0.75077,-0.59244,0.20000,0.08546,1.66683,-0.34842,0.0241,1.129,1.6524,-0.3483,-0.0118,-0.0102,0.32759,0.21502,0.00,0.00,25.72,0.9767
9023,LOST_LONG,0.34869,-0.90620,0.75077,-0.59244,0.20000,0.08546,1.66683,-0.34842,0.0241,1.129,1.6524,-0.3483,-0.0118,-0.0102,0.30363,0.15894,0.00,0.00,8.36,0.0000
9033,LOST_LONG,0.34869,-0.90620,0.75077,-0.59244,0.20000,0.08546,1.66683,-0.34842,0.0241,1.129,1.6168,-0.5023,-0.0118,-0.0102,0.26988,0.12945,0.00,0.00,12.51,0.0000
9043,LOST_LONG,0.34869,-0.90620,0.75077,-0.59244,0.20000,0.08546,1.66683,-0.34842,0.0241,1.129,1.5166,-0.9586,-0.0118,-0.0102,0.28538,0.17714,0.00,0.00,0.00,0.0000
9053,LOST_LONG,0.34869,-0.90620,0.75077,-0.59244,0.20000,0.08546,1.66683,-0.34842,0.0241,1.129,1.5166,-0.9795,-0.0118,-0.0102,0.31196,0.22262,0.00,0.00,0.00,0.0000
9063,LOST_LONG,0.34869,-0.90620,0.75077,-0.59244,0.20000,0.08546,1.66683,-0.34842,0.0241,1.129,1.5166,-0.9795,-0.0118,-0.0102,0.33983,0.27633,0.00,0.00,0.00,0.0000
9073,LOST_LONG,0.34869,-0.90620,0.75077,-0.59244,0.20000,0.08546,1.66683,-0.34842,0.0241,1.129,1.5166,-0.9795,-0.0118,-0.0102,0.34095,0.27897,0.00,0.00,0.00,0.0000
9083,LOST_LONG,0.34869,-0.90620,0.75077,-0.59244,0.20000,0.08546,1.66683,-0.34842,0.0241,1.129,1.5166,-0.9795,-0.0118,-0.0102,0.34095,0.27895,0.00,0.00,0.00,0.0000
9093,LOST_LONG,0.34869,-0.90620,0.75077,-0.59244,0.20000,0.08546,1.66683,-0.34842,0.0241,1.129,1.5166,-0.9795,-0.0118,-0.0102,0.34095,0.27896,0.00,0.00,0.00,0.0000
9103,LOST_LONG,0.34869,-0.90620,0.75077,-0.59244,0.20000,0.08546,1.66683,-0.34842,0.0241,1.129,1.5166,-0.9795,-0.0118,-0.0102,0.34095,0.27895,0.00,0.00,0.00,0.0000
9113,LOST_LONG,0.34869,-0.90620,0.75077,-0.59244,0.20000,0.08546,1.66683,-0.34842,0.0241,1.129,1.5166,-0.9795,-0.0118,-0.0102,0.34095,0.27896,0.00,0.00,0.00,0.0000
9123,LOST_LONG,0.34869,-0.90620,0.75077,-0.59244,0.20000,0.08546,1.66683,-0.34842,0.0241,1.129,1.5166,-0.9795,-0.0118,-0.0102,0.34094,0.27894,0.00,0.00,0.00,0.0000
9133,LOST_LONG,0.34869,-0.90620,0.75077,-0.59244,0.20000,0.08546,1.66683,-0.34842,0.0241,1.129,1.5166,-0.9795,-0.0118,-0.0102,0.34095,0.27897,0.00,0.00,0.00,0.0000
9143,LOST_LONG,0.34869,-0.90620,0.75077,-0.59244,0.20000,0.08546,1.66683,-0.34842,0.0241,1.129,1.5166,-0.9795,-0.0118,-0.0102,0.34094,0.27894,0.00,0.00,0.00,0.0000
9153,LOST_LONG,0.34869,-0.90620,0.75077,-0.59244,0.20000,0.08546,1.66683,-0.34842,0.0241,1.129,1.5166,-0.9795,-0.0118,-0.0102,0.34095,0.27898,0.00,0.00,0.00,0.0000
9163,LOST_LONG,0.34869,-0.90620,0.75077,-0.59244,0.20000,0.08546,1.66683,-0.34842,0.0241,1.129,1.5166,-0.9795,-0.0118,-0.0102,0.34094,0.27894,0.00,0.00,0.00,0.0000
9173,LOST_LONG,0.34869,-0.90620,0.75077,-0.59244,0.20000,0.08546,1.66683,-0.34842,0.0241,1.129,1.5166,-0.9795,-0.0118,-0.0102,0.34095,0.27898,0.00,0.00,0.00,0.0000
9183,LOST_LONG,0.34869,-0.90620,0.75077,-0.59244,0.20000,0.08546,1.66683,-0.34842,0.0241,1.129,1.5166,-0.9795,-0.0118,-0.0102,0.34097,0.27907,0.00,0.00,0.00,0.0000
9193,LOST_LONG,0.34869,-0.90620,0.75077,-0.59244,0.20000,0.08546,1.66683,-0.34842,0.0241,1.129,1.5166,-0.9795,-0.0118,-0.0102,0.34094,0.27893,0.00,0.00,0.00,0.0000
9203,LOST_LONG,0.34869,-0.90620,0.75077,-0.59244,0.20000,0.08546,1.66683,-0.34842,0.0241,1.129,1.5166,-0.9795,-0.0118,-0.0102,0.34097,0.27911,0.00,0.00,0.00,0.0000
9213,LOST_LONG,0.34869,-0.90620,0.75077,-0.59244,0.20000,0.08546,1.66683,-0.34842,0.0241,1.129,1.5166,-0.9795,-0.0118,-0.0102,0.34095,0.27895,0.00,0.00,0.00,0.0000
9223,LOST_LONG,0.34869,-0.90620,0.75077,-0.59244,0.20000,0.08546,1.66683,-0.34842,0.0241,1.129,1.5166,-0.9795,-0.0118,-0.0102,0.34097,0.27906,0.00,0.00,0.00,0.0000
9233,LOST_LONG,0.34869,-0.90620,0.75077,-0.59244,0.20000,0.08546,1.66683,-0.34842,0.0241,1.129,1.5166,-0.9795,-0.0118,-0.0102,0.34095,0.27900,0.00,0.00,0.00,0.0000
9243,LOST_LONG,0.34869,-0.90620,0.75077,-0.59244,0.20000,0.08546,1.66683,-0.34842,0.0241,1.129,1.5166,-0.9795,-0.0118,-0.0102,0.34098,0.27915,0.00,0.00,0.00,0.0000
9253,LOST_LONG,0.34869,-0.90620,0.75077,-0.59244,0.20000,0.08546,1.66683,-0.34842,0.0241,1.129,1.5166,-0.9795,-0.0118,-0.0102,0.34096,0.27901,0.00,0.00,0.00,0.0000
9263,LOST_LONG,0.34869,-0.90620,0.75077,-0.59244,0.20000,0.08546,1.66683,-0.34842,0.0241,1.129,1.5166,-0.9795,-0.0118,-0.0102,0.34094,0.27893,0.00,0.00,0.00,0.0000
9273,LOST_LONG,0.34869,-0.90620,0.75077,-0.59244,0.20000,0.08546,1.66683,-0.34842,0.0241,1.129,1.5166,-0.9795,-0.0118,-0.0102,0.34096,0.27905,0.00,0.00,0.00,0.0000
9283,LOST_LONG,0.34869,-0.90620,0.75077,-0.59244,0.20000,0.08546,1.66683,-0.34842,0.0241,1.129,1.5166,-0.9795,-0.0118,-0.0102,0.34096,0.27902,0.00,0.00,0.00,0.0000
9293,LOST_LONG,0.34869,-0.90620,0.75077,-0.59244,0.20000,0.08546,1.66683,-0.34842,0.0241,1.129,1.5166,-0.9795,-0.0118,-0.0102,0.34099,0.27917,0.00,0.00,0.00,0.0000
9303,LOST_LONG,0.34869,-0.90620,0.75077,-0.59244,0.20000,0.08546,1.66683,-0.34842,0.0241,1.129,1.5166,-0.9795,-0.0118,-0.0102,0.34095,0.27899,0.00,0.00,0.00,0.0000
9313,LOST_LONG,0.34869,-0.90620,0.75077,-0.59244,0.20000,0.08546,1.66683,-0.34842,0.0241,1.129,1.5166,-0.9795,-0.0118,-0.0102,0.34095,0.27896,0.00,0.00,0.00,0.0000
9323,LOST_LONG,0.34869,-0.90620,0.75077,-0.59244,0.20000,0.08546,1.66683,-0.34842,0.0241,1.129,1.5166,-0.9795,-0.0118,-0.0102,0.34095,0.27899,0.00,0.00,0.00,0.0000
9333,LOST_LONG,0.34869,-0.90620,0.75077,-0.59244,0.20000,0.08546,1.66683,-0.34842,0.0241,1.129,1.5166,-0.9795,-0.0118,-0.0102,0.34095,0.27895,0.00,0.00,0.00,0.0000
9343,LOST_LONG,0.34869,-0.90620,0.75077,-0.59244,0.20000,0.08546,1.66683,-0.34842,0.0241,1.129,1.5166,-0.9795,-0.0118,-0.0102,0.34095,0.27900,0.00,0.00,0.00,0.0000
9353,LOST_LONG,0.34869,-0.90620,0.75077,-0.59244,0.20000,0.08546,1.66683,-0.34842,0.0241,1.129,1.5166,-0.9795,-0.0118,-0.0102,0.34094,0.27894,0.00,0.00,0.00,0.0000
9363,LOST_LONG,0.34869,-0.90620,0.75077,-0.59244,0.20000,0.08546,1.66683,-0.34842,0.0241,1.129,1.5166,-0.9795,-0.0118,-0.0102,0.34096,0.27904,0.00,0.00,0.00,0.0000
9373,LOST_LONG,0.34869,-0.90620,0.75077,-0.59244,0.20000,0.08546,1.66683,-0.34842,0.0241,1.129,1.5166,-0.9795,-0.0118,-0.0102,0.34095,0.27898,0.00,0.00,0.00,0.0000
9383,LOST_LONG,0.34869,-0.90620,0.75077,-0.59244,0.20000,0.08546,1.66683,-0.34842,0.0241,1.129,1.5166,-0.9795,-0.0118,-0.0102,0.34097,0.27910,0.00,0.00,0.00,0.0000
9393,LOST_LONG,0.34869,-0.90620,0.75077,-0.59244,0.20000,0.08546,1.66683,-0.34842,0.0241,1.129,1.5166,-0.9795,-0.0118,-0.0102,0.34099,0.27917,0.00,0.00,0.00,0.0000
9403,LOST_LONG,0.34869,-0.90620,0.75077,-0.59244,0.20000,0.08546,1.66683,-0.34842,0.0241,1.129,1.5166,-0.9795,-0.0118,-0.0102,0.34098,0.27916,0.00,0.00,0.00,0.0000
9413,LOST_LONG,0.34869,-0.90620,0.75077,-0.59244,0.20000,0.08546,1.66683,-0.34842,0.0241,1.129,1.5166,-0.9795,-0.0118,-0.0102,0.34094,0.27894,0.00,0.00,0.00,0.0000
9423,LOST_LONG,0.34869,-0.90620,0.75077,-0.59244,0.20000,0.08546,1.66683,-0.34842,0.0241,1.129,1.5166,-0.9795,-0.0118,-0.0102,0.34095,0.27898,0.00,0.00,0.00,0.0000
9433,LOST_LONG,0.34869,-0.90620,0.75077,-0.59244,0.20000,0.08546,1.66683,-0.34842,0.0241,1.129,1.5166,-0.9795,-0.0118,-0.0102,0.34097,0.27910,0.00,0.00,0.00,0.0000
9443,LOST_LONG,0.34869,-0.90620,0.75077,-0.59244,0.20000,0.08546,1.66683,-0.34842,0.0241,1.129,1.5166,-0.9795,-0.0118,-0.0102,0.34094,0.27894,0.00,0.00,0.00,0.0000
9453,LOST_LONG,0.34869,-0.90620,0.75077,-0.59244,0.20000,0.08546,1.66683,-0.34842,0.0241,1.129,1.5166,-0.9795,-0.0118,-0.0102,0.34095,0.27896,0.00,0.00,0.00,0.0000
9463,LOST_LONG,0.34869,-0.90620,0.75077,-0.59244,0.20000,0.08546,1.66683,-0.34842,0.0241,1.129,1.5166,-0.9795,-0.0118,-0.0102,0.34095,0.27899,0.00,0.00,0.00,0.0000
9473,LOST_LONG,0.34869,-0.90620,0.75077,-0.59244,0.20000,0.08546,1.66683,-0.34842,0.0241,1.129,1.5166,-0.9795,-0.0118,-0.0102,0.34095,0.27898,0.00,0.00,0.00,0.0000
9483,LOST_LONG,0.34869,-0.90620,0.75077,-0.59244,0.20000,0.08546,1.66683,-0.34842,0.0241,1.129,1.5166,-0.9795,-0.0118,-0.0102,0.34094,0.27892,0.00,0.00,0.00,0.0000
9493,LOST_LONG,0.34869,-0.90620,0.75077,-0.59244,0.20000,0.08546,1.66683,-0.34842,0.0241,1.129,1.5166,-0.9795,-0.0118,-0.0102,0.34095,0.27896,0.00,0.00,0.00,0.0000
9503,LOST_LONG,0.34869,-0.90620,0.75077,-0.59244,0.20000,0.08546,1.66683,-0.34842,0.0241,1.129,1.5166,-0.9795,-0.0118,-0.0102,0.34095,0.27899,0.00,0.00,0.00,0.0000
9513,LOST_LONG,0.34869,-0.90620,0.75077,-0.59244,0.20000,0.08546,1.66683,-0.34842,0.0241,1.129,1.5166,-0.9795,-0.0118,-0.0102,0.34099,0.27917,0.00,0.00,0.00,0.0000
9523,LOST_LONG,0.34869,-0.90620,0.75077,-0.59244,0.20000,0.08546,1.66683,-0.34842,0.0241,1.129,1.5166,-0.9795,-0.0118,-0.0102,0.34097,0.27911,0.00,0.00,0.00,0.0000
9533,LOST_LONG,0.34869,-0.90620,0.75077,-0.59244,0.20000,0.08546,1.66683,-0.34842,0.0241,1.129,1.5166,-0.9795,-0.0118,-0.0102,0.34095,0.27895,0.00,0.00,0.00,0.0000
9543,LOST_LONG,0.34869,-0.90620,0.75077,-0.59244,0.20000,0.08546,1.66683,-0.34842,0.0241,1.129,1.5166,-0.9795,-0.0118,-0.0102,0.34098,0.27912,0.00,0.00,0.00,0.0000
9553,LOST_LONG,0.34869,-0.90620,0.75077,-0.59244,0.20000,0.08546,1.66683,-0.34842,0.0241,1.129,1.5166,-0.9795,-0.0118,-0.0102,0.34096,0.27901,0.00,0.00,0.00,0.0000
9563,LOST_LONG,0.34869,-0.90620,0.75077,-0.59244,0.20000,0.08546,1.66683,-0.34842,0.0241,1.129,1.5166,-0.9795,-0.0118,-0.0102,0.34096,0.27902,0.00,0.00,0.00,0.0000
9573,LOST_LONG,0.34869,-0.90620,0.75077,-0.59244,0.20000,0.08546,1.66683,-0.34842,0.0241,1.129,1.5166,-0.9795,-0.0118,-0.0102,0.34099,0.27917,0.00,0.00,0.00,0.0000
9583,LOST_LONG,0.34869,-0.90620,0.75077,-0.59244,0.20000,0.08546,1.66683,-0.34842,0.0241,1.129,1.5166,-0.9795,-0.0118,-0.0102,0.34095,0.27896,0.00,0.00,0.00,0.0000
9593,LOST_LONG,0.34869,-0.90620,0.75077,-0.59244,0.20000,0.08546,1.66683,-0.34842,0.0241,1.129,1.5166,-0.9795,-0.0118,-0.0102,0.34095,0.27897,0.00,0.00,0.00,0.0000
9603,LOST_LONG,0.34869,-0.90620,0.75077,-0.59244,0.20000,0.08546,1.66683,-0.34842,0.0241,1.129,1.5166,-0.9795,-0.0118,-0.0102,0.34095,0.27896,0.00,0.00,0.00,0.0000
9613,LOST_LONG,0.34869,-0.90620,0.75077,-0.59244,0.20000,0.08546,1.66683,-0.34842,0.0241,1.129,1.5166,-0.9795,-0.0118,-0.0102,0.34096,0.27904,-27.71,0.00,5.14,0.0000
9623,TRACKING,-0.45879,-0.78541,-0.04568,-0.46142,0.34883,0.13131,1.85661,-0.87957,0.3544,0.864,1.6526,-0.9396,-0.0459,0.5939,0.34095,0.27897,-34.01,-34.01,1.12,0.9096
9633,LOST_SHORT,-0.53961,-0.79360,-0.19603,-0.46885,0.40145,0.12871,1.99928,-1.09135,0.2368,0.952,1.8724,-1.0274,-0.0787,1.1738,0.36698,0.25282,18.19,-34.01,34.83,0.0000
9643,LOST_SHORT,-0.32717,-0.83271,0.48048,-0.58136,0.20000,0.08934,1.64580,-0.34604,0.7181,0.910,1.7817,-0.7549,-0.0787,1.1738,0.37118,0.19143,0.00,-34.01,31.72,0.0000
9653,LOST_LONG,-0.32717,-0.83271,0.48048,-0.58136,0.20000,0.08934,1.64580,-0.34604,0.7181,0.910,1.7817,-0.7549,-0.0787,1.1738,0.32183,0.13250,0.00,-34.01,101.30,0.0000
9663,LOST_LONG,-0.32717,-0.83271,0.48048,-0.58136,0.20000,0.08934,1.64580,-0.34604,0.7181,0.910,1.5575,-0.9447,-0.0152,0.2262,0.32973,0.15437,0.00,-34.01,112.21,0.0000
9673,LOST_LONG,-0.32717,-0.83271,0.48048,-0.58136,0.20000,0.08934,1.64580,-0.34604,0.7181,0.910,1.5143,-0.9785,-0.0115,0.0145,0.34589,0.23745,0.00,-34.01,128.03,0.0000
9683,LOST_LONG,-0.32717,-0.83271,0.48048,-0.58136,0.20000,0.08934,1.64580,-0.34604,0.7181,0.910,1.5143,-0.9785,-0.0115,0.0111,0.34049,0.27958,0.00,-34.01,117.75,0.0000
9693,LOST_LONG,-0.32717,-0.83271,0.48048,-0.58136,0.20000,0.08934,1.64580,-0.34604,0.7181,0.910,1.5143,-0.9785,-0.0115,0.0111,0.34045,0.27937,0.00,-34.01,113.30,0.0000
9703,LOST_LONG,-0.32717,-0.83271,0.48048,-0.58136,0.20000,0.08934,1.64580,-0.34604,0.7181,0.910,1.5143,-0.9785,-0.0115,0.0111,0.34047,0.27946,0.00,-34.01,117.94,0.0000
9713,LOST_LONG,-0.32717,-0.83271,0.48048,-0.58136,0.20000,0.08934,1.64580,-0.34604,0.7181,0.910,1.5143,-0.9785,-0.0115,0.0111,0.34046,0.27942,0.00,-34.01,122.60,0.0000
9723,LOST_LONG,-0.32717,-0.83271,0.48048,-0.58136,0.20000,0.08934,1.64580,-0.34604,0.7181,0.910,1.5143,-0.9785,-0.0115,0.0111,0.34049,0.27958,0.00,-34.01,125.53,0.0000
9733,LOST_LONG,-0.32717,-0.83271,0.48048,-0.58136,0.20000,0.08934,1.64580,-0.34604,0.7181,0.910,1.5143,-0.9785,-0.0115,0.0111,0.34047,0.27944,0.00,-34.01,122.82,0.0000
9743,LOST_LONG,-0.32717,-0.83271,0.48048,-0.58136,0.20000,0.08934,1.64580,-0.34604,0.7181,0.910,1.5143,-0.9785,-0.0115,0.0111,0.34049,0.27958,0.00,-34.01,117.34,0.0000
9753,LOST_LONG,-0.32717,-0.83271,0.48048,-0.58136,0.20000,0.08934,1.64580,-0.34604,0.7181,0.910,1.5143,-0.9785,-0.0115,0.0111,0.34047,0.27947,0.00,-34.01,111.77,0.0000
9763,LOST_LONG,-0.32717,-0.83271,0.48048,-0.58136,0.20000,0.08934,1.64580,-0.34604,0.7181,0.910,1.5143,-0.9785,-0.0115,0.0111,0.34047,0.27948,0.00,-34.01,111.23,0.0000
9773,LOST_LONG,-0.32717,-0.83271,0.48048,-0.58136,0.20000,0.08934,1.64580,-0.34604,0.7181,0.910,1.5143,-0.9785,-0.0115,0.0111,0.34048,0.27949,0.00,-34.01,110.45,0.0000
9783,LOST_LONG,-0.32717,-0.83271,0.48048,-0.58136,0.20000,0.08934,1.64580,-0.34604,0.7181,0.910,1.5143,-0.9785,-0.0115,0.0111,0.34046,0.27940,0.00,-34.01,110.26,0.0000
9793,LOST_LONG,-0.32717,-0.83271,0.48048,-0.58136,0.20000,0.08934,1.64580,-0.34604,0.7181,0.910,1.5143,-0.9785,-0.0115,0.0111,0.34047,0.27946,0.00,-34.01,107.52,0.0000
9803,LOST_LONG,-0.32717,-0.83271,0.48048,-0.58136,0.20000,0.08934,1.64580,-0.34604,0.7181,0.910,1.5143,-0.9785,-0.0115,0.0111,0.34046,0.27938,0.00,-34.01,149.44,0.0000
9813,LOST_LONG,-0.32717,-0.83271,0.48048,-0.58136,0.20000,0.08934,1.64580,-0.34604,0.7181,0.910,1.5143,-0.9785,-0.0115,0.0111,0.34047,0.27944,0.00,-34.01,168.19,0.0000
9823,LOST_LONG,-0.32717,-0.83271,0.48048,-0.58136,0.20000,0.08934,1.64580,-0.34604,0.7181,0.910,1.5143,-0.9785,-0.0115,0.0111,0.34047,0.27944,0.00,-34.01,130.09,0.0000
9833,LOST_LONG,-0.32717,-0.83271,0.48048,-0.58136,0.20000,0.08934,1.64580,-0.34604,0.7181,0.910,1.5143,-0.9785,-0.0115,0.0111,0.34046,0.27939,0.00,-34.01,126.59,0.0000
9843,LOST_LONG,-0.32717,-0.83271,0.48048,-0.58136,0.20000,0.08934,1.64580,-0.34604,0.7181,0.910,1.5143,-0.9785,-0.0115,0.0111,0.34045,0.27935,0.00,-34.01,105.99,0.0000
9853,LOST_LONG,-0.32717,-0.83271,0.48048,-0.58136,0.20000,0.08934,1.64580,-0.34604,0.7181,0.910,1.5143,-0.9785,-0.0115,0.0111,0.34045,0.27935,0.00,-34.01,124.57,0.0000
9863,LOST_LONG,-0.32717,-0.83271,0.48048,-0.58136,0.20000,0.08934,1.64580,-0.34604,0.7181,0.910,1.5143,-0.9785,-0.0115,0.0111,0.34047,0.27946,0.00,-34.01,128.45,0.0000
9873,LOST_LONG,-0.32717,-0.83271,0.48048,-0.58136,0.20000,0.08934,1.64580,-0.34604,0.7181,0.910,1.5143,-0.9785,-0.0115,0.0111,0.34047,0.27946,0.00,-34.01,124.15,0.0000
9883,LOST_LONG,-0.32717,-0.83271,0.48048,-0.58136,0.20000,0.08934,1.64580,-0.34604,0.7181,0.910,1.5143,-0.9785,-0.0115,0.0111,0.34045,0.27936,0.00,-34.01,136.02,0.0000
9893,LOST_LONG,-0.32717,-0.83271,0.48048,-0.58136,0.20000,0.08934,1.64580,-0.34604,0.7181,0.910,1.5143,-0.9785,-0.0115,0.0111,0.34045,0.27935,0.00,-34.01,109.82,0.0000
9903,LOST_LONG,-0.32717,-0.83271,0.48048,-0.58136,0.20000,0.08934,1.64580,-0.34604,0.7181,0.910,1.5143,-0.9785,-0.0115,0.0111,0.34048,0.27950,0.00,-34.01,135.49,0.0000
9913,LOST_LONG,-0.32717,-0.83271,0.48048,-0.58136,0.20000,0.08934,1.64580,-0.34604,0.7181,0.910,1.5143,-0.9785,-0.0115,0.0111,0.34046,0.27941,0.00,-34.01,99.27,0.0000
9923,LOST_LONG,-0.32717,-0.83271,0.48048,-0.58136,0.20000,0.08934,1.64580,-0.34604,0.7181,0.910,1.5143,-0.9785,-0.0115,0.0111,0.34048,0.27950,0.00,-34.01,153.50,0.0000
9933,LOST_LONG,-0.32717,-0.83271,0.48048,-0.58136,0.20000,0.08934,1.64580,-0.34604,0.7181,0.910,1.5143,-0.9785,-0.0115,0.0111,0.34049,0.27958,0.00,-34.01,114.58,0.0000
9943,LOST_LONG,-0.32717,-0.83271,0.48048,-0.58136,0.20000,0.08934,1.64580,-0.34604,0.7181,0.910,1.5143,-0.9785,-0.0115,0.0111,0.34048,0.27953,0.00,-34.01,112.88,0.0000
9953,LOST_LONG,-0.32717,-0.83271,0.48048,-0.58136,0.20000,0.08934,1.64580,-0.34604,0.7181,0.910,1.5143,-0.9785,-0.0115,0.0111,0.34048,0.27948,0.00,-34.01,103.11,0.0000
9963,LOST_LONG,-0.32717,-0.83271,0.48048,-0.58136,0.20000,0.08934,1.64580,-0.34604,0.7181,0.910,1.5143,-0.9785,-0.0115,0.0111,0.34046,0.27940,0.00,-34.01,98.87,0.0000
9973,LOST_LONG,-0.32717,-0.83271,0.48048,-0.58136,0.20000,0.08934,1.64580,-0.34604,0.7181,0.910,1.5143,-0.9785,-0.0115,0.0111,0.34046,0.27940,0.00,-34.01,125.87,0.0000
9983,LOST_LONG,-0.32717,-0.83271,0.48048,-0.58136,0.20000,0.08934,1.64580,-0.34604,0.7181,0.910,1.5143,-0.9785,-0.0115,0.0111,0.34046,0.27940,0.00,-34.01,132.87,0.0000
9993,LOST_LONG,-0.32717,-0.83271,0.48048,-0.58136,0.20000,0.08934,1.64580,-0.34604,0.7181,0.910,1.5143,-0.9785,-0.0115,0.0111,0.34046,0.27939,0.00,-34.01,111.98,0.0000
10003,LOST_LONG,-0.32717,-0.83271,0.48048,-0.58136,0.20000,0.08934,1.64580,-0.34604,0.7181,0.910,1.5143,-0.9785,-0.0115,0.0111,0.34048,0.27948,0.00,-34.01,110.59,0.0000
10013,LOST_LONG,-0.32717,-0.83271,0.48048,-0.58136,0.20000,0.08934,1.64580,-0.34604,0.7181,0.910,1.5143,-0.9785,-0.0115,0.0111,0.34045,0.27936,0.00,-34.01,135.98,0.0000
10023,LOST_LONG,-0.32717,-0.83271,0.48048,-0.58136,0.20000,0.08934,1.64580,-0.34604,0.7181,0.910,1.5143,-0.9785,-0.0115,0.0111,0.34046,0.27939,0.00,-34.01,106.47,0.0000
10033,LOST_LONG,-0.32717,-0.83271,0.48048,-0.58136,0.20000,0.08934,1.64580,-0.34604,0.7181,0.910,1.5143,-0.9785,-0.0115,0.0111,0.34048,0.27950,0.00,-34.01,112.63,0.0000
10043,LOST_LONG,-0.32717,-0.83271,0.48048,-0.58136,0.20000,0.08934,1.64580,-0.34604,0.7181,0.910,1.5143,-0.9785,-0.0115,0.0111,0.34046,0.27941,0.00,-34.01,116.08,0.0000
10053,LOST_LONG,-0.32717,-0.83271,0.48048,-0.58136,0.20000,0.08934,1.64580,-0.34604,0.7181,0.910,1.5143,-0.9785,-0.0115,0.0111,0.34046,0.27938,0.00,-34.01,112.80,0.0000
10063,TRACKING,-0.25982,-0.50472,0.18797,-0.07075,0.28105,0.26805,1.32132,-0.75491,0.1444,1.013,1.4077,-0.7620,0.1071,-1.3825,0.34037,0.27730,-15.85,-14.73,136.76,0.4544
10073,TRACKING,-0.19763,-0.22298,0.22385,0.13143,0.26849,0.32481,1.20297,-0.82924,0.0340,0.653,1.2206,-0.8190,0.0603,-1.1969,0.30333,0.24250,-18.00,-19.25,151.00,0.2700
10083,TRACKING,-0.19945,-0.13015,0.21044,0.20634,0.27318,0.35103,1.20232,-0.90659,0.0189,0.792,1.1989,-0.8955,0.0871,-0.8810,0.28697,0.29238,-15.12,-17.08,152.93,0.2343
10093,TRACKING,-0.27874,-0.09680,0.13308,0.22938,0.30026,0.35909,1.29744,-1.01080,0.0061,0.826,1.2941,-1.0057,0.1788,-1.1200,0.28793,0.34022,-8.25,-8.64,146.34,0.2956
10103,TRACKING,-0.23318,-0.10318,0.18983,0.21755,0.28040,0.35496,1.22704,-0.93835,0.0235,0.833,1.2364,-0.9489,0.1788,-1.1390,0.29439,0.34257,-9.22,-8.64,151.54,0.2473
10113,LOST_SHORT,-0.22238,-0.10649,0.19197,0.21599,0.27965,0.35441,1.22455,-0.93469,0.0099,0.810,1.2324,-0.9406,0.1788,-1.1109,0.27740,0.33963,0.00,-8.64,151.28,0.0000
10123,TRACKING,-0.22729,-0.10354,0.18810,0.22034,0.28100,0.35593,1.22877,-0.94266,0.0039,0.660,1.2324,-0.9439,0.1753,-1.0096,0.27720,0.33952,-9.33,-9.97,151.79,0.2477
10133,TRACKING,-0.22641,-0.10463,0.18680,0.21731,0.28146,0.35487,1.23100,-0.94137,0.0029,1.886,1.2324,-0.9439,0.1753,-1.0279,0.27733,0.33986,-8.90,-9.97,151.46,0.2502
10143,TRACKING,-0.23099,-0.09760,0.17916,0.22851,0.28413,0.35879,1.23890,-0.95952,0.0102,0.576,1.2324,-0.9516,0.1753,-1.0052,0.27733,0.33991,-9.49,-8.88,151.06,0.2527
10153,TRACKING,-0.23057,-0.09455,0.18264,0.22761,0.28291,0.35847,1.23458,-0.95497,0.0022,0.617,1.2324,-0.9553,0.1802,-1.0044,0.27800,0.34360,-8.82,-8.40,151.26,0.2498
10163,TRACKING,-0.22908,-0.09672,0.18306,0.22877,0.28277,0.35888,1.23384,-0.95556,0.0014,0.634,1.2324,-0.9553,0.1802,-0.9845,0.27785,0.34322,-8.04,-8.40,151.44,0.2490
10173,LOST_SHORT,-0.22960,-0.09629,0.18455,0.22679,0.28225,0.35819,1.23226,-0.95220,0.0031,0.663,1.2324,-0.9553,0.1888,-0.9675,0.27784,0.34319,0.00,-7.84,150.99,0.0000
10183,LOST_SHORT,-0.23217,-0.09690,0.18197,0.22643,0.28315,0.35806,1.23564,-0.95464,0.0033,0.632,1.2324,-0.9553,0.1888,-0.9560,0.27756,0.34252,0.00,-7.84,151.55,0.0000
10193,TRACKING,-0.22797,-0.09934,0.18546,0.22740,0.28193,0.35840,1.23098,-0.95177,0.0015,1.660,1.2324,-0.9520,0.1888,-0.9432,0.27756,0.34250,-6.38,-7.68,152.11,0.2473
10203,TRACKING,-0.22677,-0.09668,0.18707,0.22590,0.28136,0.35788,1.22915,-0.94871,0.0046,0.884,1.2324,-0.9520,0.1935,-0.9807,0.27722,0.34106,-9.28,-8.09,151.73,0.2464
10213,TRACKING,-0.22631,-0.09699,0.18697,0.22697,0.28140,0.35825,1.22910,-0.94977,0.0040,2.991,1.2324,-0.9520,0.1935,-0.9825,0.27720,0.34099,-7.56,-8.09,151.75,0.2461
10223,TRACKING,-0.22553,-0.10222,0.18765,0.21871,0.28116,0.35536,1.22965,-0.94170,0.0075,0.580,1.2324,-0.9486,0.1935,-1.0441,0.27720,0.34097,-7.37,-8.09,151.26,0.2488
10233,TRACKING,-0.22884,-0.10427,0.18410,0.21827,0.28240,0.35521,1.23430,-0.94512,0.0040,0.615,1.2324,-0.9486,0.1979,-1.0380,0.27699,0.33988,-6.92,-7.46,151.04,0.2522
10243,TRACKING,-0.23065,-0.10198,0.18105,0.22362,0.28347,0.35708,1.23730,-0.95313,0.0066,0.759,1.2324,-0.9486,0.1979,-1.0051,0.27688,0.33972,-7.14,-7.46,150.92,0.2528
10253,LOST_SHORT,-0.23191,-0.10033,0.17980,0.22610,0.28391,0.35794,1.23849,-0.95668,0.0101,0.614,1.2324,-0.9518,0.1979,-1.0051,0.27703,0.34053,0.00,-7.46,151.36,0.0000
10263,TRACKING,-0.23191,-0.09964,0.18135,0.22459,0.28337,0.35742,1.23674,-0.95367,0.0047,0.578,1.2324,-0.9518,0.1979,-1.0368,0.27705,0.34065,-7.62,-7.46,151.15,0.2522
10273,LOST_SHORT,-0.23324,-0.09673,0.17850,0.23017,0.28436,0.35937,1.23948,-0.96171,0.0121,0.627,1.2324,-0.9558,0.1979,-1.0368,0.27726,0.34177,0.00,-6.98,151.06,0.0000
10283,LOST_SHORT,-0.23334,-0.09847,0.17959,0.22230,0.28398,0.35662,1.23941,-0.95353,0.0073,0.683,1.2324,-0.9558,0.1979,-1.0420,0.27728,0.34191,0.00,-6.98,150.76,0.0000
10293,TRACKING,-0.22906,-0.10579,0.18451,0.21666,0.28226,0.35464,1.23406,-0.94326,0.0055,0.648,1.2324,-0.9485,0.1979,-1.0144,0.27728,0.34190,-8.05,-7.45,150.90,0.2525
10303,TRACKING,-0.23018,-0.10153,0.18264,0.22345,0.28291,0.35702,1.23528,-0.95127,0.0039,0.621,1.2324,-0.9485,0.1979,-1.0393,0.27684,0.33951,-7.62,-7.45,151.22,0.2514
10313,LOST_SHORT,-0.23008,-0.10533,0.18352,0.21625,0.28261,0.35450,1.23542,-0.94396,0.0055,0.576,1.2324,-0.9485,0.1979,-1.0482,0.27684,0.33951,0.00,-7.45,150.97,0.0000
10323,TRACKING,-0.23148,-0.10151,0.18050,0.22550,0.28366,0.35774,1.23768,-0.95539,0.0086,1.141,1.2324,-0.9485,0.1979,-1.0778,0.27683,0.33945,-6.45,-7.45,151.07,0.2526
10333,LOST_SHORT,-0.23151,-0.10155,0.18197,0.22314,0.28315,0.35691,1.23619,-0.95172,0.0049,0.841,1.2324,-0.9485,0.1979,-1.0772,0.27684,0.33949,0.00,-7.45,150.69,0.0000
10343,LOST_SHORT,-0.23243,-0.10065,0.17896,0.22501,0.28420,0.35757,1.23974,-0.95661,0.0109,0.722,1.2324,-0.9518,0.1979,-1.0618,0.27683,0.33944,0.00,-7.45,150.79,0.0000
10353,LOST_SHORT,-0.23215,-0.10118,0.18213,0.22275,0.28309,0.35678,1.23606,-0.95121,0.0007,0.982,1.2356,-0.9518,0.1979,-1.0508,0.27765,0.33975,0.00,-7.45,151.08,0.0000
10363,TRACKING,-0.22942,-0.09918,0.18385,0.22689,0.28249,0.35822,1.23314,-0.95304,0.0028,0.631,1.2356,-0.9518,0.1945,-1.0166,0.27774,0.33968,-9.69,-8.23,151.59,0.2490
10373,LOST_SHORT,-0.22831,-0.09722,0.18508,0.22642,0.28206,0.35806,1.23163,-0.95130,0.0040,0.588,1.2356,-0.9518,0.1901,-1.0072,0.27800,0.34033,0.00,-8.74,151.58,0.0000
10383,TRACKING,-0.23008,-0.10324,0.18208,0.22162,0.28311,0.35638,1.23632,-0.95025,0.0017,0.579,1.2356,-0.9518,0.1901,-1.0469,0.27803,0.34045,-8.46,-8.74,151.11,0.2527
10393,LOST_SHORT,-0.23333,-0.10142,0.17646,0.22231,0.28508,0.35662,1.24343,-0.95692,0.0093,0.853,1.2356,-0.9518,0.1901,-1.0469,0.27800,0.34032,0.00,-8.74,150.40,0.0000
10403,LOST_SHORT,-0.23333,-0.10142,0.17646,0.22231,0.28508,0.35662,1.24343,-0.95692,0.0093,0.853,1.2356,-0.9518,0.1901,-1.0469,0.27800,0.34030,0.00,-8.74,149.69,0.0000
10413,LOST_LONG,-0.23333,-0.10142,0.17646,0.22231,0.28508,0.35662,1.24343,-0.95692,0.0093,0.853,1.2356,-0.9518,0.1901,-1.0469,0.27801,0.34035,0.00,-8.74,150.05,0.0000
10423,LOST_SHORT,-0.24640,-0.09550,0.16687,0.22871,0.28843,0.35886,1.25462,-0.97296,0.0170,0.674,1.2479,-0.9653,0.1941,-1.0125,0.27958,0.34083,0.00,-7.27,149.85,0.0000
10433,LOST_SHORT,-0.24782,-0.09492,0.16588,0.22765,0.28878,0.35849,1.25606,-0.97310,0.0028,0.641,1.2548,-0.9756,0.1941,-1.0430,0.28241,0.34202,0.00,-7.27,149.98,0.0000
10443,TRACKING,-0.24474,-0.09446,0.16973,0.23029,0.28743,0.35941,1.25069,-0.97127,0.0059,0.625,1.2548,-0.9756,0.1941,-1.0346,0.28351,0.34262,-6.30,-7.37,150.23,0.2608
10453,LOST_SHORT,-0.24009,-0.09477,0.17496,0.22918,0.28560,0.35902,1.24418,-0.96463,0.0102,1.224,1.2511,-0.9721,0.1941,-1.0524,0.28336,0.34179,0.00,-7.88,150.18,0.0000
10463,TRACKING,-0.24155,-0.09247,0.17029,0.23356,0.28724,0.36056,1.24945,-0.97359,0.0023,0.706,1.2511,-0.9721,0.1941,-1.0393,0.28249,0.34241,-8.01,-8.31,150.63,0.2591
10473,TRACKING,-0.24159,-0.09410,0.17144,0.22687,0.28683,0.35822,1.24908,-0.96638,0.0060,0.638,1.2511,-0.9721,0.1941,-1.0459,0.28250,0.34248,-6.28,-7.60,150.26,0.2605
10483,LOST_SHORT,-0.24206,-0.09249,0.17008,0.23411,0.28731,0.36075,1.24963,-0.97431,0.0027,0.659,1.2511,-0.9721,0.1941,-1.0418,0.28249,0.34239,0.00,-7.60,150.51,0.0000
10493,TRACKING,-0.24181,-0.09351,0.17176,0.22858,0.28672,0.35882,1.24839,-0.96756,0.0053,0.639,1.2511,-0.9721,0.1941,-1.0491,0.28250,0.34248,-7.56,-7.60,150.61,0.2595
10503,LOST_SHORT,-0.24245,-0.09404,0.17003,0.23009,0.28733,0.35934,1.25034,-0.97076,0.0015,0.656,1.2511,-0.9721,0.1941,-1.0741,0.28249,0.34243,0.00,-7.60,150.34,0.0000
10513,LOST_SHORT,-0.24140,-0.09238,0.17263,0.23206,0.28642,0.36003,1.24669,-0.96971,0.0050,0.765,1.2511,-0.9721,0.1941,-1.0692,0.28250,0.34247,0.00,-7.60,150.92,0.0000
10523,TRACKING,-0.23929,-0.09546,0.17379,0.22510,0.28601,0.35760,1.24636,-0.96226,0.0076,0.614,1.2511,-0.9682,0.1908,-1.0738,0.28249,0.34243,-7.65,-8.56,150.22,0.2589
10533,TRACKING,-0.23715,-0.09775,0.17543,0.22764,0.28544,0.35848,1.24383,-0.96275,0.0044,0.629,1.2479,-0.9646,0.1908,-1.1032,0.28215,0.34039,-7.34,-8.13,150.69,0.2565
10543,LOST_SHORT,-0.23840,-0.09487,0.17486,0.22927,0.28564,0.35906,1.24430,-0.96482,0.0036,0.544,1.2479,-0.9646,0.1908,-1.0544,0.28143,0.34110,0.00,-8.13,150.68,0.0000
10553,LOST_SHORT,-0.24008,-0.09429,0.17202,0.23028,0.28663,0.35941,1.24777,-0.96879,0.0042,0.621,1.2479,-0.9646,0.1908,-1.0507,0.28146,0.34128,0.00,-8.13,150.16,0.0000
10563,TRACKING,-0.24108,-0.09257,0.17178,0.23373,0.28672,0.36062,1.24751,-0.97213,0.0076,0.557,1.2479,-0.9646,0.1812,-1.0143,0.28175,0.34192,-8.23,-9.17,150.77,0.2577
10573,LOST_SHORT,-0.24161,-0.09361,0.17152,0.22913,0.28681,0.35901,1.24860,-0.96830,0.0038,0.588,1.2479,-0.9646,0.1846,-1.0291,0.28176,0.34194,0.00,-8.22,150.73,0.0000
10583,LOST_SHORT,-0.24161,-0.09361,0.17152,0.22913,0.28681,0.35901,1.24860,-0.96830,0.0038,0.588,1.2479,-0.9646,0.1846,-1.0291,0.28165,0.34166,0.00,-8.22,150.01,0.0000
10593,LOST_SHORT,-0.24440,-0.09275,0.16760,0.23241,0.28818,0.36016,1.25307,-0.97548,0.0090,0.565,1.2479,-0.9682,0.1885,-1.0649,0.28172,0.34244,0.00,-7.77,150.57,0.0000
10603,TRACKING,-0.23948,-0.09323,0.17645,0.22923,0.28508,0.35904,1.24227,-0.96308,0.0076,0.935,1.2479,-0.9682,0.1885,-1.0825,0.28173,0.34250,-8.11,-7.77,151.27,0.2549
10613,TRACKING,-0.23844,-0.09428,0.17451,0.23057,0.28576,0.35951,1.24453,-0.96635,0.0017,0.561,1.2445,-0.9646,0.1885,-1.0475,0.28080,0.34227,-8.66,-7.77,150.99,0.2562
10623,LOST_SHORT,-0.24032,-0.09229,0.17042,0.23420,0.28719,0.36078,1.24918,-0.97402,0.0105,0.589,1.2445,-0.9684,0.1885,-1.0216,0.28080,0.34245,0.00,-7.77,150.90,0.0000
10633,LOST_SHORT,-0.24145,-0.09201,0.16957,0.23251,0.28749,0.36019,1.25054,-0.97342,0.0079,0.636,1.2445,-0.9684,0.1885,-1.0216,0.28101,0.34355,0.00,-8.38,150.03,0.0000
10643,LOST_LONG,-0.24145,-0.09201,0.16957,0.23251,0.28749,0.36019,1.25054,-0.97342,0.0079,0.636,1.2445,-0.9684,0.1885,-1.0216,0.28100,0.34353,0.00,-8.38,149.42,0.0000
10653,LOST_LONG,-0.24145,-0.09201,0.16957,0.23251,0.28749,0.36019,1.25054,-0.97342,0.0079,0.636,1.2445,-0.9684,0.1885,-1.0216,0.28101,0.34356,0.00,-8.38,149.74,0.0000
10663,LOST_LONG,-0.24145,-0.09201,0.16957,0.23251,0.28749,0.36019,1.25054,-0.97342,0.0079,0.636,1.4820,-0.9775,0.0159,-0.0864,0.29927,0.33434,0.00,-8.38,150.38,0.0000
10673,LOST_SHORT,-0.24309,-0.08858,0.17097,0.23559,0.28700,0.36127,1.24825,-0.97466,0.0331,0.808,1.2681,-0.9775,0.1808,-1.0136,0.31048,0.31920,0.00,-7.72,150.61,0.0000
10683,LOST_SHORT,-0.23947,-0.09571,0.17504,0.22684,0.28557,0.35821,1.24446,-0.96246,0.0073,0.567,1.2506,-0.9664,0.1899,-1.0536,0.28513,0.33991,0.00,-8.17,150.55,0.0000
10693,LOST_SHORT,-0.23735,-0.09449,0.17531,0.23112,0.28548,0.35970,1.24341,-0.96598,0.0038,0.788,1.2472,-0.9664,0.1899,-1.0564,0.28172,0.34164,0.00,-8.17,151.12,0.0000
10703,LOST_SHORT,-0.23878,-0.08987,0.17316,0.23664,0.28623,0.36163,1.24529,-0.97324,0.0071,0.661,1.2472,-0.9664,0.1899,-1.0176,0.28145,0.34206,0.00,-8.17,151.25,0.0000
10713,LOST_SHORT,-0.24391,-0.08704,0.16753,0.23633,0.28820,0.36153,1.25253,-0.97905,0.0081,0.614,1.2472,-0.9729,0.1978,-1.0173,0.28160,0.34349,0.00,-7.65,150.59,0.0000
10723,LOST_SHORT,-0.24487,-0.08780,0.16645,0.23477,0.28858,0.36098,1.25417,-0.97883,0.0091,0.593,1.2472,-0.9729,0.1978,-1.0173,0.28156,0.34351,0.00,-7.65,149.35,0.0000
10733,TRACKING,-0.25235,-0.09155,0.15309,0.22924,0.29326,0.35905,1.27211,-0.98850,0.0215,0.626,1.2614,-0.9813,0.1978,-1.0077,0.28166,0.34350,-8.08,-7.65,147.88,0.2767
10743,LOST_SHORT,-0.25525,-0.09376,0.15249,0.22612,0.29347,0.35795,1.27341,-0.98640,0.0130,0.599,1.2662,-0.9813,0.1978,-0.9962,0.28617,0.34098,0.00,-7.65,149.30,0.0000
10753,TRACKING,-0.25428,-0.09311,0.15788,0.23087,0.29158,0.35962,1.26574,-0.98469,0.0008,1.932,1.2662,-0.9853,0.1978,-1.0353,0.28648,0.34222,-7.17,-7.65,149.01,0.2717
10763,TRACKING,-0.25874,-0.08917,0.15183,0.23505,0.29370,0.36108,1.27274,-0.99503,0.0091,0.989,1.2662,-0.9888,0.2080,-1.0485,0.28650,0.34233,-5.05,-5.87,148.83,0.2760
10773,TRACKING,-0.26718,-0.08132,0.14569,0.24303,0.29585,0.36387,1.27929,-1.00893,0.0075,0.891,1.2749,-1.0028,0.2080,-1.0120,0.28775,0.34410,-7.45,-6.46,148.55,0.2794
10783,TRACKING,-0.26709,-0.08230,0.14779,0.24040,0.29511,0.36295,1.27703,-1.00426,0.0026,0.840,1.2749,-1.0028,0.1996,-0.9699,0.28911,0.34468,-8.10,-7.96,149.09,0.2782
10793,TRACKING,-0.26196,-0.08359,0.15260,0.23858,0.29343,0.36232,1.27121,-0.99735,0.0066,0.838,1.2749,-1.0028,0.1996,-0.9313,0.28940,0.34539,-7.44,-7.96,149.03,0.2741
10803,TRACKING,-0.26184,-0.08177,0.15126,0.24214,0.29390,0.36356,1.27236,-1.00201,0.0036,0.804,1.2749,-0.9994,0.1996,-0.9221,0.28924,0.34449,-7.25,-7.50,149.00,0.2743
10813,TRACKING,-0.26248,-0.08133,0.15085,0.24498,0.29404,0.36456,1.27246,-1.00502,0.0061,1.151,1.2749,-0.9994,0.1996,-0.9596,0.28921,0.34433,-7.16,-7.50,149.51,0.2739
10823,LOST_SHORT,-0.25978,-0.08404,0.15504,0.23518,0.29257,0.36112,1.26864,-0.99163,0.0100,0.908,1.2749,-0.9994,0.2039,-0.9861,0.28907,0.34395,0.00,-6.83,149.37,0.0000
10833,LOST_SHORT,-0.26140,-0.08359,0.14982,0.24216,0.29440,0.36357,1.27418,-1.00360,0.0042,0.885,1.2749,-0.9994,0.2039,-0.9560,0.28908,0.34406,0.00,-7.49,149.11,0.0000
10843,LOST_SHORT,-0.26173,-0.08047,0.15172,0.24641,0.29374,0.36506,1.27114,-1.00535,0.0070,1.074,1.2749,-0.9994,0.2039,-0.9658,0.28906,0.34394,0.00,-7.49,149.76,0.0000
10853,TRACKING,-0.26023,-0.07936,0.15567,0.24669,0.29235,0.36515,1.26608,-1.00127,0.0091,0.875,1.2714,-0.9994,0.2039,-0.9702,0.28906,0.34395,-8.20,-7.49,150.00,0.2688
10863,LOST_SHORT,-0.25788,-0.07660,0.15687,0.24683,0.29194,0.36520,1.26454,-1.00010,0.0074,0.960,1.2714,-1.0029,0.2039,-0.9740,0.28846,0.34590,0.00,-7.49,149.49,0.0000
10873,LOST_SHORT,-0.25707,-0.07995,0.15620,0.24188,0.29217,0.36347,1.26612,-0.99637,0.0084,1.069,1.2714,-1.0029,0.2039,-0.9758,0.28847,0.34612,0.00,-7.49,149.57,0.0000
10883,LOST_SHORT,-0.25919,-0.08140,0.15316,0.24173,0.29323,0.36342,1.27001,-0.99956,0.0036,0.829,1.2714,-1.0029,0.2039,-0.9539,0.28849,0.34627,0.00,-7.49,149.53,0.0000
10893,TRACKING,-0.26063,-0.08033,0.14981,0.24566,0.29441,0.36479,1.27367,-1.00677,0.0045,0.829,1.2714,-1.0029,0.2039,-0.9394,0.28847,0.34611,-7.36,-7.49,149.18,0.2747
10903,LOST_SHORT,-0.26086,-0.07980,0.15182,0.24515,0.29370,0.36461,1.27119,-1.00410,0.0013,0.900,1.2714,-1.0029,0.2039,-0.9345,0.28849,0.34620,0.00,-7.49,149.19,0.0000
10913,LOST_SHORT,-0.25885,-0.07520,0.15426,0.24879,0.29285,0.36589,1.26758,-1.00472,0.0042,0.873,1.2714,-1.0029,0.1987,-0.9449,0.28847,0.34611,0.00,-8.10,150.12,0.0000
10923,LOST_SHORT,-0.25885,-0.07520,0.15426,0.24879,0.29285,0.36589,1.26758,-1.00472,0.0042,0.873,1.2714,-1.0029,0.1987,-0.9449,0.28865,0.34656,0.00,-8.10,150.25,0.0000
10933,LOST_LONG,-0.25885,-0.07520,0.15426,0.24879,0.29285,0.36589,1.26758,-1.00472,0.0042,0.873,1.2714,-1.0029,0.1987,-0.9449,0.28865,0.34657,0.00,-8.10,150.19,0.0000
10943,LOST_LONG,-0.25885,-0.07520,0.15426,0.24879,0.29285,0.36589,1.26758,-1.00472,0.0042,0.873,1.3272,-1.0029,0.1510,-0.7181,0.28867,0.34671,0.00,-8.10,149.27,0.0000
10953,LOST_LONG,-0.25885,-0.07520,0.15426,0.24879,0.29285,0.36589,1.26758,-1.00472,0.0042,0.873,1.4926,-1.0029,0.0128,-0.0462,0.31416,0.32858,0.00,-8.10,149.51,0.0000
10963,LOST_LONG,-0.25885,-0.07520,0.15426,0.24879,0.29285,0.36589,1.26758,-1.00472,0.0042,0.873,1.4926,-1.0029,0.0128,-0.0117,0.33828,0.29387,0.00,-8.10,148.56,0.0000
10973,LOST_LONG,-0.25885,-0.07520,0.15426,0.24879,0.29285,0.36589,1.26758,-1.00472,0.0042,0.873,1.4926,-1.0029,0.0128,-0.0117,0.33896,0.29253,0.00,-8.10,149.29,0.0000
10983,LOST_SHORT,-0.26223,-0.07426,0.15088,0.24972,0.29403,0.36621,1.27173,-1.00926,0.2210,0.563,1.4043,-1.0029,0.0870,-0.3904,0.33870,0.29286,0.00,-7.43,149.17,0.0000
10993,LOST_SHORT,-0.26223,-0.07426,0.15088,0.24972,0.29403,0.36621,1.27173,-1.00926,0.2210,0.563,1.4043,-1.0029,0.0870,-0.3904,0.32033,0.31555,0.00,-7.43,149.53,0.0000
11003,LOST_LONG,-0.26223,-0.07426,0.15088,0.24972,0.29403,0.36621,1.27173,-1.00926,0.2210,0.563,1.4043,-1.0029,0.0870,-0.3904,0.32025,0.31549,0.00,-7.43,149.30,0.0000
11013,LOST_LONG,-0.26223,-0.07426,0.15088,0.24972,0.29403,0.36621,1.27173,-1.00926,0.2210,0.563,1.4707,-1.0029,0.0290,-0.1303,0.32070,0.31494,0.00,-7.43,150.10,0.0000
11023,LOST_LONG,-0.26223,-0.07426,0.15088,0.24972,0.29403,0.36621,1.27173,-1.00926,0.2210,0.563,1.4929,-1.0029,0.0127,-0.0110,0.33851,0.29322,0.00,-7.43,149.54,0.0000
11033,LOST_SHORT,-0.25977,-0.07446,0.15477,0.24910,0.29267,0.36600,1.26689,-1.00444,0.1367,0.828,1.3489,-1.0029,0.1364,-0.6700,0.32666,0.30381,0.00,-6.74,149.23,0.0000
11043,LOST_LONG,-0.25977,-0.07446,0.15477,0.24910,0.29267,0.36600,1.26689,-1.00444,0.1367,0.828,1.3489,-1.0029,0.1364,-0.6700,0.30756,0.32854,0.00,-6.74,148.84,0.0000
11053,LOST_LONG,-0.25977,-0.07446,0.15477,0.24910,0.29267,0.36600,1.26689,-1.00444,0.1367,0.828,1.3489,-1.0029,0.1364,-0.6700,0.30748,0.32881,0.00,-6.74,148.62,0.0000
11063,LOST_LONG,-0.25977,-0.07446,0.15477,0.24910,0.29267,0.36600,1.26689,-1.00444,0.1367,0.828,1.4867,-1.0029,0.0152,-0.0746,0.32230,0.31458,0.00,-6.74,148.57,0.0000
11073,TRACKING,-0.26193,-0.07993,0.15266,0.24242,0.29341,0.36366,1.27054,-1.00073,0.0493,0.917,1.3001,-1.0029,0.1725,-0.7747,0.33778,0.29443,-8.05,-7.59,149.29,0.2729
11083,TRACKING,-0.25885,-0.07590,0.15475,0.24815,0.29267,0.36566,1.26704,-1.00360,0.0025,0.805,1.2695,-1.0031,0.1956,-0.9661,0.30012,0.33089,-6.07,-7.10,149.82,0.2693
11093,LOST_SHORT,-0.25854,-0.07610,0.15513,0.24752,0.29254,0.36544,1.26665,-1.00262,0.0029,0.932,1.2695,-1.0031,0.1956,-0.9788,0.28840,0.34756,0.00,-7.10,149.73,0.0000
11103,LOST_SHORT,-0.26158,-0.07520,0.15031,0.24855,0.29423,0.36581,1.27262,-1.00883,0.0065,0.916,1.2695,-1.0031,0.1956,-0.9398,0.28836,0.34753,0.00,-8.30,149.05,0.0000
11113,LOST_SHORT,-0.26210,-0.07416,0.15078,0.25208,0.29407,0.36704,1.27152,-1.01151,0.0086,0.929,1.2695,-1.0065,0.1956,-0.9245,0.28835,0.34747,0.00,-8.30,149.55,0.0000
11123,LOST_SHORT,-0.26171,-0.07549,0.15212,0.24603,0.29360,0.36492,1.27069,-1.00457,0.0023,0.865,1.2695,-1.0065,0.1956,-0.9302,0.28854,0.34860,0.00,-8.30,148.18,0.0000
11133,TRACKING,-0.26574,-0.07748,0.14648,0.24758,0.29557,0.36546,1.27761,-1.01215,0.0071,0.846,1.2734,-1.0065,0.1956,-0.9355,0.28854,0.34862,-7.66,-7.76,149.05,0.2774
11143,TRACKING,-0.26615,-0.07940,0.14698,0.24314,0.29539,0.36391,1.27763,-1.00761,0.0044,0.880,1.2734,-1.0065,0.1956,-0.9292,0.28941,0.34748,-6.80,-7.17,148.52,0.2781
11153,TRACKING,-0.26404,-0.07918,0.14882,0.24587,0.29475,0.36487,1.27490,-1.00805,0.0022,0.985,1.2734,-1.0065,0.1956,-0.9627,0.28942,0.34750,-7.48,-7.17,148.73,0.2756
11163,TRACKING,-0.26476,-0.07921,0.14913,0.24483,0.29464,0.36450,1.27465,-1.00675,0.0013,0.798,1.2734,-1.0065,0.1956,-0.9338,0.28942,0.34753,-7.96,-7.17,149.07,0.2756
11173,TRACKING,-0.26652,-0.07518,0.14528,0.25091,0.29599,0.36663,1.27865,-1.01649,0.0082,0.887,1.2734,-1.0101,0.1956,-0.9435,0.28941,0.34743,-6.73,-7.17,148.96,0.2776
11183,LOST_SHORT,-0.26825,-0.07534,0.14551,0.24664,0.29591,0.36514,1.27898,-1.01237,0.0026,0.927,1.2767,-1.0135,0.1956,-0.9931,0.29051,0.34892,0.00,-7.17,148.72,0.0000
11193,LOST_SHORT,-0.26878,-0.07678,0.14390,0.24721,0.29647,0.36534,1.28093,-1.01467,0.0044,0.867,1.2767,-1.0135,0.2000,-0.9889,0.29048,0.34874,0.00,-6.68,148.29,0.0000
11203,TRACKING,-0.26992,-0.08118,0.14223,0.24165,0.29706,0.36339,1.28388,-1.01152,0.0075,0.835,1.2767,-1.0135,0.2000,-0.9502,0.29040,0.34852,-6.49,-6.68,147.90,0.2831
11213,LOST_SHORT,-0.26992,-0.08118,0.14223,0.24165,0.29706,0.36339,1.28388,-1.01152,0.0075,0.835,1.2767,-1.0135,0.2000,-0.9502,0.29040,0.34848,0.00,-6.68,148.58,0.0000
11223,TRACKING,-0.26747,-0.08149,0.14541,0.24319,0.29594,0.36393,1.27962,-1.00938,0.0051,0.876,1.2767,-1.0135,0.2000,-0.9547,0.29040,0.34851,-7.37,-6.68,148.36,0.2796
11233,TRACKING,-0.26783,-0.08141,0.14360,0.24356,0.29658,0.36406,1.28186,-1.01171,0.0055,0.907,1.2767,-1.0135,0.2000,-0.8851,0.29040,0.34853,-6.38,-6.68,147.87,0.2813
11243,TRACKING,-0.26913,-0.07741,0.14589,0.24744,0.29578,0.36541,1.27838,-1.01267,0.0020,0.923,1.2801,-1.0135,0.2000,-0.9079,0.29115,0.34760,-8.08,-7.17,149.19,0.2780
11253,TRACKING,-0.26465,-0.07968,0.14783,0.24378,0.29510,0.36414,1.27646,-1.00725,0.0046,0.766,1.2801,-1.0100,0.2000,-0.9398,0.29118,0.34747,-7.10,-7.17,148.46,0.2771
11263,TRACKING,-0.26738,-0.07851,0.14336,0.24538,0.29666,0.36470,1.28188,-1.01361,0.0040,1.243,1.2801,-1.0100,0.2000,-0.9469,0.29098,0.34634,-7.42,-7.17,148.22,0.2810
11273,LOST_LONG,-0.26823,-0.07649,0.14700,0.24885,0.29539,0.36591,1.27677,-1.01274,0.0035,0.820,1.2801,-1.0138,0.2000,-0.9638,0.29122,0.34773,0.00,-6.72,148.44,0.0000
11283,LOST_SHORT,-0.26850,-0.07779,0.14461,0.24619,0.29622,0.36498,1.28018,-1.01296,0.1497,0.908,1.3697,-1.0055,0.1268,-0.5895,0.30127,0.33709,0.00,-5.74,148.13,0.0000
11293,LOST_SHORT,-0.26651,-0.07784,0.14869,0.24567,0.29480,0.36480,1.27509,-1.00800,0.0576,1.216,1.3096,-1.0055,0.1845,-0.8414,0.30937,0.32675,0.00,-5.74,148.45,0.0000
11303,LOST_LONG,-0.26651,-0.07784,0.14869,0.24567,0.29480,0.36480,1.27509,-1.00800,0.0576,1.216,1.3096,-1.0055,0.1845,-0.8414,0.29771,0.33735,0.00,-5.74,148.95,0.0000
11313,LOST_SHORT,-0.26542,-0.07979,0.14593,0.24623,0.29576,0.36499,1.27851,-1.01155,0.0185,0.856,1.2890,-1.0055,0.1976,-0.9336,0.29448,0.34099,0.00,-6.83,148.81,0.0000
11323,LOST_SHORT,-0.26630,-0.07891,0.14681,0.24508,0.29546,0.36459,1.27756,-1.00954,0.0121,0.834,1.2844,-1.0055,0.2072,-0.9686,0.29153,0.34293,0.00,-5.34,147.87,0.0000
11333,TRACKING,-0.26586,-0.08088,0.14735,0.24472,0.29527,0.36446,1.27693,-1.00862,0.0081,1.106,1.2844,-1.0055,0.2163,-0.8378,0.29110,0.34235,-5.93,-6.24,148.86,0.2773
11343,LOST_SHORT,-0.26831,-0.08082,0.14307,0.24375,0.29676,0.36412,1.28249,-1.01246,0.0073,1.074,1.2844,-1.0055,0.2163,-0.8237,0.29109,0.34225,0.00,-6.24,148.67,0.0000
11353,TRACKING,-0.26531,-0.08237,0.14973,0.24087,0.29443,0.36311,1.27450,-1.00254,0.0103,0.815,1.2805,-1.0055,0.2163,-0.8376,0.29107,0.34215,-5.42,-6.24,148.93,0.2762
11363,TRACKING,-0.26489,-0.08170,0.14949,0.24180,0.29452,0.36344,1.27465,-1.00364,0.0061,0.864,1.2805,-1.0055,0.2163,-0.8051,0.29024,0.34342,-5.97,-6.24,149.05,0.2761
11373,LOST_SHORT,-0.26285,-0.08295,0.15185,0.23948,0.29369,0.36263,1.27202,-0.99898,0.0106,0.965,1.2771,-1.0055,0.2163,-0.7822,0.29023,0.34355,0.00,-6.24,148.75,0.0000
11383,LOST_SHORT,-0.25904,-0.08899,0.15636,0.23197,0.29211,0.36000,1.26749,-0.98733,0.0114,1.134,1.2738,-0.9931,0.2163,-0.8793,0.28904,0.34291,0.00,-5.59,148.85,0.0000
11393,LOST_SHORT,-0.25994,-0.09051,0.15150,0.23065,0.29381,0.35954,1.27389,-0.99149,0.0016,0.874,1.2738,-0.9931,0.2163,-0.8280,0.28798,0.34114,0.00,-6.40,144.23,0.0000
11403,LOST_LONG,-0.25994,-0.09051,0.15150,0.23065,0.29381,0.35954,1.27389,-0.99149,0.0016,0.874,1.2738,-0.9931,0.2163,-0.8280,0.28798,0.34115,0.00,-6.40,143.54,0.0000
11413,LOST_LONG,-0.25994,-0.09051,0.15150,0.23065,0.29381,0.35954,1.27389,-0.99149,0.0016,0.874,1.2738,-0.9931,0.2163,-0.8280,0.28797,0.34110,0.00,-6.40,144.53,0.0000
11423,LOST_LONG,-0.25994,-0.09051,0.15150,0.23065,0.29381,0.35954,1.27389,-0.99149,0.0016,0.874,1.4892,-0.9931,0.0139,-0.0532,0.31645,0.31907,0.00,-6.40,147.47,0.0000
11433,LOST_SHORT,-0.27085,-0.09977,0.14177,0.22483,0.29722,0.35750,1.28725,-0.99712,0.0160,0.799,1.2965,-0.9931,0.2336,-0.0651,0.30975,0.31777,0.00,-3.37,147.68,0.0000
11443,LOST_SHORT,-0.26750,-0.09971,0.14727,0.22407,0.29530,0.35724,1.28041,-0.99037,0.0069,2.145,1.2867,-0.9931,0.2375,-0.0052,0.29016,0.33545,0.00,-3.37,147.41,0.0000
11453,LOST_SHORT,-0.27021,-0.09793,0.13785,0.22938,0.29859,0.35909,1.29142,-1.00548,0.0133,0.810,1.2867,-0.9980,0.2375,-0.0796,0.29031,0.33736,0.00,-3.37,145.95,0.0000
11463,LOST_LONG,-0.27021,-0.09793,0.13785,0.22938,0.29859,0.35909,1.29142,-1.00548,0.0133,0.810,1.2867,-0.9980,0.2375,-0.0796,0.29031,0.33734,0.00,-3.37,145.82,0.0000
11473,TRACKING,-0.28289,-0.09899,0.12765,0.22579,0.30216,0.35784,1.30493,-1.01374,0.0150,0.911,1.2994,-1.0067,0.2191,-0.6447,0.29189,0.33792,-5.27,-5.99,145.50,0.3019
11483,LOST_SHORT,-0.28680,-0.09491,0.12602,0.23051,0.30273,0.35949,1.30617,-1.01971,0.0066,0.836,1.3028,-1.0141,0.2191,-0.9186,0.29545,0.33931,0.00,-5.99,145.32,0.0000
11493,TRACKING,-0.31293,-0.11723,0.09728,0.20556,0.31279,0.35076,1.34699,-1.03104,0.0115,0.870,1.3396,-1.0257,0.2329,0.1119,0.30111,0.33274,-2.73,-3.61,141.22,0.3373
11503,TRACKING,-0.34246,-0.11767,0.06250,0.20824,0.32496,0.35170,1.38972,-1.07415,0.0229,0.909,1.3806,-1.0638,0.2798,0.6244,0.30748,0.32789,-1.94,-0.76,137.68,0.3692
11513,TRACKING,-0.36350,-0.13760,0.04795,0.18349,0.33006,0.34303,1.41321,-1.07126,0.0082,0.829,1.4053,-1.0690,0.3162,0.0388,0.31647,0.32150,4.59,3.65,135.00,0.3913
11523,TRACKING,-0.37014,-0.13361,0.04367,0.19697,0.33155,0.34775,1.41539,-1.08742,0.0118,0.667,1.4141,-1.0804,0.3258,0.0550,0.31863,0.31723,5.44,4.71,136.77,0.3907
11533,TRACKING,-0.38130,-0.12122,0.03035,0.20282,0.33622,0.34980,1.43052,-1.10846,0.0063,0.652,1.4253,-1.1049,0.3457,-0.3579,0.32214,0.32051,7.40,6.28,133.82,0.4015
11543,TRACKING,-0.34151,-0.13017,0.07588,0.19448,0.32028,0.34688,1.37608,-1.04682,0.0117,0.887,1.3809,-1.0519,0.3678,-0.2372,0.31251,0.31689,9.62,8.51,138.55,0.3612
11553,TRACKING,-0.33623,-0.12718,0.07719,0.19890,0.31982,0.34843,1.37347,-1.04894,0.0080,0.886,1.3809,-1.0519,0.3678,-0.1631,0.30789,0.31648,7.46,8.51,139.26,0.3584
11563,TRACKING,-0.32777,-0.13285,0.08485,0.18967,0.31714,0.34519,1.36601,-1.03229,0.0051,0.901,1.3695,-1.0360,0.3180,-0.5357,0.30714,0.31846,1.02,2.51,138.56,0.3547
11573,TRACKING,-0.34067,-0.13277,0.06670,0.19696,0.32349,0.34775,1.38692,-1.05975,0.0231,0.816,1.3805,-1.0475,0.2980,-0.4804,0.30858,0.31965,1.28,2.07,136.55,0.3690
11583,TRACKING,-0.34605,-0.12865,0.06769,0.19333,0.32315,0.34648,1.38651,-1.05559,0.0085,0.846,1.3895,-1.0604,0.2980,-0.4304,0.31388,0.32287,1.44,2.07,137.45,0.3693
11593,TRACKING,-0.33971,-0.12897,0.07537,0.19544,0.32046,0.34722,1.37650,-1.04823,0.0104,3.115,1.3818,-1.0536,0.2980,-0.4272,0.31375,0.32189,1.73,2.07,138.57,0.3614
11603,TRACKING,-0.33421,-0.12108,0.08125,0.20294,0.31840,0.34984,1.36756,-1.04754,0.0089,0.897,1.3737,-1.0540,0.2989,-0.3655,0.31210,0.32439,0.55,1.35,139.58,0.3532
11613,TRACKING,-0.33160,-0.12571,0.08383,0.19587,0.31750,0.34737,1.36587,-1.03861,0.0087,0.932,1.3719,-1.0449,0.3042,-0.4189,0.31325,0.32569,0.99,2.18,139.13,0.3533
11623,TRACKING,-0.33382,-0.12684,0.07753,0.19721,0.31970,0.34784,1.37341,-1.04714,0.0027,0.889,1.3719,-1.0449,0.3042,-0.3721,0.30864,0.32188,1.12,2.18,138.56,0.3587
11633,TRACKING,-0.32850,-0.12776,0.08652,0.19545,0.31656,0.34722,1.36261,-1.03511,0.0088,1.471,1.3686,-1.0415,0.2959,-0.3350,0.30889,0.32244,2.70,1.53,139.62,0.3510
11643,TRACKING,-0.32848,-0.12458,0.08556,0.20044,0.31689,0.34897,1.36272,-1.04039,0.0060,0.915,1.3686,-1.0415,0.2959,-0.2843,0.30812,0.32261,1.20,0.96,139.98,0.3501
11653,TRACKING,-0.33086,-0.11432,0.08068,0.21162,0.31860,0.35288,1.36647,-1.05551,0.0100,0.921,1.3650,-1.0496,0.3098,-0.4932,0.30724,0.32321,2.38,3.27,139.87,0.3509
11663,TRACKING,-0.34022,-0.11055,0.07175,0.21392,0.32173,0.35368,1.37711,-1.06796,0.0093,1.171,1.3719,-1.0603,0.3098,-0.3999,0.30839,0.32617,2.91,2.01,139.33,0.3587
11673,TRACKING,-0.33657,-0.11662,0.07637,0.20817,0.32011,0.35167,1.37253,-1.05766,0.0027,0.837,1.3719,-1.0603,0.3098,-0.3743,0.30966,0.32649,1.84,2.01,139.48,0.3561
11683,TRACKING,-0.34092,-0.12256,0.06647,0.19830,0.32357,0.34822,1.38691,-1.06113,0.0156,0.776,1.3779,-1.0570,0.3098,-0.4330,0.30966,0.32644,1.02,1.95,136.83,0.3687
11693,TRACKING,-0.35391,-0.12732,0.05863,0.19491,0.32632,0.34703,1.39713,-1.06635,0.0062,0.546,1.3910,-1.0672,0.3098,-0.3775,0.31396,0.32275,3.99,2.96,136.61,0.3773
11703,TRACKING,-0.34552,-0.13071,0.06889,0.19132,0.32273,0.34577,1.38548,-1.05252,0.0093,1.235,1.3910,-1.0600,0.3098,-0.1646,0.31387,0.32195,3.14,2.96,137.39,0.3689
11713,TRACKING,-0.35077,-0.13857,0.06192,0.18691,0.32517,0.34423,1.39544,-1.05636,0.0044,0.668,1.3910,-1.0565,0.2953,-0.2263,0.31385,0.32046,2.15,1.31,136.59,0.3770
11723,TRACKING,-0.34730,-0.13090,0.06603,0.19434,0.32373,0.34683,1.38834,-1.05839,0.0033,0.830,1.3910,-1.0565,0.2953,-0.5434,0.31385,0.32037,0.96,0.89,137.44,0.3705
11733,TRACKING,-0.34334,-0.13126,0.07016,0.19380,0.32228,0.34664,1.38334,-1.05304,0.0084,0.886,1.3910,-1.0565,0.2953,-0.5647,0.31387,0.32053,0.62,0.89,137.89,0.3668
11743,TRACKING,-0.34888,-0.13185,0.06252,0.19151,0.32496,0.34584,1.39333,-1.06026,0.0068,0.915,1.3876,-1.0565,0.2858,-0.7299,0.31334,0.32166,-1.16,-0.22,136.79,0.3748
11753,TRACKING,-0.34548,-0.13244,0.06511,0.19279,0.32405,0.34629,1.38983,-1.05822,0.0086,0.904,1.3876,-1.0533,0.2858,-0.9090,0.31310,0.32027,0.51,-0.22,137.05,0.3719
11763,TRACKING,-0.34975,-0.12919,0.06261,0.19545,0.32492,0.34722,1.39232,-1.06338,0.0083,0.932,1.3876,-1.0566,0.2648,-0.7228,0.31425,0.32278,-2.54,-1.61,137.13,0.3733
11773,LOST_SHORT,-0.35196,-0.13423,0.05486,0.19270,0.32764,0.34626,1.40254,-1.07042,0.0172,0.798,1.3960,-1.0625,0.2648,-0.2354,0.31433,0.32288,0.00,-0.85,137.23,0.0000
11783,TRACKING,-0.35526,-0.13215,0.05929,0.18887,0.32609,0.34492,1.39793,-1.06196,0.0086,0.854,1.3999,-1.0670,0.2648,-0.1162,0.31610,0.32243,-0.53,-0.86,136.28,0.3787
11793,TRACKING,-0.35728,-0.13468,0.05793,0.18685,0.32656,0.34421,1.40009,-1.06195,0.0112,0.876,1.4039,-1.0683,0.2648,-0.2019,0.31872,0.32351,-2.40,-1.40,136.01,0.3807
11803,TRACKING,-0.36257,-0.13838,0.05207,0.18202,0.32861,0.34252,1.40847,-1.06509,0.0113,0.858,1.4093,-1.0719,0.2595,-0.1016,0.31896,0.32263,-3.81,-2.63,135.13,0.3879
11813,TRACKING,-0.35858,-0.13507,0.05473,0.18948,0.32768,0.34513,1.40343,-1.06793,0.0071,0.843,1.4093,-1.0719,0.2542,-0.3457,0.32068,0.32292,-4.26,-3.10,136.09,0.3828
11823,TRACKING,-0.35684,-0.13567,0.05765,0.18782,0.32666,0.34455,1.40021,-1.06308,0.0126,0.903,1.4057,-1.0684,0.2451,-1.0167,0.32107,0.32355,-4.25,-3.68,136.21,0.3807
11833,TRACKING,-0.35601,-0.13234,0.05657,0.19230,0.32704,0.34612,1.40051,-1.06803,0.0052,0.928,1.4057,-1.0684,0.2451,-0.8018,0.32007,0.32362,-2.51,-3.68,136.20,0.3801
11843,TRACKING,-0.35603,-0.13420,0.05662,0.19156,0.32702,0.34586,1.40062,-1.06736,0.0051,0.919,1.4057,-1.0684,0.2451,-0.1101,0.32006,0.32366,-1.29,-2.84,135.96,0.3803
11853,TRACKING,-0.35783,-0.13814,0.05506,0.18733,0.32757,0.34438,1.40351,-1.06578,0.0033,0.830,1.4057,-1.0684,0.2492,-0.1215,0.31989,0.32334,-3.03,-3.45,136.02,0.3832
11863,TRACKING,-0.36441,-0.13302,0.04307,0.19040,0.33176,0.34545,1.41760,-1.08277,0.0187,0.846,1.4104,-1.0741,0.2414,-0.1505,0.31988,0.32325,-6.74,-4.60,134.51,0.3934
11873,TRACKING,-0.38228,-0.13841,0.03171,0.18366,0.33574,0.34309,1.43395,-1.09106,0.0054,0.562,1.4340,-1.0965,0.2117,-0.0923,0.32485,0.32566,-6.52,-6.87,133.52,0.4064
11883,TRACKING,-0.37131,-0.13822,0.04276,0.18874,0.33187,0.34487,1.41837,-1.08180,0.0089,1.797,1.4233,-1.0784,0.2238,-0.5386,0.32713,0.32206,-3.35,-4.32,134.61,0.3943
11893,TRACKING,-0.36677,-0.13616,0.04576,0.18899,0.33082,0.34496,1.41462,-1.07837,0.0051,0.758,1.4197,-1.0784,0.2314,-1.0502,0.32452,0.32377,-3.10,-3.90,134.84,0.3914
11903,TRACKING,-0.36390,-0.13655,0.04826,0.18567,0.32995,0.34380,1.41367,-1.07323,0.0052,0.569,1.4126,-1.0784,0.2366,-1.0058,0.32296,0.32490,-4.01,-3.27,134.90,0.3902
11913,TRACKING,-0.36859,-0.13595,0.04433,0.18833,0.33132,0.34473,1.41612,-1.07781,0.0036,0.523,1.4126,-1.0784,0.2366,-1.1984,0.32266,0.32539,-3.78,-3.27,134.78,0.3929
11923,TRACKING,-0.36857,-0.13274,0.04410,0.19145,0.33140,0.34582,1.41609,-1.08238,0.0053,0.649,1.4126,-1.0784,0.2327,-1.1160,0.32265,0.32532,-5.79,-4.86,135.01,0.3921
11933,TRACKING,-0.37092,-0.12888,0.04083,0.19520,0.33255,0.34713,1.41928,-1.08941,0.0073,0.880,1.4126,-1.0864,0.2327,-1.0582,0.32341,0.32807,-3.59,-4.41,134.80,0.3939
11943,TRACKING,-0.36970,-0.12970,0.04503,0.19465,0.33108,0.34694,1.41527,-1.08362,0.0029,0.782,1.4160,-1.0864,0.2327,-1.1509,0.32398,0.32756,-3.64,-3.97,135.41,0.3901
11953,TRACKING,-0.37318,-0.13225,0.03704,0.19113,0.33388,0.34571,1.42487,-1.09071,0.0099,0.596,1.4195,-1.0864,0.2327,-1.1173,0.32417,0.32731,-5.00,-4.45,133.96,0.3988
11963,TRACKING,-0.37220,-0.12614,0.04168,0.19790,0.33225,0.34808,1.41764,-1.09060,0.0046,0.673,1.4195,-1.0864,0.2277,-1.0307,0.32504,0.32640,-6.03,-5.47,135.31,0.3922
11973,TRACKING,-0.36604,-0.13218,0.04896,0.18842,0.32970,0.34476,1.41080,-1.07403,0.0097,0.785,1.4156,-1.0790,0.2277,-1.0010,0.32510,0.32647,-3.99,-4.17,135.08,0.3886
11983,TRACKING,-0.35995,-0.13940,0.05414,0.18417,0.32789,0.34327,1.40541,-1.06434,0.0104,0.856,1.4122,-1.0722,0.2425,-1.0344,0.32231,0.32321,-3.00,-2.97,135.53,0.3852
11993,TRACKING,-0.36063,-0.12702,0.05346,0.19677,0.32813,0.34768,1.40335,-1.07544,0.0064,0.653,1.4089,-1.0722,0.2425,-0.1529,0.32181,0.32302,-2.97,-3.58,136.17,0.3815
12003,TRACKING,-0.35791,-0.13118,0.05706,0.19156,0.32687,0.34586,1.40008,-1.06684,0.0104,0.581,1.4054,-1.0722,0.2425,0.0553,0.32116,0.32406,-2.68,-3.58,136.51,0.3799
12013,TRACKING,-0.35848,-0.13809,0.05001,0.18486,0.32934,0.34351,1.40940,-1.06793,0.0075,0.629,1.4019,-1.0689,0.2425,-0.0576,0.31950,0.32531,-6.36,-4.16,134.46,0.3888
12023,TRACKING,-0.36945,-0.14440,0.04480,0.17680,0.33116,0.34069,1.41975,-1.07022,0.0066,0.671,1.4170,-1.0763,0.2267,-0.0550,0.32264,0.32293,-6.75,-5.57,134.02,0.3966
12033,TRACKING,-0.37270,-0.14495,0.04052,0.17833,0.33266,0.34123,1.42338,-1.07476,0.0035,0.684,1.4202,-1.0763,0.2176,-0.4690,0.32464,0.32395,-6.93,-6.15,133.60,0.4000
12043,TRACKING,-0.37107,-0.14360,0.04201,0.18106,0.33213,0.34218,1.42131,-1.07538,0.0014,0.570,1.4202,-1.0763,0.2092,-0.8345,0.32514,0.32436,-5.04,-5.94,134.08,0.3977
12053,TRACKING,-0.36989,-0.14377,0.04270,0.18045,0.33189,0.34197,1.42093,-1.07449,0.0019,0.559,1.4202,-1.0763,0.2092,-0.8279,0.32518,0.32456,-5.94,-5.94,134.00,0.3972
12063,TRACKING,-0.37578,-0.13975,0.03034,0.18993,0.33622,0.34529,1.43337,-1.09793,0.0196,0.555,1.4274,-1.0878,0.2017,-0.3308,0.32536,0.32482,-6.54,-7.68,132.73,0.4056
12073,TRACKING,-0.37124,-0.13677,0.04151,0.18478,0.33231,0.34348,1.42215,-1.08032,0.0040,0.532,1.4235,-1.0841,0.2017,-0.4878,0.32694,0.32679,-9.10,-7.80,133.90,0.3968
12083,TRACKING,-0.37403,-0.14092,0.03845,0.18362,0.33338,0.34308,1.42488,-1.08291,0.0031,1.594,1.4276,-1.0815,0.1968,-0.2966,0.32869,0.32640,-8.37,-8.18,133.79,0.4001
12093,TRACKING,-0.37721,-0.15023,0.03349,0.17304,0.33512,0.33937,1.43274,-1.07879,0.0058,0.584,1.4276,-1.0815,0.1810,-0.1161,0.32775,0.32510,-10.67,-9.71,132.31,0.4085
12103,TRACKING,-0.37892,-0.15370,0.03486,0.17199,0.33464,0.33901,1.43194,-1.07711,0.0062,0.561,1.4276,-1.0815,0.1778,-0.1780,0.32833,0.32631,-9.61,-9.71,132.94,0.4076
12113,TRACKING,-0.37754,-0.15074,0.03643,0.17349,0.33409,0.33953,1.43019,-1.07687,0.0053,0.597,1.4276,-1.0815,0.1618,0.0304,0.32888,0.32758,-12.03,-11.21,133.28,0.4056
12123,TRACKING,-0.37792,-0.14560,0.03427,0.17600,0.33484,0.34041,1.43118,-1.08005,0.0039,0.530,1.4276,-1.0815,0.1618,0.0247,0.32894,0.32762,-10.05,-10.62,132.94,0.4067
12133,TRACKING,-0.38701,-0.13727,0.02620,0.18977,0.33767,0.34523,1.43850,-1.10289,0.0065,0.612,1.4344,-1.0978,0.1543,-0.1502,0.32999,0.32871,-12.81,-11.97,133.64,0.4095
12143,LOST_SHORT,-0.38094,-0.12662,0.03415,0.19982,0.33489,0.34875,1.42649,-1.10134,0.0087,0.556,1.4344,-1.0978,0.1543,-0.3157,0.33191,0.33142,0.00,-11.97,135.09,0.0000
12153,TRACKING,-0.37791,-0.11887,0.03486,0.20543,0.33464,0.35071,1.42442,-1.10512,0.0095,0.635,1.4305,-1.0978,0.1742,-0.6021,0.33064,0.33168,-7.43,-8.86,135.00,0.3964
12163,TRACKING,-0.37563,-0.12072,0.03972,0.20390,0.33294,0.35018,1.41877,-1.09794,0.0076,0.651,1.4264,-1.0978,0.1870,-0.6219,0.32996,0.33016,-7.15,-7.89,135.82,0.3922
12173,TRACKING,-0.37447,-0.12944,0.03645,0.19380,0.33408,0.34664,1.42499,-1.09361,0.0037,0.661,1.4226,-1.0908,0.1870,-0.4221,0.32805,0.33154,-7.29,-7.89,134.47,0.3985
12183,TRACKING,-0.37805,-0.13981,0.03508,0.18311,0.33456,0.34290,1.42863,-1.08547,0.0081,0.525,1.4226,-1.0908,0.1918,-0.3238,0.32754,0.32991,-7.68,-7.38,133.65,0.4034
12193,TRACKING,-0.37998,-0.13799,0.03275,0.18435,0.33538,0.34333,1.43171,-1.09046,0.0056,0.567,1.4261,-1.0908,0.1918,-0.5473,0.32820,0.32882,-7.95,-7.94,133.37,0.4052
12203,LOST_SHORT,-0.37996,-0.13744,0.03224,0.18538,0.33555,0.34369,1.43209,-1.09191,0.0060,0.599,1.4261,-1.0908,0.1918,-0.7887,0.32826,0.32874,0.00,-7.94,132.65,0.0000
12213,TRACKING,-0.38532,-0.13388,0.02673,0.19071,0.33748,0.34556,1.43763,-1.10299,0.0078,0.689,1.4304,-1.0999,0.1832,-0.7179,0.32921,0.32768,-10.24,-9.39,133.37,0.4087
12223,TRACKING,-0.39070,-0.13204,0.02211,0.19337,0.33910,0.34649,1.44270,-1.11085,0.0080,0.655,1.4391,-1.1037,0.1832,-0.8411,0.33182,0.32833,-7.84,-8.85,133.03,0.4122
12233,LOST_SHORT,-0.39163,-0.12943,0.02119,0.19616,0.33942,0.34747,1.44320,-1.11426,0.0082,0.622,1.4391,-1.1071,0.1832,-0.6995,0.33254,0.33055,0.00,-8.85,132.45,0.0000
12243,LOST_SHORT,-0.39066,-0.12283,0.02595,0.20257,0.33776,0.34971,1.43597,-1.11366,0.0033,0.570,1.4391,-1.1147,0.2184,-1.0302,0.33201,0.33057,0.00,-4.97,134.30,0.0000
12253,TRACKING,-0.38592,-0.12127,0.02698,0.20428,0.33740,0.35031,1.43435,-1.11381,0.0048,0.578,1.4391,-1.1147,0.2329,-1.1725,0.33166,0.32991,-3.02,-3.87,134.33,0.4043
12263,LOST_SHORT,-0.38666,-0.12326,0.02574,0.19896,0.33783,0.34845,1.43749,-1.11009,0.0048,0.528,1.4391,-1.1147,0.2377,-1.1483,0.33118,0.32907,0.00,-3.24,133.86,0.0000
12273,LOST_SHORT,-0.39070,-0.12316,0.01953,0.20097,0.33984,0.34915,1.44362,-1.11967,0.0067,0.644,1.4391,-1.1147,0.2377,-1.1386,0.33097,0.32864,0.00,-3.24,133.95,0.0000
12283,TRACKING,-0.38440,-0.12358,0.02982,0.20013,0.33640,0.34886,1.43321,-1.10739,0.0077,0.534,1.4357,-1.1147,0.2223,-0.9587,0.33153,0.32971,-5.08,-5.74,133.88,0.4028
12293,TRACKING,-0.38300,-0.12667,0.02887,0.19754,0.33673,0.34795,1.43347,-1.10593,0.0025,0.599,1.4357,-1.1071,0.2223,-1.1101,0.33032,0.32855,-5.35,-5.74,133.68,0.4045
12303,TRACKING,-0.37870,-0.12709,0.03702,0.19643,0.33388,0.34756,1.42370,-1.09507,0.0122,0.685,1.4289,-1.1003,0.2223,-1.0117,0.33031,0.32856,-6.58,-5.74,134.86,0.3971
12313,TRACKING,-0.38046,-0.12794,0.03195,0.19576,0.33565,0.34733,1.43008,-1.10070,0.0013,0.699,1.4289,-1.1003,0.2223,-1.0664,0.32836,0.32853,-6.26,-5.74,133.97,0.4021
12323,TRACKING,-0.38606,-0.12442,0.02439,0.20114,0.33830,0.34921,1.43820,-1.11441,0.0143,0.910,1.4326,-1.1079,0.2223,-0.9614,0.32858,0.32942,-4.26,-5.22,133.09,0.4077
12333,TRACKING,-0.37898,-0.12227,0.03693,0.20195,0.33391,0.34949,1.42262,-1.09972,0.0101,0.634,1.4294,-1.1072,0.2223,-0.9071,0.33071,0.33001,-6.26,-5.22,135.30,0.3955
12343,TRACKING,-0.37884,-0.11890,0.03283,0.20481,0.33535,0.35049,1.42705,-1.10707,0.0040,0.628,1.4294,-1.1038,0.2171,-0.9649,0.32876,0.32948,-7.63,-6.45,134.48,0.3985
12353,TRACKING,-0.37901,-0.12185,0.03441,0.20065,0.33480,0.34904,1.42599,-1.10172,0.0040,2.196,1.4294,-1.1038,0.2171,-0.8986,0.32895,0.32985,-6.32,-6.45,134.58,0.3983
12363,TRACKING,-0.37397,-0.12487,0.03894,0.19714,0.33321,0.34781,1.42118,-1.09331,0.0083,0.635,1.4262,-1.0999,0.2171,-0.8807,0.32846,0.33077,-5.99,-5.25,134.48,0.3951
12373,TRACKING,-0.37674,-0.12581,0.03665,0.19848,0.33401,0.34828,1.42454,-1.09664,0.0036,0.511,1.4262,-1.0999,0.2171,-0.9027,0.32797,0.32958,-4.93,-5.76,134.90,0.3968
12383,TRACKING,-0.37729,-0.12372,0.03754,0.19903,0.33370,0.34847,1.42249,-1.09656,0.0050,0.617,1.4262,-1.0999,0.2171,-0.7934,0.32798,0.32961,-5.81,-5.71,134.81,0.3958
12393,TRACKING,-0.37656,-0.12684,0.03608,0.19799,0.33421,0.34811,1.42516,-1.09675,0.0033,0.817,1.4262,-1.0999,0.2171,-0.8247,0.32798,0.32965,-6.62,-5.84,134.76,0.3975
12403,TRACKING,-0.37988,-0.12718,0.03217,0.19661,0.33558,0.34763,1.42963,-1.10114,0.0037,0.632,1.4262,-1.0999,0.2130,-0.6602,0.32797,0.32959,-7.53,-6.64,134.17,0.4017
12413,TRACKING,-0.37567,-0.12882,0.03882,0.19423,0.33325,0.34679,1.42197,-1.09107,0.0098,0.602,1.4262,-1.0964,0.2130,-0.7774,0.32814,0.33001,-5.14,-6.07,134.75,0.3961
12423,TRACKING,-0.37652,-0.12816,0.03637,0.19364,0.33411,0.34659,1.42575,-1.09294,0.0034,0.502,1.4262,-1.0964,0.2130,-0.6525,0.32787,0.32889,-7.13,-6.07,134.23,0.3987
12433,TRACKING,-0.37331,-0.13171,0.04126,0.19262,0.33240,0.34623,1.41933,-1.08679,0.0093,0.597,1.4262,-1.0931,0.2130,-0.4570,0.32787,0.32887,-4.57,-5.59,135.19,0.3944
12443,TRACKING,-0.37345,-0.13998,0.03712,0.18284,0.33385,0.34281,1.42636,-1.08250,0.0045,0.664,1.4228,-1.0852,0.2130,-0.1709,0.32642,0.32656,-6.89,-6.08,133.54,0.4016
12453,TRACKING,-0.37507,-0.14376,0.03913,0.18117,0.33314,0.34222,1.42521,-1.07995,0.0057,0.553,1.4228,-1.0852,0.2130,-0.0898,0.32626,0.32623,-5.68,-5.58,134.16,0.4003
12463,TRACKING,-0.37543,-0.14319,0.03864,0.18050,0.33331,0.34199,1.42582,-1.07989,0.0061,0.489,1.4228,-1.0852,0.2288,-0.0474,0.32627,0.32630,-5.31,-4.19,133.88,0.4010
12473,TRACKING,-0.38076,-0.14368,0.03142,0.18246,0.33584,0.34267,1.43380,-1.09058,0.0090,0.612,1.4266,-1.0852,0.2203,-0.2291,0.32632,0.32378,-5.03,-5.88,133.16,0.4071
12483,TRACKING,-0.38212,-0.14290,0.03124,0.18091,0.33591,0.34213,1.43439,-1.08956,0.0046,2.172,1.4300,-1.0884,0.2091,-0.7686,0.32701,0.32537,-8.19,-7.21,133.31,0.4078
12493,TRACKING,-0.38585,-0.14519,0.02742,0.17826,0.33724,0.34120,1.43972,-1.09214,0.0045,0.686,1.4372,-1.0884,0.1900,-0.6264,0.32854,0.32566,-7.13,-8.30,132.54,0.4123
12503,TRACKING,-0.38168,-0.13893,0.03045,0.18695,0.33618,0.34424,1.43393,-1.09539,0.0077,0.606,1.4372,-1.0884,0.1900,-0.8397,0.33039,0.32443,-7.20,-7.79,133.46,0.4065
12513,TRACKING,-0.37952,-0.14232,0.03434,0.18216,0.33482,0.34257,1.43028,-1.08676,0.0072,0.595,1.4372,-1.0885,0.1756,-0.5566,0.33065,0.32546,-10.13,-9.91,133.87,0.4045
12523,TRACKING,-0.38103,-0.14615,0.03166,0.17659,0.33576,0.34062,1.43573,-1.08521,0.0036,0.599,1.4372,-1.0885,0.1756,-0.7339,0.33096,0.32559,-10.22,-9.91,132.78,0.4089
12533,TRACKING,-0.38707,-0.14140,0.02271,0.18016,0.33889,0.34187,1.44503,-1.09946,0.0107,0.632,1.4372,-1.0921,0.1641,-0.4031,0.33097,0.32570,-13.01,-11.41,131.53,0.4161
12543,TRACKING,-0.38388,-0.15431,0.03069,0.16920,0.33610,0.33803,1.43954,-1.08180,0.0068,0.549,1.4414,-1.0884,0.1537,-0.0511,0.33313,0.32832,-12.16,-11.97,132.44,0.4126
12553,TRACKING,-0.38767,-0.14909,0.02628,0.17621,0.33764,0.34049,1.44161,-1.09191,0.0035,0.683,1.4414,-1.0884,0.1492,-0.2244,0.33277,0.32638,-12.69,-12.44,132.44,0.4141
12563,TRACKING,-0.38914,-0.14445,0.02370,0.17814,0.33854,0.34116,1.44431,-1.09663,0.0050,0.887,1.4414,-1.0926,0.1492,-0.3491,0.33279,0.32643,-11.30,-12.44,132.12,0.4158
12573,TRACKING,-0.38399,-0.14640,0.03031,0.17771,0.33623,0.34101,1.43630,-1.08814,0.0068,0.575,1.4414,-1.0926,0.1492,-0.5195,0.33312,0.32779,-11.71,-12.44,132.96,0.4098
12583,TRACKING,-0.38702,-0.14252,0.02618,0.18031,0.33768,0.34192,1.44073,-1.09387,0.0022,0.541,1.4414,-1.0959,0.1492,-0.7360,0.33312,0.32782,-13.26,-12.44,132.53,0.4127
12593,TRACKING,-0.38787,-0.15880,0.02527,0.16425,0.33800,0.33630,1.44560,-1.08292,0.0073,0.555,1.4414,-1.0889,0.1492,-0.0982,0.33317,0.32800,-13.23,-12.44,131.57,0.4194
12603,TRACKING,-0.38617,-0.15630,0.02768,0.17056,0.33715,0.33851,1.44118,-1.08418,0.0011,0.514,1.4414,-1.0852,0.1390,-0.0131,0.33289,0.32633,-10.65,-12.47,132.27,0.4148
12613,TRACKING,-0.38198,-0.14337,0.03027,0.18328,0.33625,0.34296,1.43502,-1.09265,0.0080,0.648,1.4380,-1.0852,0.1623,-0.7350,0.33177,0.32612,-9.98,-9.97,133.28,0.4079
12623,TRACKING,-0.38309,-0.14251,0.03111,0.17872,0.33595,0.34136,1.43608,-1.08783,0.0045,0.539,1.4380,-1.0919,0.1774,-1.1951,0.33178,0.32711,-9.54,-8.85,132.99,0.4087
12633,TRACKING,-0.37448,-0.14243,0.04274,0.18145,0.33188,0.34232,1.42011,-1.07594,0.0127,0.754,1.4256,-1.0812,0.1774,-0.4984,0.33132,0.32633,-9.03,-10.00,134.75,0.3968
12643,TRACKING,-0.37114,-0.13811,0.04075,0.18704,0.33257,0.34427,1.42123,-1.08286,0.0052,0.616,1.4223,-1.0778,0.1875,0.0263,0.32672,0.32621,-7.06,-7.71,134.55,0.3967
12653,TRACKING,-0.37383,-0.14727,0.03834,0.17480,0.33342,0.33999,1.42681,-1.07477,0.0055,0.557,1.4223,-1.0778,0.1875,0.1188,0.32657,0.32601,-8.68,-8.79,133.27,0.4034
12663,TRACKING,-0.37574,-0.14941,0.03589,0.17323,0.33428,0.33944,1.43056,-1.07773,0.0083,0.573,1.4256,-1.0778,0.1835,0.1944,0.32659,0.32612,-10.26,-9.30,132.85,0.4062
12673,TRACKING,-0.37397,-0.14653,0.03848,0.17695,0.33337,0.34074,1.42663,-1.07643,0.0017,0.563,1.4256,-1.0778,0.1835,0.2147,0.32739,0.32530,-7.96,-8.83,133.40,0.4025
12683,TRACKING,-0.37892,-0.14750,0.03081,0.17890,0.33605,0.34143,1.43540,-1.08848,0.0125,0.652,1.4288,-1.0821,0.1755,-0.0876,0.32752,0.32551,-9.81,-10.07,132.84,0.4089
12693,TRACKING,-0.37926,-0.15214,0.03437,0.16889,0.33481,0.33792,1.43361,-1.07583,0.0079,0.710,1.4288,-1.0821,0.1600,-0.0666,0.32873,0.32638,-11.28,-11.35,132.56,0.4093
12703,TRACKING,-0.38084,-0.15257,0.03035,0.16921,0.33621,0.33804,1.43838,-1.08136,0.0096,0.652,1.4326,-1.0821,0.1508,-0.0030,0.32931,0.32757,-13.22,-12.35,131.44,0.4129
12713,TRACKING,-0.38538,-0.16105,0.02759,0.16123,0.33718,0.33524,1.44347,-1.07749,0.0061,0.735,1.4394,-1.0821,0.1406,0.1892,0.33160,0.32557,-14.19,-13.32,131.24,0.4185
12723,TRACKING,-0.38198,-0.16756,0.03269,0.15665,0.33540,0.33364,1.43994,-1.06927,0.0061,0.698,1.4394,-1.0753,0.1353,0.3879,0.33191,0.32463,-14.71,-13.81,131.84,0.4156
12733,TRACKING,-0.38340,-0.16355,0.02920,0.16172,0.33662,0.33541,1.44175,-1.07692,0.0029,1.304,1.4394,-1.0753,0.1227,-0.4639,0.33214,0.32466,-13.31,-14.31,131.87,0.4168
12743,TRACKING,-0.37917,-0.15360,0.03354,0.17042,0.33510,0.33846,1.43416,-1.07839,0.0061,1.084,1.4394,-1.0753,0.1450,-0.9792,0.33225,0.32491,-11.16,-11.67,132.37,0.4095
12753,TRACKING,-0.38375,-0.15085,0.02767,0.17028,0.33716,0.33841,1.44141,-1.08551,0.0036,0.657,1.4394,-1.0825,0.1247,-0.3204,0.33185,0.32426,-14.19,-14.55,131.62,0.4150
12763,TRACKING,-0.38434,-0.15802,0.02787,0.16610,0.33709,0.33695,1.44174,-1.08039,0.0032,0.683,1.4394,-1.0825,0.1247,0.1651,0.33277,0.32709,-15.42,-14.55,131.72,0.4163
12773,TRACKING,-0.38713,-0.15815,0.02500,0.16669,0.33809,0.33715,1.44559,-1.08598,0.0071,0.595,1.4394,-1.0825,0.1100,0.2365,0.33278,0.32719,-15.24,-15.84,131.67,0.4188
12783,TRACKING,-0.38709,-0.15918,0.02744,0.16557,0.33723,0.33676,1.44289,-1.08082,0.0017,0.479,1.4429,-1.0825,0.1100,0.0573,0.33396,0.32732,-15.66,-15.21,132.01,0.4169
12793,TRACKING,-0.38665,-0.15490,0.02607,0.17143,0.33771,0.33881,1.44307,-1.08838,0.0059,0.856,1.4429,-1.0825,0.1054,0.0911,0.33415,0.32760,-17.04,-16.40,132.01,0.4160
12803,TRACKING,-0.38321,-0.15312,0.03157,0.17127,0.33579,0.33876,1.43637,-1.08149,0.0067,0.962,1.4429,-1.0825,0.1107,-0.5947,0.33416,0.32758,-14.45,-14.60,132.70,0.4110
12813,TRACKING,-0.38114,-0.15442,0.03204,0.16895,0.33562,0.33794,1.43749,-1.07907,0.0041,0.536,1.4397,-1.0825,0.1291,-1.0143,0.33305,0.32661,-13.58,-13.20,132.40,0.4114
12823,TRACKING,-0.39400,-0.15336,0.01673,0.17005,0.33984,0.33833,1.45086,-1.09481,0.0091,0.632,1.4431,-1.0901,0.1132,-0.0464,0.33308,0.32787,-15.53,-15.60,130.61,0.4252
12833,TRACKING,-0.39314,-0.16840,0.01997,0.15499,0.33984,0.33306,1.45400,-1.08218,0.0106,0.623,1.4469,-1.0901,0.1132,0.2300,0.33529,0.32817,-15.18,-15.60,130.07,0.4279
12843,TRACKING,-0.39245,-0.16137,0.02021,0.16239,0.33977,0.33565,1.45144,-1.08656,0.0058,0.547,1.4469,-1.0901,0.1132,0.2438,0.33532,0.32817,-15.52,-15.60,130.49,0.4248
12853,TRACKING,-0.38592,-0.16558,0.02817,0.15804,0.33698,0.33412,1.44556,-1.07639,0.0074,0.729,1.4469,-1.0837,0.1091,0.2499,0.33483,0.32613,-14.92,-16.02,131.28,0.4192
12863,TRACKING,-0.38982,-0.15830,0.02275,0.16723,0.33888,0.33734,1.44821,-1.08918,0.0057,0.862,1.4469,-1.0837,0.1091,-0.1103,0.33494,0.32632,-14.66,-15.54,131.36,0.4207
12873,TRACKING,-0.38924,-0.15397,0.02397,0.17117,0.33845,0.33872,1.44571,-1.09077,0.0037,0.682,1.4469,-1.0873,0.1091,0.1875,0.33513,0.32710,-14.67,-15.54,132.01,0.4181
12883,TRACKING,-0.38508,-0.14945,0.03009,0.17408,0.33631,0.33974,1.43747,-1.08552,0.0096,0.619,1.4431,-1.0873,0.1058,-0.2878,0.33531,0.32774,-14.00,-15.06,132.78,0.4113
12893,TRACKING,-0.38607,-0.16134,0.02526,0.16090,0.33800,0.33513,1.44631,-1.07983,0.0048,0.961,1.4431,-1.0834,0.1109,-0.5848,0.33432,0.32796,-13.80,-14.62,131.02,0.4207
12903,TRACKING,-0.37332,-0.15503,0.04058,0.17035,0.33264,0.33843,1.42553,-1.06972,0.0064,0.597,1.4314,-1.0723,0.1761,-0.4925,0.33130,0.32479,-8.13,-8.98,133.53,0.4030
12913,TRACKING,-0.37386,-0.15428,0.03751,0.16666,0.33371,0.33714,1.43041,-1.06976,0.0033,0.636,1.4282,-1.0723,0.2024,0.0902,0.32693,0.32142,-8.01,-7.74,132.62,0.4072
12923,TRACKING,-0.37633,-0.15948,0.03421,0.16602,0.33486,0.33692,1.43447,-1.07411,0.0082,0.899,1.4282,-1.0689,0.1819,0.2290,0.32648,0.32026,-9.36,-9.54,132.37,0.4105
12933,TRACKING,-0.37506,-0.16331,0.03810,0.16025,0.33350,0.33490,1.43156,-1.06458,0.0055,0.559,1.4282,-1.0689,0.1768,0.3005,0.32770,0.32309,-9.86,-10.04,132.50,0.4092
12943,TRACKING,-0.38105,-0.16556,0.03186,0.15919,0.33569,0.33453,1.43917,-1.07167,0.0051,0.925,1.4349,-1.0689,0.1624,0.2731,0.32819,0.32201,-11.46,-11.12,131.80,0.4153
12953,TRACKING,-0.38051,-0.16645,0.03414,0.15668,0.33489,0.33365,1.43756,-1.06693,0.0059,0.696,1.4349,-1.0722,0.1473,0.4096,0.32986,0.32219,-11.75,-12.50,131.88,0.4143
12963,TRACKING,-0.37261,-0.15780,0.04159,0.16847,0.33228,0.33777,1.42477,-1.06700,0.0064,2.173,1.4308,-1.0689,0.1424,0.0084,0.33020,0.32338,-11.59,-12.57,133.63,0.4028
12973,TRACKING,-0.37303,-0.15920,0.04093,0.16380,0.33251,0.33614,1.42679,-1.06413,0.0063,0.834,1.4308,-1.0689,0.1475,-0.5791,0.32914,0.32379,-11.20,-11.32,133.28,0.4052
12983,TRACKING,-0.38978,-0.16639,0.01779,0.15772,0.33984,0.33402,1.45409,-1.08521,0.0104,0.587,1.4477,-1.0803,0.1163,0.2079,0.32916,0.32350,-14.58,-15.35,130.07,0.4289
12993,TRACKING,-0.40345,-0.16157,0.00848,0.16369,0.33984,0.33610,1.45250,-1.08984,0.0077,0.716,1.4477,-1.0839,0.1116,0.2803,0.33466,0.32460,-13.68,-14.60,129.60,0.4352
13003,TRACKING,-0.38232,-0.16505,0.03352,0.15709,0.33511,0.33379,1.43770,-1.06800,0.0097,0.649,1.4442,-1.0752,0.1439,0.2792,0.33480,0.32538,-12.11,-11.64,131.85,0.4147
13013,TRACKING,-0.38153,-0.16601,0.03005,0.15758,0.33632,0.33397,1.44156,-1.07116,0.0013,0.566,1.4404,-1.0718,0.1439,0.2495,0.33174,0.32164,-11.07,-11.64,131.40,0.4176
13023,TRACKING,-0.37884,-0.16801,0.03423,0.15805,0.33486,0.33413,1.43757,-1.06753,0.0030,0.586,1.4404,-1.0684,0.1386,0.2727,0.33141,0.32170,-12.44,-13.52,132.01,0.4136
13033,TRACKING,-0.38227,-0.17123,0.02999,0.15221,0.33634,0.33209,1.44294,-1.06714,0.0028,1.796,1.4404,-1.0684,0.1193,0.3015,0.33130,0.32095,-16.25,-15.35,131.26,0.4199
13043,TRACKING,-0.38587,-0.16300,0.02691,0.16210,0.33742,0.33555,1.44445,-1.08003,0.0055,0.570,1.4404,-1.0762,0.1157,0.4034,0.33273,0.32529,-14.29,-15.35,131.43,0.4188
13053,TRACKING,-0.38114,-0.15758,0.03417,0.17054,0.33488,0.33850,1.43336,-1.07771,0.0072,0.792,1.4404,-1.0762,0.1208,0.2712,0.33280,0.32546,-11.48,-13.71,133.56,0.4088
13063,TRACKING,-0.37609,-0.14431,0.03726,0.18083,0.33380,0.34210,1.42701,-1.08212,0.0087,1.131,1.4334,-1.0762,0.1501,-0.0520,0.33039,0.32517,-11.12,-11.28,133.88,0.4022
13073,TRACKING,-0.38283,-0.16022,0.02939,0.16376,0.33655,0.33613,1.43985,-1.07643,0.0072,0.771,1.4334,-1.0798,0.1261,0.3146,0.33080,0.32687,-15.53,-14.59,131.75,0.4158
13083,TRACKING,-0.38344,-0.15887,0.03047,0.16556,0.33617,0.33676,1.43900,-1.07715,0.0034,0.555,1.4369,-1.0798,0.1261,0.1982,0.33195,0.32697,-14.92,-14.59,132.32,0.4141
13093,TRACKING,-0.38045,-0.15449,0.03303,0.17012,0.33528,0.33835,1.43547,-1.07807,0.0022,0.759,1.4369,-1.0798,0.1298,0.0520,0.33188,0.32669,-12.55,-13.08,132.80,0.4100
13103,TRACKING,-0.38122,-0.14764,0.03181,0.17692,0.33571,0.34073,1.43466,-1.08567,0.0063,0.593,1.4369,-1.0798,0.1298,-0.4778,0.33186,0.32666,-12.91,-13.08,132.97,0.4087
13113,TRACKING,-0.37726,-0.15351,0.04036,0.16944,0.33271,0.33811,1.42603,-1.06927,0.0151,0.619,1.4325,-1.0756,0.1637,-0.9428,0.33154,0.32601,-6.66,-8.90,133.82,0.4035
13123,TRACKING,-0.37925,-0.14924,0.03420,0.17415,0.33487,0.33976,1.43246,-1.07914,0.0005,0.565,1.4325,-1.0796,0.1716,-0.9875,0.32912,0.32321,-10.78,-10.33,133.32,0.4075
13133,TRACKING,-0.38355,-0.15541,0.02936,0.16840,0.33656,0.33775,1.43980,-1.08193,0.0076,0.798,1.4325,-1.0796,0.1666,-1.0018,0.32960,0.32493,-11.44,-10.27,132.22,0.4141
13143,TRACKING,-0.38688,-0.14866,0.02746,0.17467,0.33723,0.33995,1.43981,-1.08743,0.0045,0.493,1.4363,-1.0902,0.1666,-0.9711,0.33039,0.32498,-11.90,-10.77,132.74,0.4136
13153,TRACKING,-0.38209,-0.15409,0.02991,0.16696,0.33637,0.33725,1.43980,-1.08003,0.0078,0.673,1.4363,-1.0870,0.1552,-0.7595,0.33139,0.32752,-13.97,-12.23,131.54,0.4141
13163,TRACKING,-0.38775,-0.16137,0.02410,0.15925,0.33840,0.33455,1.44729,-1.07938,0.0084,0.585,1.4401,-1.0837,0.1237,-0.4150,0.33155,0.32704,-15.81,-14.99,130.85,0.4225
13173,TRACKING,-0.38942,-0.16165,0.02331,0.16406,0.33868,0.33623,1.44834,-1.08602,0.0023,0.653,1.4482,-1.0837,0.1199,-0.8234,0.33472,0.32514,-14.67,-14.56,131.42,0.4213
13183,TRACKING,-0.39086,-0.16234,0.02103,0.16283,0.33948,0.33580,1.45146,-1.08788,0.0053,3.834,1.4482,-1.0837,0.1199,-0.1574,0.33485,0.32508,-16.01,-15.07,131.06,0.4239
13193,TRACKING,-0.39338,-0.15984,0.01859,0.16303,0.33984,0.33587,1.45267,-1.08932,0.0071,0.594,1.4482,-1.0837,0.1199,-0.1063,0.33485,0.32503,-14.83,-15.07,130.50,0.4261
13203,TRACKING,-0.39379,-0.15892,0.01968,0.16415,0.33984,0.33626,1.45238,-1.09019,0.0051,0.779,1.4482,-1.0872,0.1235,-0.0981,0.33474,0.32486,-13.97,-14.09,130.87,0.4247
13213,TRACKING,-0.39243,-0.16217,0.01905,0.16437,0.33984,0.33634,1.45232,-1.09036,0.0052,0.635,1.4482,-1.0872,0.1235,-0.0539,0.33500,0.32584,-13.59,-14.09,130.89,0.4252
13223,TRACKING,-0.39733,-0.16134,0.01434,0.16329,0.33984,0.33596,1.45260,-1.08953,0.0050,0.597,1.4482,-1.0872,0.1235,-0.0404,0.33501,0.32591,-14.20,-14.57,130.46,0.4299
13233,TRACKING,-0.40656,-0.16162,0.00532,0.16328,0.33984,0.33596,1.45261,-1.08951,0.0050,0.686,1.4482,-1.0872,0.1235,-0.2299,0.33499,0.32579,-14.36,-14.57,129.45,0.4383
13243,TRACKING,-0.40609,-0.15994,0.00733,0.16523,0.33984,0.33664,1.45210,-1.09103,0.0055,0.602,1.4482,-1.0872,0.1235,-0.1370,0.33500,0.32586,-12.96,-14.01,129.69,0.4357
13253,TRACKING,-0.40643,-0.16537,0.00610,0.15722,0.33984,0.33384,1.45315,-1.08304,0.0064,0.559,1.4482,-1.0872,0.1235,-0.1206,0.33499,0.32581,-14.62,-14.08,128.85,0.4398
13263,TRACKING,-0.40612,-0.16791,0.00709,0.15594,0.33984,0.33339,1.45357,-1.08226,0.0073,0.665,1.4482,-1.0872,0.1235,-0.2387,0.33501,0.32597,-14.74,-14.08,129.16,0.4394
13273,TRACKING,-0.40534,-0.16916,0.00676,0.15563,0.33984,0.33328,1.45367,-1.08207,0.0075,0.567,1.4482,-1.0872,0.1235,-0.1869,0.33499,0.32580,-12.66,-13.51,129.06,0.4398
13283,TRACKING,-0.40947,-0.16633,0.00082,0.15807,0.33984,0.33414,1.45288,-1.08356,0.0059,0.562,1.4482,-1.0872,0.1284,-0.4803,0.33489,0.32560,-12.66,-13.06,128.20,0.4444
13293,TRACKING,-0.40658,-0.17169,0.00785,0.15178,0.33984,0.33194,1.45493,-1.07972,0.0100,0.813,1.4482,-1.0872,0.1333,-0.4506,0.33466,0.32510,-12.94,-12.61,128.93,0.4403
13303,TRACKING,-0.39415,-0.16125,0.02363,0.16459,0.33857,0.33642,1.44783,-1.08482,0.0024,0.559,1.4482,-1.0872,0.1521,-0.3207,0.33466,0.32511,-9.77,-10.72,131.50,0.4208
13313,TRACKING,-0.38321,-0.15455,0.03150,0.16959,0.33582,0.33817,1.43688,-1.08025,0.0103,0.586,1.4445,-1.0872,0.1603,-0.3463,0.33370,0.32301,-10.71,-10.27,132.73,0.4117
13323,TRACKING,-0.38390,-0.15784,0.03079,0.16807,0.33606,0.33764,1.43814,-1.07993,0.0096,0.612,1.4445,-1.0872,0.1603,-0.2876,0.33291,0.32401,-9.69,-10.27,132.88,0.4129
13333,TRACKING,-0.38505,-0.15520,0.02549,0.16972,0.33792,0.33821,1.44421,-1.08775,0.0051,0.849,1.4412,-1.0837,0.1603,-0.3267,0.33198,0.32411,-11.24,-10.27,131.78,0.4172
13343,TRACKING,-0.39350,-0.15844,0.01626,0.16483,0.33984,0.33650,1.45220,-1.09073,0.0096,0.965,1.4457,-1.0837,0.1512,-0.2827,0.33268,0.32282,-11.51,-12.12,131.02,0.4276
13353,TRACKING,-0.39313,-0.16432,0.02222,0.15859,0.33906,0.33432,1.45059,-1.08147,0.0028,0.674,1.4489,-1.0837,0.1512,-0.2577,0.33319,0.32334,-10.96,-12.12,130.71,0.4244
13363,TRACKING,-0.39512,-0.16520,0.01435,0.15878,0.33984,0.33439,1.45380,-1.08603,0.0054,0.652,1.4489,-1.0837,0.1512,-0.1387,0.33383,0.32219,-11.99,-12.12,129.91,0.4316
13373,TRACKING,-0.40125,-0.16582,0.01048,0.15934,0.33984,0.33458,1.45366,-1.08645,0.0055,0.693,1.4489,-1.0837,0.1512,-0.1854,0.33383,0.32214,-11.66,-12.12,129.54,0.4350
13383,TRACKING,-0.40196,-0.16631,0.01091,0.15583,0.33984,0.33335,1.45461,-1.08375,0.0057,0.760,1.4489,-1.0837,0.1547,-0.2267,0.33383,0.32218,-10.01,-10.87,129.16,0.4359
13393,LOST_SHORT,-0.39617,-0.16930,0.02092,0.15413,0.33952,0.33276,1.45310,-1.07974,0.0058,0.696,1.4489,-1.0837,0.1722,-0.1909,0.33355,0.32167,0.00,-8.89,131.33,0.0000
13403,TRACKING,-0.38904,-0.16932,0.02373,0.15508,0.33853,0.33309,1.45008,-1.07741,0.0031,0.582,1.4489,-1.0803,0.1816,-0.2706,0.33238,0.31868,-8.42,-8.46,130.58,0.4244
13413,TRACKING,-0.38949,-0.17318,0.02271,0.15122,0.33889,0.33174,1.45218,-1.07583,0.0056,0.509,1.4489,-1.0803,0.1816,-0.2589,0.33233,0.31852,-8.33,-8.46,130.31,0.4269
13423,LOST_SHORT,-0.39213,-0.17184,0.01873,0.15562,0.33984,0.33328,1.45466,-1.08359,0.0066,0.734,1.4489,-1.0803,0.1816,-0.1804,0.33235,0.31861,0.00,-9.12,129.47,0.0000
13433,TRACKING,-0.40094,-0.16820,0.01196,0.15636,0.33984,0.33354,1.45446,-1.08416,0.0068,0.912,1.4489,-1.0803,0.1765,-0.1114,0.33248,0.31883,-9.15,-10.08,129.62,0.4348
13443,TRACKING,-0.39813,-0.17319,0.01442,0.15087,0.33984,0.33162,1.45598,-1.07995,0.0071,0.601,1.4489,-1.0803,0.1765,-0.1703,0.33255,0.31900,-9.08,-9.61,129.35,0.4347
13453,TRACKING,-0.39599,-0.16755,0.01915,0.15696,0.33984,0.33375,1.45430,-1.08462,0.0069,0.602,1.4489,-1.0803,0.1843,-0.1904,0.33243,0.31886,-7.18,-8.10,130.58,0.4279
13463,TRACKING,-0.39418,-0.16995,0.01769,0.15388,0.33984,0.33267,1.45514,-1.08225,0.0065,0.685,1.4489,-1.0803,0.1843,-0.1948,0.33223,0.31835,-8.10,-8.10,129.69,0.4305
13473,TRACKING,-0.39631,-0.16822,0.01676,0.15720,0.33984,0.33383,1.45423,-1.08480,0.0070,0.640,1.4489,-1.0803,0.1996,-0.1542,0.33183,0.31759,-8.22,-7.45,130.29,0.4300
13483,LOST_SHORT,-0.39814,-0.17076,0.01407,0.15407,0.33984,0.33274,1.45509,-1.08240,0.0065,0.576,1.4489,-1.0803,0.1996,-0.2471,0.33159,0.31708,0.00,-7.45,130.93,0.0000
13493,TRACKING,-0.40081,-0.16947,0.01232,0.15542,0.33984,0.33321,1.45472,-1.08343,0.0066,0.614,1.4489,-1.0803,0.1996,-0.2425,0.33159,0.31706,-6.72,-7.45,129.55,0.4348
13503,TRACKING,-0.40359,-0.16864,0.00924,0.15429,0.33984,0.33281,1.45503,-1.08257,0.0065,0.846,1.4489,-1.0803,0.1996,-0.2249,0.33159,0.31713,-8.70,-7.89,128.90,0.4381
13513,TRACKING,-0.40259,-0.17078,0.01108,0.15350,0.33984,0.33254,1.45524,-1.08196,0.0066,0.616,1.4489,-1.0803,0.1996,-0.2040,0.33159,0.31710,-7.08,-7.89,129.37,0.4367
13523,TRACKING,-0.40658,-0.16708,0.00349,0.15688,0.33984,0.33372,1.45432,-1.08456,0.0069,0.668,1.4489,-1.0803,0.1996,-0.1686,0.33159,0.31713,-7.74,-7.89,128.39,0.4424
13533,TRACKING,-0.40610,-0.17001,0.00681,0.15257,0.33984,0.33221,1.45550,-1.08125,0.0067,1.542,1.4489,-1.0803,0.1996,-0.2437,0.33159,0.31705,-8.10,-7.89,128.55,0.4410
13543,TRACKING,-0.40211,-0.17296,0.01119,0.15040,0.33984,0.33145,1.45611,-1.07959,0.0072,0.615,1.4489,-1.0803,0.1996,-0.2663,0.33159,0.31709,-8.16,-7.89,128.90,0.4378
13553,TRACKING,-0.40359,-0.17098,0.00961,0.15381,0.33984,0.33265,1.45516,-1.08220,0.0065,0.537,1.4489,-1.0803,0.1996,-0.2216,0.33159,0.31708,-7.61,-7.89,128.93,0.4379
13563,TRACKING,-0.40250,-0.17003,0.00966,0.15329,0.33984,0.33246,1.45530,-1.08180,0.0066,0.594,1.4489,-1.0803,0.1996,-0.2090,0.33159,0.31707,-7.22,-7.45,128.84,0.4381
13573,TRACKING,-0.40779,-0.16427,0.00307,0.16128,0.33984,0.33526,1.45314,-1.08796,0.0087,0.798,1.4489,-1.0803,0.1996,-0.1889,0.33160,0.31721,-6.48,-6.81,128.53,0.4411
13583,TRACKING,-0.41297,-0.16341,-0.00010,0.15983,0.33984,0.33475,1.45352,-1.08684,0.0055,1.137,1.4489,-1.0839,0.1996,-0.1823,0.33189,0.31820,-5.82,-6.81,128.07,0.4446
13593,TRACKING,-0.41576,-0.16079,-0.00255,0.16273,0.33984,0.33577,1.45275,-1.08909,0.0065,0.615,1.4489,-1.0839,0.1996,-0.0857,0.33192,0.31831,-6.90,-6.81,128.32,0.4458
13603,TRACKING,-0.41372,-0.16949,-0.00039,0.15315,0.33984,0.33241,1.45420,-1.07989,0.0067,0.559,1.4489,-1.0839,0.1996,-0.2943,0.33191,0.31826,-6.80,-6.81,127.76,0.4474
13613,TRACKING,-0.41290,-0.16490,0.00028,0.15791,0.33984,0.33408,1.45404,-1.08535,0.0053,0.564,1.4489,-1.0839,0.2332,-0.4843,0.33164,0.31774,-3.29,-3.59,128.26,0.4450
13623,TRACKING,-0.40937,-0.15806,0.00449,0.16675,0.33984,0.33718,1.45170,-1.09222,0.0058,0.594,1.4489,-1.0871,0.2332,-0.3857,0.33049,0.31567,-4.83,-4.02,129.49,0.4378
13633,LOST_SHORT,-0.41765,-0.16728,-0.00958,0.15502,0.33984,0.33307,1.45399,-1.08177,0.0074,0.549,1.4489,-1.0871,0.2332,-0.2774,0.33076,0.31661,0.00,-4.02,129.47,0.0000
13643,TRACKING,-0.43520,-0.16698,-0.02763,0.15387,0.34251,0.33267,1.46446,-1.09176,0.0118,2.079,1.4579,-1.0871,0.2332,-0.6984,0.33076,0.31662,-5.01,-4.65,124.57,0.4724
13653,TRACKING,-0.44110,-0.18143,-0.02613,0.13780,0.34198,0.32704,1.46743,-1.07790,0.0092,0.585,1.4647,-1.0831,0.2332,-1.1756,0.33345,0.31366,-5.00,-4.65,124.44,0.4771
13663,TRACKING,-0.44209,-0.18931,-0.03166,0.13745,0.34392,0.32692,1.47406,-1.08440,0.0105,0.604,1.4684,-1.0797,0.2372,-1.4939,0.33339,0.31013,-2.07,-3.39,123.48,0.4823
13673,TRACKING,-0.44743,-0.17190,-0.03492,0.15540,0.34506,0.33320,1.47294,-1.10208,0.0078,0.591,1.4718,-1.0943,0.2468,-1.4939,0.33460,0.30829,-2.11,-2.37,124.32,0.4787
13683,TRACKING,-0.44934,-0.15673,-0.03423,0.16852,0.34482,0.33779,1.46960,-1.11107,0.0082,0.641,1.4756,-1.1166,0.2557,-1.4939,0.33752,0.31362,-4.40,-2.71,125.47,0.4736
13693,TRACKING,-0.45143,-0.18217,-0.03789,0.14180,0.34610,0.32844,1.47977,-1.09405,0.0048,0.649,1.4798,-1.0988,0.2108,-0.9138,0.33778,0.31381,-5.24,-6.34,123.35,0.4864
13703,TRACKING,-0.45016,-0.17707,-0.03713,0.14778,0.34583,0.33053,1.47773,-1.09905,0.0041,0.670,1.4798,-1.0954,0.2440,-1.4808,0.33792,0.31001,-1.62,-2.71,123.84,0.4835
13713,TRACKING,-0.45112,-0.18216,-0.03811,0.14114,0.34618,0.32821,1.48082,-1.09530,0.0011,0.653,1.4798,-1.0954,0.2573,-1.4931,0.33653,0.30761,-1.29,-1.68,123.15,0.4869
13723,TRACKING,-0.45040,-0.18154,-0.03657,0.14451,0.34564,0.32939,1.47798,-1.09588,0.0018,0.574,1.4798,-1.0954,0.2573,-1.4931,0.33627,0.30711,-1.91,-1.68,123.76,0.4842
13733,TRACKING,-0.44306,-0.17861,-0.03128,0.14530,0.34379,0.32967,1.47124,-1.08867,0.0039,0.799,1.4730,-1.0922,0.2573,-1.4931,0.33541,0.30725,-2.21,-2.22,123.95,0.4790
13743,TRACKING,-0.43746,-0.17756,-0.02293,0.14566,0.34087,0.32979,1.46226,-1.08000,0.0064,0.673,1.4661,-1.0851,0.2573,-1.4931,0.33468,0.30842,-0.71,-1.62,125.19,0.4711
13753,TRACKING,-0.43056,-0.17661,-0.01723,0.14657,0.33984,0.33011,1.45892,-1.07785,0.0081,2.231,1.4624,-1.0851,0.2615,-1.4931,0.33208,0.30895,-1.65,-1.18,125.89,0.4655
13763,TRACKING,-0.43518,-0.17410,-0.02254,0.15296,0.34073,0.33235,1.45850,-1.08471,0.0087,0.676,1.4624,-1.0770,0.2615,-1.4931,0.33106,0.30676,-1.56,-1.20,126.10,0.4680
13773,TRACKING,-0.43616,-0.17737,-0.02314,0.14492,0.34094,0.32953,1.46142,-1.07814,0.0024,0.762,1.4624,-1.0803,0.2615,-1.4931,0.33103,0.30674,-2.86,-1.78,124.99,0.4716
13783,TRACKING,-0.43879,-0.17276,-0.02337,0.15249,0.34102,0.33218,1.45996,-1.08450,0.0037,0.604,1.4624,-1.0872,0.2689,-1.4931,0.33169,0.30886,0.43,-0.51,125.76,0.4690
13793,TRACKING,-0.40842,-0.14554,0.01526,0.18772,0.33984,0.34451,1.44657,-1.10888,0.0143,0.575,1.4516,-1.1019,0.3057,-1.4931,0.33022,0.30917,3.45,2.74,133.59,0.4205
13803,TRACKING,-0.37133,-0.11549,0.04496,0.21092,0.33110,0.35263,1.41086,-1.09744,0.0109,0.880,1.4180,-1.1024,0.3276,-1.4931,0.32617,0.32105,4.56,4.73,136.68,0.3851
13813,TRACKING,-0.36804,-0.10936,0.04587,0.21440,0.33079,0.35385,1.40905,-1.09927,0.0065,0.575,1.4147,-1.1024,0.3276,-1.4931,0.32102,0.32541,4.95,4.73,137.00,0.3832
13823,TRACKING,-0.37141,-0.12513,0.04048,0.19914,0.33267,0.34851,1.41841,-1.09137,0.0043,0.740,1.4147,-1.0937,0.3276,-1.4931,0.32045,0.32334,4.07,4.30,135.56,0.3930
13833,LOST_SHORT,-0.36943,-0.12329,0.04471,0.20088,0.33119,0.34912,1.41441,-1.08939,0.0043,0.515,1.4147,-1.0937,0.3276,-1.4931,0.32025,0.32262,0.00,4.30,136.05,0.0000
13843,LOST_SHORT,-0.36411,-0.12866,0.05122,0.19291,0.32891,0.34633,1.40698,-1.07497,0.0084,0.622,1.4099,-1.0829,0.3276,-1.4931,0.31839,0.32070,0.00,4.30,136.33,0.0000
13853,TRACKING,-0.36162,-0.13158,0.04838,0.19334,0.32991,0.34648,1.41039,-1.07874,0.0068,0.605,1.4052,-1.0744,0.3276,-1.4931,0.31731,0.31971,3.95,4.30,135.23,0.3874
13863,TRACKING,-0.37150,-0.12894,0.04192,0.19526,0.33217,0.34715,1.41793,-1.08815,0.0037,0.595,1.4162,-1.0849,0.3235,-1.4931,0.31883,0.32029,2.93,3.28,135.38,0.3929
13873,LOST_SHORT,-0.37450,-0.12851,0.04186,0.19148,0.33219,0.34583,1.42036,-1.08595,0.0071,0.589,1.4200,-1.0930,0.3235,-1.4931,0.32104,0.32065,0.00,3.28,135.20,0.0000
13883,LOST_SHORT,-0.37325,-0.13285,0.04329,0.18910,0.33169,0.34500,1.41928,-1.08226,0.0060,0.550,1.4200,-1.0882,0.3191,-1.4931,0.32123,0.31980,0.00,2.85,134.30,0.0000
13893,TRACKING,-0.37295,-0.13202,0.03873,0.19586,0.33328,0.34736,1.42172,-1.09251,0.0102,0.656,1.4200,-1.0865,0.3191,-1.4931,0.32115,0.31944,4.19,3.32,135.17,0.3957
13903,TRACKING,-0.37377,-0.13531,0.03941,0.18760,0.33304,0.34447,1.42271,-1.08378,0.0039,0.613,1.4200,-1.0865,0.3191,-1.4931,0.32105,0.31909,4.46,3.32,134.18,0.3978
13913,LOST_SHORT,-0.37347,-0.13589,0.03932,0.18981,0.33308,0.34525,1.42213,-1.08526,0.0025,0.854,1.4200,-1.0865,0.3191,-1.4931,0.32106,0.31915,0.00,3.32,135.17,0.0000
13923,LOST_SHORT,-0.38121,-0.13337,0.03235,0.19167,0.33552,0.34590,1.43050,-1.09688,0.0045,0.630,1.4279,-1.0932,0.3191,-1.4931,0.32149,0.31823,0.00,3.32,134.88,0.0000
13933,LOST_SHORT,-0.37827,-0.13530,0.03187,0.18993,0.33568,0.34529,1.43149,-1.09606,0.0113,0.729,1.4246,-1.0907,0.3191,-1.4931,0.32176,0.31679,0.00,3.32,134.23,0.0000
13943,TRACKING,-0.37524,-0.13633,0.03793,0.18966,0.33356,0.34519,1.42411,-1.08843,0.0013,0.602,1.4246,-1.0872,0.3191,-1.4931,0.32231,0.31892,1.81,2.85,133.42,0.3985
13953,LOST_SHORT,-0.37514,-0.13227,0.04115,0.19140,0.33244,0.34580,1.41975,-1.08593,0.0079,0.626,1.4246,-1.0922,0.3191,-1.4931,0.32232,0.31898,0.00,2.85,135.16,0.0000
13963,LOST_SHORT,-0.37341,-0.13995,0.03743,0.18499,0.33374,0.34356,1.42580,-1.08525,0.0061,0.681,1.4246,-1.0792,0.2878,-0.9873,0.32262,0.31827,0.00,0.07,135.23,0.0000
13973,LOST_SHORT,-0.37181,-0.14170,0.04651,0.18149,0.33056,0.34233,1.41546,-1.07140,0.0120,0.561,1.4209,-1.0792,0.2826,-0.7244,0.32305,0.31814,0.00,-0.10,134.20,0.0000
13983,LOST_SHORT,-0.37676,-0.14615,0.03386,0.17777,0.33499,0.34103,1.43193,-1.08383,0.0110,0.665,1.4243,-1.0759,0.2794,-0.8953,0.32256,0.31800,0.00,-0.57,134.66,0.0000
13993,LOST_SHORT,-0.37676,-0.14615,0.03386,0.17777,0.33499,0.34103,1.43193,-1.08383,0.0110,0.665,1.4243,-1.0759,0.2794,-0.8953,0.32286,0.31743,0.00,-0.57,130.71,0.0000
14003,LOST_LONG,-0.37676,-0.14615,0.03386,0.17777,0.33499,0.34103,1.43193,-1.08383,0.0110,0.665,1.4243,-1.0759,0.2794,-0.8953,0.32286,0.31743,0.00,-0.57,104.91,0.0000
14013,TRACKING,0.00575,-0.69636,0.41886,-0.37237,0.20024,0.16248,1.28857,-0.35053,0.7096,0.848,1.3902,-0.7640,0.1614,-0.5171,0.32285,0.31740,0.00,0.00,100.60,0.6964
14023,LOST_SHORT,0.14300,-0.58324,0.71637,-0.21046,0.20000,0.21915,1.09141,-0.41324,0.1892,1.075,1.1966,-0.4560,0.1384,-1.3726,0.31611,0.29043,0.00,-13.39,98.66,0.0000
14033,LOST_SHORT,0.14300,-0.58324,0.71637,-0.21046,0.20000,0.21915,1.09141,-0.41324,0.1892,1.075,1.1966,-0.4560,0.1384,-1.3726,0.27881,0.28428,0.00,-13.39,51.37,0.0000
14043,LOST_LONG,0.14300,-0.58324,0.71637,-0.21046,0.20000,0.21915,1.09141,-0.41324,0.1892,1.075,1.1966,-0.4560,0.1384,-1.3726,0.24500,0.26257,0.00,-13.39,92.09,0.0000
14053,LOST_LONG,0.14300,-0.58324,0.71637,-0.21046,0.20000,0.21915,1.09141,-0.41324,0.1892,1.075,1.4014,-0.8118,0.0462,-0.4579,0.22418,0.22109,0.00,-13.39,67.45,0.0000
14063,LOST_LONG,0.14300,-0.58324,0.71637,-0.21046,0.20000,0.21915,1.09141,-0.41324,0.1892,1.075,1.4926,-0.9785,0.0117,-0.0294,0.27218,0.23399,0.00,-13.39,0.00,0.0000
14073,LOST_LONG,0.14300,-0.58324,0.71637,-0.21046,0.20000,0.21915,1.09141,-0.41324,0.1892,1.075,1.4926,-0.9785,0.0117,-0.0129,0.31201,0.23658,0.00,-13.39,0.00,0.0000
14083,LOST_LONG,0.14300,-0.58324,0.71637,-0.21046,0.20000,0.21915,1.09141,-0.41324,0.1892,1.075,1.4926,-0.9785,0.0117,-0.0129,0.33329,0.27776,0.00,-13.39,0.00,0.0000
14093,LOST_LONG,0.14300,-0.58324,0.71637,-0.21046,0.20000,0.21915,1.09141,-0.41324,0.1892,1.075,1.4926,-0.9785,0.0117,-0.0129,0.33610,0.28482,0.00,-13.39,0.00,0.0000
14103,LOST_LONG,0.14300,-0.58324,0.71637,-0.21046,0.20000,0.21915,1.09141,-0.41324,0.1892,1.075,1.4926,-0.9785,0.0117,-0.0129,0.33611,0.28485,0.00,-13.39,0.00,0.0000
14113,LOST_LONG,0.14300,-0.58324,0.71637,-0.21046,0.20000,0.21915,1.09141,-0.41324,0.1892,1.075,1.4926,-0.9785,0.0117,-0.0129,0.33610,0.28481,0.00,-13.39,0.00,0.0000
14123,LOST_LONG,0.14300,-0.58324,0.71637,-0.21046,0.20000,0.21915,1.09141,-0.41324,0.1892,1.075,1.4926,-0.9785,0.0117,-0.0129,0.33612,0.28491,0.00,-13.39,0.00,0.0000
14133,LOST_LONG,0.14300,-0.58324,0.71637,-0.21046,0.20000,0.21915,1.09141,-0.41324,0.1892,1.075,1.4926,-0.9785,0.0117,-0.0129,0.33610,0.28481,0.00,-13.39,0.00,0.0000
14143,LOST_LONG,0.14300,-0.58324,0.71637,-0.21046,0.20000,0.21915,1.09141,-0.41324,0.1892,1.075,1.4926,-0.9785,0.0117,-0.0129,0.33611,0.28487,0.00,-13.39,0.00,0.0000
14153,LOST_LONG,0.14300,-0.58324,0.71637,-0.21046,0.20000,0.21915,1.09141,-0.41324,0.1892,1.075,1.4926,-0.9785,0.0117,-0.0129,0.33610,0.28483,0.00,-13.39,0.00,0.0000
14163,LOST_LONG,0.14300,-0.58324,0.71637,-0.21046,0.20000,0.21915,1.09141,-0.41324,0.1892,1.075,1.4926,-0.9785,0.0117,-0.0129,0.33612,0.28491,0.00,-13.39,0.00,0.0000
14173,LOST_LONG,0.14300,-0.58324,0.71637,-0.21046,0.20000,0.21915,1.09141,-0.41324,0.1892,1.075,1.4926,-0.9785,0.0117,-0.0129,0.33610,0.28482,0.00,-13.39,0.00,0.0000
14183,LOST_LONG,0.14300,-0.58324,0.71637,-0.21046,0.20000,0.21915,1.09141,-0.41324,0.1892,1.075,1.4926,-0.9785,0.0117,-0.0129,0.33611,0.28487,0.00,-13.39,0.00,0.0000
14193,LOST_LONG,0.14300,-0.58324,0.71637,-0.21046,0.20000,0.21915,1.09141,-0.41324,0.1892,1.075,1.4926,-0.9785,0.0117,-0.0129,0.33612,0.28495,0.00,-13.39,0.00,0.0000
14203,LOST_LONG,0.14300,-0.58324,0.71637,-0.21046,0.20000,0.21915,1.09141,-0.41324,0.1892,1.075,1.4926,-0.9785,0.0117,-0.0129,0.33611,0.28485,0.00,-13.39,0.00,0.0000
14213,LOST_LONG,0.14300,-0.58324,0.71637,-0.21046,0.20000,0.21915,1.09141,-0.41324,0.1892,1.075,1.4926,-0.9785,0.0117,-0.0129,0.33610,0.28483,0.00,-13.39,0.00,0.0000
14223,LOST_LONG,0.14300,-0.58324,0.71637,-0.21046,0.20000,0.21915,1.09141,-0.41324,0.1892,1.075,1.4926,-0.9785,0.0117,-0.0129,0.33610,0.28484,0.00,-13.39,0.00,0.0000
14233,LOST_LONG,0.14300,-0.58324,0.71637,-0.21046,0.20000,0.21915,1.09141,-0.41324,0.1892,1.075,1.4926,-0.9785,0.0117,-0.0129,0.33610,0.28482,0.00,-13.39,0.00,0.0000
14243,LOST_LONG,0.14300,-0.58324,0.71637,-0.21046,0.20000,0.21915,1.09141,-0.41324,0.1892,1.075,1.4926,-0.9785,0.0117,-0.0129,0.33610,0.28479,0.00,-13.39,0.00,0.0000
14253,LOST_LONG,0.14300,-0.58324,0.71637,-0.21046,0.20000,0.21915,1.09141,-0.41324,0.1892,1.075,1.4926,-0.9785,0.0117,-0.0129,0.33611,0.28490,0.00,-13.39,0.00,0.0000
14263,LOST_LONG,0.14300,-0.58324,0.71637,-0.21046,0.20000,0.21915,1.09141,-0.41324,0.1892,1.075,1.4926,-0.9785,0.0117,-0.0129,0.33611,0.28485,0.00,-13.39,0.00,0.0000
14273,LOST_LONG,0.14300,-0.58324,0.71637,-0.21046,0.20000,0.21915,1.09141,-0.41324,0.1892,1.075,1.4926,-0.9785,0.0117,-0.0129,0.33610,0.28480,0.00,-13.39,0.00,0.0000
14283,LOST_LONG,0.14300,-0.58324,0.71637,-0.21046,0.20000,0.21915,1.09141,-0.41324,0.1892,1.075,1.4926,-0.9785,0.0117,-0.0129,0.33610,0.28480,0.00,-13.39,0.00,0.0000
14293,LOST_LONG,0.14300,-0.58324,0.71637,-0.21046,0.20000,0.21915,1.09141,-0.41324,0.1892,1.075,1.4926,-0.9785,0.0117,-0.0129,0.33610,0.28482,0.00,-13.39,0.00,0.0000
14303,LOST_LONG,0.14300,-0.58324,0.71637,-0.21046,0.20000,0.21915,1.09141,-0.41324,0.1892,1.075,1.4926,-0.9785,0.0117,-0.0129,0.33609,0.28477,0.00,-13.39,0.00,0.0000
14313,LOST_LONG,0.14300,-0.58324,0.71637,-0.21046,0.20000,0.21915,1.09141,-0.41324,0.1892,1.075,1.4926,-0.9785,0.0117,-0.0129,0.33610,0.28483,0.00,-13.39,0.00,0.0000
14323,LOST_LONG,0.14300,-0.58324,0.71637,-0.21046,0.20000,0.21915,1.09141,-0.41324,0.1892,1.075,1.4926,-0.9785,0.0117,-0.0129,0.33610,0.28482,0.00,-13.39,0.00,0.0000
14333,LOST_LONG,0.14300,-0.58324,0.71637,-0.21046,0.20000,0.21915,1.09141,-0.41324,0.1892,1.075,1.4926,-0.9785,0.0117,-0.0129,0.33611,0.28486,0.00,-13.39,0.00,0.0000
14343,LOST_LONG,0.14300,-0.58324,0.71637,-0.21046,0.20000,0.21915,1.09141,-0.41324,0.1892,1.075,1.4926,-0.9785,0.0117,-0.0129,0.33610,0.28480,0.00,-13.39,0.00,0.0000
14353,LOST_LONG,0.14300,-0.58324,0.71637,-0.21046,0.20000,0.21915,1.09141,-0.41324,0.1892,1.075,1.4926,-0.9785,0.0117,-0.0129,0.33610,0.28483,0.00,-13.39,0.00,0.0000
14363,LOST_LONG,0.14300,-0.58324,0.71637,-0.21046,0.20000,0.21915,1.09141,-0.41324,0.1892,1.075,1.4926,-0.9785,0.0117,-0.0129,0.33611,0.28485,0.00,-13.39,0.00,0.0000
14373,LOST_LONG,0.14300,-0.58324,0.71637,-0.21046,0.20000,0.21915,1.09141,-0.41324,0.1892,1.075,1.4926,-0.9785,0.0117,-0.0129,0.33610,0.28482,0.00,-13.39,0.00,0.0000
14383,LOST_LONG,0.14300,-0.58324,0.71637,-0.21046,0.20000,0.21915,1.09141,-0.41324,0.1892,1.075,1.4926,-0.9785,0.0117,-0.0129,0.33610,0.28481,0.00,-13.39,0.00,0.0000
14393,LOST_LONG,0.14300,-0.58324,0.71637,-0.21046,0.20000,0.21915,1.09141,-0.41324,0.1892,1.075,1.4926,-0.9785,0.0117,-0.0129,0.33611,0.28487,0.00,-13.39,0.00,0.0000
14403,LOST_LONG,0.14300,-0.58324,0.71637,-0.21046,0.20000,0.21915,1.09141,-0.41324,0.1892,1.075,1.4926,-0.9785,0.0117,-0.0129,0.33610,0.28483,0.00,-13.39,0.00,0.0000
14413,LOST_LONG,0.14300,-0.58324,0.71637,-0.21046,0.20000,0.21915,1.09141,-0.41324,0.1892,1.075,1.4926,-0.9785,0.0117,-0.0129,0.33613,0.28496,0.00,-13.39,0.00,0.0000
14423,LOST_LONG,0.14300,-0.58324,0.71637,-0.21046,0.20000,0.21915,1.09141,-0.41324,0.1892,1.075,1.4926,-0.9785,0.0117,-0.0129,0.33610,0.28483,0.00,-13.39,0.00,0.0000
14433,LOST_LONG,0.14300,-0.58324,0.71637,-0.21046,0.20000,0.21915,1.09141,-0.41324,0.1892,1.075,1.4926,-0.9785,0.0117,-0.0129,0.33610,0.28482,0.00,-13.39,0.00,0.0000
14443,LOST_LONG,0.14300,-0.58324,0.71637,-0.21046,0.20000,0.21915,1.09141,-0.41324,0.1892,1.075,1.4926,-0.9785,0.0117,-0.0129,0.33613,0.28498,0.00,-13.39,0.00,0.0000
14453,LOST_LONG,0.14300,-0.58324,0.71637,-0.21046,0.20000,0.21915,1.09141,-0.41324,0.1892,1.075,1.4926,-0.9785,0.0117,-0.0129,0.33610,0.28483,0.00,-13.39,0.00,0.0000
14463,LOST_LONG,0.14300,-0.58324,0.71637,-0.21046,0.20000,0.21915,1.09141,-0.41324,0.1892,1.075,1.4926,-0.9785,0.0117,-0.0129,0.33610,0.28481,0.00,-13.39,0.00,0.0000
14473,LOST_LONG,0.14300,-0.58324,0.71637,-0.21046,0.20000,0.21915,1.09141,-0.41324,0.1892,1.075,1.4926,-0.9785,0.0117,-0.0129,0.33611,0.28485,0.00,-13.39,0.00,0.0000
14483,LOST_LONG,0.14300,-0.58324,0.71637,-0.21046,0.20000,0.21915,1.09141,-0.41324,0.1892,1.075,1.4926,-0.9785,0.0117,-0.0129,0.33610,0.28482,0.00,-13.39,0.00,0.0000
14493,LOST_LONG,0.14300,-0.58324,0.71637,-0.21046,0.20000,0.21915,1.09141,-0.41324,0.1892,1.075,1.4926,-0.9785,0.0117,-0.0129,0.33610,0.28482,0.00,-13.39,0.00,0.0000
14503,LOST_LONG,0.14300,-0.58324,0.71637,-0.21046,0.20000,0.21915,1.09141,-0.41324,0.1892,1.075,1.4926,-0.9785,0.0117,-0.0129,0.33610,0.28483,0.00,-13.39,0.00,0.0000
14513,LOST_LONG,0.14300,-0.58324,0.71637,-0.21046,0.20000,0.21915,1.09141,-0.41324,0.1892,1.075,1.4926,-0.9785,0.0117,-0.0129,0.33610,0.28483,0.00,-13.39,0.00,0.0000
14523,LOST_LONG,0.14300,-0.58324,0.71637,-0.21046,0.20000,0.21915,1.09141,-0.41324,0.1892,1.075,1.4926,-0.9785,0.0117,-0.0129,0.33610,0.28483,0.00,-13.39,0.00,0.0000
14533,LOST_LONG,0.14300,-0.58324,0.71637,-0.21046,0.20000,0.21915,1.09141,-0.41324,0.1892,1.075,1.4926,-0.9785,0.0117,-0.0129,0.33610,0.28480,0.00,-13.39,0.00,0.0000
14543,LOST_LONG,0.14300,-0.58324,0.71637,-0.21046,0.20000,0.21915,1.09141,-0.41324,0.1892,1.075,1.4926,-0.9785,0.0117,-0.0129,0.33610,0.28484,0.00,-13.39,0.00,0.0000
14553,LOST_LONG,0.14300,-0.58324,0.71637,-0.21046,0.20000,0.21915,1.09141,-0.41324,0.1892,1.075,1.4926,-0.9785,0.0117,-0.0129,0.33610,0.28484,0.00,-13.39,0.00,0.0000
14563,LOST_LONG,0.14300,-0.58324,0.71637,-0.21046,0.20000,0.21915,1.09141,-0.41324,0.1892,1.075,1.4926,-0.9785,0.0117,-0.0129,0.33612,0.28494,0.00,-13.39,0.00,0.0000
14573,LOST_LONG,0.14300,-0.58324,0.71637,-0.21046,0.20000,0.21915,1.09141,-0.41324,0.1892,1.075,1.4926,-0.9785,0.0117,-0.0129,0.33610,0.28482,0.00,-13.39,0.00,0.0000
14583,LOST_LONG,0.14300,-0.58324,0.71637,-0.21046,0.20000,0.21915,1.09141,-0.41324,0.1892,1.075,1.4926,-0.9785,0.0117,-0.0129,0.33610,0.28482,0.00,-13.39,0.00,0.0000
14593,LOST_LONG,0.14300,-0.58324,0.71637,-0.21046,0.20000,0.21915,1.09141,-0.41324,0.1892,1.075,1.4926,-0.9785,0.0117,-0.0129,0.33612,0.28493,0.00,-13.39,0.00,0.0000
14603,LOST_LONG,0.14300,-0.58324,0.71637,-0.21046,0.20000,0.21915,1.09141,-0.41324,0.1892,1.075,1.4926,-0.9785,0.0117,-0.0129,0.33610,0.28482,0.00,-13.39,0.00,0.0000
14613,LOST_LONG,0.14300,-0.58324,0.71637,-0.21046,0.20000,0.21915,1.09141,-0.41324,0.1892,1.075,1.4926,-0.9785,0.0117,-0.0129,0.33611,0.28487,0.00,-13.39,0.00,0.0000
14623,LOST_LONG,0.14300,-0.58324,0.71637,-0.21046,0.20000,0.21915,1.09141,-0.41324,0.1892,1.075,1.4926,-0.9785,0.0117,-0.0129,0.33610,0.28482,0.00,-13.39,0.00,0.0000
14633,LOST_LONG,0.14300,-0.58324,0.71637,-0.21046,0.20000,0.21915,1.09141,-0.41324,0.1892,1.075,1.4926,-0.9785,0.0117,-0.0129,0.33610,0.28482,0.00,-13.39,0.00,0.0000
14643,LOST_LONG,0.14300,-0.58324,0.71637,-0.21046,0.20000,0.21915,1.09141,-0.41324,0.1892,1.075,1.4926,-0.9785,0.0117,-0.0129,0.33610,0.28484,0.00,-13.39,0.00,0.0000
14653,LOST_LONG,0.14300,-0.58324,0.71637,-0.21046,0.20000,0.21915,1.09141,-0.41324,0.1892,1.075,1.4926,-0.9785,0.0117,-0.0129,0.33613,0.28497,0.00,-13.39,0.00,0.0000
14663,LOST_LONG,0.14300,-0.58324,0.71637,-0.21046,0.20000,0.21915,1.09141,-0.41324,0.1892,1.075,1.4926,-0.9785,0.0117,-0.0129,0.33610,0.28480,0.00,-13.39,0.00,0.0000
14673,LOST_LONG,0.14300,-0.58324,0.71637,-0.21046,0.20000,0.21915,1.09141,-0.41324,0.1892,1.075,1.4926,-0.9785,0.0117,-0.0129,0.33611,0.28485,0.00,-13.39,0.00,0.0000
14683,LOST_LONG,0.14300,-0.58324,0.71637,-0.21046,0.20000,0.21915,1.09141,-0.41324,0.1892,1.075,1.4926,-0.9785,0.0117,-0.0129,0.33611,0.28488,0.00,-13.39,0.00,0.0000
14693,LOST_LONG,0.14300,-0.58324,0.71637,-0.21046,0.20000,0.21915,1.09141,-0.41324,0.1892,1.075,1.4926,-0.9785,0.0117,-0.0129,0.33613,0.28500,0.00,-13.39,0.00,0.0000
14703,LOST_LONG,0.14300,-0.58324,0.71637,-0.21046,0.20000,0.21915,1.09141,-0.41324,0.1892,1.075,1.4926,-0.9785,0.0117,-0.0129,0.33610,0.28485,0.00,-13.39,0.00,0.0000
14713,LOST_LONG,0.14300,-0.58324,0.71637,-0.21046,0.20000,0.21915,1.09141,-0.41324,0.1892,1.075,1.4926,-0.9785,0.0117,-0.0129,0.33609,0.28478,0.00,-13.39,0.00,0.0000
14723,LOST_LONG,0.14300,-0.58324,0.71637,-0.21046,0.20000,0.21915,1.09141,-0.41324,0.1892,1.075,1.4926,-0.9785,0.0117,-0.0129,0.33611,0.28486,0.00,-13.39,0.00,0.0000
14733,LOST_LONG,0.14300,-0.58324,0.71637,-0.21046,0.20000,0.21915,1.09141,-0.41324,0.1892,1.075,1.4926,-0.9785,0.0117,-0.0129,0.33612,0.28493,0.00,-13.39,0.00,0.0000
14743,LOST_LONG,0.14300,-0.58324,0.71637,-0.21046,0.20000,0.21915,1.09141,-0.41324,0.1892,1.075,1.4926,-0.9785,0.0117,-0.0129,0.33610,0.28482,0.00,-13.39,0.00,0.0000
14753,LOST_LONG,0.14300,-0.58324,0.71637,-0.21046,0.20000,0.21915,1.09141,-0.41324,0.1892,1.075,1.4926,-0.9785,0.0117,-0.0129,0.33610,0.28482,0.00,-13.39,0.00,0.0000
14763,LOST_LONG,0.14300,-0.58324,0.71637,-0.21046,0.20000,0.21915,1.09141,-0.41324,0.1892,1.075,1.4926,-0.9785,0.0117,-0.0129,0.33613,0.28498,0.00,-13.39,0.00,0.0000
14773,LOST_LONG,0.14300,-0.58324,0.71637,-0.21046,0.20000,0.21915,1.09141,-0.41324,0.1892,1.075,1.4926,-0.9785,0.0117,-0.0129,0.33610,0.28483,0.00,-13.39,0.00,0.0000
14783,LOST_LONG,0.14300,-0.58324,0.71637,-0.21046,0.20000,0.21915,1.09141,-0.41324,0.1892,1.075,1.4926,-0.9785,0.0117,-0.0129,0.33610,0.28481,0.00,-13.39,0.00,0.0000
14793,LOST_LONG,0.14300,-0.58324,0.71637,-0.21046,0.20000,0.21915,1.09141,-0.41324,0.1892,1.075,1.4926,-0.9785,0.0117,-0.0129,0.33610,0.28482,0.00,-13.39,0.00,0.0000
14803,LOST_LONG,0.14300,-0.58324,0.71637,-0.21046,0.20000,0.21915,1.09141,-0.41324,0.1892,1.075,1.4926,-0.9785,0.0117,-0.0129,0.33610,0.28482,0.00,-13.39,0.00,0.0000
14813,LOST_LONG,0.14300,-0.58324,0.71637,-0.21046,0.20000,0.21915,1.09141,-0.41324,0.1892,1.075,1.4926,-0.9785,0.0117,-0.0129,0.33610,0.28480,0.00,-13.39,0.00,0.0000
14823,LOST_LONG,0.14300,-0.58324,0.71637,-0.21046,0.20000,0.21915,1.09141,-0.41324,0.1892,1.075,1.4926,-0.9785,0.0117,-0.0129,0.33611,0.28489,0.00,-13.39,0.00,0.0000
14833,LOST_LONG,0.14300,-0.58324,0.71637,-0.21046,0.20000,0.21915,1.09141,-0.41324,0.1892,1.075,1.4926,-0.9785,0.0117,-0.0129,0.33610,0.28484,0.00,-13.39,0.00,0.0000
14843,LOST_LONG,0.14300,-0.58324,0.71637,-0.21046,0.20000,0.21915,1.09141,-0.41324,0.1892,1.075,1.4926,-0.9785,0.0117,-0.0129,0.33612,0.28492,0.00,-13.39,0.00,0.0000
14853,LOST_LONG,0.14300,-0.58324,0.71637,-0.21046,0.20000,0.21915,1.09141,-0.41324,0.1892,1.075,1.4926,-0.9785,0.0117,-0.0129,0.33610,0.28480,0.00,-13.39,0.00,0.0000
14863,LOST_LONG,0.14300,-0.58324,0.71637,-0.21046,0.20000,0.21915,1.09141,-0.41324,0.1892,1.075,1.4926,-0.9785,0.0117,-0.0129,0.33610,0.28483,0.00,-13.39,0.00,0.0000
14873,LOST_LONG,0.14300,-0.58324,0.71637,-0.21046,0.20000,0.21915,1.09141,-0.41324,0.1892,1.075,1.4926,-0.9785,0.0117,-0.0129,0.33610,0.28482,0.00,-13.39,0.00,0.0000
14883,LOST_LONG,0.14300,-0.58324,0.71637,-0.21046,0.20000,0.21915,1.09141,-0.41324,0.1892,1.075,1.4926,-0.9785,0.0117,-0.0129,0.33612,0.28495,0.00,-13.39,0.00,0.0000
14893,LOST_LONG,0.14300,-0.58324,0.71637,-0.21046,0.20000,0.21915,1.09141,-0.41324,0.1892,1.075,1.4926,-0.9785,0.0117,-0.0129,0.33610,0.28483,0.00,-13.39,0.00,0.0000
14903,LOST_LONG,0.14300,-0.58324,0.71637,-0.21046,0.20000,0.21915,1.09141,-0.41324,0.1892,1.075,1.4926,-0.9785,0.0117,-0.0129,0.33610,0.28483,0.00,-13.39,0.00,0.0000
14913,LOST_LONG,0.14300,-0.58324,0.71637,-0.21046,0.20000,0.21915,1.09141,-0.41324,0.1892,1.075,1.4926,-0.9785,0.0117,-0.0129,0.33611,0.28485,0.00,-13.39,0.00,0.0000
14923,LOST_LONG,0.14300,-0.58324,0.71637,-0.21046,0.20000,0.21915,1.09141,-0.41324,0.1892,1.075,1.4926,-0.9785,0.0117,-0.0129,0.33610,0.28483,0.00,-13.39,0.00,0.0000
14933,LOST_LONG,0.14300,-0.58324,0.71637,-0.21046,0.20000,0.21915,1.09141,-0.41324,0.1892,1.075,1.4926,-0.9785,0.0117,-0.0129,0.33611,0.28486,0.00,-13.39,0.00,0.0000
14943,LOST_LONG,0.14300,-0.58324,0.71637,-0.21046,0.20000,0.21915,1.09141,-0.41324,0.1892,1.075,1.4926,-0.9785,0.0117,-0.0129,0.33610,0.28484,0.00,-13.39,0.00,0.0000
14953,LOST_LONG,0.14300,-0.58324,0.71637,-0.21046,0.20000,0.21915,1.09141,-0.41324,0.1892,1.075,1.4926,-0.9785,0.0117,-0.0129,0.33610,0.28481,0.00,-13.39,0.00,0.0000
14963,LOST_LONG,0.14300,-0.58324,0.71637,-0.21046,0.20000,0.21915,1.09141,-0.41324,0.1892,1.075,1.4926,-0.9785,0.0117,-0.0129,0.33610,0.28483,0.00,-13.39,0.00,0.0000
14973,LOST_LONG,0.14300,-0.58324,0.71637,-0.21046,0.20000,0.21915,1.09141,-0.41324,0.1892,1.075,1.4926,-0.9785,0.0117,-0.0129,0.33610,0.28483,0.00,-13.39,0.00,0.0000
14983,LOST_LONG,0.14300,-0.58324,0.71637,-0.21046,0.20000,0.21915,1.09141,-0.41324,0.1892,1.075,1.4926,-0.9785,0.0117,-0.0129,0.33613,0.28497,0.00,-13.39,0.00,0.0000
14993,LOST_LONG,0.14300,-0.58324,0.71637,-0.21046,0.20000,0.21915,1.09141,-0.41324,0.1892,1.075,1.4926,-0.9785,0.0117,-0.0129,0.33610,0.28485,0.00,-13.39,0.00,0.0000
15003,LOST_LONG,0.14300,-0.58324,0.71637,-0.21046,0.20000,0.21915,1.09141,-0.41324,0.1892,1.075,1.4926,-0.9785,0.0117,-0.0129,0.33610,0.28482,0.00,-13.39,0.00,0.0000
15013,LOST_LONG,0.14300,-0.58324,0.71637,-0.21046,0.20000,0.21915,1.09141,-0.41324,0.1892,1.075,1.4926,-0.9785,0.0117,-0.0129,0.33613,0.28496,0.00,-13.39,0.00,0.0000
15023,LOST_LONG,0.14300,-0.58324,0.71637,-0.21046,0.20000,0.21915,1.09141,-0.41324,0.1892,1.075,1.4926,-0.9785,0.0117,-0.0129,0.33611,0.28485,0.00,-13.39,0.00,0.0000
15033,LOST_LONG,0.14300,-0.58324,0.71637,-0.21046,0.20000,0.21915,1.09141,-0.41324,0.1892,1.075,1.4926,-0.9785,0.0117,-0.0129,0.33612,0.28493,0.00,-13.39,0.00,0.0000
15043,LOST_LONG,0.14300,-0.58324,0.71637,-0.21046,0.20000,0.21915,1.09141,-0.41324,0.1892,1.075,1.4926,-0.9785,0.0117,-0.0129,0.33610,0.28485,0.00,-13.39,0.00,0.0000
15053,LOST_LONG,0.14300,-0.58324,0.71637,-0.21046,0.20000,0.21915,1.09141,-0.41324,0.1892,1.075,1.4926,-0.9785,0.0117,-0.0129,0.33610,0.28483,0.00,-13.39,0.00,0.0000
15063,LOST_LONG,0.14300,-0.58324,0.71637,-0.21046,0.20000,0.21915,1.09141,-0.41324,0.1892,1.075,1.4926,-0.9785,0.0117,-0.0129,0.33610,0.28482,0.00,-13.39,0.00,0.0000
15073,LOST_LONG,0.14300,-0.58324,0.71637,-0.21046,0.20000,0.21915,1.09141,-0.41324,0.1892,1.075,1.4926,-0.9785,0.0117,-0.0129,0.33610,0.28481,0.00,-13.39,0.00,0.0000
15083,LOST_LONG,0.14300,-0.58324,0.71637,-0.21046,0.20000,0.21915,1.09141,-0.41324,0.1892,1.075,1.4926,-0.9785,0.0117,-0.0129,0.33612,0.28491,0.00,-13.39,0.00,0.0000
15093,LOST_LONG,0.14300,-0.58324,0.71637,-0.21046,0.20000,0.21915,1.09141,-0.41324,0.1892,1.075,1.4926,-0.9785,0.0117,-0.0129,0.33612,0.28492,0.00,-13.39,0.00,0.0000
15103,LOST_LONG,0.14300,-0.58324,0.71637,-0.21046,0.20000,0.21915,1.09141,-0.41324,0.1892,1.075,1.4926,-0.9785,0.0117,-0.0129,0.33610,0.28484,0.00,-13.39,0.00,0.0000
15113,LOST_LONG,0.14300,-0.58324,0.71637,-0.21046,0.20000,0.21915,1.09141,-0.41324,0.1892,1.075,1.4926,-0.9785,0.0117,-0.0129,0.33611,0.28486,0.00,-13.39,0.00,0.0000
15123,LOST_LONG,0.14300,-0.58324,0.71637,-0.21046,0.20000,0.21915,1.09141,-0.41324,0.1892,1.075,1.4926,-0.9785,0.0117,-0.0129,0.33610,0.28483,0.00,-13.39,0.00,0.0000
15133,LOST_LONG,0.14300,-0.58324,0.71637,-0.21046,0.20000,0.21915,1.09141,-0.41324,0.1892,1.075,1.4926,-0.9785,0.0117,-0.0129,0.33612,0.28493,0.00,-13.39,0.00,0.0000
15143,LOST_LONG,0.14300,-0.58324,0.71637,-0.21046,0.20000,0.21915,1.09141,-0.41324,0.1892,1.075,1.4926,-0.9785,0.0117,-0.0129,0.33610,0.28483,0.00,-13.39,0.00,0.0000
15153,LOST_LONG,0.14300,-0.58324,0.71637,-0.21046,0.20000,0.21915,1.09141,-0.41324,0.1892,1.075,1.4926,-0.9785,0.0117,-0.0129,0.33611,0.28487,0.00,-13.39,0.00,0.0000
15163,LOST_LONG,0.14300,-0.58324,0.71637,-0.21046,0.20000,0.21915,1.09141,-0.41324,0.1892,1.075,1.4926,-0.9785,0.0117,-0.0129,0.33610,0.28481,0.00,-13.39,0.00,0.0000
15173,LOST_LONG,0.14300,-0.58324,0.71637,-0.21046,0.20000,0.21915,1.09141,-0.41324,0.1892,1.075,1.4926,-0.9785,0.0117,-0.0129,0.33610,0.28482,0.00,-13.39,0.00,0.0000
15183,LOST_LONG,0.14300,-0.58324,0.71637,-0.21046,0.20000,0.21915,1.09141,-0.41324,0.1892,1.075,1.4926,-0.9785,0.0117,-0.0129,0.33611,0.28486,0.00,-13.39,0.00,0.0000
15193,LOST_LONG,0.14300,-0.58324,0.71637,-0.21046,0.20000,0.21915,1.09141,-0.41324,0.1892,1.075,1.4926,-0.9785,0.0117,-0.0129,0.33610,0.28483,0.00,-13.39,0.00,0.0000
15203,LOST_LONG,0.14300,-0.58324,0.71637,-0.21046,0.20000,0.21915,1.09141,-0.41324,0.1892,1.075,1.4926,-0.9785,0.0117,-0.0129,0.33610,0.28481,0.00,-13.39,0.00,0.0000
15213,LOST_LONG,0.14300,-0.58324,0.71637,-0.21046,0.20000,0.21915,1.09141,-0.41324,0.1892,1.075,1.4926,-0.9785,0.0117,-0.0129,0.33610,0.28480,0.00,-13.39,0.00,0.0000
15223,LOST_LONG,0.14300,-0.58324,0.71637,-0.21046,0.20000,0.21915,1.09141,-0.41324,0.1892,1.075,1.4926,-0.9785,0.0117,-0.0129,0.33610,0.28482,0.00,-13.39,0.00,0.0000
15233,LOST_LONG,0.14300,-0.58324,0.71637,-0.21046,0.20000,0.21915,1.09141,-0.41324,0.1892,1.075,1.4926,-0.9785,0.0117,-0.0129,0.33610,0.28484,0.00,-13.39,0.00,0.0000
15243,LOST_LONG,0.14300,-0.58324,0.71637,-0.21046,0.20000,0.21915,1.09141,-0.41324,0.1892,1.075,1.4926,-0.9785,0.0117,-0.0129,0.33610,0.28483,0.00,-13.39,0.00,0.0000
15253,LOST_LONG,0.14300,-0.58324,0.71637,-0.21046,0.20000,0.21915,1.09141,-0.41324,0.1892,1.075,1.4926,-0.9785,0.0117,-0.0129,0.33610,0.28482,0.00,-13.39,0.00,0.0000
15263,LOST_LONG,0.14300,-0.58324,0.71637,-0.21046,0.20000,0.21915,1.09141,-0.41324,0.1892,1.075,1.4926,-0.9785,0.0117,-0.0129,0.33610,0.28484,0.00,-13.39,0.00,0.0000
15273,LOST_LONG,0.14300,-0.58324,0.71637,-0.21046,0.20000,0.21915,1.09141,-0.41324,0.1892,1.075,1.4926,-0.9785,0.0117,-0.0129,0.33610,0.28482,0.00,-13.39,0.00,0.0000
15283,LOST_LONG,0.14300,-0.58324,0.71637,-0.21046,0.20000,0.21915,1.09141,-0.41324,0.1892,1.075,1.4926,-0.9785,0.0117,-0.0129,0.33610,0.28481,0.00,-13.39,0.00,0.0000
15293,LOST_LONG,0.14300,-0.58324,0.71637,-0.21046,0.20000,0.21915,1.09141,-0.41324,0.1892,1.075,1.4926,-0.9785,0.0117,-0.0129,0.33611,0.28488,0.00,-13.39,0.00,0.0000
15303,LOST_LONG,0.14300,-0.58324,0.71637,-0.21046,0.20000,0.21915,1.09141,-0.41324,0.1892,1.075,1.4926,-0.9785,0.0117,-0.0129,0.33610,0.28484,0.00,-13.39,0.00,0.0000
15313,LOST_LONG,0.14300,-0.58324,0.71637,-0.21046,0.20000,0.21915,1.09141,-0.41324,0.1892,1.075,1.4926,-0.9785,0.0117,-0.0129,0.33613,0.28497,0.00,-13.39,0.00,0.0000
15323,LOST_LONG,0.14300,-0.58324,0.71637,-0.21046,0.20000,0.21915,1.09141,-0.41324,0.1892,1.075,1.4926,-0.9785,0.0117,-0.0129,0.33609,0.28479,0.00,-13.39,0.00,0.0000
15333,LOST_LONG,0.14300,-0.58324,0.71637,-0.21046,0.20000,0.21915,1.09141,-0.41324,0.1892,1.075,1.4926,-0.9785,0.0117,-0.0129,0.33613,0.28498,0.00,-13.39,0.00,0.0000
15343,LOST_LONG,0.14300,-0.58324,0.71637,-0.21046,0.20000,0.21915,1.09141,-0.41324,0.1892,1.075,1.4926,-0.9785,0.0117,-0.0129,0.33611,0.28489,0.00,-13.39,0.00,0.0000
15353,LOST_LONG,0.14300,-0.58324,0.71637,-0.21046,0.20000,0.21915,1.09141,-0.41324,0.1892,1.075,1.4926,-0.9785,0.0117,-0.0129,0.33611,0.28485,0.00,-13.39,0.00,0.0000
15363,LOST_LONG,0.14300,-0.58324,0.71637,-0.21046,0.20000,0.21915,1.09141,-0.41324,0.1892,1.075,1.4926,-0.9785,0.0117,-0.0129,0.33610,0.28482,0.00,-13.39,0.00,0.0000
15373,LOST_LONG,0.14300,-0.58324,0.71637,-0.21046,0.20000,0.21915,1.09141,-0.41324,0.1892,1.075,1.4926,-0.9785,0.0117,-0.0129,0.33611,0.28485,0.00,-13.39,0.00,0.0000
15383,LOST_LONG,0.14300,-0.58324,0.71637,-0.21046,0.20000,0.21915,1.09141,-0.41324,0.1892,1.075,1.4926,-0.9785,0.0117,-0.0129,0.33610,0.28479,0.00,-13.39,0.00,0.0000
15393,LOST_LONG,0.14300,-0.58324,0.71637,-0.21046,0.20000,0.21915,1.09141,-0.41324,0.1892,1.075,1.4926,-0.9785,0.0117,-0.0129,0.33610,0.28481,0.00,-13.39,0.00,0.0000
15403,LOST_LONG,0.14300,-0.58324,0.71637,-0.21046,0.20000,0.21915,1.09141,-0.41324,0.1892,1.075,1.4926,-0.9785,0.0117,-0.0129,0.33611,0.28485,0.00,-13.39,0.00,0.0000
15413,LOST_LONG,0.14300,-0.58324,0.71637,-0.21046,0.20000,0.21915,1.09141,-0.41324,0.1892,1.075,1.4926,-0.9785,0.0117,-0.0129,0.33610,0.28483,0.00,-13.39,0.00,0.0000
15423,LOST_LONG,0.14300,-0.58324,0.71637,-0.21046,0.20000,0.21915,1.09141,-0.41324,0.1892,1.075,1.4926,-0.9785,0.0117,-0.0129,0.33611,0.28487,0.00,-13.39,0.00,0.0000
15433,LOST_LONG,0.14300,-0.58324,0.71637,-0.21046,0.20000,0.21915,1.09141,-0.41324,0.1892,1.075,1.4926,-0.9785,0.0117,-0.0129,0.33610,0.28484,0.00,-13.39,0.00,0.0000
15443,LOST_LONG,0.14300,-0.58324,0.71637,-0.21046,0.20000,0.21915,1.09141,-0.41324,0.1892,1.075,1.4926,-0.9785,0.0117,-0.0129,0.33611,0.28485,0.00,-13.39,0.00,0.0000
15453,LOST_LONG,0.14300,-0.58324,0.71637,-0.21046,0.20000,0.21915,1.09141,-0.41324,0.1892,1.075,1.4926,-0.9785,0.0117,-0.0129,0.33611,0.28488,0.00,-13.39,0.00,0.0000
15463,LOST_LONG,0.14300,-0.58324,0.71637,-0.21046,0.20000,0.21915,1.09141,-0.41324,0.1892,1.075,1.4926,-0.9785,0.0117,-0.0129,0.33611,0.28488,0.00,-13.39,0.00,0.0000
15473,LOST_LONG,0.14300,-0.58324,0.71637,-0.21046,0.20000,0.21915,1.09141,-0.41324,0.1892,1.075,1.4926,-0.9785,0.0117,-0.0129,0.33611,0.28488,0.00,-13.39,0.00,0.0000
15483,LOST_LONG,0.14300,-0.58324,0.71637,-0.21046,0.20000,0.21915,1.09141,-0.41324,0.1892,1.075,1.4926,-0.9785,0.0117,-0.0129,0.33610,0.28482,0.00,-13.39,0.00,0.0000
15493,LOST_LONG,0.14300,-0.58324,0.71637,-0.21046,0.20000,0.21915,1.09141,-0.41324,0.1892,1.075,1.4926,-0.9785,0.0117,-0.0129,0.33610,0.28483,0.00,-13.39,0.00,0.0000
15503,LOST_LONG,0.14300,-0.58324,0.71637,-0.21046,0.20000,0.21915,1.09141,-0.41324,0.1892,1.075,1.4926,-0.9785,0.0117,-0.0129,0.33612,0.28491,0.00,-13.39,0.00,0.0000
15513,LOST_LONG,0.14300,-0.58324,0.71637,-0.21046,0.20000,0.21915,1.09141,-0.41324,0.1892,1.075,1.4926,-0.9785,0.0117,-0.0129,0.33610,0.28483,0.00,-13.39,0.00,0.0000
15523,LOST_LONG,0.14300,-0.58324,0.71637,-0.21046,0.20000,0.21915,1.09141,-0.41324,0.1892,1.075,1.4926,-0.9785,0.0117,-0.0129,0.33610,0.28481,0.00,-13.39,0.00,0.0000
15533,LOST_LONG,0.14300,-0.58324,0.71637,-0.21046,0.20000,0.21915,1.09141,-0.41324,0.1892,1.075,1.4926,-0.9785,0.0117,-0.0129,0.33610,0.28481,0.00,-13.39,0.00,0.0000
15543,LOST_LONG,0.14300,-0.58324,0.71637,-0.21046,0.20000,0.21915,1.09141,-0.41324,0.1892,1.075,1.4926,-0.9785,0.0117,-0.0129,0.33611,0.28490,0.00,-13.39,0.00,0.0000
15553,LOST_LONG,0.14300,-0.58324,0.71637,-0.21046,0.20000,0.21915,1.09141,-0.41324,0.1892,1.075,1.4926,-0.9785,0.0117,-0.0129,0.33611,0.28485,0.00,-13.39,0.00,0.0000
15563,LOST_LONG,0.14300,-0.58324,0.71637,-0.21046,0.20000,0.21915,1.09141,-0.41324,0.1892,1.075,1.4926,-0.9785,0.0117,-0.0129,0.33611,0.28486,0.00,-13.39,0.00,0.0000
15573,LOST_LONG,0.14300,-0.58324,0.71637,-0.21046,0.20000,0.21915,1.09141,-0.41324,0.1892,1.075,1.4926,-0.9785,0.0117,-0.0129,0.33612,0.28493,0.00,-13.39,0.00,0.0000
15583,LOST_LONG,0.14300,-0.58324,0.71637,-0.21046,0.20000,0.21915,1.09141,-0.41324,0.1892,1.075,1.4926,-0.9785,0.0117,-0.0129,0.33610,0.28484,0.00,-13.39,0.00,0.0000
15593,LOST_LONG,0.14300,-0.58324,0.71637,-0.21046,0.20000,0.21915,1.09141,-0.41324,0.1892,1.075,1.4926,-0.9785,0.0117,-0.0129,0.33611,0.28485,0.00,-13.39,0.00,0.0000
15603,LOST_LONG,0.14300,-0.58324,0.71637,-0.21046,0.20000,0.21915,1.09141,-0.41324,0.1892,1.075,1.4926,-0.9785,0.0117,-0.0129,0.33610,0.28480,0.00,-13.39,0.00,0.0000
15613,LOST_LONG,0.14300,-0.58324,0.71637,-0.21046,0.20000,0.21915,1.09141,-0.41324,0.1892,1.075,1.4926,-0.9785,0.0117,-0.0129,0.33610,0.28484,0.00,-13.39,0.00,0.0000
15623,LOST_LONG,0.14300,-0.58324,0.71637,-0.21046,0.20000,0.21915,1.09141,-0.41324,0.1892,1.075,1.4926,-0.9785,0.0117,-0.0129,0.33610,0.28481,0.00,-13.39,0.00,0.0000
15633,LOST_LONG,0.14300,-0.58324,0.71637,-0.21046,0.20000,0.21915,1.09141,-0.41324,0.1892,1.075,1.4926,-0.9785,0.0117,-0.0129,0.33610,0.28482,0.00,-13.39,0.00,0.0000
15643,LOST_LONG,0.14300,-0.58324,0.71637,-0.21046,0.20000,0.21915,1.09141,-0.41324,0.1892,1.075,1.4926,-0.9785,0.0117,-0.0129,0.33612,0.28495,0.00,-13.39,0.00,0.0000
15653,LOST_LONG,0.14300,-0.58324,0.71637,-0.21046,0.20000,0.21915,1.09141,-0.41324,0.1892,1.075,1.4926,-0.9785,0.0117,-0.0129,0.33610,0.28483,0.00,-13.39,0.00,0.0000
15663,LOST_LONG,0.14300,-0.58324,0.71637,-0.21046,0.20000,0.21915,1.09141,-0.41324,0.1892,1.075,1.4926,-0.9785,0.0117,-0.0129,0.33610,0.28484,0.00,-13.39,0.00,0.0000
15673,LOST_LONG,0.14300,-0.58324,0.71637,-0.21046,0.20000,0.21915,1.09141,-0.41324,0.1892,1.075,1.4926,-0.9785,0.0117,-0.0129,0.33610,0.28482,0.00,-13.39,0.00,0.0000
15683,LOST_LONG,0.14300,-0.58324,0.71637,-0.21046,0.20000,0.21915,1.09141,-0.41324,0.1892,1.075,1.4926,-0.9785,0.0117,-0.0129,0.33610,0.28483,0.00,-13.39,0.00,0.0000
15693,LOST_LONG,0.14300,-0.58324,0.71637,-0.21046,0.20000,0.21915,1.09141,-0.41324,0.1892,1.075,1.4926,-0.9785,0.0117,-0.0129,0.33610,0.28484,0.00,-13.39,0.00,0.0000
15703,LOST_LONG,0.14300,-0.58324,0.71637,-0.21046,0.20000,0.21915,1.09141,-0.41324,0.1892,1.075,1.4926,-0.9785,0.0117,-0.0129,0.33610,0.28481,0.00,-13.39,0.00,0.0000
15713,LOST_LONG,0.14300,-0.58324,0.71637,-0.21046,0.20000,0.21915,1.09141,-0.41324,0.1892,1.075,1.4926,-0.9785,0.0117,-0.0129,0.33610,0.28483,0.00,-13.39,0.00,0.0000
15723,LOST_LONG,0.14300,-0.58324,0.71637,-0.21046,0.20000,0.21915,1.09141,-0.41324,0.1892,1.075,1.4926,-0.9785,0.0117,-0.0129,0.33612,0.28492,0.00,-13.39,0.00,0.0000
15733,LOST_LONG,0.14300,-0.58324,0.71637,-0.21046,0.20000,0.21915,1.09141,-0.41324,0.1892,1.075,1.4926,-0.9785,0.0117,-0.0129,0.33612,0.28495,0.00,-13.39,0.00,0.0000
15743,LOST_LONG,0.14300,-0.58324,0.71637,-0.21046,0.20000,0.21915,1.09141,-0.41324,0.1892,1.075,1.4926,-0.9785,0.0117,-0.0129,0.33610,0.28483,0.00,-13.39,0.00,0.0000
15753,LOST_LONG,0.14300,-0.58324,0.71637,-0.21046,0.20000,0.21915,1.09141,-0.41324,0.1892,1.075,1.4926,-0.9785,0.0117,-0.0129,0.33611,0.28485,0.00,-13.39,0.00,0.0000
15763,LOST_LONG,0.14300,-0.58324,0.71637,-0.21046,0.20000,0.21915,1.09141,-0.41324,0.1892,1.075,1.4926,-0.9785,0.0117,-0.0129,0.33610,0.28482,0.00,-13.39,0.00,0.0000
15773,LOST_LONG,0.14300,-0.58324,0.71637,-0.21046,0.20000,0.21915,1.09141,-0.41324,0.1892,1.075,1.4926,-0.9785,0.0117,-0.0129,0.33612,0.28494,0.00,-13.39,0.00,0.0000
15783,LOST_LONG,0.14300,-0.58324,0.71637,-0.21046,0.20000,0.21915,1.09141,-0.41324,0.1892,1.075,1.4926,-0.9785,0.0117,-0.0129,0.33612,0.28494,0.00,-13.39,0.00,0.0000
15793,LOST_LONG,0.14300,-0.58324,0.71637,-0.21046,0.20000,0.21915,1.09141,-0.41324,0.1892,1.075,1.4926,-0.9785,0.0117,-0.0129,0.33613,0.28496,0.00,-13.39,0.00,0.0000
15803,LOST_LONG,0.14300,-0.58324,0.71637,-0.21046,0.20000,0.21915,1.09141,-0.41324,0.1892,1.075,1.4926,-0.9785,0.0117,-0.0129,0.33610,0.28483,0.00,-13.39,0.00,0.0000
15813,LOST_LONG,0.14300,-0.58324,0.71637,-0.21046,0.20000,0.21915,1.09141,-0.41324,0.1892,1.075,1.4926,-0.9785,0.0117,-0.0129,0.33612,0.28496,0.00,-13.39,0.00,0.0000
15823,LOST_LONG,0.14300,-0.58324,0.71637,-0.21046,0.20000,0.21915,1.09141,-0.41324,0.1892,1.075,1.4926,-0.9785,0.0117,-0.0129,0.33613,0.28496,0.00,-13.39,0.00,0.0000
15833,LOST_LONG,0.14300,-0.58324,0.71637,-0.21046,0.20000,0.21915,1.09141,-0.41324,0.1892,1.075,1.4926,-0.9785,0.0117,-0.0129,0.33612,0.28493,0.00,-13.39,0.00,0.0000
15843,LOST_LONG,0.14300,-0.58324,0.71637,-0.21046,0.20000,0.21915,1.09141,-0.41324,0.1892,1.075,1.4926,-0.9785,0.0117,-0.0129,0.33609,0.28476,0.00,-13.39,0.00,0.0000
15853,LOST_LONG,0.14300,-0.58324,0.71637,-0.21046,0.20000,0.21915,1.09141,-0.41324,0.1892,1.075,1.4926,-0.9785,0.0117,-0.0129,0.33611,0.28486,0.00,-13.39,0.00,0.0000
15863,LOST_LONG,0.14300,-0.58324,0.71637,-0.21046,0.20000,0.21915,1.09141,-0.41324,0.1892,1.075,1.4926,-0.9785,0.0117,-0.0129,0.33610,0.28480,0.00,-13.39,0.00,0.0000
15873,LOST_LONG,0.14300,-0.58324,0.71637,-0.21046,0.20000,0.21915,1.09141,-0.41324,0.1892,1.075,1.4926,-0.9785,0.0117,-0.0129,0.33611,0.28487,0.00,-13.39,0.00,0.0000
15883,LOST_LONG,0.14300,-0.58324,0.71637,-0.21046,0.20000,0.21915,1.09141,-0.41324,0.1892,1.075,1.4926,-0.9785,0.0117,-0.0129,0.33610,0.28484,0.00,-13.39,0.00,0.0000
15893,LOST_LONG,0.14300,-0.58324,0.71637,-0.21046,0.20000,0.21915,1.09141,-0.41324,0.1892,1.075,1.4926,-0.9785,0.0117,-0.0129,0.33610,0.28485,0.00,-13.39,0.00,0.0000
15903,LOST_LONG,0.14300,-0.58324,0.71637,-0.21046,0.20000,0.21915,1.09141,-0.41324,0.1892,1.075,1.4926,-0.9785,0.0117,-0.0129,0.33610,0.28480,0.00,-13.39,0.00,0.0000
15913,LOST_LONG,0.14300,-0.58324,0.71637,-0.21046,0.20000,0.21915,1.09141,-0.41324,0.1892,1.075,1.4926,-0.9785,0.0117,-0.0129,0.33612,0.28494,0.00,-13.39,0.00,0.0000
15923,LOST_LONG,0.14300,-0.58324,0.71637,-0.21046,0.20000,0.21915,1.09141,-0.41324,0.1892,1.075,1.4926,-0.9785,0.0117,-0.0129,0.33611,0.28488,0.00,-13.39,0.00,0.0000
15933,LOST_LONG,0.14300,-0.58324,0.71637,-0.21046,0.20000,0.21915,1.09141,-0.41324,0.1892,1.075,1.4926,-0.9785,0.0117,-0.0129,0.33610,0.28480,0.00,-13.39,0.00,0.0000
15943,LOST_LONG,0.14300,-0.58324,0.71637,-0.21046,0.20000,0.21915,1.09141,-0.41324,0.1892,1.075,1.4926,-0.9785,0.0117,-0.0129,0.33610,0.28483,0.00,-13.39,0.00,0.0000
15953,LOST_LONG,0.14300,-0.58324,0.71637,-0.21046,0.20000,0.21915,1.09141,-0.41324,0.1892,1.075,1.4926,-0.9785,0.0117,-0.0129,0.33610,0.28481,0.00,-13.39,0.00,0.0000
15963,LOST_LONG,0.14300,-0.58324,0.71637,-0.21046,0.20000,0.21915,1.09141,-0.41324,0.1892,1.075,1.4926,-0.9785,0.0117,-0.0129,0.33610,0.28480,0.00,-13.39,0.00,0.0000
15973,LOST_LONG,0.14300,-0.58324,0.71637,-0.21046,0.20000,0.21915,1.09141,-0.41324,0.1892,1.075,1.4926,-0.9785,0.0117,-0.0129,0.33610,0.28481,0.00,-13.39,0.00,0.0000
15983,LOST_LONG,0.14300,-0.58324,0.71637,-0.21046,0.20000,0.21915,1.09141,-0.41324,0.1892,1.075,1.4926,-0.9785,0.0117,-0.0129,0.33611,0.28485,0.00,-13.39,0.00,0.0000
15993,LOST_LONG,0.14300,-0.58324,0.71637,-0.21046,0.20000,0.21915,1.09141,-0.41324,0.1892,1.075,1.4926,-0.9785,0.0117,-0.0129,0.33610,0.28481,0.00,-13.39,0.00,0.0000
16003,LOST_LONG,0.14300,-0.58324,0.71637,-0.21046,0.20000,0.21915,1.09141,-0.41324,0.1892,1.075,1.4926,-0.9785,0.0117,-0.0129,0.33612,0.28493,0.00,-13.39,0.00,0.0000
16013,LOST_LONG,0.14300,-0.58324,0.71637,-0.21046,0.20000,0.21915,1.09141,-0.41324,0.1892,1.075,1.4926,-0.9785,0.0117,-0.0129,0.33610,0.28483,0.00,-13.39,0.00,0.0000
16023,LOST_LONG,0.14300,-0.58324,0.71637,-0.21046,0.20000,0.21915,1.09141,-0.41324,0.1892,1.075,1.4926,-0.9785,0.0117,-0.0129,0.33611,0.28489,0.00,-13.39,0.00,0.0000
16033,LOST_LONG,0.14300,-0.58324,0.71637,-0.21046,0.20000,0.21915,1.09141,-0.41324,0.1892,1.075,1.4926,-0.9785,0.0117,-0.0129,0.33610,0.28482,0.00,-13.39,0.00,0.0000
16043,LOST_LONG,0.14300,-0.58324,0.71637,-0.21046,0.20000,0.21915,1.09141,-0.41324,0.1892,1.075,1.4926,-0.9785,0.0117,-0.0129,0.33613,0.28498,0.00,-13.39,0.00,0.0000
16053,LOST_LONG,0.14300,-0.58324,0.71637,-0.21046,0.20000,0.21915,1.09141,-0.41324,0.1892,1.075,1.4926,-0.9785,0.0117,-0.0129,0.33611,0.28485,0.00,-13.39,0.00,0.0000
16063,LOST_LONG,0.14300,-0.58324,0.71637,-0.21046,0.20000,0.21915,1.09141,-0.41324,0.1892,1.075,1.4926,-0.9785,0.0117,-0.0129,0.33610,0.28484,0.00,-13.39,0.00,0.0000
16073,LOST_LONG,0.14300,-0.58324,0.71637,-0.21046,0.20000,0.21915,1.09141,-0.41324,0.1892,1.075,1.4926,-0.9785,0.0117,-0.0129,0.33610,0.28483,0.00,-13.39,0.00,0.0000
16083,LOST_LONG,0.14300,-0.58324,0.71637,-0.21046,0.20000,0.21915,1.09141,-0.41324,0.1892,1.075,1.4926,-0.9785,0.0117,-0.0129,0.33610,0.28480,0.00,-13.39,0.00,0.0000
16093,LOST_LONG,0.14300,-0.58324,0.71637,-0.21046,0.20000,0.21915,1.09141,-0.41324,0.1892,1.075,1.4926,-0.9785,0.0117,-0.0129,0.33611,0.28485,0.00,-13.39,0.00,0.0000
16103,LOST_LONG,0.14300,-0.58324,0.71637,-0.21046,0.20000,0.21915,1.09141,-0.41324,0.1892,1.075,1.4926,-0.9785,0.0117,-0.0129,0.33613,0.28497,0.00,-13.39,0.00,0.0000
16113,LOST_LONG,0.14300,-0.58324,0.71637,-0.21046,0.20000,0.21915,1.09141,-0.41324,0.1892,1.075,1.4926,-0.9785,0.0117,-0.0129,0.33610,0.28484,0.00,-13.39,0.00,0.0000
16123,LOST_LONG,0.14300,-0.58324,0.71637,-0.21046,0.20000,0.21915,1.09141,-0.41324,0.1892,1.075,1.4926,-0.9785,0.0117,-0.0129,0.33611,0.28486,0.00,-13.39,0.00,0.0000
16133,LOST_LONG,0.14300,-0.58324,0.71637,-0.21046,0.20000,0.21915,1.09141,-0.41324,0.1892,1.075,1.4926,-0.9785,0.0117,-0.0129,0.33610,0.28480,0.00,-13.39,0.00,0.0000
16143,LOST_LONG,0.14300,-0.58324,0.71637,-0.21046,0.20000,0.21915,1.09141,-0.41324,0.1892,1.075,1.4926,-0.9785,0.0117,-0.0129,0.33609,0.28476,0.00,-13.39,0.00,0.0000
16153,LOST_LONG,0.14300,-0.58324,0.71637,-0.21046,0.20000,0.21915,1.09141,-0.41324,0.1892,1.075,1.4926,-0.9785,0.0117,-0.0129,0.33610,0.28481,0.00,-13.39,0.00,0.0000
16163,LOST_LONG,0.14300,-0.58324,0.71637,-0.21046,0.20000,0.21915,1.09141,-0.41324,0.1892,1.075,1.4926,-0.9785,0.0117,-0.0129,0.33610,0.28482,0.00,-13.39,0.00,0.0000
16173,LOST_LONG,0.14300,-0.58324,0.71637,-0.21046,0.20000,0.21915,1.09141,-0.41324,0.1892,1.075,1.4926,-0.9785,0.0117,-0.0129,0.33611,0.28488,0.00,-13.39,0.00,0.0000
16183,LOST_LONG,0.14300,-0.58324,0.71637,-0.21046,0.20000,0.21915,1.09141,-0.41324,0.1892,1.075,1.4926,-0.9785,0.0117,-0.0129,0.33611,0.28490,0.00,-13.39,0.00,0.0000
16193,LOST_LONG,0.14300,-0.58324,0.71637,-0.21046,0.20000,0.21915,1.09141,-0.41324,0.1892,1.075,1.4926,-0.9785,0.0117,-0.0129,0.33611,0.28487,0.00,-13.39,0.00,0.0000
16203,LOST_LONG,0.14300,-0.58324,0.71637,-0.21046,0.20000,0.21915,1.09141,-0.41324,0.1892,1.075,1.4926,-0.9785,0.0117,-0.0129,0.33611,0.28485,0.00,-13.39,0.00,0.0000
16213,LOST_LONG,0.14300,-0.58324,0.71637,-0.21046,0.20000,0.21915,1.09141,-0.41324,0.1892,1.075,1.4926,-0.9785,0.0117,-0.0129,0.33610,0.28481,0.00,-13.39,0.00,0.0000
16223,LOST_LONG,0.14300,-0.58324,0.71637,-0.21046,0.20000,0.21915,1.09141,-0.41324,0.1892,1.075,1.4926,-0.9785,0.0117,-0.0129,0.33610,0.28482,0.00,-13.39,0.00,0.0000
16233,LOST_LONG,0.14300,-0.58324,0.71637,-0.21046,0.20000,0.21915,1.09141,-0.41324,0.1892,1.075,1.4926,-0.9785,0.0117,-0.0129,0.33611,0.28489,0.00,-13.39,0.00,0.0000
16243,LOST_LONG,0.14300,-0.58324,0.71637,-0.21046,0.20000,0.21915,1.09141,-0.41324,0.1892,1.075,1.4926,-0.9785,0.0117,-0.0129,0.33610,0.28483,0.00,-13.39,0.00,0.0000
16253,LOST_LONG,0.14300,-0.58324,0.71637,-0.21046,0.20000,0.21915,1.09141,-0.41324,0.1892,1.075,1.4926,-0.9785,0.0117,-0.0129,0.33611,0.28486,0.00,-13.39,0.00,0.0000
16263,LOST_LONG,0.14300,-0.58324,0.71637,-0.21046,0.20000,0.21915,1.09141,-0.41324,0.1892,1.075,1.4926,-0.9785,0.0117,-0.0129,0.33612,0.28491,0.00,-13.39,0.00,0.0000
16273,LOST_LONG,0.14300,-0.58324,0.71637,-0.21046,0.20000,0.21915,1.09141,-0.41324,0.1892,1.075,1.4926,-0.9785,0.0117,-0.0129,0.33610,0.28484,0.00,-13.39,0.00,0.0000
16283,LOST_LONG,0.14300,-0.58324,0.71637,-0.21046,0.20000,0.21915,1.09141,-0.41324,0.1892,1.075,1.4926,-0.9785,0.0117,-0.0129,0.33610,0.28482,0.00,-13.39,0.00,0.0000
16293,LOST_LONG,0.14300,-0.58324,0.71637,-0.21046,0.20000,0.21915,1.09141,-0.41324,0.1892,1.075,1.4926,-0.9785,0.0117,-0.0129,0.33612,0.28494,0.00,-13.39,0.00,0.0000
16303,LOST_LONG,0.14300,-0.58324,0.71637,-0.21046,0.20000,0.21915,1.09141,-0.41324,0.1892,1.075,1.4926,-0.9785,0.0117,-0.0129,0.33611,0.28487,0.00,-13.39,0.00,0.0000
16313,LOST_LONG,0.14300,-0.58324,0.71637,-0.21046,0.20000,0.21915,1.09141,-0.41324,0.1892,1.075,1.4926,-0.9785,0.0117,-0.0129,0.33611,0.28486,0.00,-13.39,0.00,0.0000
16323,LOST_LONG,0.14300,-0.58324,0.71637,-0.21046,0.20000,0.21915,1.09141,-0.41324,0.1892,1.075,1.4926,-0.9785,0.0117,-0.0129,0.33611,0.28485,0.00,-13.39,0.00,0.0000
16333,LOST_LONG,0.14300,-0.58324,0.71637,-0.21046,0.20000,0.21915,1.09141,-0.41324,0.1892,1.075,1.4926,-0.9785,0.0117,-0.0129,0.33610,0.28480,0.00,-13.39,0.00,0.0000
16343,LOST_LONG,0.14300,-0.58324,0.71637,-0.21046,0.20000,0.21915,1.09141,-0.41324,0.1892,1.075,1.4926,-0.9785,0.0117,-0.0129,0.33611,0.28485,0.00,-13.39,0.00,0.0000
16353,LOST_LONG,0.14300,-0.58324,0.71637,-0.21046,0.20000,0.21915,1.09141,-0.41324,0.1892,1.075,1.4926,-0.9785,0.0117,-0.0129,0.33610,0.28481,0.00,-13.39,0.00,0.0000
16363,LOST_LONG,0.14300,-0.58324,0.71637,-0.21046,0.20000,0.21915,1.09141,-0.41324,0.1892,1.075,1.4926,-0.9785,0.0117,-0.0129,0.33611,0.28486,0.00,-13.39,0.00,0.0000
16373,LOST_LONG,0.14300,-0.58324,0.71637,-0.21046,0.20000,0.21915,1.09141,-0.41324,0.1892,1.075,1.4926,-0.9785,0.0117,-0.0129,0.33611,0.28486,0.00,-13.39,0.00,0.0000
16383,LOST_LONG,0.14300,-0.58324,0.71637,-0.21046,0.20000,0.21915,1.09141,-0.41324,0.1892,1.075,1.4926,-0.9785,0.0117,-0.0129,0.33610,0.28485,0.00,-13.39,0.00,0.0000
16393,LOST_LONG,0.14300,-0.58324,0.71637,-0.21046,0.20000,0.21915,1.09141,-0.41324,0.1892,1.075,1.4926,-0.9785,0.0117,-0.0129,0.33610,0.28482,0.00,-13.39,0.00,0.0000
16403,LOST_LONG,0.14300,-0.58324,0.71637,-0.21046,0.20000,0.21915,1.09141,-0.41324,0.1892,1.075,1.4926,-0.9785,0.0117,-0.0129,0.33610,0.28479,0.00,-13.39,0.00,0.0000
16413,LOST_LONG,0.14300,-0.58324,0.71637,-0.21046,0.20000,0.21915,1.09141,-0.41324,0.1892,1.075,1.4926,-0.9785,0.0117,-0.0129,0.33610,0.28481,0.00,-13.39,0.00,0.0000
16423,LOST_LONG,0.14300,-0.58324,0.71637,-0.21046,0.20000,0.21915,1.09141,-0.41324,0.1892,1.075,1.4926,-0.9785,0.0117,-0.0129,0.33612,0.28496,0.00,-13.39,0.00,0.0000
16433,LOST_LONG,0.14300,-0.58324,0.71637,-0.21046,0.20000,0.21915,1.09141,-0.41324,0.1892,1.075,1.4926,-0.9785,0.0117,-0.0129,0.33610,0.28482,0.00,-13.39,0.00,0.0000
16443,LOST_LONG,0.14300,-0.58324,0.71637,-0.21046,0.20000,0.21915,1.09141,-0.41324,0.1892,1.075,1.4926,-0.9785,0.0117,-0.0129,0.33609,0.28479,0.00,-13.39,0.00,0.0000
16453,LOST_LONG,0.14300,-0.58324,0.71637,-0.21046,0.20000,0.21915,1.09141,-0.41324,0.1892,1.075,1.4926,-0.9785,0.0117,-0.0129,0.33611,0.28486,0.00,-13.39,0.00,0.0000
16463,LOST_LONG,0.14300,-0.58324,0.71637,-0.21046,0.20000,0.21915,1.09141,-0.41324,0.1892,1.075,1.4926,-0.9785,0.0117,-0.0129,0.33612,0.28492,0.00,-13.39,0.00,0.0000
16473,LOST_LONG,0.14300,-0.58324,0.71637,-0.21046,0.20000,0.21915,1.09141,-0.41324,0.1892,1.075,1.4926,-0.9785,0.0117,-0.0129,0.33610,0.28482,0.00,-13.39,0.00,0.0000
16483,LOST_LONG,0.14300,-0.58324,0.71637,-0.21046,0.20000,0.21915,1.09141,-0.41324,0.1892,1.075,1.4926,-0.9785,0.0117,-0.0129,0.33611,0.28485,0.00,-13.39,0.00,0.0000
16493,LOST_LONG,0.14300,-0.58324,0.71637,-0.21046,0.20000,0.21915,1.09141,-0.41324,0.1892,1.075,1.4926,-0.9785,0.0117,-0.0129,0.33611,0.28485,0.00,-13.39,0.00,0.0000
16503,LOST_LONG,0.14300,-0.58324,0.71637,-0.21046,0.20000,0.21915,1.09141,-0.41324,0.1892,1.075,1.4926,-0.9785,0.0117,-0.0129,0.33610,0.28484,0.00,-13.39,0.00,0.0000
16513,LOST_LONG,0.14300,-0.58324,0.71637,-0.21046,0.20000,0.21915,1.09141,-0.41324,0.1892,1.075,1.4926,-0.9785,0.0117,-0.0129,0.33611,0.28487,0.00,-13.39,0.00,0.0000
16523,LOST_LONG,0.14300,-0.58324,0.71637,-0.21046,0.20000,0.21915,1.09141,-0.41324,0.1892,1.075,1.4926,-0.9785,0.0117,-0.0129,0.33610,0.28482,0.00,-13.39,0.00,0.0000
16533,LOST_LONG,0.14300,-0.58324,0.71637,-0.21046,0.20000,0.21915,1.09141,-0.41324,0.1892,1.075,1.4926,-0.9785,0.0117,-0.0129,0.33613,0.28497,0.00,-13.39,0.00,0.0000
16543,LOST_LONG,0.14300,-0.58324,0.71637,-0.21046,0.20000,0.21915,1.09141,-0.41324,0.1892,1.075,1.4926,-0.9785,0.0117,-0.0129,0.33610,0.28485,0.00,-13.39,0.00,0.0000
16553,LOST_LONG,0.14300,-0.58324,0.71637,-0.21046,0.20000,0.21915,1.09141,-0.41324,0.1892,1.075,1.4926,-0.9785,0.0117,-0.0129,0.33611,0.28485,0.00,-13.39,0.00,0.0000
16563,LOST_LONG,0.14300,-0.58324,0.71637,-0.21046,0.20000,0.21915,1.09141,-0.41324,0.1892,1.075,1.4926,-0.9785,0.0117,-0.0129,0.33610,0.28484,0.00,-13.39,0.00,0.0000
16573,LOST_LONG,0.14300,-0.58324,0.71637,-0.21046,0.20000,0.21915,1.09141,-0.41324,0.1892,1.075,1.4926,-0.9785,0.0117,-0.0129,0.33610,0.28482,0.00,-13.39,0.00,0.0000
16583,LOST_LONG,0.14300,-0.58324,0.71637,-0.21046,0.20000,0.21915,1.09141,-0.41324,0.1892,1.075,1.4926,-0.9785,0.0117,-0.0129,0.33611,0.28490,0.00,-13.39,0.00,0.0000
16593,LOST_LONG,0.14300,-0.58324,0.71637,-0.21046,0.20000,0.21915,1.09141,-0.41324,0.1892,1.075,1.4926,-0.9785,0.0117,-0.0129,0.33612,0.28492,0.00,-13.39,0.00,0.0000
16603,LOST_LONG,0.14300,-0.58324,0.71637,-0.21046,0.20000,0.21915,1.09141,-0.41324,0.1892,1.075,1.4926,-0.9785,0.0117,-0.0129,0.33612,0.28492,0.00,-13.39,0.00,0.0000
16613,LOST_LONG,0.14300,-0.58324,0.71637,-0.21046,0.20000,0.21915,1.09141,-0.41324,0.1892,1.075,1.4926,-0.9785,0.0117,-0.0129,0.33611,0.28487,0.00,-13.39,0.00,0.0000
16623,LOST_LONG,0.14300,-0.58324,0.71637,-0.21046,0.20000,0.21915,1.09141,-0.41324,0.1892,1.075,1.4926,-0.9785,0.0117,-0.0129,0.33611,0.28489,0.00,-13.39,0.00,0.0000
16633,LOST_LONG,0.14300,-0.58324,0.71637,-0.21046,0.20000,0.21915,1.09141,-0.41324,0.1892,1.075,1.4926,-0.9785,0.0117,-0.0129,0.33611,0.28485,0.00,-13.39,0.00,0.0000
16643,LOST_LONG,0.14300,-0.58324,0.71637,-0.21046,0.20000,0.21915,1.09141,-0.41324,0.1892,1.075,1.4926,-0.9785,0.0117,-0.0129,0.33610,0.28484,0.00,-13.39,0.00,0.0000
16653,LOST_LONG,0.14300,-0.58324,0.71637,-0.21046,0.20000,0.21915,1.09141,-0.41324,0.1892,1.075,1.4926,-0.9785,0.0117,-0.0129,0.33610,0.28482,0.00,-13.39,0.00,0.0000
16663,LOST_LONG,0.14300,-0.58324,0.71637,-0.21046,0.20000,0.21915,1.09141,-0.41324,0.1892,1.075,1.4926,-0.9785,0.0117,-0.0129,0.33610,0.28482,0.00,-13.39,0.00,0.0000
16673,LOST_LONG,0.14300,-0.58324,0.71637,-0.21046,0.20000,0.21915,1.09141,-0.41324,0.1892,1.075,1.4926,-0.9785,0.0117,-0.0129,0.33611,0.28487,0.00,-13.39,0.00,0.0000
16683,LOST_LONG,0.14300,-0.58324,0.71637,-0.21046,0.20000,0.21915,1.09141,-0.41324,0.1892,1.075,1.4926,-0.9785,0.0117,-0.0129,0.33610,0.28483,0.00,-13.39,0.00,0.0000
16693,LOST_LONG,0.14300,-0.58324,0.71637,-0.21046,0.20000,0.21915,1.09141,-0.41324,0.1892,1.075,1.4926,-0.9785,0.0117,-0.0129,0.33610,0.28483,0.00,-13.39,0.00,0.0000
16703,LOST_LONG,0.14300,-0.58324,0.71637,-0.21046,0.20000,0.21915,1.09141,-0.41324,0.1892,1.075,1.4926,-0.9785,0.0117,-0.0129,0.33610,0.28484,0.00,-13.39,0.00,0.0000
16713,LOST_LONG,0.14300,-0.58324,0.71637,-0.21046,0.20000,0.21915,1.09141,-0.41324,0.1892,1.075,1.4926,-0.9785,0.0117,-0.0129,0.33610,0.28480,0.00,-13.39,0.00,0.0000
16723,LOST_LONG,0.14300,-0.58324,0.71637,-0.21046,0.20000,0.21915,1.09141,-0.41324,0.1892,1.075,1.4926,-0.9785,0.0117,-0.0129,0.33610,0.28481,0.00,-13.39,0.00,0.0000
16733,LOST_LONG,0.14300,-0.58324,0.71637,-0.21046,0.20000,0.21915,1.09141,-0.41324,0.1892,1.075,1.4926,-0.9785,0.0117,-0.0129,0.33610,0.28482,0.00,-13.39,0.00,0.0000
16743,LOST_LONG,0.14300,-0.58324,0.71637,-0.21046,0.20000,0.21915,1.09141,-0.41324,0.1892,1.075,1.4926,-0.9785,0.0117,-0.0129,0.33610,0.28484,0.00,-13.39,0.00,0.0000
16753,LOST_LONG,0.14300,-0.58324,0.71637,-0.21046,0.20000,0.21915,1.09141,-0.41324,0.1892,1.075,1.4926,-0.9785,0.0117,-0.0129,0.33610,0.28484,0.00,-13.39,0.00,0.0000
16763,LOST_LONG,0.14300,-0.58324,0.71637,-0.21046,0.20000,0.21915,1.09141,-0.41324,0.1892,1.075,1.4926,-0.9785,0.0117,-0.0129,0.33610,0.28483,0.00,-13.39,0.00,0.0000
16773,LOST_LONG,0.14300,-0.58324,0.71637,-0.21046,0.20000,0.21915,1.09141,-0.41324,0.1892,1.075,1.4926,-0.9785,0.0117,-0.0129,0.33611,0.28485,0.00,-13.39,0.00,0.0000
16783,LOST_LONG,0.14300,-0.58324,0.71637,-0.21046,0.20000,0.21915,1.09141,-0.41324,0.1892,1.075,1.4926,-0.9785,0.0117,-0.0129,0.33610,0.28482,0.00,-13.39,0.00,0.0000
16793,LOST_LONG,0.14300,-0.58324,0.71637,-0.21046,0.20000,0.21915,1.09141,-0.41324,0.1892,1.075,1.4926,-0.9785,0.0117,-0.0129,0.33611,0.28487,0.00,-13.39,0.00,0.0000
16803,LOST_LONG,0.14300,-0.58324,0.71637,-0.21046,0.20000,0.21915,1.09141,-0.41324,0.1892,1.075,1.4926,-0.9785,0.0117,-0.0129,0.33610,0.28482,0.00,-13.39,0.00,0.0000
16813,LOST_LONG,0.14300,-0.58324,0.71637,-0.21046,0.20000,0.21915,1.09141,-0.41324,0.1892,1.075,1.4926,-0.9785,0.0117,-0.0129,0.33610,0.28482,0.00,-13.39,0.00,0.0000
16823,LOST_LONG,0.14300,-0.58324,0.71637,-0.21046,0.20000,0.21915,1.09141,-0.41324,0.1892,1.075,1.4926,-0.9785,0.0117,-0.0129,0.33610,0.28482,0.00,-13.39,0.00,0.0000
16833,LOST_LONG,0.14300,-0.58324,0.71637,-0.21046,0.20000,0.21915,1.09141,-0.41324,0.1892,1.075,1.4926,-0.9785,0.0117,-0.0129,0.33612,0.28493,0.00,-13.39,0.00,0.0000
16843,LOST_LONG,0.14300,-0.58324,0.71637,-0.21046,0.20000,0.21915,1.09141,-0.41324,0.1892,1.075,1.4926,-0.9785,0.0117,-0.0129,0.33610,0.28482,0.00,-13.39,0.00,0.0000
16853,LOST_LONG,0.14300,-0.58324,0.71637,-0.21046,0.20000,0.21915,1.09141,-0.41324,0.1892,1.075,1.4926,-0.9785,0.0117,-0.0129,0.33610,0.28480,0.00,-13.39,0.00,0.0000
16863,LOST_LONG,0.14300,-0.58324,0.71637,-0.21046,0.20000,0.21915,1.09141,-0.41324,0.1892,1.075,1.4926,-0.9785,0.0117,-0.0129,0.33611,0.28485,0.00,-13.39,0.00,0.0000
16873,LOST_LONG,0.14300,-0.58324,0.71637,-0.21046,0.20000,0.21915,1.09141,-0.41324,0.1892,1.075,1.4926,-0.9785,0.0117,-0.0129,0.33609,0.28479,0.00,-13.39,0.00,0.0000
16883,LOST_LONG,0.14300,-0.58324,0.71637,-0.21046,0.20000,0.21915,1.09141,-0.41324,0.1892,1.075,1.4926,-0.9785,0.0117,-0.0129,0.33610,0.28484,0.00,-13.39,0.00,0.0000
16893,LOST_LONG,0.14300,-0.58324,0.71637,-0.21046,0.20000,0.21915,1.09141,-0.41324,0.1892,1.075,1.4926,-0.9785,0.0117,-0.0129,0.33610,0.28484,0.00,-13.39,0.00,0.0000
16903,LOST_LONG,0.14300,-0.58324,0.71637,-0.21046,0.20000,0.21915,1.09141,-0.41324,0.1892,1.075,1.4926,-0.9785,0.0117,-0.0129,0.33610,0.28480,0.00,-13.39,0.00,0.0000
16913,LOST_LONG,0.14300,-0.58324,0.71637,-0.21046,0.20000,0.21915,1.09141,-0.41324,0.1892,1.075,1.4926,-0.9785,0.0117,-0.0129,0.33612,0.28491,0.00,-13.39,0.00,0.0000
16923,LOST_LONG,0.14300,-0.58324,0.71637,-0.21046,0.20000,0.21915,1.09141,-0.41324,0.1892,1.075,1.4926,-0.9785,0.0117,-0.0129,0.33611,0.28486,0.00,-13.39,0.00,0.0000
16933,LOST_LONG,0.14300,-0.58324,0.71637,-0.21046,0.20000,0.21915,1.09141,-0.41324,0.1892,1.075,1.4926,-0.9785,0.0117,-0.0129,0.33610,0.28483,0.00,-13.39,0.00,0.0000
16943,LOST_LONG,0.14300,-0.58324,0.71637,-0.21046,0.20000,0.21915,1.09141,-0.41324,0.1892,1.075,1.4926,-0.9785,0.0117,-0.0129,0.33610,0.28483,0.00,-13.39,0.00,0.0000
16953,LOST_LONG,0.14300,-0.58324,0.71637,-0.21046,0.20000,0.21915,1.09141,-0.41324,0.1892,1.075,1.4926,-0.9785,0.0117,-0.0129,0.33610,0.28480,0.00,-13.39,0.00,0.0000
16963,LOST_LONG,0.14300,-0.58324,0.71637,-0.21046,0.20000,0.21915,1.09141,-0.41324,0.1892,1.075,1.4926,-0.9785,0.0117,-0.0129,0.33611,0.28489,0.00,-13.39,0.00,0.0000
16973,LOST_LONG,0.14300,-0.58324,0.71637,-0.21046,0.20000,0.21915,1.09141,-0.41324,0.1892,1.075,1.4926,-0.9785,0.0117,-0.0129,0.33610,0.28483,0.00,-13.39,0.00,0.0000
16983,LOST_LONG,0.14300,-0.58324,0.71637,-0.21046,0.20000,0.21915,1.09141,-0.41324,0.1892,1.075,1.4926,-0.9785,0.0117,-0.0129,0.33610,0.28480,0.00,-13.39,0.00,0.0000
16993,LOST_LONG,0.14300,-0.58324,0.71637,-0.21046,0.20000,0.21915,1.09141,-0.41324,0.1892,1.075,1.4926,-0.9785,0.0117,-0.0129,0.33612,0.28491,0.00,-13.39,0.00,0.0000
17003,LOST_LONG,0.14300,-0.58324,0.71637,-0.21046,0.20000,0.21915,1.09141,-0.41324,0.1892,1.075,1.4926,-0.9785,0.0117,-0.0129,0.33610,0.28481,0.00,-13.39,0.00,0.0000
17013,LOST_LONG,0.14300,-0.58324,0.71637,-0.21046,0.20000,0.21915,1.09141,-0.41324,0.1892,1.075,1.4926,-0.9785,0.0117,-0.0129,0.33609,0.28479,0.00,-13.39,0.00,0.0000
17023,LOST_LONG,0.14300,-0.58324,0.71637,-0.21046,0.20000,0.21915,1.09141,-0.41324,0.1892,1.075,1.4926,-0.9785,0.0117,-0.0129,0.33610,0.28481,0.00,-13.39,0.00,0.0000
17033,LOST_LONG,0.14300,-0.58324,0.71637,-0.21046,0.20000,0.21915,1.09141,-0.41324,0.1892,1.075,1.4926,-0.9785,0.0117,-0.0129,0.33610,0.28482,0.00,-13.39,0.00,0.0000
17043,LOST_LONG,0.14300,-0.58324,0.71637,-0.21046,0.20000,0.21915,1.09141,-0.41324,0.1892,1.075,1.4926,-0.9785,0.0117,-0.0129,0.33614,0.28503,0.00,-13.39,0.00,0.0000
17053,LOST_LONG,0.14300,-0.58324,0.71637,-0.21046,0.20000,0.21915,1.09141,-0.41324,0.1892,1.075,1.4926,-0.9785,0.0117,-0.0129,0.33611,0.28485,0.00,-13.39,0.00,0.0000
17063,LOST_LONG,0.14300,-0.58324,0.71637,-0.21046,0.20000,0.21915,1.09141,-0.41324,0.1892,1.075,1.4926,-0.9785,0.0117,-0.0129,0.33613,0.28497,0.00,-13.39,0.00,0.0000
17073,LOST_LONG,0.14300,-0.58324,0.71637,-0.21046,0.20000,0.21915,1.09141,-0.41324,0.1892,1.075,1.4926,-0.9785,0.0117,-0.0129,0.33610,0.28483,0.00,-13.39,0.00,0.0000
17083,LOST_LONG,0.14300,-0.58324,0.71637,-0.21046,0.20000,0.21915,1.09141,-0.41324,0.1892,1.075,1.4926,-0.9785,0.0117,-0.0129,0.33610,0.28481,0.00,-13.39,0.00,0.0000
17093,LOST_LONG,0.14300,-0.58324,0.71637,-0.21046,0.20000,0.21915,1.09141,-0.41324,0.1892,1.075,1.4926,-0.9785,0.0117,-0.0129,0.33614,0.28503,0.00,-13.39,0.00,0.0000
17103,LOST_LONG,0.14300,-0.58324,0.71637,-0.21046,0.20000,0.21915,1.09141,-0.41324,0.1892,1.075,1.4926,-0.9785,0.0117,-0.0129,0.33611,0.28489,0.00,-13.39,0.00,0.0000
17113,LOST_LONG,0.14300,-0.58324,0.71637,-0.21046,0.20000,0.21915,1.09141,-0.41324,0.1892,1.075,1.4926,-0.9785,0.0117,-0.0129,0.33610,0.28483,0.00,-13.39,0.00,0.0000
17123,LOST_LONG,0.14300,-0.58324,0.71637,-0.21046,0.20000,0.21915,1.09141,-0.41324,0.1892,1.075,1.4926,-0.9785,0.0117,-0.0129,0.33609,0.28478,0.00,-13.39,0.00,0.0000
17133,LOST_LONG,0.14300,-0.58324,0.71637,-0.21046,0.20000,0.21915,1.09141,-0.41324,0.1892,1.075,1.4926,-0.9785,0.0117,-0.0129,0.33613,0.28498,0.00,-13.39,0.00,0.0000
17143,LOST_LONG,0.14300,-0.58324,0.71637,-0.21046,0.20000,0.21915,1.09141,-0.41324,0.1892,1.075,1.4926,-0.9785,0.0117,-0.0129,0.33610,0.28484,0.00,-13.39,0.00,0.0000
17153,LOST_LONG,0.14300,-0.58324,0.71637,-0.21046,0.20000,0.21915,1.09141,-0.41324,0.1892,1.075,1.4926,-0.9785,0.0117,-0.0129,0.33610,0.28485,0.00,-13.39,0.00,0.0000
17163,LOST_LONG,0.14300,-0.58324,0.71637,-0.21046,0.20000,0.21915,1.09141,-0.41324,0.1892,1.075,1.4926,-0.9785,0.0117,-0.0129,0.33611,0.28487,0.00,-13.39,0.00,0.0000
17173,LOST_LONG,0.14300,-0.58324,0.71637,-0.21046,0.20000,0.21915,1.09141,-0.41324,0.1892,1.075,1.4926,-0.9785,0.0117,-0.0129,0.33610,0.28483,0.00,-13.39,0.00,0.0000
17183,LOST_LONG,0.14300,-0.58324,0.71637,-0.21046,0.20000,0.21915,1.09141,-0.41324,0.1892,1.075,1.4926,-0.9785,0.0117,-0.0129,0.33610,0.28484,0.00,-13.39,0.00,0.0000
17193,LOST_LONG,0.14300,-0.58324,0.71637,-0.21046,0.20000,0.21915,1.09141,-0.41324,0.1892,1.075,1.4926,-0.9785,0.0117,-0.0129,0.33610,0.28484,0.00,-13.39,0.00,0.0000
17203,LOST_LONG,0.14300,-0.58324,0.71637,-0.21046,0.20000,0.21915,1.09141,-0.41324,0.1892,1.075,1.4926,-0.9785,0.0117,-0.0129,0.33610,0.28484,0.00,-13.39,0.00,0.0000
17213,LOST_LONG,0.14300,-0.58324,0.71637,-0.21046,0.20000,0.21915,1.09141,-0.41324,0.1892,1.075,1.4926,-0.9785,0.0117,-0.0129,0.33611,0.28488,0.00,-13.39,0.00,0.0000
17223,LOST_LONG,0.14300,-0.58324,0.71637,-0.21046,0.20000,0.21915,1.09141,-0.41324,0.1892,1.075,1.4926,-0.9785,0.0117,-0.0129,0.33610,0.28482,0.00,-13.39,0.00,0.0000
17233,LOST_LONG,0.14300,-0.58324,0.71637,-0.21046,0.20000,0.21915,1.09141,-0.41324,0.1892,1.075,1.4926,-0.9785,0.0117,-0.0129,0.33613,0.28497,0.00,-13.39,0.00,0.0000
17243,LOST_LONG,0.14300,-0.58324,0.71637,-0.21046,0.20000,0.21915,1.09141,-0.41324,0.1892,1.075,1.4926,-0.9785,0.0117,-0.0129,0.33610,0.28480,0.00,-13.39,0.00,0.0000
17253,LOST_LONG,0.14300,-0.58324,0.71637,-0.21046,0.20000,0.21915,1.09141,-0.41324,0.1892,1.075,1.4926,-0.9785,0.0117,-0.0129,0.33612,0.28494,0.00,-13.39,0.00,0.0000
17263,LOST_LONG,0.14300,-0.58324,0.71637,-0.21046,0.20000,0.21915,1.09141,-0.41324,0.1892,1.075,1.4926,-0.9785,0.0117,-0.0129,0.33612,0.28491,0.00,-13.39,0.00,0.0000
17273,LOST_LONG,0.14300,-0.58324,0.71637,-0.21046,0.20000,0.21915,1.09141,-0.41324,0.1892,1.075,1.4926,-0.9785,0.0117,-0.0129,0.33610,0.28483,0.00,-13.39,0.00,0.0000
17283,LOST_LONG,0.14300,-0.58324,0.71637,-0.21046,0.20000,0.21915,1.09141,-0.41324,0.1892,1.075,1.4926,-0.9785,0.0117,-0.0129,0.33610,0.28485,0.00,-13.39,0.00,0.0000
17293,LOST_LONG,0.14300,-0.58324,0.71637,-0.21046,0.20000,0.21915,1.09141,-0.41324,0.1892,1.075,1.4926,-0.9785,0.0117,-0.0129,0.33613,0.28497,0.00,-13.39,0.00,0.0000
17303,LOST_LONG,0.14300,-0.58324,0.71637,-0.21046,0.20000,0.21915,1.09141,-0.41324,0.1892,1.075,1.4926,-0.9785,0.0117,-0.0129,0.33610,0.28485,0.00,-13.39,0.00,0.0000
17313,LOST_LONG,0.14300,-0.58324,0.71637,-0.21046,0.20000,0.21915,1.09141,-0.41324,0.1892,1.075,1.4926,-0.9785,0.0117,-0.0129,0.33611,0.28486,0.00,-13.39,0.00,0.0000
17323,LOST_LONG,0.14300,-0.58324,0.71637,-0.21046,0.20000,0.21915,1.09141,-0.41324,0.1892,1.075,1.4926,-0.9785,0.0117,-0.0129,0.33610,0.28482,0.00,-13.39,0.00,0.0000
17333,LOST_LONG,0.14300,-0.58324,0.71637,-0.21046,0.20000,0.21915,1.09141,-0.41324,0.1892,1.075,1.4926,-0.9785,0.0117,-0.0129,0.33610,0.28483,0.00,-13.39,0.00,0.0000
17343,LOST_LONG,0.14300,-0.58324,0.71637,-0.21046,0.20000,0.21915,1.09141,-0.41324,0.1892,1.075,1.4926,-0.9785,0.0117,-0.0129,0.33610,0.28484,0.00,-13.39,0.00,0.0000
17353,LOST_LONG,0.14300,-0.58324,0.71637,-0.21046,0.20000,0.21915,1.09141,-0.41324,0.1892,1.075,1.4926,-0.9785,0.0117,-0.0129,0.33610,0.28484,0.00,-13.39,0.00,0.0000
17363,LOST_LONG,0.14300,-0.58324,0.71637,-0.21046,0.20000,0.21915,1.09141,-0.41324,0.1892,1.075,1.4926,-0.9785,0.0117,-0.0129,0.33610,0.28483,0.00,-13.39,0.00,0.0000
17373,LOST_LONG,0.14300,-0.58324,0.71637,-0.21046,0.20000,0.21915,1.09141,-0.41324,0.1892,1.075,1.4926,-0.9785,0.0117,-0.0129,0.33610,0.28485,0.00,-13.39,0.00,0.0000
17383,LOST_LONG,0.14300,-0.58324,0.71637,-0.21046,0.20000,0.21915,1.09141,-0.41324,0.1892,1.075,1.4926,-0.9785,0.0117,-0.0129,0.33611,0.28489,0.00,-13.39,0.00,0.0000
17393,LOST_LONG,0.14300,-0.58324,0.71637,-0.21046,0.20000,0.21915,1.09141,-0.41324,0.1892,1.075,1.4926,-0.9785,0.0117,-0.0129,0.33613,0.28497,0.00,-13.39,0.00,0.0000
17403,LOST_LONG,0.14300,-0.58324,0.71637,-0.21046,0.20000,0.21915,1.09141,-0.41324,0.1892,1.075,1.4926,-0.9785,0.0117,-0.0129,0.33610,0.28481,0.00,-13.39,0.00,0.0000
17413,LOST_LONG,0.14300,-0.58324,0.71637,-0.21046,0.20000,0.21915,1.09141,-0.41324,0.1892,1.075,1.4926,-0.9785,0.0117,-0.0129,0.33610,0.28482,0.00,-13.39,0.00,0.0000
17423,LOST_LONG,0.14300,-0.58324,0.71637,-0.21046,0.20000,0.21915,1.09141,-0.41324,0.1892,1.075,1.4926,-0.9785,0.0117,-0.0129,0.33610,0.28482,0.00,-13.39,0.00,0.0000
17433,LOST_LONG,0.14300,-0.58324,0.71637,-0.21046,0.20000,0.21915,1.09141,-0.41324,0.1892,1.075,1.4926,-0.9785,0.0117,-0.0129,0.33610,0.28482,0.00,-13.39,0.00,0.0000
17443,LOST_LONG,0.14300,-0.58324,0.71637,-0.21046,0.20000,0.21915,1.09141,-0.41324,0.1892,1.075,1.4926,-0.9785,0.0117,-0.0129,0.33610,0.28483,0.00,-13.39,0.00,0.0000
17453,LOST_LONG,0.14300,-0.58324,0.71637,-0.21046,0.20000,0.21915,1.09141,-0.41324,0.1892,1.075,1.4926,-0.9785,0.0117,-0.0129,0.33611,0.28485,0.00,-13.39,0.00,0.0000
17463,LOST_LONG,0.14300,-0.58324,0.71637,-0.21046,0.20000,0.21915,1.09141,-0.41324,0.1892,1.075,1.4926,-0.9785,0.0117,-0.0129,0.33609,0.28479,0.00,-13.39,0.00,0.0000
17473,LOST_LONG,0.14300,-0.58324,0.71637,-0.21046,0.20000,0.21915,1.09141,-0.41324,0.1892,1.075,1.4926,-0.9785,0.0117,-0.0129,0.33610,0.28482,0.00,-13.39,0.00,0.0000
17483,LOST_LONG,0.14300,-0.58324,0.71637,-0.21046,0.20000,0.21915,1.09141,-0.41324,0.1892,1.075,1.4926,-0.9785,0.0117,-0.0129,0.33610,0.28479,0.00,-13.39,0.00,0.0000
17493,LOST_LONG,0.14300,-0.58324,0.71637,-0.21046,0.20000,0.21915,1.09141,-0.41324,0.1892,1.075,1.4926,-0.9785,0.0117,-0.0129,0.33610,0.28484,0.00,-13.39,0.00,0.0000
17503,LOST_LONG,0.14300,-0.58324,0.71637,-0.21046,0.20000,0.21915,1.09141,-0.41324,0.1892,1.075,1.4926,-0.9785,0.0117,-0.0129,0.33610,0.28484,0.00,-13.39,0.00,0.0000
17513,LOST_LONG,0.14300,-0.58324,0.71637,-0.21046,0.20000,0.21915,1.09141,-0.41324,0.1892,1.075,1.4926,-0.9785,0.0117,-0.0129,0.33610,0.28484,0.00,-13.39,0.00,0.0000
17523,LOST_LONG,0.14300,-0.58324,0.71637,-0.21046,0.20000,0.21915,1.09141,-0.41324,0.1892,1.075,1.4926,-0.9785,0.0117,-0.0129,0.33610,0.28480,0.00,-13.39,0.00,0.0000
17533,LOST_LONG,0.14300,-0.58324,0.71637,-0.21046,0.20000,0.21915,1.09141,-0.41324,0.1892,1.075,1.4926,-0.9785,0.0117,-0.0129,0.33610,0.28483,0.00,-13.39,0.00,0.0000
17543,LOST_LONG,0.14300,-0.58324,0.71637,-0.21046,0.20000,0.21915,1.09141,-0.41324,0.1892,1.075,1.4926,-0.9785,0.0117,-0.0129,0.33610,0.28484,0.00,-13.39,0.00,0.0000
17553,LOST_LONG,0.14300,-0.58324,0.71637,-0.21046,0.20000,0.21915,1.09141,-0.41324,0.1892,1.075,1.4926,-0.9785,0.0117,-0.0129,0.33610,0.28480,0.00,-13.39,0.00,0.0000
17563,LOST_LONG,0.14300,-0.58324,0.71637,-0.21046,0.20000,0.21915,1.09141,-0.41324,0.1892,1.075,1.4926,-0.9785,0.0117,-0.0129,0.33610,0.28481,0.00,-13.39,0.00,0.0000
17573,LOST_LONG,0.14300,-0.58324,0.71637,-0.21046,0.20000,0.21915,1.09141,-0.41324,0.1892,1.075,1.4926,-0.9785,0.0117,-0.0129,0.33611,0.28485,0.00,-13.39,0.00,0.0000
17583,LOST_LONG,0.14300,-0.58324,0.71637,-0.21046,0.20000,0.21915,1.09141,-0.41324,0.1892,1.075,1.4926,-0.9785,0.0117,-0.0129,0.33613,0.28496,0.00,-13.39,0.00,0.0000
17593,LOST_LONG,0.14300,-0.58324,0.71637,-0.21046,0.20000,0.21915,1.09141,-0.41324,0.1892,1.075,1.4926,-0.9785,0.0117,-0.0129,0.33610,0.28482,0.00,-13.39,0.00,0.0000
17603,LOST_LONG,0.14300,-0.58324,0.71637,-0.21046,0.20000,0.21915,1.09141,-0.41324,0.1892,1.075,1.4926,-0.9785,0.0117,-0.0129,0.33610,0.28483,0.00,-13.39,0.00,0.0000
17613,LOST_LONG,0.14300,-0.58324,0.71637,-0.21046,0.20000,0.21915,1.09141,-0.41324,0.1892,1.075,1.4926,-0.9785,0.0117,-0.0129,0.33611,0.28486,0.00,-13.39,0.00,0.0000
17623,LOST_LONG,0.14300,-0.58324,0.71637,-0.21046,0.20000,0.21915,1.09141,-0.41324,0.1892,1.075,1.4926,-0.9785,0.0117,-0.0129,0.33610,0.28482,0.00,-13.39,0.00,0.0000
17633,LOST_LONG,0.14300,-0.58324,0.71637,-0.21046,0.20000,0.21915,1.09141,-0.41324,0.1892,1.075,1.4926,-0.9785,0.0117,-0.0129,0.33610,0.28483,0.00,-13.39,0.00,0.0000
17643,LOST_LONG,0.14300,-0.58324,0.71637,-0.21046,0.20000,0.21915,1.09141,-0.41324,0.1892,1.075,1.4926,-0.9785,0.0117,-0.0129,0.33611,0.28485,0.00,-13.39,0.00,0.0000
17653,LOST_LONG,0.14300,-0.58324,0.71637,-0.21046,0.20000,0.21915,1.09141,-0.41324,0.1892,1.075,1.4926,-0.9785,0.0117,-0.0129,0.33612,0.28495,0.00,-13.39,0.00,0.0000
17663,LOST_LONG,0.14300,-0.58324,0.71637,-0.21046,0.20000,0.21915,1.09141,-0.41324,0.1892,1.075,1.4926,-0.9785,0.0117,-0.0129,0.33610,0.28481,0.00,-13.39,0.00,0.0000
17673,LOST_LONG,0.14300,-0.58324,0.71637,-0.21046,0.20000,0.21915,1.09141,-0.41324,0.1892,1.075,1.4926,-0.9785,0.0117,-0.0129,0.33611,0.28486,0.00,-13.39,0.00,0.0000
17683,LOST_LONG,0.14300,-0.58324,0.71637,-0.21046,0.20000,0.21915,1.09141,-0.41324,0.1892,1.075,1.4926,-0.9785,0.0117,-0.0129,0.33610,0.28483,0.00,-13.39,0.00,0.0000
17693,LOST_LONG,0.14300,-0.58324,0.71637,-0.21046,0.20000,0.21915,1.09141,-0.41324,0.1892,1.075,1.4926,-0.9785,0.0117,-0.0129,0.33611,0.28485,0.00,-13.39,0.00,0.0000
17703,LOST_LONG,0.14300,-0.58324,0.71637,-0.21046,0.20000,0.21915,1.09141,-0.41324,0.1892,1.075,1.4926,-0.9785,0.0117,-0.0129,0.33611,0.28489,0.00,-13.39,0.00,0.0000
17713,LOST_LONG,0.14300,-0.58324,0.71637,-0.21046,0.20000,0.21915,1.09141,-0.41324,0.1892,1.075,1.4926,-0.9785,0.0117,-0.0129,0.33610,0.28480,0.00,-13.39,0.00,0.0000
17723,LOST_LONG,0.14300,-0.58324,0.71637,-0.21046,0.20000,0.21915,1.09141,-0.41324,0.1892,1.075,1.4926,-0.9785,0.0117,-0.0129,0.33610,0.28483,0.00,-13.39,0.00,0.0000
17733,LOST_LONG,0.14300,-0.58324,0.71637,-0.21046,0.20000,0.21915,1.09141,-0.41324,0.1892,1.075,1.4926,-0.9785,0.0117,-0.0129,0.33610,0.28484,0.00,-13.39,0.00,0.0000
17743,LOST_LONG,0.14300,-0.58324,0.71637,-0.21046,0.20000,0.21915,1.09141,-0.41324,0.1892,1.075,1.4926,-0.9785,0.0117,-0.0129,0.33610,0.28483,0.00,-13.39,0.00,0.0000
17753,LOST_LONG,0.14300,-0.58324,0.71637,-0.21046,0.20000,0.21915,1.09141,-0.41324,0.1892,1.075,1.4926,-0.9785,0.0117,-0.0129,0.33612,0.28495,0.00,-13.39,0.00,0.0000
17763,LOST_LONG,0.14300,-0.58324,0.71637,-0.21046,0.20000,0.21915,1.09141,-0.41324,0.1892,1.075,1.4926,-0.9785,0.0117,-0.0129,0.33612,0.28492,0.00,-13.39,0.00,0.0000
17773,LOST_LONG,0.14300,-0.58324,0.71637,-0.21046,0.20000,0.21915,1.09141,-0.41324,0.1892,1.075,1.4926,-0.9785,0.0117,-0.0129,0.33610,0.28484,0.00,-13.39,0.00,0.0000
17783,LOST_LONG,0.14300,-0.58324,0.71637,-0.21046,0.20000,0.21915,1.09141,-0.41324,0.1892,1.075,1.4926,-0.9785,0.0117,-0.0129,0.33610,0.28482,0.00,-13.39,0.00,0.0000
17793,LOST_LONG,0.14300,-0.58324,0.71637,-0.21046,0.20000,0.21915,1.09141,-0.41324,0.1892,1.075,1.4926,-0.9785,0.0117,-0.0129,0.33610,0.28484,0.00,-13.39,0.00,0.0000
17803,LOST_LONG,0.14300,-0.58324,0.71637,-0.21046,0.20000,0.21915,1.09141,-0.41324,0.1892,1.075,1.4926,-0.9785,0.0117,-0.0129,0.33611,0.28486,0.00,-13.39,0.00,0.0000
17813,LOST_LONG,0.14300,-0.58324,0.71637,-0.21046,0.20000,0.21915,1.09141,-0.41324,0.1892,1.075,1.4926,-0.9785,0.0117,-0.0129,0.33610,0.28480,0.00,-13.39,0.00,0.0000
17823,LOST_LONG,0.14300,-0.58324,0.71637,-0.21046,0.20000,0.21915,1.09141,-0.41324,0.1892,1.075,1.4926,-0.9785,0.0117,-0.0129,0.33610,0.28482,0.00,-13.39,0.00,0.0000
17833,LOST_LONG,0.14300,-0.58324,0.71637,-0.21046,0.20000,0.21915,1.09141,-0.41324,0.1892,1.075,1.4926,-0.9785,0.0117,-0.0129,0.33610,0.28484,0.00,-13.39,0.00,0.0000
17843,LOST_LONG,0.14300,-0.58324,0.71637,-0.21046,0.20000,0.21915,1.09141,-0.41324,0.1892,1.075,1.4926,-0.9785,0.0117,-0.0129,0.33610,0.28481,0.00,-13.39,0.00,0.0000
17853,LOST_LONG,0.14300,-0.58324,0.71637,-0.21046,0.20000,0.21915,1.09141,-0.41324,0.1892,1.075,1.4926,-0.9785,0.0117,-0.0129,0.33612,0.28494,0.00,-13.39,0.00,0.0000
17863,LOST_LONG,0.14300,-0.58324,0.71637,-0.21046,0.20000,0.21915,1.09141,-0.41324,0.1892,1.075,1.4926,-0.9785,0.0117,-0.0129,0.33612,0.28494,0.00,-13.39,0.00,0.0000
17873,LOST_LONG,0.14300,-0.58324,0.71637,-0.21046,0.20000,0.21915,1.09141,-0.41324,0.1892,1.075,1.4926,-0.9785,0.0117,-0.0129,0.33610,0.28484,0.00,-13.39,0.00,0.0000
17883,LOST_LONG,0.14300,-0.58324,0.71637,-0.21046,0.20000,0.21915,1.09141,-0.41324,0.1892,1.075,1.4926,-0.9785,0.0117,-0.0129,0.33610,0.28483,0.00,-13.39,0.00,0.0000
17893,LOST_LONG,0.14300,-0.58324,0.71637,-0.21046,0.20000,0.21915,1.09141,-0.41324,0.1892,1.075,1.4926,-0.9785,0.0117,-0.0129,0.33610,0.28480,0.00,-13.39,0.00,0.0000
17903,LOST_LONG,0.14300,-0.58324,0.71637,-0.21046,0.20000,0.21915,1.09141,-0.41324,0.1892,1.075,1.4926,-0.9785,0.0117,-0.0129,0.33611,0.28485,0.00,-13.39,0.00,0.0000
17913,LOST_LONG,0.14300,-0.58324,0.71637,-0.21046,0.20000,0.21915,1.09141,-0.41324,0.1892,1.075,1.4926,-0.9785,0.0117,-0.0129,0.33610,0.28483,0.00,-13.39,0.00,0.0000
17923,LOST_LONG,0.14300,-0.58324,0.71637,-0.21046,0.20000,0.21915,1.09141,-0.41324,0.1892,1.075,1.4926,-0.9785,0.0117,-0.0129,0.33611,0.28486,0.00,-13.39,0.00,0.0000
17933,LOST_LONG,0.14300,-0.58324,0.71637,-0.21046,0.20000,0.21915,1.09141,-0.41324,0.1892,1.075,1.4926,-0.9785,0.0117,-0.0129,0.33610,0.28481,0.00,-13.39,0.00,0.0000
17943,LOST_LONG,0.14300,-0.58324,0.71637,-0.21046,0.20000,0.21915,1.09141,-0.41324,0.1892,1.075,1.4926,-0.9785,0.0117,-0.0129,0.33610,0.28482,0.00,-13.39,0.00,0.0000
17953,LOST_LONG,0.14300,-0.58324,0.71637,-0.21046,0.20000,0.21915,1.09141,-0.41324,0.1892,1.075,1.4926,-0.9785,0.0117,-0.0129,0.33610,0.28485,0.00,-13.39,0.00,0.0000
17963,LOST_LONG,0.14300,-0.58324,0.71637,-0.21046,0.20000,0.21915,1.09141,-0.41324,0.1892,1.075,1.4926,-0.9785,0.0117,-0.0129,0.33611,0.28485,0.00,-13.39,0.00,0.0000
17973,LOST_LONG,0.14300,-0.58324,0.71637,-0.21046,0.20000,0.21915,1.09141,-0.41324,0.1892,1.075,1.4926,-0.9785,0.0117,-0.0129,0.33611,0.28486,0.00,-13.39,0.00,0.0000
17983,LOST_LONG,0.14300,-0.58324,0.71637,-0.21046,0.20000,0.21915,1.09141,-0.41324,0.1892,1.075,1.4926,-0.9785,0.0117,-0.0129,0.33610,0.28482,0.00,-13.39,0.00,0.0000
17993,LOST_LONG,0.14300,-0.58324,0.71637,-0.21046,0.20000,0.21915,1.09141,-0.41324,0.1892,1.075,1.4926,-0.9785,0.0117,-0.0129,0.33610,0.28482,0.00,-13.39,0.00,0.0000
18003,LOST_LONG,0.14300,-0.58324,0.71637,-0.21046,0.20000,0.21915,1.09141,-0.41324,0.1892,1.075,1.4926,-0.9785,0.0117,-0.0129,0.33610,0.28482,0.00,-13.39,0.00,0.0000
18013,LOST_LONG,0.14300,-0.58324,0.71637,-0.21046,0.20000,0.21915,1.09141,-0.41324,0.1892,1.075,1.4926,-0.9785,0.0117,-0.0129,0.33611,0.28487,0.00,-13.39,0.00,0.0000
18023,LOST_LONG,0.14300,-0.58324,0.71637,-0.21046,0.20000,0.21915,1.09141,-0.41324,0.1892,1.075,1.4926,-0.9785,0.0117,-0.0129,0.33610,0.28484,0.00,-13.39,0.00,0.0000
18033,LOST_LONG,0.14300,-0.58324,0.71637,-0.21046,0.20000,0.21915,1.09141,-0.41324,0.1892,1.075,1.4926,-0.9785,0.0117,-0.0129,0.33610,0.28482,0.00,-13.39,0.00,0.0000
18043,LOST_LONG,0.14300,-0.58324,0.71637,-0.21046,0.20000,0.21915,1.09141,-0.41324,0.1892,1.075,1.4926,-0.9785,0.0117,-0.0129,0.33610,0.28485,0.00,-13.39,0.00,0.0000
18053,LOST_LONG,0.14300,-0.58324,0.71637,-0.21046,0.20000,0.21915,1.09141,-0.41324,0.1892,1.075,1.4926,-0.9785,0.0117,-0.0129,0.33612,0.28491,0.00,-13.39,0.00,0.0000
18063,LOST_LONG,0.14300,-0.58324,0.71637,-0.21046,0.20000,0.21915,1.09141,-0.41324,0.1892,1.075,1.4926,-0.9785,0.0117,-0.0129,0.33611,0.28486,0.00,-13.39,0.00,0.0000
18073,LOST_LONG,0.14300,-0.58324,0.71637,-0.21046,0.20000,0.21915,1.09141,-0.41324,0.1892,1.075,1.4926,-0.9785,0.0117,-0.0129,0.33611,0.28489,0.00,-13.39,0.00,0.0000
18083,LOST_LONG,0.14300,-0.58324,0.71637,-0.21046,0.20000,0.21915,1.09141,-0.41324,0.1892,1.075,1.4926,-0.9785,0.0117,-0.0129,0.33610,0.28480,0.00,-13.39,0.00,0.0000
18093,LOST_LONG,0.14300,-0.58324,0.71637,-0.21046,0.20000,0.21915,1.09141,-0.41324,0.1892,1.075,1.4926,-0.9785,0.0117,-0.0129,0.33610,0.28483,0.00,-13.39,0.00,0.0000
18103,LOST_LONG,0.14300,-0.58324,0.71637,-0.21046,0.20000,0.21915,1.09141,-0.41324,0.1892,1.075,1.4926,-0.9785,0.0117,-0.0129,0.33613,0.28497,0.00,-13.39,0.00,0.0000
18113,LOST_LONG,0.14300,-0.58324,0.71637,-0.21046,0.20000,0.21915,1.09141,-0.41324,0.1892,1.075,1.4926,-0.9785,0.0117,-0.0129,0.33610,0.28484,0.00,-13.39,0.00,0.0000
18123,LOST_LONG,0.14300,-0.58324,0.71637,-0.21046,0.20000,0.21915,1.09141,-0.41324,0.1892,1.075,1.4926,-0.9785,0.0117,-0.0129,0.33610,0.28481,0.00,-13.39,0.00,0.0000
18133,LOST_LONG,0.14300,-0.58324,0.71637,-0.21046,0.20000,0.21915,1.09141,-0.41324,0.1892,1.075,1.4926,-0.9785,0.0117,-0.0129,0.33610,0.28483,0.00,-13.39,0.00,0.0000
18143,LOST_LONG,0.14300,-0.58324,0.71637,-0.21046,0.20000,0.21915,1.09141,-0.41324,0.1892,1.075,1.4926,-0.9785,0.0117,-0.0129,0.33611,0.28485,0.00,-13.39,0.00,0.0000
18153,LOST_LONG,0.14300,-0.58324,0.71637,-0.21046,0.20000,0.21915,1.09141,-0.41324,0.1892,1.075,1.4926,-0.9785,0.0117,-0.0129,0.33610,0.28482,0.00,-13.39,0.00,0.0000
18163,LOST_LONG,0.14300,-0.58324,0.71637,-0.21046,0.20000,0.21915,1.09141,-0.41324,0.1892,1.075,1.4926,-0.9785,0.0117,-0.0129,0.33610,0.28482,0.00,-13.39,0.00,0.0000
18173,LOST_LONG,0.14300,-0.58324,0.71637,-0.21046,0.20000,0.21915,1.09141,-0.41324,0.1892,1.075,1.4926,-0.9785,0.0117,-0.0129,0.33610,0.28482,0.00,-13.39,0.00,0.0000
18183,LOST_LONG,0.14300,-0.58324,0.71637,-0.21046,0.20000,0.21915,1.09141,-0.41324,0.1892,1.075,1.4926,-0.9785,0.0117,-0.0129,0.33610,0.28481,0.00,-13.39,0.00,0.0000
18193,LOST_LONG,0.14300,-0.58324,0.71637,-0.21046,0.20000,0.21915,1.09141,-0.41324,0.1892,1.075,1.4926,-0.9785,0.0117,-0.0129,0.33610,0.28481,0.00,-13.39,0.00,0.0000
18203,LOST_LONG,0.14300,-0.58324,0.71637,-0.21046,0.20000,0.21915,1.09141,-0.41324,0.1892,1.075,1.4926,-0.9785,0.0117,-0.0129,0.33611,0.28487,0.00,-13.39,0.00,0.0000
18213,LOST_LONG,0.14300,-0.58324,0.71637,-0.21046,0.20000,0.21915,1.09141,-0.41324,0.1892,1.075,1.4926,-0.9785,0.0117,-0.0129,0.33610,0.28485,0.00,-13.39,0.00,0.0000
18223,LOST_LONG,0.14300,-0.58324,0.71637,-0.21046,0.20000,0.21915,1.09141,-0.41324,0.1892,1.075,1.4926,-0.9785,0.0117,-0.0129,0.33610,0.28484,0.00,-13.39,0.00,0.0000
18233,LOST_LONG,0.14300,-0.58324,0.71637,-0.21046,0.20000,0.21915,1.09141,-0.41324,0.1892,1.075,1.4926,-0.9785,0.0117,-0.0129,0.33610,0.28484,0.00,-13.39,0.00,0.0000
18243,LOST_LONG,0.14300,-0.58324,0.71637,-0.21046,0.20000,0.21915,1.09141,-0.41324,0.1892,1.075,1.4926,-0.9785,0.0117,-0.0129,0.33611,0.28487,0.00,-13.39,0.00,0.0000
18253,LOST_LONG,0.14300,-0.58324,0.71637,-0.21046,0.20000,0.21915,1.09141,-0.41324,0.1892,1.075,1.4926,-0.9785,0.0117,-0.0129,0.33610,0.28482,0.00,-13.39,0.00,0.0000
18263,LOST_LONG,0.14300,-0.58324,0.71637,-0.21046,0.20000,0.21915,1.09141,-0.41324,0.1892,1.075,1.4926,-0.9785,0.0117,-0.0129,0.33611,0.28486,0.00,-13.39,0.00,0.0000
18273,LOST_LONG,0.14300,-0.58324,0.71637,-0.21046,0.20000,0.21915,1.09141,-0.41324,0.1892,1.075,1.4926,-0.9785,0.0117,-0.0129,0.33611,0.28486,0.00,-13.39,0.00,0.0000
18283,LOST_LONG,0.14300,-0.58324,0.71637,-0.21046,0.20000,0.21915,1.09141,-0.41324,0.1892,1.075,1.4926,-0.9785,0.0117,-0.0129,0.33613,0.28496,0.00,-13.39,0.00,0.0000
18293,LOST_LONG,0.14300,-0.58324,0.71637,-0.21046,0.20000,0.21915,1.09141,-0.41324,0.1892,1.075,1.4926,-0.9785,0.0117,-0.0129,0.33610,0.28483,0.00,-13.39,0.00,0.0000
18303,LOST_LONG,0.14300,-0.58324,0.71637,-0.21046,0.20000,0.21915,1.09141,-0.41324,0.1892,1.075,1.4926,-0.9785,0.0117,-0.0129,0.33610,0.28483,0.00,-13.39,0.00,0.0000
18313,LOST_LONG,0.14300,-0.58324,0.71637,-0.21046,0.20000,0.21915,1.09141,-0.41324,0.1892,1.075,1.4926,-0.9785,0.0117,-0.0129,0.33611,0.28485,0.00,-13.39,0.00,0.0000
18323,LOST_LONG,0.14300,-0.58324,0.71637,-0.21046,0.20000,0.21915,1.09141,-0.41324,0.1892,1.075,1.4926,-0.9785,0.0117,-0.0129,0.33610,0.28480,0.00,-13.39,0.00,0.0000
18333,LOST_LONG,0.14300,-0.58324,0.71637,-0.21046,0.20000,0.21915,1.09141,-0.41324,0.1892,1.075,1.4926,-0.9785,0.0117,-0.0129,0.33610,0.28483,0.00,-13.39,0.00,0.0000
18343,LOST_LONG,0.14300,-0.58324,0.71637,-0.21046,0.20000,0.21915,1.09141,-0.41324,0.1892,1.075,1.4926,-0.9785,0.0117,-0.0129,0.33611,0.28486,0.00,-13.39,0.00,0.0000
18353,LOST_LONG,0.14300,-0.58324,0.71637,-0.21046,0.20000,0.21915,1.09141,-0.41324,0.1892,1.075,1.4926,-0.9785,0.0117,-0.0129,0.33610,0.28483,0.00,-13.39,0.00,0.0000
18363,LOST_LONG,0.14300,-0.58324,0.71637,-0.21046,0.20000,0.21915,1.09141,-0.41324,0.1892,1.075,1.4926,-0.9785,0.0117,-0.0129,0.33613,0.28497,0.00,-13.39,0.00,0.0000
18373,LOST_LONG,0.14300,-0.58324,0.71637,-0.21046,0.20000,0.21915,1.09141,-0.41324,0.1892,1.075,1.4926,-0.9785,0.0117,-0.0129,0.33610,0.28484,0.00,-13.39,0.00,0.0000
18383,LOST_LONG,0.14300,-0.58324,0.71637,-0.21046,0.20000,0.21915,1.09141,-0.41324,0.1892,1.075,1.4926,-0.9785,0.0117,-0.0129,0.33610,0.28484,0.00,-13.39,0.00,0.0000
18393,LOST_LONG,0.14300,-0.58324,0.71637,-0.21046,0.20000,0.21915,1.09141,-0.41324,0.1892,1.075,1.4926,-0.9785,0.0117,-0.0129,0.33610,0.28480,0.00,-13.39,0.00,0.0000
18403,LOST_LONG,0.14300,-0.58324,0.71637,-0.21046,0.20000,0.21915,1.09141,-0.41324,0.1892,1.075,1.4926,-0.9785,0.0117,-0.0129,0.33610,0.28482,0.00,-13.39,0.00,0.0000
18413,LOST_LONG,0.14300,-0.58324,0.71637,-0.21046,0.20000,0.21915,1.09141,-0.41324,0.1892,1.075,1.4926,-0.9785,0.0117,-0.0129,0.33610,0.28482,0.00,-13.39,0.00,0.0000
18423,LOST_LONG,0.14300,-0.58324,0.71637,-0.21046,0.20000,0.21915,1.09141,-0.41324,0.1892,1.075,1.4926,-0.9785,0.0117,-0.0129,0.33610,0.28480,0.00,-13.39,0.00,0.0000
18433,LOST_LONG,0.14300,-0.58324,0.71637,-0.21046,0.20000,0.21915,1.09141,-0.41324,0.1892,1.075,1.4926,-0.9785,0.0117,-0.0129,0.33610,0.28485,0.00,-13.39,0.00,0.0000
18443,LOST_LONG,0.14300,-0.58324,0.71637,-0.21046,0.20000,0.21915,1.09141,-0.41324,0.1892,1.075,1.4926,-0.9785,0.0117,-0.0129,0.33610,0.28483,0.00,-13.39,0.00,0.0000
18453,LOST_LONG,0.14300,-0.58324,0.71637,-0.21046,0.20000,0.21915,1.09141,-0.41324,0.1892,1.075,1.4926,-0.9785,0.0117,-0.0129,0.33610,0.28481,0.00,-13.39,0.00,0.0000
18463,LOST_LONG,0.14300,-0.58324,0.71637,-0.21046,0.20000,0.21915,1.09141,-0.41324,0.1892,1.075,1.4926,-0.9785,0.0117,-0.0129,0.33610,0.28484,0.00,-13.39,0.00,0.0000
18473,LOST_LONG,0.14300,-0.58324,0.71637,-0.21046,0.20000,0.21915,1.09141,-0.41324,0.1892,1.075,1.4926,-0.9785,0.0117,-0.0129,0.33612,0.28495,0.00,-13.39,0.00,0.0000
18483,LOST_LONG,0.14300,-0.58324,0.71637,-0.21046,0.20000,0.21915,1.09141,-0.41324,0.1892,1.075,1.4926,-0.9785,0.0117,-0.0129,0.33610,0.28484,0.00,-13.39,0.00,0.0000
18493,LOST_LONG,0.14300,-0.58324,0.71637,-0.21046,0.20000,0.21915,1.09141,-0.41324,0.1892,1.075,1.4926,-0.9785,0.0117,-0.0129,0.33613,0.28497,0.00,-13.39,0.00,0.0000
18503,LOST_LONG,0.14300,-0.58324,0.71637,-0.21046,0.20000,0.21915,1.09141,-0.41324,0.1892,1.075,1.4926,-0.9785,0.0117,-0.0129,0.33611,0.28488,0.00,-13.39,0.00,0.0000
18513,LOST_LONG,0.14300,-0.58324,0.71637,-0.21046,0.20000,0.21915,1.09141,-0.41324,0.1892,1.075,1.4926,-0.9785,0.0117,-0.0129,0.33611,0.28485,0.00,-13.39,0.00,0.0000
18523,LOST_LONG,0.14300,-0.58324,0.71637,-0.21046,0.20000,0.21915,1.09141,-0.41324,0.1892,1.075,1.4926,-0.9785,0.0117,-0.0129,0.33610,0.28483,0.00,-13.39,0.00,0.0000
18533,LOST_LONG,0.14300,-0.58324,0.71637,-0.21046,0.20000,0.21915,1.09141,-0.41324,0.1892,1.075,1.4926,-0.9785,0.0117,-0.0129,0.33611,0.28485,0.00,-13.39,0.00,0.0000
18543,LOST_LONG,0.14300,-0.58324,0.71637,-0.21046,0.20000,0.21915,1.09141,-0.41324,0.1892,1.075,1.4926,-0.9785,0.0117,-0.0129,0.33612,0.28495,0.00,-13.39,0.00,0.0000
18553,LOST_LONG,0.14300,-0.58324,0.71637,-0.21046,0.20000,0.21915,1.09141,-0.41324,0.1892,1.075,1.4926,-0.9785,0.0117,-0.0129,0.33610,0.28483,0.00,-13.39,0.00,0.0000
18563,LOST_LONG,0.14300,-0.58324,0.71637,-0.21046,0.20000,0.21915,1.09141,-0.41324,0.1892,1.075,1.4926,-0.9785,0.0117,-0.0129,0.33612,0.28495,0.00,-13.39,0.00,0.0000
18573,LOST_LONG,0.14300,-0.58324,0.71637,-0.21046,0.20000,0.21915,1.09141,-0.41324,0.1892,1.075,1.4926,-0.9785,0.0117,-0.0129,0.33611,0.28486,0.00,-13.39,0.00,0.0000
18583,LOST_LONG,0.14300,-0.58324,0.71637,-0.21046,0.20000,0.21915,1.09141,-0.41324,0.1892,1.075,1.4926,-0.9785,0.0117,-0.0129,0.33610,0.28484,0.00,-13.39,0.00,0.0000
18593,LOST_LONG,0.14300,-0.58324,0.71637,-0.21046,0.20000,0.21915,1.09141,-0.41324,0.1892,1.075,1.4926,-0.9785,0.0117,-0.0129,0.33610,0.28484,0.00,-13.39,0.00,0.0000
18603,LOST_LONG,0.14300,-0.58324,0.71637,-0.21046,0.20000,0.21915,1.09141,-0.41324,0.1892,1.075,1.4926,-0.9785,0.0117,-0.0129,0.33610,0.28482,0.00,-13.39,0.00,0.0000
18613,LOST_LONG,0.14300,-0.58324,0.71637,-0.21046,0.20000,0.21915,1.09141,-0.41324,0.1892,1.075,1.4926,-0.9785,0.0117,-0.0129,0.33610,0.28482,0.00,-13.39,0.00,0.0000
18623,LOST_LONG,0.14300,-0.58324,0.71637,-0.21046,0.20000,0.21915,1.09141,-0.41324,0.1892,1.075,1.4926,-0.9785,0.0117,-0.0129,0.33612,0.28495,0.00,-13.39,0.00,0.0000
18633,LOST_LONG,0.14300,-0.58324,0.71637,-0.21046,0.20000,0.21915,1.09141,-0.41324,0.1892,1.075,1.4926,-0.9785,0.0117,-0.0129,0.33609,0.28478,0.00,-13.39,0.00,0.0000
18643,LOST_LONG,0.14300,-0.58324,0.71637,-0.21046,0.20000,0.21915,1.09141,-0.41324,0.1892,1.075,1.4926,-0.9785,0.0117,-0.0129,0.33610,0.28484,0.00,-13.39,0.00,0.0000
18653,LOST_LONG,0.14300,-0.58324,0.71637,-0.21046,0.20000,0.21915,1.09141,-0.41324,0.1892,1.075,1.4926,-0.9785,0.0117,-0.0129,0.33611,0.28487,0.00,-13.39,0.00,0.0000
18663,LOST_LONG,0.14300,-0.58324,0.71637,-0.21046,0.20000,0.21915,1.09141,-0.41324,0.1892,1.075,1.4926,-0.9785,0.0117,-0.0129,0.33610,0.28482,0.00,-13.39,0.00,0.0000
18673,LOST_LONG,0.14300,-0.58324,0.71637,-0.21046,0.20000,0.21915,1.09141,-0.41324,0.1892,1.075,1.4926,-0.9785,0.0117,-0.0129,0.33610,0.28482,0.00,-13.39,0.00,0.0000
18683,LOST_LONG,0.14300,-0.58324,0.71637,-0.21046,0.20000,0.21915,1.09141,-0.41324,0.1892,1.075,1.4926,-0.9785,0.0117,-0.0129,0.33610,0.28484,0.00,-13.39,0.00,0.0000
18693,LOST_LONG,0.14300,-0.58324,0.71637,-0.21046,0.20000,0.21915,1.09141,-0.41324,0.1892,1.075,1.4926,-0.9785,0.0117,-0.0129,0.33611,0.28489,0.00,-13.39,0.00,0.0000
18703,LOST_LONG,0.14300,-0.58324,0.71637,-0.21046,0.20000,0.21915,1.09141,-0.41324,0.1892,1.075,1.4926,-0.9785,0.0117,-0.0129,0.33611,0.28485,0.00,-13.39,0.00,0.0000
18713,LOST_LONG,0.14300,-0.58324,0.71637,-0.21046,0.20000,0.21915,1.09141,-0.41324,0.1892,1.075,1.4926,-0.9785,0.0117,-0.0129,0.33611,0.28487,0.00,-13.39,0.00,0.0000
18723,LOST_LONG,0.14300,-0.58324,0.71637,-0.21046,0.20000,0.21915,1.09141,-0.41324,0.1892,1.075,1.4926,-0.9785,0.0117,-0.0129,0.33610,0.28480,0.00,-13.39,0.00,0.0000
18733,LOST_LONG,0.14300,-0.58324,0.71637,-0.21046,0.20000,0.21915,1.09141,-0.41324,0.1892,1.075,1.4926,-0.9785,0.0117,-0.0129,0.33612,0.28490,0.00,-13.39,0.00,0.0000
18743,LOST_LONG,0.14300,-0.58324,0.71637,-0.21046,0.20000,0.21915,1.09141,-0.41324,0.1892,1.075,1.4926,-0.9785,0.0117,-0.0129,0.33612,0.28494,0.00,-13.39,0.00,0.0000
18753,LOST_LONG,0.14300,-0.58324,0.71637,-0.21046,0.20000,0.21915,1.09141,-0.41324,0.1892,1.075,1.4926,-0.9785,0.0117,-0.0129,0.33610,0.28484,0.00,-13.39,0.00,0.0000
18763,LOST_LONG,0.14300,-0.58324,0.71637,-0.21046,0.20000,0.21915,1.09141,-0.41324,0.1892,1.075,1.4926,-0.9785,0.0117,-0.0129,0.33611,0.28488,0.00,-13.39,0.00,0.0000
18773,LOST_LONG,0.14300,-0.58324,0.71637,-0.21046,0.20000,0.21915,1.09141,-0.41324,0.1892,1.075,1.4926,-0.9785,0.0117,-0.0129,0.33610,0.28484,0.00,-13.39,0.00,0.0000
18783,LOST_LONG,0.14300,-0.58324,0.71637,-0.21046,0.20000,0.21915,1.09141,-0.41324,0.1892,1.075,1.4926,-0.9785,0.0117,-0.0129,0.33612,0.28493,0.00,-13.39,0.00,0.0000
18793,LOST_LONG,0.14300,-0.58324,0.71637,-0.21046,0.20000,0.21915,1.09141,-0.41324,0.1892,1.075,1.4926,-0.9785,0.0117,-0.0129,0.33610,0.28484,0.00,-13.39,0.00,0.0000
18803,LOST_LONG,0.14300,-0.58324,0.71637,-0.21046,0.20000,0.21915,1.09141,-0.41324,0.1892,1.075,1.4926,-0.9785,0.0117,-0.0129,0.33610,0.28481,0.00,-13.39,0.00,0.0000
18813,LOST_LONG,0.14300,-0.58324,0.71637,-0.21046,0.20000,0.21915,1.09141,-0.41324,0.1892,1.075,1.4926,-0.9785,0.0117,-0.0129,0.33610,0.28482,0.00,-13.39,0.00,0.0000
18823,LOST_LONG,0.14300,-0.58324,0.71637,-0.21046,0.20000,0.21915,1.09141,-0.41324,0.1892,1.075,1.4926,-0.9785,0.0117,-0.0129,0.33610,0.28483,0.00,-13.39,0.00,0.0000
18833,LOST_LONG,0.14300,-0.58324,0.71637,-0.21046,0.20000,0.21915,1.09141,-0.41324,0.1892,1.075,1.4926,-0.9785,0.0117,-0.0129,0.33610,0.28484,0.00,-13.39,0.00,0.0000
18843,LOST_LONG,0.14300,-0.58324,0.71637,-0.21046,0.20000,0.21915,1.09141,-0.41324,0.1892,1.075,1.4926,-0.9785,0.0117,-0.0129,0.33610,0.28484,0.00,-13.39,0.00,0.0000
18853,LOST_LONG,0.14300,-0.58324,0.71637,-0.21046,0.20000,0.21915,1.09141,-0.41324,0.1892,1.075,1.4926,-0.9785,0.0117,-0.0129,0.33609,0.28478,0.00,-13.39,0.00,0.0000
18863,LOST_LONG,0.14300,-0.58324,0.71637,-0.21046,0.20000,0.21915,1.09141,-0.41324,0.1892,1.075,1.4926,-0.9785,0.0117,-0.0129,0.33610,0.28481,0.00,-13.39,0.00,0.0000
18873,LOST_LONG,0.14300,-0.58324,0.71637,-0.21046,0.20000,0.21915,1.09141,-0.41324,0.1892,1.075,1.4926,-0.9785,0.0117,-0.0129,0.33611,0.28487,0.00,-13.39,0.00,0.0000
18883,LOST_LONG,0.14300,-0.58324,0.71637,-0.21046,0.20000,0.21915,1.09141,-0.41324,0.1892,1.075,1.4926,-0.9785,0.0117,-0.0129,0.33613,0.28498,0.00,-13.39,0.00,0.0000
18893,LOST_LONG,0.14300,-0.58324,0.71637,-0.21046,0.20000,0.21915,1.09141,-0.41324,0.1892,1.075,1.4926,-0.9785,0.0117,-0.0129,0.33611,0.28485,0.00,-13.39,0.00,0.0000
18903,LOST_LONG,0.14300,-0.58324,0.71637,-0.21046,0.20000,0.21915,1.09141,-0.41324,0.1892,1.075,1.4926,-0.9785,0.0117,-0.0129,0.33609,0.28478,0.00,-13.39,0.00,0.0000
18913,LOST_LONG,0.14300,-0.58324,0.71637,-0.21046,0.20000,0.21915,1.09141,-0.41324,0.1892,1.075,1.4926,-0.9785,0.0117,-0.0129,0.33611,0.28487,0.00,-13.39,0.00,0.0000
18923,LOST_LONG,0.14300,-0.58324,0.71637,-0.21046,0.20000,0.21915,1.09141,-0.41324,0.1892,1.075,1.4926,-0.9785,0.0117,-0.0129,0.33610,0.28479,0.00,-13.39,0.00,0.0000
18933,LOST_LONG,0.14300,-0.58324,0.71637,-0.21046,0.20000,0.21915,1.09141,-0.41324,0.1892,1.075,1.4926,-0.9785,0.0117,-0.0129,0.33610,0.28482,0.00,-13.39,0.00,0.0000
18943,LOST_LONG,0.14300,-0.58324,0.71637,-0.21046,0.20000,0.21915,1.09141,-0.41324,0.1892,1.075,1.4926,-0.9785,0.0117,-0.0129,0.33610,0.28484,0.00,-13.39,0.00,0.0000
18953,LOST_LONG,0.14300,-0.58324,0.71637,-0.21046,0.20000,0.21915,1.09141,-0.41324,0.1892,1.075,1.4926,-0.9785,0.0117,-0.0129,0.33611,0.28486,0.00,-13.39,0.00,0.0000
18963,LOST_LONG,0.14300,-0.58324,0.71637,-0.21046,0.20000,0.21915,1.09141,-0.41324,0.1892,1.075,1.4926,-0.9785,0.0117,-0.0129,0.33613,0.28499,0.00,-13.39,0.00,0.0000
18973,LOST_LONG,0.14300,-0.58324,0.71637,-0.21046,0.20000,0.21915,1.09141,-0.41324,0.1892,1.075,1.4926,-0.9785,0.0117,-0.0129,0.33612,0.28492,0.00,-13.39,0.00,0.0000
18983,LOST_LONG,0.14300,-0.58324,0.71637,-0.21046,0.20000,0.21915,1.09141,-0.41324,0.1892,1.075,1.4926,-0.9785,0.0117,-0.0129,0.33612,0.28494,0.00,-13.39,0.00,0.0000
18993,LOST_LONG,0.14300,-0.58324,0.71637,-0.21046,0.20000,0.21915,1.09141,-0.41324,0.1892,1.075,1.4926,-0.9785,0.0117,-0.0129,0.33610,0.28482,0.00,-13.39,0.00,0.0000
19003,LOST_LONG,0.14300,-0.58324,0.71637,-0.21046,0.20000,0.21915,1.09141,-0.41324,0.1892,1.075,1.4926,-0.9785,0.0117,-0.0129,0.33610,0.28481,0.00,-13.39,0.00,0.0000
19013,LOST_LONG,0.14300,-0.58324,0.71637,-0.21046,0.20000,0.21915,1.09141,-0.41324,0.1892,1.075,1.4926,-0.9785,0.0117,-0.0129,0.33611,0.28487,0.00,-13.39,0.00,0.0000
19023,LOST_LONG,0.14300,-0.58324,0.71637,-0.21046,0.20000,0.21915,1.09141,-0.41324,0.1892,1.075,1.4926,-0.9785,0.0117,-0.0129,0.33610,0.28480,0.00,-13.39,0.00,0.0000
19033,LOST_LONG,0.14300,-0.58324,0.71637,-0.21046,0.20000,0.21915,1.09141,-0.41324,0.1892,1.075,1.4926,-0.9785,0.0117,-0.0129,0.33611,0.28490,0.00,-13.39,0.00,0.0000
19043,LOST_LONG,0.14300,-0.58324,0.71637,-0.21046,0.20000,0.21915,1.09141,-0.41324,0.1892,1.075,1.4926,-0.9785,0.0117,-0.0129,0.33610,0.28480,0.00,-13.39,0.00,0.0000
19053,LOST_LONG,0.14300,-0.58324,0.71637,-0.21046,0.20000,0.21915,1.09141,-0.41324,0.1892,1.075,1.4926,-0.9785,0.0117,-0.0129,0.33610,0.28484,0.00,-13.39,0.00,0.0000
19063,LOST_LONG,0.14300,-0.58324,0.71637,-0.21046,0.20000,0.21915,1.09141,-0.41324,0.1892,1.075,1.4926,-0.9785,0.0117,-0.0129,0.33611,0.28489,0.00,-13.39,0.00,0.0000
19073,LOST_LONG,0.14300,-0.58324,0.71637,-0.21046,0.20000,0.21915,1.09141,-0.41324,0.1892,1.075,1.4926,-0.9785,0.0117,-0.0129,0.33610,0.28484,0.00,-13.39,0.00,0.0000
19083,LOST_LONG,0.14300,-0.58324,0.71637,-0.21046,0.20000,0.21915,1.09141,-0.41324,0.1892,1.075,1.4926,-0.9785,0.0117,-0.0129,0.33610,0.28483,0.00,-13.39,0.00,0.0000
19093,LOST_LONG,0.14300,-0.58324,0.71637,-0.21046,0.20000,0.21915,1.09141,-0.41324,0.1892,1.075,1.4926,-0.9785,0.0117,-0.0129,0.33610,0.28479,0.00,-13.39,0.00,0.0000
19103,LOST_LONG,0.14300,-0.58324,0.71637,-0.21046,0.20000,0.21915,1.09141,-0.41324,0.1892,1.075,1.4926,-0.9785,0.0117,-0.0129,0.33612,0.28494,0.00,-13.39,0.00,0.0000
19113,LOST_LONG,0.14300,-0.58324,0.71637,-0.21046,0.20000,0.21915,1.09141,-0.41324,0.1892,1.075,1.4926,-0.9785,0.0117,-0.0129,0.33613,0.28499,0.00,-13.39,0.00,0.0000
19123,LOST_LONG,0.14300,-0.58324,0.71637,-0.21046,0.20000,0.21915,1.09141,-0.41324,0.1892,1.075,1.4926,-0.9785,0.0117,-0.0129,0.33609,0.28479,0.00,-13.39,0.00,0.0000
19133,LOST_LONG,0.14300,-0.58324,0.71637,-0.21046,0.20000,0.21915,1.09141,-0.41324,0.1892,1.075,1.4926,-0.9785,0.0117,-0.0129,0.33609,0.28478,0.00,-13.39,0.00,0.0000
19143,LOST_LONG,0.14300,-0.58324,0.71637,-0.21046,0.20000,0.21915,1.09141,-0.41324,0.1892,1.075,1.4926,-0.9785,0.0117,-0.0129,0.33610,0.28481,0.00,-13.39,0.00,0.0000
19153,LOST_LONG,0.14300,-0.58324,0.71637,-0.21046,0.20000,0.21915,1.09141,-0.41324,0.1892,1.075,1.4926,-0.9785,0.0117,-0.0129,0.33610,0.28481,0.00,-13.39,0.00,0.0000
19163,LOST_LONG,0.14300,-0.58324,0.71637,-0.21046,0.20000,0.21915,1.09141,-0.41324,0.1892,1.075,1.4926,-0.9785,0.0117,-0.0129,0.33610,0.28481,0.00,-13.39,0.00,0.0000
19173,LOST_LONG,0.14300,-0.58324,0.71637,-0.21046,0.20000,0.21915,1.09141,-0.41324,0.1892,1.075,1.4926,-0.9785,0.0117,-0.0129,0.33610,0.28483,0.00,-13.39,0.00,0.0000
19183,LOST_LONG,0.14300,-0.58324,0.71637,-0.21046,0.20000,0.21915,1.09141,-0.41324,0.1892,1.075,1.4926,-0.9785,0.0117,-0.0129,0.33611,0.28487,0.00,-13.39,0.00,0.0000
19193,LOST_LONG,0.14300,-0.58324,0.71637,-0.21046,0.20000,0.21915,1.09141,-0.41324,0.1892,1.075,1.4926,-0.9785,0.0117,-0.0129,0.33610,0.28483,0.00,-13.39,0.00,0.0000
19203,LOST_LONG,0.14300,-0.58324,0.71637,-0.21046,0.20000,0.21915,1.09141,-0.41324,0.1892,1.075,1.4926,-0.9785,0.0117,-0.0129,0.33608,0.28473,0.00,-13.39,0.00,0.0000
19213,LOST_LONG,0.14300,-0.58324,0.71637,-0.21046,0.20000,0.21915,1.09141,-0.41324,0.1892,1.075,1.4926,-0.9785,0.0117,-0.0129,0.33611,0.28487,0.00,-13.39,0.00,0.0000
19223,LOST_LONG,0.14300,-0.58324,0.71637,-0.21046,0.20000,0.21915,1.09141,-0.41324,0.1892,1.075,1.4926,-0.9785,0.0117,-0.0129,0.33610,0.28481,0.00,-13.39,0.00,0.0000
19233,LOST_LONG,0.14300,-0.58324,0.71637,-0.21046,0.20000,0.21915,1.09141,-0.41324,0.1892,1.075,1.4926,-0.9785,0.0117,-0.0129,0.33610,0.28482,0.00,-13.39,0.00,0.0000
19243,LOST_LONG,0.14300,-0.58324,0.71637,-0.21046,0.20000,0.21915,1.09141,-0.41324,0.1892,1.075,1.4926,-0.9785,0.0117,-0.0129,0.33609,0.28479,0.00,-13.39,0.00,0.0000
19253,LOST_LONG,0.14300,-0.58324,0.71637,-0.21046,0.20000,0.21915,1.09141,-0.41324,0.1892,1.075,1.4926,-0.9785,0.0117,-0.0129,0.33612,0.28492,0.00,-13.39,0.00,0.0000
19263,LOST_LONG,0.14300,-0.58324,0.71637,-0.21046,0.20000,0.21915,1.09141,-0.41324,0.1892,1.075,1.4926,-0.9785,0.0117,-0.0129,0.33613,0.28499,0.00,-13.39,0.00,0.0000
19273,LOST_LONG,0.14300,-0.58324,0.71637,-0.21046,0.20000,0.21915,1.09141,-0.41324,0.1892,1.075,1.4926,-0.9785,0.0117,-0.0129,0.33610,0.28482,0.00,-13.39,0.00,0.0000
19283,LOST_LONG,0.14300,-0.58324,0.71637,-0.21046,0.20000,0.21915,1.09141,-0.41324,0.1892,1.075,1.4926,-0.9785,0.0117,-0.0129,0.33609,0.28479,0.00,-13.39,0.00,0.0000
19293,LOST_LONG,0.14300,-0.58324,0.71637,-0.21046,0.20000,0.21915,1.09141,-0.41324,0.1892,1.075,1.4926,-0.9785,0.0117,-0.0129,0.33610,0.28479,0.00,-13.39,0.00,0.0000
19303,LOST_LONG,0.14300,-0.58324,0.71637,-0.21046,0.20000,0.21915,1.09141,-0.41324,0.1892,1.075,1.4926,-0.9785,0.0117,-0.0129,0.33610,0.28482,0.00,-13.39,0.00,0.0000
19313,LOST_LONG,0.14300,-0.58324,0.71637,-0.21046,0.20000,0.21915,1.09141,-0.41324,0.1892,1.075,1.4926,-0.9785,0.0117,-0.0129,0.33611,0.28487,0.00,-13.39,0.00,0.0000
19323,LOST_LONG,0.14300,-0.58324,0.71637,-0.21046,0.20000,0.21915,1.09141,-0.41324,0.1892,1.075,1.4926,-0.9785,0.0117,-0.0129,0.33610,0.28483,0.00,-13.39,0.00,0.0000
19333,LOST_LONG,0.14300,-0.58324,0.71637,-0.21046,0.20000,0.21915,1.09141,-0.41324,0.1892,1.075,1.4926,-0.9785,0.0117,-0.0129,0.33612,0.28494,0.00,-13.39,0.00,0.0000
19343,LOST_LONG,0.14300,-0.58324,0.71637,-0.21046,0.20000,0.21915,1.09141,-0.41324,0.1892,1.075,1.4926,-0.9785,0.0117,-0.0129,0.33612,0.28493,0.00,-13.39,0.00,0.0000
19353,LOST_LONG,0.14300,-0.58324,0.71637,-0.21046,0.20000,0.21915,1.09141,-0.41324,0.1892,1.075,1.4926,-0.9785,0.0117,-0.0129,0.33610,0.28480,0.00,-13.39,0.00,0.0000
19363,LOST_LONG,0.14300,-0.58324,0.71637,-0.21046,0.20000,0.21915,1.09141,-0.41324,0.1892,1.075,1.4926,-0.9785,0.0117,-0.0129,0.33610,0.28483,0.00,-13.39,0.00,0.0000
19373,LOST_LONG,0.14300,-0.58324,0.71637,-0.21046,0.20000,0.21915,1.09141,-0.41324,0.1892,1.075,1.4926,-0.9785,0.0117,-0.0129,0.33611,0.28486,0.00,-13.39,0.00,0.0000
19383,LOST_LONG,0.14300,-0.58324,0.71637,-0.21046,0.20000,0.21915,1.09141,-0.41324,0.1892,1.075,1.4926,-0.9785,0.0117,-0.0129,0.33611,0.28489,0.00,-13.39,0.00,0.0000
19393,LOST_LONG,0.14300,-0.58324,0.71637,-0.21046,0.20000,0.21915,1.09141,-0.41324,0.1892,1.075,1.4926,-0.9785,0.0117,-0.0129,0.33610,0.28484,0.00,-13.39,0.00,0.0000
19403,LOST_LONG,0.14300,-0.58324,0.71637,-0.21046,0.20000,0.21915,1.09141,-0.41324,0.1892,1.075,1.4926,-0.9785,0.0117,-0.0129,0.33610,0.28482,0.00,-13.39,0.00,0.0000
19413,LOST_LONG,0.14300,-0.58324,0.71637,-0.21046,0.20000,0.21915,1.09141,-0.41324,0.1892,1.075,1.4926,-0.9785,0.0117,-0.0129,0.33610,0.28483,0.00,-13.39,0.00,0.0000
19423,LOST_LONG,0.14300,-0.58324,0.71637,-0.21046,0.20000,0.21915,1.09141,-0.41324,0.1892,1.075,1.4926,-0.9785,0.0117,-0.0129,0.33610,0.28485,0.00,-13.39,0.00,0.0000
19433,LOST_LONG,0.14300,-0.58324,0.71637,-0.21046,0.20000,0.21915,1.09141,-0.41324,0.1892,1.075,1.4926,-0.9785,0.0117,-0.0129,0.33609,0.28476,0.00,-13.39,0.00,0.0000
19443,LOST_LONG,0.14300,-0.58324,0.71637,-0.21046,0.20000,0.21915,1.09141,-0.41324,0.1892,1.075,1.4926,-0.9785,0.0117,-0.0129,0.33610,0.28484,0.00,-13.39,0.00,0.0000
19453,LOST_LONG,0.14300,-0.58324,0.71637,-0.21046,0.20000,0.21915,1.09141,-0.41324,0.1892,1.075,1.4926,-0.9785,0.0117,-0.0129,0.33611,0.28488,0.00,-13.39,0.00,0.0000
19463,LOST_LONG,0.14300,-0.58324,0.71637,-0.21046,0.20000,0.21915,1.09141,-0.41324,0.1892,1.075,1.4926,-0.9785,0.0117,-0.0129,0.33610,0.28484,0.00,-13.39,0.00,0.0000
19473,LOST_LONG,0.14300,-0.58324,0.71637,-0.21046,0.20000,0.21915,1.09141,-0.41324,0.1892,1.075,1.4926,-0.9785,0.0117,-0.0129,0.33610,0.28479,0.00,-13.39,0.00,0.0000
19483,LOST_LONG,0.14300,-0.58324,0.71637,-0.21046,0.20000,0.21915,1.09141,-0.41324,0.1892,1.075,1.4926,-0.9785,0.0117,-0.0129,0.33610,0.28482,0.00,-13.39,0.00,0.0000
19493,LOST_LONG,0.14300,-0.58324,0.71637,-0.21046,0.20000,0.21915,1.09141,-0.41324,0.1892,1.075,1.4926,-0.9785,0.0117,-0.0129,0.33612,0.28495,0.00,-13.39,0.00,0.0000
19503,LOST_LONG,0.14300,-0.58324,0.71637,-0.21046,0.20000,0.21915,1.09141,-0.41324,0.1892,1.075,1.4926,-0.9785,0.0117,-0.0129,0.33611,0.28487,0.00,-13.39,0.00,0.0000
19513,LOST_LONG,0.14300,-0.58324,0.71637,-0.21046,0.20000,0.21915,1.09141,-0.41324,0.1892,1.075,1.4926,-0.9785,0.0117,-0.0129,0.33610,0.28484,0.00,-13.39,0.00,0.0000
19523,LOST_LONG,0.14300,-0.58324,0.71637,-0.21046,0.20000,0.21915,1.09141,-0.41324,0.1892,1.075,1.4926,-0.9785,0.0117,-0.0129,0.33611,0.28490,0.00,-13.39,0.00,0.0000
19533,LOST_LONG,0.14300,-0.58324,0.71637,-0.21046,0.20000,0.21915,1.09141,-0.41324,0.1892,1.075,1.4926,-0.9785,0.0117,-0.0129,0.33610,0.28482,0.00,-13.39,0.00,0.0000
19543,LOST_LONG,0.14300,-0.58324,0.71637,-0.21046,0.20000,0.21915,1.09141,-0.41324,0.1892,1.075,1.4926,-0.9785,0.0117,-0.0129,0.33610,0.28483,0.00,-13.39,0.00,0.0000
19553,LOST_LONG,0.14300,-0.58324,0.71637,-0.21046,0.20000,0.21915,1.09141,-0.41324,0.1892,1.075,1.4926,-0.9785,0.0117,-0.0129,0.33610,0.28480,0.00,-13.39,0.00,0.0000
19563,LOST_LONG,0.14300,-0.58324,0.71637,-0.21046,0.20000,0.21915,1.09141,-0.41324,0.1892,1.075,1.4926,-0.9785,0.0117,-0.0129,0.33611,0.28485,0.00,-13.39,0.00,0.0000
19573,LOST_LONG,0.14300,-0.58324,0.71637,-0.21046,0.20000,0.21915,1.09141,-0.41324,0.1892,1.075,1.4926,-0.9785,0.0117,-0.0129,0.33612,0.28491,0.00,-13.39,0.00,0.0000
19583,LOST_LONG,0.14300,-0.58324,0.71637,-0.21046,0.20000,0.21915,1.09141,-0.41324,0.1892,1.075,1.4926,-0.9785,0.0117,-0.0129,0.33610,0.28482,0.00,-13.39,0.00,0.0000
19593,LOST_LONG,0.14300,-0.58324,0.71637,-0.21046,0.20000,0.21915,1.09141,-0.41324,0.1892,1.075,1.4926,-0.9785,0.0117,-0.0129,0.33612,0.28494,0.00,-13.39,0.00,0.0000
19603,LOST_LONG,0.14300,-0.58324,0.71637,-0.21046,0.20000,0.21915,1.09141,-0.41324,0.1892,1.075,1.4926,-0.9785,0.0117,-0.0129,0.33611,0.28490,0.00,-13.39,0.00,0.0000
19613,LOST_LONG,0.14300,-0.58324,0.71637,-0.21046,0.20000,0.21915,1.09141,-0.41324,0.1892,1.075,1.4926,-0.9785,0.0117,-0.0129,0.33609,0.28479,0.00,-13.39,0.00,0.0000
19623,LOST_LONG,0.14300,-0.58324,0.71637,-0.21046,0.20000,0.21915,1.09141,-0.41324,0.1892,1.075,1.4926,-0.9785,0.0117,-0.0129,0.33612,0.28492,0.00,-13.39,0.00,0.0000
19633,LOST_LONG,0.14300,-0.58324,0.71637,-0.21046,0.20000,0.21915,1.09141,-0.41324,0.1892,1.075,1.4926,-0.9785,0.0117,-0.0129,0.33613,0.28496,0.00,-13.39,0.00,0.0000
19643,LOST_LONG,0.14300,-0.58324,0.71637,-0.21046,0.20000,0.21915,1.09141,-0.41324,0.1892,1.075,1.4926,-0.9785,0.0117,-0.0129,0.33613,0.28496,0.00,-13.39,0.00,0.0000
19653,LOST_LONG,0.14300,-0.58324,0.71637,-0.21046,0.20000,0.21915,1.09141,-0.41324,0.1892,1.075,1.4926,-0.9785,0.0117,-0.0129,0.33611,0.28487,0.00,-13.39,0.00,0.0000
19663,LOST_LONG,0.14300,-0.58324,0.71637,-0.21046,0.20000,0.21915,1.09141,-0.41324,0.1892,1.075,1.4926,-0.9785,0.0117,-0.0129,0.33611,0.28487,0.00,-13.39,0.00,0.0000
19673,LOST_LONG,0.14300,-0.58324,0.71637,-0.21046,0.20000,0.21915,1.09141,-0.41324,0.1892,1.075,1.4926,-0.9785,0.0117,-0.0129,0.33611,0.28486,0.00,-13.39,0.00,0.0000
19683,LOST_LONG,0.14300,-0.58324,0.71637,-0.21046,0.20000,0.21915,1.09141,-0.41324,0.1892,1.075,1.4926,-0.9785,0.0117,-0.0129,0.33610,0.28482,0.00,-13.39,0.00,0.0000
19693,LOST_LONG,0.14300,-0.58324,0.71637,-0.21046,0.20000,0.21915,1.09141,-0.41324,0.1892,1.075,1.4926,-0.9785,0.0117,-0.0129,0.33610,0.28480,0.00,-13.39,0.00,0.0000
19703,LOST_LONG,0.14300,-0.58324,0.71637,-0.21046,0.20000,0.21915,1.09141,-0.41324,0.1892,1.075,1.4926,-0.9785,0.0117,-0.0129,0.33611,0.28489,0.00,-13.39,0.00,0.0000
19713,LOST_LONG,0.14300,-0.58324,0.71637,-0.21046,0.20000,0.21915,1.09141,-0.41324,0.1892,1.075,1.4926,-0.9785,0.0117,-0.0129,0.33613,0.28496,0.00,-13.39,0.00,0.0000
19723,LOST_LONG,0.14300,-0.58324,0.71637,-0.21046,0.20000,0.21915,1.09141,-0.41324,0.1892,1.075,1.4926,-0.9785,0.0117,-0.0129,0.33611,0.28490,0.00,-13.39,0.00,0.0000
19733,LOST_LONG,0.14300,-0.58324,0.71637,-0.21046,0.20000,0.21915,1.09141,-0.41324,0.1892,1.075,1.4926,-0.9785,0.0117,-0.0129,0.33610,0.28483,0.00,-13.39,0.00,0.0000
19743,LOST_LONG,0.14300,-0.58324,0.71637,-0.21046,0.20000,0.21915,1.09141,-0.41324,0.1892,1.075,1.4926,-0.9785,0.0117,-0.0129,0.33612,0.28492,0.00,-13.39,0.00,0.0000
19753,LOST_LONG,0.14300,-0.58324,0.71637,-0.21046,0.20000,0.21915,1.09141,-0.41324,0.1892,1.075,1.4926,-0.9785,0.0117,-0.0129,0.33610,0.28485,0.00,-13.39,0.00,0.0000
19763,LOST_LONG,0.14300,-0.58324,0.71637,-0.21046,0.20000,0.21915,1.09141,-0.41324,0.1892,1.075,1.4926,-0.9785,0.0117,-0.0129,0.33614,0.28503,0.00,-13.39,0.00,0.0000
19773,LOST_LONG,0.14300,-0.58324,0.71637,-0.21046,0.20000,0.21915,1.09141,-0.41324,0.1892,1.075,1.4926,-0.9785,0.0117,-0.0129,0.33610,0.28484,0.00,-13.39,0.00,0.0000
19783,LOST_LONG,0.14300,-0.58324,0.71637,-0.21046,0.20000,0.21915,1.09141,-0.41324,0.1892,1.075,1.4926,-0.9785,0.0117,-0.0129,0.33610,0.28480,0.00,-13.39,0.00,0.0000
19793,LOST_LONG,0.14300,-0.58324,0.71637,-0.21046,0.20000,0.21915,1.09141,-0.41324,0.1892,1.075,1.4926,-0.9785,0.0117,-0.0129,0.33610,0.28483,0.00,-13.39,0.00,0.0000
19803,LOST_LONG,0.14300,-0.58324,0.71637,-0.21046,0.20000,0.21915,1.09141,-0.41324,0.1892,1.075,1.4926,-0.9785,0.0117,-0.0129,0.33610,0.28481,0.00,-13.39,0.00,0.0000
19813,LOST_LONG,0.14300,-0.58324,0.71637,-0.21046,0.20000,0.21915,1.09141,-0.41324,0.1892,1.075,1.4926,-0.9785,0.0117,-0.0129,0.33611,0.28490,0.00,-13.39,0.00,0.0000
19823,LOST_LONG,0.14300,-0.58324,0.71637,-0.21046,0.20000,0.21915,1.09141,-0.41324,0.1892,1.075,1.4926,-0.9785,0.0117,-0.0129,0.33611,0.28487,0.00,-13.39,0.00,0.0000
19833,LOST_LONG,0.14300,-0.58324,0.71637,-0.21046,0.20000,0.21915,1.09141,-0.41324,0.1892,1.075,1.4926,-0.9785,0.0117,-0.0129,0.33611,0.28490,0.00,-13.39,0.00,0.0000
19843,LOST_LONG,0.14300,-0.58324,0.71637,-0.21046,0.20000,0.21915,1.09141,-0.41324,0.1892,1.075,1.4926,-0.9785,0.0117,-0.0129,0.33611,0.28489,0.00,-13.39,0.00,0.0000
19853,LOST_LONG,0.14300,-0.58324,0.71637,-0.21046,0.20000,0.21915,1.09141,-0.41324,0.1892,1.075,1.4926,-0.9785,0.0117,-0.0129,0.33611,0.28487,0.00,-13.39,0.00,0.0000
19863,LOST_LONG,0.14300,-0.58324,0.71637,-0.21046,0.20000,0.21915,1.09141,-0.41324,0.1892,1.075,1.4926,-0.9785,0.0117,-0.0129,0.33611,0.28485,0.00,-13.39,0.00,0.0000
19873,LOST_LONG,0.14300,-0.58324,0.71637,-0.21046,0.20000,0.21915,1.09141,-0.41324,0.1892,1.075,1.4926,-0.9785,0.0117,-0.0129,0.33610,0.28481,0.00,-13.39,0.00,0.0000
19883,LOST_LONG,0.14300,-0.58324,0.71637,-0.21046,0.20000,0.21915,1.09141,-0.41324,0.1892,1.075,1.4926,-0.9785,0.0117,-0.0129,0.33614,0.28503,0.00,-13.39,0.00,0.0000
19893,LOST_LONG,0.14300,-0.58324,0.71637,-0.21046,0.20000,0.21915,1.09141,-0.41324,0.1892,1.075,1.4926,-0.9785,0.0117,-0.0129,0.33610,0.28484,0.00,-13.39,0.00,0.0000
19903,LOST_LONG,0.14300,-0.58324,0.71637,-0.21046,0.20000,0.21915,1.09141,-0.41324,0.1892,1.075,1.4926,-0.9785,0.0117,-0.0129,0.33614,0.28503,0.00,-13.39,0.00,0.0000
19913,LOST_LONG,0.14300,-0.58324,0.71637,-0.21046,0.20000,0.21915,1.09141,-0.41324,0.1892,1.075,1.4926,-0.9785,0.0117,-0.0129,0.33610,0.28482,0.00,-13.39,0.00,0.0000
19923,LOST_LONG,0.14300,-0.58324,0.71637,-0.21046,0.20000,0.21915,1.09141,-0.41324,0.1892,1.075,1.4926,-0.9785,0.0117,-0.0129,0.33611,0.28486,0.00,-13.39,0.00,0.0000
19933,LOST_LONG,0.14300,-0.58324,0.71637,-0.21046,0.20000,0.21915,1.09141,-0.41324,0.1892,1.075,1.4926,-0.9785,0.0117,-0.0129,0.33610,0.28480,0.00,-13.39,0.00,0.0000
19943,LOST_LONG,0.14300,-0.58324,0.71637,-0.21046,0.20000,0.21915,1.09141,-0.41324,0.1892,1.075,1.4926,-0.9785,0.0117,-0.0129,0.33612,0.28493,0.00,-13.39,0.00,0.0000
19953,LOST_LONG,0.14300,-0.58324,0.71637,-0.21046,0.20000,0.21915,1.09141,-0.41324,0.1892,1.075,1.4926,-0.9785,0.0117,-0.0129,0.33613,0.28496,0.00,-13.39,0.00,0.0000
19963,LOST_LONG,0.14300,-0.58324,0.71637,-0.21046,0.20000,0.21915,1.09141,-0.41324,0.1892,1.075,1.4926,-0.9785,0.0117,-0.0129,0.33610,0.28480,0.00,-13.39,0.00,0.0000
19973,LOST_LONG,0.14300,-0.58324,0.71637,-0.21046,0.20000,0.21915,1.09141,-0.41324,0.1892,1.075,1.4926,-0.9785,0.0117,-0.0129,0.33613,0.28497,0.00,-13.39,0.00,0.0000
19983,LOST_LONG,0.14300,-0.58324,0.71637,-0.21046,0.20000,0.21915,1.09141,-0.41324,0.1892,1.075,1.4926,-0.9785,0.0117,-0.0129,0.33610,0.28481,0.00,-13.39,0.00,0.0000
19993,LOST_LONG,0.14300,-0.58324,0.71637,-0.21046,0.20000,0.21915,1.09141,-0.41324,0.1892,1.075,1.4926,-0.9785,0.0117,-0.0129,0.33610,0.28481,0.00,-13.39,0.00,0.0000
20003,LOST_LONG,0.14300,-0.58324,0.71637,-0.21046,0.20000,0.21915,1.09141,-0.41324,0.1892,1.075,1.4926,-0.9785,0.0117,-0.0129,0.33610,0.28480,0.00,-13.39,0.00,0.0000
20013,LOST_LONG,0.14300,-0.58324,0.71637,-0.21046,0.20000,0.21915,1.09141,-0.41324,0.1892,1.075,1.4926,-0.9785,0.0117,-0.0129,0.33611,0.28485,0.00,-13.39,0.00,0.0000
20023,LOST_LONG,0.14300,-0.58324,0.71637,-0.21046,0.20000,0.21915,1.09141,-0.41324,0.1892,1.075,1.4926,-0.9785,0.0117,-0.0129,0.33611,0.28490,0.00,-13.39,0.00,0.0000
20033,LOST_LONG,0.14300,-0.58324,0.71637,-0.21046,0.20000,0.21915,1.09141,-0.41324,0.1892,1.075,1.4926,-0.9785,0.0117,-0.0129,0.33610,0.28484,0.00,-13.39,0.00,0.0000
20043,LOST_LONG,0.14300,-0.58324,0.71637,-0.21046,0.20000,0.21915,1.09141,-0.41324,0.1892,1.075,1.4926,-0.9785,0.0117,-0.0129,0.33611,0.28486,0.00,-13.39,0.00,0.0000
20053,LOST_LONG,0.14300,-0.58324,0.71637,-0.21046,0.20000,0.21915,1.09141,-0.41324,0.1892,1.075,1.4926,-0.9785,0.0117,-0.0129,0.33610,0.28483,0.00,-13.39,0.00,0.0000
20063,LOST_LONG,0.14300,-0.58324,0.71637,-0.21046,0.20000,0.21915,1.09141,-0.41324,0.1892,1.075,1.4926,-0.9785,0.0117,-0.0129,0.33610,0.28483,0.00,-13.39,0.00,0.0000
20073,LOST_LONG,0.14300,-0.58324,0.71637,-0.21046,0.20000,0.21915,1.09141,-0.41324,0.1892,1.075,1.4926,-0.9785,0.0117,-0.0129,0.33610,0.28481,0.00,-13.39,0.00,0.0000
20083,LOST_LONG,0.14300,-0.58324,0.71637,-0.21046,0.20000,0.21915,1.09141,-0.41324,0.1892,1.075,1.4926,-0.9785,0.0117,-0.0129,0.33610,0.28482,0.00,-13.39,0.00,0.0000
20093,LOST_LONG,0.14300,-0.58324,0.71637,-0.21046,0.20000,0.21915,1.09141,-0.41324,0.1892,1.075,1.4926,-0.9785,0.0117,-0.0129,0.33610,0.28482,0.00,-13.39,0.00,0.0000
20103,LOST_LONG,0.14300,-0.58324,0.71637,-0.21046,0.20000,0.21915,1.09141,-0.41324,0.1892,1.075,1.4926,-0.9785,0.0117,-0.0129,0.33610,0.28483,0.00,-13.39,0.00,0.0000
20113,LOST_LONG,0.14300,-0.58324,0.71637,-0.21046,0.20000,0.21915,1.09141,-0.41324,0.1892,1.075,1.4926,-0.9785,0.0117,-0.0129,0.33610,0.28484,0.00,-13.39,0.00,0.0000
20123,LOST_LONG,0.14300,-0.58324,0.71637,-0.21046,0.20000,0.21915,1.09141,-0.41324,0.1892,1.075,1.4926,-0.9785,0.0117,-0.0129,0.33612,0.28495,0.00,-13.39,0.00,0.0000
20133,LOST_LONG,0.14300,-0.58324,0.71637,-0.21046,0.20000,0.21915,1.09141,-0.41324,0.1892,1.075,1.4926,-0.9785,0.0117,-0.0129,0.33614,0.28503,0.00,-13.39,0.00,0.0000
20143,LOST_LONG,0.14300,-0.58324,0.71637,-0.21046,0.20000,0.21915,1.09141,-0.41324,0.1892,1.075,1.4926,-0.9785,0.0117,-0.0129,0.33609,0.28479,0.00,-13.39,0.00,0.0000
20153,LOST_LONG,0.14300,-0.58324,0.71637,-0.21046,0.20000,0.21915,1.09141,-0.41324,0.1892,1.075,1.4926,-0.9785,0.0117,-0.0129,0.33611,0.28486,0.00,-13.39,0.00,0.0000
20163,LOST_LONG,0.14300,-0.58324,0.71637,-0.21046,0.20000,0.21915,1.09141,-0.41324,0.1892,1.075,1.4926,-0.9785,0.0117,-0.0129,0.33610,0.28480,0.00,-13.39,0.00,0.0000
20173,LOST_LONG,0.14300,-0.58324,0.71637,-0.21046,0.20000,0.21915,1.09141,-0.41324,0.1892,1.075,1.4926,-0.9785,0.0117,-0.0129,0.33612,0.28496,0.00,-13.39,0.00,0.0000
20183,LOST_LONG,0.14300,-0.58324,0.71637,-0.21046,0.20000,0.21915,1.09141,-0.41324,0.1892,1.075,1.4926,-0.9785,0.0117,-0.0129,0.33611,0.28489,0.00,-13.39,0.00,0.0000
20193,LOST_LONG,0.14300,-0.58324,0.71637,-0.21046,0.20000,0.21915,1.09141,-0.41324,0.1892,1.075,1.4926,-0.9785,0.0117,-0.0129,0.33612,0.28490,0.00,-13.39,0.00,0.0000
20203,LOST_LONG,0.14300,-0.58324,0.71637,-0.21046,0.20000,0.21915,1.09141,-0.41324,0.1892,1.075,1.4926,-0.9785,0.0117,-0.0129,0.33611,0.28488,0.00,-13.39,0.00,0.0000
20213,LOST_LONG,0.14300,-0.58324,0.71637,-0.21046,0.20000,0.21915,1.09141,-0.41324,0.1892,1.075,1.4926,-0.9785,0.0117,-0.0129,0.33610,0.28482,0.00,-13.39,0.00,0.0000
20223,LOST_LONG,0.14300,-0.58324,0.71637,-0.21046,0.20000,0.21915,1.09141,-0.41324,0.1892,1.075,1.4926,-0.9785,0.0117,-0.0129,0.33609,0.28478,0.00,-13.39,0.00,0.0000
20233,LOST_LONG,0.14300,-0.58324,0.71637,-0.21046,0.20000,0.21915,1.09141,-0.41324,0.1892,1.075,1.4926,-0.9785,0.0117,-0.0129,0.33611,0.28485,0.00,-13.39,0.00,0.0000
20243,LOST_LONG,0.14300,-0.58324,0.71637,-0.21046,0.20000,0.21915,1.09141,-0.41324,0.1892,1.075,1.4926,-0.9785,0.0117,-0.0129,0.33612,0.28495,0.00,-13.39,0.00,0.0000
20253,LOST_LONG,0.14300,-0.58324,0.71637,-0.21046,0.20000,0.21915,1.09141,-0.41324,0.1892,1.075,1.4926,-0.9785,0.0117,-0.0129,0.33614,0.28503,0.00,-13.39,0.00,0.0000
20263,LOST_LONG,0.14300,-0.58324,0.71637,-0.21046,0.20000,0.21915,1.09141,-0.41324,0.1892,1.075,1.4926,-0.9785,0.0117,-0.0129,0.33609,0.28479,0.00,-13.39,0.00,0.0000
20273,LOST_LONG,0.14300,-0.58324,0.71637,-0.21046,0.20000,0.21915,1.09141,-0.41324,0.1892,1.075,1.4926,-0.9785,0.0117,-0.0129,0.33609,0.28477,0.00,-13.39,0.00,0.0000
20283,LOST_LONG,0.14300,-0.58324,0.71637,-0.21046,0.20000,0.21915,1.09141,-0.41324,0.1892,1.075,1.4926,-0.9785,0.0117,-0.0129,0.33612,0.28491,0.00,-13.39,0.00,0.0000
20293,LOST_LONG,0.14300,-0.58324,0.71637,-0.21046,0.20000,0.21915,1.09141,-0.41324,0.1892,1.075,1.4926,-0.9785,0.0117,-0.0129,0.33610,0.28483,0.00,-13.39,0.00,0.0000
20303,LOST_LONG,0.14300,-0.58324,0.71637,-0.21046,0.20000,0.21915,1.09141,-0.41324,0.1892,1.075,1.4926,-0.9785,0.0117,-0.0129,0.33610,0.28485,0.00,-13.39,0.00,0.0000
20313,LOST_LONG,0.14300,-0.58324,0.71637,-0.21046,0.20000,0.21915,1.09141,-0.41324,0.1892,1.075,1.4926,-0.9785,0.0117,-0.0129,0.33612,0.28494,0.00,-13.39,0.00,0.0000
20323,LOST_LONG,0.14300,-0.58324,0.71637,-0.21046,0.20000,0.21915,1.09141,-0.41324,0.1892,1.075,1.4926,-0.9785,0.0117,-0.0129,0.33610,0.28481,0.00,-13.39,0.00,0.0000
20333,LOST_LONG,0.14300,-0.58324,0.71637,-0.21046,0.20000,0.21915,1.09141,-0.41324,0.1892,1.075,1.4926,-0.9785,0.0117,-0.0129,0.33610,0.28484,0.00,-13.39,0.00,0.0000
20343,LOST_LONG,0.14300,-0.58324,0.71637,-0.21046,0.20000,0.21915,1.09141,-0.41324,0.1892,1.075,1.4926,-0.9785,0.0117,-0.0129,0.33610,0.28481,0.00,-13.39,0.00,0.0000
20353,LOST_LONG,0.14300,-0.58324,0.71637,-0.21046,0.20000,0.21915,1.09141,-0.41324,0.1892,1.075,1.4926,-0.9785,0.0117,-0.0129,0.33612,0.28494,0.00,-13.39,0.00,0.0000
20363,LOST_LONG,0.14300,-0.58324,0.71637,-0.21046,0.20000,0.21915,1.09141,-0.41324,0.1892,1.075,1.4926,-0.9785,0.0117,-0.0129,0.33610,0.28481,0.00,-13.39,0.00,0.0000
20373,LOST_LONG,0.14300,-0.58324,0.71637,-0.21046,0.20000,0.21915,1.09141,-0.41324,0.1892,1.075,1.4926,-0.9785,0.0117,-0.0129,0.33610,0.28482,0.00,-13.39,0.00,0.0000
20383,LOST_LONG,0.14300,-0.58324,0.71637,-0.21046,0.20000,0.21915,1.09141,-0.41324,0.1892,1.075,1.4926,-0.9785,0.0117,-0.0129,0.33609,0.28479,0.00,-13.39,0.00,0.0000
20393,LOST_LONG,0.14300,-0.58324,0.71637,-0.21046,0.20000,0.21915,1.09141,-0.41324,0.1892,1.075,1.4926,-0.9785,0.0117,-0.0129,0.33612,0.28492,0.00,-13.39,0.00,0.0000
20403,LOST_LONG,0.14300,-0.58324,0.71637,-0.21046,0.20000,0.21915,1.09141,-0.41324,0.1892,1.075,1.4926,-0.9785,0.0117,-0.0129,0.33610,0.28481,0.00,-13.39,0.00,0.0000
20413,LOST_LONG,0.14300,-0.58324,0.71637,-0.21046,0.20000,0.21915,1.09141,-0.41324,0.1892,1.075,1.4926,-0.9785,0.0117,-0.0129,0.33612,0.28495,0.00,-13.39,0.00,0.0000
20423,LOST_LONG,0.14300,-0.58324,0.71637,-0.21046,0.20000,0.21915,1.09141,-0.41324,0.1892,1.075,1.4926,-0.9785,0.0117,-0.0129,0.33610,0.28480,0.00,-13.39,0.00,0.0000
20433,LOST_LONG,0.14300,-0.58324,0.71637,-0.21046,0.20000,0.21915,1.09141,-0.41324,0.1892,1.075,1.4926,-0.9785,0.0117,-0.0129,0.33610,0.28480,0.00,-13.39,0.00,0.0000
20443,LOST_LONG,0.14300,-0.58324,0.71637,-0.21046,0.20000,0.21915,1.09141,-0.41324,0.1892,1.075,1.4926,-0.9785,0.0117,-0.0129,0.33611,0.28488,0.00,-13.39,0.00,0.0000
20453,LOST_LONG,0.14300,-0.58324,0.71637,-0.21046,0.20000,0.21915,1.09141,-0.41324,0.1892,1.075,1.4926,-0.9785,0.0117,-0.0129,0.33610,0.28480,0.00,-13.39,0.00,0.0000
20463,LOST_LONG,0.14300,-0.58324,0.71637,-0.21046,0.20000,0.21915,1.09141,-0.41324,0.1892,1.075,1.4926,-0.9785,0.0117,-0.0129,0.33611,0.28488,0.00,-13.39,0.00,0.0000
20473,LOST_LONG,0.14300,-0.58324,0.71637,-0.21046,0.20000,0.21915,1.09141,-0.41324,0.1892,1.075,1.4926,-0.9785,0.0117,-0.0129,0.33610,0.28481,0.00,-13.39,0.00,0.0000
20483,LOST_LONG,0.14300,-0.58324,0.71637,-0.21046,0.20000,0.21915,1.09141,-0.41324,0.1892,1.075,1.4926,-0.9785,0.0117,-0.0129,0.33610,0.28481,0.00,-13.39,0.00,0.0000
20493,LOST_LONG,0.14300,-0.58324,0.71637,-0.21046,0.20000,0.21915,1.09141,-0.41324,0.1892,1.075,1.4926,-0.9785,0.0117,-0.0129,0.33610,0.28482,0.00,-13.39,0.00,0.0000
20503,LOST_LONG,0.14300,-0.58324,0.71637,-0.21046,0.20000,0.21915,1.09141,-0.41324,0.1892,1.075,1.4926,-0.9785,0.0117,-0.0129,0.33612,0.28493,0.00,-13.39,0.00,0.0000
20513,LOST_LONG,0.14300,-0.58324,0.71637,-0.21046,0.20000,0.21915,1.09141,-0.41324,0.1892,1.075,1.4926,-0.9785,0.0117,-0.0129,0.33611,0.28488,0.00,-13.39,0.00,0.0000
20523,LOST_LONG,0.14300,-0.58324,0.71637,-0.21046,0.20000,0.21915,1.09141,-0.41324,0.1892,1.075,1.4926,-0.9785,0.0117,-0.0129,0.33609,0.28479,0.00,-13.39,0.00,0.0000
20533,LOST_LONG,0.14300,-0.58324,0.71637,-0.21046,0.20000,0.21915,1.09141,-0.41324,0.1892,1.075,1.4926,-0.9785,0.0117,-0.0129,0.33613,0.28500,0.00,-13.39,0.00,0.0000
20543,LOST_LONG,0.14300,-0.58324,0.71637,-0.21046,0.20000,0.21915,1.09141,-0.41324,0.1892,1.075,1.4926,-0.9785,0.0117,-0.0129,0.33611,0.28489,0.00,-13.39,0.00,0.0000
20553,LOST_LONG,0.14300,-0.58324,0.71637,-0.21046,0.20000,0.21915,1.09141,-0.41324,0.1892,1.075,1.4926,-0.9785,0.0117,-0.0129,0.33611,0.28490,0.00,-13.39,0.00,0.0000
20563,LOST_LONG,0.14300,-0.58324,0.71637,-0.21046,0.20000,0.21915,1.09141,-0.41324,0.1892,1.075,1.4926,-0.9785,0.0117,-0.0129,0.33612,0.28493,0.00,-13.39,0.00,0.0000
20573,LOST_LONG,0.14300,-0.58324,0.71637,-0.21046,0.20000,0.21915,1.09141,-0.41324,0.1892,1.075,1.4926,-0.9785,0.0117,-0.0129,0.33611,0.28486,0.00,-13.39,0.00,0.0000
20583,LOST_LONG,0.14300,-0.58324,0.71637,-0.21046,0.20000,0.21915,1.09141,-0.41324,0.1892,1.075,1.4926,-0.9785,0.0117,-0.0129,0.33610,0.28483,0.00,-13.39,0.00,0.0000
20593,LOST_LONG,0.14300,-0.58324,0.71637,-0.21046,0.20000,0.21915,1.09141,-0.41324,0.1892,1.075,1.4926,-0.9785,0.0117,-0.0129,0.33610,0.28481,0.00,-13.39,0.00,0.0000
20603,LOST_LONG,0.14300,-0.58324,0.71637,-0.21046,0.20000,0.21915,1.09141,-0.41324,0.1892,1.075,1.4926,-0.9785,0.0117,-0.0129,0.33611,0.28485,0.00,-13.39,0.00,0.0000
20613,LOST_LONG,0.14300,-0.58324,0.71637,-0.21046,0.20000,0.21915,1.09141,-0.41324,0.1892,1.075,1.4926,-0.9785,0.0117,-0.0129,0.33610,0.28481,0.00,-13.39,0.00,0.0000
20623,LOST_LONG,0.14300,-0.58324,0.71637,-0.21046,0.20000,0.21915,1.09141,-0.41324,0.1892,1.075,1.4926,-0.9785,0.0117,-0.0129,0.33610,0.28484,0.00,-13.39,0.00,0.0000
20633,LOST_LONG,0.14300,-0.58324,0.71637,-0.21046,0.20000,0.21915,1.09141,-0.41324,0.1892,1.075,1.4926,-0.9785,0.0117,-0.0129,0.33610,0.28483,0.00,-13.39,0.00,0.0000
20643,LOST_LONG,0.14300,-0.58324,0.71637,-0.21046,0.20000,0.21915,1.09141,-0.41324,0.1892,1.075,1.4926,-0.9785,0.0117,-0.0129,0.33612,0.28491,0.00,-13.39,0.00,0.0000
20653,LOST_LONG,0.14300,-0.58324,0.71637,-0.21046,0.20000,0.21915,1.09141,-0.41324,0.1892,1.075,1.4926,-0.9785,0.0117,-0.0129,0.33610,0.28482,0.00,-13.39,0.00,0.0000
20663,LOST_LONG,0.14300,-0.58324,0.71637,-0.21046,0.20000,0.21915,1.09141,-0.41324,0.1892,1.075,1.4926,-0.9785,0.0117,-0.0129,0.33613,0.28498,0.00,-13.39,0.00,0.0000
20673,LOST_LONG,0.14300,-0.58324,0.71637,-0.21046,0.20000,0.21915,1.09141,-0.41324,0.1892,1.075,1.4926,-0.9785,0.0117,-0.0129,0.33611,0.28485,0.00,-13.39,0.00,0.0000
20683,LOST_LONG,0.14300,-0.58324,0.71637,-0.21046,0.20000,0.21915,1.09141,-0.41324,0.1892,1.075,1.4926,-0.9785,0.0117,-0.0129,0.33610,0.28485,0.00,-13.39,0.00,0.0000
20693,LOST_LONG,0.14300,-0.58324,0.71637,-0.21046,0.20000,0.21915,1.09141,-0.41324,0.1892,1.075,1.4926,-0.9785,0.0117,-0.0129,0.33610,0.28484,0.00,-13.39,0.00,0.0000
20703,LOST_LONG,0.14300,-0.58324,0.71637,-0.21046,0.20000,0.21915,1.09141,-0.41324,0.1892,1.075,1.4926,-0.9785,0.0117,-0.0129,0.33611,0.28485,0.00,-13.39,0.00,0.0000
20713,LOST_LONG,0.14300,-0.58324,0.71637,-0.21046,0.20000,0.21915,1.09141,-0.41324,0.1892,1.075,1.4926,-0.9785,0.0117,-0.0129,0.33610,0.28480,0.00,-13.39,0.00,0.0000
20723,LOST_LONG,0.14300,-0.58324,0.71637,-0.21046,0.20000,0.21915,1.09141,-0.41324,0.1892,1.075,1.4926,-0.9785,0.0117,-0.0129,0.33610,0.28482,0.00,-13.39,0.00,0.0000
20733,LOST_LONG,0.14300,-0.58324,0.71637,-0.21046,0.20000,0.21915,1.09141,-0.41324,0.1892,1.075,1.4926,-0.9785,0.0117,-0.0129,0.33610,0.28482,0.00,-13.39,0.00,0.0000
20743,LOST_LONG,0.14300,-0.58324,0.71637,-0.21046,0.20000,0.21915,1.09141,-0.41324,0.1892,1.075,1.4926,-0.9785,0.0117,-0.0129,0.33610,0.28484,0.00,-13.39,0.00,0.0000
20753,LOST_LONG,0.14300,-0.58324,0.71637,-0.21046,0.20000,0.21915,1.09141,-0.41324,0.1892,1.075,1.4926,-0.9785,0.0117,-0.0129,0.33612,0.28493,0.00,-13.39,0.00,0.0000
20763,LOST_LONG,0.14300,-0.58324,0.71637,-0.21046,0.20000,0.21915,1.09141,-0.41324,0.1892,1.075,1.4926,-0.9785,0.0117,-0.0129,0.33610,0.28482,0.00,-13.39,0.00,0.0000
20773,LOST_LONG,0.14300,-0.58324,0.71637,-0.21046,0.20000,0.21915,1.09141,-0.41324,0.1892,1.075,1.4926,-0.9785,0.0117,-0.0129,0.33611,0.28486,0.00,-13.39,0.00,0.0000
20783,LOST_LONG,0.14300,-0.58324,0.71637,-0.21046,0.20000,0.21915,1.09141,-0.41324,0.1892,1.075,1.4926,-0.9785,0.0117,-0.0129,0.33610,0.28484,0.00,-13.39,0.00,0.0000
20793,LOST_LONG,0.14300,-0.58324,0.71637,-0.21046,0.20000,0.21915,1.09141,-0.41324,0.1892,1.075,1.4926,-0.9785,0.0117,-0.0129,0.33611,0.28486,0.00,-13.39,0.00,0.0000
20803,LOST_LONG,0.14300,-0.58324,0.71637,-0.21046,0.20000,0.21915,1.09141,-0.41324,0.1892,1.075,1.4926,-0.9785,0.0117,-0.0129,0.33610,0.28483,0.00,-13.39,0.00,0.0000
20813,LOST_LONG,0.14300,-0.58324,0.71637,-0.21046,0.20000,0.21915,1.09141,-0.41324,0.1892,1.075,1.4926,-0.9785,0.0117,-0.0129,0.33612,0.28492,0.00,-13.39,0.00,0.0000
20823,LOST_LONG,0.14300,-0.58324,0.71637,-0.21046,0.20000,0.21915,1.09141,-0.41324,0.1892,1.075,1.4926,-0.9785,0.0117,-0.0129,0.33612,0.28493,0.00,-13.39,0.00,0.0000
20833,LOST_LONG,0.14300,-0.58324,0.71637,-0.21046,0.20000,0.21915,1.09141,-0.41324,0.1892,1.075,1.4926,-0.9785,0.0117,-0.0129,0.33611,0.28488,0.00,-13.39,0.00,0.0000
20843,LOST_LONG,0.14300,-0.58324,0.71637,-0.21046,0.20000,0.21915,1.09141,-0.41324,0.1892,1.075,1.4926,-0.9785,0.0117,-0.0129,0.33612,0.28492,0.00,-13.39,0.00,0.0000
20853,LOST_LONG,0.14300,-0.58324,0.71637,-0.21046,0.20000,0.21915,1.09141,-0.41324,0.1892,1.075,1.4926,-0.9785,0.0117,-0.0129,0.33610,0.28485,0.00,-13.39,0.00,0.0000
20863,LOST_LONG,0.14300,-0.58324,0.71637,-0.21046,0.20000,0.21915,1.09141,-0.41324,0.1892,1.075,1.4926,-0.9785,0.0117,-0.0129,0.33611,0.28489,0.00,-13.39,0.00,0.0000
20873,LOST_LONG,0.14300,-0.58324,0.71637,-0.21046,0.20000,0.21915,1.09141,-0.41324,0.1892,1.075,1.4926,-0.9785,0.0117,-0.0129,0.33610,0.28485,0.00,-13.39,0.00,0.0000
20883,LOST_LONG,0.14300,-0.58324,0.71637,-0.21046,0.20000,0.21915,1.09141,-0.41324,0.1892,1.075,1.4926,-0.9785,0.0117,-0.0129,0.33610,0.28483,0.00,-13.39,0.00,0.0000
20893,LOST_LONG,0.14300,-0.58324,0.71637,-0.21046,0.20000,0.21915,1.09141,-0.41324,0.1892,1.075,1.4926,-0.9785,0.0117,-0.0129,0.33610,0.28483,0.00,-13.39,0.00,0.0000
20903,LOST_LONG,0.14300,-0.58324,0.71637,-0.21046,0.20000,0.21915,1.09141,-0.41324,0.1892,1.075,1.4926,-0.9785,0.0117,-0.0129,0.33611,0.28485,0.00,-13.39,0.00,0.0000
20913,LOST_LONG,0.14300,-0.58324,0.71637,-0.21046,0.20000,0.21915,1.09141,-0.41324,0.1892,1.075,1.4926,-0.9785,0.0117,-0.0129,0.33613,0.28496,0.00,-13.39,0.00,0.0000
20923,LOST_LONG,0.14300,-0.58324,0.71637,-0.21046,0.20000,0.21915,1.09141,-0.41324,0.1892,1.075,1.4926,-0.9785,0.0117,-0.0129,0.33610,0.28480,0.00,-13.39,0.00,0.0000
20933,LOST_LONG,0.14300,-0.58324,0.71637,-0.21046,0.20000,0.21915,1.09141,-0.41324,0.1892,1.075,1.4926,-0.9785,0.0117,-0.0129,0.33611,0.28485,0.00,-13.39,0.00,0.0000
20943,LOST_LONG,0.14300,-0.58324,0.71637,-0.21046,0.20000,0.21915,1.09141,-0.41324,0.1892,1.075,1.4926,-0.9785,0.0117,-0.0129,0.33611,0.28485,0.00,-13.39,0.00,0.0000
20953,LOST_LONG,0.14300,-0.58324,0.71637,-0.21046,0.20000,0.21915,1.09141,-0.41324,0.1892,1.075,1.4926,-0.9785,0.0117,-0.0129,0.33611,0.28485,0.00,-13.39,0.00,0.0000
20963,LOST_LONG,0.14300,-0.58324,0.71637,-0.21046,0.20000,0.21915,1.09141,-0.41324,0.1892,1.075,1.4926,-0.9785,0.0117,-0.0129,0.33612,0.28494,0.00,-13.39,0.00,0.0000
20973,LOST_LONG,0.14300,-0.58324,0.71637,-0.21046,0.20000,0.21915,1.09141,-0.41324,0.1892,1.075,1.4926,-0.9785,0.0117,-0.0129,0.33610,0.28480,0.00,-13.39,0.00,0.0000
20983,LOST_LONG,0.14300,-0.58324,0.71637,-0.21046,0.20000,0.21915,1.09141,-0.41324,0.1892,1.075,1.4926,-0.9785,0.0117,-0.0129,0.33611,0.28490,0.00,-13.39,0.00,0.0000
20993,LOST_LONG,0.14300,-0.58324,0.71637,-0.21046,0.20000,0.21915,1.09141,-0.41324,0.1892,1.075,1.4926,-0.9785,0.0117,-0.0129,0.33610,0.28485,0.00,-13.39,0.00,0.0000
21003,LOST_LONG,0.14300,-0.58324,0.71637,-0.21046,0.20000,0.21915,1.09141,-0.41324,0.1892,1.075,1.4926,-0.9785,0.0117,-0.0129,0.33610,0.28484,0.00,-13.39,0.00,0.0000
21013,LOST_LONG,0.14300,-0.58324,0.71637,-0.21046,0.20000,0.21915,1.09141,-0.41324,0.1892,1.075,1.4926,-0.9785,0.0117,-0.0129,0.33611,0.28486,0.00,-13.39,0.00,0.0000
21023,LOST_LONG,0.14300,-0.58324,0.71637,-0.21046,0.20000,0.21915,1.09141,-0.41324,0.1892,1.075,1.4926,-0.9785,0.0117,-0.0129,0.33611,0.28485,0.00,-13.39,0.00,0.0000
21033,LOST_LONG,0.14300,-0.58324,0.71637,-0.21046,0.20000,0.21915,1.09141,-0.41324,0.1892,1.075,1.4926,-0.9785,0.0117,-0.0129,0.33610,0.28481,0.00,-13.39,0.00,0.0000
21043,LOST_LONG,0.14300,-0.58324,0.71637,-0.21046,0.20000,0.21915,1.09141,-0.41324,0.1892,1.075,1.4926,-0.9785,0.0117,-0.0129,0.33611,0.28485,0.00,-13.39,0.00,0.0000
21053,LOST_LONG,0.14300,-0.58324,0.71637,-0.21046,0.20000,0.21915,1.09141,-0.41324,0.1892,1.075,1.4926,-0.9785,0.0117,-0.0129,0.33610,0.28480,0.00,-13.39,0.00,0.0000
21063,LOST_LONG,0.14300,-0.58324,0.71637,-0.21046,0.20000,0.21915,1.09141,-0.41324,0.1892,1.075,1.4926,-0.9785,0.0117,-0.0129,0.33610,0.28485,0.00,-13.39,0.00,0.0000
21073,LOST_LONG,0.14300,-0.58324,0.71637,-0.21046,0.20000,0.21915,1.09141,-0.41324,0.1892,1.075,1.4926,-0.9785,0.0117,-0.0129,0.33610,0.28480,0.00,-13.39,0.00,0.0000
21083,LOST_LONG,0.14300,-0.58324,0.71637,-0.21046,0.20000,0.21915,1.09141,-0.41324,0.1892,1.075,1.4926,-0.9785,0.0117,-0.0129,0.33611,0.28488,0.00,-13.39,0.00,0.0000
21093,LOST_LONG,0.14300,-0.58324,0.71637,-0.21046,0.20000,0.21915,1.09141,-0.41324,0.1892,1.075,1.4926,-0.9785,0.0117,-0.0129,0.33611,0.28487,0.00,-13.39,0.00,0.0000
21103,LOST_LONG,0.14300,-0.58324,0.71637,-0.21046,0.20000,0.21915,1.09141,-0.41324,0.1892,1.075,1.4926,-0.9785,0.0117,-0.0129,0.33610,0.28482,0.00,-13.39,0.00,0.0000
21113,LOST_LONG,0.14300,-0.58324,0.71637,-0.21046,0.20000,0.21915,1.09141,-0.41324,0.1892,1.075,1.4926,-0.9785,0.0117,-0.0129,0.33610,0.28485,0.00,-13.39,0.00,0.0000
21123,LOST_LONG,0.14300,-0.58324,0.71637,-0.21046,0.20000,0.21915,1.09141,-0.41324,0.1892,1.075,1.4926,-0.9785,0.0117,-0.0129,0.33610,0.28482,0.00,-13.39,0.00,0.0000
21133,LOST_LONG,0.14300,-0.58324,0.71637,-0.21046,0.20000,0.21915,1.09141,-0.41324,0.1892,1.075,1.4926,-0.9785,0.0117,-0.0129,0.33611,0.28486,0.00,-13.39,0.00,0.0000
21143,LOST_LONG,0.14300,-0.58324,0.71637,-0.21046,0.20000,0.21915,1.09141,-0.41324,0.1892,1.075,1.4926,-0.9785,0.0117,-0.0129,0.33611,0.28486,0.00,-13.39,0.00,0.0000
21153,LOST_LONG,0.14300,-0.58324,0.71637,-0.21046,0.20000,0.21915,1.09141,-0.41324,0.1892,1.075,1.4926,-0.9785,0.0117,-0.0129,0.33612,0.28495,0.00,-13.39,0.00,0.0000
21163,LOST_LONG,0.14300,-0.58324,0.71637,-0.21046,0.20000,0.21915,1.09141,-0.41324,0.1892,1.075,1.4926,-0.9785,0.0117,-0.0129,0.33610,0.28480,0.00,-13.39,0.00,0.0000
21173,LOST_LONG,0.14300,-0.58324,0.71637,-0.21046,0.20000,0.21915,1.09141,-0.41324,0.1892,1.075,1.4926,-0.9785,0.0117,-0.0129,0.33610,0.28481,0.00,-13.39,0.00,0.0000
21183,LOST_LONG,0.14300,-0.58324,0.71637,-0.21046,0.20000,0.21915,1.09141,-0.41324,0.1892,1.075,1.4926,-0.9785,0.0117,-0.0129,0.33610,0.28481,0.00,-13.39,0.00,0.0000
21193,LOST_LONG,0.14300,-0.58324,0.71637,-0.21046,0.20000,0.21915,1.09141,-0.41324,0.1892,1.075,1.4926,-0.9785,0.0117,-0.0129,0.33610,0.28481,0.00,-13.39,0.00,0.0000
21203,LOST_LONG,0.14300,-0.58324,0.71637,-0.21046,0.20000,0.21915,1.09141,-0.41324,0.1892,1.075,1.4926,-0.9785,0.0117,-0.0129,0.33610,0.28483,0.00,-13.39,0.00,0.0000
21213,LOST_LONG,0.14300,-0.58324,0.71637,-0.21046,0.20000,0.21915,1.09141,-0.41324,0.1892,1.075,1.4926,-0.9785,0.0117,-0.0129,0.33611,0.28488,0.00,-13.39,0.00,0.0000
21223,LOST_LONG,0.14300,-0.58324,0.71637,-0.21046,0.20000,0.21915,1.09141,-0.41324,0.1892,1.075,1.4926,-0.9785,0.0117,-0.0129,0.33610,0.28483,0.00,-13.39,0.00,0.0000
21233,LOST_LONG,0.14300,-0.58324,0.71637,-0.21046,0.20000,0.21915,1.09141,-0.41324,0.1892,1.075,1.4926,-0.9785,0.0117,-0.0129,0.33610,0.28482,0.00,-13.39,0.00,0.0000
21243,LOST_LONG,0.14300,-0.58324,0.71637,-0.21046,0.20000,0.21915,1.09141,-0.41324,0.1892,1.075,1.4926,-0.9785,0.0117,-0.0129,0.33611,0.28489,0.00,-13.39,0.00,0.0000
21253,LOST_LONG,0.14300,-0.58324,0.71637,-0.21046,0.20000,0.21915,1.09141,-0.41324,0.1892,1.075,1.4926,-0.9785,0.0117,-0.0129,0.33610,0.28484,0.00,-13.39,0.00,0.0000
21263,LOST_LONG,0.14300,-0.58324,0.71637,-0.21046,0.20000,0.21915,1.09141,-0.41324,0.1892,1.075,1.4926,-0.9785,0.0117,-0.0129,0.33612,0.28492,0.00,-13.39,0.00,0.0000
21273,LOST_LONG,0.14300,-0.58324,0.71637,-0.21046,0.20000,0.21915,1.09141,-0.41324,0.1892,1.075,1.4926,-0.9785,0.0117,-0.0129,0.33610,0.28484,0.00,-13.39,0.00,0.0000
21283,LOST_LONG,0.14300,-0.58324,0.71637,-0.21046,0.20000,0.21915,1.09141,-0.41324,0.1892,1.075,1.4926,-0.9785,0.0117,-0.0129,0.33612,0.28493,0.00,-13.39,0.00,0.0000
21293,LOST_LONG,0.14300,-0.58324,0.71637,-0.21046,0.20000,0.21915,1.09141,-0.41324,0.1892,1.075,1.4926,-0.9785,0.0117,-0.0129,0.33610,0.28484,0.00,-13.39,0.00,0.0000
21303,LOST_LONG,0.14300,-0.58324,0.71637,-0.21046,0.20000,0.21915,1.09141,-0.41324,0.1892,1.075,1.4926,-0.9785,0.0117,-0.0129,0.33610,0.28483,0.00,-13.39,0.00,0.0000
21313,LOST_LONG,0.14300,-0.58324,0.71637,-0.21046,0.20000,0.21915,1.09141,-0.41324,0.1892,1.075,1.4926,-0.9785,0.0117,-0.0129,0.33612,0.28495,0.00,-13.39,0.00,0.0000
21323,LOST_LONG,0.14300,-0.58324,0.71637,-0.21046,0.20000,0.21915,1.09141,-0.41324,0.1892,1.075,1.4926,-0.9785,0.0117,-0.0129,0.33612,0.28492,0.00,-13.39,0.00,0.0000
21333,LOST_LONG,0.14300,-0.58324,0.71637,-0.21046,0.20000,0.21915,1.09141,-0.41324,0.1892,1.075,1.4926,-0.9785,0.0117,-0.0129,0.33610,0.28484,0.00,-13.39,0.00,0.0000
21343,LOST_LONG,0.14300,-0.58324,0.71637,-0.21046,0.20000,0.21915,1.09141,-0.41324,0.1892,1.075,1.4926,-0.9785,0.0117,-0.0129,0.33611,0.28486,0.00,-13.39,0.00,0.0000
21353,LOST_LONG,0.14300,-0.58324,0.71637,-0.21046,0.20000,0.21915,1.09141,-0.41324,0.1892,1.075,1.4926,-0.9785,0.0117,-0.0129,0.33612,0.28495,0.00,-13.39,0.00,0.0000
21363,LOST_LONG,0.14300,-0.58324,0.71637,-0.21046,0.20000,0.21915,1.09141,-0.41324,0.1892,1.075,1.4926,-0.9785,0.0117,-0.0129,0.33610,0.28482,0.00,-13.39,0.00,0.0000
21373,LOST_LONG,0.14300,-0.58324,0.71637,-0.21046,0.20000,0.21915,1.09141,-0.41324,0.1892,1.075,1.4926,-0.9785,0.0117,-0.0129,0.33612,0.28492,0.00,-13.39,0.00,0.0000
21383,LOST_LONG,0.14300,-0.58324,0.71637,-0.21046,0.20000,0.21915,1.09141,-0.41324,0.1892,1.075,1.4926,-0.9785,0.0117,-0.0129,0.33611,0.28490,0.00,-13.39,0.00,0.0000
21393,LOST_LONG,0.14300,-0.58324,0.71637,-0.21046,0.20000,0.21915,1.09141,-0.41324,0.1892,1.075,1.4926,-0.9785,0.0117,-0.0129,0.33611,0.28485,0.00,-13.39,0.00,0.0000
21403,LOST_LONG,0.14300,-0.58324,0.71637,-0.21046,0.20000,0.21915,1.09141,-0.41324,0.1892,1.075,1.4926,-0.9785,0.0117,-0.0129,0.33609,0.28479,0.00,-13.39,0.00,0.0000
21413,LOST_LONG,0.14300,-0.58324,0.71637,-0.21046,0.20000,0.21915,1.09141,-0.41324,0.1892,1.075,1.4926,-0.9785,0.0117,-0.0129,0.33611,0.28486,0.00,-13.39,0.00,0.0000
21423,LOST_LONG,0.14300,-0.58324,0.71637,-0.21046,0.20000,0.21915,1.09141,-0.41324,0.1892,1.075,1.4926,-0.9785,0.0117,-0.0129,0.33610,0.28484,0.00,-13.39,0.00,0.0000
21433,LOST_LONG,0.14300,-0.58324,0.71637,-0.21046,0.20000,0.21915,1.09141,-0.41324,0.1892,1.075,1.4926,-0.9785,0.0117,-0.0129,0.33610,0.28483,0.00,-13.39,0.00,0.0000
21443,LOST_LONG,0.14300,-0.58324,0.71637,-0.21046,0.20000,0.21915,1.09141,-0.41324,0.1892,1.075,1.4926,-0.9785,0.0117,-0.0129,0.33610,0.28483,0.00,-13.39,0.00,0.0000
21453,LOST_LONG,0.14300,-0.58324,0.71637,-0.21046,0.20000,0.21915,1.09141,-0.41324,0.1892,1.075,1.4926,-0.9785,0.0117,-0.0129,0.33610,0.28484,0.00,-13.39,0.00,0.0000
21463,LOST_LONG,0.14300,-0.58324,0.71637,-0.21046,0.20000,0.21915,1.09141,-0.41324,0.1892,1.075,1.4926,-0.9785,0.0117,-0.0129,0.33610,0.28482,0.00,-13.39,0.00,0.0000
21473,LOST_LONG,0.14300,-0.58324,0.71637,-0.21046,0.20000,0.21915,1.09141,-0.41324,0.1892,1.075,1.4926,-0.9785,0.0117,-0.0129,0.33610,0.28482,0.00,-13.39,0.00,0.0000
21483,LOST_LONG,0.14300,-0.58324,0.71637,-0.21046,0.20000,0.21915,1.09141,-0.41324,0.1892,1.075,1.4926,-0.9785,0.0117,-0.0129,0.33610,0.28483,0.00,-13.39,0.00,0.0000
21493,LOST_LONG,0.14300,-0.58324,0.71637,-0.21046,0.20000,0.21915,1.09141,-0.41324,0.1892,1.075,1.4926,-0.9785,0.0117,-0.0129,0.33609,0.28477,0.00,-13.39,0.00,0.0000
21503,LOST_LONG,0.14300,-0.58324,0.71637,-0.21046,0.20000,0.21915,1.09141,-0.41324,0.1892,1.075,1.4926,-0.9785,0.0117,-0.0129,0.33610,0.28484,0.00,-13.39,0.00,0.0000
21513,LOST_LONG,0.14300,-0.58324,0.71637,-0.21046,0.20000,0.21915,1.09141,-0.41324,0.1892,1.075,1.4926,-0.9785,0.0117,-0.0129,0.33610,0.28483,0.00,-13.39,0.00,0.0000
21523,LOST_LONG,0.14300,-0.58324,0.71637,-0.21046,0.20000,0.21915,1.09141,-0.41324,0.1892,1.075,1.4926,-0.9785,0.0117,-0.0129,0.33611,0.28486,0.00,-13.39,0.00,0.0000
21533,LOST_LONG,0.14300,-0.58324,0.71637,-0.21046,0.20000,0.21915,1.09141,-0.41324,0.1892,1.075,1.4926,-0.9785,0.0117,-0.0129,0.33610,0.28483,0.00,-13.39,0.00,0.0000
21543,LOST_LONG,0.14300,-0.58324,0.71637,-0.21046,0.20000,0.21915,1.09141,-0.41324,0.1892,1.075,1.4926,-0.9785,0.0117,-0.0129,0.33610,0.28480,0.00,-13.39,0.00,0.0000
21553,LOST_LONG,0.14300,-0.58324,0.71637,-0.21046,0.20000,0.21915,1.09141,-0.41324,0.1892,1.075,1.4926,-0.9785,0.0117,-0.0129,0.33610,0.28484,0.00,-13.39,0.00,0.0000
21563,LOST_LONG,0.14300,-0.58324,0.71637,-0.21046,0.20000,0.21915,1.09141,-0.41324,0.1892,1.075,1.4926,-0.9785,0.0117,-0.0129,0.33610,0.28483,0.00,-13.39,0.00,0.0000
21573,LOST_LONG,0.14300,-0.58324,0.71637,-0.21046,0.20000,0.21915,1.09141,-0.41324,0.1892,1.075,1.4926,-0.9785,0.0117,-0.0129,0.33612,0.28493,0.00,-13.39,0.00,0.0000
21583,LOST_LONG,0.14300,-0.58324,0.71637,-0.21046,0.20000,0.21915,1.09141,-0.41324,0.1892,1.075,1.4926,-0.9785,0.0117,-0.0129,0.33612,0.28496,0.00,-13.39,0.00,0.0000
21593,LOST_LONG,0.14300,-0.58324,0.71637,-0.21046,0.20000,0.21915,1.09141,-0.41324,0.1892,1.075,1.4926,-0.9785,0.0117,-0.0129,0.33611,0.28485,0.00,-13.39,0.00,0.0000
21603,LOST_LONG,0.14300,-0.58324,0.71637,-0.21046,0.20000,0.21915,1.09141,-0.41324,0.1892,1.075,1.4926,-0.9785,0.0117,-0.0129,0.33610,0.28480,0.00,-13.39,0.00,0.0000
21613,LOST_LONG,0.14300,-0.58324,0.71637,-0.21046,0.20000,0.21915,1.09141,-0.41324,0.1892,1.075,1.4926,-0.9785,0.0117,-0.0129,0.33610,0.28483,0.00,-13.39,0.00,0.0000
21623,LOST_LONG,0.14300,-0.58324,0.71637,-0.21046,0.20000,0.21915,1.09141,-0.41324,0.1892,1.075,1.4926,-0.9785,0.0117,-0.0129,0.33610,0.28482,0.00,-13.39,0.00,0.0000
21633,LOST_LONG,0.14300,-0.58324,0.71637,-0.21046,0.20000,0.21915,1.09141,-0.41324,0.1892,1.075,1.4926,-0.9785,0.0117,-0.0129,0.33610,0.28484,0.00,-13.39,0.00,0.0000
21643,LOST_LONG,0.14300,-0.58324,0.71637,-0.21046,0.20000,0.21915,1.09141,-0.41324,0.1892,1.075,1.4926,-0.9785,0.0117,-0.0129,0.33612,0.28494,0.00,-13.39,0.00,0.0000
21653,LOST_LONG,0.14300,-0.58324,0.71637,-0.21046,0.20000,0.21915,1.09141,-0.41324,0.1892,1.075,1.4926,-0.9785,0.0117,-0.0129,0.33610,0.28482,0.00,-13.39,0.00,0.0000
21663,LOST_LONG,0.14300,-0.58324,0.71637,-0.21046,0.20000,0.21915,1.09141,-0.41324,0.1892,1.075,1.4926,-0.9785,0.0117,-0.0129,0.33611,0.28488,0.00,-13.39,0.00,0.0000
21673,LOST_LONG,0.14300,-0.58324,0.71637,-0.21046,0.20000,0.21915,1.09141,-0.41324,0.1892,1.075,1.4926,-0.9785,0.0117,-0.0129,0.33610,0.28482,0.00,-13.39,0.00,0.0000
21683,LOST_LONG,0.14300,-0.58324,0.71637,-0.21046,0.20000,0.21915,1.09141,-0.41324,0.1892,1.075,1.4926,-0.9785,0.0117,-0.0129,0.33612,0.28494,0.00,-13.39,0.00,0.0000
21693,LOST_LONG,0.14300,-0.58324,0.71637,-0.21046,0.20000,0.21915,1.09141,-0.41324,0.1892,1.075,1.4926,-0.9785,0.0117,-0.0129,0.33610,0.28484,0.00,-13.39,0.00,0.0000
21703,LOST_LONG,0.14300,-0.58324,0.71637,-0.21046,0.20000,0.21915,1.09141,-0.41324,0.1892,1.075,1.4926,-0.9785,0.0117,-0.0129,0.33610,0.28482,0.00,-13.39,0.00,0.0000
21713,LOST_LONG,0.14300,-0.58324,0.71637,-0.21046,0.20000,0.21915,1.09141,-0.41324,0.1892,1.075,1.4926,-0.9785,0.0117,-0.0129,0.33610,0.28480,0.00,-13.39,0.00,0.0000
21723,LOST_LONG,0.14300,-0.58324,0.71637,-0.21046,0.20000,0.21915,1.09141,-0.41324,0.1892,1.075,1.4926,-0.9785,0.0117,-0.0129,0.33612,0.28493,0.00,-13.39,0.00,0.0000
21733,LOST_LONG,0.14300,-0.58324,0.71637,-0.21046,0.20000,0.21915,1.09141,-0.41324,0.1892,1.075,1.4926,-0.9785,0.0117,-0.0129,0.33612,0.28494,0.00,-13.39,0.00,0.0000
21743,LOST_LONG,0.14300,-0.58324,0.71637,-0.21046,0.20000,0.21915,1.09141,-0.41324,0.1892,1.075,1.4926,-0.9785,0.0117,-0.0129,0.33613,0.28496,0.00,-13.39,0.00,0.0000
21753,LOST_LONG,0.14300,-0.58324,0.71637,-0.21046,0.20000,0.21915,1.09141,-0.41324,0.1892,1.075,1.4926,-0.9785,0.0117,-0.0129,0.33610,0.28484,0.00,-13.39,0.00,0.0000
21763,LOST_LONG,0.14300,-0.58324,0.71637,-0.21046,0.20000,0.21915,1.09141,-0.41324,0.1892,1.075,1.4926,-0.9785,0.0117,-0.0129,0.33610,0.28482,0.00,-13.39,0.00,0.0000
21773,LOST_LONG,0.14300,-0.58324,0.71637,-0.21046,0.20000,0.21915,1.09141,-0.41324,0.1892,1.075,1.4926,-0.9785,0.0117,-0.0129,0.33611,0.28485,0.00,-13.39,0.00,0.0000
21783,LOST_LONG,0.14300,-0.58324,0.71637,-0.21046,0.20000,0.21915,1.09141,-0.41324,0.1892,1.075,1.4926,-0.9785,0.0117,-0.0129,0.33610,0.28484,0.00,-13.39,0.00,0.0000
21793,LOST_LONG,0.14300,-0.58324,0.71637,-0.21046,0.20000,0.21915,1.09141,-0.41324,0.1892,1.075,1.4926,-0.9785,0.0117,-0.0129,0.33611,0.28486,0.00,-13.39,0.00,0.0000
21803,LOST_LONG,0.14300,-0.58324,0.71637,-0.21046,0.20000,0.21915,1.09141,-0.41324,0.1892,1.075,1.4926,-0.9785,0.0117,-0.0129,0.33612,0.28495,0.00,-13.39,0.00,0.0000
21813,LOST_LONG,0.14300,-0.58324,0.71637,-0.21046,0.20000,0.21915,1.09141,-0.41324,0.1892,1.075,1.4926,-0.9785,0.0117,-0.0129,0.33613,0.28497,0.00,-13.39,0.00,0.0000
21823,LOST_LONG,0.14300,-0.58324,0.71637,-0.21046,0.20000,0.21915,1.09141,-0.41324,0.1892,1.075,1.4926,-0.9785,0.0117,-0.0129,0.33611,0.28486,0.00,-13.39,0.00,0.0000
21833,LOST_LONG,0.14300,-0.58324,0.71637,-0.21046,0.20000,0.21915,1.09141,-0.41324,0.1892,1.075,1.4926,-0.9785,0.0117,-0.0129,0.33610,0.28482,0.00,-13.39,0.00,0.0000
21843,LOST_LONG,0.14300,-0.58324,0.71637,-0.21046,0.20000,0.21915,1.09141,-0.41324,0.1892,1.075,1.4926,-0.9785,0.0117,-0.0129,0.33611,0.28487,0.00,-13.39,0.00,0.0000
21853,LOST_LONG,0.14300,-0.58324,0.71637,-0.21046,0.20000,0.21915,1.09141,-0.41324,0.1892,1.075,1.4926,-0.9785,0.0117,-0.0129,0.33612,0.28493,0.00,-13.39,0.00,0.0000
21863,LOST_LONG,0.14300,-0.58324,0.71637,-0.21046,0.20000,0.21915,1.09141,-0.41324,0.1892,1.075,1.4926,-0.9785,0.0117,-0.0129,0.33611,0.28487,0.00,-13.39,0.00,0.0000
21873,LOST_LONG,0.14300,-0.58324,0.71637,-0.21046,0.20000,0.21915,1.09141,-0.41324,0.1892,1.075,1.4926,-0.9785,0.0117,-0.0129,0.33610,0.28482,0.00,-13.39,0.00,0.0000
21883,LOST_LONG,0.14300,-0.58324,0.71637,-0.21046,0.20000,0.21915,1.09141,-0.41324,0.1892,1.075,1.4926,-0.9785,0.0117,-0.0129,0.33614,0.28503,0.00,-13.39,0.00,0.0000
21893,LOST_LONG,0.14300,-0.58324,0.71637,-0.21046,0.20000,0.21915,1.09141,-0.41324,0.1892,1.075,1.4926,-0.9785,0.0117,-0.0129,0.33610,0.28484,0.00,-13.39,0.00,0.0000
21903,LOST_LONG,0.14300,-0.58324,0.71637,-0.21046,0.20000,0.21915,1.09141,-0.41324,0.1892,1.075,1.4926,-0.9785,0.0117,-0.0129,0.33610,0.28483,0.00,-13.39,0.00,0.0000
21913,LOST_LONG,0.14300,-0.58324,0.71637,-0.21046,0.20000,0.21915,1.09141,-0.41324,0.1892,1.075,1.4926,-0.9785,0.0117,-0.0129,0.33610,0.28483,0.00,-13.39,0.00,0.0000
21923,LOST_LONG,0.14300,-0.58324,0.71637,-0.21046,0.20000,0.21915,1.09141,-0.41324,0.1892,1.075,1.4926,-0.9785,0.0117,-0.0129,0.33610,0.28479,0.00,-13.39,0.00,0.0000
21933,LOST_LONG,0.14300,-0.58324,0.71637,-0.21046,0.20000,0.21915,1.09141,-0.41324,0.1892,1.075,1.4926,-0.9785,0.0117,-0.0129,0.33610,0.28483,0.00,-13.39,0.00,0.0000
21943,LOST_LONG,0.14300,-0.58324,0.71637,-0.21046,0.20000,0.21915,1.09141,-0.41324,0.1892,1.075,1.4926,-0.9785,0.0117,-0.0129,0.33612,0.28494,0.00,-13.39,0.00,0.0000
21953,LOST_LONG,0.14300,-0.58324,0.71637,-0.21046,0.20000,0.21915,1.09141,-0.41324,0.1892,1.075,1.4926,-0.9785,0.0117,-0.0129,0.33614,0.28503,0.00,-13.39,0.00,0.0000
21963,LOST_LONG,0.14300,-0.58324,0.71637,-0.21046,0.20000,0.21915,1.09141,-0.41324,0.1892,1.075,1.4926,-0.9785,0.0117,-0.0129,0.33610,0.28483,0.00,-13.39,0.00,0.0000
21973,LOST_LONG,0.14300,-0.58324,0.71637,-0.21046,0.20000,0.21915,1.09141,-0.41324,0.1892,1.075,1.4926,-0.9785,0.0117,-0.0129,0.33611,0.28489,0.00,-13.39,0.00,0.0000
21983,LOST_LONG,0.14300,-0.58324,0.71637,-0.21046,0.20000,0.21915,1.09141,-0.41324,0.1892,1.075,1.4926,-0.9785,0.0117,-0.0129,0.33613,0.28498,0.00,-13.39,0.00,0.0000
21993,LOST_LONG,0.14300,-0.58324,0.71637,-0.21046,0.20000,0.21915,1.09141,-0.41324,0.1892,1.075,1.4926,-0.9785,0.0117,-0.0129,0.33612,0.28493,0.00,-13.39,0.00,0.0000
22003,LOST_LONG,0.14300,-0.58324,0.71637,-0.21046,0.20000,0.21915,1.09141,-0.41324,0.1892,1.075,1.4926,-0.9785,0.0117,-0.0129,0.33609,0.28479,0.00,-13.39,0.00,0.0000
22013,LOST_LONG,0.14300,-0.58324,0.71637,-0.21046,0.20000,0.21915,1.09141,-0.41324,0.1892,1.075,1.4926,-0.9785,0.0117,-0.0129,0.33609,0.28477,0.00,-13.39,0.00,0.0000
22023,LOST_LONG,0.14300,-0.58324,0.71637,-0.21046,0.20000,0.21915,1.09141,-0.41324,0.1892,1.075,1.4926,-0.9785,0.0117,-0.0129,0.33611,0.28488,0.00,-13.39,0.00,0.0000
22033,LOST_LONG,0.14300,-0.58324,0.71637,-0.21046,0.20000,0.21915,1.09141,-0.41324,0.1892,1.075,1.4926,-0.9785,0.0117,-0.0129,0.33610,0.28481,0.00,-13.39,0.00,0.0000
22043,LOST_LONG,0.14300,-0.58324,0.71637,-0.21046,0.20000,0.21915,1.09141,-0.41324,0.1892,1.075,1.4926,-0.9785,0.0117,-0.0129,0.33613,0.28497,0.00,-13.39,0.00,0.0000
22053,LOST_LONG,0.14300,-0.58324,0.71637,-0.21046,0.20000,0.21915,1.09141,-0.41324,0.1892,1.075,1.4926,-0.9785,0.0117,-0.0129,0.33611,0.28489,0.00,-13.39,0.00,0.0000
22063,LOST_LONG,0.14300,-0.58324,0.71637,-0.21046,0.20000,0.21915,1.09141,-0.41324,0.1892,1.075,1.4926,-0.9785,0.0117,-0.0129,0.33612,0.28496,0.00,-13.39,0.00,0.0000
22073,LOST_LONG,0.14300,-0.58324,0.71637,-0.21046,0.20000,0.21915,1.09141,-0.41324,0.1892,1.075,1.4926,-0.9785,0.0117,-0.0129,0.33612,0.28493,0.00,-13.39,0.00,0.0000
22083,LOST_LONG,0.14300,-0.58324,0.71637,-0.21046,0.20000,0.21915,1.09141,-0.41324,0.1892,1.075,1.4926,-0.9785,0.0117,-0.0129,0.33610,0.28485,0.78,-13.39,15.00,0.0000
22093,LOST_LONG,0.14300,-0.58324,0.71637,-0.21046,0.20000,0.21915,1.09141,-0.41324,0.1892,1.075,1.4926,-0.9785,0.0117,-0.0129,0.33612,0.28494,-12.27,-13.39,12.27,0.0000
22103,LOST_LONG,0.14300,-0.58324,0.71637,-0.21046,0.20000,0.21915,1.09141,-0.41324,0.1892,1.075,1.4926,-0.9785,0.0117,-0.0129,0.33612,0.28491,0.00,-13.39,3.44,0.0000
22113,TRACKING,-0.89707,-0.37125,-0.50448,-0.04699,0.47000,0.27637,1.95168,-1.52109,0.4265,0.754,1.7864,-1.3257,0.2635,-0.9647,0.33610,0.28481,11.18,11.18,3.20,0.9897
22123,LOST_SHORT,-0.56853,-0.65237,-0.02313,-0.40805,0.34093,0.14999,1.78397,-0.85275,0.2393,0.951,1.8254,-0.9902,0.3201,-1.1788,0.34992,0.24210,0.00,11.18,62.15,0.0000
22133,LOST_LONG,-0.56853,-0.65237,-0.02313,-0.40805,0.34093,0.14999,1.78397,-0.85275,0.2393,0.951,1.8254,-0.9902,0.3201,-1.1788,0.34829,0.17603,0.00,11.18,106.11,0.0000
22143,LOST_LONG,-0.56853,-0.65237,-0.02313,-0.40805,0.34093,0.14999,1.78397,-0.85275,0.2393,0.951,1.8254,-0.9902,0.3201,-1.1788,0.35098,0.15222,0.00,11.18,81.47,0.0000
22153,LOST_LONG,-0.56853,-0.65237,-0.02313,-0.40805,0.34093,0.14999,1.78397,-0.85275,0.2393,0.951,1.5855,-0.9902,0.0812,-0.2989,0.35183,0.15608,0.00,11.18,91.14,0.0000
22163,LOST_LONG,-0.56853,-0.65237,-0.02313,-0.40805,0.34093,0.14999,1.78397,-0.85275,0.2393,0.951,1.5159,-0.9902,0.0119,-0.0192,0.35743,0.22380,0.00,11.18,133.28,0.0000
22173,LOST_LONG,-0.56853,-0.65237,-0.02313,-0.40805,0.34093,0.14999,1.78397,-0.85275,0.2393,0.951,1.5159,-0.9902,0.0119,-0.0111,0.34280,0.27729,0.00,11.18,135.09,0.0000
22183,LOST_LONG,-0.56853,-0.65237,-0.02313,-0.40805,0.34093,0.14999,1.78397,-0.85275,0.2393,0.951,1.5159,-0.9902,0.0119,-0.0111,0.34129,0.28067,0.00,11.18,141.30,0.0000
22193,LOST_LONG,-0.56853,-0.65237,-0.02313,-0.40805,0.34093,0.14999,1.78397,-0.85275,0.2393,0.951,1.5159,-0.9902,0.0119,-0.0111,0.34128,0.28060,0.00,11.18,137.33,0.0000
22203,LOST_LONG,-0.56853,-0.65237,-0.02313,-0.40805,0.34093,0.14999,1.78397,-0.85275,0.2393,0.951,1.5159,-0.9902,0.0119,-0.0111,0.34128,0.28061,0.00,11.18,137.57,0.0000
22213,LOST_LONG,-0.56853,-0.65237,-0.02313,-0.40805,0.34093,0.14999,1.78397,-0.85275,0.2393,0.951,1.5159,-0.9902,0.0119,-0.0111,0.34128,0.28060,0.00,11.18,138.81,0.0000
22223,LOST_LONG,-0.56853,-0.65237,-0.02313,-0.40805,0.34093,0.14999,1.78397,-0.85275,0.2393,0.951,1.5159,-0.9902,0.0119,-0.0111,0.34129,0.28067,0.00,11.18,133.36,0.0000
22233,LOST_LONG,-0.56853,-0.65237,-0.02313,-0.40805,0.34093,0.14999,1.78397,-0.85275,0.2393,0.951,1.5159,-0.9902,0.0119,-0.0111,0.34128,0.28060,0.00,11.18,134.07,0.0000
22243,LOST_LONG,-0.56853,-0.65237,-0.02313,-0.40805,0.34093,0.14999,1.78397,-0.85275,0.2393,0.951,1.5159,-0.9902,0.0119,-0.0111,0.34127,0.28059,0.00,11.18,133.21,0.0000
22253,LOST_LONG,-0.56853,-0.65237,-0.02313,-0.40805,0.34093,0.14999,1.78397,-0.85275,0.2393,0.951,1.5159,-0.9902,0.0119,-0.0111,0.34129,0.28068,0.00,11.18,132.09,0.0000
22263,LOST_LONG,-0.56853,-0.65237,-0.02313,-0.40805,0.34093,0.14999,1.78397,-0.85275,0.2393,0.951,1.5159,-0.9902,0.0119,-0.0111,0.34128,0.28061,0.00,11.18,131.42,0.0000
22273,LOST_LONG,-0.56853,-0.65237,-0.02313,-0.40805,0.34093,0.14999,1.78397,-0.85275,0.2393,0.951,1.5159,-0.9902,0.0119,-0.0111,0.34127,0.28058,0.00,11.18,131.62,0.0000
22283,LOST_LONG,-0.56853,-0.65237,-0.02313,-0.40805,0.34093,0.14999,1.78397,-0.85275,0.2393,0.951,1.5159,-0.9902,0.0119,-0.0111,0.34128,0.28061,0.00,11.18,130.51,0.0000
22293,LOST_LONG,-0.56853,-0.65237,-0.02313,-0.40805,0.34093,0.14999,1.78397,-0.85275,0.2393,0.951,1.5159,-0.9902,0.0119,-0.0111,0.34127,0.28058,0.00,11.18,131.02,0.0000
22303,LOST_LONG,-0.56853,-0.65237,-0.02313,-0.40805,0.34093,0.14999,1.78397,-0.85275,0.2393,0.951,1.5159,-0.9902,0.0119,-0.0111,0.34128,0.28060,0.00,11.18,131.95,0.0000
22313,LOST_LONG,-0.56853,-0.65237,-0.02313,-0.40805,0.34093,0.14999,1.78397,-0.85275,0.2393,0.951,1.5159,-0.9902,0.0119,-0.0111,0.34128,0.28062,0.00,11.18,133.00,0.0000
22323,LOST_LONG,-0.56853,-0.65237,-0.02313,-0.40805,0.34093,0.14999,1.78397,-0.85275,0.2393,0.951,1.5159,-0.9902,0.0119,-0.0111,0.34128,0.28060,0.00,11.18,136.76,0.0000
22333,LOST_LONG,-0.56853,-0.65237,-0.02313,-0.40805,0.34093,0.14999,1.78397,-0.85275,0.2393,0.951,1.5159,-0.9902,0.0119,-0.0111,0.34130,0.28074,0.00,11.18,137.81,0.0000
22343,LOST_LONG,-0.56853,-0.65237,-0.02313,-0.40805,0.34093,0.14999,1.78397,-0.85275,0.2393,0.951,1.5159,-0.9902,0.0119,-0.0111,0.34128,0.28064,0.00,11.18,138.77,0.0000
22353,LOST_LONG,-0.56853,-0.65237,-0.02313,-0.40805,0.34093,0.14999,1.78397,-0.85275,0.2393,0.951,1.5159,-0.9902,0.0119,-0.0111,0.34127,0.28060,0.00,11.18,138.07,0.0000
22363,LOST_LONG,-0.56853,-0.65237,-0.02313,-0.40805,0.34093,0.14999,1.78397,-0.85275,0.2393,0.951,1.5159,-0.9902,0.0119,-0.0111,0.34128,0.28062,0.00,11.18,138.57,0.0000
22373,LOST_LONG,-0.56853,-0.65237,-0.02313,-0.40805,0.34093,0.14999,1.78397,-0.85275,0.2393,0.951,1.5159,-0.9902,0.0119,-0.0111,0.34128,0.28063,0.00,11.18,136.25,0.0000
22383,LOST_LONG,-0.56853,-0.65237,-0.02313,-0.40805,0.34093,0.14999,1.78397,-0.85275,0.2393,0.951,1.5159,-0.9902,0.0119,-0.0111,0.34130,0.28076,0.00,11.18,138.16,0.0000
22393,LOST_LONG,-0.56853,-0.65237,-0.02313,-0.40805,0.34093,0.14999,1.78397,-0.85275,0.2393,0.951,1.5159,-0.9902,0.0119,-0.0111,0.34128,0.28061,0.00,11.18,136.91,0.0000
22403,LOST_LONG,-0.56853,-0.65237,-0.02313,-0.40805,0.34093,0.14999,1.78397,-0.85275,0.2393,0.951,1.5159,-0.9902,0.0119,-0.0111,0.34128,0.28064,0.00,11.18,138.31,0.0000
22413,LOST_LONG,-0.56853,-0.65237,-0.02313,-0.40805,0.34093,0.14999,1.78397,-0.85275,0.2393,0.951,1.5159,-0.9902,0.0119,-0.0111,0.34128,0.28064,0.00,11.18,139.20,0.0000
22423,LOST_LONG,-0.56853,-0.65237,-0.02313,-0.40805,0.34093,0.14999,1.78397,-0.85275,0.2393,0.951,1.5159,-0.9902,0.0119,-0.0111,0.34128,0.28064,0.00,11.18,140.47,0.0000
22433,LOST_LONG,-0.56853,-0.65237,-0.02313,-0.40805,0.34093,0.14999,1.78397,-0.85275,0.2393,0.951,1.5159,-0.9902,0.0119,-0.0111,0.34129,0.28069,0.00,11.18,136.18,0.0000
22443,LOST_LONG,-0.56853,-0.65237,-0.02313,-0.40805,0.34093,0.14999,1.78397,-0.85275,0.2393,0.951,1.5159,-0.9902,0.0119,-0.0111,0.34128,0.28063,0.00,11.18,132.03,0.0000
22453,LOST_LONG,-0.56853,-0.65237,-0.02313,-0.40805,0.34093,0.14999,1.78397,-0.85275,0.2393,0.951,1.5159,-0.9902,0.0119,-0.0111,0.34128,0.28063,0.00,11.18,133.13,0.0000
22463,LOST_LONG,-0.56853,-0.65237,-0.02313,-0.40805,0.34093,0.14999,1.78397,-0.85275,0.2393,0.951,1.5159,-0.9902,0.0119,-0.0111,0.34128,0.28060,0.00,11.18,135.75,0.0000
22473,LOST_LONG,-0.56853,-0.65237,-0.02313,-0.40805,0.34093,0.14999,1.78397,-0.85275,0.2393,0.951,1.5159,-0.9902,0.0119,-0.0111,0.34130,0.28074,0.00,11.18,135.69,0.0000
22483,LOST_LONG,-0.56853,-0.65237,-0.02313,-0.40805,0.34093,0.14999,1.78397,-0.85275,0.2393,0.951,1.5159,-0.9902,0.0119,-0.0111,0.34130,0.28072,0.00,11.18,132.58,0.0000
22493,LOST_LONG,-0.56853,-0.65237,-0.02313,-0.40805,0.34093,0.14999,1.78397,-0.85275,0.2393,0.951,1.5159,-0.9902,0.0119,-0.0111,0.34129,0.28071,0.00,11.18,137.86,0.0000
22503,LOST_LONG,-0.56853,-0.65237,-0.02313,-0.40805,0.34093,0.14999,1.78397,-0.85275,0.2393,0.951,1.5159,-0.9902,0.0119,-0.0111,0.34128,0.28061,0.00,11.18,138.90,0.0000
22513,LOST_LONG,-0.56853,-0.65237,-0.02313,-0.40805,0.34093,0.14999,1.78397,-0.85275,0.2393,0.951,1.5159,-0.9902,0.0119,-0.0111,0.34127,0.28060,0.00,11.18,147.27,0.0000
22523,LOST_LONG,-0.56853,-0.65237,-0.02313,-0.40805,0.34093,0.14999,1.78397,-0.85275,0.2393,0.951,1.5159,-0.9902,0.0119,-0.0111,0.34129,0.28067,0.00,11.18,151.13,0.0000
22533,LOST_LONG,-0.56853,-0.65237,-0.02313,-0.40805,0.34093,0.14999,1.78397,-0.85275,0.2393,0.951,1.5159,-0.9902,0.0119,-0.0111,0.34128,0.28062,0.00,11.18,150.58,0.0000
22543,LOST_LONG,-0.56853,-0.65237,-0.02313,-0.40805,0.34093,0.14999,1.78397,-0.85275,0.2393,0.951,1.5159,-0.9902,0.0119,-0.0111,0.34131,0.28078,0.00,11.18,152.09,0.0000
22553,LOST_LONG,-0.56853,-0.65237,-0.02313,-0.40805,0.34093,0.14999,1.78397,-0.85275,0.2393,0.951,1.5159,-0.9902,0.0119,-0.0111,0.34128,0.28064,0.00,11.18,150.74,0.0000
22563,LOST_LONG,-0.56853,-0.65237,-0.02313,-0.40805,0.34093,0.14999,1.78397,-0.85275,0.2393,0.951,1.5159,-0.9902,0.0119,-0.0111,0.34128,0.28062,0.00,11.18,151.69,0.0000
22573,LOST_LONG,-0.56853,-0.65237,-0.02313,-0.40805,0.34093,0.14999,1.78397,-0.85275,0.2393,0.951,1.5159,-0.9902,0.0119,-0.0111,0.34127,0.28059,0.00,11.18,148.74,0.0000
22583,LOST_LONG,-0.56853,-0.65237,-0.02313,-0.40805,0.34093,0.14999,1.78397,-0.85275,0.2393,0.951,1.5159,-0.9902,0.0119,-0.0111,0.34128,0.28060,0.00,11.18,149.19,0.0000
22593,LOST_LONG,-0.56853,-0.65237,-0.02313,-0.40805,0.34093,0.14999,1.78397,-0.85275,0.2393,0.951,1.5159,-0.9902,0.0119,-0.0111,0.34130,0.28074,0.00,11.18,150.30,0.0000
22603,LOST_LONG,-0.56853,-0.65237,-0.02313,-0.40805,0.34093,0.14999,1.78397,-0.85275,0.2393,0.951,1.5159,-0.9902,0.0119,-0.0111,0.34128,0.28060,0.00,11.18,150.39,0.0000
22613,LOST_LONG,-0.56853,-0.65237,-0.02313,-0.40805,0.34093,0.14999,1.78397,-0.85275,0.2393,0.951,1.5159,-0.9902,0.0119,-0.0111,0.34130,0.28076,0.00,11.18,149.70,0.0000
22623,LOST_LONG,-0.56853,-0.65237,-0.02313,-0.40805,0.34093,0.14999,1.78397,-0.85275,0.2393,0.951,1.5159,-0.9902,0.0119,-0.0111,0.34128,0.28063,0.00,11.18,151.28,0.0000
22633,LOST_LONG,-0.56853,-0.65237,-0.02313,-0.40805,0.34093,0.14999,1.78397,-0.85275,0.2393,0.951,1.5159,-0.9902,0.0119,-0.0111,0.34127,0.28058,0.00,11.18,151.97,0.0000
22643,LOST_LONG,-0.56853,-0.65237,-0.02313,-0.40805,0.34093,0.14999,1.78397,-0.85275,0.2393,0.951,1.5159,-0.9902,0.0119,-0.0111,0.34128,0.28063,0.00,11.18,148.48,0.0000
22653,LOST_LONG,-0.56853,-0.65237,-0.02313,-0.40805,0.34093,0.14999,1.78397,-0.85275,0.2393,0.951,1.5159,-0.9902,0.0119,-0.0111,0.34128,0.28060,0.00,11.18,150.88,0.0000
22663,LOST_LONG,-0.56853,-0.65237,-0.02313,-0.40805,0.34093,0.14999,1.78397,-0.85275,0.2393,0.951,1.5159,-0.9902,0.0119,-0.0111,0.34128,0.28060,0.00,11.18,152.57,0.0000
22673,LOST_LONG,-0.56853,-0.65237,-0.02313,-0.40805,0.34093,0.14999,1.78397,-0.85275,0.2393,0.951,1.5159,-0.9902,0.0119,-0.0111,0.34128,0.28064,0.00,11.18,147.85,0.0000
22683,LOST_LONG,-0.56853,-0.65237,-0.02313,-0.40805,0.34093,0.14999,1.78397,-0.85275,0.2393,0.951,1.5159,-0.9902,0.0119,-0.0111,0.34128,0.28061,0.00,11.18,149.02,0.0000
22693,LOST_LONG,-0.56853,-0.65237,-0.02313,-0.40805,0.34093,0.14999,1.78397,-0.85275,0.2393,0.951,1.5159,-0.9902,0.0119,-0.0111,0.34128,0.28063,0.00,11.18,149.45,0.0000
22703,LOST_LONG,-0.56853,-0.65237,-0.02313,-0.40805,0.34093,0.14999,1.78397,-0.85275,0.2393,0.951,1.5159,-0.9902,0.0119,-0.0111,0.34128,0.28062,0.00,11.18,150.70,0.0000
22713,LOST_LONG,-0.56853,-0.65237,-0.02313,-0.40805,0.34093,0.14999,1.78397,-0.85275,0.2393,0.951,1.5159,-0.9902,0.0119,-0.0111,0.34128,0.28062,0.00,11.18,151.03,0.0000
22723,LOST_LONG,-0.56853,-0.65237,-0.02313,-0.40805,0.34093,0.14999,1.78397,-0.85275,0.2393,0.951,1.5159,-0.9902,0.0119,-0.0111,0.34129,0.28066,0.00,11.18,152.28,0.0000
22733,LOST_LONG,-0.56853,-0.65237,-0.02313,-0.40805,0.34093,0.14999,1.78397,-0.85275,0.2393,0.951,1.5159,-0.9902,0.0119,-0.0111,0.34128,0.28062,0.00,11.18,152.80,0.0000
22743,LOST_LONG,-0.56853,-0.65237,-0.02313,-0.40805,0.34093,0.14999,1.78397,-0.85275,0.2393,0.951,1.5159,-0.9902,0.0119,-0.0111,0.34128,0.28062,0.00,11.18,148.34,0.0000
22753,LOST_LONG,-0.56853,-0.65237,-0.02313,-0.40805,0.34093,0.14999,1.78397,-0.85275,0.2393,0.951,1.5159,-0.9902,0.0119,-0.0111,0.34128,0.28064,0.00,11.18,150.44,0.0000
22763,LOST_LONG,-0.56853,-0.65237,-0.02313,-0.40805,0.34093,0.14999,1.78397,-0.85275,0.2393,0.951,1.5159,-0.9902,0.0119,-0.0111,0.34128,0.28060,0.00,11.18,151.39,0.0000
22773,LOST_LONG,-0.56853,-0.65237,-0.02313,-0.40805,0.34093,0.14999,1.78397,-0.85275,0.2393,0.951,1.5159,-0.9902,0.0119,-0.0111,0.34128,0.28064,0.00,11.18,145.48,0.0000
22783,LOST_LONG,-0.56853,-0.65237,-0.02313,-0.40805,0.34093,0.14999,1.78397,-0.85275,0.2393,0.951,1.5159,-0.9902,0.0119,-0.0111,0.34128,0.28062,0.00,11.18,147.37,0.0000
22793,LOST_LONG,-0.56853,-0.65237,-0.02313,-0.40805,0.34093,0.14999,1.78397,-0.85275,0.2393,0.951,1.5159,-0.9902,0.0119,-0.0111,0.34128,0.28064,0.00,11.18,0.00,0.0000
22803,LOST_LONG,-0.56853,-0.65237,-0.02313,-0.40805,0.34093,0.14999,1.78397,-0.85275,0.2393,0.951,1.5159,-0.9902,0.0119,-0.0111,0.34128,0.28061,0.00,11.18,148.17,0.0000
22813,LOST_LONG,-0.56853,-0.65237,-0.02313,-0.40805,0.34093,0.14999,1.78397,-0.85275,0.2393,0.951,1.5159,-0.9902,0.0119,-0.0111,0.34128,0.28063,0.00,11.18,138.51,0.0000
22823,LOST_LONG,-0.56853,-0.65237,-0.02313,-0.40805,0.34093,0.14999,1.78397,-0.85275,0.2393,0.951,1.5159,-0.9902,0.0119,-0.0111,0.34128,0.28064,0.00,11.18,131.75,0.0000
22833,LOST_LONG,-0.56853,-0.65237,-0.02313,-0.40805,0.34093,0.14999,1.78397,-0.85275,0.2393,0.951,1.5159,-0.9902,0.0119,-0.0111,0.34130,0.28074,0.00,11.18,123.37,0.0000
22843,LOST_LONG,-0.56853,-0.65237,-0.02313,-0.40805,0.34093,0.14999,1.78397,-0.85275,0.2393,0.951,1.5159,-0.9902,0.0119,-0.0111,0.34128,0.28063,0.00,11.18,118.28,0.0000
22853,LOST_LONG,-0.56853,-0.65237,-0.02313,-0.40805,0.34093,0.14999,1.78397,-0.85275,0.2393,0.951,1.5159,-0.9902,0.0119,-0.0111,0.34130,0.28072,0.00,11.18,134.99,0.0000
22863,LOST_LONG,-0.56853,-0.65237,-0.02313,-0.40805,0.34093,0.14999,1.78397,-0.85275,0.2393,0.951,1.5159,-0.9902,0.0119,-0.0111,0.34129,0.28069,0.00,11.18,155.68,0.0000
22873,LOST_LONG,-0.56853,-0.65237,-0.02313,-0.40805,0.34093,0.14999,1.78397,-0.85275,0.2393,0.951,1.5159,-0.9902,0.0119,-0.0111,0.34128,0.28065,0.00,11.18,140.34,0.0000
22883,LOST_LONG,-0.56853,-0.65237,-0.02313,-0.40805,0.34093,0.14999,1.78397,-0.85275,0.2393,0.951,1.5159,-0.9902,0.0119,-0.0111,0.34128,0.28063,0.00,11.18,138.75,0.0000
22893,LOST_LONG,-0.56853,-0.65237,-0.02313,-0.40805,0.34093,0.14999,1.78397,-0.85275,0.2393,0.951,1.5159,-0.9902,0.0119,-0.0111,0.34129,0.28066,0.00,11.18,138.34,0.0000
22903,LOST_LONG,-0.56853,-0.65237,-0.02313,-0.40805,0.34093,0.14999,1.78397,-0.85275,0.2393,0.951,1.5159,-0.9902,0.0119,-0.0111,0.34128,0.28061,0.00,11.18,136.78,0.0000
22913,LOST_LONG,-0.56853,-0.65237,-0.02313,-0.40805,0.34093,0.14999,1.78397,-0.85275,0.2393,0.951,1.5159,-0.9902,0.0119,-0.0111,0.34128,0.28061,0.00,11.18,138.24,0.0000
22923,LOST_LONG,-0.56853,-0.65237,-0.02313,-0.40805,0.34093,0.14999,1.78397,-0.85275,0.2393,0.951,1.5159,-0.9902,0.0119,-0.0111,0.34129,0.28067,0.00,11.18,137.22,0.0000
22933,LOST_LONG,-0.56853,-0.65237,-0.02313,-0.40805,0.34093,0.14999,1.78397,-0.85275,0.2393,0.951,1.5159,-0.9902,0.0119,-0.0111,0.34128,0.28060,0.00,11.18,137.98,0.0000
22943,LOST_LONG,-0.56853,-0.65237,-0.02313,-0.40805,0.34093,0.14999,1.78397,-0.85275,0.2393,0.951,1.5159,-0.9902,0.0119,-0.0111,0.34128,0.28065,0.00,11.18,137.06,0.0000
22953,LOST_LONG,-0.56853,-0.65237,-0.02313,-0.40805,0.34093,0.14999,1.78397,-0.85275,0.2393,0.951,1.5159,-0.9902,0.0119,-0.0111,0.34127,0.28058,0.00,11.18,137.54,0.0000
22963,LOST_LONG,-0.56853,-0.65237,-0.02313,-0.40805,0.34093,0.14999,1.78397,-0.85275,0.2393,0.951,1.5159,-0.9902,0.0119,-0.0111,0.34130,0.28071,0.00,11.18,141.28,0.0000
22973,LOST_LONG,-0.56853,-0.65237,-0.02313,-0.40805,0.34093,0.14999,1.78397,-0.85275,0.2393,0.951,1.5159,-0.9902,0.0119,-0.0111,0.34128,0.28063,0.00,11.18,140.80,0.0000
22983,LOST_LONG,-0.56853,-0.65237,-0.02313,-0.40805,0.34093,0.14999,1.78397,-0.85275,0.2393,0.951,1.5159,-0.9902,0.0119,-0.0111,0.34130,0.28074,0.00,11.18,138.26,0.0000
22993,LOST_LONG,-0.56853,-0.65237,-0.02313,-0.40805,0.34093,0.14999,1.78397,-0.85275,0.2393,0.951,1.5159,-0.9902,0.0119,-0.0111,0.34130,0.28075,0.00,11.18,137.97,0.0000
23003,LOST_LONG,-0.56853,-0.65237,-0.02313,-0.40805,0.34093,0.14999,1.78397,-0.85275,0.2393,0.951,1.5159,-0.9902,0.0119,-0.0111,0.34128,0.28060,0.00,11.18,137.89,0.0000
23013,LOST_LONG,-0.56853,-0.65237,-0.02313,-0.40805,0.34093,0.14999,1.78397,-0.85275,0.2393,0.951,1.5159,-0.9902,0.0119,-0.0111,0.34128,0.28065,0.00,11.18,136.85,0.0000
23023,LOST_LONG,-0.56853,-0.65237,-0.02313,-0.40805,0.34093,0.14999,1.78397,-0.85275,0.2393,0.951,1.5159,-0.9902,0.0119,-0.0111,0.34128,0.28062,0.00,11.18,137.11,0.0000
23033,LOST_LONG,-0.56853,-0.65237,-0.02313,-0.40805,0.34093,0.14999,1.78397,-0.85275,0.2393,0.951,1.5159,-0.9902,0.0119,-0.0111,0.34128,0.28062,0.00,11.18,137.69,0.0000
23043,LOST_LONG,-0.56853,-0.65237,-0.02313,-0.40805,0.34093,0.14999,1.78397,-0.85275,0.2393,0.951,1.5159,-0.9902,0.0119,-0.0111,0.34128,0.28061,0.00,11.18,138.41,0.0000
23053,LOST_LONG,-0.56853,-0.65237,-0.02313,-0.40805,0.34093,0.14999,1.78397,-0.85275,0.2393,0.951,1.5159,-0.9902,0.0119,-0.0111,0.34129,0.28068,0.00,11.18,136.17,0.0000
23063,LOST_LONG,-0.56853,-0.65237,-0.02313,-0.40805,0.34093,0.14999,1.78397,-0.85275,0.2393,0.951,1.5159,-0.9902,0.0119,-0.0111,0.34129,0.28069,0.00,11.18,135.71,0.0000
23073,LOST_LONG,-0.56853,-0.65237,-0.02313,-0.40805,0.34093,0.14999,1.78397,-0.85275,0.2393,0.951,1.5159,-0.9902,0.0119,-0.0111,0.34128,0.28063,0.00,11.18,134.32,0.0000
23083,LOST_LONG,-0.56853,-0.65237,-0.02313,-0.40805,0.34093,0.14999,1.78397,-0.85275,0.2393,0.951,1.5159,-0.9902,0.0119,-0.0111,0.34128,0.28060,0.00,11.18,129.95,0.0000
23093,LOST_LONG,-0.56853,-0.65237,-0.02313,-0.40805,0.34093,0.14999,1.78397,-0.85275,0.2393,0.951,1.5159,-0.9902,0.0119,-0.0111,0.34128,0.28060,0.00,11.18,134.85,0.0000
23103,LOST_LONG,-0.56853,-0.65237,-0.02313,-0.40805,0.34093,0.14999,1.78397,-0.85275,0.2393,0.951,1.5159,-0.9902,0.0119,-0.0111,0.34128,0.28064,0.00,11.18,134.40,0.0000
23113,LOST_LONG,-0.56853,-0.65237,-0.02313,-0.40805,0.34093,0.14999,1.78397,-0.85275,0.2393,0.951,1.5159,-0.9902,0.0119,-0.0111,0.34128,0.28061,0.00,11.18,136.82,0.0000
23123,LOST_LONG,-0.56853,-0.65237,-0.02313,-0.40805,0.34093,0.14999,1.78397,-0.85275,0.2393,0.951,1.5159,-0.9902,0.0119,-0.0111,0.34128,0.28064,0.00,11.18,136.29,0.0000
23133,LOST_LONG,-0.56853,-0.65237,-0.02313,-0.40805,0.34093,0.14999,1.78397,-0.85275,0.2393,0.951,1.5159,-0.9902,0.0119,-0.0111,0.34128,0.28063,0.00,11.18,135.41,0.0000
23143,LOST_LONG,-0.56853,-0.65237,-0.02313,-0.40805,0.34093,0.14999,1.78397,-0.85275,0.2393,0.951,1.5159,-0.9902,0.0119,-0.0111,0.34128,0.28061,0.00,11.18,136.56,0.0000
23153,LOST_LONG,-0.56853,-0.65237,-0.02313,-0.40805,0.34093,0.14999,1.78397,-0.85275,0.2393,0.951,1.5159,-0.9902,0.0119,-0.0111,0.34128,0.28065,0.00,11.18,137.46,0.0000
23163,LOST_LONG,-0.56853,-0.65237,-0.02313,-0.40805,0.34093,0.14999,1.78397,-0.85275,0.2393,0.951,1.5159,-0.9902,0.0119,-0.0111,0.34128,0.28062,0.00,11.18,135.18,0.0000
23173,LOST_LONG,-0.56853,-0.65237,-0.02313,-0.40805,0.34093,0.14999,1.78397,-0.85275,0.2393,0.951,1.5159,-0.9902,0.0119,-0.0111,0.34128,0.28060,0.00,11.18,131.79,0.0000
23183,LOST_LONG,-0.56853,-0.65237,-0.02313,-0.40805,0.34093,0.14999,1.78397,-0.85275,0.2393,0.951,1.5159,-0.9902,0.0119,-0.0111,0.34128,0.28062,0.00,11.18,132.17,0.0000
23193,LOST_LONG,-0.56853,-0.65237,-0.02313,-0.40805,0.34093,0.14999,1.78397,-0.85275,0.2393,0.951,1.5159,-0.9902,0.0119,-0.0111,0.34129,0.28066,0.00,11.18,138.92,0.0000
23203,LOST_LONG,-0.56853,-0.65237,-0.02313,-0.40805,0.34093,0.14999,1.78397,-0.85275,0.2393,0.951,1.5159,-0.9902,0.0119,-0.0111,0.34128,0.28064,0.00,11.18,138.97,0.0000
23213,LOST_LONG,-0.56853,-0.65237,-0.02313,-0.40805,0.34093,0.14999,1.78397,-0.85275,0.2393,0.951,1.5159,-0.9902,0.0119,-0.0111,0.34128,0.28063,0.00,11.18,134.44,0.0000
23223,LOST_LONG,-0.56853,-0.65237,-0.02313,-0.40805,0.34093,0.14999,1.78397,-0.85275,0.2393,0.951,1.5159,-0.9902,0.0119,-0.0111,0.34128,0.28063,0.00,11.18,132.41,0.0000
23233,LOST_LONG,-0.56853,-0.65237,-0.02313,-0.40805,0.34093,0.14999,1.78397,-0.85275,0.2393,0.951,1.5159,-0.9902,0.0119,-0.0111,0.34127,0.28059,0.00,11.18,138.17,0.0000
23243,LOST_LONG,-0.56853,-0.65237,-0.02313,-0.40805,0.34093,0.14999,1.78397,-0.85275,0.2393,0.951,1.5159,-0.9902,0.0119,-0.0111,0.34128,0.28061,0.00,11.18,134.74,0.0000
23253,LOST_LONG,-0.56853,-0.65237,-0.02313,-0.40805,0.34093,0.14999,1.78397,-0.85275,0.2393,0.951,1.5159,-0.9902,0.0119,-0.0111,0.34127,0.28059,0.00,11.18,139.46,0.0000
23263,LOST_LONG,-0.56853,-0.65237,-0.02313,-0.40805,0.34093,0.14999,1.78397,-0.85275,0.2393,0.951,1.5159,-0.9902,0.0119,-0.0111,0.34128,0.28061,0.00,11.18,140.24,0.0000
23273,LOST_LONG,-0.56853,-0.65237,-0.02313,-0.40805,0.34093,0.14999,1.78397,-0.85275,0.2393,0.951,1.5159,-0.9902,0.0119,-0.0111,0.34130,0.28075,0.00,11.18,133.77,0.0000
23283,LOST_LONG,-0.56853,-0.65237,-0.02313,-0.40805,0.34093,0.14999,1.78397,-0.85275,0.2393,0.951,1.5159,-0.9902,0.0119,-0.0111,0.34130,0.28075,0.00,11.18,137.45,0.0000
23293,LOST_LONG,-0.56853,-0.65237,-0.02313,-0.40805,0.34093,0.14999,1.78397,-0.85275,0.2393,0.951,1.5159,-0.9902,0.0119,-0.0111,0.34130,0.28075,0.00,11.18,137.28,0.0000
23303,LOST_LONG,-0.56853,-0.65237,-0.02313,-0.40805,0.34093,0.14999,1.78397,-0.85275,0.2393,0.951,1.5159,-0.9902,0.0119,-0.0111,0.34128,0.28065,0.00,11.18,134.35,0.0000
23313,LOST_LONG,-0.56853,-0.65237,-0.02313,-0.40805,0.34093,0.14999,1.78397,-0.85275,0.2393,0.951,1.5159,-0.9902,0.0119,-0.0111,0.34128,0.28060,0.00,11.18,136.42,0.0000
23323,LOST_LONG,-0.56853,-0.65237,-0.02313,-0.40805,0.34093,0.14999,1.78397,-0.85275,0.2393,0.951,1.5159,-0.9902,0.0119,-0.0111,0.34130,0.28076,0.00,11.18,135.10,0.0000
23333,LOST_LONG,-0.56853,-0.65237,-0.02313,-0.40805,0.34093,0.14999,1.78397,-0.85275,0.2393,0.951,1.5159,-0.9902,0.0119,-0.0111,0.34128,0.28062,0.00,11.18,134.83,0.0000
23343,LOST_LONG,-0.56853,-0.65237,-0.02313,-0.40805,0.34093,0.14999,1.78397,-0.85275,0.2393,0.951,1.5159,-0.9902,0.0119,-0.0111,0.34128,0.28062,0.00,11.18,140.77,0.0000
23353,LOST_LONG,-0.56853,-0.65237,-0.02313,-0.40805,0.34093,0.14999,1.78397,-0.85275,0.2393,0.951,1.5159,-0.9902,0.0119,-0.0111,0.34128,0.28060,0.00,11.18,138.87,0.0000
23363,LOST_LONG,-0.56853,-0.65237,-0.02313,-0.40805,0.34093,0.14999,1.78397,-0.85275,0.2393,0.951,1.5159,-0.9902,0.0119,-0.0111,0.34128,0.28063,0.00,11.18,137.57,0.0000
23373,LOST_LONG,-0.56853,-0.65237,-0.02313,-0.40805,0.34093,0.14999,1.78397,-0.85275,0.2393,0.951,1.5159,-0.9902,0.0119,-0.0111,0.34130,0.28073,0.00,11.18,137.63,0.0000
23383,LOST_LONG,-0.56853,-0.65237,-0.02313,-0.40805,0.34093,0.14999,1.78397,-0.85275,0.2393,0.951,1.5159,-0.9902,0.0119,-0.0111,0.34128,0.28061,0.00,11.18,138.96,0.0000
23393,LOST_LONG,-0.56853,-0.65237,-0.02313,-0.40805,0.34093,0.14999,1.78397,-0.85275,0.2393,0.951,1.5159,-0.9902,0.0119,-0.0111,0.34129,0.28070,0.00,11.18,136.12,0.0000
23403,LOST_LONG,-0.56853,-0.65237,-0.02313,-0.40805,0.34093,0.14999,1.78397,-0.85275,0.2393,0.951,1.5159,-0.9902,0.0119,-0.0111,0.34128,0.28063,0.00,11.18,135.84,0.0000
23413,LOST_LONG,-0.56853,-0.65237,-0.02313,-0.40805,0.34093,0.14999,1.78397,-0.85275,0.2393,0.951,1.5159,-0.9902,0.0119,-0.0111,0.34129,0.28066,0.00,11.18,137.37,0.0000
23423,LOST_LONG,-0.56853,-0.65237,-0.02313,-0.40805,0.34093,0.14999,1.78397,-0.85275,0.2393,0.951,1.5159,-0.9902,0.0119,-0.0111,0.34130,0.28076,0.00,11.18,134.07,0.0000
23433,LOST_LONG,-0.56853,-0.65237,-0.02313,-0.40805,0.34093,0.14999,1.78397,-0.85275,0.2393,0.951,1.5159,-0.9902,0.0119,-0.0111,0.34128,0.28064,0.00,11.18,136.28,0.0000
23443,LOST_LONG,-0.56853,-0.65237,-0.02313,-0.40805,0.34093,0.14999,1.78397,-0.85275,0.2393,0.951,1.5159,-0.9902,0.0119,-0.0111,0.34129,0.28065,0.00,11.18,135.93,0.0000
23453,LOST_LONG,-0.56853,-0.65237,-0.02313,-0.40805,0.34093,0.14999,1.78397,-0.85275,0.2393,0.951,1.5159,-0.9902,0.0119,-0.0111,0.34128,0.28060,0.00,11.18,136.05,0.0000
23463,LOST_LONG,-0.56853,-0.65237,-0.02313,-0.40805,0.34093,0.14999,1.78397,-0.85275,0.2393,0.951,1.5159,-0.9902,0.0119,-0.0111,0.34128,0.28060,0.00,11.18,134.40,0.0000
23473,LOST_LONG,-0.56853,-0.65237,-0.02313,-0.40805,0.34093,0.14999,1.78397,-0.85275,0.2393,0.951,1.5159,-0.9902,0.0119,-0.0111,0.34127,0.28059,0.00,11.18,133.46,0.0000
23483,LOST_LONG,-0.56853,-0.65237,-0.02313,-0.40805,0.34093,0.14999,1.78397,-0.85275,0.2393,0.951,1.5159,-0.9902,0.0119,-0.0111,0.34129,0.28066,0.00,11.18,134.62,0.0000
23493,LOST_LONG,-0.56853,-0.65237,-0.02313,-0.40805,0.34093,0.14999,1.78397,-0.85275,0.2393,0.951,1.5159,-0.9902,0.0119,-0.0111,0.34129,0.28071,0.00,11.18,143.60,0.0000
23503,LOST_LONG,-0.56853,-0.65237,-0.02313,-0.40805,0.34093,0.14999,1.78397,-0.85275,0.2393,0.951,1.5159,-0.9902,0.0119,-0.0111,0.34128,0.28061,0.00,11.18,135.37,0.0000
23513,LOST_LONG,-0.56853,-0.65237,-0.02313,-0.40805,0.34093,0.14999,1.78397,-0.85275,0.2393,0.951,1.5159,-0.9902,0.0119,-0.0111,0.34129,0.28068,0.00,11.18,135.24,0.0000
23523,LOST_LONG,-0.56853,-0.65237,-0.02313,-0.40805,0.34093,0.14999,1.78397,-0.85275,0.2393,0.951,1.5159,-0.9902,0.0119,-0.0111,0.34128,0.28063,0.00,11.18,136.50,0.0000
23533,LOST_LONG,-0.56853,-0.65237,-0.02313,-0.40805,0.34093,0.14999,1.78397,-0.85275,0.2393,0.951,1.5159,-0.9902,0.0119,-0.0111,0.34127,0.28057,0.00,11.18,140.02,0.0000
23543,LOST_LONG,-0.56853,-0.65237,-0.02313,-0.40805,0.34093,0.14999,1.78397,-0.85275,0.2393,0.951,1.5159,-0.9902,0.0119,-0.0111,0.34128,0.28061,0.00,11.18,137.60,0.0000
23553,LOST_LONG,-0.56853,-0.65237,-0.02313,-0.40805,0.34093,0.14999,1.78397,-0.85275,0.2393,0.951,1.5159,-0.9902,0.0119,-0.0111,0.34128,0.28062,0.00,11.18,133.17,0.0000
23563,LOST_LONG,-0.56853,-0.65237,-0.02313,-0.40805,0.34093,0.14999,1.78397,-0.85275,0.2393,0.951,1.5159,-0.9902,0.0119,-0.0111,0.34130,0.28073,0.00,11.18,137.84,0.0000
23573,LOST_LONG,-0.56853,-0.65237,-0.02313,-0.40805,0.34093,0.14999,1.78397,-0.85275,0.2393,0.951,1.5159,-0.9902,0.0119,-0.0111,0.34128,0.28060,0.00,11.18,135.62,0.0000
23583,LOST_LONG,-0.56853,-0.65237,-0.02313,-0.40805,0.34093,0.14999,1.78397,-0.85275,0.2393,0.951,1.5159,-0.9902,0.0119,-0.0111,0.34128,0.28061,0.00,11.18,136.71,0.0000
23593,LOST_LONG,-0.56853,-0.65237,-0.02313,-0.40805,0.34093,0.14999,1.78397,-0.85275,0.2393,0.951,1.5159,-0.9902,0.0119,-0.0111,0.34129,0.28068,0.00,11.18,135.98,0.0000
23603,LOST_LONG,-0.56853,-0.65237,-0.02313,-0.40805,0.34093,0.14999,1.78397,-0.85275,0.2393,0.951,1.5159,-0.9902,0.0119,-0.0111,0.34128,0.28065,0.00,11.18,133.59,0.0000
23613,LOST_LONG,-0.56853,-0.65237,-0.02313,-0.40805,0.34093,0.14999,1.78397,-0.85275,0.2393,0.951,1.5159,-0.9902,0.0119,-0.0111,0.34128,0.28064,0.00,11.18,136.61,0.0000
23623,LOST_LONG,-0.56853,-0.65237,-0.02313,-0.40805,0.34093,0.14999,1.78397,-0.85275,0.2393,0.951,1.5159,-0.9902,0.0119,-0.0111,0.34130,0.28074,0.00,11.18,139.69,0.0000
23633,LOST_LONG,-0.56853,-0.65237,-0.02313,-0.40805,0.34093,0.14999,1.78397,-0.85275,0.2393,0.951,1.5159,-0.9902,0.0119,-0.0111,0.34128,0.28064,0.00,11.18,139.54,0.0000
23643,LOST_LONG,-0.56853,-0.65237,-0.02313,-0.40805,0.34093,0.14999,1.78397,-0.85275,0.2393,0.951,1.5159,-0.9902,0.0119,-0.0111,0.34128,0.28061,0.00,11.18,134.84,0.0000
23653,LOST_LONG,-0.56853,-0.65237,-0.02313,-0.40805,0.34093,0.14999,1.78397,-0.85275,0.2393,0.951,1.5159,-0.9902,0.0119,-0.0111,0.34130,0.28076,0.00,11.18,135.47,0.0000
23663,LOST_LONG,-0.56853,-0.65237,-0.02313,-0.40805,0.34093,0.14999,1.78397,-0.85275,0.2393,0.951,1.5159,-0.9902,0.0119,-0.0111,0.34130,0.28075,0.00,11.18,138.39,0.0000
23673,LOST_LONG,-0.56853,-0.65237,-0.02313,-0.40805,0.34093,0.14999,1.78397,-0.85275,0.2393,0.951,1.5159,-0.9902,0.0119,-0.0111,0.34128,0.28064,0.00,11.18,137.33,0.0000
23683,LOST_LONG,-0.56853,-0.65237,-0.02313,-0.40805,0.34093,0.14999,1.78397,-0.85275,0.2393,0.951,1.5159,-0.9902,0.0119,-0.0111,0.34127,0.28059,0.00,11.18,136.75,0.0000
23693,LOST_LONG,-0.56853,-0.65237,-0.02313,-0.40805,0.34093,0.14999,1.78397,-0.85275,0.2393,0.951,1.5159,-0.9902,0.0119,-0.0111,0.34128,0.28065,0.00,11.18,134.78,0.0000
23703,LOST_LONG,-0.56853,-0.65237,-0.02313,-0.40805,0.34093,0.14999,1.78397,-0.85275,0.2393,0.951,1.5159,-0.9902,0.0119,-0.0111,0.34128,0.28060,0.00,11.18,136.59,0.0000
23713,LOST_LONG,-0.56853,-0.65237,-0.02313,-0.40805,0.34093,0.14999,1.78397,-0.85275,0.2393,0.951,1.5159,-0.9902,0.0119,-0.0111,0.34128,0.28064,0.00,11.18,139.47,0.0000
23723,LOST_LONG,-0.56853,-0.65237,-0.02313,-0.40805,0.34093,0.14999,1.78397,-0.85275,0.2393,0.951,1.5159,-0.9902,0.0119,-0.0111,0.34128,0.28060,0.00,11.18,142.25,0.0000
23733,LOST_LONG,-0.56853,-0.65237,-0.02313,-0.40805,0.34093,0.14999,1.78397,-0.85275,0.2393,0.951,1.5159,-0.9902,0.0119,-0.0111,0.34127,0.28059,0.00,11.18,144.51,0.0000
23743,LOST_LONG,-0.56853,-0.65237,-0.02313,-0.40805,0.34093,0.14999,1.78397,-0.85275,0.2393,0.951,1.5159,-0.9902,0.0119,-0.0111,0.34128,0.28062,0.00,11.18,139.03,0.0000
23753,LOST_LONG,-0.56853,-0.65237,-0.02313,-0.40805,0.34093,0.14999,1.78397,-0.85275,0.2393,0.951,1.5159,-0.9902,0.0119,-0.0111,0.34128,0.28065,0.00,11.18,136.38,0.0000
23763,LOST_LONG,-0.56853,-0.65237,-0.02313,-0.40805,0.34093,0.14999,1.78397,-0.85275,0.2393,0.951,1.5159,-0.9902,0.0119,-0.0111,0.34128,0.28061,0.00,11.18,137.15,0.0000
23773,LOST_LONG,-0.56853,-0.65237,-0.02313,-0.40805,0.34093,0.14999,1.78397,-0.85275,0.2393,0.951,1.5159,-0.9902,0.0119,-0.0111,0.34128,0.28060,0.00,11.18,141.20,0.0000
23783,LOST_LONG,-0.56853,-0.65237,-0.02313,-0.40805,0.34093,0.14999,1.78397,-0.85275,0.2393,0.951,1.5159,-0.9902,0.0119,-0.0111,0.34128,0.28065,0.00,11.18,136.40,0.0000
23793,LOST_LONG,-0.56853,-0.65237,-0.02313,-0.40805,0.34093,0.14999,1.78397,-0.85275,0.2393,0.951,1.5159,-0.9902,0.0119,-0.0111,0.34128,0.28060,0.00,11.18,136.01,0.0000
23803,LOST_LONG,-0.56853,-0.65237,-0.02313,-0.40805,0.34093,0.14999,1.78397,-0.85275,0.2393,0.951,1.5159,-0.9902,0.0119,-0.0111,0.34128,0.28062,0.00,11.18,137.43,0.0000
23813,LOST_LONG,-0.56853,-0.65237,-0.02313,-0.40805,0.34093,0.14999,1.78397,-0.85275,0.2393,0.951,1.5159,-0.9902,0.0119,-0.0111,0.34129,0.28067,0.00,11.18,133.99,0.0000
23823,LOST_LONG,-0.56853,-0.65237,-0.02313,-0.40805,0.34093,0.14999,1.78397,-0.85275,0.2393,0.951,1.5159,-0.9902,0.0119,-0.0111,0.34128,0.28064,0.00,11.18,134.91,0.0000
23833,LOST_LONG,-0.56853,-0.65237,-0.02313,-0.40805,0.34093,0.14999,1.78397,-0.85275,0.2393,0.951,1.5159,-0.9902,0.0119,-0.0111,0.34129,0.28070,0.00,11.18,138.71,0.0000
23843,LOST_LONG,-0.56853,-0.65237,-0.02313,-0.40805,0.34093,0.14999,1.78397,-0.85275,0.2393,0.951,1.5159,-0.9902,0.0119,-0.0111,0.34128,0.28062,0.00,11.18,138.55,0.0000
23853,LOST_LONG,-0.56853,-0.65237,-0.02313,-0.40805,0.34093,0.14999,1.78397,-0.85275,0.2393,0.951,1.5159,-0.9902,0.0119,-0.0111,0.34128,0.28062,0.00,11.18,136.45,0.0000
23863,LOST_LONG,-0.56853,-0.65237,-0.02313,-0.40805,0.34093,0.14999,1.78397,-0.85275,0.2393,0.951,1.5159,-0.9902,0.0119,-0.0111,0.34128,0.28061,0.00,11.18,137.49,0.0000
23873,LOST_LONG,-0.56853,-0.65237,-0.02313,-0.40805,0.34093,0.14999,1.78397,-0.85275,0.2393,0.951,1.5159,-0.9902,0.0119,-0.0111,0.34128,0.28065,0.00,11.18,138.92,0.0000
23883,LOST_LONG,-0.56853,-0.65237,-0.02313,-0.40805,0.34093,0.14999,1.78397,-0.85275,0.2393,0.951,1.5159,-0.9902,0.0119,-0.0111,0.34128,0.28061,0.00,11.18,134.34,0.0000
23893,LOST_LONG,-0.56853,-0.65237,-0.02313,-0.40805,0.34093,0.14999,1.78397,-0.85275,0.2393,0.951,1.5159,-0.9902,0.0119,-0.0111,0.34128,0.28063,0.00,11.18,136.56,0.0000
23903,LOST_LONG,-0.56853,-0.65237,-0.02313,-0.40805,0.34093,0.14999,1.78397,-0.85275,0.2393,0.951,1.5159,-0.9902,0.0119,-0.0111,0.34128,0.28061,0.00,11.18,135.11,0.0000
23913,LOST_LONG,-0.56853,-0.65237,-0.02313,-0.40805,0.34093,0.14999,1.78397,-0.85275,0.2393,0.951,1.5159,-0.9902,0.0119,-0.0111,0.34128,0.28064,0.00,11.18,137.25,0.0000
23923,LOST_LONG,-0.56853,-0.65237,-0.02313,-0.40805,0.34093,0.14999,1.78397,-0.85275,0.2393,0.951,1.5159,-0.9902,0.0119,-0.0111,0.34128,0.28061,0.00,11.18,132.57,0.0000
23933,LOST_LONG,-0.56853,-0.65237,-0.02313,-0.40805,0.34093,0.14999,1.78397,-0.85275,0.2393,0.951,1.5159,-0.9902,0.0119,-0.0111,0.34128,0.28064,0.00,11.18,134.20,0.0000
23943,LOST_LONG,-0.56853,-0.65237,-0.02313,-0.40805,0.34093,0.14999,1.78397,-0.85275,0.2393,0.951,1.5159,-0.9902,0.0119,-0.0111,0.34131,0.28077,0.00,11.18,136.77,0.0000
23953,LOST_LONG,-0.56853,-0.65237,-0.02313,-0.40805,0.34093,0.14999,1.78397,-0.85275,0.2393,0.951,1.5159,-0.9902,0.0119,-0.0111,0.34130,0.28075,0.00,11.18,139.26,0.0000
23963,LOST_LONG,-0.56853,-0.65237,-0.02313,-0.40805,0.34093,0.14999,1.78397,-0.85275,0.2393,0.951,1.5159,-0.9902,0.0119,-0.0111,0.34128,0.28063,0.00,11.18,143.52,0.0000
23973,LOST_LONG,-0.56853,-0.65237,-0.02313,-0.40805,0.34093,0.14999,1.78397,-0.85275,0.2393,0.951,1.5159,-0.9902,0.0119,-0.0111,0.34127,0.28059,0.00,11.18,141.49,0.0000
23983,LOST_LONG,-0.56853,-0.65237,-0.02313,-0.40805,0.34093,0.14999,1.78397,-0.85275,0.2393,0.951,1.5159,-0.9902,0.0119,-0.0111,0.34130,0.28072,0.00,11.18,139.86,0.0000
23993,LOST_LONG,-0.56853,-0.65237,-0.02313,-0.40805,0.34093,0.14999,1.78397,-0.85275,0.2393,0.951,1.5159,-0.9902,0.0119,-0.0111,0.34130,0.28075,0.00,11.18,142.19,0.0000
24003,LOST_LONG,-0.56853,-0.65237,-0.02313,-0.40805,0.34093,0.14999,1.78397,-0.85275,0.2393,0.951,1.5159,-0.9902,0.0119,-0.0111,0.34127,0.28057,0.00,11.18,138.24,0.0000
24013,LOST_LONG,-0.56853,-0.65237,-0.02313,-0.40805,0.34093,0.14999,1.78397,-0.85275,0.2393,0.951,1.5159,-0.9902,0.0119,-0.0111,0.34127,0.28059,0.00,11.18,137.46,0.0000
24023,LOST_LONG,-0.56853,-0.65237,-0.02313,-0.40805,0.34093,0.14999,1.78397,-0.85275,0.2393,0.951,1.5159,-0.9902,0.0119,-0.0111,0.34128,0.28060,0.00,11.18,140.03,0.0000
24033,LOST_LONG,-0.56853,-0.65237,-0.02313,-0.40805,0.34093,0.14999,1.78397,-0.85275,0.2393,0.951,1.5159,-0.9902,0.0119,-0.0111,0.34128,0.28064,0.00,11.18,137.39,0.0000
24043,LOST_LONG,-0.56853,-0.65237,-0.02313,-0.40805,0.34093,0.14999,1.78397,-0.85275,0.2393,0.951,1.5159,-0.9902,0.0119,-0.0111,0.34127,0.28060,0.00,11.18,140.25,0.0000
24053,LOST_LONG,-0.56853,-0.65237,-0.02313,-0.40805,0.34093,0.14999,1.78397,-0.85275,0.2393,0.951,1.5159,-0.9902,0.0119,-0.0111,0.34128,0.28060,0.00,11.18,139.72,0.0000
24063,LOST_LONG,-0.56853,-0.65237,-0.02313,-0.40805,0.34093,0.14999,1.78397,-0.85275,0.2393,0.951,1.5159,-0.9902,0.0119,-0.0111,0.34128,0.28062,0.00,11.18,135.33,0.0000
24073,LOST_LONG,-0.56853,-0.65237,-0.02313,-0.40805,0.34093,0.14999,1.78397,-0.85275,0.2393,0.951,1.5159,-0.9902,0.0119,-0.0111,0.34130,0.28074,0.00,11.18,135.05,0.0000
24083,LOST_LONG,-0.56853,-0.65237,-0.02313,-0.40805,0.34093,0.14999,1.78397,-0.85275,0.2393,0.951,1.5159,-0.9902,0.0119,-0.0111,0.34128,0.28064,0.00,11.18,135.17,0.0000
24093,LOST_LONG,-0.56853,-0.65237,-0.02313,-0.40805,0.34093,0.14999,1.78397,-0.85275,0.2393,0.951,1.5159,-0.9902,0.0119,-0.0111,0.34128,0.28065,0.00,11.18,137.61,0.0000
24103,LOST_LONG,-0.56853,-0.65237,-0.02313,-0.40805,0.34093,0.14999,1.78397,-0.85275,0.2393,0.951,1.5159,-0.9902,0.0119,-0.0111,0.34128,0.28060,0.00,11.18,138.53,0.0000
24113,LOST_LONG,-0.56853,-0.65237,-0.02313,-0.40805,0.34093,0.14999,1.78397,-0.85275,0.2393,0.951,1.5159,-0.9902,0.0119,-0.0111,0.34129,0.28068,0.00,11.18,136.16,0.0000
24123,LOST_LONG,-0.56853,-0.65237,-0.02313,-0.40805,0.34093,0.14999,1.78397,-0.85275,0.2393,0.951,1.5159,-0.9902,0.0119,-0.0111,0.34128,0.28061,0.00,11.18,141.35,0.0000
24133,LOST_LONG,-0.56853,-0.65237,-0.02313,-0.40805,0.34093,0.14999,1.78397,-0.85275,0.2393,0.951,1.5159,-0.9902,0.0119,-0.0111,0.34129,0.28066,0.00,11.18,140.69,0.0000
24143,LOST_LONG,-0.56853,-0.65237,-0.02313,-0.40805,0.34093,0.14999,1.78397,-0.85275,0.2393,0.951,1.5159,-0.9902,0.0119,-0.0111,0.34128,0.28061,0.00,11.18,140.08,0.0000
24153,LOST_LONG,-0.56853,-0.65237,-0.02313,-0.40805,0.34093,0.14999,1.78397,-0.85275,0.2393,0.951,1.5159,-0.9902,0.0119,-0.0111,0.34130,0.28076,0.00,11.18,140.95,0.0000
24163,LOST_LONG,-0.56853,-0.65237,-0.02313,-0.40805,0.34093,0.14999,1.78397,-0.85275,0.2393,0.951,1.5159,-0.9902,0.0119,-0.0111,0.34131,0.28078,0.00,11.18,139.57,0.0000
24173,LOST_LONG,-0.56853,-0.65237,-0.02313,-0.40805,0.34093,0.14999,1.78397,-0.85275,0.2393,0.951,1.5159,-0.9902,0.0119,-0.0111,0.34127,0.28059,0.00,11.18,139.25,0.0000
24183,LOST_LONG,-0.56853,-0.65237,-0.02313,-0.40805,0.34093,0.14999,1.78397,-0.85275,0.2393,0.951,1.5159,-0.9902,0.0119,-0.0111,0.34128,0.28064,0.00,11.18,138.66,0.0000
24193,LOST_LONG,-0.56853,-0.65237,-0.02313,-0.40805,0.34093,0.14999,1.78397,-0.85275,0.2393,0.951,1.5159,-0.9902,0.0119,-0.0111,0.34128,0.28061,0.00,11.18,138.45,0.0000
24203,LOST_LONG,-0.56853,-0.65237,-0.02313,-0.40805,0.34093,0.14999,1.78397,-0.85275,0.2393,0.951,1.5159,-0.9902,0.0119,-0.0111,0.34128,0.28063,0.00,11.18,139.95,0.0000
24213,LOST_LONG,-0.56853,-0.65237,-0.02313,-0.40805,0.34093,0.14999,1.78397,-0.85275,0.2393,0.951,1.5159,-0.9902,0.0119,-0.0111,0.34130,0.28076,0.00,11.18,137.64,0.0000
24223,LOST_LONG,-0.56853,-0.65237,-0.02313,-0.40805,0.34093,0.14999,1.78397,-0.85275,0.2393,0.951,1.5159,-0.9902,0.0119,-0.0111,0.34129,0.28068,0.00,11.18,135.26,0.0000
24233,LOST_LONG,-0.56853,-0.65237,-0.02313,-0.40805,0.34093,0.14999,1.78397,-0.85275,0.2393,0.951,1.5159,-0.9902,0.0119,-0.0111,0.34128,0.28060,0.00,11.18,139.99,0.0000
24243,LOST_LONG,-0.56853,-0.65237,-0.02313,-0.40805,0.34093,0.14999,1.78397,-0.85275,0.2393,0.951,1.5159,-0.9902,0.0119,-0.0111,0.34128,0.28063,0.00,11.18,140.19,0.0000
24253,LOST_LONG,-0.56853,-0.65237,-0.02313,-0.40805,0.34093,0.14999,1.78397,-0.85275,0.2393,0.951,1.5159,-0.9902,0.0119,-0.0111,0.34128,0.28060,0.00,11.18,137.86,0.0000
24263,LOST_LONG,-0.56853,-0.65237,-0.02313,-0.40805,0.34093,0.14999,1.78397,-0.85275,0.2393,0.951,1.5159,-0.9902,0.0119,-0.0111,0.34127,0.28059,0.00,11.18,137.55,0.0000
24273,LOST_LONG,-0.56853,-0.65237,-0.02313,-0.40805,0.34093,0.14999,1.78397,-0.85275,0.2393,0.951,1.5159,-0.9902,0.0119,-0.0111,0.34128,0.28064,0.00,11.18,138.99,0.0000
24283,LOST_LONG,-0.56853,-0.65237,-0.02313,-0.40805,0.34093,0.14999,1.78397,-0.85275,0.2393,0.951,1.5159,-0.9902,0.0119,-0.0111,0.34130,0.28076,0.00,11.18,139.33,0.0000
24293,LOST_LONG,-0.56853,-0.65237,-0.02313,-0.40805,0.34093,0.14999,1.78397,-0.85275,0.2393,0.951,1.5159,-0.9902,0.0119,-0.0111,0.34128,0.28064,0.00,11.18,141.61,0.0000
24303,LOST_LONG,-0.56853,-0.65237,-0.02313,-0.40805,0.34093,0.14999,1.78397,-0.85275,0.2393,0.951,1.5159,-0.9902,0.0119,-0.0111,0.34128,0.28065,0.00,11.18,138.63,0.0000
24313,LOST_LONG,-0.56853,-0.65237,-0.02313,-0.40805,0.34093,0.14999,1.78397,-0.85275,0.2393,0.951,1.5159,-0.9902,0.0119,-0.0111,0.34129,0.28067,0.00,11.18,138.23,0.0000
24323,LOST_LONG,-0.56853,-0.65237,-0.02313,-0.40805,0.34093,0.14999,1.78397,-0.85275,0.2393,0.951,1.5159,-0.9902,0.0119,-0.0111,0.34128,0.28061,0.00,11.18,135.63,0.0000
24333,LOST_LONG,-0.56853,-0.65237,-0.02313,-0.40805,0.34093,0.14999,1.78397,-0.85275,0.2393,0.951,1.5159,-0.9902,0.0119,-0.0111,0.34129,0.28067,0.00,11.18,135.28,0.0000
24343,LOST_LONG,-0.56853,-0.65237,-0.02313,-0.40805,0.34093,0.14999,1.78397,-0.85275,0.2393,0.951,1.5159,-0.9902,0.0119,-0.0111,0.34128,0.28063,0.00,11.18,138.24,0.0000
24353,LOST_LONG,-0.56853,-0.65237,-0.02313,-0.40805,0.34093,0.14999,1.78397,-0.85275,0.2393,0.951,1.5159,-0.9902,0.0119,-0.0111,0.34127,0.28059,0.00,11.18,136.68,0.0000
24363,LOST_LONG,-0.56853,-0.65237,-0.02313,-0.40805,0.34093,0.14999,1.78397,-0.85275,0.2393,0.951,1.5159,-0.9902,0.0119,-0.0111,0.34128,0.28062,0.00,11.18,138.82,0.0000
24373,LOST_LONG,-0.56853,-0.65237,-0.02313,-0.40805,0.34093,0.14999,1.78397,-0.85275,0.2393,0.951,1.5159,-0.9902,0.0119,-0.0111,0.34128,0.28062,0.00,11.18,143.09,0.0000
24383,LOST_LONG,-0.56853,-0.65237,-0.02313,-0.40805,0.34093,0.14999,1.78397,-0.85275,0.2393,0.951,1.5159,-0.9902,0.0119,-0.0111,0.34128,0.28064,0.00,11.18,140.51,0.0000
24393,LOST_LONG,-0.56853,-0.65237,-0.02313,-0.40805,0.34093,0.14999,1.78397,-0.85275,0.2393,0.951,1.5159,-0.9902,0.0119,-0.0111,0.34128,0.28064,0.00,11.18,141.69,0.0000
24403,LOST_LONG,-0.56853,-0.65237,-0.02313,-0.40805,0.34093,0.14999,1.78397,-0.85275,0.2393,0.951,1.5159,-0.9902,0.0119,-0.0111,0.34128,0.28061,0.00,11.18,142.69,0.0000
24413,LOST_LONG,-0.56853,-0.65237,-0.02313,-0.40805,0.34093,0.14999,1.78397,-0.85275,0.2393,0.951,1.5159,-0.9902,0.0119,-0.0111,0.34131,0.28077,0.00,11.18,143.52,0.0000
24423,LOST_LONG,-0.56853,-0.65237,-0.02313,-0.40805,0.34093,0.14999,1.78397,-0.85275,0.2393,0.951,1.5159,-0.9902,0.0119,-0.0111,0.34130,0.28072,0.00,11.18,143.25,0.0000
24433,LOST_LONG,-0.56853,-0.65237,-0.02313,-0.40805,0.34093,0.14999,1.78397,-0.85275,0.2393,0.951,1.5159,-0.9902,0.0119,-0.0111,0.34130,0.28072,0.00,11.18,141.17,0.0000
24443,LOST_LONG,-0.56853,-0.65237,-0.02313,-0.40805,0.34093,0.14999,1.78397,-0.85275,0.2393,0.951,1.5159,-0.9902,0.0119,-0.0111,0.34127,0.28059,0.00,11.18,142.72,0.0000
24453,LOST_LONG,-0.56853,-0.65237,-0.02313,-0.40805,0.34093,0.14999,1.78397,-0.85275,0.2393,0.951,1.5159,-0.9902,0.0119,-0.0111,0.34127,0.28059,0.00,11.18,140.83,0.0000
24463,LOST_LONG,-0.56853,-0.65237,-0.02313,-0.40805,0.34093,0.14999,1.78397,-0.85275,0.2393,0.951,1.5159,-0.9902,0.0119,-0.0111,0.34130,0.28074,0.00,11.18,139.77,0.0000
24473,LOST_LONG,-0.56853,-0.65237,-0.02313,-0.40805,0.34093,0.14999,1.78397,-0.85275,0.2393,0.951,1.5159,-0.9902,0.0119,-0.0111,0.34130,0.28072,0.00,11.18,141.31,0.0000
24483,LOST_LONG,-0.56853,-0.65237,-0.02313,-0.40805,0.34093,0.14999,1.78397,-0.85275,0.2393,0.951,1.5159,-0.9902,0.0119,-0.0111,0.34128,0.28065,0.00,11.18,142.10,0.0000
24493,LOST_LONG,-0.56853,-0.65237,-0.02313,-0.40805,0.34093,0.14999,1.78397,-0.85275,0.2393,0.951,1.5159,-0.9902,0.0119,-0.0111,0.34128,0.28061,0.00,11.18,141.70,0.0000
24503,LOST_LONG,-0.56853,-0.65237,-0.02313,-0.40805,0.34093,0.14999,1.78397,-0.85275,0.2393,0.951,1.5159,-0.9902,0.0119,-0.0111,0.34127,0.28059,0.00,11.18,141.35,0.0000
24513,LOST_LONG,-0.56853,-0.65237,-0.02313,-0.40805,0.34093,0.14999,1.78397,-0.85275,0.2393,0.951,1.5159,-0.9902,0.0119,-0.0111,0.34128,0.28062,0.00,11.18,142.04,0.0000
24523,LOST_LONG,-0.56853,-0.65237,-0.02313,-0.40805,0.34093,0.14999,1.78397,-0.85275,0.2393,0.951,1.5159,-0.9902,0.0119,-0.0111,0.34128,0.28062,0.00,11.18,139.64,0.0000
24533,LOST_LONG,-0.56853,-0.65237,-0.02313,-0.40805,0.34093,0.14999,1.78397,-0.85275,0.2393,0.951,1.5159,-0.9902,0.0119,-0.0111,0.34129,0.28066,0.00,11.18,143.30,0.0000
24543,LOST_LONG,-0.56853,-0.65237,-0.02313,-0.40805,0.34093,0.14999,1.78397,-0.85275,0.2393,0.951,1.5159,-0.9902,0.0119,-0.0111,0.34128,0.28061,0.00,11.18,142.77,0.0000
24553,LOST_LONG,-0.56853,-0.65237,-0.02313,-0.40805,0.34093,0.14999,1.78397,-0.85275,0.2393,0.951,1.5159,-0.9902,0.0119,-0.0111,0.34129,0.28066,0.00,11.18,141.76,0.0000
24563,LOST_LONG,-0.56853,-0.65237,-0.02313,-0.40805,0.34093,0.14999,1.78397,-0.85275,0.2393,0.951,1.5159,-0.9902,0.0119,-0.0111,0.34127,0.28059,0.00,11.18,142.17,0.0000
24573,LOST_LONG,-0.56853,-0.65237,-0.02313,-0.40805,0.34093,0.14999,1.78397,-0.85275,0.2393,0.951,1.5159,-0.9902,0.0119,-0.0111,0.34128,0.28063,0.00,11.18,137.01,0.0000
24583,LOST_LONG,-0.56853,-0.65237,-0.02313,-0.40805,0.34093,0.14999,1.78397,-0.85275,0.2393,0.951,1.5159,-0.9902,0.0119,-0.0111,0.34128,0.28062,0.00,11.18,143.10,0.0000
24593,LOST_LONG,-0.56853,-0.65237,-0.02313,-0.40805,0.34093,0.14999,1.78397,-0.85275,0.2393,0.951,1.5159,-0.9902,0.0119,-0.0111,0.34128,0.28060,0.00,11.18,140.18,0.0000
24603,LOST_LONG,-0.56853,-0.65237,-0.02313,-0.40805,0.34093,0.14999,1.78397,-0.85275,0.2393,0.951,1.5159,-0.9902,0.0119,-0.0111,0.34128,0.28063,0.00,11.18,141.66,0.0000
24613,LOST_LONG,-0.56853,-0.65237,-0.02313,-0.40805,0.34093,0.14999,1.78397,-0.85275,0.2393,0.951,1.5159,-0.9902,0.0119,-0.0111,0.34128,0.28063,0.00,11.18,139.24,0.0000
24623,LOST_LONG,-0.56853,-0.65237,-0.02313,-0.40805,0.34093,0.14999,1.78397,-0.85275,0.2393,0.951,1.5159,-0.9902,0.0119,-0.0111,0.34128,0.28064,0.00,11.18,140.98,0.0000
24633,LOST_LONG,-0.56853,-0.65237,-0.02313,-0.40805,0.34093,0.14999,1.78397,-0.85275,0.2393,0.951,1.5159,-0.9902,0.0119,-0.0111,0.34128,0.28064,0.00,11.18,139.90,0.0000
24643,LOST_LONG,-0.56853,-0.65237,-0.02313,-0.40805,0.34093,0.14999,1.78397,-0.85275,0.2393,0.951,1.5159,-0.9902,0.0119,-0.0111,0.34128,0.28061,0.00,11.18,141.07,0.0000
24653,LOST_LONG,-0.56853,-0.65237,-0.02313,-0.40805,0.34093,0.14999,1.78397,-0.85275,0.2393,0.951,1.5159,-0.9902,0.0119,-0.0111,0.34128,0.28063,0.00,11.18,138.33,0.0000
24663,LOST_LONG,-0.56853,-0.65237,-0.02313,-0.40805,0.34093,0.14999,1.78397,-0.85275,0.2393,0.951,1.5159,-0.9902,0.0119,-0.0111,0.34128,0.28063,0.00,11.18,142.06,0.0000
24673,LOST_LONG,-0.56853,-0.65237,-0.02313,-0.40805,0.34093,0.14999,1.78397,-0.85275,0.2393,0.951,1.5159,-0.9902,0.0119,-0.0111,0.34128,0.28062,0.00,11.18,139.74,0.0000
24683,LOST_LONG,-0.56853,-0.65237,-0.02313,-0.40805,0.34093,0.14999,1.78397,-0.85275,0.2393,0.951,1.5159,-0.9902,0.0119,-0.0111,0.34127,0.28059,0.00,11.18,143.52,0.0000
24693,LOST_LONG,-0.56853,-0.65237,-0.02313,-0.40805,0.34093,0.14999,1.78397,-0.85275,0.2393,0.951,1.5159,-0.9902,0.0119,-0.0111,0.34130,0.28076,0.00,11.18,138.87,0.0000
24703,LOST_LONG,-0.56853,-0.65237,-0.02313,-0.40805,0.34093,0.14999,1.78397,-0.85275,0.2393,0.951,1.5159,-0.9902,0.0119,-0.0111,0.34129,0.28071,0.00,11.18,141.57,0.0000
24713,LOST_LONG,-0.56853,-0.65237,-0.02313,-0.40805,0.34093,0.14999,1.78397,-0.85275,0.2393,0.951,1.5159,-0.9902,0.0119,-0.0111,0.34128,0.28061,0.00,11.18,137.41,0.0000
24723,LOST_LONG,-0.56853,-0.65237,-0.02313,-0.40805,0.34093,0.14999,1.78397,-0.85275,0.2393,0.951,1.5159,-0.9902,0.0119,-0.0111,0.34131,0.28077,0.00,11.18,139.68,0.0000
24733,LOST_LONG,-0.56853,-0.65237,-0.02313,-0.40805,0.34093,0.14999,1.78397,-0.85275,0.2393,0.951,1.5159,-0.9902,0.0119,-0.0111,0.34127,0.28058,0.00,11.18,140.60,0.0000
24743,LOST_LONG,-0.56853,-0.65237,-0.02313,-0.40805,0.34093,0.14999,1.78397,-0.85275,0.2393,0.951,1.5159,-0.9902,0.0119,-0.0111,0.34130,0.28076,0.00,11.18,140.00,0.0000
24753,LOST_LONG,-0.56853,-0.65237,-0.02313,-0.40805,0.34093,0.14999,1.78397,-0.85275,0.2393,0.951,1.5159,-0.9902,0.0119,-0.0111,0.34129,0.28067,0.00,11.18,141.98,0.0000
24763,LOST_LONG,-0.56853,-0.65237,-0.02313,-0.40805,0.34093,0.14999,1.78397,-0.85275,0.2393,0.951,1.5159,-0.9902,0.0119,-0.0111,0.34129,0.28068,0.00,11.18,141.21,0.0000
24773,LOST_LONG,-0.56853,-0.65237,-0.02313,-0.40805,0.34093,0.14999,1.78397,-0.85275,0.2393,0.951,1.5159,-0.9902,0.0119,-0.0111,0.34128,0.28065,0.00,11.18,142.09,0.0000
24783,LOST_LONG,-0.56853,-0.65237,-0.02313,-0.40805,0.34093,0.14999,1.78397,-0.85275,0.2393,0.951,1.5159,-0.9902,0.0119,-0.0111,0.34131,0.28077,0.00,11.18,141.07,0.0000
24793,LOST_LONG,-0.56853,-0.65237,-0.02313,-0.40805,0.34093,0.14999,1.78397,-0.85275,0.2393,0.951,1.5159,-0.9902,0.0119,-0.0111,0.34128,0.28061,0.00,11.18,141.50,0.0000
24803,LOST_LONG,-0.56853,-0.65237,-0.02313,-0.40805,0.34093,0.14999,1.78397,-0.85275,0.2393,0.951,1.5159,-0.9902,0.0119,-0.0111,0.34127,0.28058,0.00,11.18,139.79,0.0000
24813,LOST_LONG,-0.56853,-0.65237,-0.02313,-0.40805,0.34093,0.14999,1.78397,-0.85275,0.2393,0.951,1.5159,-0.9902,0.0119,-0.0111,0.34129,0.28067,0.00,11.18,140.75,0.0000
24823,LOST_LONG,-0.56853,-0.65237,-0.02313,-0.40805,0.34093,0.14999,1.78397,-0.85275,0.2393,0.951,1.5159,-0.9902,0.0119,-0.0111,0.34130,0.28072,0.00,11.18,136.58,0.0000
24833,LOST_LONG,-0.56853,-0.65237,-0.02313,-0.40805,0.34093,0.14999,1.78397,-0.85275,0.2393,0.951,1.5159,-0.9902,0.0119,-0.0111,0.34128,0.28064,0.00,11.18,141.50,0.0000
24843,LOST_LONG,-0.56853,-0.65237,-0.02313,-0.40805,0.34093,0.14999,1.78397,-0.85275,0.2393,0.951,1.5159,-0.9902,0.0119,-0.0111,0.34129,0.28067,0.00,11.18,138.78,0.0000
24853,LOST_LONG,-0.56853,-0.65237,-0.02313,-0.40805,0.34093,0.14999,1.78397,-0.85275,0.2393,0.951,1.5159,-0.9902,0.0119,-0.0111,0.34128,0.28063,0.00,11.18,141.90,0.0000
24863,LOST_LONG,-0.56853,-0.65237,-0.02313,-0.40805,0.34093,0.14999,1.78397,-0.85275,0.2393,0.951,1.5159,-0.9902,0.0119,-0.0111,0.34128,0.28064,0.00,11.18,141.19,0.0000
24873,LOST_LONG,-0.56853,-0.65237,-0.02313,-0.40805,0.34093,0.14999,1.78397,-0.85275,0.2393,0.951,1.5159,-0.9902,0.0119,-0.0111,0.34128,0.28062,0.00,11.18,141.30,0.0000
24883,LOST_LONG,-0.56853,-0.65237,-0.02313,-0.40805,0.34093,0.14999,1.78397,-0.85275,0.2393,0.951,1.5159,-0.9902,0.0119,-0.0111,0.34130,0.28075,0.00,11.18,140.86,0.0000
24893,LOST_LONG,-0.56853,-0.65237,-0.02313,-0.40805,0.34093,0.14999,1.78397,-0.85275,0.2393,0.951,1.5159,-0.9902,0.0119,-0.0111,0.34128,0.28062,0.00,11.18,144.86,0.0000
24903,LOST_LONG,-0.56853,-0.65237,-0.02313,-0.40805,0.34093,0.14999,1.78397,-0.85275,0.2393,0.951,1.5159,-0.9902,0.0119,-0.0111,0.34128,0.28060,0.00,11.18,141.69,0.0000
24913,LOST_LONG,-0.56853,-0.65237,-0.02313,-0.40805,0.34093,0.14999,1.78397,-0.85275,0.2393,0.951,1.5159,-0.9902,0.0119,-0.0111,0.34129,0.28066,0.00,11.18,141.13,0.0000
24923,LOST_LONG,-0.56853,-0.65237,-0.02313,-0.40805,0.34093,0.14999,1.78397,-0.85275,0.2393,0.951,1.5159,-0.9902,0.0119,-0.0111,0.34128,0.28060,0.00,11.18,135.85,0.0000
24933,LOST_LONG,-0.56853,-0.65237,-0.02313,-0.40805,0.34093,0.14999,1.78397,-0.85275,0.2393,0.951,1.5159,-0.9902,0.0119,-0.0111,0.34128,0.28061,0.00,11.18,133.79,0.0000
24943,LOST_LONG,-0.56853,-0.65237,-0.02313,-0.40805,0.34093,0.14999,1.78397,-0.85275,0.2393,0.951,1.5159,-0.9902,0.0119,-0.0111,0.34128,0.28060,0.00,11.18,139.46,0.0000
24953,LOST_LONG,-0.56853,-0.65237,-0.02313,-0.40805,0.34093,0.14999,1.78397,-0.85275,0.2393,0.951,1.5159,-0.9902,0.0119,-0.0111,0.34129,0.28066,0.00,11.18,149.58,0.0000
24963,LOST_LONG,-0.56853,-0.65237,-0.02313,-0.40805,0.34093,0.14999,1.78397,-0.85275,0.2393,0.951,1.5159,-0.9902,0.0119,-0.0111,0.34127,0.28058,0.00,11.18,38.49,0.0000
24973,LOST_LONG,-0.56853,-0.65237,-0.02313,-0.40805,0.34093,0.14999,1.78397,-0.85275,0.2393,0.951,1.5159,-0.9902,0.0119,-0.0111,0.34128,0.28062,0.00,11.18,117.22,0.0000
24983,LOST_LONG,-0.56853,-0.65237,-0.02313,-0.40805,0.34093,0.14999,1.78397,-0.85275,0.2393,0.951,1.5159,-0.9902,0.0119,-0.0111,0.34130,0.28075,0.00,11.18,126.49,0.0000
24993,TRACKING,0.25119,-0.67350,0.66430,-0.34952,0.20000,0.17048,1.25495,-0.35568,0.6861,0.898,1.4115,-0.7364,0.0119,-0.0111,0.34128,0.28061,0.00,0.00,111.25,0.7188
25003,TRACKING,-0.39548,-0.27789,0.01476,0.06521,0.33984,0.30164,1.48480,-1.01879,0.0153,0.889,1.4875,-1.0098,0.0119,-0.0111,0.33101,0.28059,0.00,0.00,124.64,0.4750
25013,TRACKING,-0.34806,-0.14100,0.08369,0.22657,0.31755,0.35811,1.35988,-1.06477,0.0521,0.699,1.3884,-1.0520,0.0119,-0.0111,0.33367,0.31652,0.00,0.00,142.78,0.3435
25023,TRACKING,-0.26216,0.07074,0.14869,0.43049,0.29480,0.42948,1.27025,-1.19303,0.0581,0.696,1.2648,-1.1586,-0.0370,-0.0920,0.30719,0.38279,-31.08,-31.08,154.01,0.2851
25033,TRACKING,-0.26809,0.08582,0.14852,0.38117,0.29486,0.41222,1.26748,-1.14017,0.0519,0.709,1.2729,-1.1708,-0.0404,1.4721,0.29784,0.43727,-32.17,-29.49,153.84,0.2707
25043,TRACKING,-0.29550,-0.14184,0.10255,0.11370,0.31094,0.31861,1.36534,-0.95205,0.0740,0.636,1.3348,-0.9843,-0.1039,-0.6533,0.29589,0.40018,-38.53,-36.25,129.58,0.3751
25053,LOST_SHORT,-0.31322,-0.22684,0.09163,0.05662,0.31477,0.29863,1.40053,-0.92470,0.0399,0.589,1.3825,-0.9404,-0.1287,-0.6954,0.31693,0.32456,0.00,-37.57,126.97,0.0000
25063,LOST_LONG,-0.31322,-0.22684,0.09163,0.05662,0.31477,0.29863,1.40053,-0.92470,0.0399,0.589,1.3825,-0.9404,-0.1287,-0.6954,0.31647,0.32051,0.00,-37.57,143.65,0.0000
25073,LOST_LONG,-0.31322,-0.22684,0.09163,0.05662,0.31477,0.29863,1.40053,-0.92470,0.0399,0.589,1.3825,-0.9404,-0.1287,-0.6954,0.31645,0.32037,0.00,-37.57,143.38,0.0000
25083,LOST_LONG,-0.31322,-0.22684,0.09163,0.05662,0.31477,0.29863,1.40053,-0.92470,0.0399,0.589,1.4862,-0.9774,-0.0188,-0.1018,0.32813,0.30425,0.00,-37.57,148.82,0.0000
25093,TRACKING,-0.04835,-0.20136,0.36476,0.12263,0.21917,0.32173,1.00869,-0.67902,0.5695,2.713,1.2997,-0.8581,-0.0109,-0.0113,0.33696,0.28609,0.00,0.00,179.46,0.2071
25103,TRACKING,0.52378,-0.36110,1.01275,-0.09366,0.20000,0.26003,0.99954,-0.48594,0.0650,0.762,0.9802,-0.5198,-0.0109,-0.0113,0.30184,0.28546,0.00,0.00,135.34,0.7308
25113,TRACKING,0.71141,-0.47351,1.12911,-0.16301,0.20000,0.23576,1.04935,-0.44038,0.0230,0.827,1.0393,-0.4499,-0.0109,-0.0113,0.26208,0.27972,0.00,0.00,135.88,0.8659
25123,LOST_SHORT,0.70217,-0.52791,1.12143,-0.22750,0.20000,0.21319,1.10819,-0.40436,0.0350,1.010,1.0901,-0.4151,-0.0109,-0.0113,0.22335,0.26466,0.00,0.00,114.61,0.0000
25133,LOST_SHORT,0.70217,-0.52791,1.12143,-0.22750,0.20000,0.21319,1.10819,-0.40436,0.0350,1.010,1.0901,-0.4151,-0.0109,-0.0113,0.20287,0.22454,0.00,0.00,140.42,0.0000
25143,LOST_LONG,0.70217,-0.52791,1.12143,-0.22750,0.20000,0.21319,1.10819,-0.40436,0.0350,1.010,1.0901,-0.4151,-0.0109,-0.0113,0.20066,0.22064,0.00,0.00,142.11,0.0000
25153,LOST_LONG,0.70217,-0.52791,1.12143,-0.22750,0.20000,0.21319,1.10819,-0.40436,0.0350,1.010,1.3991,-0.8442,-0.0109,-0.0113,0.21356,0.22477,0.00,0.00,146.37,0.0000
25163,LOST_LONG,0.70217,-0.52791,1.12143,-0.22750,0.20000,0.21319,1.10819,-0.40436,0.0350,1.010,1.4923,-0.9777,-0.0109,-0.0113,0.25187,0.23320,0.00,0.00,139.77,0.0000
25173,LOST_LONG,0.70217,-0.52791,1.12143,-0.22750,0.20000,0.21319,1.10819,-0.40436,0.0350,1.010,1.4923,-0.9777,-0.0109,-0.0113,0.29154,0.23622,0.00,0.00,139.91,0.0000
25183,LOST_LONG,0.70217,-0.52791,1.12143,-0.22750,0.20000,0.21319,1.10819,-0.40436,0.0350,1.010,1.4923,-0.9777,-0.0109,-0.0113,0.32344,0.25603,0.00,0.00,141.67,0.0000
25193,LOST_LONG,0.70217,-0.52791,1.12143,-0.22750,0.20000,0.21319,1.10819,-0.40436,0.0350,1.010,1.4923,-0.9777,-0.0109,-0.0113,0.33662,0.28600,0.00,0.00,139.21,0.0000
25203,LOST_LONG,0.70217,-0.52791,1.12143,-0.22750,0.20000,0.21319,1.10819,-0.40436,0.0350,1.010,1.4923,-0.9777,-0.0109,-0.0113,0.33681,0.28651,0.00,0.00,143.46,0.0000
25213,LOST_LONG,0.70217,-0.52791,1.12143,-0.22750,0.20000,0.21319,1.10819,-0.40436,0.0350,1.010,1.4923,-0.9777,-0.0109,-0.0113,0.33681,0.28652,0.00,0.00,143.86,0.0000
25223,LOST_LONG,0.70217,-0.52791,1.12143,-0.22750,0.20000,0.21319,1.10819,-0.40436,0.0350,1.010,1.4923,-0.9777,-0.0109,-0.0113,0.33681,0.28655,0.00,0.00,141.81,0.0000
25233,LOST_LONG,0.70217,-0.52791,1.12143,-0.22750,0.20000,0.21319,1.10819,-0.40436,0.0350,1.010,1.4923,-0.9777,-0.0109,-0.0113,0.33681,0.28654,0.00,0.00,142.71,0.0000
25243,LOST_LONG,0.70217,-0.52791,1.12143,-0.22750,0.20000,0.21319,1.10819,-0.40436,0.0350,1.010,1.4923,-0.9777,-0.0109,-0.0113,0.33681,0.28654,0.00,0.00,144.96,0.0000
25253,LOST_LONG,0.70217,-0.52791,1.12143,-0.22750,0.20000,0.21319,1.10819,-0.40436,0.0350,1.010,1.4923,-0.9777,-0.0109,-0.0113,0.33682,0.28659,0.00,0.00,141.78,0.0000
25263,LOST_LONG,0.70217,-0.52791,1.12143,-0.22750,0.20000,0.21319,1.10819,-0.40436,0.0350,1.010,1.4923,-0.9777,-0.0109,-0.0113,0.33681,0.28652,0.00,0.00,143.11,0.0000
25273,LOST_LONG,0.70217,-0.52791,1.12143,-0.22750,0.20000,0.21319,1.10819,-0.40436,0.0350,1.010,1.4923,-0.9777,-0.0109,-0.0113,0.33681,0.28652,0.00,0.00,144.95,0.0000
25283,LOST_LONG,0.70217,-0.52791,1.12143,-0.22750,0.20000,0.21319,1.10819,-0.40436,0.0350,1.010,1.4923,-0.9777,-0.0109,-0.0113,0.33681,0.28651,0.00,0.00,141.88,0.0000
25293,LOST_LONG,0.70217,-0.52791,1.12143,-0.22750,0.20000,0.21319,1.10819,-0.40436,0.0350,1.010,1.4923,-0.9777,-0.0109,-0.0113,0.33683,0.28664,0.00,0.00,144.45,0.0000
25303,LOST_LONG,0.70217,-0.52791,1.12143,-0.22750,0.20000,0.21319,1.10819,-0.40436,0.0350,1.010,1.4923,-0.9777,-0.0109,-0.0113,0.33681,0.28653,0.00,0.00,144.90,0.0000
25313,LOST_LONG,0.70217,-0.52791,1.12143,-0.22750,0.20000,0.21319,1.10819,-0.40436,0.0350,1.010,1.4923,-0.9777,-0.0109,-0.0113,0.33680,0.28649,0.00,0.00,144.93,0.0000
25323,LOST_LONG,0.70217,-0.52791,1.12143,-0.22750,0.20000,0.21319,1.10819,-0.40436,0.0350,1.010,1.4923,-0.9777,-0.0109,-0.0113,0.33681,0.28651,0.00,0.00,144.71,0.0000
25333,LOST_LONG,0.70217,-0.52791,1.12143,-0.22750,0.20000,0.21319,1.10819,-0.40436,0.0350,1.010,1.4923,-0.9777,-0.0109,-0.0113,0.33681,0.28652,0.00,0.00,142.42,0.0000
25343,LOST_LONG,0.70217,-0.52791,1.12143,-0.22750,0.20000,0.21319,1.10819,-0.40436,0.0350,1.010,1.4923,-0.9777,-0.0109,-0.0113,0.33683,0.28665,0.00,0.00,144.35,0.0000
25353,LOST_LONG,0.70217,-0.52791,1.12143,-0.22750,0.20000,0.21319,1.10819,-0.40436,0.0350,1.010,1.4923,-0.9777,-0.0109,-0.0113,0.33681,0.28650,0.00,0.00,145.93,0.0000
25363,LOST_LONG,0.70217,-0.52791,1.12143,-0.22750,0.20000,0.21319,1.10819,-0.40436,0.0350,1.010,1.4923,-0.9777,-0.0109,-0.0113,0.33680,0.28649,0.00,0.00,145.26,0.0000
25373,LOST_LONG,0.70217,-0.52791,1.12143,-0.22750,0.20000,0.21319,1.10819,-0.40436,0.0350,1.010,1.4923,-0.9777,-0.0109,-0.0113,0.33682,0.28661,0.00,0.00,146.45,0.0000
25383,LOST_LONG,0.70217,-0.52791,1.12143,-0.22750,0.20000,0.21319,1.10819,-0.40436,0.0350,1.010,1.4923,-0.9777,-0.0109,-0.0113,0.33681,0.28653,0.00,0.00,149.83,0.0000
25393,LOST_LONG,0.70217,-0.52791,1.12143,-0.22750,0.20000,0.21319,1.10819,-0.40436,0.0350,1.010,1.4923,-0.9777,-0.0109,-0.0113,0.33682,0.28661,0.00,0.00,144.99,0.0000
25403,LOST_LONG,0.70217,-0.52791,1.12143,-0.22750,0.20000,0.21319,1.10819,-0.40436,0.0350,1.010,1.4923,-0.9777,-0.0109,-0.0113,0.33681,0.28653,0.00,0.00,139.49,0.0000
25413,LOST_LONG,0.70217,-0.52791,1.12143,-0.22750,0.20000,0.21319,1.10819,-0.40436,0.0350,1.010,1.4923,-0.9777,-0.0109,-0.0113,0.33682,0.28659,0.00,0.00,137.13,0.0000
25423,LOST_LONG,0.70217,-0.52791,1.12143,-0.22750,0.20000,0.21319,1.10819,-0.40436,0.0350,1.010,1.4923,-0.9777,-0.0109,-0.0113,0.33681,0.28654,0.00,0.00,137.70,0.0000
25433,LOST_LONG,0.70217,-0.52791,1.12143,-0.22750,0.20000,0.21319,1.10819,-0.40436,0.0350,1.010,1.4923,-0.9777,-0.0109,-0.0113,0.33680,0.28648,0.00,0.00,139.74,0.0000
25443,LOST_LONG,0.70217,-0.52791,1.12143,-0.22750,0.20000,0.21319,1.10819,-0.40436,0.0350,1.010,1.4923,-0.9777,-0.0109,-0.0113,0.33680,0.28650,0.00,0.00,130.95,0.0000
25453,LOST_LONG,0.70217,-0.52791,1.12143,-0.22750,0.20000,0.21319,1.10819,-0.40436,0.0350,1.010,1.4923,-0.9777,-0.0109,-0.0113,0.33681,0.28650,0.00,0.00,135.00,0.0000
25463,LOST_LONG,0.70217,-0.52791,1.12143,-0.22750,0.20000,0.21319,1.10819,-0.40436,0.0350,1.010,1.4923,-0.9777,-0.0109,-0.0113,0.33680,0.28650,0.00,0.00,138.22,0.0000
25473,LOST_LONG,0.70217,-0.52791,1.12143,-0.22750,0.20000,0.21319,1.10819,-0.40436,0.0350,1.010,1.4923,-0.9777,-0.0109,-0.0113,0.33680,0.28649,0.00,0.00,140.09,0.0000
25483,LOST_LONG,0.70217,-0.52791,1.12143,-0.22750,0.20000,0.21319,1.10819,-0.40436,0.0350,1.010,1.4923,-0.9777,-0.0109,-0.0113,0.33680,0.28650,0.00,0.00,142.48,0.0000
25493,LOST_LONG,0.70217,-0.52791,1.12143,-0.22750,0.20000,0.21319,1.10819,-0.40436,0.0350,1.010,1.4923,-0.9777,-0.0109,-0.0113,0.33681,0.28650,0.00,0.00,143.48,0.0000
25503,LOST_LONG,0.70217,-0.52791,1.12143,-0.22750,0.20000,0.21319,1.10819,-0.40436,0.0350,1.010,1.4923,-0.9777,-0.0109,-0.0113,0.33682,0.28659,0.00,0.00,144.68,0.0000
25513,LOST_LONG,0.70217,-0.52791,1.12143,-0.22750,0.20000,0.21319,1.10819,-0.40436,0.0350,1.010,1.4923,-0.9777,-0.0109,-0.0113,0.33680,0.28649,0.00,0.00,143.86,0.0000
25523,LOST_LONG,0.70217,-0.52791,1.12143,-0.22750,0.20000,0.21319,1.10819,-0.40436,0.0350,1.010,1.4923,-0.9777,-0.0109,-0.0113,0.33680,0.28649,0.00,0.00,141.74,0.0000
25533,LOST_LONG,0.70217,-0.52791,1.12143,-0.22750,0.20000,0.21319,1.10819,-0.40436,0.0350,1.010,1.4923,-0.9777,-0.0109,-0.0113,0.33680,0.28649,0.00,0.00,140.86,0.0000
25543,LOST_LONG,0.70217,-0.52791,1.12143,-0.22750,0.20000,0.21319,1.10819,-0.40436,0.0350,1.010,1.4923,-0.9777,-0.0109,-0.0113,0.33681,0.28651,0.00,0.00,142.74,0.0000
25553,LOST_LONG,0.70217,-0.52791,1.12143,-0.22750,0.20000,0.21319,1.10819,-0.40436,0.0350,1.010,1.4923,-0.9777,-0.0109,-0.0113,0.33680,0.28648,0.00,0.00,143.95,0.0000
25563,LOST_LONG,0.70217,-0.52791,1.12143,-0.22750,0.20000,0.21319,1.10819,-0.40436,0.0350,1.010,1.4923,-0.9777,-0.0109,-0.0113,0.33681,0.28655,0.00,0.00,144.95,0.0000
25573,LOST_LONG,0.70217,-0.52791,1.12143,-0.22750,0.20000,0.21319,1.10819,-0.40436,0.0350,1.010,1.4923,-0.9777,-0.0109,-0.0113,0.33681,0.28651,0.00,0.00,146.34,0.0000
25583,LOST_LONG,0.70217,-0.52791,1.12143,-0.22750,0.20000,0.21319,1.10819,-0.40436,0.0350,1.010,1.4923,-0.9777,-0.0109,-0.0113,0.33681,0.28652,0.00,0.00,140.47,0.0000
25593,LOST_LONG,0.70217,-0.52791,1.12143,-0.22750,0.20000,0.21319,1.10819,-0.40436,0.0350,1.010,1.4923,-0.9777,-0.0109,-0.0113,0.33680,0.28648,0.00,0.00,143.26,0.0000
25603,LOST_LONG,0.70217,-0.52791,1.12143,-0.22750,0.20000,0.21319,1.10819,-0.40436,0.0350,1.010,1.4923,-0.9777,-0.0109,-0.0113,0.33681,0.28651,0.00,0.00,141.64,0.0000
25613,LOST_LONG,0.70217,-0.52791,1.12143,-0.22750,0.20000,0.21319,1.10819,-0.40436,0.0350,1.010,1.4923,-0.9777,-0.0109,-0.0113,0.33680,0.28650,0.00,0.00,137.60,0.0000
25623,LOST_LONG,0.70217,-0.52791,1.12143,-0.22750,0.20000,0.21319,1.10819,-0.40436,0.0350,1.010,1.4923,-0.9777,-0.0109,-0.0113,0.33680,0.28648,0.00,0.00,143.75,0.0000
25633,LOST_LONG,0.70217,-0.52791,1.12143,-0.22750,0.20000,0.21319,1.10819,-0.40436,0.0350,1.010,1.4923,-0.9777,-0.0109,-0.0113,0.33680,0.28649,0.00,0.00,148.16,0.0000
25643,LOST_LONG,0.70217,-0.52791,1.12143,-0.22750,0.20000,0.21319,1.10819,-0.40436,0.0350,1.010,1.4923,-0.9777,-0.0109,-0.0113,0.33680,0.28649,0.00,0.00,146.75,0.0000
25653,LOST_LONG,0.70217,-0.52791,1.12143,-0.22750,0.20000,0.21319,1.10819,-0.40436,0.0350,1.010,1.4923,-0.9777,-0.0109,-0.0113,0.33680,0.28647,0.00,0.00,144.79,0.0000
25663,LOST_LONG,0.70217,-0.52791,1.12143,-0.22750,0.20000,0.21319,1.10819,-0.40436,0.0350,1.010,1.4923,-0.9777,-0.0109,-0.0113,0.33681,0.28651,0.00,0.00,144.34,0.0000
25673,LOST_LONG,0.70217,-0.52791,1.12143,-0.22750,0.20000,0.21319,1.10819,-0.40436,0.0350,1.010,1.4923,-0.9777,-0.0109,-0.0113,0.33680,0.28649,0.00,0.00,140.38,0.0000
25683,LOST_LONG,0.70217,-0.52791,1.12143,-0.22750,0.20000,0.21319,1.10819,-0.40436,0.0350,1.010,1.4923,-0.9777,-0.0109,-0.0113,0.33680,0.28650,0.00,0.00,138.83,0.0000
25693,LOST_LONG,0.70217,-0.52791,1.12143,-0.22750,0.20000,0.21319,1.10819,-0.40436,0.0350,1.010,1.4923,-0.9777,-0.0109,-0.0113,0.33680,0.28649,0.00,0.00,138.11,0.0000
25703,LOST_LONG,0.70217,-0.52791,1.12143,-0.22750,0.20000,0.21319,1.10819,-0.40436,0.0350,1.010,1.4923,-0.9777,-0.0109,-0.0113,0.33682,0.28657,0.00,0.00,139.17,0.0000
25713,LOST_LONG,0.70217,-0.52791,1.12143,-0.22750,0.20000,0.21319,1.10819,-0.40436,0.0350,1.010,1.4923,-0.9777,-0.0109,-0.0113,0.33681,0.28653,0.00,0.00,140.49,0.0000
25723,LOST_LONG,0.70217,-0.52791,1.12143,-0.22750,0.20000,0.21319,1.10819,-0.40436,0.0350,1.010,1.4923,-0.9777,-0.0109,-0.0113,0.33681,0.28652,0.00,0.00,140.59,0.0000
25733,LOST_LONG,0.70217,-0.52791,1.12143,-0.22750,0.20000,0.21319,1.10819,-0.40436,0.0350,1.010,1.4923,-0.9777,-0.0109,-0.0113,0.33683,0.28665,0.00,0.00,143.86,0.0000
25743,LOST_LONG,0.70217,-0.52791,1.12143,-0.22750,0.20000,0.21319,1.10819,-0.40436,0.0350,1.010,1.4923,-0.9777,-0.0109,-0.0113,0.33681,0.28654,0.00,0.00,146.54,0.0000
25753,LOST_LONG,0.70217,-0.52791,1.12143,-0.22750,0.20000,0.21319,1.10819,-0.40436,0.0350,1.010,1.4923,-0.9777,-0.0109,-0.0113,0.33681,0.28651,0.00,0.00,140.30,0.0000
25763,LOST_LONG,0.70217,-0.52791,1.12143,-0.22750,0.20000,0.21319,1.10819,-0.40436,0.0350,1.010,1.4923,-0.9777,-0.0109,-0.0113,0.33680,0.28650,0.00,0.00,141.49,0.0000
25773,LOST_LONG,0.70217,-0.52791,1.12143,-0.22750,0.20000,0.21319,1.10819,-0.40436,0.0350,1.010,1.4923,-0.9777,-0.0109,-0.0113,0.33681,0.28654,0.00,0.00,140.24,0.0000
25783,LOST_LONG,0.70217,-0.52791,1.12143,-0.22750,0.20000,0.21319,1.10819,-0.40436,0.0350,1.010,1.4923,-0.9777,-0.0109,-0.0113,0.33682,0.28656,0.00,0.00,140.47,0.0000
25793,LOST_LONG,0.70217,-0.52791,1.12143,-0.22750,0.20000,0.21319,1.10819,-0.40436,0.0350,1.010,1.4923,-0.9777,-0.0109,-0.0113,0.33683,0.28666,0.00,0.00,142.57,0.0000
25803,LOST_LONG,0.70217,-0.52791,1.12143,-0.22750,0.20000,0.21319,1.10819,-0.40436,0.0350,1.010,1.4923,-0.9777,-0.0109,-0.0113,0.33681,0.28651,0.00,0.00,143.52,0.0000
25813,LOST_LONG,0.70217,-0.52791,1.12143,-0.22750,0.20000,0.21319,1.10819,-0.40436,0.0350,1.010,1.4923,-0.9777,-0.0109,-0.0113,0.33683,0.28665,0.00,0.00,141.76,0.0000
25823,LOST_LONG,0.70217,-0.52791,1.12143,-0.22750,0.20000,0.21319,1.10819,-0.40436,0.0350,1.010,1.4923,-0.9777,-0.0109,-0.0113,0.33682,0.28660,0.00,0.00,141.60,0.0000
25833,LOST_LONG,0.70217,-0.52791,1.12143,-0.22750,0.20000,0.21319,1.10819,-0.40436,0.0350,1.010,1.4923,-0.9777,-0.0109,-0.0113,0.33682,0.28661,0.00,0.00,142.82,0.0000
25843,LOST_LONG,0.70217,-0.52791,1.12143,-0.22750,0.20000,0.21319,1.10819,-0.40436,0.0350,1.010,1.4923,-0.9777,-0.0109,-0.0113,0.33680,0.28649,0.00,0.00,143.11,0.0000
25853,LOST_LONG,0.70217,-0.52791,1.12143,-0.22750,0.20000,0.21319,1.10819,-0.40436,0.0350,1.010,1.4923,-0.9777,-0.0109,-0.0113,0.33680,0.28648,0.00,0.00,143.25,0.0000
25863,LOST_LONG,0.70217,-0.52791,1.12143,-0.22750,0.20000,0.21319,1.10819,-0.40436,0.0350,1.010,1.4923,-0.9777,-0.0109,-0.0113,0.33681,0.28651,0.00,0.00,140.48,0.0000
25873,LOST_LONG,0.70217,-0.52791,1.12143,-0.22750,0.20000,0.21319,1.10819,-0.40436,0.0350,1.010,1.4923,-0.9777,-0.0109,-0.0113,0.33680,0.28650,0.00,0.00,141.04,0.0000
25883,LOST_LONG,0.70217,-0.52791,1.12143,-0.22750,0.20000,0.21319,1.10819,-0.40436,0.0350,1.010,1.4923,-0.9777,-0.0109,-0.0113,0.33680,0.28648,0.00,0.00,142.35,0.0000
25893,LOST_LONG,0.70217,-0.52791,1.12143,-0.22750,0.20000,0.21319,1.10819,-0.40436,0.0350,1.010,1.4923,-0.9777,-0.0109,-0.0113,0.33680,0.28648,0.00,0.00,141.56,0.0000
25903,LOST_LONG,0.70217,-0.52791,1.12143,-0.22750,0.20000,0.21319,1.10819,-0.40436,0.0350,1.010,1.4923,-0.9777,-0.0109,-0.0113,0.33680,0.28650,0.00,0.00,141.49,0.0000
25913,LOST_LONG,0.70217,-0.52791,1.12143,-0.22750,0.20000,0.21319,1.10819,-0.40436,0.0350,1.010,1.4923,-0.9777,-0.0109,-0.0113,0.33680,0.28649,0.00,0.00,144.20,0.0000
25923,LOST_LONG,0.70217,-0.52791,1.12143,-0.22750,0.20000,0.21319,1.10819,-0.40436,0.0350,1.010,1.4923,-0.9777,-0.0109,-0.0113,0.33680,0.28649,0.00,0.00,143.70,0.0000
25933,LOST_LONG,0.70217,-0.52791,1.12143,-0.22750,0.20000,0.21319,1.10819,-0.40436,0.0350,1.010,1.4923,-0.9777,-0.0109,-0.0113,0.33681,0.28652,0.00,0.00,138.90,0.0000
25943,LOST_LONG,0.70217,-0.52791,1.12143,-0.22750,0.20000,0.21319,1.10819,-0.40436,0.0350,1.010,1.4923,-0.9777,-0.0109,-0.0113,0.33682,0.28658,0.00,0.00,142.10,0.0000
25953,LOST_LONG,0.70217,-0.52791,1.12143,-0.22750,0.20000,0.21319,1.10819,-0.40436,0.0350,1.010,1.4923,-0.9777,-0.0109,-0.0113,0.33681,0.28651,0.00,0.00,138.58,0.0000
25963,LOST_LONG,0.70217,-0.52791,1.12143,-0.22750,0.20000,0.21319,1.10819,-0.40436,0.0350,1.010,1.4923,-0.9777,-0.0109,-0.0113,0.33683,0.28662,0.00,0.00,135.06,0.0000
25973,LOST_LONG,0.70217,-0.52791,1.12143,-0.22750,0.20000,0.21319,1.10819,-0.40436,0.0350,1.010,1.4923,-0.9777,-0.0109,-0.0113,0.33683,0.28664,0.00,0.00,134.84,0.0000
25983,LOST_LONG,0.70217,-0.52791,1.12143,-0.22750,0.20000,0.21319,1.10819,-0.40436,0.0350,1.010,1.4923,-0.9777,-0.0109,-0.0113,0.33681,0.28655,0.00,0.00,137.74,0.0000
25993,LOST_LONG,0.70217,-0.52791,1.12143,-0.22750,0.20000,0.21319,1.10819,-0.40436,0.0350,1.010,1.4923,-0.9777,-0.0109,-0.0113,0.33680,0.28649,0.00,0.00,137.22,0.0000
26003,LOST_LONG,0.70217,-0.52791,1.12143,-0.22750,0.20000,0.21319,1.10819,-0.40436,0.0350,1.010,1.4923,-0.9777,-0.0109,-0.0113,0.33681,0.28652,0.00,0.00,135.79,0.0000
26013,LOST_LONG,0.70217,-0.52791,1.12143,-0.22750,0.20000,0.21319,1.10819,-0.40436,0.0350,1.010,1.4923,-0.9777,-0.0109,-0.0113,0.33680,0.28647,0.00,0.00,138.58,0.0000
26023,LOST_LONG,0.70217,-0.52791,1.12143,-0.22750,0.20000,0.21319,1.10819,-0.40436,0.0350,1.010,1.4923,-0.9777,-0.0109,-0.0113,0.33681,0.28651,0.00,0.00,142.22,0.0000
26033,LOST_LONG,0.70217,-0.52791,1.12143,-0.22750,0.20000,0.21319,1.10819,-0.40436,0.0350,1.010,1.4923,-0.9777,-0.0109,-0.0113,0.33680,0.28650,0.00,0.00,141.32,0.0000
26043,LOST_LONG,0.70217,-0.52791,1.12143,-0.22750,0.20000,0.21319,1.10819,-0.40436,0.0350,1.010,1.4923,-0.9777,-0.0109,-0.0113,0.33680,0.28649,0.00,0.00,143.74,0.0000
26053,LOST_LONG,0.70217,-0.52791,1.12143,-0.22750,0.20000,0.21319,1.10819,-0.40436,0.0350,1.010,1.4923,-0.9777,-0.0109,-0.0113,0.33680,0.28649,0.00,0.00,141.44,0.0000
26063,LOST_LONG,0.70217,-0.52791,1.12143,-0.22750,0.20000,0.21319,1.10819,-0.40436,0.0350,1.010,1.4923,-0.9777,-0.0109,-0.0113,0.33680,0.28649,0.00,0.00,145.42,0.0000
26073,LOST_LONG,0.70217,-0.52791,1.12143,-0.22750,0.20000,0.21319,1.10819,-0.40436,0.0350,1.010,1.4923,-0.9777,-0.0109,-0.0113,0.33683,0.28663,0.00,0.00,145.34,0.0000
26083,LOST_LONG,0.70217,-0.52791,1.12143,-0.22750,0.20000,0.21319,1.10819,-0.40436,0.0350,1.010,1.4923,-0.9777,-0.0109,-0.0113,0.33681,0.28651,0.00,0.00,142.39,0.0000
26093,LOST_LONG,0.70217,-0.52791,1.12143,-0.22750,0.20000,0.21319,1.10819,-0.40436,0.0350,1.010,1.4923,-0.9777,-0.0109,-0.0113,0.33680,0.28648,0.00,0.00,143.53,0.0000
26103,LOST_LONG,0.70217,-0.52791,1.12143,-0.22750,0.20000,0.21319,1.10819,-0.40436,0.0350,1.010,1.4923,-0.9777,-0.0109,-0.0113,0.33681,0.28654,0.00,0.00,143.85,0.0000
26113,LOST_LONG,0.70217,-0.52791,1.12143,-0.22750,0.20000,0.21319,1.10819,-0.40436,0.0350,1.010,1.4923,-0.9777,-0.0109,-0.0113,0.33680,0.28648,0.00,0.00,141.71,0.0000
26123,LOST_LONG,0.70217,-0.52791,1.12143,-0.22750,0.20000,0.21319,1.10819,-0.40436,0.0350,1.010,1.4923,-0.9777,-0.0109,-0.0113,0.33681,0.28653,0.00,0.00,144.33,0.0000
26133,LOST_LONG,0.70217,-0.52791,1.12143,-0.22750,0.20000,0.21319,1.10819,-0.40436,0.0350,1.010,1.4923,-0.9777,-0.0109,-0.0113,0.33680,0.28647,0.00,0.00,138.58,0.0000
26143,LOST_LONG,0.70217,-0.52791,1.12143,-0.22750,0.20000,0.21319,1.10819,-0.40436,0.0350,1.010,1.4923,-0.9777,-0.0109,-0.0113,0.33682,0.28657,0.00,0.00,142.45,0.0000
26153,LOST_LONG,0.70217,-0.52791,1.12143,-0.22750,0.20000,0.21319,1.10819,-0.40436,0.0350,1.010,1.4923,-0.9777,-0.0109,-0.0113,0.33680,0.28648,0.00,0.00,142.08,0.0000
26163,LOST_LONG,0.70217,-0.52791,1.12143,-0.22750,0.20000,0.21319,1.10819,-0.40436,0.0350,1.010,1.4923,-0.9777,-0.0109,-0.0113,0.33681,0.28651,0.00,0.00,143.12,0.0000
26173,LOST_LONG,0.70217,-0.52791,1.12143,-0.22750,0.20000,0.21319,1.10819,-0.40436,0.0350,1.010,1.4923,-0.9777,-0.0109,-0.0113,0.33681,0.28653,0.00,0.00,143.72,0.0000
26183,LOST_LONG,0.70217,-0.52791,1.12143,-0.22750,0.20000,0.21319,1.10819,-0.40436,0.0350,1.010,1.4923,-0.9777,-0.0109,-0.0113,0.33680,0.28647,0.00,0.00,144.94,0.0000
26193,LOST_LONG,0.70217,-0.52791,1.12143,-0.22750,0.20000,0.21319,1.10819,-0.40436,0.0350,1.010,1.4923,-0.9777,-0.0109,-0.0113,0.33682,0.28660,0.00,0.00,142.29,0.0000
26203,LOST_LONG,0.70217,-0.52791,1.12143,-0.22750,0.20000,0.21319,1.10819,-0.40436,0.0350,1.010,1.4923,-0.9777,-0.0109,-0.0113,0.33681,0.28654,0.00,0.00,141.56,0.0000
26213,LOST_LONG,0.70217,-0.52791,1.12143,-0.22750,0.20000,0.21319,1.10819,-0.40436,0.0350,1.010,1.4923,-0.9777,-0.0109,-0.0113,0.33681,0.28651,0.00,0.00,135.19,0.0000
26223,LOST_LONG,0.70217,-0.52791,1.12143,-0.22750,0.20000,0.21319,1.10819,-0.40436,0.0350,1.010,1.4923,-0.9777,-0.0109,-0.0113,0.33681,0.28652,0.00,0.00,147.66,0.0000
26233,LOST_LONG,0.70217,-0.52791,1.12143,-0.22750,0.20000,0.21319,1.10819,-0.40436,0.0350,1.010,1.4923,-0.9777,-0.0109,-0.0113,0.33680,0.28646,0.00,0.00,141.43,0.0000
26243,LOST_LONG,0.70217,-0.52791,1.12143,-0.22750,0.20000,0.21319,1.10819,-0.40436,0.0350,1.010,1.4923,-0.9777,-0.0109,-0.0113,0.33680,0.28649,0.00,0.00,140.46,0.0000
26253,LOST_LONG,0.70217,-0.52791,1.12143,-0.22750,0.20000,0.21319,1.10819,-0.40436,0.0350,1.010,1.4923,-0.9777,-0.0109,-0.0113,0.33681,0.28651,0.00,0.00,139.78,0.0000
26263,LOST_LONG,0.70217,-0.52791,1.12143,-0.22750,0.20000,0.21319,1.10819,-0.40436,0.0350,1.010,1.4923,-0.9777,-0.0109,-0.0113,0.33682,0.28657,0.00,0.00,140.79,0.0000
26273,LOST_LONG,0.70217,-0.52791,1.12143,-0.22750,0.20000,0.21319,1.10819,-0.40436,0.0350,1.010,1.4923,-0.9777,-0.0109,-0.0113,0.33681,0.28653,0.00,0.00,141.38,0.0000
26283,LOST_LONG,0.70217,-0.52791,1.12143,-0.22750,0.20000,0.21319,1.10819,-0.40436,0.0350,1.010,1.4923,-0.9777,-0.0109,-0.0113,0.33682,0.28660,0.00,0.00,140.26,0.0000
26293,LOST_LONG,0.70217,-0.52791,1.12143,-0.22750,0.20000,0.21319,1.10819,-0.40436,0.0350,1.010,1.4923,-0.9777,-0.0109,-0.0113,0.33681,0.28651,0.00,0.00,141.64,0.0000
26303,LOST_LONG,0.70217,-0.52791,1.12143,-0.22750,0.20000,0.21319,1.10819,-0.40436,0.0350,1.010,1.4923,-0.9777,-0.0109,-0.0113,0.33681,0.28653,0.00,0.00,139.71,0.0000
26313,LOST_LONG,0.70217,-0.52791,1.12143,-0.22750,0.20000,0.21319,1.10819,-0.40436,0.0350,1.010,1.4923,-0.9777,-0.0109,-0.0113,0.33680,0.28647,0.00,0.00,135.64,0.0000
26323,LOST_LONG,0.70217,-0.52791,1.12143,-0.22750,0.20000,0.21319,1.10819,-0.40436,0.0350,1.010,1.4923,-0.9777,-0.0109,-0.0113,0.33681,0.28652,0.00,0.00,142.66,0.0000
26333,LOST_LONG,0.70217,-0.52791,1.12143,-0.22750,0.20000,0.21319,1.10819,-0.40436,0.0350,1.010,1.4923,-0.9777,-0.0109,-0.0113,0.33681,0.28652,0.00,0.00,135.42,0.0000
26343,LOST_LONG,0.70217,-0.52791,1.12143,-0.22750,0.20000,0.21319,1.10819,-0.40436,0.0350,1.010,1.4923,-0.9777,-0.0109,-0.0113,0.33681,0.28652,0.00,0.00,132.77,0.0000
26353,LOST_LONG,0.70217,-0.52791,1.12143,-0.22750,0.20000,0.21319,1.10819,-0.40436,0.0350,1.010,1.4923,-0.9777,-0.0109,-0.0113,0.33680,0.28650,0.00,0.00,132.94,0.0000
26363,LOST_LONG,0.70217,-0.52791,1.12143,-0.22750,0.20000,0.21319,1.10819,-0.40436,0.0350,1.010,1.4923,-0.9777,-0.0109,-0.0113,0.33681,0.28651,0.00,0.00,127.34,0.0000
26373,LOST_LONG,0.70217,-0.52791,1.12143,-0.22750,0.20000,0.21319,1.10819,-0.40436,0.0350,1.010,1.4923,-0.9777,-0.0109,-0.0113,0.33680,0.28646,0.00,0.00,123.74,0.0000
26383,LOST_LONG,0.70217,-0.52791,1.12143,-0.22750,0.20000,0.21319,1.10819,-0.40436,0.0350,1.010,1.4923,-0.9777,-0.0109,-0.0113,0.33681,0.28650,0.00,0.00,132.59,0.0000
26393,LOST_LONG,0.70217,-0.52791,1.12143,-0.22750,0.20000,0.21319,1.10819,-0.40436,0.0350,1.010,1.4923,-0.9777,-0.0109,-0.0113,0.33681,0.28652,0.00,0.00,145.28,0.0000
26403,LOST_LONG,0.70217,-0.52791,1.12143,-0.22750,0.20000,0.21319,1.10819,-0.40436,0.0350,1.010,1.4923,-0.9777,-0.0109,-0.0113,0.33680,0.28650,0.00,0.00,136.25,0.0000
26413,LOST_LONG,0.70217,-0.52791,1.12143,-0.22750,0.20000,0.21319,1.10819,-0.40436,0.0350,1.010,1.4923,-0.9777,-0.0109,-0.0113,0.33681,0.28652,0.00,0.00,150.43,0.0000
26423,LOST_LONG,0.70217,-0.52791,1.12143,-0.22750,0.20000,0.21319,1.10819,-0.40436,0.0350,1.010,1.4923,-0.9777,-0.0109,-0.0113,0.33681,0.28650,0.00,0.00,134.51,0.0000
26433,LOST_LONG,0.70217,-0.52791,1.12143,-0.22750,0.20000,0.21319,1.10819,-0.40436,0.0350,1.010,1.4923,-0.9777,-0.0109,-0.0113,0.33683,0.28666,0.00,0.00,119.04,0.0000
26443,LOST_LONG,0.70217,-0.52791,1.12143,-0.22750,0.20000,0.21319,1.10819,-0.40436,0.0350,1.010,1.4923,-0.9777,-0.0109,-0.0113,0.33681,0.28651,0.00,0.00,114.81,0.0000
26453,LOST_LONG,0.70217,-0.52791,1.12143,-0.22750,0.20000,0.21319,1.10819,-0.40436,0.0350,1.010,1.4923,-0.9777,-0.0109,-0.0113,0.33683,0.28663,0.00,0.00,119.03,0.0000
26463,TRACKING,-0.15810,-0.18350,0.22378,0.13508,0.26852,0.32609,1.20198,-0.83226,0.1630,0.883,1.2904,-0.8742,-0.0109,-0.0113,0.33683,0.28662,0.00,0.00,144.57,0.2675
26473,TRACKING,-0.17687,-0.22999,0.24274,0.09391,0.26188,0.31168,1.18999,-0.77938,0.0239,0.585,1.2020,-0.7872,-0.0109,-0.0113,0.30757,0.28642,0.00,0.00,151.87,0.2863
26483,TRACKING,-0.15718,-0.19494,0.25419,0.14477,0.25787,0.32948,1.15837,-0.80812,0.0197,0.790,1.1644,-0.7969,-0.0109,-0.0113,0.27212,0.29676,0.00,0.00,155.49,0.2395
26493,LOST_SHORT,-0.17426,-0.20358,0.22536,0.12728,0.26796,0.32336,1.20223,-0.82428,0.0355,0.791,1.1898,-0.8070,-0.0109,-0.0113,0.25898,0.31924,0.00,0.00,132.04,0.0000
26503,LOST_SHORT,-0.17426,-0.20358,0.22536,0.12728,0.26796,0.32336,1.20223,-0.82428,0.0355,0.791,1.1898,-0.8070,-0.0109,-0.0113,0.26436,0.32162,0.00,0.00,166.84,0.0000
26513,LOST_LONG,-0.17426,-0.20358,0.22536,0.12728,0.26796,0.32336,1.20223,-0.82428,0.0355,0.791,1.1898,-0.8070,-0.0109,-0.0113,0.26437,0.32163,0.00,0.00,149.77,0.0000
26523,LOST_LONG,-0.17426,-0.20358,0.22536,0.12728,0.26796,0.32336,1.20223,-0.82428,0.0355,0.791,1.3225,-0.8843,-0.0109,-0.0113,0.26439,0.32171,0.00,0.00,153.76,0.0000
26533,LOST_LONG,-0.17426,-0.20358,0.22536,0.12728,0.26796,0.32336,1.20223,-0.82428,0.0355,0.791,1.4923,-0.9782,-0.0109,-0.0113,0.29773,0.32748,0.00,0.00,133.85,0.0000
26543,LOST_LONG,-0.17426,-0.20358,0.22536,0.12728,0.26796,0.32336,1.20223,-0.82428,0.0355,0.791,1.4923,-0.9782,-0.0109,-0.0113,0.32833,0.30332,0.00,0.00,0.00,0.0000
26553,LOST_LONG,-0.17426,-0.20358,0.22536,0.12728,0.26796,0.32336,1.20223,-0.82428,0.0355,0.791,1.4923,-0.9782,-0.0109,-0.0113,0.33685,0.28672,0.00,0.00,0.00,0.0000
26563,LOST_LONG,-0.17426,-0.20358,0.22536,0.12728,0.26796,0.32336,1.20223,-0.82428,0.0355,0.791,1.4923,-0.9782,-0.0109,-0.0113,0.33688,0.28670,0.00,0.00,0.00,0.0000
26573,LOST_LONG,-0.17426,-0.20358,0.22536,0.12728,0.26796,0.32336,1.20223,-0.82428,0.0355,0.791,1.4923,-0.9782,-0.0109,-0.0113,0.33688,0.28673,0.00,0.00,0.00,0.0000
26583,LOST_LONG,-0.17426,-0.20358,0.22536,0.12728,0.26796,0.32336,1.20223,-0.82428,0.0355,0.791,1.4923,-0.9782,-0.0109,-0.0113,0.33688,0.28670,0.00,0.00,0.00,0.0000
26593,TRACKING,0.36446,-0.37768,0.86026,-0.09367,0.20000,0.26003,0.99955,-0.48593,0.4219,0.781,1.1689,-0.6741,-0.0109,-0.0113,0.33688,0.28671,0.00,0.00,121.62,0.6119
26603,TRACKING,0.39857,-0.35594,0.79888,-0.02528,0.20000,0.28397,0.96283,-0.53695,0.0096,0.764,0.9689,-0.5295,-0.0109,-0.0113,0.30072,0.28603,0.00,0.00,143.00,0.5204
26613,TRACKING,0.29580,-0.29920,0.74762,0.01594,0.20000,0.28581,0.96047,-0.54111,0.0124,0.707,0.9531,-0.5471,-0.0109,-0.0113,0.25842,0.27944,0.00,0.00,148.68,0.4547
26623,TRACKING,0.36481,-0.34565,0.77914,-0.01874,0.20000,0.28581,0.96047,-0.54111,0.0065,0.762,0.9627,-0.5350,-0.0109,-0.0113,0.22092,0.26815,0.00,0.00,143.75,0.5014
26633,TRACKING,0.33457,-0.29459,0.66234,0.07871,0.20000,0.30636,0.93836,-0.58951,0.0481,0.924,0.9510,-0.5636,-0.0109,-0.0113,0.20059,0.28191,0.00,0.00,161.07,0.3497
26643,TRACKING,0.34647,-0.31080,0.78347,-0.00145,0.20000,0.28581,0.96047,-0.54111,0.0092,0.740,0.9530,-0.5465,-0.0109,-0.0113,0.20029,0.29574,0.00,0.00,145.16,0.4930
26653,TRACKING,0.34735,-0.31160,0.79217,-0.00586,0.20000,0.28581,0.96047,-0.54111,0.0094,0.781,0.9530,-0.5468,-0.0109,-0.0113,0.19951,0.28990,0.00,0.00,145.44,0.5025
26663,TRACKING,0.28795,-0.29339,0.70802,0.03362,0.20000,0.29058,0.95466,-0.55201,0.0054,0.983,0.9530,-0.5468,-0.0109,-0.0113,0.19952,0.28993,0.00,0.00,153.64,0.4139
26673,TRACKING,0.18004,-0.24646,0.59464,0.06836,0.20000,0.30274,0.94172,-0.58072,0.0134,0.871,0.9345,-0.5875,-0.0109,-0.0113,0.19994,0.31449,0.00,0.00,153.37,0.3135
26683,TRACKING,0.43786,-0.44376,0.93000,-0.20414,0.20000,0.22136,1.08542,-0.41665,0.0992,0.759,1.0453,-0.4606,-0.0109,-0.0113,0.20025,0.29149,0.00,0.00,110.19,0.7390
26693,TRACKING,0.61032,-0.47915,1.03602,-0.14057,0.20000,0.24361,1.03176,-0.45439,0.0229,0.838,1.0424,-0.4458,-0.0109,-0.0113,0.20136,0.23690,0.00,0.00,101.35,0.7771
26703,TRACKING,0.55255,-0.43594,0.94805,-0.10112,0.20000,0.25742,1.00427,-0.48073,0.0141,0.779,1.0103,-0.4748,-0.0109,-0.0113,0.20043,0.24455,0.00,0.00,115.87,0.6833
26713,TRACKING,0.51356,-0.37807,0.91488,-0.04452,0.20000,0.27723,0.97200,-0.52203,0.0147,0.764,0.9777,-0.5153,-0.0109,-0.0113,0.20040,0.26667,0.00,0.00,126.67,0.6225
26723,TRACKING,0.43838,-0.36665,0.83740,-0.03837,0.20000,0.27938,0.96897,-0.52675,0.0118,0.797,0.9742,-0.5188,-0.0109,-0.0113,0.20081,0.27566,0.00,0.00,134.05,0.5580
26733,TRACKING,0.33228,-0.37056,0.73924,-0.06048,0.20000,0.27164,0.98028,-0.50998,0.0157,1.085,0.9747,-0.5176,-0.1099,0.9559,0.20055,0.27897,-40.18,-40.18,127.95,0.5042
26743,TRACKING,0.32608,-0.24184,0.70968,0.15381,0.20000,0.33265,0.92032,-0.65655,0.0910,0.710,0.9367,-0.6045,0.3669,-0.8862,0.19960,0.27757,48.46,18.87,177.13,0.3419
26753,TRACKING,0.28503,-0.02567,0.68877,0.31076,0.20000,0.38758,0.91336,-0.81313,0.0154,2.435,0.9178,-0.8043,0.8834,-0.8340,0.19388,0.31467,56.42,55.48,169.78,0.2760
26763,TRACKING,0.25020,-0.01300,0.65627,0.31472,0.20000,0.38896,0.91365,-0.81734,0.0104,0.792,0.9178,-0.8116,0.9427,-0.3533,0.19120,0.34418,58.12,59.45,170.31,0.2433
26773,TRACKING,0.23205,-0.00407,0.66529,0.31700,0.20000,0.38976,0.91382,-0.81979,0.0094,0.742,0.9178,-0.8249,0.9380,0.0965,0.18239,0.33630,59.05,58.52,169.58,0.2523
26783,TRACKING,0.21338,-0.01641,0.59272,0.31010,0.20000,0.38735,0.91331,-0.81242,0.0049,0.752,0.9178,-0.8104,0.9324,0.4777,0.16783,0.31857,59.97,59.09,174.17,0.1801
26793,TRACKING,0.14146,-0.02849,0.55329,0.29183,0.20000,0.38095,0.91227,-0.79312,0.0119,0.744,0.9178,-0.7995,0.9519,0.4636,0.16122,0.31066,59.16,60.37,177.10,0.1438
26803,TRACKING,0.15669,-0.02899,0.57020,0.29603,0.20000,0.38242,0.91247,-0.79753,0.0056,0.817,0.9178,-0.7958,0.9421,0.1562,0.16114,0.30831,57.83,58.85,175.61,0.1596
26813,TRACKING,0.20912,-0.05549,0.60155,0.27368,0.20000,0.37460,0.91169,-0.77423,0.0111,0.725,0.9178,-0.7687,0.8585,0.2429,0.16405,0.30482,53.32,52.44,177.47,0.1950
26823,TRACKING,0.18872,-0.05132,0.60348,0.27053,0.20000,0.37350,0.91163,-0.77098,0.0063,0.809,0.9178,-0.7723,0.7566,0.9036,0.16723,0.30630,37.76,40.22,177.37,0.1977
26833,TRACKING,0.23575,-0.10860,0.63015,0.21797,0.20000,0.35510,0.91288,-0.71798,0.0078,2.170,0.9178,-0.7119,0.5641,0.4334,0.17724,0.30691,22.03,23.57,178.55,0.2415
26843,TRACKING,0.28587,-0.12681,0.70952,0.19489,0.20000,0.34702,0.91477,-0.69545,0.0053,0.741,0.9178,-0.6998,0.5466,0.2096,0.18205,0.30598,24.01,23.52,179.25,0.3233
26853,TRACKING,0.27842,-0.12501,0.69741,0.19348,0.20000,0.34653,0.91492,-0.69410,0.0085,0.762,0.9178,-0.6989,0.5380,0.1564,0.18247,0.30708,21.64,22.54,179.58,0.3128
26863,TRACKING,0.29368,-0.11567,0.70716,0.21104,0.20000,0.35268,0.91336,-0.71117,0.0069,0.729,0.9178,-0.7058,0.5380,0.1301,0.18182,0.30298,24.07,23.08,177.26,0.3150
26873,TRACKING,0.28981,-0.11785,0.70236,0.20588,0.20000,0.35087,0.91377,-0.70612,0.0040,0.706,0.9178,-0.7058,0.5380,0.0945,0.18226,0.30512,21.26,22.44,178.38,0.3124
26883,TRACKING,0.28462,-0.11603,0.69405,0.20805,0.20000,0.35163,0.91359,-0.70824,0.0048,0.690,0.9178,-0.7058,0.5132,0.4724,0.18259,0.30555,18.35,20.03,178.86,0.3039
26893,TRACKING,0.24873,-0.11230,0.64574,0.20967,0.20000,0.35220,0.91347,-0.70982,0.0055,2.864,0.9178,-0.7132,0.4380,0.6782,0.18500,0.30887,10.15,12.34,179.02,0.2592
26903,TRACKING,0.18941,-0.10930,0.59462,0.22155,0.20000,0.35635,0.91267,-0.72151,0.0133,0.776,0.9178,-0.7141,0.3273,0.5414,0.19041,0.31827,2.93,3.36,179.00,0.2084
26913,TRACKING,0.19368,-0.09352,0.61126,0.22510,0.20000,0.35760,0.91247,-0.72503,0.0101,2.304,0.9178,-0.7302,0.3236,0.5659,0.19373,0.33064,2.39,3.36,179.13,0.2215
26923,TRACKING,0.18788,-0.08421,0.59775,0.23876,0.20000,0.36238,0.91189,-0.73866,0.0065,0.983,0.9178,-0.7414,0.2898,0.6878,0.19417,0.33084,-2.21,-0.46,178.96,0.2034
26933,TRACKING,0.19273,-0.11040,0.60397,0.21277,0.20000,0.35328,0.91323,-0.71286,0.0082,0.809,0.9178,-0.7198,0.2814,0.7954,0.19481,0.33043,-0.09,-0.65,177.45,0.2209
26943,TRACKING,0.18937,-0.11537,0.60327,0.20581,0.20000,0.35085,0.91377,-0.70605,0.0107,0.798,0.9178,-0.7120,0.2782,0.8365,0.19460,0.32864,-1.76,-0.68,176.94,0.2239
26953,TRACKING,0.20404,-0.13305,0.61252,0.19104,0.20000,0.34567,0.91517,-0.69174,0.0054,0.722,0.9178,-0.6964,0.2782,0.8799,0.19410,0.32420,-0.51,-0.68,176.94,0.2397
26963,TRACKING,0.28079,-0.17114,0.69856,0.15026,0.20000,0.33140,0.92093,-0.65326,0.0056,0.734,0.9178,-0.6578,0.2976,0.9682,0.19171,0.31230,0.09,1.06,177.73,0.3342
26973,TRACKING,0.27850,-0.16758,0.69151,0.15517,0.20000,0.33312,0.92009,-0.65781,0.0023,0.750,0.9178,-0.6578,0.2976,0.9906,0.19092,0.30786,0.67,1.00,178.34,0.3256
26983,TRACKING,0.23425,-0.16100,0.61439,0.16701,0.20000,0.33727,0.91822,-0.66888,0.0076,0.794,0.9178,-0.6613,0.1854,0.7594,0.19197,0.30994,-13.28,-10.88,175.31,0.2553
26993,TRACKING,0.26037,-0.14621,0.68289,0.17366,0.20000,0.33959,0.91728,-0.67516,0.0046,0.697,0.9178,-0.6798,0.1681,0.6126,0.19693,0.32645,-7.68,-9.22,177.24,0.3088
27003,TRACKING,0.26059,-0.15540,0.67251,0.16955,0.20000,0.33815,0.91785,-0.67127,0.0047,0.762,0.9178,-0.6760,0.1890,0.4681,0.19587,0.32306,-7.78,-7.56,176.78,0.3019
27013,TRACKING,0.22702,-0.14526,0.64759,0.17732,0.20000,0.34087,0.91679,-0.67863,0.0028,0.771,0.9178,-0.6760,0.1781,0.5386,0.19556,0.32220,-8.58,-9.45,177.31,0.2766
27023,TRACKING,0.23904,-0.15306,0.62590,0.17427,0.20000,0.33981,0.91720,-0.67573,0.0033,1.045,0.9178,-0.6725,0.1932,0.5735,0.19553,0.32210,-10.49,-8.75,179.78,0.2602
27033,TRACKING,0.26746,-0.16597,0.68233,0.15097,0.20000,0.33165,0.92081,-0.65391,0.0131,0.761,0.9178,-0.6616,0.2102,0.5685,0.19514,0.32040,-9.13,-7.25,178.43,0.3200
27043,TRACKING,0.27524,-0.17820,0.69063,0.14583,0.20000,0.32985,0.92173,-0.64917,0.0063,0.801,0.9178,-0.6541,0.1996,0.5679,0.19426,0.31452,-7.65,-7.81,176.70,0.3298
27053,TRACKING,0.27890,-0.17329,0.69332,0.15107,0.20000,0.33169,0.92079,-0.65400,0.0030,0.680,0.9178,-0.6541,0.1996,0.5295,0.19435,0.31466,-7.88,-7.81,176.82,0.3293
27063,TRACKING,0.27790,-0.17160,0.69440,0.15361,0.20000,0.33257,0.92035,-0.65636,0.0035,0.758,0.9178,-0.6541,0.2069,0.5443,0.19476,0.31576,-4.80,-5.70,175.42,0.3289
27073,TRACKING,0.26295,-0.17071,0.67754,0.15236,0.20000,0.33214,0.92057,-0.65520,0.0030,0.758,0.9178,-0.6541,0.1777,0.4826,0.19485,0.31596,-8.22,-9.13,178.04,0.3152
27083,TRACKING,0.25590,-0.16833,0.66797,0.15568,0.20000,0.33330,0.92000,-0.65829,0.0048,0.782,0.9178,-0.6541,0.1777,0.5414,0.19508,0.31656,-9.28,-9.13,178.30,0.3054
27093,TRACKING,0.26388,-0.17119,0.67980,0.15408,0.20000,0.33274,0.92027,-0.65679,0.0037,0.774,0.9178,-0.6541,0.1907,0.4933,0.19485,0.31594,-6.00,-7.35,175.84,0.3162
27103,TRACKING,0.25066,-0.15826,0.63802,0.17072,0.20000,0.33856,0.91769,-0.67238,0.0110,0.679,0.9178,-0.6658,0.1907,0.5342,0.19459,0.31600,-12.68,-9.28,178.70,0.2722
27113,TRACKING,0.21021,-0.16342,0.63003,0.15881,0.20000,0.33440,0.91949,-0.66120,0.0028,0.972,0.9178,-0.6590,0.1979,0.5145,0.19532,0.31844,2.58,-5.30,175.97,0.2727
27123,TRACKING,0.32308,-0.24773,0.71728,0.03011,0.20000,0.28935,0.95612,-0.54918,0.0612,0.840,0.9431,-0.5835,0.4863,0.1662,0.19004,0.30587,22.50,20.89,157.16,0.4229
27133,TRACKING,0.42488,-0.67304,0.76983,-0.37917,0.20000,0.16010,1.29759,-0.34814,0.0422,0.844,1.2734,-0.3556,0.4994,0.1461,0.17988,0.23042,0.00,21.45,102.53,0.7885
27143,TRACKING,0.32119,-0.73565,0.72949,-0.40836,0.20000,0.14988,1.34207,-0.34247,0.0125,0.909,1.3488,-0.3479,0.4994,0.1461,0.16370,0.16991,0.00,21.45,92.79,0.7978
27153,TRACKING,0.27239,-0.68725,0.67503,-0.36069,0.20000,0.16657,1.27070,-0.35263,0.0056,0.793,1.2738,-0.3479,0.4994,0.1461,0.15939,0.14150,0.00,21.45,103.05,0.7331
27163,TRACKING,0.32023,-0.68437,0.74906,-0.36736,0.20000,0.16424,1.28029,-0.35093,0.0153,0.895,1.2713,-0.3479,0.4994,0.1461,0.15902,0.14450,0.00,21.45,89.47,0.7686
27173,TRACKING,0.44264,-0.65125,0.89769,-0.32920,0.20000,0.17759,1.22727,-0.36186,0.0064,0.884,1.2212,-0.3598,0.4994,0.1461,0.16041,0.15099,0.00,21.45,77.44,0.8133
27183,TRACKING,0.69231,-0.57662,1.12128,-0.24836,0.20000,0.20589,1.12996,-0.39415,0.0057,0.812,1.1346,-0.3909,0.4994,0.1461,0.16269,0.16460,0.00,21.45,66.58,0.9105
27193,LOST_SHORT,0.72334,-0.57239,1.14565,-0.24704,0.20000,0.20635,1.12854,-0.39477,0.0072,0.757,1.1346,-0.3909,0.4994,0.1461,0.16425,0.17610,0.00,21.45,40.30,0.0000
27203,TRACKING,0.75526,-0.59672,1.13320,-0.29525,0.20000,0.18947,1.18389,-0.37395,0.0377,0.828,1.1625,-0.3815,0.4994,0.1461,0.16470,0.18010,0.00,21.45,44.58,0.9497
27213,LOST_SHORT,0.59060,-0.76063,0.99502,-0.46422,0.20000,0.13033,1.43351,-0.33663,0.0567,0.724,1.3998,-0.3442,0.4994,0.1461,0.15924,0.14958,0.00,21.45,147.21,0.0000
27223,LOST_SHORT,0.59060,-0.76063,0.99502,-0.46422,0.20000,0.13033,1.43351,-0.33663,0.0567,0.724,1.3998,-0.3442,0.4994,0.1461,0.16076,0.13035,0.00,21.45,108.64,0.0000
27233,LOST_LONG,0.59060,-0.76063,0.99502,-0.46422,0.20000,0.13033,1.43351,-0.33663,0.0567,0.724,1.3998,-0.3442,0.4994,0.1461,0.16172,0.13642,0.00,21.45,117.58,0.0000
27243,LOST_LONG,0.59060,-0.76063,0.99502,-0.46422,0.20000,0.13033,1.43351,-0.33663,0.0567,0.724,1.4438,-0.6170,0.2885,0.0844,0.15850,0.13559,0.00,21.45,118.37,0.0000
27253,LOST_LONG,0.59060,-0.76063,0.99502,-0.46422,0.20000,0.13033,1.43351,-0.33663,0.0567,0.724,1.4924,-0.9660,0.0185,0.0124,0.20917,0.14070,0.00,21.45,126.80,0.0000
27263,LOST_LONG,0.59060,-0.76063,0.99502,-0.46422,0.20000,0.13033,1.43351,-0.33663,0.0567,0.724,1.4924,-0.9795,0.0107,0.0124,0.26477,0.17884,0.00,21.45,134.98,0.0000
27273,LOST_LONG,0.59060,-0.76063,0.99502,-0.46422,0.20000,0.13033,1.43351,-0.33663,0.0567,0.724,1.4924,-0.9795,0.0107,0.0124,0.30667,0.22748,0.00,21.45,0.00,0.0000
27283,LOST_LONG,0.59060,-0.76063,0.99502,-0.46422,0.20000,0.13033,1.43351,-0.33663,0.0567,0.724,1.4924,-0.9795,0.0107,0.0124,0.33197,0.27465,0.00,21.45,0.00,0.0000
27293,LOST_LONG,0.59060,-0.76063,0.99502,-0.46422,0.20000,0.13033,1.43351,-0.33663,0.0567,0.724,1.4924,-0.9795,0.0107,0.0124,0.33624,0.28536,0.00,21.45,127.05,0.0000
27303,LOST_LONG,0.59060,-0.76063,0.99502,-0.46422,0.20000,0.13033,1.43351,-0.33663,0.0567,0.724,1.4924,-0.9795,0.0107,0.0124,0.33622,0.28525,0.00,21.45,137.58,0.0000
27313,LOST_LONG,0.59060,-0.76063,0.99502,-0.46422,0.20000,0.13033,1.43351,-0.33663,0.0567,0.724,1.4924,-0.9795,0.0107,0.0124,0.33623,0.28529,0.00,21.45,140.17,0.0000
27323,LOST_LONG,0.59060,-0.76063,0.99502,-0.46422,0.20000,0.13033,1.43351,-0.33663,0.0567,0.724,1.4924,-0.9795,0.0107,0.0124,0.33622,0.28525,0.00,21.45,139.39,0.0000
27333,LOST_LONG,0.59060,-0.76063,0.99502,-0.46422,0.20000,0.13033,1.43351,-0.33663,0.0567,0.724,1.4924,-0.9795,0.0107,0.0124,0.33622,0.28527,0.00,21.45,139.13,0.0000
27343,LOST_LONG,0.59060,-0.76063,0.99502,-0.46422,0.20000,0.13033,1.43351,-0.33663,0.0567,0.724,1.4924,-0.9795,0.0107,0.0124,0.33622,0.28524,0.00,21.45,138.92,0.0000
27353,LOST_LONG,0.59060,-0.76063,0.99502,-0.46422,0.20000,0.13033,1.43351,-0.33663,0.0567,0.724,1.4924,-0.9795,0.0107,0.0124,0.33622,0.28525,0.00,21.45,137.26,0.0000
27363,LOST_LONG,0.59060,-0.76063,0.99502,-0.46422,0.20000,0.13033,1.43351,-0.33663,0.0567,0.724,1.4924,-0.9795,0.0107,0.0124,0.33623,0.28529,0.00,21.45,138.13,0.0000
27373,LOST_LONG,0.59060,-0.76063,0.99502,-0.46422,0.20000,0.13033,1.43351,-0.33663,0.0567,0.724,1.4924,-0.9795,0.0107,0.0124,0.33622,0.28527,0.00,21.45,139.12,0.0000
27383,LOST_LONG,0.59060,-0.76063,0.99502,-0.46422,0.20000,0.13033,1.43351,-0.33663,0.0567,0.724,1.4924,-0.9795,0.0107,0.0124,0.33623,0.28529,0.00,21.45,140.96,0.0000
27393,LOST_LONG,0.59060,-0.76063,0.99502,-0.46422,0.20000,0.13033,1.43351,-0.33663,0.0567,0.724,1.4924,-0.9795,0.0107,0.0124,0.33623,0.28530,0.00,21.45,136.27,0.0000
27403,LOST_LONG,0.59060,-0.76063,0.99502,-0.46422,0.20000,0.13033,1.43351,-0.33663,0.0567,0.724,1.4924,-0.9795,0.0107,0.0124,0.33623,0.28528,0.00,21.45,135.02,0.0000
27413,LOST_LONG,0.59060,-0.76063,0.99502,-0.46422,0.20000,0.13033,1.43351,-0.33663,0.0567,0.724,1.4924,-0.9795,0.0107,0.0124,0.33622,0.28524,0.00,21.45,130.55,0.0000
27423,LOST_LONG,0.59060,-0.76063,0.99502,-0.46422,0.20000,0.13033,1.43351,-0.33663,0.0567,0.724,1.4924,-0.9795,0.0107,0.0124,0.33624,0.28534,0.00,21.45,116.38,0.0000
27433,LOST_LONG,0.59060,-0.76063,0.99502,-0.46422,0.20000,0.13033,1.43351,-0.33663,0.0567,0.724,1.4924,-0.9795,0.0107,0.0124,0.33622,0.28527,0.00,21.45,115.95,0.0000
27443,LOST_LONG,0.59060,-0.76063,0.99502,-0.46422,0.20000,0.13033,1.43351,-0.33663,0.0567,0.724,1.4924,-0.9795,0.0107,0.0124,0.33624,0.28537,0.00,21.45,112.52,0.0000
27453,LOST_LONG,0.59060,-0.76063,0.99502,-0.46422,0.20000,0.13033,1.43351,-0.33663,0.0567,0.724,1.4924,-0.9795,0.0107,0.0124,0.33623,0.28528,0.00,21.45,115.24,0.0000
27463,LOST_LONG,0.59060,-0.76063,0.99502,-0.46422,0.20000,0.13033,1.43351,-0.33663,0.0567,0.724,1.4924,-0.9795,0.0107,0.0124,0.33623,0.28529,0.00,21.45,126.05,0.0000
27473,LOST_LONG,0.59060,-0.76063,0.99502,-0.46422,0.20000,0.13033,1.43351,-0.33663,0.0567,0.724,1.4924,-0.9795,0.0107,0.0124,0.33622,0.28526,0.00,21.45,116.39,0.0000
27483,LOST_LONG,0.59060,-0.76063,0.99502,-0.46422,0.20000,0.13033,1.43351,-0.33663,0.0567,0.724,1.4924,-0.9795,0.0107,0.0124,0.33623,0.28531,0.00,21.45,118.70,0.0000
27493,LOST_LONG,0.59060,-0.76063,0.99502,-0.46422,0.20000,0.13033,1.43351,-0.33663,0.0567,0.724,1.4924,-0.9795,0.0107,0.0124,0.33622,0.28523,0.00,21.45,111.79,0.0000
27503,LOST_LONG,0.59060,-0.76063,0.99502,-0.46422,0.20000,0.13033,1.43351,-0.33663,0.0567,0.724,1.4924,-0.9795,0.0107,0.0124,0.33622,0.28527,0.00,21.45,118.22,0.0000
27513,LOST_LONG,0.59060,-0.76063,0.99502,-0.46422,0.20000,0.13033,1.43351,-0.33663,0.0567,0.724,1.4924,-0.9795,0.0107,0.0124,0.33622,0.28525,0.00,21.45,122.28,0.0000
27523,LOST_LONG,0.59060,-0.76063,0.99502,-0.46422,0.20000,0.13033,1.43351,-0.33663,0.0567,0.724,1.4924,-0.9795,0.0107,0.0124,0.33623,0.28529,0.00,21.45,114.60,0.0000
27533,LOST_LONG,0.59060,-0.76063,0.99502,-0.46422,0.20000,0.13033,1.43351,-0.33663,0.0567,0.724,1.4924,-0.9795,0.0107,0.0124,0.33623,0.28529,0.00,21.45,123.54,0.0000
27543,LOST_LONG,0.59060,-0.76063,0.99502,-0.46422,0.20000,0.13033,1.43351,-0.33663,0.0567,0.724,1.4924,-0.9795,0.0107,0.0124,0.33623,0.28531,0.00,21.45,126.81,0.0000
27553,LOST_LONG,0.59060,-0.76063,0.99502,-0.46422,0.20000,0.13033,1.43351,-0.33663,0.0567,0.724,1.4924,-0.9795,0.0107,0.0124,0.33625,0.28542,0.00,21.45,124.02,0.0000
27563,LOST_LONG,0.59060,-0.76063,0.99502,-0.46422,0.20000,0.13033,1.43351,-0.33663,0.0567,0.724,1.4924,-0.9795,0.0107,0.0124,0.33622,0.28524,0.00,21.45,128.27,0.0000
27573,LOST_LONG,0.59060,-0.76063,0.99502,-0.46422,0.20000,0.13033,1.43351,-0.33663,0.0567,0.724,1.4924,-0.9795,0.0107,0.0124,0.33622,0.28527,0.00,21.45,125.55,0.0000
27583,LOST_LONG,0.59060,-0.76063,0.99502,-0.46422,0.20000,0.13033,1.43351,-0.33663,0.0567,0.724,1.4924,-0.9795,0.0107,0.0124,0.33622,0.28526,0.00,21.45,122.99,0.0000
27593,LOST_LONG,0.59060,-0.76063,0.99502,-0.46422,0.20000,0.13033,1.43351,-0.33663,0.0567,0.724,1.4924,-0.9795,0.0107,0.0124,0.33622,0.28526,0.00,21.45,121.77,0.0000
27603,LOST_LONG,0.59060,-0.76063,0.99502,-0.46422,0.20000,0.13033,1.43351,-0.33663,0.0567,0.724,1.4924,-0.9795,0.0107,0.0124,0.33622,0.28527,0.00,21.45,117.86,0.0000
27613,LOST_LONG,0.59060,-0.76063,0.99502,-0.46422,0.20000,0.13033,1.43351,-0.33663,0.0567,0.724,1.4924,-0.9795,0.0107,0.0124,0.33624,0.28537,0.00,21.45,118.46,0.0000
27623,LOST_LONG,0.59060,-0.76063,0.99502,-0.46422,0.20000,0.13033,1.43351,-0.33663,0.0567,0.724,1.4924,-0.9795,0.0107,0.0124,0.33622,0.28526,0.00,21.45,115.17,0.0000
27633,LOST_LONG,0.59060,-0.76063,0.99502,-0.46422,0.20000,0.13033,1.43351,-0.33663,0.0567,0.724,1.4924,-0.9795,0.0107,0.0124,0.33623,0.28528,0.00,21.45,116.84,0.0000
27643,LOST_LONG,0.59060,-0.76063,0.99502,-0.46422,0.20000,0.13033,1.43351,-0.33663,0.0567,0.724,1.4924,-0.9795,0.0107,0.0124,0.33622,0.28525,0.00,21.45,118.76,0.0000
27653,LOST_LONG,0.59060,-0.76063,0.99502,-0.46422,0.20000,0.13033,1.43351,-0.33663,0.0567,0.724,1.4924,-0.9795,0.0107,0.0124,0.33622,0.28523,0.00,21.45,122.43,0.0000
27663,LOST_LONG,0.59060,-0.76063,0.99502,-0.46422,0.20000,0.13033,1.43351,-0.33663,0.0567,0.724,1.4924,-0.9795,0.0107,0.0124,0.33622,0.28527,0.00,21.45,118.75,0.0000
27673,LOST_LONG,0.59060,-0.76063,0.99502,-0.46422,0.20000,0.13033,1.43351,-0.33663,0.0567,0.724,1.4924,-0.9795,0.0107,0.0124,0.33622,0.28526,0.00,21.45,120.83,0.0000
27683,LOST_LONG,0.59060,-0.76063,0.99502,-0.46422,0.20000,0.13033,1.43351,-0.33663,0.0567,0.724,1.4924,-0.9795,0.0107,0.0124,0.33622,0.28527,0.00,21.45,119.55,0.0000
27693,LOST_LONG,0.59060,-0.76063,0.99502,-0.46422,0.20000,0.13033,1.43351,-0.33663,0.0567,0.724,1.4924,-0.9795,0.0107,0.0124,0.33623,0.28529,0.00,21.45,116.73,0.0000
27703,LOST_LONG,0.59060,-0.76063,0.99502,-0.46422,0.20000,0.13033,1.43351,-0.33663,0.0567,0.724,1.4924,-0.9795,0.0107,0.0124,0.33625,0.28540,0.00,21.45,115.16,0.0000
27713,LOST_LONG,0.59060,-0.76063,0.99502,-0.46422,0.20000,0.13033,1.43351,-0.33663,0.0567,0.724,1.4924,-0.9795,0.0107,0.0124,0.33622,0.28527,0.00,21.45,118.88,0.0000
27723,LOST_LONG,0.59060,-0.76063,0.99502,-0.46422,0.20000,0.13033,1.43351,-0.33663,0.0567,0.724,1.4924,-0.9795,0.0107,0.0124,0.33622,0.28527,0.00,21.45,125.45,0.0000
27733,LOST_LONG,0.59060,-0.76063,0.99502,-0.46422,0.20000,0.13033,1.43351,-0.33663,0.0567,0.724,1.4924,-0.9795,0.0107,0.0124,0.33625,0.28539,0.00,21.45,119.80,0.0000
27743,LOST_LONG,0.59060,-0.76063,0.99502,-0.46422,0.20000,0.13033,1.43351,-0.33663,0.0567,0.724,1.4924,-0.9795,0.0107,0.0124,0.33622,0.28526,0.00,21.45,114.95,0.0000
27753,LOST_LONG,0.59060,-0.76063,0.99502,-0.46422,0.20000,0.13033,1.43351,-0.33663,0.0567,0.724,1.4924,-0.9795,0.0107,0.0124,0.33623,0.28528,0.00,21.45,116.01,0.0000
27763,LOST_LONG,0.59060,-0.76063,0.99502,-0.46422,0.20000,0.13033,1.43351,-0.33663,0.0567,0.724,1.4924,-0.9795,0.0107,0.0124,0.33622,0.28525,0.00,21.45,121.51,0.0000
27773,LOST_LONG,0.59060,-0.76063,0.99502,-0.46422,0.20000,0.13033,1.43351,-0.33663,0.0567,0.724,1.4924,-0.9795,0.0107,0.0124,0.33623,0.28528,0.00,21.45,125.66,0.0000
27783,LOST_LONG,0.59060,-0.76063,0.99502,-0.46422,0.20000,0.13033,1.43351,-0.33663,0.0567,0.724,1.4924,-0.9795,0.0107,0.0124,0.33622,0.28527,0.00,21.45,114.13,0.0000
27793,LOST_LONG,0.59060,-0.76063,0.99502,-0.46422,0.20000,0.13033,1.43351,-0.33663,0.0567,0.724,1.4924,-0.9795,0.0107,0.0124,0.33623,0.28529,0.00,21.45,118.17,0.0000
27803,LOST_LONG,0.59060,-0.76063,0.99502,-0.46422,0.20000,0.13033,1.43351,-0.33663,0.0567,0.724,1.4924,-0.9795,0.0107,0.0124,0.33623,0.28531,0.00,21.45,124.33,0.0000
27813,LOST_LONG,0.59060,-0.76063,0.99502,-0.46422,0.20000,0.13033,1.43351,-0.33663,0.0567,0.724,1.4924,-0.9795,0.0107,0.0124,0.33624,0.28534,0.00,21.45,124.83,0.0000
27823,LOST_LONG,0.59060,-0.76063,0.99502,-0.46422,0.20000,0.13033,1.43351,-0.33663,0.0567,0.724,1.4924,-0.9795,0.0107,0.0124,0.33623,0.28529,0.00,21.45,125.02,0.0000
27833,LOST_LONG,0.59060,-0.76063,0.99502,-0.46422,0.20000,0.13033,1.43351,-0.33663,0.0567,0.724,1.4924,-0.9795,0.0107,0.0124,0.33625,0.28540,0.00,21.45,125.03,0.0000
27843,LOST_LONG,0.59060,-0.76063,0.99502,-0.46422,0.20000,0.13033,1.43351,-0.33663,0.0567,0.724,1.4924,-0.9795,0.0107,0.0124,0.33625,0.28539,0.00,21.45,121.09,0.0000
27853,LOST_LONG,0.59060,-0.76063,0.99502,-0.46422,0.20000,0.13033,1.43351,-0.33663,0.0567,0.724,1.4924,-0.9795,0.0107,0.0124,0.33623,0.28533,0.00,21.45,121.20,0.0000
27863,LOST_LONG,0.59060,-0.76063,0.99502,-0.46422,0.20000,0.13033,1.43351,-0.33663,0.0567,0.724,1.4924,-0.9795,0.0107,0.0124,0.33622,0.28524,0.00,21.45,120.83,0.0000
27873,LOST_LONG,0.59060,-0.76063,0.99502,-0.46422,0.20000,0.13033,1.43351,-0.33663,0.0567,0.724,1.4924,-0.9795,0.0107,0.0124,0.33622,0.28524,0.00,21.45,119.74,0.0000
27883,LOST_LONG,0.59060,-0.76063,0.99502,-0.46422,0.20000,0.13033,1.43351,-0.33663,0.0567,0.724,1.4924,-0.9795,0.0107,0.0124,0.33622,0.28524,0.00,21.45,118.16,0.0000
27893,LOST_LONG,0.59060,-0.76063,0.99502,-0.46422,0.20000,0.13033,1.43351,-0.33663,0.0567,0.724,1.4924,-0.9795,0.0107,0.0124,0.33623,0.28528,0.00,21.45,117.60,0.0000
27903,LOST_LONG,0.59060,-0.76063,0.99502,-0.46422,0.20000,0.13033,1.43351,-0.33663,0.0567,0.724,1.4924,-0.9795,0.0107,0.0124,0.33623,0.28532,0.00,21.45,117.44,0.0000
27913,LOST_LONG,0.59060,-0.76063,0.99502,-0.46422,0.20000,0.13033,1.43351,-0.33663,0.0567,0.724,1.4924,-0.9795,0.0107,0.0124,0.33622,0.28527,0.00,21.45,116.45,0.0000
27923,LOST_LONG,0.59060,-0.76063,0.99502,-0.46422,0.20000,0.13033,1.43351,-0.33663,0.0567,0.724,1.4924,-0.9795,0.0107,0.0124,0.33626,0.28545,0.00,21.45,127.93,0.0000
27933,LOST_LONG,0.59060,-0.76063,0.99502,-0.46422,0.20000,0.13033,1.43351,-0.33663,0.0567,0.724,1.4924,-0.9795,0.0107,0.0124,0.33622,0.28526,0.00,21.45,123.85,0.0000
27943,LOST_LONG,0.59060,-0.76063,0.99502,-0.46422,0.20000,0.13033,1.43351,-0.33663,0.0567,0.724,1.4924,-0.9795,0.0107,0.0124,0.33623,0.28528,0.00,21.45,120.45,0.0000
27953,LOST_LONG,0.59060,-0.76063,0.99502,-0.46422,0.20000,0.13033,1.43351,-0.33663,0.0567,0.724,1.4924,-0.9795,0.0107,0.0124,0.33623,0.28529,0.00,21.45,122.19,0.0000
27963,LOST_LONG,0.59060,-0.76063,0.99502,-0.46422,0.20000,0.13033,1.43351,-0.33663,0.0567,0.724,1.4924,-0.9795,0.0107,0.0124,0.33623,0.28531,0.00,21.45,110.19,0.0000
27973,LOST_LONG,0.59060,-0.76063,0.99502,-0.46422,0.20000,0.13033,1.43351,-0.33663,0.0567,0.724,1.4924,-0.9795,0.0107,0.0124,0.33622,0.28525,0.00,21.45,112.94,0.0000
27983,LOST_LONG,0.59060,-0.76063,0.99502,-0.46422,0.20000,0.13033,1.43351,-0.33663,0.0567,0.724,1.4924,-0.9795,0.0107,0.0124,0.33623,0.28528,0.00,21.45,113.81,0.0000
27993,LOST_LONG,0.59060,-0.76063,0.99502,-0.46422,0.20000,0.13033,1.43351,-0.33663,0.0567,0.724,1.4924,-0.9795,0.0107,0.0124,0.33623,0.28528,0.00,21.45,110.08,0.0000
28003,LOST_LONG,0.59060,-0.76063,0.99502,-0.46422,0.20000,0.13033,1.43351,-0.33663,0.0567,0.724,1.4924,-0.9795,0.0107,0.0124,0.33624,0.28538,0.00,21.45,108.03,0.0000
28013,LOST_LONG,0.59060,-0.76063,0.99502,-0.46422,0.20000,0.13033,1.43351,-0.33663,0.0567,0.724,1.4924,-0.9795,0.0107,0.0124,0.33622,0.28525,0.00,21.45,108.97,0.0000
28023,LOST_LONG,0.59060,-0.76063,0.99502,-0.46422,0.20000,0.13033,1.43351,-0.33663,0.0567,0.724,1.4924,-0.9795,0.0107,0.0124,0.33623,0.28530,0.00,21.45,112.95,0.0000
28033,LOST_LONG,0.59060,-0.76063,0.99502,-0.46422,0.20000,0.13033,1.43351,-0.33663,0.0567,0.724,1.4924,-0.9795,0.0107,0.0124,0.33623,0.28528,0.00,21.45,119.82,0.0000
28043,LOST_LONG,0.59060,-0.76063,0.99502,-0.46422,0.20000,0.13033,1.43351,-0.33663,0.0567,0.724,1.4924,-0.9795,0.0107,0.0124,0.33623,0.28530,0.00,21.45,119.11,0.0000
28053,LOST_LONG,0.59060,-0.76063,0.99502,-0.46422,0.20000,0.13033,1.43351,-0.33663,0.0567,0.724,1.4924,-0.9795,0.0107,0.0124,0.33622,0.28525,0.00,21.45,123.09,0.0000
28063,LOST_LONG,0.59060,-0.76063,0.99502,-0.46422,0.20000,0.13033,1.43351,-0.33663,0.0567,0.724,1.4924,-0.9795,0.0107,0.0124,0.33623,0.28530,0.00,21.45,115.79,0.0000
28073,LOST_LONG,0.59060,-0.76063,0.99502,-0.46422,0.20000,0.13033,1.43351,-0.33663,0.0567,0.724,1.4924,-0.9795,0.0107,0.0124,0.33622,0.28525,0.00,21.45,110.75,0.0000
28083,LOST_LONG,0.59060,-0.76063,0.99502,-0.46422,0.20000,0.13033,1.43351,-0.33663,0.0567,0.724,1.4924,-0.9795,0.0107,0.0124,0.33624,0.28536,0.00,21.45,107.32,0.0000
28093,LOST_LONG,0.59060,-0.76063,0.99502,-0.46422,0.20000,0.13033,1.43351,-0.33663,0.0567,0.724,1.4924,-0.9795,0.0107,0.0124,0.33622,0.28527,0.00,21.45,109.79,0.0000
28103,LOST_LONG,0.59060,-0.76063,0.99502,-0.46422,0.20000,0.13033,1.43351,-0.33663,0.0567,0.724,1.4924,-0.9795,0.0107,0.0124,0.33623,0.28528,0.00,21.45,118.68,0.0000
28113,LOST_LONG,0.59060,-0.76063,0.99502,-0.46422,0.20000,0.13033,1.43351,-0.33663,0.0567,0.724,1.4924,-0.9795,0.0107,0.0124,0.33625,0.28540,0.00,21.45,121.17,0.0000
28123,LOST_LONG,0.59060,-0.76063,0.99502,-0.46422,0.20000,0.13033,1.43351,-0.33663,0.0567,0.724,1.4924,-0.9795,0.0107,0.0124,0.33624,0.28536,0.00,21.45,115.23,0.0000
28133,LOST_LONG,0.59060,-0.76063,0.99502,-0.46422,0.20000,0.13033,1.43351,-0.33663,0.0567,0.724,1.4924,-0.9795,0.0107,0.0124,0.33622,0.28526,0.00,21.45,118.98,0.0000
28143,LOST_LONG,0.59060,-0.76063,0.99502,-0.46422,0.20000,0.13033,1.43351,-0.33663,0.0567,0.724,1.4924,-0.9795,0.0107,0.0124,0.33625,0.28539,0.00,21.45,118.48,0.0000
28153,LOST_LONG,0.59060,-0.76063,0.99502,-0.46422,0.20000,0.13033,1.43351,-0.33663,0.0567,0.724,1.4924,-0.9795,0.0107,0.0124,0.33622,0.28525,0.00,21.45,118.44,0.0000
28163,LOST_LONG,0.59060,-0.76063,0.99502,-0.46422,0.20000,0.13033,1.43351,-0.33663,0.0567,0.724,1.4924,-0.9795,0.0107,0.0124,0.33622,0.28527,0.00,21.45,116.16,0.0000
28173,LOST_LONG,0.59060,-0.76063,0.99502,-0.46422,0.20000,0.13033,1.43351,-0.33663,0.0567,0.724,1.4924,-0.9795,0.0107,0.0124,0.33622,0.28524,0.00,21.45,115.62,0.0000
28183,LOST_LONG,0.59060,-0.76063,0.99502,-0.46422,0.20000,0.13033,1.43351,-0.33663,0.0567,0.724,1.4924,-0.9795,0.0107,0.0124,0.33622,0.28524,0.00,21.45,116.92,0.0000
28193,LOST_LONG,0.59060,-0.76063,0.99502,-0.46422,0.20000,0.13033,1.43351,-0.33663,0.0567,0.724,1.4924,-0.9795,0.0107,0.0124,0.33622,0.28526,0.00,21.45,115.78,0.0000
28203,LOST_LONG,0.59060,-0.76063,0.99502,-0.46422,0.20000,0.13033,1.43351,-0.33663,0.0567,0.724,1.4924,-0.9795,0.0107,0.0124,0.33622,0.28526,0.00,21.45,117.40,0.0000
28213,LOST_LONG,0.59060,-0.76063,0.99502,-0.46422,0.20000,0.13033,1.43351,-0.33663,0.0567,0.724,1.4924,-0.9795,0.0107,0.0124,0.33623,0.28528,0.00,21.45,113.72,0.0000
28223,LOST_LONG,0.59060,-0.76063,0.99502,-0.46422,0.20000,0.13033,1.43351,-0.33663,0.0567,0.724,1.4924,-0.9795,0.0107,0.0124,0.33622,0.28525,0.00,21.45,117.15,0.0000
28233,LOST_LONG,0.59060,-0.76063,0.99502,-0.46422,0.20000,0.13033,1.43351,-0.33663,0.0567,0.724,1.4924,-0.9795,0.0107,0.0124,0.33623,0.28533,0.00,21.45,115.10,0.0000
28243,LOST_LONG,0.59060,-0.76063,0.99502,-0.46422,0.20000,0.13033,1.43351,-0.33663,0.0567,0.724,1.4924,-0.9795,0.0107,0.0124,0.33623,0.28528,0.00,21.45,114.32,0.0000
28253,LOST_LONG,0.59060,-0.76063,0.99502,-0.46422,0.20000,0.13033,1.43351,-0.33663,0.0567,0.724,1.4924,-0.9795,0.0107,0.0124,0.33623,0.28528,0.00,21.45,115.19,0.0000
28263,LOST_LONG,0.59060,-0.76063,0.99502,-0.46422,0.20000,0.13033,1.43351,-0.33663,0.0567,0.724,1.4924,-0.9795,0.0107,0.0124,0.33622,0.28526,0.00,21.45,120.17,0.0000
28273,LOST_LONG,0.59060,-0.76063,0.99502,-0.46422,0.20000,0.13033,1.43351,-0.33663,0.0567,0.724,1.4924,-0.9795,0.0107,0.0124,0.33622,0.28526,0.00,21.45,118.75,0.0000
28283,LOST_LONG,0.59060,-0.76063,0.99502,-0.46422,0.20000,0.13033,1.43351,-0.33663,0.0567,0.724,1.4924,-0.9795,0.0107,0.0124,0.33625,0.28539,0.00,21.45,119.60,0.0000
28293,LOST_LONG,0.59060,-0.76063,0.99502,-0.46422,0.20000,0.13033,1.43351,-0.33663,0.0567,0.724,1.4924,-0.9795,0.0107,0.0124,0.33622,0.28527,0.00,21.45,118.90,0.0000
28303,LOST_LONG,0.59060,-0.76063,0.99502,-0.46422,0.20000,0.13033,1.43351,-0.33663,0.0567,0.724,1.4924,-0.9795,0.0107,0.0124,0.33622,0.28525,0.00,21.45,114.43,0.0000
28313,LOST_LONG,0.59060,-0.76063,0.99502,-0.46422,0.20000,0.13033,1.43351,-0.33663,0.0567,0.724,1.4924,-0.9795,0.0107,0.0124,0.33623,0.28530,0.00,21.45,117.99,0.0000
28323,LOST_LONG,0.59060,-0.76063,0.99502,-0.46422,0.20000,0.13033,1.43351,-0.33663,0.0567,0.724,1.4924,-0.9795,0.0107,0.0124,0.33622,0.28527,0.00,21.45,114.76,0.0000
28333,LOST_LONG,0.59060,-0.76063,0.99502,-0.46422,0.20000,0.13033,1.43351,-0.33663,0.0567,0.724,1.4924,-0.9795,0.0107,0.0124,0.33623,0.28528,0.00,21.45,114.95,0.0000
28343,LOST_LONG,0.59060,-0.76063,0.99502,-0.46422,0.20000,0.13033,1.43351,-0.33663,0.0567,0.724,1.4924,-0.9795,0.0107,0.0124,0.33624,0.28535,0.00,21.45,116.45,0.0000
28353,LOST_LONG,0.59060,-0.76063,0.99502,-0.46422,0.20000,0.13033,1.43351,-0.33663,0.0567,0.724,1.4924,-0.9795,0.0107,0.0124,0.33623,0.28528,0.00,21.45,119.04,0.0000
28363,LOST_LONG,0.59060,-0.76063,0.99502,-0.46422,0.20000,0.13033,1.43351,-0.33663,0.0567,0.724,1.4924,-0.9795,0.0107,0.0124,0.33622,0.28526,0.00,21.45,117.68,0.0000
28373,LOST_LONG,0.59060,-0.76063,0.99502,-0.46422,0.20000,0.13033,1.43351,-0.33663,0.0567,0.724,1.4924,-0.9795,0.0107,0.0124,0.33623,0.28528,0.00,21.45,115.91,0.0000
28383,LOST_LONG,0.59060,-0.76063,0.99502,-0.46422,0.20000,0.13033,1.43351,-0.33663,0.0567,0.724,1.4924,-0.9795,0.0107,0.0124,0.33623,0.28530,0.00,21.45,119.26,0.0000
28393,LOST_LONG,0.59060,-0.76063,0.99502,-0.46422,0.20000,0.13033,1.43351,-0.33663,0.0567,0.724,1.4924,-0.9795,0.0107,0.0124,0.33622,0.28525,0.00,21.45,117.92,0.0000
28403,LOST_LONG,0.59060,-0.76063,0.99502,-0.46422,0.20000,0.13033,1.43351,-0.33663,0.0567,0.724,1.4924,-0.9795,0.0107,0.0124,0.33623,0.28531,0.00,21.45,117.20,0.0000
28413,LOST_LONG,0.59060,-0.76063,0.99502,-0.46422,0.20000,0.13033,1.43351,-0.33663,0.0567,0.724,1.4924,-0.9795,0.0107,0.0124,0.33626,0.28547,0.00,21.45,121.42,0.0000
28423,LOST_LONG,0.59060,-0.76063,0.99502,-0.46422,0.20000,0.13033,1.43351,-0.33663,0.0567,0.724,1.4924,-0.9795,0.0107,0.0124,0.33622,0.28523,0.00,21.45,125.19,0.0000
28433,LOST_LONG,0.59060,-0.76063,0.99502,-0.46422,0.20000,0.13033,1.43351,-0.33663,0.0567,0.724,1.4924,-0.9795,0.0107,0.0124,0.33625,0.28541,0.00,21.45,121.48,0.0000
28443,LOST_LONG,0.59060,-0.76063,0.99502,-0.46422,0.20000,0.13033,1.43351,-0.33663,0.0567,0.724,1.4924,-0.9795,0.0107,0.0124,0.33622,0.28525,0.00,21.45,124.48,0.0000
28453,LOST_LONG,0.59060,-0.76063,0.99502,-0.46422,0.20000,0.13033,1.43351,-0.33663,0.0567,0.724,1.4924,-0.9795,0.0107,0.0124,0.33626,0.28547,0.00,21.45,121.78,0.0000
28463,LOST_LONG,0.59060,-0.76063,0.99502,-0.46422,0.20000,0.13033,1.43351,-0.33663,0.0567,0.724,1.4924,-0.9795,0.0107,0.0124,0.33622,0.28527,0.00,21.45,122.80,0.0000
28473,LOST_LONG,0.59060,-0.76063,0.99502,-0.46422,0.20000,0.13033,1.43351,-0.33663,0.0567,0.724,1.4924,-0.9795,0.0107,0.0124,0.33624,0.28534,0.00,21.45,122.40,0.0000
28483,LOST_LONG,0.59060,-0.76063,0.99502,-0.46422,0.20000,0.13033,1.43351,-0.33663,0.0567,0.724,1.4924,-0.9795,0.0107,0.0124,0.33625,0.28540,0.00,21.45,116.97,0.0000
28493,LOST_LONG,0.59060,-0.76063,0.99502,-0.46422,0.20000,0.13033,1.43351,-0.33663,0.0567,0.724,1.4924,-0.9795,0.0107,0.0124,0.33623,0.28530,0.00,21.45,119.37,0.0000
28503,LOST_LONG,0.59060,-0.76063,0.99502,-0.46422,0.20000,0.13033,1.43351,-0.33663,0.0567,0.724,1.4924,-0.9795,0.0107,0.0124,0.33625,0.28544,0.00,21.45,118.64,0.0000
28513,LOST_LONG,0.59060,-0.76063,0.99502,-0.46422,0.20000,0.13033,1.43351,-0.33663,0.0567,0.724,1.4924,-0.9795,0.0107,0.0124,0.33622,0.28526,0.00,21.45,121.19,0.0000
28523,LOST_LONG,0.59060,-0.76063,0.99502,-0.46422,0.20000,0.13033,1.43351,-0.33663,0.0567,0.724,1.4924,-0.9795,0.0107,0.0124,0.33625,0.28539,0.00,21.45,123.89,0.0000
28533,LOST_LONG,0.59060,-0.76063,0.99502,-0.46422,0.20000,0.13033,1.43351,-0.33663,0.0567,0.724,1.4924,-0.9795,0.0107,0.0124,0.33624,0.28534,0.00,21.45,115.67,0.0000
28543,LOST_LONG,0.59060,-0.76063,0.99502,-0.46422,0.20000,0.13033,1.43351,-0.33663,0.0567,0.724,1.4924,-0.9795,0.0107,0.0124,0.33622,0.28523,0.00,21.45,122.94,0.0000
28553,LOST_LONG,0.59060,-0.76063,0.99502,-0.46422,0.20000,0.13033,1.43351,-0.33663,0.0567,0.724,1.4924,-0.9795,0.0107,0.0124,0.33623,0.28528,0.00,21.45,130.51,0.0000
28563,LOST_LONG,0.59060,-0.76063,0.99502,-0.46422,0.20000,0.13033,1.43351,-0.33663,0.0567,0.724,1.4924,-0.9795,0.0107,0.0124,0.33623,0.28528,0.00,21.45,125.79,0.0000
28573,LOST_LONG,0.59060,-0.76063,0.99502,-0.46422,0.20000,0.13033,1.43351,-0.33663,0.0567,0.724,1.4924,-0.9795,0.0107,0.0124,0.33625,0.28543,0.00,21.45,106.66,0.0000
28583,LOST_LONG,0.59060,-0.76063,0.99502,-0.46422,0.20000,0.13033,1.43351,-0.33663,0.0567,0.724,1.4924,-0.9795,0.0107,0.0124,0.33622,0.28527,0.00,21.45,105.10,0.0000
28593,LOST_LONG,0.59060,-0.76063,0.99502,-0.46422,0.20000,0.13033,1.43351,-0.33663,0.0567,0.724,1.4924,-0.9795,0.0107,0.0124,0.33622,0.28524,0.00,21.45,113.29,0.0000
28603,LOST_LONG,0.59060,-0.76063,0.99502,-0.46422,0.20000,0.13033,1.43351,-0.33663,0.0567,0.724,1.4924,-0.9795,0.0107,0.0124,0.33623,0.28528,0.00,21.45,133.97,0.0000
28613,LOST_LONG,0.59060,-0.76063,0.99502,-0.46422,0.20000,0.13033,1.43351,-0.33663,0.0567,0.724,1.4924,-0.9795,0.0107,0.0124,0.33622,0.28524,0.00,21.45,129.03,0.0000
28623,LOST_LONG,0.59060,-0.76063,0.99502,-0.46422,0.20000,0.13033,1.43351,-0.33663,0.0567,0.724,1.4924,-0.9795,0.0107,0.0124,0.33622,0.28524,0.00,21.45,128.64,0.0000
28633,LOST_LONG,0.59060,-0.76063,0.99502,-0.46422,0.20000,0.13033,1.43351,-0.33663,0.0567,0.724,1.4924,-0.9795,0.0107,0.0124,0.33622,0.28525,0.00,21.45,128.86,0.0000
28643,LOST_LONG,0.59060,-0.76063,0.99502,-0.46422,0.20000,0.13033,1.43351,-0.33663,0.0567,0.724,1.4924,-0.9795,0.0107,0.0124,0.33622,0.28524,0.00,21.45,130.07,0.0000
28653,LOST_LONG,0.59060,-0.76063,0.99502,-0.46422,0.20000,0.13033,1.43351,-0.33663,0.0567,0.724,1.4924,-0.9795,0.0107,0.0124,0.33621,0.28521,0.00,21.45,134.49,0.0000
28663,LOST_LONG,0.59060,-0.76063,0.99502,-0.46422,0.20000,0.13033,1.43351,-0.33663,0.0567,0.724,1.4924,-0.9795,0.0107,0.0124,0.33622,0.28525,0.00,21.45,130.51,0.0000
28673,LOST_LONG,0.59060,-0.76063,0.99502,-0.46422,0.20000,0.13033,1.43351,-0.33663,0.0567,0.724,1.4924,-0.9795,0.0107,0.0124,0.33625,0.28544,0.00,21.45,134.50,0.0000
28683,LOST_LONG,0.59060,-0.76063,0.99502,-0.46422,0.20000,0.13033,1.43351,-0.33663,0.0567,0.724,1.4924,-0.9795,0.0107,0.0124,0.33622,0.28525,0.00,21.45,135.06,0.0000
28693,LOST_LONG,0.59060,-0.76063,0.99502,-0.46422,0.20000,0.13033,1.43351,-0.33663,0.0567,0.724,1.4924,-0.9795,0.0107,0.0124,0.33625,0.28539,0.00,21.45,133.95,0.0000
28703,LOST_LONG,0.59060,-0.76063,0.99502,-0.46422,0.20000,0.13033,1.43351,-0.33663,0.0567,0.724,1.4924,-0.9795,0.0107,0.0124,0.33624,0.28535,0.00,21.45,135.03,0.0000
28713,LOST_LONG,0.59060,-0.76063,0.99502,-0.46422,0.20000,0.13033,1.43351,-0.33663,0.0567,0.724,1.4924,-0.9795,0.0107,0.0124,0.33623,0.28528,0.00,21.45,138.27,0.0000
28723,LOST_LONG,0.59060,-0.76063,0.99502,-0.46422,0.20000,0.13033,1.43351,-0.33663,0.0567,0.724,1.4924,-0.9795,0.0107,0.0124,0.33622,0.28524,0.00,21.45,137.02,0.0000
28733,LOST_LONG,0.59060,-0.76063,0.99502,-0.46422,0.20000,0.13033,1.43351,-0.33663,0.0567,0.724,1.4924,-0.9795,0.0107,0.0124,0.33622,0.28527,0.00,21.45,134.61,0.0000
28743,LOST_LONG,0.59060,-0.76063,0.99502,-0.46422,0.20000,0.13033,1.43351,-0.33663,0.0567,0.724,1.4924,-0.9795,0.0107,0.0124,0.33624,0.28538,0.00,21.45,133.28,0.0000
28753,LOST_LONG,0.59060,-0.76063,0.99502,-0.46422,0.20000,0.13033,1.43351,-0.33663,0.0567,0.724,1.4924,-0.9795,0.0107,0.0124,0.33624,0.28539,0.00,21.45,131.30,0.0000
28763,LOST_LONG,0.59060,-0.76063,0.99502,-0.46422,0.20000,0.13033,1.43351,-0.33663,0.0567,0.724,1.4924,-0.9795,0.0107,0.0124,0.33624,0.28535,0.00,21.45,131.30,0.0000
28773,LOST_LONG,0.59060,-0.76063,0.99502,-0.46422,0.20000,0.13033,1.43351,-0.33663,0.0567,0.724,1.4924,-0.9795,0.0107,0.0124,0.33623,0.28532,0.00,21.45,137.13,0.0000
28783,LOST_LONG,0.59060,-0.76063,0.99502,-0.46422,0.20000,0.13033,1.43351,-0.33663,0.0567,0.724,1.4924,-0.9795,0.0107,0.0124,0.33622,0.28527,0.00,21.45,134.66,0.0000
28793,LOST_LONG,0.59060,-0.76063,0.99502,-0.46422,0.20000,0.13033,1.43351,-0.33663,0.0567,0.724,1.4924,-0.9795,0.0107,0.0124,0.33622,0.28525,0.00,21.45,136.82,0.0000
28803,LOST_LONG,0.59060,-0.76063,0.99502,-0.46422,0.20000,0.13033,1.43351,-0.33663,0.0567,0.724,1.4924,-0.9795,0.0107,0.0124,0.33624,0.28533,0.00,21.45,129.90,0.0000
28813,LOST_LONG,0.59060,-0.76063,0.99502,-0.46422,0.20000,0.13033,1.43351,-0.33663,0.0567,0.724,1.4924,-0.9795,0.0107,0.0124,0.33623,0.28531,0.00,21.45,128.82,0.0000
28823,LOST_LONG,0.59060,-0.76063,0.99502,-0.46422,0.20000,0.13033,1.43351,-0.33663,0.0567,0.724,1.4924,-0.9795,0.0107,0.0124,0.33623,0.28531,0.00,21.45,107.25,0.0000
28833,LOST_LONG,0.59060,-0.76063,0.99502,-0.46422,0.20000,0.13033,1.43351,-0.33663,0.0567,0.724,1.4924,-0.9795,0.0107,0.0124,0.33623,0.28531,0.00,21.45,108.83,0.0000
28843,LOST_LONG,0.59060,-0.76063,0.99502,-0.46422,0.20000,0.13033,1.43351,-0.33663,0.0567,0.724,1.4924,-0.9795,0.0107,0.0124,0.33623,0.28529,0.00,21.45,106.52,0.0000
28853,LOST_LONG,0.59060,-0.76063,0.99502,-0.46422,0.20000,0.13033,1.43351,-0.33663,0.0567,0.724,1.4924,-0.9795,0.0107,0.0124,0.33624,0.28537,0.00,21.45,125.41,0.0000
28863,LOST_LONG,0.59060,-0.76063,0.99502,-0.46422,0.20000,0.13033,1.43351,-0.33663,0.0567,0.724,1.4924,-0.9795,0.0107,0.0124,0.33622,0.28525,0.00,21.45,117.43,0.0000
28873,LOST_LONG,0.59060,-0.76063,0.99502,-0.46422,0.20000,0.13033,1.43351,-0.33663,0.0567,0.724,1.4924,-0.9795,0.0107,0.0124,0.33622,0.28524,0.00,21.45,123.06,0.0000
28883,LOST_LONG,0.59060,-0.76063,0.99502,-0.46422,0.20000,0.13033,1.43351,-0.33663,0.0567,0.724,1.4924,-0.9795,0.0107,0.0124,0.33623,0.28530,0.00,21.45,119.57,0.0000
28893,LOST_LONG,0.59060,-0.76063,0.99502,-0.46422,0.20000,0.13033,1.43351,-0.33663,0.0567,0.724,1.4924,-0.9795,0.0107,0.0124,0.33623,0.28528,0.00,21.45,117.60,0.0000
28903,LOST_LONG,0.59060,-0.76063,0.99502,-0.46422,0.20000,0.13033,1.43351,-0.33663,0.0567,0.724,1.4924,-0.9795,0.0107,0.0124,0.33623,0.28532,0.00,21.45,114.79,0.0000
28913,LOST_LONG,0.59060,-0.76063,0.99502,-0.46422,0.20000,0.13033,1.43351,-0.33663,0.0567,0.724,1.4924,-0.9795,0.0107,0.0124,0.33625,0.28543,0.00,21.45,108.70,0.0000
28923,LOST_LONG,0.59060,-0.76063,0.99502,-0.46422,0.20000,0.13033,1.43351,-0.33663,0.0567,0.724,1.4924,-0.9795,0.0107,0.0124,0.33622,0.28527,0.00,21.45,101.84,0.0000
28933,LOST_LONG,0.59060,-0.76063,0.99502,-0.46422,0.20000,0.13033,1.43351,-0.33663,0.0567,0.724,1.4924,-0.9795,0.0107,0.0124,0.33622,0.28527,0.00,21.45,120.64,0.0000
28943,LOST_LONG,0.59060,-0.76063,0.99502,-0.46422,0.20000,0.13033,1.43351,-0.33663,0.0567,0.724,1.4924,-0.9795,0.0107,0.0124,0.33623,0.28531,0.00,21.45,106.86,0.0000
28953,LOST_LONG,0.59060,-0.76063,0.99502,-0.46422,0.20000,0.13033,1.43351,-0.33663,0.0567,0.724,1.4924,-0.9795,0.0107,0.0124,0.33622,0.28526,0.00,21.45,140.24,0.0000
28963,LOST_LONG,0.59060,-0.76063,0.99502,-0.46422,0.20000,0.13033,1.43351,-0.33663,0.0567,0.724,1.4924,-0.9795,0.0107,0.0124,0.33623,0.28528,0.00,21.45,134.10,0.0000
28973,LOST_LONG,0.59060,-0.76063,0.99502,-0.46422,0.20000,0.13033,1.43351,-0.33663,0.0567,0.724,1.4924,-0.9795,0.0107,0.0124,0.33623,0.28528,0.00,21.45,133.57,0.0000
28983,LOST_LONG,0.59060,-0.76063,0.99502,-0.46422,0.20000,0.13033,1.43351,-0.33663,0.0567,0.724,1.4924,-0.9795,0.0107,0.0124,0.33624,0.28536,0.00,21.45,131.55,0.0000
28993,LOST_LONG,0.59060,-0.76063,0.99502,-0.46422,0.20000,0.13033,1.43351,-0.33663,0.0567,0.724,1.4924,-0.9795,0.0107,0.0124,0.33622,0.28526,0.00,21.45,138.66,0.0000
29003,LOST_LONG,0.59060,-0.76063,0.99502,-0.46422,0.20000,0.13033,1.43351,-0.33663,0.0567,0.724,1.4924,-0.9795,0.0107,0.0124,0.33622,0.28526,0.00,21.45,136.16,0.0000
29013,LOST_LONG,0.59060,-0.76063,0.99502,-0.46422,0.20000,0.13033,1.43351,-0.33663,0.0567,0.724,1.4924,-0.9795,0.0107,0.0124,0.33624,0.28538,0.00,21.45,134.94,0.0000
29023,LOST_LONG,0.59060,-0.76063,0.99502,-0.46422,0.20000,0.13033,1.43351,-0.33663,0.0567,0.724,1.4924,-0.9795,0.0107,0.0124,0.33622,0.28526,0.00,21.45,133.97,0.0000
29033,LOST_LONG,0.59060,-0.76063,0.99502,-0.46422,0.20000,0.13033,1.43351,-0.33663,0.0567,0.724,1.4924,-0.9795,0.0107,0.0124,0.33622,0.28527,0.00,21.45,132.45,0.0000
29043,LOST_LONG,0.59060,-0.76063,0.99502,-0.46422,0.20000,0.13033,1.43351,-0.33663,0.0567,0.724,1.4924,-0.9795,0.0107,0.0124,0.33622,0.28525,0.00,21.45,132.44,0.0000
29053,LOST_LONG,0.59060,-0.76063,0.99502,-0.46422,0.20000,0.13033,1.43351,-0.33663,0.0567,0.724,1.4924,-0.9795,0.0107,0.0124,0.33622,0.28527,0.00,21.45,136.57,0.0000
29063,LOST_LONG,0.59060,-0.76063,0.99502,-0.46422,0.20000,0.13033,1.43351,-0.33663,0.0567,0.724,1.4924,-0.9795,0.0107,0.0124,0.33625,0.28542,0.00,21.45,137.72,0.0000
29073,LOST_LONG,0.59060,-0.76063,0.99502,-0.46422,0.20000,0.13033,1.43351,-0.33663,0.0567,0.724,1.4924,-0.9795,0.0107,0.0124,0.33623,0.28532,0.00,21.45,141.05,0.0000
29083,LOST_LONG,0.59060,-0.76063,0.99502,-0.46422,0.20000,0.13033,1.43351,-0.33663,0.0567,0.724,1.4924,-0.9795,0.0107,0.0124,0.33624,0.28534,0.00,21.45,140.42,0.0000
29093,LOST_LONG,0.59060,-0.76063,0.99502,-0.46422,0.20000,0.13033,1.43351,-0.33663,0.0567,0.724,1.4924,-0.9795,0.0107,0.0124,0.33621,0.28518,0.00,21.45,140.39,0.0000
29103,LOST_LONG,0.59060,-0.76063,0.99502,-0.46422,0.20000,0.13033,1.43351,-0.33663,0.0567,0.724,1.4924,-0.9795,0.0107,0.0124,0.33622,0.28526,0.00,21.45,141.13,0.0000
29113,LOST_LONG,0.59060,-0.76063,0.99502,-0.46422,0.20000,0.13033,1.43351,-0.33663,0.0567,0.724,1.4924,-0.9795,0.0107,0.0124,0.33623,0.28528,0.00,21.45,135.41,0.0000
29123,LOST_LONG,0.59060,-0.76063,0.99502,-0.46422,0.20000,0.13033,1.43351,-0.33663,0.0567,0.724,1.4924,-0.9795,0.0107,0.0124,0.33622,0.28524,0.00,21.45,137.95,0.0000
29133,LOST_LONG,0.59060,-0.76063,0.99502,-0.46422,0.20000,0.13033,1.43351,-0.33663,0.0567,0.724,1.4924,-0.9795,0.0107,0.0124,0.33622,0.28526,0.00,21.45,139.65,0.0000
29143,LOST_LONG,0.59060,-0.76063,0.99502,-0.46422,0.20000,0.13033,1.43351,-0.33663,0.0567,0.724,1.4924,-0.9795,0.0107,0.0124,0.33623,0.28533,0.00,21.45,140.34,0.0000
29153,LOST_LONG,0.59060,-0.76063,0.99502,-0.46422,0.20000,0.13033,1.43351,-0.33663,0.0567,0.724,1.4924,-0.9795,0.0107,0.0124,0.33622,0.28524,0.00,21.45,127.89,0.0000
29163,LOST_LONG,0.59060,-0.76063,0.99502,-0.46422,0.20000,0.13033,1.43351,-0.33663,0.0567,0.724,1.4924,-0.9795,0.0107,0.0124,0.33622,0.28526,0.00,21.45,141.44,0.0000
29173,LOST_LONG,0.59060,-0.76063,0.99502,-0.46422,0.20000,0.13033,1.43351,-0.33663,0.0567,0.724,1.4924,-0.9795,0.0107,0.0124,0.33625,0.28539,0.00,21.45,142.88,0.0000
29183,LOST_LONG,0.59060,-0.76063,0.99502,-0.46422,0.20000,0.13033,1.43351,-0.33663,0.0567,0.724,1.4924,-0.9795,0.0107,0.0124,0.33623,0.28528,0.00,21.45,134.36,0.0000
29193,LOST_LONG,0.59060,-0.76063,0.99502,-0.46422,0.20000,0.13033,1.43351,-0.33663,0.0567,0.724,1.4924,-0.9795,0.0107,0.0124,0.33622,0.28527,0.00,21.45,115.50,0.0000
29203,LOST_LONG,0.59060,-0.76063,0.99502,-0.46422,0.20000,0.13033,1.43351,-0.33663,0.0567,0.724,1.4924,-0.9795,0.0107,0.0124,0.33622,0.28524,0.00,21.45,113.85,0.0000
29213,LOST_LONG,0.59060,-0.76063,0.99502,-0.46422,0.20000,0.13033,1.43351,-0.33663,0.0567,0.724,1.4924,-0.9795,0.0107,0.0124,0.33623,0.28530,0.00,21.45,96.28,0.0000
29223,LOST_LONG,0.59060,-0.76063,0.99502,-0.46422,0.20000,0.13033,1.43351,-0.33663,0.0567,0.724,1.4924,-0.9795,0.0107,0.0124,0.33624,0.28534,0.00,21.45,98.17,0.0000
29233,TRACKING,-0.59598,-0.38028,-0.18902,0.01221,0.39900,0.28581,1.70262,-1.21805,0.0830,0.700,1.6825,-1.1725,0.0107,0.0124,0.33645,0.28531,0.00,0.00,100.31,0.6781
29243,TRACKING,-0.61883,-0.17636,-0.19980,0.19628,0.40277,0.34751,1.66305,-1.35608,0.0436,0.909,1.6781,-1.3346,0.0107,0.0124,0.38178,0.27825,0.00,0.00,112.25,0.6261
29253,TRACKING,-0.49297,0.10572,-0.01455,0.47142,0.33984,0.44381,1.43231,-1.38579,0.1190,0.580,1.4955,-1.4191,0.2203,0.8634,0.38675,0.32794,0.00,-2.64,142.84,0.4524
29263,TRACKING,-0.31649,0.65689,0.12975,1.03735,0.30142,0.50000,1.33630,-1.46122,0.0744,0.580,1.3697,-1.4908,0.2048,0.6008,0.35246,0.41709,-10.47,-8.18,122.60,0.7676
29273,TRACKING,-0.10927,0.77963,0.38009,1.09731,0.21381,0.50000,1.04169,-1.22902,0.1550,0.705,1.1164,-1.2844,0.2647,-0.3624,0.30967,0.46083,0.00,1.13,101.35,0.7740
29283,TRACKING,-0.14930,0.79310,0.26183,1.12889,0.25520,0.50000,1.17968,-1.32850,0.0067,0.596,1.1758,-1.3230,0.7707,0.8231,0.26443,0.45322,53.08,47.58,84.80,0.8190
29293,TRACKING,-0.16015,0.85014,0.25862,1.17581,0.25632,0.50000,1.18346,-1.33145,0.0146,0.591,1.1904,-1.3368,0.6879,0.7369,0.25485,0.44518,32.91,34.54,71.97,0.8657
29303,TRACKING,-0.14456,0.86943,0.27592,1.20243,0.25027,0.50000,1.16315,-1.31572,0.0157,0.751,1.1702,-1.3219,0.2192,0.7558,0.25789,0.45247,-9.02,-7.85,61.26,0.8891
29313,TRACKING,-0.12123,0.89712,0.28788,1.21796,0.24608,0.50000,1.14914,-1.30507,0.0069,0.571,1.1425,-1.3033,0.1209,0.7294,0.24701,0.47127,-16.81,-15.43,61.22,0.9027
29323,TRACKING,-0.09190,0.86934,0.33914,1.17900,0.22814,0.50000,1.08929,-1.26149,0.0387,2.315,1.1076,-1.2758,0.4177,-0.6485,0.24648,0.48111,30.18,20.32,75.55,0.8582
29333,TRACKING,0.04749,0.71562,0.48498,1.01056,0.20000,0.50000,0.99602,-1.19968,0.0083,0.763,1.0015,-1.2058,0.4688,-0.9437,0.21248,0.45947,0.00,23.82,101.19,0.6903
29343,TRACKING,0.05329,0.58856,0.43907,0.87943,0.20000,0.50000,0.99602,-1.19968,0.0083,0.809,1.0015,-1.2058,0.5289,-0.0532,0.20372,0.45833,-38.64,23.82,122.05,0.5560
29353,TRACKING,-0.11338,0.57099,0.27746,0.89969,0.24973,0.50000,1.16134,-1.31434,0.0416,0.642,1.1413,-1.2995,0.2628,1.4671,0.22482,0.46779,18.89,3.79,116.29,0.5915
29363,TRACKING,-0.09623,0.53391,0.34965,0.82703,0.22446,0.50000,1.07705,-1.25296,0.0654,0.794,1.1091,-1.2756,0.3824,0.9596,0.25443,0.46579,0.00,9.58,129.85,0.5070
29373,TRACKING,0.10750,0.44795,0.48848,0.78038,0.20000,0.50000,0.99602,-1.19968,0.0090,0.988,1.0035,-1.2047,0.3824,0.9874,0.21630,0.46083,-63.71,9.58,129.71,0.4626
29383,TRACKING,-0.06574,0.54798,0.32908,0.89654,0.23166,0.50000,1.10101,-1.26979,0.0303,0.709,1.0861,-1.2595,-0.0272,1.4403,0.21294,0.47405,0.00,-40.21,116.83,0.5787
29393,TRACKING,-0.15828,0.56444,0.25393,0.88547,0.25796,0.50000,1.18896,-1.33578,0.0053,1.284,1.1865,-1.3311,0.3083,1.2595,0.25134,0.48654,0.00,6.18,120.99,0.5836
29403,TRACKING,0.03903,0.40283,0.45126,0.71168,0.20000,0.50000,0.99602,-1.19968,0.0087,0.723,1.0032,-1.2046,0.7121,0.3448,0.24100,0.45996,59.31,48.21,137.94,0.3896
29413,TRACKING,-0.08685,0.32723,0.27007,0.62869,0.25231,0.49885,1.16882,-1.31657,0.1054,0.728,1.1171,-1.2801,0.9811,-0.9702,0.20381,0.44789,81.88,78.63,153.96,0.3366
29423,TRACKING,-0.13519,0.27844,0.26445,0.54717,0.25428,0.47032,1.14995,-1.21592,0.0492,0.736,1.1450,-1.2450,0.9932,-1.2623,0.22966,0.43404,73.70,75.00,164.53,0.2682
29433,TRACKING,-0.18665,0.24660,0.21953,0.59421,0.27000,0.48678,1.21705,-1.31818,0.0553,0.604,1.2048,-1.2873,0.9938,-1.2334,0.23072,0.38274,89.39,82.33,165.00,0.3324
29443,TRACKING,-0.13436,0.28302,0.34251,0.62451,0.22696,0.49739,1.08247,-1.24868,0.1185,0.742,1.1466,-1.2794,0.9938,-1.1921,0.23310,0.40348,0.00,100.98,144.39,0.3087
29453,TRACKING,-0.09483,0.20359,0.26845,0.50085,0.25288,0.45411,1.13402,-1.15564,0.0828,0.673,1.0852,-1.1464,0.9938,-1.3843,0.20490,0.39650,29.31,100.98,176.44,0.2285
29463,TRACKING,-0.20276,0.12130,0.21320,0.44391,0.27222,0.43418,1.19223,-1.14196,0.0114,0.697,1.1972,-1.1499,0.9938,-1.1435,0.22945,0.36432,24.64,100.98,174.57,0.2331
29473,TRACKING,-0.20344,0.15034,0.20433,0.48747,0.27532,0.44942,1.20964,-1.20084,0.0312,1.048,1.2029,-1.1834,0.9816,-1.4940,0.23662,0.35886,69.89,66.47,171.96,0.2652
29483,TRACKING,-0.20090,0.17102,0.20387,0.50185,0.27548,0.45446,1.21284,-1.21831,0.0296,1.021,1.2025,-1.2039,0.9101,-1.4951,0.23786,0.37230,44.29,53.42,166.41,0.2746
29493,TRACKING,-0.21974,0.20184,0.19109,0.53352,0.27996,0.46554,1.23495,-1.26935,0.0178,0.717,1.2284,-1.2594,0.7438,-1.4951,0.25412,0.38696,39.16,40.26,160.97,0.3053
29503,TRACKING,-0.15383,0.41100,0.28615,0.78174,0.24669,0.50000,1.15116,-1.30660,0.0558,0.590,1.1793,-1.3247,0.8413,-1.2649,0.25742,0.42381,55.60,53.05,126.70,0.4750
29513,TRACKING,-0.01745,0.57210,0.42022,0.89625,0.20000,0.50000,0.99602,-1.19968,0.0440,3.250,1.0181,-1.2141,0.7948,-1.2122,0.21894,0.42318,46.11,44.91,112.07,0.5723
29523,TRACKING,0.03379,0.57978,0.45415,0.90583,0.20000,0.50000,0.99602,-1.19968,0.0095,0.910,1.0040,-1.2049,0.7907,-1.2454,0.19535,0.42992,47.47,46.41,111.50,0.5833
29533,TRACKING,0.08567,0.61810,0.50020,0.95143,0.20000,0.50000,0.99602,-1.19968,0.0095,0.782,1.0040,-1.2049,0.7968,-1.1651,0.19430,0.42940,44.63,45.72,102.00,0.6335
29543,TRACKING,0.09481,0.67835,0.50490,1.02649,0.20000,0.50000,0.99602,-1.19968,0.0095,0.720,1.0040,-1.2049,0.7785,-1.0720,0.19511,0.43082,44.95,44.23,90.94,0.7085
29553,TRACKING,0.07692,0.76556,0.48944,1.09906,0.20000,0.50000,0.99602,-1.19968,0.0095,0.705,1.0040,-1.2049,0.7006,-1.0256,0.19683,0.43402,35.30,36.55,80.36,0.7788
29563,TRACKING,0.05658,0.75248,0.46797,1.07412,0.20000,0.50000,0.99602,-1.19968,0.0095,0.751,1.0040,-1.2049,0.6811,-1.0060,0.19911,0.43912,35.86,36.06,85.91,0.7521
29573,TRACKING,0.05136,0.74385,0.46558,1.06646,0.20000,0.50000,0.99602,-1.19968,0.0095,0.769,1.0040,-1.2049,0.6843,-0.9515,0.19906,0.43893,36.87,36.76,88.01,0.7443
29583,TRACKING,0.04351,0.72099,0.45491,1.04129,0.20000,0.50000,0.99602,-1.19968,0.0095,0.697,1.0040,-1.2049,0.6967,-1.0022,0.19855,0.43780,38.97,37.94,93.02,0.7185
29593,TRACKING,0.03969,0.70983,0.45104,1.03378,0.20000,0.50000,0.99602,-1.19968,0.0095,0.769,1.0040,-1.2049,0.7135,-1.0162,0.19804,0.43663,39.04,39.47,93.37,0.7108
29603,TRACKING,0.04946,0.70020,0.47896,1.00482,0.20000,0.50000,0.99602,-1.19968,0.0095,0.805,1.0040,-1.2049,0.7380,-0.8999,0.19796,0.43640,47.80,43.30,100.48,0.6840
29613,TRACKING,0.10398,0.63281,0.52023,0.94620,0.20000,0.50000,0.99602,-1.19968,0.0095,0.772,1.0040,-1.2049,0.9468,-0.3215,0.19248,0.42615,66.08,63.06,103.83,0.6314
29623,TRACKING,0.10835,0.61885,0.52133,0.94209,0.20000,0.50000,0.99602,-1.19968,0.0095,0.758,1.0040,-1.2049,0.9925,-0.3160,0.18451,0.41533,70.19,70.04,103.70,0.6275
29633,TRACKING,0.09731,0.61141,0.50987,0.93601,0.20000,0.50000,0.99602,-1.19968,0.0095,0.768,1.0040,-1.2049,0.9925,-0.4591,0.18439,0.41505,67.11,66.90,104.78,0.6196
29643,TRACKING,0.09794,0.61235,0.51237,0.93536,0.20000,0.50000,0.99602,-1.19968,0.0095,0.956,1.0040,-1.2049,0.9925,-0.5824,0.18439,0.41522,63.39,65.11,105.19,0.6194
29653,TRACKING,0.09769,0.61942,0.51045,0.94110,0.20000,0.50000,0.99602,-1.19968,0.0095,0.792,1.0040,-1.2049,0.9570,-0.9316,0.18442,0.41511,52.44,58.39,105.05,0.6247
29663,TRACKING,0.07534,0.61198,0.48299,0.94560,0.20000,0.50000,0.99602,-1.19968,0.0095,0.794,1.0040,-1.2049,0.6248,-1.4937,0.19244,0.42608,30.76,29.61,102.33,0.6255
29673,TRACKING,0.06888,0.64342,0.48007,0.96759,0.20000,0.50000,0.99602,-1.19968,0.0095,0.748,1.0040,-1.2049,0.7832,-0.9701,0.19825,0.43706,47.56,46.48,100.60,0.6471
29683,TRACKING,0.05743,0.66720,0.47388,0.99093,0.20000,0.50000,0.99602,-1.19968,0.0095,0.832,1.0040,-1.2049,0.8467,-0.3648,0.19379,0.42838,54.75,52.53,98.08,0.6697
29693,TRACKING,0.02122,0.69265,0.42772,1.01788,0.20000,0.50000,0.99602,-1.19968,0.0095,0.780,1.0040,-1.2049,0.9947,-0.1253,0.18717,0.41854,68.57,67.61,95.26,0.6940
29703,TRACKING,0.00223,0.67884,0.41958,0.98834,0.20000,0.50000,0.99602,-1.19968,0.0133,0.788,1.0033,-1.2049,0.9947,-0.1471,0.18431,0.41494,73.53,72.62,101.60,0.6644
29713,TRACKING,-0.01115,0.67695,0.39786,1.00936,0.20759,0.50000,1.02110,-1.21557,0.0096,0.938,1.0156,-1.2128,0.9947,0.0242,0.18721,0.41506,74.96,73.91,95.93,0.6855
29723,TRACKING,-0.01723,0.67607,0.39166,1.00094,0.20976,0.50000,1.02828,-1.22021,0.0100,0.706,1.0212,-1.2131,0.9947,-0.1540,0.18624,0.41517,75.16,74.42,97.74,0.6773
29733,TRACKING,-0.01303,0.66620,0.39638,0.99228,0.20811,0.50000,1.02281,-1.21667,0.0113,1.951,1.0176,-1.2094,0.9947,0.0252,0.18501,0.41485,77.32,77.36,98.82,0.6685
29743,TRACKING,0.00646,0.64333,0.42916,0.96600,0.20000,0.50000,0.99602,-1.19968,0.0104,0.719,1.0012,-1.2055,0.9770,0.0572,0.18606,0.41504,49.07,60.27,101.24,0.6422
29753,TRACKING,-0.06116,0.66562,0.34619,0.99315,0.22567,0.50000,1.08108,-1.25575,0.0102,0.974,1.0741,-1.2483,0.3900,-1.2912,0.20413,0.42621,-0.57,3.68,98.54,0.6725
29763,TRACKING,-0.07459,0.67187,0.32854,1.00418,0.23185,0.50000,1.10163,-1.27023,0.0184,0.721,1.0926,-1.2639,-0.1245,-1.4942,0.21469,0.44360,-42.62,-40.07,97.73,0.6854
29773,TRACKING,-0.08393,0.65424,0.33894,0.95692,0.22821,0.50000,1.08952,-1.26165,0.0196,0.750,1.0987,-1.2690,-0.2531,-1.4942,0.23701,0.46146,-51.15,-49.58,106.90,0.6373
29783,TRACKING,-0.07493,0.64076,0.34275,0.95650,0.22688,0.50000,1.08508,-1.25854,0.0139,0.742,1.0919,-1.2634,-0.2750,-1.4942,0.22960,0.48191,-51.60,-50.75,107.64,0.6364
29793,TRACKING,-0.09933,0.67864,0.31266,1.00939,0.23741,0.50000,1.12016,-1.28359,0.0066,0.706,1.1163,-1.2782,-0.2731,-1.4942,0.23352,0.50121,-48.32,-49.17,97.18,0.6927
29803,TRACKING,-0.08165,0.65062,0.33028,0.97767,0.23124,0.50000,1.09961,-1.26879,0.0074,0.751,1.0938,-1.2642,-0.2681,-1.4942,0.22870,0.51833,-48.67,-49.32,97.53,0.6589
29813,TRACKING,-0.08603,0.66192,0.33856,0.96470,0.22834,0.50000,1.08997,-1.26197,0.0222,0.740,1.1003,-1.2704,-0.2570,-1.4942,0.22559,0.52015,-50.63,-49.16,106.80,0.6450
29823,TRACKING,-0.10582,0.67905,0.30417,1.00681,0.24038,0.50000,1.13008,-1.29086,0.0105,1.033,1.1238,-1.2858,-0.2707,-1.4942,0.22695,0.52166,-51.35,-50.26,98.10,0.6915
29833,TRACKING,-0.10447,0.67536,0.30352,1.00355,0.24061,0.50000,1.13084,-1.29142,0.0111,0.932,1.1255,-1.2849,-0.2759,-1.4942,0.22559,0.52282,-50.98,-50.82,98.43,0.6883
29843,TRACKING,-0.10422,0.68614,0.30976,1.01061,0.23842,0.50000,1.12356,-1.28607,0.0023,0.800,1.1255,-1.2849,-0.2876,-1.4942,0.22986,0.52219,-50.15,-50.93,98.04,0.6944
29853,TRACKING,-0.06018,0.72896,0.36006,1.05914,0.22082,0.50000,1.06495,-1.24464,0.0132,5.379,1.0714,-1.2522,0.2261,-1.3227,0.22571,0.51441,5.29,0.55,89.89,0.7371
29863,TRACKING,-0.05147,0.73628,0.36399,1.06245,0.21944,0.50000,1.06038,-1.24153,0.0106,1.043,1.0682,-1.2487,0.3039,-0.8758,0.22245,0.49722,0.96,2.15,89.26,0.7401
29873,TRACKING,-0.05051,0.73811,0.36060,1.06314,0.22063,0.50000,1.06432,-1.24421,0.0037,0.822,1.0607,-1.2451,0.2625,-0.9092,0.22250,0.47824,-3.13,-2.14,90.05,0.7410
29883,TRACKING,-0.05311,0.73919,0.36062,1.06246,0.22062,0.50000,1.06430,-1.24420,0.0037,0.706,1.0607,-1.2451,0.2625,-0.9056,0.22247,0.47737,-1.89,-2.14,90.08,0.7403
29893,TRACKING,-0.06872,0.71810,0.34297,1.03749,0.22680,0.50000,1.08482,-1.25836,0.0032,0.813,1.0821,-1.2568,0.2992,-1.3293,0.22356,0.47778,6.69,3.72,93.04,0.7169
29903,TRACKING,-0.03923,0.69868,0.37126,1.01537,0.21690,0.50000,1.05194,-1.23585,0.0081,0.694,1.0451,-1.2314,0.5916,-1.4920,0.22358,0.46522,32.50,30.71,98.17,0.6927
29913,TRACKING,-0.01869,0.68305,0.41163,0.99891,0.20277,0.50000,1.00516,-1.20541,0.0324,0.708,1.0219,-1.2154,0.5921,1.3734,0.21694,0.44567,19.49,24.19,99.30,0.6749
29923,TRACKING,-0.06470,0.73422,0.34419,1.05885,0.22637,0.50000,1.08341,-1.25737,0.0081,0.680,1.0777,-1.2516,0.4429,-0.8343,0.21613,0.44901,-3.43,7.46,91.75,0.7381
29933,TRACKING,-0.07552,0.67408,0.34319,0.98048,0.22672,0.50000,1.08457,-1.25818,0.0125,1.046,1.0907,-1.2653,0.1701,-0.6430,0.23184,0.46501,-14.28,-12.39,104.03,0.6602
29943,TRACKING,-0.07677,0.67745,0.33965,1.01181,0.22796,0.50000,1.08869,-1.26107,0.0030,0.719,1.0909,-1.2591,0.6805,1.3534,0.22963,0.46770,0.00,36.64,94.00,0.6917
29953,TRACKING,-0.06162,0.70855,0.35201,1.03515,0.22363,0.50000,1.07430,-1.25106,0.0074,1.560,1.0800,-1.2558,0.6805,1.4886,0.22536,0.44809,0.00,36.64,92.51,0.7138
29963,TRACKING,-0.03420,0.71337,0.38434,1.03589,0.21232,0.50000,1.03676,-1.22576,0.0118,0.704,1.0416,-1.2309,0.3879,-1.3980,0.22028,0.44225,11.08,8.47,94.67,0.7125
29973,TRACKING,-0.01580,0.71635,0.39435,1.04854,0.20881,0.50000,1.02516,-1.21819,0.0022,0.677,1.0249,-1.2204,0.4747,-0.9825,0.21214,0.45971,17.34,18.01,90.07,0.7248
29983,TRACKING,-0.04600,0.69633,0.33391,1.00334,0.22997,0.50000,1.09538,-1.26579,0.0632,0.833,1.0637,-1.2450,0.4094,-1.1916,0.20651,0.45993,0.00,9.65,102.46,0.6840
29993,TRACKING,-0.11186,0.57426,0.30264,0.90844,0.24091,0.50000,1.13187,-1.29218,0.0070,0.786,1.1374,-1.2965,0.8061,1.3457,0.22963,0.45670,48.77,50.10,112.17,0.5948
30003,TRACKING,-0.08534,0.60582,0.32896,0.92628,0.23170,0.50000,1.10115,-1.26989,0.0094,0.726,1.1075,-1.2769,0.8525,1.4928,0.23045,0.43944,52.80,52.06,113.42,0.6081
30013,TRACKING,-0.09911,0.59919,0.30994,0.91953,0.23836,0.50000,1.12334,-1.28591,0.0126,1.070,1.1181,-1.2805,0.9037,1.4928,0.21992,0.42548,56.54,56.55,115.55,0.6044
30023,TRACKING,-0.10206,0.59621,0.31235,0.91508,0.23752,0.50000,1.12053,-1.28386,0.0034,3.142,1.1213,-1.2805,0.9277,1.4928,0.22179,0.42084,58.95,58.72,116.39,0.5996
30033,TRACKING,-0.10276,0.56775,0.30664,0.87854,0.23951,0.50000,1.12720,-1.28874,0.0101,0.741,1.1213,-1.2838,0.8652,1.4928,0.22053,0.41903,29.86,46.45,122.68,0.5647
30043,TRACKING,-0.10292,0.42046,0.32040,0.69017,0.23470,0.50000,1.11113,-1.27704,0.0273,0.750,1.1238,-1.2875,0.4858,1.1330,0.23190,0.43153,-10.29,7.78,160.58,0.3777
30053,TRACKING,-0.03322,0.18372,0.40018,0.48678,0.20678,0.44918,0.96872,-1.02808,0.0691,0.768,0.9947,-1.0603,0.1682,-1.4841,0.22095,0.44318,-7.64,-9.53,166.27,0.1633
30063,TRACKING,0.05426,0.15024,0.47407,0.47492,0.20000,0.44503,0.94145,-0.99912,0.0041,0.681,0.9453,-0.9976,0.1791,-1.4943,0.19747,0.43869,-10.48,-9.62,161.75,0.1628
30073,TRACKING,0.08266,0.19528,0.50446,0.52365,0.20000,0.46209,0.95564,-1.05882,0.0094,1.142,0.9488,-1.0523,0.1573,-1.4943,0.20048,0.43809,0.00,-11.65,154.54,0.2196
30083,TRACKING,0.07130,0.21531,0.47334,0.53368,0.20000,0.46560,0.95888,-1.07138,0.0114,0.810,0.9597,-1.0782,0.5546,1.4728,0.20067,0.44817,32.60,29.36,156.07,0.2182
30093,TRACKING,0.08715,0.24203,0.50342,0.57312,0.20000,0.47940,0.97259,-1.12169,0.0157,0.778,0.9668,-1.1142,0.8601,1.4941,0.19889,0.42859,55.69,54.28,149.16,0.2650
30103,TRACKING,0.04565,0.32522,0.43630,0.66960,0.20000,0.50000,0.99602,-1.19968,0.0076,0.751,0.9907,-1.1943,0.9898,1.4941,0.19493,0.42813,77.04,71.78,140.39,0.3464
30113,TRACKING,0.01532,0.34387,0.44330,0.66020,0.20000,0.50000,0.99602,-1.19968,0.0051,0.702,1.0009,-1.1983,0.9939,1.4941,0.18996,0.42299,0.00,77.68,142.24,0.3376
30123,TRACKING,0.00290,0.35494,0.40306,0.68851,0.20577,0.50000,1.01508,-1.21170,0.0133,0.701,1.0091,-1.2063,0.9939,1.4941,0.18371,0.41365,85.09,84.23,139.78,0.3647
30133,TRACKING,0.00313,0.36072,0.41788,0.67282,0.20058,0.50000,0.99794,-1.20087,0.0075,0.780,1.0036,-1.2057,0.9939,1.4941,0.18805,0.41542,0.00,84.23,144.52,0.3489
30143,TRACKING,0.07287,0.30314,0.49971,0.61254,0.20000,0.49320,0.98789,-1.17353,0.0189,0.764,0.9953,-1.1839,0.9939,-0.6021,0.18420,0.41529,0.00,85.76,145.56,0.3013
30153,TRACKING,0.05285,0.31056,0.45221,0.64355,0.20000,0.50000,0.99602,-1.19968,0.0072,0.692,0.9920,-1.1936,0.9939,-1.3061,0.18131,0.41288,0.00,83.07,144.29,0.3219
30163,TRACKING,0.05235,0.31272,0.45355,0.64736,0.20000,0.50000,0.99602,-1.19968,0.0084,0.761,0.9920,-1.1923,0.9939,-1.4581,0.18120,0.41373,0.00,83.07,143.41,0.3259
30173,TRACKING,0.02825,0.33678,0.43734,0.66969,0.20000,0.50000,0.99602,-1.19968,0.0082,1.150,0.9920,-1.1925,0.9939,-1.4581,0.18124,0.41355,0.00,83.07,141.38,0.3466
30183,TRACKING,0.12959,0.33068,0.62310,0.67764,0.20000,0.50000,0.99602,-1.19968,0.0082,0.703,0.9920,-1.1925,0.9939,-1.4946,0.18124,0.41352,0.00,72.22,117.12,0.4113
30193,TRACKING,0.09823,0.35961,0.49705,0.66990,0.20000,0.50000,0.99602,-1.19968,0.0082,0.704,0.9920,-1.1925,0.9939,-1.4946,0.18124,0.41343,86.51,81.23,142.69,0.3560
30203,TRACKING,0.15211,0.26181,0.57407,0.57648,0.20000,0.48058,0.97383,-1.12605,0.0152,1.920,0.9816,-1.1339,0.9939,-1.4946,0.18087,0.40874,72.31,73.14,145.33,0.2994
30213,TRACKING,0.17050,0.24702,0.58600,0.56432,0.20000,0.47632,0.96939,-1.11034,0.0126,3.082,0.9746,-1.1172,0.9939,-1.4946,0.17896,0.39712,72.19,75.98,146.15,0.2961
30223,TRACKING,0.18445,0.22824,0.59688,0.54892,0.20000,0.47093,0.96398,-1.09064,0.0101,0.724,0.9714,-1.0976,0.9939,-1.4946,0.17829,0.39140,64.40,66.21,146.64,0.2905
30233,TRACKING,0.18473,0.22935,0.59861,0.55591,0.20000,0.47338,0.96641,-1.09955,0.0053,0.676,0.9714,-1.0976,0.9939,-1.4946,0.17756,0.38824,70.49,69.54,145.31,0.2970
30243,TRACKING,0.16311,0.23698,0.57183,0.56308,0.20000,0.47589,0.96895,-1.10874,0.0079,0.819,0.9714,-1.1012,0.9642,-1.4946,0.17822,0.38891,0.00,59.80,147.11,0.2870
30253,TRACKING,0.12765,0.19500,0.53960,0.50853,0.20000,0.45680,0.95097,-1.04007,0.0215,0.786,0.9568,-1.0516,0.8745,1.1924,0.17919,0.38698,52.10,52.93,155.10,0.2237
30263,LOST_SHORT,0.13930,0.15544,0.56406,0.45138,0.20000,0.43679,0.93551,-0.97105,0.0510,0.719,0.9443,-1.0004,0.8516,1.4761,0.18040,0.37652,0.00,49.75,151.83,0.0000
30273,LOST_SHORT,0.23075,0.08397,0.65638,0.39546,0.20000,0.41722,0.92387,-0.90626,0.0178,0.921,0.9290,-0.9165,0.8704,1.4948,0.17641,0.36157,0.00,53.74,152.29,0.0000
30283,TRACKING,0.25510,0.06881,0.66078,0.38993,0.20000,0.41529,0.92292,-0.90000,0.0079,0.704,0.9290,-0.9049,0.8700,1.4948,0.17363,0.34455,54.35,53.46,152.13,0.2563
30293,LOST_SHORT,0.24797,0.06624,0.65507,0.38809,0.20000,0.41464,0.92261,-0.89791,0.0095,0.998,0.9290,-0.9049,0.8700,1.4948,0.17362,0.34413,0.00,53.46,113.70,0.0000
30303,LOST_LONG,0.24797,0.06624,0.65507,0.38809,0.20000,0.41464,0.92261,-0.89791,0.0095,0.998,0.9290,-0.9049,0.8700,1.4948,0.17363,0.34423,0.00,53.46,104.94,0.0000
30313,LOST_LONG,0.24797,0.06624,0.65507,0.38809,0.20000,0.41464,0.92261,-0.89791,0.0095,0.998,0.9290,-0.9049,0.8700,1.4948,0.17363,0.34427,0.00,53.46,110.57,0.0000
30323,LOST_LONG,0.24797,0.06624,0.65507,0.38809,0.20000,0.41464,0.92261,-0.89791,0.0095,0.998,1.4554,-0.9775,0.0736,0.1264,0.19456,0.35454,0.00,53.46,117.71,0.0000
30333,LOST_LONG,0.24797,0.06624,0.65507,0.38809,0.20000,0.41464,0.92261,-0.89791,0.0095,0.998,1.4917,-0.9775,0.0108,0.0107,0.26418,0.33448,0.00,53.46,152.89,0.0000
30343,TRACKING,0.14395,0.22241,0.53357,0.56211,0.20000,0.47555,0.96860,-1.10749,0.0234,0.769,0.9689,-1.0935,0.8925,1.4910,0.26573,0.34197,54.11,54.93,152.34,0.2669
30353,TRACKING,-0.05433,0.33555,0.28890,0.69889,0.24572,0.50000,1.14794,-1.30417,0.1251,0.718,1.0907,-1.2556,0.7904,1.4946,0.19956,0.41308,36.86,41.15,148.82,0.3949
30363,TRACKING,-0.11049,0.53175,0.32914,0.88810,0.23164,0.50000,1.10094,-1.26974,0.0548,0.679,1.1273,-1.2894,0.7627,1.4946,0.23073,0.42813,0.00,39.64,116.94,0.5703
30373,LOST_SHORT,-0.47830,0.59988,-0.08105,0.92128,0.36121,0.50000,1.54683,-1.67296,0.0242,0.693,1.5366,-1.6627,0.5457,-1.4319,0.27107,0.44731,0.00,22.10,29.08,0.0000
30383,LOST_SHORT,-0.47830,0.59988,-0.08105,0.92128,0.36121,0.50000,1.54683,-1.67296,0.0242,0.693,1.5366,-1.6627,0.5457,-1.4319,0.31678,0.45889,0.00,22.10,20.95,0.0000
30393,LOST_SHORT,-0.66073,0.69127,-0.26309,1.02543,0.42492,0.50000,1.79614,-1.97309,0.0380,0.688,1.7819,-1.9553,0.6409,-1.4947,0.35390,0.45090,0.00,33.24,14.62,0.0000
30403,TRACKING,-0.52717,0.66589,-0.06873,0.95562,0.35689,0.50000,1.53116,-1.65588,0.1225,0.675,1.5794,-1.7113,0.5983,-1.4947,0.38886,0.43748,22.83,25.53,94.65,0.7944
30413,TRACKING,-0.28248,0.55778,0.24183,0.89975,0.26220,0.50000,1.20319,-1.34708,0.2654,0.583,1.3223,-1.4528,0.6700,-1.4947,0.35818,0.45535,0.00,39.73,102.91,0.6007
30423,TRACKING,0.18138,0.59049,0.63061,0.90685,0.20000,0.50000,0.99602,-1.19968,0.0084,0.977,1.0028,-1.2047,0.6453,-1.4947,0.31348,0.44748,32.58,32.37,103.23,0.6221
30433,TRACKING,0.28951,0.58608,0.68578,0.91724,0.20000,0.50000,0.99602,-1.19968,0.0084,1.136,1.0028,-1.2047,0.6675,-1.4947,0.27700,0.44340,33.55,34.69,99.05,0.6529
30443,TRACKING,0.02281,0.60661,0.35737,0.92841,0.22176,0.50000,1.06808,-1.24678,0.0777,0.735,1.0289,-1.2216,0.5774,-1.4947,0.23723,0.43543,22.98,25.26,110.08,0.6070
30453,TRACKING,-0.39957,0.62283,-0.07904,0.95522,0.36050,0.50000,1.54427,-1.67015,0.1819,0.627,1.4665,-1.5936,0.5982,-1.4947,0.24138,0.44896,31.41,29.94,102.20,0.8004
30463,TRACKING,-0.44881,0.58702,0.02499,0.88066,0.33809,0.50000,1.46387,-1.58495,0.0975,0.620,1.5042,-1.6273,0.5049,-1.4947,0.28614,0.45705,12.57,17.10,117.06,0.6786
30473,TRACKING,-0.22440,0.52921,0.22268,0.84968,0.26890,0.50000,1.22577,-1.36536,0.0694,2.630,1.2573,-1.3926,0.4389,-1.4947,0.31219,0.46169,11.60,13.04,118.18,0.5591
30483,LOST_SHORT,0.02665,0.62741,0.31998,1.00637,0.23485,0.50000,1.11162,-1.27739,0.1190,0.801,1.0522,-1.2378,0.5841,-1.4947,0.22111,0.44917,0.00,28.45,69.72,0.0000
30493,TRACKING,-0.34251,0.62365,0.06344,0.96112,0.32463,0.50000,1.41657,-1.53744,0.0052,0.877,1.4167,-1.5426,0.5469,-1.4947,0.22634,0.45241,22.64,23.42,98.10,0.7268
30503,TRACKING,-0.06788,0.66477,0.43997,1.00443,0.20000,0.50000,0.99602,-1.19968,0.1607,0.719,1.0749,-1.2552,0.5485,-1.4947,0.27548,0.45722,29.67,25.19,89.65,0.6810
30513,TRACKING,0.19444,0.71283,0.61730,1.03877,0.20000,0.50000,0.99602,-1.19968,0.0095,0.683,1.0022,-1.2069,0.6500,-1.4947,0.23947,0.44160,34.07,33.67,84.38,0.7434
30523,TRACKING,-0.08263,0.70645,0.27213,1.02026,0.25159,0.50000,1.16759,-1.31913,0.1008,4.767,1.1184,-1.2839,0.6452,-1.4947,0.20454,0.44232,36.57,34.13,97.48,0.7104
30533,TRACKING,-0.42124,0.57531,-0.06951,0.87825,0.35717,0.50000,1.53214,-1.65694,0.1149,0.558,1.4839,-1.6077,0.6397,-1.4947,0.24203,0.45109,30.72,31.82,111.59,0.7349
30543,TRACKING,-0.52225,0.51652,-0.11860,0.86466,0.37435,0.50000,1.59529,-1.72712,0.0239,1.045,1.5856,-1.7166,0.6064,-1.4947,0.27998,0.46025,29.47,28.74,88.74,0.7583
30553,TRACKING,-0.34852,0.56072,0.11072,0.90265,0.30809,0.50000,1.35920,-1.48239,0.1026,0.557,1.4033,-1.5254,0.5998,-1.4947,0.31973,0.46447,26.07,27.80,109.78,0.6529
30563,TRACKING,0.08767,0.64388,0.60117,0.98541,0.20000,0.50000,0.99602,-1.19968,0.0373,0.654,1.0142,-1.2128,0.6452,-1.4947,0.29873,0.45003,38.86,35.35,89.43,0.6876
30573,TRACKING,0.31523,0.68194,0.73877,1.00521,0.20000,0.50000,0.99602,-1.19968,0.0102,0.699,1.0026,-1.2075,0.7547,-1.4947,0.25455,0.43291,43.24,43.19,82.31,0.7551
30583,TRACKING,0.28125,0.68274,0.67507,1.01244,0.20000,0.50000,0.99602,-1.19968,0.0102,0.788,1.0026,-1.2075,0.7468,-1.4947,0.21461,0.42353,40.31,41.48,85.69,0.7366
30593,TRACKING,0.03999,0.64755,0.37650,0.95582,0.21507,0.50000,1.04586,-1.23178,0.0496,0.724,1.0199,-1.2172,0.6788,-1.4947,0.19740,0.43772,34.31,35.15,108.50,0.6329
30603,TRACKING,-0.20357,0.58308,0.19638,0.90118,0.27811,0.50000,1.25688,-1.39127,0.0213,0.585,1.2470,-1.3833,0.6891,-1.4947,0.22174,0.44688,38.32,37.45,113.67,0.6165
30613,TRACKING,-0.00273,0.61413,0.46452,0.95988,0.20000,0.50000,0.99602,-1.19968,0.0541,0.736,1.0229,-1.2178,0.6624,-1.4947,0.24172,0.44494,37.15,35.53,99.73,0.6380
30623,TRACKING,0.37226,0.67450,0.81645,0.99986,0.20000,0.50000,0.99602,-1.19968,0.0087,0.720,1.0018,-1.2062,0.6954,-0.3303,0.19676,0.43649,34.19,35.80,75.30,0.7871
30633,TRACKING,0.40600,0.67233,0.81977,0.99883,0.20000,0.50000,0.99602,-1.19968,0.0087,1.125,1.0018,-1.2062,0.6773,-0.0380,0.19848,0.44035,36.26,35.24,75.76,0.7879
30643,TRACKING,0.28428,0.73226,0.66163,1.06889,0.20000,0.50000,0.99602,-1.19968,0.0087,0.806,1.0018,-1.2062,0.6277,-0.8846,0.19837,0.44017,27.66,29.81,77.31,0.7853
30653,TRACKING,0.20301,0.75009,0.61075,1.07582,0.20000,0.50000,0.99602,-1.19968,0.0087,1.112,1.0018,-1.2062,0.5480,-1.4739,0.20118,0.44775,22.20,23.33,78.13,0.7774
30663,TRACKING,0.13694,0.75025,0.54046,1.07097,0.20000,0.50000,0.99602,-1.19968,0.0087,0.681,1.0018,-1.2062,0.4277,-1.4944,0.20357,0.45734,11.34,12.41,82.41,0.7578
30673,TRACKING,0.10841,0.74495,0.52112,1.06876,0.20000,0.50000,0.99602,-1.19968,0.0087,0.760,1.0018,-1.2062,0.4675,-1.4944,0.20491,0.46704,22.48,19.83,83.36,0.7526
30683,TRACKING,0.11862,0.69340,0.54449,0.99569,0.20000,0.50000,0.99602,-1.19968,0.0087,0.673,1.0018,-1.2062,0.7574,-1.4535,0.20242,0.45217,52.30,48.26,95.96,0.6844
30693,TRACKING,0.12417,0.64624,0.53355,0.96528,0.20000,0.50000,0.99602,-1.19968,0.0087,2.663,1.0018,-1.2062,0.8456,-0.9434,0.19586,0.43438,52.80,51.70,100.07,0.6525
30703,TRACKING,0.11037,0.61314,0.52088,0.93117,0.20000,0.50000,0.99602,-1.19968,0.0087,0.771,1.0018,-1.2062,0.9292,0.4346,0.18909,0.42290,60.75,59.56,107.89,0.6167
30713,TRACKING,0.10661,0.59957,0.52029,0.92181,0.20000,0.50000,0.99602,-1.19968,0.0087,0.920,1.0018,-1.2062,0.9345,0.4503,0.18703,0.42002,60.09,59.13,109.11,0.6074
30723,TRACKING,0.11097,0.58955,0.52478,0.91373,0.20000,0.50000,0.99602,-1.19968,0.0087,0.741,1.0018,-1.2062,0.9378,0.4898,0.18700,0.41995,59.22,59.57,109.41,0.6002
30733,TRACKING,0.10364,0.58665,0.51372,0.90764,0.20000,0.50000,0.99602,-1.19968,0.0087,0.791,1.0018,-1.2062,0.9299,0.4102,0.18769,0.42088,61.25,59.07,111.87,0.5923
30743,TRACKING,0.10076,0.58850,0.51156,0.91034,0.20000,0.50000,0.99602,-1.19968,0.0087,0.756,1.0018,-1.2062,0.9649,0.6643,0.18660,0.41955,64.82,62.81,110.85,0.5946
30753,TRACKING,0.08338,0.58916,0.48793,0.91283,0.20000,0.50000,0.99602,-1.19968,0.0087,0.776,1.0018,-1.2062,0.9770,0.4242,0.18467,0.41701,61.92,62.71,109.70,0.5936
30763,TRACKING,0.08395,0.58702,0.50212,0.91078,0.20000,0.50000,0.99602,-1.19968,0.0087,1.110,1.0018,-1.2062,0.9900,1.1358,0.18388,0.41604,64.27,64.50,108.99,0.5935
30773,TRACKING,0.03976,0.56532,0.43654,0.87778,0.20000,0.50000,0.99602,-1.19968,0.0087,0.794,1.0018,-1.2062,0.8923,0.9142,0.18412,0.41641,48.36,51.72,116.80,0.5543
30783,TRACKING,-0.02195,0.47082,0.37561,0.76275,0.21538,0.50000,1.04689,-1.23247,0.0280,0.701,1.0326,-1.2238,0.5085,-0.9425,0.19416,0.43117,4.99,12.80,137.59,0.4404
30793,TRACKING,0.03658,0.27742,0.48235,0.53601,0.20000,0.46642,0.95964,-1.07431,0.0950,1.282,0.9795,-1.1277,0.2485,-1.4769,0.21069,0.44805,0.00,-6.85,157.65,0.2230
30803,LOST_SHORT,0.12035,0.08120,0.59169,0.25745,0.20000,0.36892,0.91156,-0.75757,0.2377,0.863,0.9316,-0.8988,0.2485,-1.4769,0.19988,0.40228,0.00,-6.85,110.60,0.0000
30813,LOST_LONG,0.12035,0.08120,0.59169,0.25745,0.20000,0.36892,0.91156,-0.75757,0.2377,0.863,0.9316,-0.8988,0.2485,-1.4769,0.20094,0.39045,0.00,-6.85,121.30,0.0000
30823,LOST_LONG,0.12035,0.08120,0.59169,0.25745,0.20000,0.36892,0.91156,-0.75757,0.2377,0.863,1.0689,-0.9207,0.1889,-1.1225,0.20097,0.39062,0.00,-6.85,143.69,0.0000
30833,LOST_LONG,0.12035,0.08120,0.59169,0.25745,0.20000,0.36892,0.91156,-0.75757,0.2377,0.863,1.4760,-0.9798,0.0121,-0.0722,0.24566,0.39623,0.00,-6.85,161.59,0.0000
30843,LOST_LONG,0.12035,0.08120,0.59169,0.25745,0.20000,0.36892,0.91156,-0.75757,0.2377,0.863,1.4917,-0.9798,0.0121,-0.0106,0.28859,0.35997,0.00,-6.85,173.54,0.0000
30853,TRACKING,-0.13273,0.23754,0.27393,0.58314,0.25096,0.48291,1.14895,-1.25299,0.0493,1.751,1.1405,-1.2247,0.1150,1.4909,0.29885,0.37396,-14.80,-15.42,174.74,0.2942
30863,LOST_SHORT,-0.14109,0.26616,0.27068,0.59496,0.25210,0.48705,1.15656,-1.27127,0.0109,0.790,1.1493,-1.2664,0.1150,1.4945,0.26060,0.45213,0.00,-15.42,172.70,0.0000
30873,LOST_LONG,-0.14109,0.26616,0.27068,0.59496,0.25210,0.48705,1.15656,-1.27127,0.0109,0.790,1.1493,-1.2664,0.1150,1.4945,0.25142,0.47673,0.00,-15.42,148.56,0.0000
30883,LOST_LONG,-0.14109,0.26616,0.27068,0.59496,0.25210,0.48705,1.15656,-1.27127,0.0109,0.790,1.3483,-1.1113,0.0505,0.6561,0.25240,0.47567,0.00,-15.42,129.30,0.0000
30893,LOST_LONG,-0.14109,0.26616,0.27068,0.59496,0.25210,0.48705,1.15656,-1.27127,0.0109,0.790,1.4908,-1.0003,0.0128,0.0422,0.30917,0.38268,0.00,-15.42,115.37,0.0000
30903,LOST_LONG,-0.14109,0.26616,0.27068,0.59496,0.25210,0.48705,1.15656,-1.27127,0.0109,0.790,1.4908,-1.0003,0.0128,0.0107,0.33260,0.30371,0.00,-15.42,100.80,0.0000
30913,LOST_LONG,-0.14109,0.26616,0.27068,0.59496,0.25210,0.48705,1.15656,-1.27127,0.0109,0.790,1.4908,-1.0003,0.0128,0.0107,0.33833,0.29232,0.00,-15.42,132.22,0.0000
30923,LOST_LONG,-0.14109,0.26616,0.27068,0.59496,0.25210,0.48705,1.15656,-1.27127,0.0109,0.790,1.4908,-1.0003,0.0128,0.0107,0.33837,0.29243,0.00,-15.42,130.27,0.0000
30933,LOST_LONG,-0.14109,0.26616,0.27068,0.59496,0.25210,0.48705,1.15656,-1.27127,0.0109,0.790,1.4908,-1.0003,0.0128,0.0107,0.33835,0.29232,0.00,-15.42,130.11,0.0000
30943,LOST_LONG,-0.14109,0.26616,0.27068,0.59496,0.25210,0.48705,1.15656,-1.27127,0.0109,0.790,1.4908,-1.0003,0.0128,0.0107,0.33837,0.29239,0.00,-15.42,132.81,0.0000
30953,LOST_LONG,-0.14109,0.26616,0.27068,0.59496,0.25210,0.48705,1.15656,-1.27127,0.0109,0.790,1.4908,-1.0003,0.0128,0.0107,0.33835,0.29228,0.00,-15.42,133.11,0.0000
30963,LOST_LONG,-0.14109,0.26616,0.27068,0.59496,0.25210,0.48705,1.15656,-1.27127,0.0109,0.790,1.4908,-1.0003,0.0128,0.0107,0.33839,0.29251,0.00,-15.42,133.40,0.0000
30973,LOST_LONG,-0.14109,0.26616,0.27068,0.59496,0.25210,0.48705,1.15656,-1.27127,0.0109,0.790,1.4908,-1.0003,0.0128,0.0107,0.33835,0.29228,0.00,-15.42,132.75,0.0000
30983,LOST_LONG,-0.14109,0.26616,0.27068,0.59496,0.25210,0.48705,1.15656,-1.27127,0.0109,0.790,1.4908,-1.0003,0.0128,0.0107,0.33835,0.29232,0.00,-15.42,124.38,0.0000
30993,LOST_LONG,-0.14109,0.26616,0.27068,0.59496,0.25210,0.48705,1.15656,-1.27127,0.0109,0.790,1.4908,-1.0003,0.0128,0.0107,0.33835,0.29228,0.00,-15.42,89.44,0.0000
31003,LOST_LONG,-0.14109,0.26616,0.27068,0.59496,0.25210,0.48705,1.15656,-1.27127,0.0109,0.790,1.4908,-1.0003,0.0128,0.0107,0.33835,0.29231,0.00,-15.42,90.24,0.0000
31013,LOST_LONG,-0.14109,0.26616,0.27068,0.59496,0.25210,0.48705,1.15656,-1.27127,0.0109,0.790,1.4908,-1.0003,0.0128,0.0107,0.33836,0.29233,0.00,-15.42,89.92,0.0000
31023,LOST_LONG,-0.14109,0.26616,0.27068,0.59496,0.25210,0.48705,1.15656,-1.27127,0.0109,0.790,1.4908,-1.0003,0.0128,0.0107,0.33835,0.29228,0.00,-15.42,90.54,0.0000
31033,LOST_LONG,-0.14109,0.26616,0.27068,0.59496,0.25210,0.48705,1.15656,-1.27127,0.0109,0.790,1.4908,-1.0003,0.0128,0.0107,0.33834,0.29225,0.00,-15.42,88.90,0.0000
31043,LOST_LONG,-0.14109,0.26616,0.27068,0.59496,0.25210,0.48705,1.15656,-1.27127,0.0109,0.790,1.4908,-1.0003,0.0128,0.0107,0.33835,0.29229,0.00,-15.42,91.85,0.0000
31053,LOST_LONG,-0.14109,0.26616,0.27068,0.59496,0.25210,0.48705,1.15656,-1.27127,0.0109,0.790,1.4908,-1.0003,0.0128,0.0107,0.33836,0.29234,0.00,-15.42,90.77,0.0000
31063,LOST_LONG,-0.14109,0.26616,0.27068,0.59496,0.25210,0.48705,1.15656,-1.27127,0.0109,0.790,1.4908,-1.0003,0.0128,0.0107,0.33834,0.29226,0.00,-15.42,89.39,0.0000
31073,LOST_LONG,-0.14109,0.26616,0.27068,0.59496,0.25210,0.48705,1.15656,-1.27127,0.0109,0.790,1.4908,-1.0003,0.0128,0.0107,0.33837,0.29243,0.00,-15.42,107.21,0.0000
31083,LOST_LONG,-0.14109,0.26616,0.27068,0.59496,0.25210,0.48705,1.15656,-1.27127,0.0109,0.790,1.4908,-1.0003,0.0128,0.0107,0.33835,0.29228,0.00,-15.42,118.21,0.0000
31093,LOST_LONG,-0.14109,0.26616,0.27068,0.59496,0.25210,0.48705,1.15656,-1.27127,0.0109,0.790,1.4908,-1.0003,0.0128,0.0107,0.33837,0.29243,0.00,-15.42,129.60,0.0000
31103,LOST_LONG,-0.14109,0.26616,0.27068,0.59496,0.25210,0.48705,1.15656,-1.27127,0.0109,0.790,1.4908,-1.0003,0.0128,0.0107,0.33836,0.29232,0.00,-15.42,131.70,0.0000
31113,LOST_LONG,-0.14109,0.26616,0.27068,0.59496,0.25210,0.48705,1.15656,-1.27127,0.0109,0.790,1.4908,-1.0003,0.0128,0.0107,0.33835,0.29232,0.00,-15.42,137.82,0.0000
31123,LOST_LONG,-0.14109,0.26616,0.27068,0.59496,0.25210,0.48705,1.15656,-1.27127,0.0109,0.790,1.4908,-1.0003,0.0128,0.0107,0.33837,0.29240,0.00,-15.42,137.55,0.0000
31133,LOST_LONG,-0.14109,0.26616,0.27068,0.59496,0.25210,0.48705,1.15656,-1.27127,0.0109,0.790,1.4908,-1.0003,0.0128,0.0107,0.33836,0.29238,0.00,-15.42,137.37,0.0000
31143,LOST_LONG,-0.14109,0.26616,0.27068,0.59496,0.25210,0.48705,1.15656,-1.27127,0.0109,0.790,1.4908,-1.0003,0.0128,0.0107,0.33836,0.29235,0.00,-15.42,138.26,0.0000
31153,LOST_LONG,-0.14109,0.26616,0.27068,0.59496,0.25210,0.48705,1.15656,-1.27127,0.0109,0.790,1.4908,-1.0003,0.0128,0.0107,0.33835,0.29229,0.00,-15.42,137.21,0.0000
31163,LOST_LONG,-0.14109,0.26616,0.27068,0.59496,0.25210,0.48705,1.15656,-1.27127,0.0109,0.790,1.4908,-1.0003,0.0128,0.0107,0.33835,0.29230,0.00,-15.42,135.75,0.0000
31173,LOST_LONG,-0.14109,0.26616,0.27068,0.59496,0.25210,0.48705,1.15656,-1.27127,0.0109,0.790,1.4908,-1.0003,0.0128,0.0107,0.33835,0.29228,0.00,-15.42,135.20,0.0000
31183,LOST_LONG,-0.14109,0.26616,0.27068,0.59496,0.25210,0.48705,1.15656,-1.27127,0.0109,0.790,1.4908,-1.0003,0.0128,0.0107,0.33835,0.29230,0.00,-15.42,137.14,0.0000
31193,LOST_LONG,-0.14109,0.26616,0.27068,0.59496,0.25210,0.48705,1.15656,-1.27127,0.0109,0.790,1.4908,-1.0003,0.0128,0.0107,0.33836,0.29234,0.00,-15.42,136.07,0.0000
31203,LOST_LONG,-0.14109,0.26616,0.27068,0.59496,0.25210,0.48705,1.15656,-1.27127,0.0109,0.790,1.4908,-1.0003,0.0128,0.0107,0.33836,0.29234,0.00,-15.42,136.67,0.0000
31213,LOST_LONG,-0.14109,0.26616,0.27068,0.59496,0.25210,0.48705,1.15656,-1.27127,0.0109,0.790,1.4908,-1.0003,0.0128,0.0107,0.33837,0.29241,0.00,-15.42,134.74,0.0000
31223,LOST_LONG,-0.14109,0.26616,0.27068,0.59496,0.25210,0.48705,1.15656,-1.27127,0.0109,0.790,1.4908,-1.0003,0.0128,0.0107,0.33835,0.29228,0.00,-15.42,135.22,0.0000
31233,LOST_LONG,-0.14109,0.26616,0.27068,0.59496,0.25210,0.48705,1.15656,-1.27127,0.0109,0.790,1.4908,-1.0003,0.0128,0.0107,0.33836,0.29237,0.00,-15.42,135.42,0.0000
31243,LOST_LONG,-0.14109,0.26616,0.27068,0.59496,0.25210,0.48705,1.15656,-1.27127,0.0109,0.790,1.4908,-1.0003,0.0128,0.0107,0.33839,0.29251,0.00,-15.42,135.28,0.0000
31253,LOST_LONG,-0.14109,0.26616,0.27068,0.59496,0.25210,0.48705,1.15656,-1.27127,0.0109,0.790,1.4908,-1.0003,0.0128,0.0107,0.33835,0.29227,0.00,-15.42,135.46,0.0000
31263,LOST_LONG,-0.14109,0.26616,0.27068,0.59496,0.25210,0.48705,1.15656,-1.27127,0.0109,0.790,1.4908,-1.0003,0.0128,0.0107,0.33837,0.29243,0.00,-15.42,135.39,0.0000
31273,LOST_LONG,-0.14109,0.26616,0.27068,0.59496,0.25210,0.48705,1.15656,-1.27127,0.0109,0.790,1.4908,-1.0003,0.0128,0.0107,0.33835,0.29232,0.00,-15.42,134.22,0.0000
31283,LOST_LONG,-0.14109,0.26616,0.27068,0.59496,0.25210,0.48705,1.15656,-1.27127,0.0109,0.790,1.4908,-1.0003,0.0128,0.0107,0.33835,0.29230,0.00,-15.42,135.07,0.0000
31293,LOST_LONG,-0.14109,0.26616,0.27068,0.59496,0.25210,0.48705,1.15656,-1.27127,0.0109,0.790,1.4908,-1.0003,0.0128,0.0107,0.33839,0.29251,0.00,-15.42,133.95,0.0000
31303,LOST_LONG,-0.14109,0.26616,0.27068,0.59496,0.25210,0.48705,1.15656,-1.27127,0.0109,0.790,1.4908,-1.0003,0.0128,0.0107,0.33836,0.29233,0.00,-15.42,137.22,0.0000
31313,LOST_LONG,-0.14109,0.26616,0.27068,0.59496,0.25210,0.48705,1.15656,-1.27127,0.0109,0.790,1.4908,-1.0003,0.0128,0.0107,0.33835,0.29232,0.00,-15.42,135.97,0.0000
31323,LOST_LONG,-0.14109,0.26616,0.27068,0.59496,0.25210,0.48705,1.15656,-1.27127,0.0109,0.790,1.4908,-1.0003,0.0128,0.0107,0.33839,0.29251,0.00,-15.42,138.10,0.0000
31333,LOST_LONG,-0.14109,0.26616,0.27068,0.59496,0.25210,0.48705,1.15656,-1.27127,0.0109,0.790,1.4908,-1.0003,0.0128,0.0107,0.33837,0.29243,0.00,-15.42,139.29,0.0000
31343,LOST_LONG,-0.14109,0.26616,0.27068,0.59496,0.25210,0.48705,1.15656,-1.27127,0.0109,0.790,1.4908,-1.0003,0.0128,0.0107,0.33835,0.29227,0.00,-15.42,138.22,0.0000
31353,LOST_LONG,-0.14109,0.26616,0.27068,0.59496,0.25210,0.48705,1.15656,-1.27127,0.0109,0.790,1.4908,-1.0003,0.0128,0.0107,0.33834,0.29226,0.00,-15.42,135.20,0.0000
31363,LOST_LONG,-0.14109,0.26616,0.27068,0.59496,0.25210,0.48705,1.15656,-1.27127,0.0109,0.790,1.4908,-1.0003,0.0128,0.0107,0.33837,0.29239,0.00,-15.42,136.42,0.0000
31373,LOST_LONG,-0.14109,0.26616,0.27068,0.59496,0.25210,0.48705,1.15656,-1.27127,0.0109,0.790,1.4908,-1.0003,0.0128,0.0107,0.33839,0.29251,0.00,-15.42,136.48,0.0000
31383,LOST_LONG,-0.14109,0.26616,0.27068,0.59496,0.25210,0.48705,1.15656,-1.27127,0.0109,0.790,1.4908,-1.0003,0.0128,0.0107,0.33836,0.29238,0.00,-15.42,136.66,0.0000
31393,LOST_LONG,-0.14109,0.26616,0.27068,0.59496,0.25210,0.48705,1.15656,-1.27127,0.0109,0.790,1.4908,-1.0003,0.0128,0.0107,0.33836,0.29233,0.00,-15.42,137.47,0.0000
31403,LOST_LONG,-0.14109,0.26616,0.27068,0.59496,0.25210,0.48705,1.15656,-1.27127,0.0109,0.790,1.4908,-1.0003,0.0128,0.0107,0.33837,0.29241,0.00,-15.42,139.82,0.0000
31413,LOST_LONG,-0.14109,0.26616,0.27068,0.59496,0.25210,0.48705,1.15656,-1.27127,0.0109,0.790,1.4908,-1.0003,0.0128,0.0107,0.33834,0.29223,0.00,-15.42,135.70,0.0000
31423,LOST_LONG,-0.14109,0.26616,0.27068,0.59496,0.25210,0.48705,1.15656,-1.27127,0.0109,0.790,1.4908,-1.0003,0.0128,0.0107,0.33835,0.29231,0.00,-15.42,139.34,0.0000
31433,LOST_LONG,-0.14109,0.26616,0.27068,0.59496,0.25210,0.48705,1.15656,-1.27127,0.0109,0.790,1.4908,-1.0003,0.0128,0.0107,0.33834,0.29225,0.00,-15.42,138.82,0.0000
31443,LOST_LONG,-0.14109,0.26616,0.27068,0.59496,0.25210,0.48705,1.15656,-1.27127,0.0109,0.790,1.4908,-1.0003,0.0128,0.0107,0.33839,0.29251,0.00,-15.42,137.79,0.0000
31453,LOST_LONG,-0.14109,0.26616,0.27068,0.59496,0.25210,0.48705,1.15656,-1.27127,0.0109,0.790,1.4908,-1.0003,0.0128,0.0107,0.33835,0.29227,0.00,-15.42,138.62,0.0000
31463,LOST_LONG,-0.14109,0.26616,0.27068,0.59496,0.25210,0.48705,1.15656,-1.27127,0.0109,0.790,1.4908,-1.0003,0.0128,0.0107,0.33835,0.29229,0.00,-15.42,137.97,0.0000
31473,LOST_LONG,-0.14109,0.26616,0.27068,0.59496,0.25210,0.48705,1.15656,-1.27127,0.0109,0.790,1.4908,-1.0003,0.0128,0.0107,0.33838,0.29248,0.00,-15.42,139.77,0.0000
31483,LOST_LONG,-0.14109,0.26616,0.27068,0.59496,0.25210,0.48705,1.15656,-1.27127,0.0109,0.790,1.4908,-1.0003,0.0128,0.0107,0.33835,0.29230,0.00,-15.42,138.16,0.0000
31493,LOST_LONG,-0.14109,0.26616,0.27068,0.59496,0.25210,0.48705,1.15656,-1.27127,0.0109,0.790,1.4908,-1.0003,0.0128,0.0107,0.33837,0.29239,0.00,-15.42,137.55,0.0000
31503,LOST_LONG,-0.14109,0.26616,0.27068,0.59496,0.25210,0.48705,1.15656,-1.27127,0.0109,0.790,1.4908,-1.0003,0.0128,0.0107,0.33835,0.29229,0.00,-15.42,137.67,0.0000
31513,LOST_LONG,-0.14109,0.26616,0.27068,0.59496,0.25210,0.48705,1.15656,-1.27127,0.0109,0.790,1.4908,-1.0003,0.0128,0.0107,0.33839,0.29251,0.00,-15.42,136.59,0.0000
31523,LOST_LONG,-0.14109,0.26616,0.27068,0.59496,0.25210,0.48705,1.15656,-1.27127,0.0109,0.790,1.4908,-1.0003,0.0128,0.0107,0.33835,0.29232,0.00,-15.42,139.77,0.0000
31533,LOST_LONG,-0.14109,0.26616,0.27068,0.59496,0.25210,0.48705,1.15656,-1.27127,0.0109,0.790,1.4908,-1.0003,0.0128,0.0107,0.33835,0.29227,0.00,-15.42,135.69,0.0000
31543,LOST_LONG,-0.14109,0.26616,0.27068,0.59496,0.25210,0.48705,1.15656,-1.27127,0.0109,0.790,1.4908,-1.0003,0.0128,0.0107,0.33836,0.29233,0.00,-15.42,138.90,0.0000
31553,LOST_LONG,-0.14109,0.26616,0.27068,0.59496,0.25210,0.48705,1.15656,-1.27127,0.0109,0.790,1.4908,-1.0003,0.0128,0.0107,0.33836,0.29238,0.00,-15.42,139.56,0.0000
31563,LOST_LONG,-0.14109,0.26616,0.27068,0.59496,0.25210,0.48705,1.15656,-1.27127,0.0109,0.790,1.4908,-1.0003,0.0128,0.0107,0.33835,0.29230,0.00,-15.42,135.71,0.0000
31573,LOST_LONG,-0.14109,0.26616,0.27068,0.59496,0.25210,0.48705,1.15656,-1.27127,0.0109,0.790,1.4908,-1.0003,0.0128,0.0107,0.33836,0.29238,0.00,-15.42,136.37,0.0000
31583,LOST_LONG,-0.14109,0.26616,0.27068,0.59496,0.25210,0.48705,1.15656,-1.27127,0.0109,0.790,1.4908,-1.0003,0.0128,0.0107,0.33839,0.29251,0.00,-15.42,138.57,0.0000
31593,LOST_LONG,-0.14109,0.26616,0.27068,0.59496,0.25210,0.48705,1.15656,-1.27127,0.0109,0.790,1.4908,-1.0003,0.0128,0.0107,0.33835,0.29228,0.00,-15.42,136.57,0.0000
31603,LOST_LONG,-0.14109,0.26616,0.27068,0.59496,0.25210,0.48705,1.15656,-1.27127,0.0109,0.790,1.4908,-1.0003,0.0128,0.0107,0.33834,0.29223,0.00,-15.42,138.48,0.0000
31613,LOST_LONG,-0.14109,0.26616,0.27068,0.59496,0.25210,0.48705,1.15656,-1.27127,0.0109,0.790,1.4908,-1.0003,0.0128,0.0107,0.33836,0.29237,0.00,-15.42,135.01,0.0000
31623,LOST_LONG,-0.14109,0.26616,0.27068,0.59496,0.25210,0.48705,1.15656,-1.27127,0.0109,0.790,1.4908,-1.0003,0.0128,0.0107,0.33835,0.29229,0.00,-15.42,133.32,0.0000
31633,LOST_LONG,-0.14109,0.26616,0.27068,0.59496,0.25210,0.48705,1.15656,-1.27127,0.0109,0.790,1.4908,-1.0003,0.0128,0.0107,0.33835,0.29229,0.00,-15.42,131.52,0.0000
31643,LOST_LONG,-0.14109,0.26616,0.27068,0.59496,0.25210,0.48705,1.15656,-1.27127,0.0109,0.790,1.4908,-1.0003,0.0128,0.0107,0.33837,0.29242,0.00,-15.42,117.66,0.0000
31653,LOST_LONG,-0.14109,0.26616,0.27068,0.59496,0.25210,0.48705,1.15656,-1.27127,0.0109,0.790,1.4908,-1.0003,0.0128,0.0107,0.33835,0.29232,0.00,-15.42,125.77,0.0000
31663,LOST_LONG,-0.14109,0.26616,0.27068,0.59496,0.25210,0.48705,1.15656,-1.27127,0.0109,0.790,1.4908,-1.0003,0.0128,0.0107,0.33835,0.29230,0.00,-15.42,129.81,0.0000
31673,LOST_LONG,-0.14109,0.26616,0.27068,0.59496,0.25210,0.48705,1.15656,-1.27127,0.0109,0.790,1.4908,-1.0003,0.0128,0.0107,0.33836,0.29233,0.00,-15.42,155.46,0.0000
31683,LOST_LONG,-0.14109,0.26616,0.27068,0.59496,0.25210,0.48705,1.15656,-1.27127,0.0109,0.790,1.4908,-1.0003,0.0128,0.0107,0.33837,0.29239,0.00,-15.42,0.00,0.0000
31693,LOST_LONG,-0.14109,0.26616,0.27068,0.59496,0.25210,0.48705,1.15656,-1.27127,0.0109,0.790,1.4908,-1.0003,0.0128,0.0107,0.33835,0.29230,0.00,-15.42,0.00,0.0000
31703,LOST_LONG,-0.14109,0.26616,0.27068,0.59496,0.25210,0.48705,1.15656,-1.27127,0.0109,0.790,1.4908,-1.0003,0.0128,0.0107,0.33837,0.29239,0.00,-15.42,0.00,0.0000
31713,LOST_LONG,-0.14109,0.26616,0.27068,0.59496,0.25210,0.48705,1.15656,-1.27127,0.0109,0.790,1.4908,-1.0003,0.0128,0.0107,0.33835,0.29229,0.00,-15.42,0.00,0.0000
31723,LOST_LONG,-0.14109,0.26616,0.27068,0.59496,0.25210,0.48705,1.15656,-1.27127,0.0109,0.790,1.4908,-1.0003,0.0128,0.0107,0.33836,0.29234,0.00,-15.42,0.00,0.0000
31733,LOST_LONG,-0.14109,0.26616,0.27068,0.59496,0.25210,0.48705,1.15656,-1.27127,0.0109,0.790,1.4908,-1.0003,0.0128,0.0107,0.33835,0.29227,0.00,-15.42,0.00,0.0000
31743,LOST_LONG,-0.14109,0.26616,0.27068,0.59496,0.25210,0.48705,1.15656,-1.27127,0.0109,0.790,1.4908,-1.0003,0.0128,0.0107,0.33837,0.29244,0.00,-15.42,0.00,0.0000
31753,LOST_LONG,-0.14109,0.26616,0.27068,0.59496,0.25210,0.48705,1.15656,-1.27127,0.0109,0.790,1.4908,-1.0003,0.0128,0.0107,0.33839,0.29251,0.00,-15.42,0.00,0.0000
31763,LOST_LONG,-0.14109,0.26616,0.27068,0.59496,0.25210,0.48705,1.15656,-1.27127,0.0109,0.790,1.4908,-1.0003,0.0128,0.0107,0.33835,0.29232,0.00,-15.42,0.00,0.0000
31773,LOST_LONG,-0.14109,0.26616,0.27068,0.59496,0.25210,0.48705,1.15656,-1.27127,0.0109,0.790,1.4908,-1.0003,0.0128,0.0107,0.33836,0.29233,0.00,-15.42,0.00,0.0000
31783,LOST_LONG,-0.14109,0.26616,0.27068,0.59496,0.25210,0.48705,1.15656,-1.27127,0.0109,0.790,1.4908,-1.0003,0.0128,0.0107,0.33835,0.29229,0.00,-15.42,0.00,0.0000
31793,LOST_LONG,-0.14109,0.26616,0.27068,0.59496,0.25210,0.48705,1.15656,-1.27127,0.0109,0.790,1.4908,-1.0003,0.0128,0.0107,0.33835,0.29230,0.00,-15.42,0.00,0.0000
31803,LOST_LONG,-0.14109,0.26616,0.27068,0.59496,0.25210,0.48705,1.15656,-1.27127,0.0109,0.790,1.4908,-1.0003,0.0128,0.0107,0.33837,0.29242,0.00,-15.42,0.00,0.0000
31813,LOST_LONG,-0.14109,0.26616,0.27068,0.59496,0.25210,0.48705,1.15656,-1.27127,0.0109,0.790,1.4908,-1.0003,0.0128,0.0107,0.33836,0.29234,0.00,-15.42,0.00,0.0000
31823,LOST_LONG,-0.14109,0.26616,0.27068,0.59496,0.25210,0.48705,1.15656,-1.27127,0.0109,0.790,1.4908,-1.0003,0.0128,0.0107,0.33836,0.29233,0.00,-15.42,0.00,0.0000
31833,LOST_LONG,-0.14109,0.26616,0.27068,0.59496,0.25210,0.48705,1.15656,-1.27127,0.0109,0.790,1.4908,-1.0003,0.0128,0.0107,0.33835,0.29231,0.00,-15.42,0.00,0.0000
31843,LOST_LONG,-0.14109,0.26616,0.27068,0.59496,0.25210,0.48705,1.15656,-1.27127,0.0109,0.790,1.4908,-1.0003,0.0128,0.0107,0.33838,0.29245,0.00,-15.42,0.00,0.0000
31853,LOST_LONG,-0.14109,0.26616,0.27068,0.59496,0.25210,0.48705,1.15656,-1.27127,0.0109,0.790,1.4908,-1.0003,0.0128,0.0107,0.33838,0.29246,0.00,-15.42,0.00,0.0000
31863,LOST_LONG,-0.14109,0.26616,0.27068,0.59496,0.25210,0.48705,1.15656,-1.27127,0.0109,0.790,1.4908,-1.0003,0.0128,0.0107,0.33837,0.29244,0.00,-15.42,0.00,0.0000
31873,LOST_LONG,-0.14109,0.26616,0.27068,0.59496,0.25210,0.48705,1.15656,-1.27127,0.0109,0.790,1.4908,-1.0003,0.0128,0.0107,0.33836,0.29238,0.00,-15.42,0.00,0.0000
31883,LOST_LONG,-0.14109,0.26616,0.27068,0.59496,0.25210,0.48705,1.15656,-1.27127,0.0109,0.790,1.4908,-1.0003,0.0128,0.0107,0.33837,0.29240,0.00,-15.42,0.00,0.0000
31893,LOST_LONG,-0.14109,0.26616,0.27068,0.59496,0.25210,0.48705,1.15656,-1.27127,0.0109,0.790,1.4908,-1.0003,0.0128,0.0107,0.33835,0.29228,0.00,-15.42,0.00,0.0000
31903,LOST_LONG,-0.14109,0.26616,0.27068,0.59496,0.25210,0.48705,1.15656,-1.27127,0.0109,0.790,1.4908,-1.0003,0.0128,0.0107,0.33835,0.29229,0.00,-15.42,0.00,0.0000
31913,LOST_LONG,-0.14109,0.26616,0.27068,0.59496,0.25210,0.48705,1.15656,-1.27127,0.0109,0.790,1.4908,-1.0003,0.0128,0.0107,0.33836,0.29233,0.00,-15.42,0.00,0.0000
31923,LOST_LONG,-0.14109,0.26616,0.27068,0.59496,0.25210,0.48705,1.15656,-1.27127,0.0109,0.790,1.4908,-1.0003,0.0128,0.0107,0.33838,0.29247,0.00,-15.42,0.00,0.0000
31933,LOST_LONG,-0.14109,0.26616,0.27068,0.59496,0.25210,0.48705,1.15656,-1.27127,0.0109,0.790,1.4908,-1.0003,0.0128,0.0107,0.33835,0.29229,0.00,-15.42,0.00,0.0000
31943,LOST_LONG,-0.14109,0.26616,0.27068,0.59496,0.25210,0.48705,1.15656,-1.27127,0.0109,0.790,1.4908,-1.0003,0.0128,0.0107,0.33836,0.29237,0.00,-15.42,0.00,0.0000
31953,LOST_LONG,-0.14109,0.26616,0.27068,0.59496,0.25210,0.48705,1.15656,-1.27127,0.0109,0.790,1.4908,-1.0003,0.0128,0.0107,0.33835,0.29229,0.00,-15.42,0.00,0.0000
31963,LOST_LONG,-0.14109,0.26616,0.27068,0.59496,0.25210,0.48705,1.15656,-1.27127,0.0109,0.790,1.4908,-1.0003,0.0128,0.0107,0.33836,0.29236,0.00,-15.42,0.00,0.0000
31973,LOST_LONG,-0.14109,0.26616,0.27068,0.59496,0.25210,0.48705,1.15656,-1.27127,0.0109,0.790,1.4908,-1.0003,0.0128,0.0107,0.33836,0.29235,0.00,-15.42,0.00,0.0000
31983,LOST_LONG,-0.14109,0.26616,0.27068,0.59496,0.25210,0.48705,1.15656,-1.27127,0.0109,0.790,1.4908,-1.0003,0.0128,0.0107,0.33834,0.29226,0.00,-15.42,0.00,0.0000
31993,LOST_LONG,-0.14109,0.26616,0.27068,0.59496,0.25210,0.48705,1.15656,-1.27127,0.0109,0.790,1.4908,-1.0003,0.0128,0.0107,0.33839,0.29251,0.00,-15.42,0.00,0.0000
32003,LOST_LONG,-0.14109,0.26616,0.27068,0.59496,0.25210,0.48705,1.15656,-1.27127,0.0109,0.790,1.4908,-1.0003,0.0128,0.0107,0.33838,0.29246,0.00,-15.42,0.00,0.0000
32013,LOST_LONG,-0.14109,0.26616,0.27068,0.59496,0.25210,0.48705,1.15656,-1.27127,0.0109,0.790,1.4908,-1.0003,0.0128,0.0107,0.33835,0.29227,0.00,-15.42,0.00,0.0000
32023,LOST_LONG,-0.14109,0.26616,0.27068,0.59496,0.25210,0.48705,1.15656,-1.27127,0.0109,0.790,1.4908,-1.0003,0.0128,0.0107,0.33835,0.29231,0.00,-15.42,0.00,0.0000
32033,LOST_LONG,-0.14109,0.26616,0.27068,0.59496,0.25210,0.48705,1.15656,-1.27127,0.0109,0.790,1.4908,-1.0003,0.0128,0.0107,0.33837,0.29239,0.00,-15.42,0.00,0.0000
32043,LOST_LONG,-0.14109,0.26616,0.27068,0.59496,0.25210,0.48705,1.15656,-1.27127,0.0109,0.790,1.4908,-1.0003,0.0128,0.0107,0.33835,0.29232,0.00,-15.42,0.00,0.0000
32053,LOST_LONG,-0.14109,0.26616,0.27068,0.59496,0.25210,0.48705,1.15656,-1.27127,0.0109,0.790,1.4908,-1.0003,0.0128,0.0107,0.33837,0.29242,0.00,-15.42,119.33,0.0000
32063,LOST_LONG,-0.14109,0.26616,0.27068,0.59496,0.25210,0.48705,1.15656,-1.27127,0.0109,0.790,1.4908,-1.0003,0.0128,0.0107,0.33835,0.29228,0.00,-15.42,0.00,0.0000
32073,LOST_LONG,-0.14109,0.26616,0.27068,0.59496,0.25210,0.48705,1.15656,-1.27127,0.0109,0.790,1.4908,-1.0003,0.0128,0.0107,0.33835,0.29229,0.00,-15.42,0.00,0.0000
32083,LOST_LONG,-0.14109,0.26616,0.27068,0.59496,0.25210,0.48705,1.15656,-1.27127,0.0109,0.790,1.4908,-1.0003,0.0128,0.0107,0.33836,0.29235,0.00,-15.42,0.00,0.0000
32093,LOST_LONG,-0.14109,0.26616,0.27068,0.59496,0.25210,0.48705,1.15656,-1.27127,0.0109,0.790,1.4908,-1.0003,0.0128,0.0107,0.33835,0.29229,0.00,-15.42,0.00,0.0000
32103,LOST_LONG,-0.14109,0.26616,0.27068,0.59496,0.25210,0.48705,1.15656,-1.27127,0.0109,0.790,1.4908,-1.0003,0.0128,0.0107,0.33838,0.29245,0.00,-15.42,0.00,0.0000
32113,LOST_LONG,-0.14109,0.26616,0.27068,0.59496,0.25210,0.48705,1.15656,-1.27127,0.0109,0.790,1.4908,-1.0003,0.0128,0.0107,0.33836,0.29238,0.00,-15.42,0.00,0.0000
32123,LOST_LONG,-0.14109,0.26616,0.27068,0.59496,0.25210,0.48705,1.15656,-1.27127,0.0109,0.790,1.4908,-1.0003,0.0128,0.0107,0.33836,0.29237,0.00,-15.42,130.65,0.0000
32133,LOST_LONG,-0.14109,0.26616,0.27068,0.59496,0.25210,0.48705,1.15656,-1.27127,0.0109,0.790,1.4908,-1.0003,0.0128,0.0107,0.33837,0.29242,0.00,-15.42,135.51,0.0000
32143,LOST_LONG,-0.14109,0.26616,0.27068,0.59496,0.25210,0.48705,1.15656,-1.27127,0.0109,0.790,1.4908,-1.0003,0.0128,0.0107,0.33835,0.29227,0.00,-15.42,138.73,0.0000
32153,LOST_LONG,-0.14109,0.26616,0.27068,0.59496,0.25210,0.48705,1.15656,-1.27127,0.0109,0.790,1.4908,-1.0003,0.0128,0.0107,0.33835,0.29230,0.00,-15.42,0.00,0.0000
32163,LOST_LONG,-0.14109,0.26616,0.27068,0.59496,0.25210,0.48705,1.15656,-1.27127,0.0109,0.790,1.4908,-1.0003,0.0128,0.0107,0.33837,0.29241,0.00,-15.42,135.43,0.0000
32173,LOST_LONG,-0.14109,0.26616,0.27068,0.59496,0.25210,0.48705,1.15656,-1.27127,0.0109,0.790,1.4908,-1.0003,0.0128,0.0107,0.33835,0.29229,0.00,-15.42,0.00,0.0000
32183,LOST_LONG,-0.14109,0.26616,0.27068,0.59496,0.25210,0.48705,1.15656,-1.27127,0.0109,0.790,1.4908,-1.0003,0.0128,0.0107,0.33836,0.29233,0.00,-15.42,128.34,0.0000
32193,LOST_LONG,-0.14109,0.26616,0.27068,0.59496,0.25210,0.48705,1.15656,-1.27127,0.0109,0.790,1.4908,-1.0003,0.0128,0.0107,0.33835,0.29229,0.00,-15.42,154.25,0.0000
32203,LOST_LONG,-0.14109,0.26616,0.27068,0.59496,0.25210,0.48705,1.15656,-1.27127,0.0109,0.790,1.4908,-1.0003,0.0128,0.0107,0.33836,0.29238,0.00,-15.42,150.07,0.0000
32213,LOST_LONG,-0.14109,0.26616,0.27068,0.59496,0.25210,0.48705,1.15656,-1.27127,0.0109,0.790,1.4908,-1.0003,0.0128,0.0107,0.33834,0.29224,0.00,-15.42,150.78,0.0000
32223,LOST_LONG,-0.14109,0.26616,0.27068,0.59496,0.25210,0.48705,1.15656,-1.27127,0.0109,0.790,1.4908,-1.0003,0.0128,0.0107,0.33835,0.29232,0.00,-15.42,0.00,0.0000
32233,LOST_LONG,-0.14109,0.26616,0.27068,0.59496,0.25210,0.48705,1.15656,-1.27127,0.0109,0.790,1.4908,-1.0003,0.0128,0.0107,0.33836,0.29237,0.00,-15.42,0.00,0.0000
32243,LOST_LONG,-0.14109,0.26616,0.27068,0.59496,0.25210,0.48705,1.15656,-1.27127,0.0109,0.790,1.4908,-1.0003,0.0128,0.0107,0.33837,0.29241,0.00,-15.42,142.34,0.0000
32253,LOST_LONG,-0.14109,0.26616,0.27068,0.59496,0.25210,0.48705,1.15656,-1.27127,0.0109,0.790,1.4908,-1.0003,0.0128,0.0107,0.33837,0.29239,0.00,-15.42,137.69,0.0000
32263,LOST_LONG,-0.14109,0.26616,0.27068,0.59496,0.25210,0.48705,1.15656,-1.27127,0.0109,0.790,1.4908,-1.0003,0.0128,0.0107,0.33837,0.29239,0.00,-15.42,138.09,0.0000
32273,LOST_LONG,-0.14109,0.26616,0.27068,0.59496,0.25210,0.48705,1.15656,-1.27127,0.0109,0.790,1.4908,-1.0003,0.0128,0.0107,0.33835,0.29230,0.00,-15.42,138.06,0.0000
32283,LOST_LONG,-0.14109,0.26616,0.27068,0.59496,0.25210,0.48705,1.15656,-1.27127,0.0109,0.790,1.4908,-1.0003,0.0128,0.0107,0.33836,0.29233,0.00,-15.42,138.17,0.0000
32293,LOST_LONG,-0.14109,0.26616,0.27068,0.59496,0.25210,0.48705,1.15656,-1.27127,0.0109,0.790,1.4908,-1.0003,0.0128,0.0107,0.33835,0.29231,0.00,-15.42,139.36,0.0000
32303,LOST_LONG,-0.14109,0.26616,0.27068,0.59496,0.25210,0.48705,1.15656,-1.27127,0.0109,0.790,1.4908,-1.0003,0.0128,0.0107,0.33834,0.29222,0.00,-15.42,138.40,0.0000
32313,LOST_LONG,-0.14109,0.26616,0.27068,0.59496,0.25210,0.48705,1.15656,-1.27127,0.0109,0.790,1.4908,-1.0003,0.0128,0.0107,0.33835,0.29230,0.00,-15.42,138.90,0.0000
32323,LOST_LONG,-0.14109,0.26616,0.27068,0.59496,0.25210,0.48705,1.15656,-1.27127,0.0109,0.790,1.4908,-1.0003,0.0128,0.0107,0.33837,0.29244,0.00,-15.42,137.13,0.0000
32333,LOST_LONG,-0.14109,0.26616,0.27068,0.59496,0.25210,0.48705,1.15656,-1.27127,0.0109,0.790,1.4908,-1.0003,0.0128,0.0107,0.33835,0.29231,0.00,-15.42,151.75,0.0000
32343,LOST_LONG,-0.14109,0.26616,0.27068,0.59496,0.25210,0.48705,1.15656,-1.27127,0.0109,0.790,1.4908,-1.0003,0.0128,0.0107,0.33835,0.29228,0.00,-15.42,153.66,0.0000
32353,LOST_LONG,-0.14109,0.26616,0.27068,0.59496,0.25210,0.48705,1.15656,-1.27127,0.0109,0.790,1.4908,-1.0003,0.0128,0.0107,0.33835,0.29228,0.00,-15.42,153.19,0.0000
32363,LOST_LONG,-0.14109,0.26616,0.27068,0.59496,0.25210,0.48705,1.15656,-1.27127,0.0109,0.790,1.4908,-1.0003,0.0128,0.0107,0.33838,0.29248,0.00,-15.42,156.98,0.0000
32373,LOST_LONG,-0.14109,0.26616,0.27068,0.59496,0.25210,0.48705,1.15656,-1.27127,0.0109,0.790,1.4908,-1.0003,0.0128,0.0107,0.33838,0.29246,0.00,-15.42,158.74,0.0000
32383,LOST_LONG,-0.14109,0.26616,0.27068,0.59496,0.25210,0.48705,1.15656,-1.27127,0.0109,0.790,1.4908,-1.0003,0.0128,0.0107,0.33835,0.29230,0.00,-15.42,153.30,0.0000
32393,LOST_LONG,-0.14109,0.26616,0.27068,0.59496,0.25210,0.48705,1.15656,-1.27127,0.0109,0.790,1.4908,-1.0003,0.0128,0.0107,0.33836,0.29233,0.00,-15.42,155.39,0.0000
32403,LOST_LONG,-0.14109,0.26616,0.27068,0.59496,0.25210,0.48705,1.15656,-1.27127,0.0109,0.790,1.4908,-1.0003,0.0128,0.0107,0.33835,0.29230,0.00,-15.42,153.54,0.0000
32413,LOST_LONG,-0.14109,0.26616,0.27068,0.59496,0.25210,0.48705,1.15656,-1.27127,0.0109,0.790,1.4908,-1.0003,0.0128,0.0107,0.33835,0.29229,0.00,-15.42,160.65,0.0000
32423,LOST_LONG,-0.14109,0.26616,0.27068,0.59496,0.25210,0.48705,1.15656,-1.27127,0.0109,0.790,1.4908,-1.0003,0.0128,0.0107,0.33835,0.29232,0.00,-15.42,155.74,0.0000
32433,LOST_LONG,-0.14109,0.26616,0.27068,0.59496,0.25210,0.48705,1.15656,-1.27127,0.0109,0.790,1.4908,-1.0003,0.0128,0.0107,0.33837,0.29243,0.00,-15.42,155.32,0.0000
32443,LOST_LONG,-0.14109,0.26616,0.27068,0.59496,0.25210,0.48705,1.15656,-1.27127,0.0109,0.790,1.4908,-1.0003,0.0128,0.0107,0.33835,0.29231,0.00,-15.42,156.70,0.0000
32453,LOST_LONG,-0.14109,0.26616,0.27068,0.59496,0.25210,0.48705,1.15656,-1.27127,0.0109,0.790,1.4908,-1.0003,0.0128,0.0107,0.33837,0.29239,0.00,-15.42,155.78,0.0000
32463,LOST_LONG,-0.14109,0.26616,0.27068,0.59496,0.25210,0.48705,1.15656,-1.27127,0.0109,0.790,1.4908,-1.0003,0.0128,0.0107,0.33836,0.29238,0.00,-15.42,162.19,0.0000
32473,LOST_LONG,-0.14109,0.26616,0.27068,0.59496,0.25210,0.48705,1.15656,-1.27127,0.0109,0.790,1.4908,-1.0003,0.0128,0.0107,0.33835,0.29232,0.00,-15.42,160.04,0.0000
32483,LOST_LONG,-0.14109,0.26616,0.27068,0.59496,0.25210,0.48705,1.15656,-1.27127,0.0109,0.790,1.4908,-1.0003,0.0128,0.0107,0.33835,0.29230,0.00,-15.42,153.32,0.0000
32493,LOST_LONG,-0.14109,0.26616,0.27068,0.59496,0.25210,0.48705,1.15656,-1.27127,0.0109,0.790,1.4908,-1.0003,0.0128,0.0107,0.33835,0.29230,0.00,-15.42,157.53,0.0000
32503,LOST_LONG,-0.14109,0.26616,0.27068,0.59496,0.25210,0.48705,1.15656,-1.27127,0.0109,0.790,1.4908,-1.0003,0.0128,0.0107,0.33836,0.29234,0.00,-15.42,155.89,0.0000
32513,LOST_LONG,-0.14109,0.26616,0.27068,0.59496,0.25210,0.48705,1.15656,-1.27127,0.0109,0.790,1.4908,-1.0003,0.0128,0.0107,0.33835,0.29227,0.00,-15.42,155.63,0.0000
32523,LOST_LONG,-0.14109,0.26616,0.27068,0.59496,0.25210,0.48705,1.15656,-1.27127,0.0109,0.790,1.4908,-1.0003,0.0128,0.0107,0.33837,0.29239,0.00,-15.42,157.42,0.0000
32533,LOST_LONG,-0.14109,0.26616,0.27068,0.59496,0.25210,0.48705,1.15656,-1.27127,0.0109,0.790,1.4908,-1.0003,0.0128,0.0107,0.33836,0.29235,0.00,-15.42,156.78,0.0000
32543,LOST_LONG,-0.14109,0.26616,0.27068,0.59496,0.25210,0.48705,1.15656,-1.27127,0.0109,0.790,1.4908,-1.0003,0.0128,0.0107,0.33836,0.29233,0.00,-15.42,153.84,0.0000
32553,LOST_LONG,-0.14109,0.26616,0.27068,0.59496,0.25210,0.48705,1.15656,-1.27127,0.0109,0.790,1.4908,-1.0003,0.0128,0.0107,0.33837,0.29243,0.00,-15.42,152.65,0.0000
32563,LOST_LONG,-0.14109,0.26616,0.27068,0.59496,0.25210,0.48705,1.15656,-1.27127,0.0109,0.790,1.4908,-1.0003,0.0128,0.0107,0.33835,0.29229,0.00,-15.42,134.63,0.0000
32573,LOST_LONG,-0.14109,0.26616,0.27068,0.59496,0.25210,0.48705,1.15656,-1.27127,0.0109,0.790,1.4908,-1.0003,0.0128,0.0107,0.33834,0.29226,0.00,-15.42,139.56,0.0000
32583,LOST_LONG,-0.14109,0.26616,0.27068,0.59496,0.25210,0.48705,1.15656,-1.27127,0.0109,0.790,1.4908,-1.0003,0.0128,0.0107,0.33837,0.29240,0.00,-15.42,150.62,0.0000
32593,LOST_LONG,-0.14109,0.26616,0.27068,0.59496,0.25210,0.48705,1.15656,-1.27127,0.0109,0.790,1.4908,-1.0003,0.0128,0.0107,0.33835,0.29231,0.00,-15.42,0.00,0.0000
32603,LOST_LONG,-0.14109,0.26616,0.27068,0.59496,0.25210,0.48705,1.15656,-1.27127,0.0109,0.790,1.4908,-1.0003,0.0128,0.0107,0.33837,0.29244,0.00,-15.42,151.71,0.0000
32613,LOST_LONG,-0.14109,0.26616,0.27068,0.59496,0.25210,0.48705,1.15656,-1.27127,0.0109,0.790,1.4908,-1.0003,0.0128,0.0107,0.33835,0.29228,0.00,-15.42,166.68,0.0000
32623,LOST_LONG,-0.14109,0.26616,0.27068,0.59496,0.25210,0.48705,1.15656,-1.27127,0.0109,0.790,1.4908,-1.0003,0.0128,0.0107,0.33836,0.29234,0.00,-15.42,164.00,0.0000
32633,LOST_LONG,-0.14109,0.26616,0.27068,0.59496,0.25210,0.48705,1.15656,-1.27127,0.0109,0.790,1.4908,-1.0003,0.0128,0.0107,0.33835,0.29228,0.00,-15.42,170.39,0.0000
32643,LOST_LONG,-0.14109,0.26616,0.27068,0.59496,0.25210,0.48705,1.15656,-1.27127,0.0109,0.790,1.4908,-1.0003,0.0128,0.0107,0.33835,0.29230,0.00,-15.42,138.70,0.0000
32653,LOST_LONG,-0.14109,0.26616,0.27068,0.59496,0.25210,0.48705,1.15656,-1.27127,0.0109,0.790,1.4908,-1.0003,0.0128,0.0107,0.33836,0.29238,0.00,-15.42,131.04,0.0000
32663,LOST_LONG,-0.14109,0.26616,0.27068,0.59496,0.25210,0.48705,1.15656,-1.27127,0.0109,0.790,1.4908,-1.0003,0.0128,0.0107,0.33834,0.29224,0.00,-15.42,174.18,0.0000
32673,LOST_LONG,-0.14109,0.26616,0.27068,0.59496,0.25210,0.48705,1.15656,-1.27127,0.0109,0.790,1.4908,-1.0003,0.0128,0.0107,0.33836,0.29237,0.00,-15.42,37.05,0.0000
32683,LOST_LONG,-0.14109,0.26616,0.27068,0.59496,0.25210,0.48705,1.15656,-1.27127,0.0109,0.790,1.4908,-1.0003,0.0128,0.0107,0.33837,0.29241,0.00,-15.42,175.69,0.0000
32693,LOST_LONG,-0.14109,0.26616,0.27068,0.59496,0.25210,0.48705,1.15656,-1.27127,0.0109,0.790,1.4908,-1.0003,0.0128,0.0107,0.33836,0.29234,0.00,-15.42,149.62,0.0000
32703,LOST_LONG,-0.14109,0.26616,0.27068,0.59496,0.25210,0.48705,1.15656,-1.27127,0.0109,0.790,1.4908,-1.0003,0.0128,0.0107,0.33839,0.29251,0.00,-15.42,141.09,0.0000
32713,LOST_LONG,-0.14109,0.26616,0.27068,0.59496,0.25210,0.48705,1.15656,-1.27127,0.0109,0.790,1.4908,-1.0003,0.0128,0.0107,0.33838,0.29246,0.00,-15.42,136.78,0.0000
32723,LOST_LONG,-0.14109,0.26616,0.27068,0.59496,0.25210,0.48705,1.15656,-1.27127,0.0109,0.790,1.4908,-1.0003,0.0128,0.0107,0.33839,0.29251,0.00,-15.42,136.79,0.0000
32733,LOST_LONG,-0.14109,0.26616,0.27068,0.59496,0.25210,0.48705,1.15656,-1.27127,0.0109,0.790,1.4908,-1.0003,0.0128,0.0107,0.33837,0.29241,0.00,-15.42,134.82,0.0000
32743,LOST_LONG,-0.14109,0.26616,0.27068,0.59496,0.25210,0.48705,1.15656,-1.27127,0.0109,0.790,1.4908,-1.0003,0.0128,0.0107,0.33835,0.29232,0.00,-15.42,140.56,0.0000
32753,LOST_LONG,-0.14109,0.26616,0.27068,0.59496,0.25210,0.48705,1.15656,-1.27127,0.0109,0.790,1.4908,-1.0003,0.0128,0.0107,0.33839,0.29251,0.00,-15.42,129.22,0.0000
32763,LOST_LONG,-0.14109,0.26616,0.27068,0.59496,0.25210,0.48705,1.15656,-1.27127,0.0109,0.790,1.4908,-1.0003,0.0128,0.0107,0.33836,0.29236,0.00,-15.42,134.06,0.0000
32773,LOST_LONG,-0.14109,0.26616,0.27068,0.59496,0.25210,0.48705,1.15656,-1.27127,0.0109,0.790,1.4908,-1.0003,0.0128,0.0107,0.33838,0.29245,0.00,-15.42,146.52,0.0000
32783,LOST_LONG,-0.14109,0.26616,0.27068,0.59496,0.25210,0.48705,1.15656,-1.27127,0.0109,0.790,1.4908,-1.0003,0.0128,0.0107,0.33838,0.29250,0.00,-15.42,150.31,0.0000
32793,LOST_LONG,-0.14109,0.26616,0.27068,0.59496,0.25210,0.48705,1.15656,-1.27127,0.0109,0.790,1.4908,-1.0003,0.0128,0.0107,0.33837,0.29242,0.00,-15.42,146.82,0.0000
32803,LOST_LONG,-0.14109,0.26616,0.27068,0.59496,0.25210,0.48705,1.15656,-1.27127,0.0109,0.790,1.4908,-1.0003,0.0128,0.0107,0.33836,0.29238,0.00,-15.42,137.58,0.0000
32813,LOST_LONG,-0.14109,0.26616,0.27068,0.59496,0.25210,0.48705,1.15656,-1.27127,0.0109,0.790,1.4908,-1.0003,0.0128,0.0107,0.33834,0.29225,0.00,-15.42,139.64,0.0000
32823,LOST_LONG,-0.14109,0.26616,0.27068,0.59496,0.25210,0.48705,1.15656,-1.27127,0.0109,0.790,1.4908,-1.0003,0.0128,0.0107,0.33837,0.29239,0.00,-15.42,140.10,0.0000
32833,LOST_LONG,-0.14109,0.26616,0.27068,0.59496,0.25210,0.48705,1.15656,-1.27127,0.0109,0.790,1.4908,-1.0003,0.0128,0.0107,0.33834,0.29226,0.00,-15.42,141.19,0.0000
32843,LOST_LONG,-0.14109,0.26616,0.27068,0.59496,0.25210,0.48705,1.15656,-1.27127,0.0109,0.790,1.4908,-1.0003,0.0128,0.0107,0.33836,0.29237,0.00,-15.42,135.73,0.0000
32853,LOST_LONG,-0.14109,0.26616,0.27068,0.59496,0.25210,0.48705,1.15656,-1.27127,0.0109,0.790,1.4908,-1.0003,0.0128,0.0107,0.33836,0.29234,0.00,-15.42,138.52,0.0000
32863,LOST_LONG,-0.14109,0.26616,0.27068,0.59496,0.25210,0.48705,1.15656,-1.27127,0.0109,0.790,1.4908,-1.0003,0.0128,0.0107,0.33835,0.29227,0.00,-15.42,141.45,0.0000
32873,LOST_LONG,-0.14109,0.26616,0.27068,0.59496,0.25210,0.48705,1.15656,-1.27127,0.0109,0.790,1.4908,-1.0003,0.0128,0.0107,0.33835,0.29232,0.00,-15.42,140.27,0.0000
32883,LOST_LONG,-0.14109,0.26616,0.27068,0.59496,0.25210,0.48705,1.15656,-1.27127,0.0109,0.790,1.4908,-1.0003,0.0128,0.0107,0.33839,0.29251,0.00,-15.42,139.68,0.0000
32893,LOST_LONG,-0.14109,0.26616,0.27068,0.59496,0.25210,0.48705,1.15656,-1.27127,0.0109,0.790,1.4908,-1.0003,0.0128,0.0107,0.33837,0.29243,0.00,-15.42,139.31,0.0000
32903,LOST_LONG,-0.14109,0.26616,0.27068,0.59496,0.25210,0.48705,1.15656,-1.27127,0.0109,0.790,1.4908,-1.0003,0.0128,0.0107,0.33837,0.29244,0.00,-15.42,146.37,0.0000
32913,LOST_LONG,-0.14109,0.26616,0.27068,0.59496,0.25210,0.48705,1.15656,-1.27127,0.0109,0.790,1.4908,-1.0003,0.0128,0.0107,0.33835,0.29232,0.00,-15.42,146.66,0.0000
32923,LOST_LONG,-0.14109,0.26616,0.27068,0.59496,0.25210,0.48705,1.15656,-1.27127,0.0109,0.790,1.4908,-1.0003,0.0128,0.0107,0.33835,0.29230,0.00,-15.42,144.89,0.0000
32933,LOST_LONG,-0.14109,0.26616,0.27068,0.59496,0.25210,0.48705,1.15656,-1.27127,0.0109,0.790,1.4908,-1.0003,0.0128,0.0107,0.33836,0.29238,0.00,-15.42,141.06,0.0000
32943,LOST_LONG,-0.14109,0.26616,0.27068,0.59496,0.25210,0.48705,1.15656,-1.27127,0.0109,0.790,1.4908,-1.0003,0.0128,0.0107,0.33835,0.29228,0.00,-15.42,141.18,0.0000
32953,LOST_LONG,-0.14109,0.26616,0.27068,0.59496,0.25210,0.48705,1.15656,-1.27127,0.0109,0.790,1.4908,-1.0003,0.0128,0.0107,0.33836,0.29235,0.00,-15.42,147.33,0.0000
32963,LOST_LONG,-0.14109,0.26616,0.27068,0.59496,0.25210,0.48705,1.15656,-1.27127,0.0109,0.790,1.4908,-1.0003,0.0128,0.0107,0.33834,0.29226,0.00,-15.42,144.23,0.0000
32973,LOST_LONG,-0.14109,0.26616,0.27068,0.59496,0.25210,0.48705,1.15656,-1.27127,0.0109,0.790,1.4908,-1.0003,0.0128,0.0107,0.33835,0.29228,0.00,-15.42,139.94,0.0000
32983,LOST_LONG,-0.14109,0.26616,0.27068,0.59496,0.25210,0.48705,1.15656,-1.27127,0.0109,0.790,1.4908,-1.0003,0.0128,0.0107,0.33836,0.29238,0.00,-15.42,143.90,0.0000
32993,LOST_LONG,-0.14109,0.26616,0.27068,0.59496,0.25210,0.48705,1.15656,-1.27127,0.0109,0.790,1.4908,-1.0003,0.0128,0.0107,0.33835,0.29229,0.00,-15.42,141.95,0.0000
33003,LOST_LONG,-0.14109,0.26616,0.27068,0.59496,0.25210,0.48705,1.15656,-1.27127,0.0109,0.790,1.4908,-1.0003,0.0128,0.0107,0.33835,0.29228,0.00,-15.42,149.48,0.0000
33013,LOST_LONG,-0.14109,0.26616,0.27068,0.59496,0.25210,0.48705,1.15656,-1.27127,0.0109,0.790,1.4908,-1.0003,0.0128,0.0107,0.33837,0.29242,0.00,-15.42,144.10,0.0000
33023,LOST_LONG,-0.14109,0.26616,0.27068,0.59496,0.25210,0.48705,1.15656,-1.27127,0.0109,0.790,1.4908,-1.0003,0.0128,0.0107,0.33835,0.29227,0.00,-15.42,140.09,0.0000
33033,LOST_LONG,-0.14109,0.26616,0.27068,0.59496,0.25210,0.48705,1.15656,-1.27127,0.0109,0.790,1.4908,-1.0003,0.0128,0.0107,0.33837,0.29239,0.00,-15.42,141.15,0.0000
33043,LOST_LONG,-0.14109,0.26616,0.27068,0.59496,0.25210,0.48705,1.15656,-1.27127,0.0109,0.790,1.4908,-1.0003,0.0128,0.0107,0.33835,0.29229,0.00,-15.42,141.91,0.0000
33053,LOST_LONG,-0.14109,0.26616,0.27068,0.59496,0.25210,0.48705,1.15656,-1.27127,0.0109,0.790,1.4908,-1.0003,0.0128,0.0107,0.33835,0.29231,0.00,-15.42,141.29,0.0000
33063,LOST_LONG,-0.14109,0.26616,0.27068,0.59496,0.25210,0.48705,1.15656,-1.27127,0.0109,0.790,1.4908,-1.0003,0.0128,0.0107,0.33835,0.29227,0.00,-15.42,138.35,0.0000
33073,LOST_LONG,-0.14109,0.26616,0.27068,0.59496,0.25210,0.48705,1.15656,-1.27127,0.0109,0.790,1.4908,-1.0003,0.0128,0.0107,0.33836,0.29235,0.00,-15.42,135.53,0.0000
33083,LOST_LONG,-0.14109,0.26616,0.27068,0.59496,0.25210,0.48705,1.15656,-1.27127,0.0109,0.790,1.4908,-1.0003,0.0128,0.0107,0.33835,0.29231,0.00,-15.42,141.97,0.0000
33093,LOST_LONG,-0.14109,0.26616,0.27068,0.59496,0.25210,0.48705,1.15656,-1.27127,0.0109,0.790,1.4908,-1.0003,0.0128,0.0107,0.33837,0.29243,0.00,-15.42,140.19,0.0000
33103,LOST_LONG,-0.14109,0.26616,0.27068,0.59496,0.25210,0.48705,1.15656,-1.27127,0.0109,0.790,1.4908,-1.0003,0.0128,0.0107,0.33838,0.29245,0.00,-15.42,146.07,0.0000
33113,LOST_LONG,-0.14109,0.26616,0.27068,0.59496,0.25210,0.48705,1.15656,-1.27127,0.0109,0.790,1.4908,-1.0003,0.0128,0.0107,0.33836,0.29236,0.00,-15.42,145.90,0.0000
33123,LOST_LONG,-0.14109,0.26616,0.27068,0.59496,0.25210,0.48705,1.15656,-1.27127,0.0109,0.790,1.4908,-1.0003,0.0128,0.0107,0.33835,0.29232,0.00,-15.42,135.49,0.0000
33133,LOST_LONG,-0.14109,0.26616,0.27068,0.59496,0.25210,0.48705,1.15656,-1.27127,0.0109,0.790,1.4908,-1.0003,0.0128,0.0107,0.33837,0.29241,0.00,-15.42,137.88,0.0000
33143,LOST_LONG,-0.14109,0.26616,0.27068,0.59496,0.25210,0.48705,1.15656,-1.27127,0.0109,0.790,1.4908,-1.0003,0.0128,0.0107,0.33835,0.29229,0.00,-15.42,133.45,0.0000
33153,LOST_LONG,-0.14109,0.26616,0.27068,0.59496,0.25210,0.48705,1.15656,-1.27127,0.0109,0.790,1.4908,-1.0003,0.0128,0.0107,0.33836,0.29235,0.00,-15.42,133.27,0.0000
33163,LOST_LONG,-0.14109,0.26616,0.27068,0.59496,0.25210,0.48705,1.15656,-1.27127,0.0109,0.790,1.4908,-1.0003,0.0128,0.0107,0.33836,0.29236,0.00,-15.42,133.00,0.0000
33173,LOST_LONG,-0.14109,0.26616,0.27068,0.59496,0.25210,0.48705,1.15656,-1.27127,0.0109,0.790,1.4908,-1.0003,0.0128,0.0107,0.33835,0.29228,0.00,-15.42,135.98,0.0000
33183,LOST_LONG,-0.14109,0.26616,0.27068,0.59496,0.25210,0.48705,1.15656,-1.27127,0.0109,0.790,1.4908,-1.0003,0.0128,0.0107,0.33837,0.29241,0.00,-15.42,137.60,0.0000
33193,LOST_LONG,-0.14109,0.26616,0.27068,0.59496,0.25210,0.48705,1.15656,-1.27127,0.0109,0.790,1.4908,-1.0003,0.0128,0.0107,0.33836,0.29236,0.00,-15.42,130.88,0.0000
33203,LOST_LONG,-0.14109,0.26616,0.27068,0.59496,0.25210,0.48705,1.15656,-1.27127,0.0109,0.790,1.4908,-1.0003,0.0128,0.0107,0.33837,0.29242,0.00,-15.42,135.13,0.0000
33213,LOST_LONG,-0.14109,0.26616,0.27068,0.59496,0.25210,0.48705,1.15656,-1.27127,0.0109,0.790,1.4908,-1.0003,0.0128,0.0107,0.33835,0.29227,0.00,-15.42,135.17,0.0000
33223,LOST_LONG,-0.14109,0.26616,0.27068,0.59496,0.25210,0.48705,1.15656,-1.27127,0.0109,0.790,1.4908,-1.0003,0.0128,0.0107,0.33839,0.29251,0.00,-15.42,134.80,0.0000
33233,LOST_LONG,-0.14109,0.26616,0.27068,0.59496,0.25210,0.48705,1.15656,-1.27127,0.0109,0.790,1.4908,-1.0003,0.0128,0.0107,0.33838,0.29245,0.00,-15.42,135.00,0.0000
33243,LOST_LONG,-0.14109,0.26616,0.27068,0.59496,0.25210,0.48705,1.15656,-1.27127,0.0109,0.790,1.4908,-1.0003,0.0128,0.0107,0.33835,0.29230,0.00,-15.42,141.56,0.0000
33253,LOST_LONG,-0.14109,0.26616,0.27068,0.59496,0.25210,0.48705,1.15656,-1.27127,0.0109,0.790,1.4908,-1.0003,0.0128,0.0107,0.33835,0.29230,0.00,-15.42,139.20,0.0000
33263,LOST_LONG,-0.14109,0.26616,0.27068,0.59496,0.25210,0.48705,1.15656,-1.27127,0.0109,0.790,1.4908,-1.0003,0.0128,0.0107,0.33837,0.29244,0.00,-15.42,133.20,0.0000
33273,LOST_LONG,-0.14109,0.26616,0.27068,0.59496,0.25210,0.48705,1.15656,-1.27127,0.0109,0.790,1.4908,-1.0003,0.0128,0.0107,0.33834,0.29223,0.00,-15.42,129.12,0.0000
33283,LOST_LONG,-0.14109,0.26616,0.27068,0.59496,0.25210,0.48705,1.15656,-1.27127,0.0109,0.790,1.4908,-1.0003,0.0128,0.0107,0.33837,0.29242,0.00,-15.42,131.84,0.0000
33293,LOST_LONG,-0.14109,0.26616,0.27068,0.59496,0.25210,0.48705,1.15656,-1.27127,0.0109,0.790,1.4908,-1.0003,0.0128,0.0107,0.33679,0.29233,0.00,-15.42,134.47,0.0000
33303,LOST_LONG,-0.14109,0.26616,0.27068,0.59496,0.25210,0.48705,1.15656,-1.27127,0.0109,0.790,1.4908,-1.0003,0.0128,0.0107,0.32168,0.29322,0.00,-15.42,147.62,0.0000
33313,LOST_LONG,-0.14109,0.26616,0.27068,0.59496,0.25210,0.48705,1.15656,-1.27127,0.0109,0.790,1.4908,-1.0003,0.0128,0.0107,0.33669,0.29229,0.00,-15.42,149.89,0.0000
33323,LOST_LONG,-0.14109,0.26616,0.27068,0.59496,0.25210,0.48705,1.15656,-1.27127,0.0109,0.790,1.4908,-1.0003,0.0128,0.0107,0.33107,0.29277,0.00,-15.42,151.61,0.0000
33333,LOST_LONG,-0.14109,0.26616,0.27068,0.59496,0.25210,0.48705,1.15656,-1.27127,0.0109,0.790,1.4908,-1.0003,0.0128,0.0107,0.33728,0.29232,0.00,-15.42,144.39,0.0000
33343,LOST_LONG,-0.14109,0.26616,0.27068,0.59496,0.25210,0.48705,1.15656,-1.27127,0.0109,0.790,1.4908,-1.0003,0.0128,0.0107,0.33801,0.29225,0.00,-15.42,145.57,0.0000
33353,LOST_LONG,-0.14109,0.26616,0.27068,0.59496,0.25210,0.48705,1.15656,-1.27127,0.0109,0.790,1.4908,-1.0003,0.0128,0.0107,0.33836,0.29235,0.00,-15.42,146.52,0.0000
33363,LOST_LONG,-0.14109,0.26616,0.27068,0.59496,0.25210,0.48705,1.15656,-1.27127,0.0109,0.790,1.4908,-1.0003,0.0128,0.0107,0.33837,0.29244,0.00,-15.42,142.34,0.0000
33373,LOST_LONG,-0.14109,0.26616,0.27068,0.59496,0.25210,0.48705,1.15656,-1.27127,0.0109,0.790,1.4908,-1.0003,0.0128,0.0107,0.33836,0.29233,0.00,-15.42,146.08,0.0000
33383,LOST_LONG,-0.14109,0.26616,0.27068,0.59496,0.25210,0.48705,1.15656,-1.27127,0.0109,0.790,1.4908,-1.0003,0.0128,0.0107,0.33835,0.29231,0.00,-15.42,144.29,0.0000
33393,LOST_LONG,-0.14109,0.26616,0.27068,0.59496,0.25210,0.48705,1.15656,-1.27127,0.0109,0.790,1.4908,-1.0003,0.0128,0.0107,0.33835,0.29228,0.00,-15.42,135.71,0.0000
33403,LOST_LONG,-0.14109,0.26616,0.27068,0.59496,0.25210,0.48705,1.15656,-1.27127,0.0109,0.790,1.4908,-1.0003,0.0128,0.0107,0.33835,0.29230,0.00,-15.42,142.25,0.0000
33413,LOST_LONG,-0.14109,0.26616,0.27068,0.59496,0.25210,0.48705,1.15656,-1.27127,0.0109,0.790,1.4908,-1.0003,0.0128,0.0107,0.33835,0.29231,0.00,-15.42,141.07,0.0000
33423,LOST_LONG,-0.14109,0.26616,0.27068,0.59496,0.25210,0.48705,1.15656,-1.27127,0.0109,0.790,1.4908,-1.0003,0.0128,0.0107,0.33835,0.29230,0.00,-15.42,155.14,0.0000
33433,LOST_LONG,-0.14109,0.26616,0.27068,0.59496,0.25210,0.48705,1.15656,-1.27127,0.0109,0.790,1.4908,-1.0003,0.0128,0.0107,0.33835,0.29228,0.00,-15.42,152.95,0.0000
33443,LOST_LONG,-0.14109,0.26616,0.27068,0.59496,0.25210,0.48705,1.15656,-1.27127,0.0109,0.790,1.4908,-1.0003,0.0128,0.0107,0.33837,0.29244,0.00,-15.42,148.72,0.0000
33453,LOST_LONG,-0.14109,0.26616,0.27068,0.59496,0.25210,0.48705,1.15656,-1.27127,0.0109,0.790,1.4908,-1.0003,0.0128,0.0107,0.33835,0.29232,0.00,-15.42,148.06,0.0000
33463,LOST_LONG,-0.14109,0.26616,0.27068,0.59496,0.25210,0.48705,1.15656,-1.27127,0.0109,0.790,1.4908,-1.0003,0.0128,0.0107,0.33835,0.29229,0.00,-15.42,152.33,0.0000
33473,LOST_LONG,-0.14109,0.26616,0.27068,0.59496,0.25210,0.48705,1.15656,-1.27127,0.0109,0.790,1.4908,-1.0003,0.0128,0.0107,0.33836,0.29233,0.00,-15.42,145.12,0.0000
33483,LOST_LONG,-0.14109,0.26616,0.27068,0.59496,0.25210,0.48705,1.15656,-1.27127,0.0109,0.790,1.4908,-1.0003,0.0128,0.0107,0.33835,0.29230,0.00,-15.42,149.75,0.0000
33493,LOST_LONG,-0.14109,0.26616,0.27068,0.59496,0.25210,0.48705,1.15656,-1.27127,0.0109,0.790,1.4908,-1.0003,0.0128,0.0107,0.33836,0.29233,0.00,-15.42,140.34,0.0000
33503,LOST_LONG,-0.14109,0.26616,0.27068,0.59496,0.25210,0.48705,1.15656,-1.27127,0.0109,0.790,1.4908,-1.0003,0.0128,0.0107,0.33836,0.29234,0.00,-15.42,145.73,0.0000
33513,LOST_LONG,-0.14109,0.26616,0.27068,0.59496,0.25210,0.48705,1.15656,-1.27127,0.0109,0.790,1.4908,-1.0003,0.0128,0.0107,0.33835,0.29228,0.00,-15.42,148.17,0.0000
33523,LOST_LONG,-0.14109,0.26616,0.27068,0.59496,0.25210,0.48705,1.15656,-1.27127,0.0109,0.790,1.4908,-1.0003,0.0128,0.0107,0.33836,0.29236,0.00,-15.42,155.05,0.0000
33533,LOST_LONG,-0.14109,0.26616,0.27068,0.59496,0.25210,0.48705,1.15656,-1.27127,0.0109,0.790,1.4908,-1.0003,0.0128,0.0107,0.33835,0.29228,0.00,-15.42,154.90,0.0000
33543,LOST_LONG,-0.14109,0.26616,0.27068,0.59496,0.25210,0.48705,1.15656,-1.27127,0.0109,0.790,1.4908,-1.0003,0.0128,0.0107,0.33835,0.29229,0.00,-15.42,149.49,0.0000
33553,LOST_LONG,-0.14109,0.26616,0.27068,0.59496,0.25210,0.48705,1.15656,-1.27127,0.0109,0.790,1.4908,-1.0003,0.0128,0.0107,0.33835,0.29232,0.00,-15.42,148.61,0.0000
33563,LOST_LONG,-0.14109,0.26616,0.27068,0.59496,0.25210,0.48705,1.15656,-1.27127,0.0109,0.790,1.4908,-1.0003,0.0128,0.0107,0.33835,0.29231,0.00,-15.42,150.28,0.0000
33573,LOST_LONG,-0.14109,0.26616,0.27068,0.59496,0.25210,0.48705,1.15656,-1.27127,0.0109,0.790,1.4908,-1.0003,0.0128,0.0107,0.33835,0.29230,0.00,-15.42,152.22,0.0000
33583,LOST_LONG,-0.14109,0.26616,0.27068,0.59496,0.25210,0.48705,1.15656,-1.27127,0.0109,0.790,1.4908,-1.0003,0.0128,0.0107,0.33835,0.29231,0.00,-15.42,151.11,0.0000
33593,LOST_LONG,-0.14109,0.26616,0.27068,0.59496,0.25210,0.48705,1.15656,-1.27127,0.0109,0.790,1.4908,-1.0003,0.0128,0.0107,0.33836,0.29234,0.00,-15.42,154.95,0.0000
33603,LOST_LONG,-0.14109,0.26616,0.27068,0.59496,0.25210,0.48705,1.15656,-1.27127,0.0109,0.790,1.4908,-1.0003,0.0128,0.0107,0.33835,0.29230,0.00,-15.42,155.33,0.0000
33613,LOST_LONG,-0.14109,0.26616,0.27068,0.59496,0.25210,0.48705,1.15656,-1.27127,0.0109,0.790,1.4908,-1.0003,0.0128,0.0107,0.33834,0.29226,0.00,-15.42,153.18,0.0000
33623,LOST_LONG,-0.14109,0.26616,0.27068,0.59496,0.25210,0.48705,1.15656,-1.27127,0.0109,0.790,1.4908,-1.0003,0.0128,0.0107,0.33835,0.29228,0.00,-15.42,148.21,0.0000
33633,LOST_LONG,-0.14109,0.26616,0.27068,0.59496,0.25210,0.48705,1.15656,-1.27127,0.0109,0.790,1.4908,-1.0003,0.0128,0.0107,0.33835,0.29228,0.00,-15.42,150.53,0.0000
33643,LOST_LONG,-0.14109,0.26616,0.27068,0.59496,0.25210,0.48705,1.15656,-1.27127,0.0109,0.790,1.4908,-1.0003,0.0128,0.0107,0.33838,0.29245,0.00,-15.42,149.35,0.0000
33653,LOST_LONG,-0.14109,0.26616,0.27068,0.59496,0.25210,0.48705,1.15656,-1.27127,0.0109,0.790,1.4908,-1.0003,0.0128,0.0107,0.33835,0.29229,0.00,-15.42,153.03,0.0000
33663,LOST_LONG,-0.14109,0.26616,0.27068,0.59496,0.25210,0.48705,1.15656,-1.27127,0.0109,0.790,1.4908,-1.0003,0.0128,0.0107,0.33836,0.29233,0.00,-15.42,157.35,0.0000
33673,LOST_LONG,-0.14109,0.26616,0.27068,0.59496,0.25210,0.48705,1.15656,-1.27127,0.0109,0.790,1.4908,-1.0003,0.0128,0.0107,0.33835,0.29228,0.00,-15.42,154.65,0.0000
33683,LOST_LONG,-0.14109,0.26616,0.27068,0.59496,0.25210,0.48705,1.15656,-1.27127,0.0109,0.790,1.4908,-1.0003,0.0128,0.0107,0.33837,0.29239,0.00,-15.42,156.17,0.0000
33693,LOST_LONG,-0.14109,0.26616,0.27068,0.59496,0.25210,0.48705,1.15656,-1.27127,0.0109,0.790,1.4908,-1.0003,0.0128,0.0107,0.33835,0.29227,0.00,-15.42,153.97,0.0000
33703,LOST_LONG,-0.14109,0.26616,0.27068,0.59496,0.25210,0.48705,1.15656,-1.27127,0.0109,0.790,1.4908,-1.0003,0.0128,0.0107,0.33835,0.29232,0.00,-15.42,152.63,0.0000
33713,LOST_LONG,-0.14109,0.26616,0.27068,0.59496,0.25210,0.48705,1.15656,-1.27127,0.0109,0.790,1.4908,-1.0003,0.0128,0.0107,0.33836,0.29233,0.00,-15.42,141.54,0.0000
33723,LOST_LONG,-0.14109,0.26616,0.27068,0.59496,0.25210,0.48705,1.15656,-1.27127,0.0109,0.790,1.4908,-1.0003,0.0128,0.0107,0.33835,0.29230,0.00,-15.42,146.07,0.0000
33733,LOST_LONG,-0.14109,0.26616,0.27068,0.59496,0.25210,0.48705,1.15656,-1.27127,0.0109,0.790,1.4908,-1.0003,0.0128,0.0107,0.33836,0.29235,0.00,-15.42,148.55,0.0000
33743,LOST_LONG,-0.14109,0.26616,0.27068,0.59496,0.25210,0.48705,1.15656,-1.27127,0.0109,0.790,1.4908,-1.0003,0.0128,0.0107,0.33835,0.29231,0.00,-15.42,144.24,0.0000
33753,LOST_LONG,-0.14109,0.26616,0.27068,0.59496,0.25210,0.48705,1.15656,-1.27127,0.0109,0.790,1.4908,-1.0003,0.0128,0.0107,0.33835,0.29229,0.00,-15.42,153.85,0.0000
33763,LOST_LONG,-0.14109,0.26616,0.27068,0.59496,0.25210,0.48705,1.15656,-1.27127,0.0109,0.790,1.4908,-1.0003,0.0128,0.0107,0.33835,0.29227,0.00,-15.42,146.86,0.0000
33773,LOST_LONG,-0.14109,0.26616,0.27068,0.59496,0.25210,0.48705,1.15656,-1.27127,0.0109,0.790,1.4908,-1.0003,0.0128,0.0107,0.33834,0.29226,0.00,-15.42,140.09,0.0000
33783,LOST_LONG,-0.14109,0.26616,0.27068,0.59496,0.25210,0.48705,1.15656,-1.27127,0.0109,0.790,1.4908,-1.0003,0.0128,0.0107,0.33835,0.29230,0.00,-15.42,143.73,0.0000
33793,LOST_LONG,-0.14109,0.26616,0.27068,0.59496,0.25210,0.48705,1.15656,-1.27127,0.0109,0.790,1.4908,-1.0003,0.0128,0.0107,0.33835,0.29232,0.00,-15.42,147.89,0.0000
33803,LOST_LONG,-0.14109,0.26616,0.27068,0.59496,0.25210,0.48705,1.15656,-1.27127,0.0109,0.790,1.4908,-1.0003,0.0128,0.0107,0.33836,0.29237,0.00,-15.42,135.66,0.0000
33813,LOST_LONG,-0.14109,0.26616,0.27068,0.59496,0.25210,0.48705,1.15656,-1.27127,0.0109,0.790,1.4908,-1.0003,0.0128,0.0107,0.33836,0.29237,0.00,-15.42,141.36,0.0000
33823,LOST_LONG,-0.14109,0.26616,0.27068,0.59496,0.25210,0.48705,1.15656,-1.27127,0.0109,0.790,1.4908,-1.0003,0.0128,0.0107,0.33836,0.29233,0.00,-15.42,142.59,0.0000
33833,LOST_LONG,-0.14109,0.26616,0.27068,0.59496,0.25210,0.48705,1.15656,-1.27127,0.0109,0.790,1.4908,-1.0003,0.0128,0.0107,0.33835,0.29231,0.00,-15.42,145.31,0.0000
33843,LOST_LONG,-0.14109,0.26616,0.27068,0.59496,0.25210,0.48705,1.15656,-1.27127,0.0109,0.790,1.4908,-1.0003,0.0128,0.0107,0.33836,0.29235,0.00,-15.42,141.60,0.0000
33853,LOST_LONG,-0.14109,0.26616,0.27068,0.59496,0.25210,0.48705,1.15656,-1.27127,0.0109,0.790,1.4908,-1.0003,0.0128,0.0107,0.33835,0.29227,0.00,-15.42,152.28,0.0000
33863,LOST_LONG,-0.14109,0.26616,0.27068,0.59496,0.25210,0.48705,1.15656,-1.27127,0.0109,0.790,1.4908,-1.0003,0.0128,0.0107,0.33837,0.29243,0.00,-15.42,149.03,0.0000
33873,LOST_LONG,-0.14109,0.26616,0.27068,0.59496,0.25210,0.48705,1.15656,-1.27127,0.0109,0.790,1.4908,-1.0003,0.0128,0.0107,0.33835,0.29232,0.00,-15.42,149.44,0.0000
33883,LOST_LONG,-0.14109,0.26616,0.27068,0.59496,0.25210,0.48705,1.15656,-1.27127,0.0109,0.790,1.4908,-1.0003,0.0128,0.0107,0.33836,0.29234,0.00,-15.42,155.10,0.0000
33893,LOST_LONG,-0.14109,0.26616,0.27068,0.59496,0.25210,0.48705,1.15656,-1.27127,0.0109,0.790,1.4908,-1.0003,0.0128,0.0107,0.33836,0.29233,0.00,-15.42,155.75,0.0000
33903,LOST_LONG,-0.14109,0.26616,0.27068,0.59496,0.25210,0.48705,1.15656,-1.27127,0.0109,0.790,1.4908,-1.0003,0.0128,0.0107,0.33835,0.29228,0.00,-15.42,153.54,0.0000
33913,LOST_LONG,-0.14109,0.26616,0.27068,0.59496,0.25210,0.48705,1.15656,-1.27127,0.0109,0.790,1.4908,-1.0003,0.0128,0.0107,0.33835,0.29228,0.00,-15.42,152.83,0.0000
33923,LOST_LONG,-0.14109,0.26616,0.27068,0.59496,0.25210,0.48705,1.15656,-1.27127,0.0109,0.790,1.4908,-1.0003,0.0128,0.0107,0.33835,0.29228,0.00,-15.42,153.71,0.0000
33933,LOST_LONG,-0.14109,0.26616,0.27068,0.59496,0.25210,0.48705,1.15656,-1.27127,0.0109,0.790,1.4908,-1.0003,0.0128,0.0107,0.33836,0.29238,0.00,-15.42,155.54,0.0000
33943,LOST_LONG,-0.14109,0.26616,0.27068,0.59496,0.25210,0.48705,1.15656,-1.27127,0.0109,0.790,1.4908,-1.0003,0.0128,0.0107,0.33835,0.29227,0.00,-15.42,155.20,0.0000
33953,LOST_LONG,-0.14109,0.26616,0.27068,0.59496,0.25210,0.48705,1.15656,-1.27127,0.0109,0.790,1.4908,-1.0003,0.0128,0.0107,0.33837,0.29241,0.00,-15.42,152.50,0.0000
33963,LOST_LONG,-0.14109,0.26616,0.27068,0.59496,0.25210,0.48705,1.15656,-1.27127,0.0109,0.790,1.4908,-1.0003,0.0128,0.0107,0.33835,0.29232,0.00,-15.42,150.75,0.0000
33973,LOST_LONG,-0.14109,0.26616,0.27068,0.59496,0.25210,0.48705,1.15656,-1.27127,0.0109,0.790,1.4908,-1.0003,0.0128,0.0107,0.33835,0.29232,0.00,-15.42,153.66,0.0000
33983,LOST_LONG,-0.14109,0.26616,0.27068,0.59496,0.25210,0.48705,1.15656,-1.27127,0.0109,0.790,1.4908,-1.0003,0.0128,0.0107,0.33835,0.29232,0.00,-15.42,150.33,0.0000
33993,LOST_LONG,-0.14109,0.26616,0.27068,0.59496,0.25210,0.48705,1.15656,-1.27127,0.0109,0.790,1.4908,-1.0003,0.0128,0.0107,0.33835,0.29228,0.00,-15.42,145.53,0.0000
34003,LOST_LONG,-0.14109,0.26616,0.27068,0.59496,0.25210,0.48705,1.15656,-1.27127,0.0109,0.790,1.4908,-1.0003,0.0128,0.0107,0.33838,0.29246,0.00,-15.42,155.05,0.0000
34013,LOST_LONG,-0.14109,0.26616,0.27068,0.59496,0.25210,0.48705,1.15656,-1.27127,0.0109,0.790,1.4908,-1.0003,0.0128,0.0107,0.33835,0.29231,0.00,-15.42,155.42,0.0000
34023,LOST_LONG,-0.14109,0.26616,0.27068,0.59496,0.25210,0.48705,1.15656,-1.27127,0.0109,0.790,1.4908,-1.0003,0.0128,0.0107,0.33835,0.29231,0.00,-15.42,154.02,0.0000
34033,LOST_LONG,-0.14109,0.26616,0.27068,0.59496,0.25210,0.48705,1.15656,-1.27127,0.0109,0.790,1.4908,-1.0003,0.0128,0.0107,0.33836,0.29238,0.00,-15.42,155.22,0.0000
34043,LOST_LONG,-0.14109,0.26616,0.27068,0.59496,0.25210,0.48705,1.15656,-1.27127,0.0109,0.790,1.4908,-1.0003,0.0128,0.0107,0.33835,0.29230,0.00,-15.42,152.68,0.0000
34053,LOST_LONG,-0.14109,0.26616,0.27068,0.59496,0.25210,0.48705,1.15656,-1.27127,0.0109,0.790,1.4908,-1.0003,0.0128,0.0107,0.33838,0.29245,0.00,-15.42,153.52,0.0000
34063,LOST_LONG,-0.14109,0.26616,0.27068,0.59496,0.25210,0.48705,1.15656,-1.27127,0.0109,0.790,1.4908,-1.0003,0.0128,0.0107,0.33836,0.29233,0.00,-15.42,147.78,0.0000
34073,LOST_LONG,-0.14109,0.26616,0.27068,0.59496,0.25210,0.48705,1.15656,-1.27127,0.0109,0.790,1.4908,-1.0003,0.0128,0.0107,0.33835,0.29228,0.00,-15.42,152.22,0.0000
34083,LOST_LONG,-0.14109,0.26616,0.27068,0.59496,0.25210,0.48705,1.15656,-1.27127,0.0109,0.790,1.4908,-1.0003,0.0128,0.0107,0.33834,0.29226,0.00,-15.42,143.35,0.0000
34093,LOST_LONG,-0.14109,0.26616,0.27068,0.59496,0.25210,0.48705,1.15656,-1.27127,0.0109,0.790,1.4908,-1.0003,0.0128,0.0107,0.33835,0.29228,0.00,-15.42,153.36,0.0000
34103,LOST_LONG,-0.14109,0.26616,0.27068,0.59496,0.25210,0.48705,1.15656,-1.27127,0.0109,0.790,1.4908,-1.0003,0.0128,0.0107,0.33836,0.29234,0.00,-15.42,149.43,0.0000
34113,LOST_LONG,-0.14109,0.26616,0.27068,0.59496,0.25210,0.48705,1.15656,-1.27127,0.0109,0.790,1.4908,-1.0003,0.0128,0.0107,0.33835,0.29231,0.00,-15.42,150.40,0.0000
34123,LOST_LONG,-0.14109,0.26616,0.27068,0.59496,0.25210,0.48705,1.15656,-1.27127,0.0109,0.790,1.4908,-1.0003,0.0128,0.0107,0.33834,0.29226,0.00,-15.42,152.00,0.0000
34133,LOST_LONG,-0.14109,0.26616,0.27068,0.59496,0.25210,0.48705,1.15656,-1.27127,0.0109,0.790,1.4908,-1.0003,0.0128,0.0107,0.33837,0.29244,0.00,-15.42,153.07,0.0000
34143,LOST_LONG,-0.14109,0.26616,0.27068,0.59496,0.25210,0.48705,1.15656,-1.27127,0.0109,0.790,1.4908,-1.0003,0.0128,0.0107,0.33835,0.29231,0.00,-15.42,153.52,0.0000
34153,LOST_LONG,-0.14109,0.26616,0.27068,0.59496,0.25210,0.48705,1.15656,-1.27127,0.0109,0.790,1.4908,-1.0003,0.0128,0.0107,0.33837,0.29243,0.00,-15.42,151.77,0.0000
34163,LOST_LONG,-0.14109,0.26616,0.27068,0.59496,0.25210,0.48705,1.15656,-1.27127,0.0109,0.790,1.4908,-1.0003,0.0128,0.0107,0.33835,0.29229,0.00,-15.42,153.78,0.0000
34173,LOST_LONG,-0.14109,0.26616,0.27068,0.59496,0.25210,0.48705,1.15656,-1.27127,0.0109,0.790,1.4908,-1.0003,0.0128,0.0107,0.33837,0.29244,0.00,-15.42,152.18,0.0000
34183,LOST_LONG,-0.14109,0.26616,0.27068,0.59496,0.25210,0.48705,1.15656,-1.27127,0.0109,0.790,1.4908,-1.0003,0.0128,0.0107,0.33836,0.29233,0.00,-15.42,147.06,0.0000
34193,LOST_LONG,-0.14109,0.26616,0.27068,0.59496,0.25210,0.48705,1.15656,-1.27127,0.0109,0.790,1.4908,-1.0003,0.0128,0.0107,0.33836,0.29235,0.00,-15.42,150.27,0.0000
34203,LOST_LONG,-0.14109,0.26616,0.27068,0.59496,0.25210,0.48705,1.15656,-1.27127,0.0109,0.790,1.4908,-1.0003,0.0128,0.0107,0.33835,0.29230,0.00,-15.42,150.50,0.0000
34213,LOST_LONG,-0.14109,0.26616,0.27068,0.59496,0.25210,0.48705,1.15656,-1.27127,0.0109,0.790,1.4908,-1.0003,0.0128,0.0107,0.33836,0.29234,0.00,-15.42,148.92,0.0000
34223,LOST_LONG,-0.14109,0.26616,0.27068,0.59496,0.25210,0.48705,1.15656,-1.27127,0.0109,0.790,1.4908,-1.0003,0.0128,0.0107,0.33835,0.29230,0.00,-15.42,151.63,0.0000
34233,LOST_LONG,-0.14109,0.26616,0.27068,0.59496,0.25210,0.48705,1.15656,-1.27127,0.0109,0.790,1.4908,-1.0003,0.0128,0.0107,0.33838,0.29245,0.00,-15.42,151.08,0.0000
34243,LOST_LONG,-0.14109,0.26616,0.27068,0.59496,0.25210,0.48705,1.15656,-1.27127,0.0109,0.790,1.4908,-1.0003,0.0128,0.0107,0.33835,0.29227,0.00,-15.42,145.75,0.0000
34253,LOST_LONG,-0.14109,0.26616,0.27068,0.59496,0.25210,0.48705,1.15656,-1.27127,0.0109,0.790,1.4908,-1.0003,0.0128,0.0107,0.33837,0.29243,0.00,-15.42,154.07,0.0000
34263,LOST_LONG,-0.14109,0.26616,0.27068,0.59496,0.25210,0.48705,1.15656,-1.27127,0.0109,0.790,1.4908,-1.0003,0.0128,0.0107,0.33835,0.29229,0.00,-15.42,150.91,0.0000
34273,LOST_LONG,-0.14109,0.26616,0.27068,0.59496,0.25210,0.48705,1.15656,-1.27127,0.0109,0.790,1.4908,-1.0003,0.0128,0.0107,0.33835,0.29227,0.00,-15.42,155.17,0.0000
34283,LOST_LONG,-0.14109,0.26616,0.27068,0.59496,0.25210,0.48705,1.15656,-1.27127,0.0109,0.790,1.4908,-1.0003,0.0128,0.0107,0.33835,0.29231,0.00,-15.42,151.35,0.0000
34293,LOST_LONG,-0.14109,0.26616,0.27068,0.59496,0.25210,0.48705,1.15656,-1.27127,0.0109,0.790,1.4908,-1.0003,0.0128,0.0107,0.33837,0.29243,0.00,-15.42,150.52,0.0000
34303,LOST_LONG,-0.14109,0.26616,0.27068,0.59496,0.25210,0.48705,1.15656,-1.27127,0.0109,0.790,1.4908,-1.0003,0.0128,0.0107,0.33835,0.29231,0.00,-15.42,148.27,0.0000
